,user_id,item_id,date,timestamp
0,R_0c8VclJcriEXQqZ,SKIN_MOISTURIZER,2018-08-01,1533135600
1,R_12QFQ7lCIls8sRd,ELECTRONIC_CABLE,2018-08-01,1533135600
2,R_1C8w4NDDQC5fcgE,HONEY,2018-08-01,1533135600
3,R_1C9YUFD8GunlGej,ELECTRONIC_CABLE,2018-08-01,1533135600
4,R_1C9YUFD8GunlGej,TOYS_AND_GAMES,2018-08-01,1533135600
5,R_1CDqTWLWIk642Vp,SIM_CARD,2018-08-01,1533135600
6,R_1CrP2yfBldcblJm,PILLOW,2018-08-01,1533135600
7,R_1DJdUrYA1I0QAKh,FABRIC_APPLIQUE_PATCH,2018-08-01,1533135600
8,R_1DJdUrYA1I0QAKh,MINERAL_SUPPLEMENT,2018-08-01,1533135600
9,R_1DJdUrYA1I0QAKh,VITAMIN,2018-08-01,1533135600
10,R_1GVN63HjPpVXPEx,TOY_FIGURE,2018-08-01,1533135600
11,R_1GVN63HjPpVXPEx,TOYS_AND_GAMES,2018-08-01,1533135600
12,R_1Kru2C0Zf28ZbQ0,BATTERY,2018-08-01,1533135600
13,R_1Kru2C0Zf28ZbQ0,SHIRT,2018-08-01,1533135600
14,R_1KxVDxZl2H0XoHS,SKIN_CLEANING_AGENT,2018-08-01,1533135600
15,R_1LMa9REuvUok05j,VEHICLE_WRAP,2018-08-01,1533135600
16,R_1LRR1P5IQqdSvIP,WRITING_INSTRUMENT,2018-08-01,1533135600
17,R_1LRR1P5IQqdSvIP,SHIRT,2018-08-01,1533135600
18,R_1LRR1P5IQqdSvIP,PET_FOOD,2018-08-01,1533135600
19,R_1LRR1P5IQqdSvIP,HEADPHONES,2018-08-01,1533135600
20,R_1LY9mbPmeG2WbfE,SHIRT,2018-08-01,1533135600
21,R_1LY9mbPmeG2WbfE,HAIR_STYLING_AGENT,2018-08-01,1533135600
22,R_1NDq0rxoUSu6oyz,SHOES,2018-08-01,1533135600
23,R_1NDq0rxoUSu6oyz,SHIRT,2018-08-01,1533135600
24,R_1NgAWSeub1pgOGj,ELECTRONIC_CABLE,2018-08-01,1533135600
25,R_1dKBjc0UTA0ZiYb,DRESS,2018-08-01,1533135600
26,R_1dKBjc0UTA0ZiYb,MEDICATION,2018-08-01,1533135600
27,R_1gwL8QZGzhV0g3G,HEADPHONES,2018-08-01,1533135600
28,R_1gwL8QZGzhV0g3G,WHEEL,2018-08-01,1533135600
29,R_1hLPyY3aamfi3xT,SHIRT,2018-08-01,1533135600
30,R_1hLPyY3aamfi3xT,WATER,2018-08-01,1533135600
31,R_1hLPyY3aamfi3xT,PANTS,2018-08-01,1533135600
32,R_1hLPyY3aamfi3xT,SKIN_CLEANING_AGENT,2018-08-01,1533135600
33,R_1hLPyY3aamfi3xT,VITAMIN,2018-08-01,1533135600
34,R_1lAIBWf5Qsww7eT,PICNIC_HOLDER,2018-08-01,1533135600
35,R_1lAIBWf5Qsww7eT,BADGE_HOLDER,2018-08-01,1533135600
36,R_1lfNYOmsEIqOn65,SHOES,2018-08-01,1533135600
37,R_1lfNYOmsEIqOn65,RUG_PAD,2018-08-01,1533135600
38,R_1lp1fif64G1hlWf,SHOES,2018-08-01,1533135600
39,R_1lsgykNxEU4BXTI,PHYSICAL_MOVIE,2018-08-01,1533135600
40,R_1lsgykNxEU4BXTI,BEAUTY,2018-08-01,1533135600
41,R_1mEmb9jWLRYCU4e,RAW_MATERIALS,2018-08-01,1533135600
42,R_1mxX9jjBSLwxiDU,VITAMIN,2018-08-01,1533135600
43,R_1oFSDeGAQcUN2v8,BATTERY,2018-08-01,1533135600
44,R_1oFSDeGAQcUN2v8,SKIN_CLEANING_AGENT,2018-08-01,1533135600
45,R_1obwpb6iowh7vew,DISHWARE_PLACE_SETTING,2018-08-01,1533135600
46,R_1obwpb6iowh7vew,CYCLING_TIRE,2018-08-01,1533135600
47,R_1pu4x2PBb4LrSWk,SNACK_CHIP_AND_CRISP,2018-08-01,1533135600
48,R_1pu6yYPsuymsIIz,HEALTH_PERSONAL_CARE,2018-08-01,1533135600
49,R_1pu6yYPsuymsIIz,ABIS_BOOK,2018-08-01,1533135600
50,R_1pu6yYPsuymsIIz,HEADPHONES,2018-08-01,1533135600
51,R_1pu6yYPsuymsIIz,TRASH_CAN,2018-08-01,1533135600
52,R_1pu6yYPsuymsIIz,SNACK_FOOD_BAR,2018-08-01,1533135600
53,R_1pu6yYPsuymsIIz,PET_FOOD,2018-08-01,1533135600
54,R_1q7AvsyRPpTSWFi,SHOES,2018-08-01,1533135600
55,R_1q7AvsyRPpTSWFi,CAULKS,2018-08-01,1533135600
56,R_1q7GuBNrrAGdxx3,SKIN_CLEANING_AGENT,2018-08-01,1533135600
57,R_1q7GuBNrrAGdxx3,APPAREL,2018-08-01,1533135600
58,R_1q7GuBNrrAGdxx3,PLAY_SLIDE,2018-08-01,1533135600
59,R_1q7GuBNrrAGdxx3,TOYS_AND_GAMES,2018-08-01,1533135600
60,R_1q7GuBNrrAGdxx3,COMPUTER_INPUT_DEVICE,2018-08-01,1533135600
61,R_1q7GuBNrrAGdxx3,BODY_STRAP,2018-08-01,1533135600
62,R_1q7GuBNrrAGdxx3,PHYSICAL_MOVIE,2018-08-01,1533135600
63,R_1q7GuBNrrAGdxx3,PET_FOOD,2018-08-01,1533135600
64,R_1q7GuBNrrAGdxx3,MEDICATION,2018-08-01,1533135600
65,R_1q7GuBNrrAGdxx3,SKIRT,2018-08-01,1533135600
66,R_1q7GuBNrrAGdxx3,UNDERGARMENT_SLIP,2018-08-01,1533135600
67,R_1q7GuBNrrAGdxx3,ELECTRIC_WATER_BOILER,2018-08-01,1533135600
68,R_1q7GuBNrrAGdxx3,DENTAL_FLOSS,2018-08-01,1533135600
69,R_1q7GuBNrrAGdxx3,ANIMAL_INCONTINENCE_PROTECTOR,2018-08-01,1533135600
70,R_1q7GuBNrrAGdxx3,BATTERY,2018-08-01,1533135600
71,R_20S7crqtX9XLeBx,DISHWARE_BOWL,2018-08-01,1533135600
72,R_20Yd9DvrGselmZY,GROCERY,2018-08-01,1533135600
73,R_22AmuBuGI7iFD1n,DISHWARE_PLATE,2018-08-01,1533135600
74,R_22QYpfx86KSwry8,PET_TOY,2018-08-01,1533135600
75,R_22QYpfx86KSwry8,SKIN_TREATMENT_MASK,2018-08-01,1533135600
76,R_22SxELlmhBQCe1C,SHOE_INSERT,2018-08-01,1533135600
77,R_22nS4Bu8Q3B84gf,CELLULAR_PHONE_CASE,2018-08-01,1533135600
78,R_24clqkYBai6m1Xz,WAIST_PACK,2018-08-01,1533135600
79,R_24clqkYBai6m1Xz,ONBOARD_CAMERA,2018-08-01,1533135600
80,R_24clqkYBai6m1Xz,UTILITY_SPONGE,2018-08-01,1533135600
81,R_24dbGLxukEKohG6,DRINK_COASTER,2018-08-01,1533135600
82,R_24dbGLxukEKohG6,TOYS_AND_GAMES,2018-08-01,1533135600
83,R_24dbGLxukEKohG6,ANIMAL_CAGE,2018-08-01,1533135600
84,R_24dbGLxukEKohG6,SCREEN_PROTECTOR,2018-08-01,1533135600
85,R_25SbPPTyE45YzXP,SCREEN_PROTECTOR,2018-08-01,1533135600
86,R_27g6uEEgxm7kwNu,SKIN_CLEANING_AGENT,2018-08-01,1533135600
87,R_28BST1zc80UaP2C,ABIS_BOOK,2018-08-01,1533135600
88,R_28IDNbS8mqpfyKD,VITAMIN,2018-08-01,1533135600
89,R_29uBVByYo0xAXiZ,ABIS_MUSIC,2018-08-01,1533135600
90,R_29uBVByYo0xAXiZ,STORAGE_RACK,2018-08-01,1533135600
91,R_29uBVByYo0xAXiZ,PET_TOY,2018-08-01,1533135600
92,R_29uBVByYo0xAXiZ,TABLECLOTH,2018-08-01,1533135600
93,R_2DSIdH6iUv9yJ8V,HOT_TUB,2018-08-01,1533135600
94,R_2DSIdH6iUv9yJ8V,BLANKET,2018-08-01,1533135600
95,R_2DSIdH6iUv9yJ8V,NUTRITIONAL_SUPPLEMENT,2018-08-01,1533135600
96,R_2DSIdH6iUv9yJ8V,ELECTRONIC_CABLE,2018-08-01,1533135600
97,R_2DSIdH6iUv9yJ8V,HEALTH_PERSONAL_CARE,2018-08-01,1533135600
98,R_2DSIdH6iUv9yJ8V,SKIN_CLEANING_AGENT,2018-08-01,1533135600
99,R_2DSIdH6iUv9yJ8V,PET_SUPPLIES,2018-08-01,1533135600
100,R_2DSIdH6iUv9yJ8V,TOWEL_HOLDER,2018-08-01,1533135600
101,R_2DSIdH6iUv9yJ8V,PET_SUPPLIES,2018-08-01,1533135600
102,R_2QQl58nFfrZayxf,TRAMPOLINE,2018-08-01,1533135600
103,R_2Qu0fgUOnDpaKDH,OFFICE_PRODUCTS,2018-08-01,1533135600
104,R_2Qu0fgUOnDpaKDH,ABIS_BOOK,2018-08-01,1533135600
105,R_2Qu0fgUOnDpaKDH,SWIMWEAR,2018-08-01,1533135600
106,R_2Qu0fgUOnDpaKDH,TOY_SLIME,2018-08-01,1533135600
107,R_2UctLzmpg4UJRZu,MARKING_PEN,2018-08-01,1533135600
108,R_2VaWg2jhtCG6zmh,WIND_SPINNER,2018-08-01,1533135600
109,R_2VaWg2jhtCG6zmh,POWER_BANK,2018-08-01,1533135600
110,R_2Xj7LtCe2Mt8jNi,ELECTRONIC_CABLE,2018-08-01,1533135600
111,R_2Xj7LtCe2Mt8jNi,ABIS_BOOK,2018-08-01,1533135600
112,R_2Xj7LtCe2Mt8jNi,HEADPHONES,2018-08-01,1533135600
113,R_2Xj7LtCe2Mt8jNi,BATTERY,2018-08-01,1533135600
114,R_2Xj7LtCe2Mt8jNi,STRING_TRIMMER,2018-08-01,1533135600
115,R_2Xj7LtCe2Mt8jNi,PANTS,2018-08-01,1533135600
116,R_2Xj7LtCe2Mt8jNi,DIE_CUT_MACHINE,2018-08-01,1533135600
117,R_2Xj7LtCe2Mt8jNi,LEAF_BLOWER,2018-08-01,1533135600
118,R_2Xj7LtCe2Mt8jNi,PHYSICAL_MOVIE,2018-08-01,1533135600
119,R_2Xj7LtCe2Mt8jNi,SHIN_GUARD,2018-08-01,1533135600
120,R_2Xj7LtCe2Mt8jNi,PANTS,2018-08-01,1533135600
121,R_2Xj7LtCe2Mt8jNi,APPAREL_BELT,2018-08-01,1533135600
122,R_2Xj7LtCe2Mt8jNi,LEAF_BLOWER,2018-08-01,1533135600
123,R_2Xj7LtCe2Mt8jNi,SHIRT,2018-08-01,1533135600
124,R_2Xj7LtCe2Mt8jNi,SKIN_MOISTURIZER,2018-08-01,1533135600
125,R_2Xj7LtCe2Mt8jNi,GROCERY,2018-08-01,1533135600
126,R_2Xj7LtCe2Mt8jNi,CELLULAR_PHONE_CASE,2018-08-01,1533135600
127,R_2Xj7LtCe2Mt8jNi,TOYS_AND_GAMES,2018-08-01,1533135600
128,R_2Xj7LtCe2Mt8jNi,TABLETOP_GAME,2018-08-01,1533135600
129,R_2Xj7LtCe2Mt8jNi,BATTERY,2018-08-01,1533135600
130,R_2Xj7LtCe2Mt8jNi,SHOES,2018-08-01,1533135600
131,R_2XoI6KbLJRGFz5X,VITAMIN,2018-08-01,1533135600
132,R_2XoI6KbLJRGFz5X,GUILD_HOME,2018-08-01,1533135600
133,R_2XoI6KbLJRGFz5X,TOYS_AND_GAMES,2018-08-01,1533135600
134,R_2XoI6KbLJRGFz5X,GROCERY,2018-08-01,1533135600
135,R_2XoI6KbLJRGFz5X,PAPER_SHREDDER,2018-08-01,1533135600
136,R_2ary1I4SkdMpWws,INSTRUMENT_PARTS_AND_ACCESSORIES,2018-08-01,1533135600
137,R_2cvmrv8q51q8yh1,HEALTH_PERSONAL_CARE,2018-08-01,1533135600
138,R_2cvmrv8q51q8yh1,NUTRITIONAL_SUPPLEMENT,2018-08-01,1533135600
139,R_2dMef2oXr2I6RKU,HEADPHONES,2018-08-01,1533135600
140,R_2dvh9tu7PLPeipE,GROCERY,2018-08-01,1533135600
141,R_2ebzj3o225IisIQ,SWING,2018-08-01,1533135600
142,R_2ebzj3o225IisIQ,FITNESS_STEPPER,2018-08-01,1533135600
143,R_2f7MFUqYnEv92pF,TEA,2018-08-01,1533135600
144,R_2mAJniG0xVBIInL,ABIS_GIFT_CARD,2018-08-01,1533135600
145,R_2mAJniG0xVBIInL,TOYS_AND_GAMES,2018-08-01,1533135600
146,R_2pK2zZBvbieDcxb,ELECTRONIC_CABLE,2018-08-01,1533135600
147,R_2pK2zZBvbieDcxb,SKIN_MOISTURIZER,2018-08-01,1533135600
148,R_2pK2zZBvbieDcxb,ICE_CHEST,2018-08-01,1533135600
149,R_2pK2zZBvbieDcxb,VEHICLE_ACCENT_LIGHT,2018-08-01,1533135600
150,R_2qjAN1lyLAdAxT2,SKIN_MOISTURIZER,2018-08-01,1533135600
151,R_2qjAN1lyLAdAxT2,HANDRAIL,2018-08-01,1533135600
152,R_2qjAN1lyLAdAxT2,PHYSICAL_MOVIE,2018-08-01,1533135600
153,R_2qjAN1lyLAdAxT2,LIGHT_BOX,2018-08-01,1533135600
154,R_2r7Zl5CTeW1dMqd,SCREEN_PROTECTOR,2018-08-01,1533135600
155,R_2r7Zl5CTeW1dMqd,JUMP_ROPE,2018-08-01,1533135600
156,R_2s5OzoDX56gIWr0,MEDICATION,2018-08-01,1533135600
157,R_2uZDxTZAORBIW1o,BONDING_ADHESIVES,2018-08-01,1533135600
158,R_2uZDxTZAORBIW1o,NUTRITIONAL_SUPPLEMENT,2018-08-01,1533135600
159,R_2ugDyrE1yi1FjvH,WATER,2018-08-01,1533135600
160,R_2wFa9HKdZRkx33l,UTILITY_KNIFE,2018-08-01,1533135600
161,R_2wFa9HKdZRkx33l,SOAP_DISH,2018-08-01,1533135600
162,R_2wFa9HKdZRkx33l,SHIRT,2018-08-01,1533135600
163,R_2wFa9HKdZRkx33l,ABIS_BOOK,2018-08-01,1533135600
164,R_2wFa9HKdZRkx33l,PET_FOOD,2018-08-01,1533135600
165,R_2wFa9HKdZRkx33l,SCREEN_PROTECTOR,2018-08-01,1533135600
166,R_2wFa9HKdZRkx33l,ANIMAL_HARNESS,2018-08-01,1533135600
167,R_2wFa9HKdZRkx33l,SCREEN_PROTECTOR,2018-08-01,1533135600
168,R_2wtVmKidhQR0wju,SCREEN_PROTECTOR,2018-08-01,1533135600
169,R_2wtVmKidhQR0wju,KEYCHAIN,2018-08-01,1533135600
170,R_2wtVmKidhQR0wju,CELLULAR_PHONE_CASE,2018-08-01,1533135600
171,R_2wtVmKidhQR0wju,COOKIE,2018-08-01,1533135600
172,R_2wtVmKidhQR0wju,PRODUCT,2018-08-01,1533135600
173,R_2wzatCV9Z18xLF2,SHOES,2018-08-01,1533135600
174,R_2xLvxRKX2448l9k,MAKEUP_PRIMER,2018-08-01,1533135600
175,R_2xLvxRKX2448l9k,CELLULAR_PHONE_CASE,2018-08-01,1533135600
176,R_31n2MLk9w05iLzN,RING,2018-08-01,1533135600
177,R_32Mm71oAJq2K9XK,NUTRITIONAL_SUPPLEMENT,2018-08-01,1533135600
178,R_32Mm71oAJq2K9XK,ABIS_BOOK,2018-08-01,1533135600
179,R_32Mm71oAJq2K9XK,PET_FOOD,2018-08-01,1533135600
180,R_32Mm71oAJq2K9XK,KICK_SCOOTER,2018-08-01,1533135600
181,R_32Mm71oAJq2K9XK,SKIN_SERUM,2018-08-01,1533135600
182,R_3EsdYJiok38Qvto,SKIN_CLEANING_AGENT,2018-08-01,1533135600
183,R_3EsdYJiok38Qvto,BAKEWARE_SET,2018-08-01,1533135600
184,R_3EsdYJiok38Qvto,SKIN_CLEANING_AGENT,2018-08-01,1533135600
185,R_3G1gYo1d23Zq8Np,PET_FOOD,2018-08-01,1533135600
186,R_3G1gYo1d23Zq8Np,GROCERY,2018-08-01,1533135600
187,R_3G1gYo1d23Zq8Np,PET_FOOD,2018-08-01,1533135600
188,R_3G1gYo1d23Zq8Np,ELECTRONIC_CABLE,2018-08-01,1533135600
189,R_3G1gYo1d23Zq8Np,HEALTH_PERSONAL_CARE,2018-08-01,1533135600
190,R_3G1gYo1d23Zq8Np,GROCERY,2018-08-01,1533135600
191,R_3GiSNq0yPsXSvhf,LIP_BALM,2018-08-01,1533135600
192,R_3GiSNq0yPsXSvhf,MARKING_PEN,2018-08-01,1533135600
193,R_3GiSNq0yPsXSvhf,ELECTRONIC_CABLE,2018-08-01,1533135600
194,R_3GiSNq0yPsXSvhf,BLANK_BOOK,2018-08-01,1533135600
195,R_3GiSNq0yPsXSvhf,NUTRITIONAL_SUPPLEMENT,2018-08-01,1533135600
196,R_3GiSNq0yPsXSvhf,LAMP,2018-08-01,1533135600
197,R_3HAk4tN4hE1Arcm,GROCERY,2018-08-01,1533135600
198,R_3HvPXLfubbb9a6G,VEHICLE_SAFETY_CAMERA,2018-08-01,1533135600
199,R_3JJfhp7Z7vUO8K2,HEALTH_PERSONAL_CARE,2018-08-01,1533135600
200,R_3JJfhp7Z7vUO8K2,TABLETOP_GAME,2018-08-01,1533135600
201,R_3KpaTa6zCZitiZG,BATHWATER_ADDITIVE,2018-08-01,1533135600
202,R_3KpaTa6zCZitiZG,SCARF,2018-08-01,1533135600
203,R_3KpaTa6zCZitiZG,SWIMWEAR,2018-08-01,1533135600
204,R_3KpaTa6zCZitiZG,BATTERY,2018-08-01,1533135600
205,R_3M0euO2kPnoHrdt,SKIN_CLEANING_AGENT,2018-08-01,1533135600
206,R_3M0euO2kPnoHrdt,PANTS,2018-08-01,1533135600
207,R_3M4EntiuPSB1ZJO,WIRELESS_AUDIO_ADAPTER,2018-08-01,1533135600
208,R_3NwT1ZQQBtYqBaM,RAZOR_BLADE_CARTRIDGE,2018-08-01,1533135600
209,R_3NwT1ZQQBtYqBaM,CELLULAR_PHONE_CASE,2018-08-01,1533135600
210,R_3ebnP0qUIQ7u38i,FURNITURE_LINER,2018-08-01,1533135600
211,R_3ebnP0qUIQ7u38i,HEADPHONES,2018-08-01,1533135600
212,R_3ebnP0qUIQ7u38i,MEDICATION,2018-08-01,1533135600
213,R_3ebnP0qUIQ7u38i,SNACK_FOOD_BAR,2018-08-01,1533135600
214,R_3ebnP0qUIQ7u38i,SCREEN_PROTECTOR,2018-08-01,1533135600
215,R_3enuyEOsaEVxTNX,TOYS_AND_GAMES,2018-08-01,1533135600
216,R_3enuyEOsaEVxTNX,POWER_BANK,2018-08-01,1533135600
217,R_3enuyEOsaEVxTNX,CELLULAR_PHONE_CASE,2018-08-01,1533135600
218,R_3hAWVPrKOvOzR1e,HEALTH_PERSONAL_CARE,2018-08-01,1533135600
219,R_3ik7mYg7wgFsyfj,ANIMAL_INCONTINENCE_PROTECTOR,2018-08-01,1533135600
220,R_3ik7mYg7wgFsyfj,STORAGE_HOOK,2018-08-01,1533135600
221,R_3ik7mYg7wgFsyfj,SHOES,2018-08-01,1533135600
222,R_3ik7mYg7wgFsyfj,SWEATSHIRT,2018-08-01,1533135600
223,R_3ik7mYg7wgFsyfj,SKIN_CLEANING_AGENT,2018-08-01,1533135600
224,R_3ik7mYg7wgFsyfj,HEALTH_PERSONAL_CARE,2018-08-01,1533135600
225,R_3ixUxNOUiEYD7KJ,PAPER_PRODUCT,2018-08-01,1533135600
226,R_3ixUxNOUiEYD7KJ,FACE_SHAPING_MAKEUP,2018-08-01,1533135600
227,R_3mm166mlwrLpf6y,PLANT_SEED,2018-08-01,1533135600
228,R_3mm166mlwrLpf6y,GROCERY,2018-08-01,1533135600
229,R_3mm166mlwrLpf6y,ELECTRONIC_CABLE,2018-08-01,1533135600
230,R_3mm166mlwrLpf6y,PRESSURE_WASHER,2018-08-01,1533135600
231,R_3mm166mlwrLpf6y,SPEAKERS,2018-08-01,1533135600
232,R_3n5zOvmozURNzXz,PET_FOOD,2018-08-01,1533135600
233,R_3n5zOvmozURNzXz,ABIS_BOOK,2018-08-01,1533135600
234,R_3n5zOvmozURNzXz,GROCERY,2018-08-01,1533135600
235,R_3n5zOvmozURNzXz,SKIN_CLEANING_AGENT,2018-08-01,1533135600
236,R_3n5zOvmozURNzXz,CLOCK,2018-08-01,1533135600
237,R_3n5zOvmozURNzXz,SPARK_PLUG,2018-08-01,1533135600
238,R_3n5zOvmozURNzXz,SHIRT,2018-08-01,1533135600
239,R_3n5zOvmozURNzXz,PANTS,2018-08-01,1533135600
240,R_3n5zOvmozURNzXz,SHIRT,2018-08-01,1533135600
241,R_3n5zOvmozURNzXz,TOYS_AND_GAMES,2018-08-01,1533135600
242,R_3ncO2Ifjpbb1Y4G,HAIR_IRON,2018-08-01,1533135600
243,R_3qrqbddZ7eR9KW8,ELECTRONIC_CABLE,2018-08-01,1533135600
244,R_4ONrU60VenuwARr,NUTRITIONAL_SUPPLEMENT,2018-08-01,1533135600
245,R_6Jw0sPgGkHLnKkp,ITEM_CONTAINER,2018-08-01,1533135600
246,R_6Y8B3R1iIUjRAXv,ELECTRONIC_CABLE,2018-08-01,1533135600
247,R_8pMsG4P0RqzoSlz,HARDWARE_TUBING,2018-08-01,1533135600
248,R_8vnpSkm79W7Jsv7,COUNTERTOP_BURNER,2018-08-01,1533135600
249,R_8vnpSkm79W7Jsv7,ANIMAL_WATER_DISPENSER,2018-08-01,1533135600
250,R_AEBbAiW2xdXI2at,CANNED_AIR,2018-08-01,1533135600
251,R_BWhnv4EdbhSS6rf,SHELF,2018-08-01,1533135600
252,R_BWhnv4EdbhSS6rf,ABIS_BOOK,2018-08-01,1533135600
253,R_O9FzIlCvCxllJSN,YO_YO,2018-08-01,1533135600
254,R_O9FzIlCvCxllJSN,YO_YO,2018-08-01,1533135600
255,R_O9FzIlCvCxllJSN,ABIS_BOOK,2018-08-01,1533135600
256,R_O9FzIlCvCxllJSN,SCREEN_PROTECTOR,2018-08-01,1533135600
257,R_O9FzIlCvCxllJSN,BATTERY,2018-08-01,1533135600
258,R_PwlnzzccUMXV0n7,SKIN_MOISTURIZER,2018-08-01,1533135600
259,R_Q6WPHvxgbOBjvZ7,SHOES,2018-08-01,1533135600
260,R_SVHcBOlErkMEJjP,ANIMAL_INCONTINENCE_PROTECTOR,2018-08-01,1533135600
261,R_SVHcBOlErkMEJjP,VITAMIN,2018-08-01,1533135600
262,R_Xt4H8BJ1Vx7ws8h,DISH_DRYING_MAT,2018-08-01,1533135600
263,R_XuCuybjxPer1OeJ,HEALTH_PERSONAL_CARE,2018-08-01,1533135600
264,R_XwiCirQyfwJzVtv,SHOES,2018-08-01,1533135600
265,R_Y3PPLmdNg6NnwZz,SHIRT,2018-08-01,1533135600
266,R_bkquoGQp5VhpihP,ELECTRONIC_CABLE,2018-08-01,1533135600
267,R_cAcAtozIWnZIbGp,PROTECTIVE_GLOVE,2018-08-01,1533135600
268,R_cAcAtozIWnZIbGp,PANTS,2018-08-01,1533135600
269,R_cCucjmijTJETC6d,VITAMIN,2018-08-01,1533135600
270,R_etgq3mVPgoz8CyZ,SHIRT,2018-08-01,1533135600
271,R_etgq3mVPgoz8CyZ,HYDRATION_PACK,2018-08-01,1533135600
272,R_etgq3mVPgoz8CyZ,GARLAND,2018-08-01,1533135600
273,R_pMnqpu31myYoxy1,ABIS_BOOK,2018-08-01,1533135600
274,R_pMnqpu31myYoxy1,TEA,2018-08-01,1533135600
275,R_pMnqpu31myYoxy1,WRITING_INSTRUMENT,2018-08-01,1533135600
276,R_pMnqpu31myYoxy1,TRACK_SUIT,2018-08-01,1533135600
277,R_pMnqpu31myYoxy1,THERAPEUTIC_THERMAL_COMPRESS,2018-08-01,1533135600
278,R_r3IM83Ecq7eY7QJ,BATTERY,2018-08-01,1533135600
279,R_r3IM83Ecq7eY7QJ,FITNESS_BENCH,2018-08-01,1533135600
280,R_r3IM83Ecq7eY7QJ,SHOES,2018-08-01,1533135600
281,R_r3IM83Ecq7eY7QJ,NETWORK_INTERFACE_CONTROLLER_ADAPTER,2018-08-01,1533135600
282,R_snaR9M3EsTpcPi9,HAT,2018-08-01,1533135600
283,R_tFf2GViNMUolxaV,TOWEL_HOLDER,2018-08-01,1533135600
284,R_u2EdYogSnJBrpex,MEMORY_CARD_READER,2018-08-01,1533135600
285,R_u2EdYogSnJBrpex,WASTE_BAG,2018-08-01,1533135600
286,R_w5JAqptOytTan4J,MECHANICAL_FASTENERS,2018-08-01,1533135600
287,R_w5JAqptOytTan4J,SCREWDRIVER,2018-08-01,1533135600
288,R_x0hVvTTXGQY9FRf,PANTS,2018-08-01,1533135600
289,R_x969WzGgXuE1CuJ,SMALL_HOME_APPLIANCES,2018-08-01,1533135600
290,R_x969WzGgXuE1CuJ,NUTRITIONAL_SUPPLEMENT,2018-08-01,1533135600
291,R_xGwDp6qu8JCFdIJ,IRON_ON_TRANSFER_DESIGN,2018-08-01,1533135600
292,R_xGwDp6qu8JCFdIJ,BICYCLE_TRAINER,2018-08-01,1533135600
293,R_xrrF4kkA2JEG6OZ,PAPER_TOWEL,2018-08-01,1533135600
294,R_xrrF4kkA2JEG6OZ,ABIS_BOOK,2018-08-01,1533135600
295,R_xrrF4kkA2JEG6OZ,PAPER_TOWEL,2018-08-01,1533135600
296,R_yrLrYUf4oFzOnjb,SHIRT,2018-08-01,1533135600
297,R_zfnsck2ZatnGtY5,SHOE_ACCESSORY,2018-08-01,1533135600
298,R_0wCTiXC54rMN0J3,PORTABLE_FREESTANDING_SHELTER,2018-08-02,1533222000
299,R_0wCTiXC54rMN0J3,FOOTREST,2018-08-02,1533222000
300,R_0wCTiXC54rMN0J3,ELECTRONIC_CABLE,2018-08-02,1533222000
301,R_0wCTiXC54rMN0J3,INSECT_REPELLENT,2018-08-02,1533222000
302,R_128UcvT7YzJpnZv,ABIS_BOOK,2018-08-02,1533222000
303,R_1C4nKyrv0w2thJn,MEDICATION,2018-08-02,1533222000
304,R_1C4nKyrv0w2thJn,VITAMIN,2018-08-02,1533222000
305,R_1C4nKyrv0w2thJn,EXERCISE_MAT,2018-08-02,1533222000
306,R_1C4tcyEfmcsKI9X,ELECTRONIC_CABLE,2018-08-02,1533222000
307,R_1C4tcyEfmcsKI9X,SKIN_CLEANING_AGENT,2018-08-02,1533222000
308,R_1C8w4NDDQC5fcgE,CANDLE,2018-08-02,1533222000
309,R_1DOwHkGiX8DX7mF,ABIS_BOOK,2018-08-02,1533222000
310,R_1DOwHkGiX8DX7mF,SCREEN_PROTECTOR,2018-08-02,1533222000
311,R_1DOwHkGiX8DX7mF,BATTERY,2018-08-02,1533222000
312,R_1DOwHkGiX8DX7mF,HEALTH_PERSONAL_CARE,2018-08-02,1533222000
313,R_1DYWdbAMt6LyCZH,PET_FOOD,2018-08-02,1533222000
314,R_1E3TJBNJVtr3tcD,MEDICATION,2018-08-02,1533222000
315,R_1E3TJBNJVtr3tcD,ENGINE_AIR_FILTER,2018-08-02,1533222000
316,R_1FJHvQm83j8lK35,HARDWARE,2018-08-02,1533222000
317,R_1FJHvQm83j8lK35,BISS,2018-08-02,1533222000
318,R_1FJHvQm83j8lK35,HARDWARE,2018-08-02,1533222000
319,R_1GghoTNZdgUeySl,VIDEO_GAME_CONTROLLER,2018-08-02,1533222000
320,R_1GghoTNZdgUeySl,VIDEO_GAME_ACCESSORIES,2018-08-02,1533222000
321,R_1KxVDxZl2H0XoHS,COOKIE_CUTTER,2018-08-02,1533222000
322,R_1KxVDxZl2H0XoHS,UNDERPANTS,2018-08-02,1533222000
323,R_1KxVDxZl2H0XoHS,PROJECTION_SCREEN,2018-08-02,1533222000
324,R_1NCzj2eSHI4QGcd,PANTS,2018-08-02,1533222000
325,R_1NCzj2eSHI4QGcd,ICE_CUBE_TRAY,2018-08-02,1533222000
326,R_1NCzj2eSHI4QGcd,SHIRT,2018-08-02,1533222000
327,R_1Oov0G05pkQnKNn,HOLE_PUNCH,2018-08-02,1533222000
328,R_1Oov0G05pkQnKNn,SHIRT,2018-08-02,1533222000
329,R_1Oov0G05pkQnKNn,INCONTINENCE_PROTECTOR,2018-08-02,1533222000
330,R_1Oov0G05pkQnKNn,TOYS_AND_GAMES,2018-08-02,1533222000
331,R_1Oov0G05pkQnKNn,SKIN_MOISTURIZER,2018-08-02,1533222000
332,R_1Oov0G05pkQnKNn,SPORTING_GOODS,2018-08-02,1533222000
333,R_1Oov0G05pkQnKNn,PRETZEL,2018-08-02,1533222000
334,R_1Oov0G05pkQnKNn,MATTRESS_COVER,2018-08-02,1533222000
335,R_1Q9JeeKncbbLcz0,SHIRT,2018-08-02,1533222000
336,R_1Q9JeeKncbbLcz0,SNACK_FOOD_BAR,2018-08-02,1533222000
337,R_1QutEVkZz69QFR7,HEADPHONES,2018-08-02,1533222000
338,R_1QutEVkZz69QFR7,SHIRT,2018-08-02,1533222000
339,R_1dKBjc0UTA0ZiYb,SHIRT,2018-08-02,1533222000
340,R_1dlSByn2AyHWx7r,PANTS,2018-08-02,1533222000
341,R_1dlSByn2AyHWx7r,NUTRITIONAL_SUPPLEMENT,2018-08-02,1533222000
342,R_1dyqbVnXomwItTl,PHYSICAL_MOVIE,2018-08-02,1533222000
343,R_1escXXhyvAgsBYq,ABIS_BOOK,2018-08-02,1533222000
344,R_1gU6N4NRSwc9ONd,PET_FOOD,2018-08-02,1533222000
345,R_1l6OglubZSTYfi3,ABRASIVE_WHEELS,2018-08-02,1533222000
346,R_1lp1fif64G1hlWf,CONDOM,2018-08-02,1533222000
347,R_1oFSDeGAQcUN2v8,HEALTH_PERSONAL_CARE,2018-08-02,1533222000
348,R_1ouRfsTlr2iWPge,PUMP_DISPENSER,2018-08-02,1533222000
349,R_1ps5hYxMGQuqcuP,SUITCASE,2018-08-02,1533222000
350,R_1q4eVtHN10S5gPB,BACKPACK,2018-08-02,1533222000
351,R_20ON9TjJWV64IZO,SHOES,2018-08-02,1533222000
352,R_20Z3XrmdVrFDp3r,CELLULAR_PHONE_CASE,2018-08-02,1533222000
353,R_22Gj4pgXDsezuKw,NUTRITIONAL_SUPPLEMENT,2018-08-02,1533222000
354,R_22XOWVbIo1lxpmy,NETWORK_SWITCH,2018-08-02,1533222000
355,R_22XOWVbIo1lxpmy,BEAUTY,2018-08-02,1533222000
356,R_23ThXRxY2BTPyy5,DRESS,2018-08-02,1533222000
357,R_24MKoSmvuiLEI76,SAFETY_GLASSES,2018-08-02,1533222000
358,R_27DL80quzRiSEmq,UTILITY_SPONGE,2018-08-02,1533222000
359,R_27lE2A8TyANjHWE,GUN_SUPPORT,2018-08-02,1533222000
360,R_2ASz0xBmcxqYzUJ,PHYSICAL_MOVIE,2018-08-02,1533222000
361,R_2ASz0xBmcxqYzUJ,VEHICLE_BRAKE_PAD,2018-08-02,1533222000
362,R_2ASz0xBmcxqYzUJ,PET_FOOD,2018-08-02,1533222000
363,R_2ASz0xBmcxqYzUJ,SOFA,2018-08-02,1533222000
364,R_2ASz0xBmcxqYzUJ,ABIS_BOOK,2018-08-02,1533222000
365,R_2DSIdH6iUv9yJ8V,POTABLE_WATER_FILTER,2018-08-02,1533222000
366,R_2DSmjafbkSAict9,LOCK,2018-08-02,1533222000
367,R_2DSmjafbkSAict9,SHOES,2018-08-02,1533222000
368,R_2DSmjafbkSAict9,GROCERY,2018-08-02,1533222000
369,R_2EgloEvdjU98Rhc,SUNSCREEN,2018-08-02,1533222000
370,R_2EgloEvdjU98Rhc,INDUSTRIAL_CASTERS,2018-08-02,1533222000
371,R_2EgloEvdjU98Rhc,SAUCE,2018-08-02,1533222000
372,R_2EgloEvdjU98Rhc,BLOOD_PRESSURE_MONITOR,2018-08-02,1533222000
373,R_2EgloEvdjU98Rhc,TIGHTS,2018-08-02,1533222000
374,R_2EgloEvdjU98Rhc,INDUSTRIAL_CASTERS,2018-08-02,1533222000
375,R_2EgloEvdjU98Rhc,COFFEE_MAKER,2018-08-02,1533222000
376,R_2EgloEvdjU98Rhc,PET_FOOD,2018-08-02,1533222000
377,R_2EgloEvdjU98Rhc,HANDBAG,2018-08-02,1533222000
378,R_2QswpKsGnL3NBXE,DRESS,2018-08-02,1533222000
379,R_2SksQStmmNpRaiB,MATTRESS_COVER,2018-08-02,1533222000
380,R_2SowakeS8ZQebAD,HAIR_STYLING_AGENT,2018-08-02,1533222000
381,R_2SowakeS8ZQebAD,ELECTRONIC_DEVICE_COOLING_PAD,2018-08-02,1533222000
382,R_2SowakeS8ZQebAD,ROLLING_PAPER,2018-08-02,1533222000
383,R_2SowakeS8ZQebAD,BODY_PAINT,2018-08-02,1533222000
384,R_2SowakeS8ZQebAD,FALSE_NAIL,2018-08-02,1533222000
385,R_2SowakeS8ZQebAD,PHYSICAL_MOVIE,2018-08-02,1533222000
386,R_2VyUSFk11bbTVej,FOOD_GLITTER_SPRINKLE,2018-08-02,1533222000
387,R_2Xj7LtCe2Mt8jNi,CRAFT_WOOD,2018-08-02,1533222000
388,R_2XoI6KbLJRGFz5X,HAIR_STYLING_AGENT,2018-08-02,1533222000
389,R_2XoI6KbLJRGFz5X,SHORTS,2018-08-02,1533222000
390,R_2XoI6KbLJRGFz5X,ELECTRONIC_CABLE,2018-08-02,1533222000
391,R_2XoI6KbLJRGFz5X,SHIRT,2018-08-02,1533222000
392,R_2XoI6KbLJRGFz5X,ELECTRONIC_CABLE,2018-08-02,1533222000
393,R_2XoI6KbLJRGFz5X,VITAMIN,2018-08-02,1533222000
394,R_2XoI6KbLJRGFz5X,UTILITY_JACK,2018-08-02,1533222000
395,R_2XoI6KbLJRGFz5X,HEALTH_PERSONAL_CARE,2018-08-02,1533222000
396,R_2XoI6KbLJRGFz5X,VITAMIN,2018-08-02,1533222000
397,R_2XoI6KbLJRGFz5X,HAIR_STYLING_AGENT,2018-08-02,1533222000
398,R_2YJLVqCGAyLiODQ,TOYS_AND_GAMES,2018-08-02,1533222000
399,R_2ZEoREY3x7s7zEM,SKIN_TREATMENT_MASK,2018-08-02,1533222000
400,R_2b1XOZR0PYTA1jX,PERSONAL_PILL_DISPENSER,2018-08-02,1533222000
401,R_2fJTjhPhMdpNQLO,ADHESIVES_AND_SEALANTS,2018-08-02,1533222000
402,R_2pK2zZBvbieDcxb,GROCERY,2018-08-02,1533222000
403,R_2pK2zZBvbieDcxb,DIGITAL_DEVICE_3,2018-08-02,1533222000
404,R_2rIQ3xPfAH7KF8A,SKIN_MOISTURIZER,2018-08-02,1533222000
405,R_2uTysluImvxkQBY,ELECTRONIC_ADAPTER,2018-08-02,1533222000
406,R_2vkMWH10xWp7o9s,TOYS_AND_GAMES,2018-08-02,1533222000
407,R_2vkMWH10xWp7o9s,MUFFLER,2018-08-02,1533222000
408,R_2vkMWH10xWp7o9s,ABIS_BOOK,2018-08-02,1533222000
409,R_2wmCdm6ETy6g3k0,SHIRT,2018-08-02,1533222000
410,R_2wmCdm6ETy6g3k0,SKIN_MOISTURIZER,2018-08-02,1533222000
411,R_2wmCdm6ETy6g3k0,VITAMIN,2018-08-02,1533222000
412,R_2wzatCV9Z18xLF2,3D_PRINTER,2018-08-02,1533222000
413,R_31SNC0DcyjBDcq3,SHADE_SAIL,2018-08-02,1533222000
414,R_31SNC0DcyjBDcq3,HEADPHONES,2018-08-02,1533222000
415,R_31SNC0DcyjBDcq3,VITAMIN,2018-08-02,1533222000
416,R_31SNC0DcyjBDcq3,COORDINATED_OUTFIT,2018-08-02,1533222000
417,R_325wPQDFbzpv3zZ,PANTS,2018-08-02,1533222000
418,R_32LAHRoBCbjkYZj,SKIN_CLEANING_AGENT,2018-08-02,1533222000
419,R_32LAHRoBCbjkYZj,NECKTIE,2018-08-02,1533222000
420,R_32LAHRoBCbjkYZj,AUTO_BATTERY,2018-08-02,1533222000
421,R_32UZncFA03IrQwQ,HEADPHONES,2018-08-02,1533222000
422,R_32UZncFA03IrQwQ,CELLULAR_PHONE_CASE,2018-08-02,1533222000
423,R_32UZncFA03IrQwQ,ELECTRONIC_CABLE,2018-08-02,1533222000
424,R_32UZncFA03IrQwQ,CURTAIN_FASTENER,2018-08-02,1533222000
425,R_32UZncFA03IrQwQ,GROCERY,2018-08-02,1533222000
426,R_32UZncFA03IrQwQ,NUTRITIONAL_SUPPLEMENT,2018-08-02,1533222000
427,R_32UZncFA03IrQwQ,SNACK_FOOD_BAR,2018-08-02,1533222000
428,R_32UZncFA03IrQwQ,CURTAIN,2018-08-02,1533222000
429,R_32UZncFA03IrQwQ,SPEAKERS,2018-08-02,1533222000
430,R_338AsE7QedeQ72w,SLIPPER,2018-08-02,1533222000
431,R_338AsE7QedeQ72w,VITAMIN,2018-08-02,1533222000
432,R_39HhVszlqdawZPP,GROCERY,2018-08-02,1533222000
433,R_39HhVszlqdawZPP,PET_SUPPLIES,2018-08-02,1533222000
434,R_39HhVszlqdawZPP,MEDICATION,2018-08-02,1533222000
435,R_3D7xJuXSy25PXbg,STRENGTH_TRAINING_MACHINE,2018-08-02,1533222000
436,R_3GBSX5xvcH0uSyx,SOLDERING_STATION,2018-08-02,1533222000
437,R_3GBSX5xvcH0uSyx,SKIN_MOISTURIZER,2018-08-02,1533222000
438,R_3GBSX5xvcH0uSyx,SKIN_MOISTURIZER,2018-08-02,1533222000
439,R_3GBSX5xvcH0uSyx,PHYSICAL_MOVIE,2018-08-02,1533222000
440,R_3HLKIA2u3ZnY9lM,NUTRITIONAL_SUPPLEMENT,2018-08-02,1533222000
441,R_3HLKIA2u3ZnY9lM,PANTS,2018-08-02,1533222000
442,R_3HLKIA2u3ZnY9lM,ORTHOPEDIC_BRACE,2018-08-02,1533222000
443,R_3HigTq4itishziE,PET_SUPPLIES,2018-08-02,1533222000
444,R_3HigTq4itishziE,ELECTRONIC_CABLE,2018-08-02,1533222000
445,R_3HigTq4itishziE,BATTERY,2018-08-02,1533222000
446,R_3IQQB0Dtvv9riqZ,PROFESSIONAL_HEALTHCARE,2018-08-02,1533222000
447,R_3JnjKsPAuFGDhrx,VIDEO_GAME_ACCESSORIES,2018-08-02,1533222000
448,R_3L20DbmNPSMtKUd,PULL_UP_BAR,2018-08-02,1533222000
449,R_3LXRVZSdJiqH63S,STRING_LIGHT,2018-08-02,1533222000
450,R_3MhBAq6V6XHU9ln,CLEANING_AGENT,2018-08-02,1533222000
451,R_3MhBAq6V6XHU9ln,SCISSORS,2018-08-02,1533222000
452,R_3MhBAq6V6XHU9ln,PILLOWCASE,2018-08-02,1533222000
453,R_3MhBAq6V6XHU9ln,INCENSE_HOLDER,2018-08-02,1533222000
454,R_3MhBAq6V6XHU9ln,UTILITY_JACK,2018-08-02,1533222000
455,R_3MhBAq6V6XHU9ln,STROLLER_PROTECTION_SHIELD,2018-08-02,1533222000
456,R_3MyEdXOZ8P75S1V,PHYSICAL_MOVIE,2018-08-02,1533222000
457,R_3P4QthjwwxEaV1m,ELECTRONIC_CABLE,2018-08-02,1533222000
458,R_3QE72T2NXn4ninT,BLOOD_PRESSURE_MONITOR,2018-08-02,1533222000
459,R_3QE72T2NXn4ninT,SECURITY_ELECTRONICS,2018-08-02,1533222000
460,R_3enuyEOsaEVxTNX,ELECTRONIC_CABLE,2018-08-02,1533222000
461,R_3fxhcf9cnZWI5qg,SPACE_HEATER,2018-08-02,1533222000
462,R_3fxhcf9cnZWI5qg,CELLULAR_PHONE_CASE,2018-08-02,1533222000
463,R_3fxhcf9cnZWI5qg,LANDLINE_PHONE,2018-08-02,1533222000
464,R_3fxhcf9cnZWI5qg,MEDICATION,2018-08-02,1533222000
465,R_3fxhcf9cnZWI5qg,EYELASH_CURLER,2018-08-02,1533222000
466,R_3gTrwWhEzAv6gzH,PET_FOOD,2018-08-02,1533222000
467,R_3iVJ4NtqpKGbPCp,LIGHT_BULB,2018-08-02,1533222000
468,R_3iVJ4NtqpKGbPCp,ABIS_ELECTRONICS,2018-08-02,1533222000
469,R_3iVJ4NtqpKGbPCp,SCREEN_PROTECTOR,2018-08-02,1533222000
470,R_3iVJ4NtqpKGbPCp,SHIRT,2018-08-02,1533222000
471,R_3nH1Odp9Yjm86gN,NUTRITIONAL_SUPPLEMENT,2018-08-02,1533222000
472,R_3nH1Odp9Yjm86gN,PLUMBING_FIXTURE,2018-08-02,1533222000
473,R_3qTFp0FJqUeMhVZ,HOME_BED_AND_BATH,2018-08-02,1533222000
474,R_3rSVzZdjthhnCx0,SNACK_FOOD_BAR,2018-08-02,1533222000
475,R_3rSVzZdjthhnCx0,INTERNAL_MEMORY,2018-08-02,1533222000
476,R_3rSVzZdjthhnCx0,DECORATIVE_CUTOUT,2018-08-02,1533222000
477,R_3rSVzZdjthhnCx0,VITAMIN,2018-08-02,1533222000
478,R_3rSVzZdjthhnCx0,LEGUME,2018-08-02,1533222000
479,R_3rSVzZdjthhnCx0,HEADPHONES,2018-08-02,1533222000
480,R_3rSVzZdjthhnCx0,HEALTH_PERSONAL_CARE,2018-08-02,1533222000
481,R_3rSVzZdjthhnCx0,ELECTRONIC_CABLE,2018-08-02,1533222000
482,R_3rZHdmB75jSgwhr,TABLE_RUNNER,2018-08-02,1533222000
483,R_3s60LmlFm5fAEP5,SYSTEM_CABINET,2018-08-02,1533222000
484,R_3socPWD3wXD0iDP,HAIR_STYLING_AGENT,2018-08-02,1533222000
485,R_4ONrU60VenuwARr,PET_FOOD,2018-08-02,1533222000
486,R_6SbhJD23U5a2YJX,SMOKING_PIPE,2018-08-02,1533222000
487,R_6SbhJD23U5a2YJX,CELLULAR_PHONE_CASE,2018-08-02,1533222000
488,R_6Y8B3R1iIUjRAXv,PIERCING_JEWELRY,2018-08-02,1533222000
489,R_8pMsG4P0RqzoSlz,ENVELOPE,2018-08-02,1533222000
490,R_AEBbAiW2xdXI2at,ABIS_BOOK,2018-08-02,1533222000
491,R_AEBbAiW2xdXI2at,DISHWARE_BOWL,2018-08-02,1533222000
492,R_AEBbAiW2xdXI2at,HAT,2018-08-02,1533222000
493,R_AEBbAiW2xdXI2at,BATTERY,2018-08-02,1533222000
494,R_AKBlDprDMrv4M7v,PESTICIDE,2018-08-02,1533222000
495,R_AKBlDprDMrv4M7v,LAWN_MOWER,2018-08-02,1533222000
496,R_AKBlDprDMrv4M7v,SCREEN_PROTECTOR,2018-08-02,1533222000
497,R_AKBlDprDMrv4M7v,LAWN_MOWER,2018-08-02,1533222000
498,R_BWhnv4EdbhSS6rf,INFANT_TODDLER_CAR_SEAT,2018-08-02,1533222000
499,R_BWhnv4EdbhSS6rf,PHYSICAL_MOVIE,2018-08-02,1533222000
500,R_BWhnv4EdbhSS6rf,GROCERY,2018-08-02,1533222000
501,R_OdTirYYBS6ms6nn,GUILD_HOME,2018-08-02,1533222000
502,R_OdTirYYBS6ms6nn,SKIN_TREATMENT_MASK,2018-08-02,1533222000
503,R_OdTirYYBS6ms6nn,ELECTRONIC_CABLE,2018-08-02,1533222000
504,R_PwlnzzccUMXV0n7,BATTERY,2018-08-02,1533222000
505,R_RlYyUhsDFvyGwX7,TOOLS,2018-08-02,1533222000
506,R_RlYyUhsDFvyGwX7,BATTERY,2018-08-02,1533222000
507,R_SVHcBOlErkMEJjP,SKIN_MOISTURIZER,2018-08-02,1533222000
508,R_W80kzJbCa8CD9UB,MEDICATION,2018-08-02,1533222000
509,R_XuCuybjxPer1OeJ,SKIN_MOISTURIZER,2018-08-02,1533222000
510,R_XuCuybjxPer1OeJ,CELLULAR_PHONE_CASE,2018-08-02,1533222000
511,R_ZkokwdIEZybYo9z,SCREEN_PROTECTOR,2018-08-02,1533222000
512,R_ZkokwdIEZybYo9z,THREAD_CORD,2018-08-02,1533222000
513,R_ZkokwdIEZybYo9z,ELECTRONIC_CABLE,2018-08-02,1533222000
514,R_ZkokwdIEZybYo9z,PET_FOOD,2018-08-02,1533222000
515,R_ZkokwdIEZybYo9z,MEDICATION,2018-08-02,1533222000
516,R_b3dSUlk76L0C6TD,BATTERY,2018-08-02,1533222000
517,R_bKJcIltPwncL9uN,INSTRUMENT_PARTS_AND_ACCESSORIES,2018-08-02,1533222000
518,R_bKJcIltPwncL9uN,SHOE_INSERT,2018-08-02,1533222000
519,R_bkquoGQp5VhpihP,WATER_PURIFICATION_UNIT,2018-08-02,1533222000
520,R_bkquoGQp5VhpihP,SNACK_FOOD_BAR,2018-08-02,1533222000
521,R_bkquoGQp5VhpihP,SCIENCE_FUNDAMENTALS_KIT,2018-08-02,1533222000
522,R_bkquoGQp5VhpihP,GROCERY,2018-08-02,1533222000
523,R_r3IM83Ecq7eY7QJ,VITAMIN,2018-08-02,1533222000
524,R_r3IM83Ecq7eY7QJ,FLOUR,2018-08-02,1533222000
525,R_snaR9M3EsTpcPi9,SUNGLASSES,2018-08-02,1533222000
526,R_snaR9M3EsTpcPi9,SCREEN_PROTECTOR,2018-08-02,1533222000
527,R_tDI0MmPcVp5b2Xn,SWEATSHIRT,2018-08-02,1533222000
528,R_tXHOaasrDjYwLO9,SCREEN_PROTECTOR,2018-08-02,1533222000
529,R_u94bdSj5JBe7WZb,VITAMIN,2018-08-02,1533222000
530,R_w7a7YDkfvtMXJ8l,SAUCE,2018-08-02,1533222000
531,R_xsyCKTazvY4vHbz,ELECTRICITY_GENERATOR,2018-08-02,1533222000
532,R_xsyCKTazvY4vHbz,CELLULAR_PHONE_CASE,2018-08-02,1533222000
533,R_zTf2i6s3E2OQZQR,BUBBLE_MAKER,2018-08-02,1533222000
534,R_zTf2i6s3E2OQZQR,CLEANING_AGENT,2018-08-02,1533222000
535,R_zTf2i6s3E2OQZQR,PROTEIN_SUPPLEMENT_POWDER,2018-08-02,1533222000
536,R_zTf2i6s3E2OQZQR,SHIRT,2018-08-02,1533222000
537,R_10TV1zyi4yCEEkl,VITAMIN,2018-08-03,1533308400
538,R_10TV1zyi4yCEEkl,SPACE_HEATER,2018-08-03,1533308400
539,R_10TV1zyi4yCEEkl,FOOD_PREPARATION_MOLD,2018-08-03,1533308400
540,R_10uU7A3PqkL1i0o,GROCERY,2018-08-03,1533308400
541,R_10uU7A3PqkL1i0o,TOY_FIGURE,2018-08-03,1533308400
542,R_1DYWdbAMt6LyCZH,PINATA,2018-08-03,1533308400
543,R_1DYjkc1gJNvrzzL,TOYS_AND_GAMES,2018-08-03,1533308400
544,R_1DYjkc1gJNvrzzL,SKIN_CLEANING_AGENT,2018-08-03,1533308400
545,R_1Fyt6rHyiQcVOT8,COSTUME_EYEWEAR,2018-08-03,1533308400
546,R_1Fyt6rHyiQcVOT8,SCREEN_PROTECTOR,2018-08-03,1533308400
547,R_1I6meOeB0piHEX8,ELECTRONIC_CABLE,2018-08-03,1533308400
548,R_1LMa9REuvUok05j,VEHICLE_LIGHT_BULB,2018-08-03,1533308400
549,R_1NDq0rxoUSu6oyz,VITAMIN,2018-08-03,1533308400
550,R_1NDq0rxoUSu6oyz,PET_FOOD,2018-08-03,1533308400
551,R_1NFde2vzLpu8IWT,CABINET,2018-08-03,1533308400
552,R_1QutEVkZz69QFR7,CELLULAR_PHONE_CASE,2018-08-03,1533308400
553,R_1Qyzwfx5HrXdw4U,DEEP_FRYER,2018-08-03,1533308400
554,R_1Qyzwfx5HrXdw4U,SKIN_MOISTURIZER,2018-08-03,1533308400
555,R_1eFv0mPpH4dM2mG,ELECTRONIC_CABLE,2018-08-03,1533308400
556,R_1f1PzEZw8H2N4zm,WALL_ART,2018-08-03,1533308400
557,R_1gdxq5ThtPhD06I,FRUIT_SNACK,2018-08-03,1533308400
558,R_1gdxq5ThtPhD06I,SHOES,2018-08-03,1533308400
559,R_1hMV4AHCk04WO5V,MEDICATION,2018-08-03,1533308400
560,R_1hMV4AHCk04WO5V,CELLULAR_PHONE_CASE,2018-08-03,1533308400
561,R_1hMV4AHCk04WO5V,GROCERY,2018-08-03,1533308400
562,R_1hMV4AHCk04WO5V,ELECTRONIC_CABLE,2018-08-03,1533308400
563,R_1hMV4AHCk04WO5V,NUTRITIONAL_SUPPLEMENT,2018-08-03,1533308400
564,R_1i8uPeiHVhFcQB8,HARDWARE_HANDLE,2018-08-03,1533308400
565,R_1jdLI5cWhAhAzSB,VITAMIN,2018-08-03,1533308400
566,R_1jdLI5cWhAhAzSB,NUTRITIONAL_SUPPLEMENT,2018-08-03,1533308400
567,R_1mxX9jjBSLwxiDU,GROCERY,2018-08-03,1533308400
568,R_1ouRfsTlr2iWPge,SHAVING_BRUSH,2018-08-03,1533308400
569,R_1ouRfsTlr2iWPge,WINDOW_SHADE,2018-08-03,1533308400
570,R_1ouRfsTlr2iWPge,SPACE_HEATER,2018-08-03,1533308400
571,R_1ouRfsTlr2iWPge,NOODLE,2018-08-03,1533308400
572,R_1ouRfsTlr2iWPge,SHELF,2018-08-03,1533308400
573,R_1ouRfsTlr2iWPge,OUTDOOR_LIVING,2018-08-03,1533308400
574,R_1ouRfsTlr2iWPge,SHOES,2018-08-03,1533308400
575,R_1ouRfsTlr2iWPge,MUSICAL_INSTRUMENT_AMPLIFIER,2018-08-03,1533308400
576,R_1pm2Wo5wrQSY0Gm,SWEATER,2018-08-03,1533308400
577,R_1pm2Wo5wrQSY0Gm,SUGAR_CANDY,2018-08-03,1533308400
578,R_1q4eVtHN10S5gPB,DECORATIVE_PILLOW_COVER,2018-08-03,1533308400
579,R_1q4eVtHN10S5gPB,CELLULAR_PHONE_CASE,2018-08-03,1533308400
580,R_1q4eVtHN10S5gPB,PROTEIN_SUPPLEMENT_POWDER,2018-08-03,1533308400
581,R_1q4eVtHN10S5gPB,DECORATIVE_PILLOW_COVER,2018-08-03,1533308400
582,R_1q4eVtHN10S5gPB,HEALTH_PERSONAL_CARE,2018-08-03,1533308400
583,R_1zVJnDAfoFLamOd,PANTS,2018-08-03,1533308400
584,R_24csoaO569P4Yzz,SHOES,2018-08-03,1533308400
585,R_24ovSGBcJmAm7rm,SNACK_FOOD_BAR,2018-08-03,1533308400
586,R_24ovSGBcJmAm7rm,YARN,2018-08-03,1533308400
587,R_25YqaojEWt641sK,APPAREL,2018-08-03,1533308400
588,R_25thHabUddjXGzt,FACIAL_TISSUE,2018-08-03,1533308400
589,R_25thHabUddjXGzt,INKJET_PRINTER_INK,2018-08-03,1533308400
590,R_27DL80quzRiSEmq,ABIS_VIDEO,2018-08-03,1533308400
591,R_27DL80quzRiSEmq,TABLE,2018-08-03,1533308400
592,R_27DL80quzRiSEmq,PHYSICAL_SOFTWARE,2018-08-03,1533308400
593,R_27DL80quzRiSEmq,PANTS,2018-08-03,1533308400
594,R_27DL80quzRiSEmq,VEHICLE_TIRE,2018-08-03,1533308400
595,R_27DL80quzRiSEmq,HEALTH_PERSONAL_CARE,2018-08-03,1533308400
596,R_27DL80quzRiSEmq,WEARABLE_WEIGHT,2018-08-03,1533308400
597,R_27DL80quzRiSEmq,TOPICAL_HAIR_REGROWTH_TREATMENT,2018-08-03,1533308400
598,R_27DL80quzRiSEmq,ABIS_BOOK,2018-08-03,1533308400
599,R_27DL80quzRiSEmq,ART_MEDIA_PAPER,2018-08-03,1533308400
600,R_27DL80quzRiSEmq,ABIS_BOOK,2018-08-03,1533308400
601,R_27DL80quzRiSEmq,PANTS,2018-08-03,1533308400
602,R_27DL80quzRiSEmq,SHIRT,2018-08-03,1533308400
603,R_27DL80quzRiSEmq,HOME,2018-08-03,1533308400
604,R_27DL80quzRiSEmq,BLANK_BOOK,2018-08-03,1533308400
605,R_27DL80quzRiSEmq,RING,2018-08-03,1533308400
606,R_27DL80quzRiSEmq,UTILITY_SPONGE,2018-08-03,1533308400
607,R_27DL80quzRiSEmq,ABIS_BOOK,2018-08-03,1533308400
608,R_27DL80quzRiSEmq,CELLULAR_PHONE_CASE,2018-08-03,1533308400
609,R_27DL80quzRiSEmq,HERB,2018-08-03,1533308400
610,R_27DL80quzRiSEmq,PANTS,2018-08-03,1533308400
611,R_27DL80quzRiSEmq,SHOES,2018-08-03,1533308400
612,R_27DL80quzRiSEmq,HEADPHONES,2018-08-03,1533308400
613,R_27DL80quzRiSEmq,ABIS_VIDEO,2018-08-03,1533308400
614,R_28BST1zc80UaP2C,SHOES,2018-08-03,1533308400
615,R_28BST1zc80UaP2C,HOUSEHOLD_VARNISH,2018-08-03,1533308400
616,R_2CVxHRKIkQ8pd1C,STANDALONE_STREAMING_MEDIA_PLAYER,2018-08-03,1533308400
617,R_2DXPyU9bPnWuZPM,HOME_ORGANIZERS_AND_STORAGE,2018-08-03,1533308400
618,R_2E9JSBmmNNT5YMi,SCREEN_PROTECTOR,2018-08-03,1533308400
619,R_2E9JSBmmNNT5YMi,KNITTING_NEEDLE,2018-08-03,1533308400
620,R_2E9JSBmmNNT5YMi,PRINT_COPY_PAPER,2018-08-03,1533308400
621,R_2QXJIE0UXBTy8wd,VITAMIN,2018-08-03,1533308400
622,R_2QXJIE0UXBTy8wd,BATTERY,2018-08-03,1533308400
623,R_2QXJIE0UXBTy8wd,TEA_INFUSER,2018-08-03,1533308400
624,R_2RUDh7piHU7frzt,MATTRESS,2018-08-03,1533308400
625,R_2RUDh7piHU7frzt,MEAL_HOLDER,2018-08-03,1533308400
626,R_2TEGPne2Cu1LmmT,NUTRITIONAL_SUPPLEMENT,2018-08-03,1533308400
627,R_2UVhfjk1qQb6KI5,WHEEL,2018-08-03,1533308400
628,R_2UctLzmpg4UJRZu,SHOES,2018-08-03,1533308400
629,R_2VaWg2jhtCG6zmh,SKIN_CLEANING_AGENT,2018-08-03,1533308400
630,R_2VaWg2jhtCG6zmh,FORK,2018-08-03,1533308400
631,R_2VaWg2jhtCG6zmh,GROCERY,2018-08-03,1533308400
632,R_2VyUSFk11bbTVej,TEXTILE_IRON,2018-08-03,1533308400
633,R_2Xj7LtCe2Mt8jNi,ENGINE_EXHAUST_PIPE,2018-08-03,1533308400
634,R_2Xj7LtCe2Mt8jNi,GARBAGE_DISPOSAL_UNIT,2018-08-03,1533308400
635,R_2Xj7LtCe2Mt8jNi,DRESS,2018-08-03,1533308400
636,R_2Xj7LtCe2Mt8jNi,SNACK_FOOD_BAR,2018-08-03,1533308400
637,R_2Xj7LtCe2Mt8jNi,VITAMIN,2018-08-03,1533308400
638,R_2Xj7LtCe2Mt8jNi,LEVEL,2018-08-03,1533308400
639,R_2Xj7LtCe2Mt8jNi,HEADPHONES,2018-08-03,1533308400
640,R_2djaIfKORskyeuO,SNACK_FOOD_BAR,2018-08-03,1533308400
641,R_2djaIfKORskyeuO,HUMIDITY_METER,2018-08-03,1533308400
642,R_2djaIfKORskyeuO,TOOLS,2018-08-03,1533308400
643,R_2djaIfKORskyeuO,SHIRT,2018-08-03,1533308400
644,R_2ebzj3o225IisIQ,DRINKING_CUP,2018-08-03,1533308400
645,R_2ebzj3o225IisIQ,WALLET,2018-08-03,1533308400
646,R_2ebzj3o225IisIQ,LIGHT_BULB,2018-08-03,1533308400
647,R_2ebzj3o225IisIQ,PORTABLE_ELECTRONIC_DEVICE_STAND,2018-08-03,1533308400
648,R_2ebzj3o225IisIQ,ART_CRAFT_KIT,2018-08-03,1533308400
649,R_2s5YO3cdqKDFyIM,MEDICATION,2018-08-03,1533308400
650,R_2sRWbepslqKPgL7,VINEGAR,2018-08-03,1533308400
651,R_2sYHDhT6DJy2U6q,ABIS_BOOK,2018-08-03,1533308400
652,R_2sYn1oXcE5aaeU5,CARRYING_CASE_OR_BAG,2018-08-03,1533308400
653,R_2wFa9HKdZRkx33l,VITAMIN,2018-08-03,1533308400
654,R_2wagDt0ZaSu1p8q,MEDICATION,2018-08-03,1533308400
655,R_2z6pmWToR0TLYk2,SHOES,2018-08-03,1533308400
656,R_31n2MLk9w05iLzN,GROCERY,2018-08-03,1533308400
657,R_325wNEypLBLRTf7,SOIL,2018-08-03,1533308400
658,R_325wNEypLBLRTf7,NUTRITIONAL_SUPPLEMENT,2018-08-03,1533308400
659,R_32R69KRWIzuH9Im,BED_SKIRT,2018-08-03,1533308400
660,R_32VcKmw1biSyknq,CABINET,2018-08-03,1533308400
661,R_32VcKmw1biSyknq,ANIMAL_LITTER,2018-08-03,1533308400
662,R_32VcKmw1biSyknq,TRAY,2018-08-03,1533308400
663,R_32VcKmw1biSyknq,FILE_FOLDER,2018-08-03,1533308400
664,R_33a2eGfoj5xSrE2,CELLULAR_PHONE_CASE,2018-08-03,1533308400
665,R_3EF2sOVmTNA4e3u,SKIN_MOISTURIZER,2018-08-03,1533308400
666,R_3EF2sOVmTNA4e3u,PENCIL_SHARPENER,2018-08-03,1533308400
667,R_3EF2sOVmTNA4e3u,SKIN_CLEANING_AGENT,2018-08-03,1533308400
668,R_3Em4Q2OBHB3m5rz,HEADPHONES,2018-08-03,1533308400
669,R_3FPeOTnJa3dJ112,HEALTH_PERSONAL_CARE,2018-08-03,1533308400
670,R_3FPeOTnJa3dJ112,VITAMIN,2018-08-03,1533308400
671,R_3FPeOTnJa3dJ112,PACKING_MATERIAL,2018-08-03,1533308400
672,R_3FPeOTnJa3dJ112,NUTRITIONAL_SUPPLEMENT,2018-08-03,1533308400
673,R_3G7BILj5lidHb8M,COLLECTIBLE_COINS,2018-08-03,1533308400
674,R_3G7BILj5lidHb8M,BATTERY,2018-08-03,1533308400
675,R_3GBRRr7bndtJPU9,EXERCISE_STRAP,2018-08-03,1533308400
676,R_3GqfePl8gH1VWP1,LEOTARD,2018-08-03,1533308400
677,R_3HigTq4itishziE,POULTRY,2018-08-03,1533308400
678,R_3HigTq4itishziE,PASTRY,2018-08-03,1533308400
679,R_3HigTq4itishziE,HEALTH_PERSONAL_CARE,2018-08-03,1533308400
680,R_3HigTq4itishziE,VEGETABLE,2018-08-03,1533308400
681,R_3HigTq4itishziE,HEALTH_PERSONAL_CARE,2018-08-03,1533308400
682,R_3Hphzg7zu04Hgy1,BATTERY,2018-08-03,1533308400
683,R_3Hphzg7zu04Hgy1,PET_SUPPLIES,2018-08-03,1533308400
684,R_3Hphzg7zu04Hgy1,ABIS_BOOK,2018-08-03,1533308400
685,R_3Hphzg7zu04Hgy1,BATTERY,2018-08-03,1533308400
686,R_3JFAj4jTW4qftb2,SNACK_FOOD_BAR,2018-08-03,1533308400
687,R_3JK3aP5uRxffXiy,THERAPEUTIC_THERMAL_COMPRESS,2018-08-03,1533308400
688,R_3JK3aP5uRxffXiy,VIDEO_DVD,2018-08-03,1533308400
689,R_3JK3aP5uRxffXiy,GROCERY,2018-08-03,1533308400
690,R_3JK3aP5uRxffXiy,PANTS,2018-08-03,1533308400
691,R_3MyEdXOZ8P75S1V,SHOES,2018-08-03,1533308400
692,R_3MyEdXOZ8P75S1V,STANDALONE_STREAMING_MEDIA_PLAYER,2018-08-03,1533308400
693,R_3OdXDDGsG2bvbXb,SLEEP_MASK,2018-08-03,1533308400
694,R_3OdXDDGsG2bvbXb,VITAMIN,2018-08-03,1533308400
695,R_3OdXDDGsG2bvbXb,TOOTHBRUSH,2018-08-03,1533308400
696,R_3OdXDDGsG2bvbXb,SKIN_CLEANING_AGENT,2018-08-03,1533308400
697,R_3R3FfvTaRKxigNl,BOOT,2018-08-03,1533308400
698,R_3R3FfvTaRKxigNl,TOYS_AND_GAMES,2018-08-03,1533308400
699,R_3R3FfvTaRKxigNl,SHIRT,2018-08-03,1533308400
700,R_3R3FfvTaRKxigNl,NUTRITIONAL_SUPPLEMENT,2018-08-03,1533308400
701,R_3R3FfvTaRKxigNl,CELLULAR_PHONE_CASE,2018-08-03,1533308400
702,R_3R3FfvTaRKxigNl,SKIRT,2018-08-03,1533308400
703,R_3R3FfvTaRKxigNl,CLOTHES_HANGER,2018-08-03,1533308400
704,R_3R3FfvTaRKxigNl,PILLOW,2018-08-03,1533308400
705,R_3VRB9w5rAtqNoWt,WINDOW_FILM,2018-08-03,1533308400
706,R_3VRB9w5rAtqNoWt,SHIRT,2018-08-03,1533308400
707,R_3VRB9w5rAtqNoWt,TAPE_LABEL_DISPENSER,2018-08-03,1533308400
708,R_3VRB9w5rAtqNoWt,SHIRT,2018-08-03,1533308400
709,R_3ek9YZGdsDHjUZf,CHARGING_ADAPTER,2018-08-03,1533308400
710,R_3ek9YZGdsDHjUZf,POWER_INVERTER,2018-08-03,1533308400
711,R_3enuyEOsaEVxTNX,BATTERY,2018-08-03,1533308400
712,R_3enuyEOsaEVxTNX,SHIRT,2018-08-03,1533308400
713,R_3fB1NIeE1OGUd72,SPEAKERS,2018-08-03,1533308400
714,R_3h4JnsfebywTUxX,DRAWER_SLIDE,2018-08-03,1533308400
715,R_3h4JnsfebywTUxX,FLOUR,2018-08-03,1533308400
716,R_3h4JnsfebywTUxX,PASTRY_BASTING_BRUSH,2018-08-03,1533308400
717,R_3ixUxNOUiEYD7KJ,SAUTE_FRY_PAN,2018-08-03,1533308400
718,R_3lt1ZPBv09u1seD,PET_FEEDER,2018-08-03,1533308400
719,R_3mm166mlwrLpf6y,MEDICATION,2018-08-03,1533308400
720,R_3n2VXT4Z99FpnEG,SHIRT,2018-08-03,1533308400
721,R_3n2VXT4Z99FpnEG,PHYSICAL_MOVIE,2018-08-03,1533308400
722,R_3n2VXT4Z99FpnEG,PARTY_SUPPLIES,2018-08-03,1533308400
723,R_3n2VXT4Z99FpnEG,TOY_BUILDING_BLOCK,2018-08-03,1533308400
724,R_3n2VXT4Z99FpnEG,SKIN_MOISTURIZER,2018-08-03,1533308400
725,R_3n2VXT4Z99FpnEG,CELLULAR_PHONE_CASE,2018-08-03,1533308400
726,R_3n5zOvmozURNzXz,MEDICATION,2018-08-03,1533308400
727,R_3nBJeqR8nle2zSU,GROCERY,2018-08-03,1533308400
728,R_3nBJeqR8nle2zSU,SHIRT,2018-08-03,1533308400
729,R_3qTFp0FJqUeMhVZ,FURNITURE_CART,2018-08-03,1533308400
730,R_3rV7kPHe9hVsMee,TIGHTS,2018-08-03,1533308400
731,R_4ONrU60VenuwARr,SPEAKERS,2018-08-03,1533308400
732,R_55BKHeW1aOzYOUp,NUTRITIONAL_SUPPLEMENT,2018-08-03,1533308400
733,R_55BKHeW1aOzYOUp,PANTS,2018-08-03,1533308400
734,R_55BKHeW1aOzYOUp,BATTERY,2018-08-03,1533308400
735,R_55BKHeW1aOzYOUp,ENEMA_DOUCHE,2018-08-03,1533308400
736,R_6fzbeTqbnF0kBih,SCREEN_PROTECTOR,2018-08-03,1533308400
737,R_6fzbeTqbnF0kBih,VITAMIN,2018-08-03,1533308400
738,R_8piDwWBq7V7tyZb,LIP_COLOR,2018-08-03,1533308400
739,R_8vnpSkm79W7Jsv7,SUGAR_CANDY,2018-08-03,1533308400
740,R_8vnpSkm79W7Jsv7,EYEBROW_COLOR,2018-08-03,1533308400
741,R_8vnpSkm79W7Jsv7,PET_ACTIVITY_STRUCTURE,2018-08-03,1533308400
742,R_A5Mg9h1PiJL0Wyd,TOYS_AND_GAMES,2018-08-03,1533308400
743,R_A5Mg9h1PiJL0Wyd,SHOE_POLISH,2018-08-03,1533308400
744,R_A5Mg9h1PiJL0Wyd,CONDITIONER,2018-08-03,1533308400
745,R_A5Mg9h1PiJL0Wyd,ELECTRONIC_CABLE,2018-08-03,1533308400
746,R_A5Mg9h1PiJL0Wyd,SOAP_DISH,2018-08-03,1533308400
747,R_AKBlDprDMrv4M7v,ELECTRONIC_CABLE,2018-08-03,1533308400
748,R_AKBlDprDMrv4M7v,HEADPHONES,2018-08-03,1533308400
749,R_AKBlDprDMrv4M7v,LAWN_MOWER,2018-08-03,1533308400
750,R_AKBlDprDMrv4M7v,TOYS_AND_GAMES,2018-08-03,1533308400
751,R_Ap2HcvpPLRDJv9L,SCREEN_PROTECTOR,2018-08-03,1533308400
752,R_Ap2HcvpPLRDJv9L,SCREEN_PROTECTOR,2018-08-03,1533308400
753,R_BWhnv4EdbhSS6rf,PET_FOOD,2018-08-03,1533308400
754,R_OGN3QDO9930tfAl,SHOES,2018-08-03,1533308400
755,R_OGN3QDO9930tfAl,SKIN_CLEANING_AGENT,2018-08-03,1533308400
756,R_PwlnzzccUMXV0n7,TOYS_AND_GAMES,2018-08-03,1533308400
757,R_PwlnzzccUMXV0n7,PANTS,2018-08-03,1533308400
758,R_Q4ZjTFeyiC5kgQV,CELLULAR_PHONE_CASE,2018-08-03,1533308400
759,R_Q4ZjTFeyiC5kgQV,GROCERY,2018-08-03,1533308400
760,R_Q4ZjTFeyiC5kgQV,PANTS,2018-08-03,1533308400
761,R_Q4ZjTFeyiC5kgQV,SCULPTING_MATERIAL,2018-08-03,1533308400
762,R_V416ZQ4Q4ElD1yF,ANIMAL_HARNESS,2018-08-03,1533308400
763,R_V416ZQ4Q4ElD1yF,SWIMWEAR,2018-08-03,1533308400
764,R_V416ZQ4Q4ElD1yF,WRITING_BOARD,2018-08-03,1533308400
765,R_V416ZQ4Q4ElD1yF,CELLULAR_PHONE_CASE,2018-08-03,1533308400
766,R_V416ZQ4Q4ElD1yF,DIGITAL_DEVICE_4,2018-08-03,1533308400
767,R_W80kzJbCa8CD9UB,HAIR_COMB,2018-08-03,1533308400
768,R_W80kzJbCa8CD9UB,SCREEN_PROTECTOR,2018-08-03,1533308400
769,R_WerZwuLkMK4zfVf,SEWING_MACHINE,2018-08-03,1533308400
770,R_Wj4UUQUNrJKEYKJ,PANTS,2018-08-03,1533308400
771,R_XsIUODlniv0lMu5,NUTRITIONAL_SUPPLEMENT,2018-08-03,1533308400
772,R_XsIUODlniv0lMu5,MEDICATION,2018-08-03,1533308400
773,R_XsIUODlniv0lMu5,NUTRITIONAL_SUPPLEMENT,2018-08-03,1533308400
774,R_Y3PPLmdNg6NnwZz,HERBAL_SUPPLEMENT,2018-08-03,1533308400
775,R_b3NWnTBcFyWqXjH,BATTERY_CHARGER,2018-08-03,1533308400
776,R_b3NWnTBcFyWqXjH,BOOT,2018-08-03,1533308400
777,R_b3NWnTBcFyWqXjH,SKIN_MOISTURIZER,2018-08-03,1533308400
778,R_b8UnkZJoU93ZxEB,PET_FOOD,2018-08-03,1533308400
779,R_b8UnkZJoU93ZxEB,NETWORK_INTERFACE_CONTROLLER_ADAPTER,2018-08-03,1533308400
780,R_bJI8lmXMZWL6oql,PANTS,2018-08-03,1533308400
781,R_d5O7dqvA1EWCrPb,SNACK_FOOD_BAR,2018-08-03,1533308400
782,R_snaR9M3EsTpcPi9,POULTRY,2018-08-03,1533308400
783,R_tXHOaasrDjYwLO9,ELECTRONIC_CABLE,2018-08-03,1533308400
784,R_tXHOaasrDjYwLO9,SPORT_WETSUIT,2018-08-03,1533308400
785,R_tXHOaasrDjYwLO9,SNACK_FOOD_BAR,2018-08-03,1533308400
786,R_vD2O13NgdnWBXMt,SCIENCE_FUNDAMENTALS_KIT,2018-08-03,1533308400
787,R_vYtQIbKQv9vFKuZ,ABIS_BOOK,2018-08-03,1533308400
788,R_vYtQIbKQv9vFKuZ,TOYS_AND_GAMES,2018-08-03,1533308400
789,R_w5JAqptOytTan4J,GROCERY,2018-08-03,1533308400
790,R_yC5ffbdBLVi93Pz,SELF_STICK_NOTE,2018-08-03,1533308400
791,R_0wCTiXC54rMN0J3,KITCHEN,2018-08-04,1533394800
792,R_0wCTiXC54rMN0J3,ELECTRONIC_CABLE,2018-08-04,1533394800
793,R_129jUlsvVcVBDur,PHYSICAL_MOVIE,2018-08-04,1533394800
794,R_129jUlsvVcVBDur,SWEATER,2018-08-04,1533394800
795,R_1BWAygjxkFXfxql,SNACK_FOOD_BAR,2018-08-04,1533394800
796,R_1BWAygjxkFXfxql,NUTRITIONAL_SUPPLEMENT,2018-08-04,1533394800
797,R_1BWAygjxkFXfxql,AMAZON_BOOK_READER_ACCESSORY,2018-08-04,1533394800
798,R_1BWAygjxkFXfxql,CELLULAR_PHONE_CASE,2018-08-04,1533394800
799,R_1BWAygjxkFXfxql,SHIRT,2018-08-04,1533394800
800,R_1DYWdbAMt6LyCZH,CHAIR,2018-08-04,1533394800
801,R_1DYWdbAMt6LyCZH,FISHING_EQUIPMENT,2018-08-04,1533394800
802,R_1FJHvQm83j8lK35,SKIN_CLEANING_WIPE,2018-08-04,1533394800
803,R_1FJHvQm83j8lK35,SKIN_CLEANING_WIPE,2018-08-04,1533394800
804,R_1JDhRjAMiEkIuKT,GROCERY,2018-08-04,1533394800
805,R_1JDhRjAMiEkIuKT,LEGUME,2018-08-04,1533394800
806,R_1KxVDxZl2H0XoHS,WASTE_BAG,2018-08-04,1533394800
807,R_1KxVDxZl2H0XoHS,MILK_SUBSTITUTE,2018-08-04,1533394800
808,R_1KxVDxZl2H0XoHS,SHIRT,2018-08-04,1533394800
809,R_1KxVDxZl2H0XoHS,SHOES,2018-08-04,1533394800
810,R_1KxVDxZl2H0XoHS,PET_FOOD,2018-08-04,1533394800
811,R_1NCzj2eSHI4QGcd,NAIL_POLISH,2018-08-04,1533394800
812,R_1NCzj2eSHI4QGcd,SHAMPOO,2018-08-04,1533394800
813,R_1NDq0rxoUSu6oyz,DRINKING_CUP,2018-08-04,1533394800
814,R_1OrTsiPCkAlmb0N,ABIS_BOOK,2018-08-04,1533394800
815,R_1Qyzwfx5HrXdw4U,PHYSICAL_MOVIE,2018-08-04,1533394800
816,R_1Qyzwfx5HrXdw4U,SKIN_MOISTURIZER,2018-08-04,1533394800
817,R_1Qyzwfx5HrXdw4U,FERTILIZER,2018-08-04,1533394800
818,R_1Qyzwfx5HrXdw4U,CELLULAR_PHONE_CASE,2018-08-04,1533394800
819,R_1mebUZZHsgPDgzX,PENCIL_SHARPENER,2018-08-04,1533394800
820,R_1q7GuBNrrAGdxx3,BLAZER,2018-08-04,1533394800
821,R_1q7GuBNrrAGdxx3,CARRIER_BAG_CASE,2018-08-04,1533394800
822,R_1q7GuBNrrAGdxx3,GROCERY,2018-08-04,1533394800
823,R_1q7GuBNrrAGdxx3,SKIN_CLEANING_AGENT,2018-08-04,1533394800
824,R_1r8u9f1vT8Y3HrC,SCREWDRIVER,2018-08-04,1533394800
825,R_1roTOelTygZr5G8,SAUCE,2018-08-04,1533394800
826,R_20ON9TjJWV64IZO,DUTCH_OVENS,2018-08-04,1533394800
827,R_22Gj4pgXDsezuKw,BLANKET,2018-08-04,1533394800
828,R_22SxELlmhBQCe1C,CELLULAR_PHONE_CASE,2018-08-04,1533394800
829,R_22SxELlmhBQCe1C,ELECTRONIC_DEVICE_FACEPLATE,2018-08-04,1533394800
830,R_24dbGLxukEKohG6,ELECTRONIC_CABLE,2018-08-04,1533394800
831,R_24dbGLxukEKohG6,GROCERY,2018-08-04,1533394800
832,R_24dbGLxukEKohG6,OIL_FILTER,2018-08-04,1533394800
833,R_24dbGLxukEKohG6,CLEANING_AGENT,2018-08-04,1533394800
834,R_24dbGLxukEKohG6,FERTILIZER,2018-08-04,1533394800
835,R_24dbGLxukEKohG6,ELECTRONIC_CABLE,2018-08-04,1533394800
836,R_24dbGLxukEKohG6,VACUUM_CLEANER_BAG,2018-08-04,1533394800
837,R_24dbGLxukEKohG6,BATTERY,2018-08-04,1533394800
838,R_25YqaojEWt641sK,DRINK_FLAVORED,2018-08-04,1533394800
839,R_279ENCaNyRMf98u,HONEY,2018-08-04,1533394800
840,R_279ENCaNyRMf98u,HONEY,2018-08-04,1533394800
841,R_279ENCaNyRMf98u,HANGING_MOBILE,2018-08-04,1533394800
842,R_279ENCaNyRMf98u,MAGAZINES,2018-08-04,1533394800
843,R_29iGyG3WSmKo5Te,FLATWARE,2018-08-04,1533394800
844,R_29iGyG3WSmKo5Te,TABLETOP_GAME,2018-08-04,1533394800
845,R_29iGyG3WSmKo5Te,MILK_FROTHER,2018-08-04,1533394800
846,R_29iGyG3WSmKo5Te,VDO_DEVICES,2018-08-04,1533394800
847,R_29iGyG3WSmKo5Te,ABIS_BOOK,2018-08-04,1533394800
848,R_29iGyG3WSmKo5Te,STROLLER,2018-08-04,1533394800
849,R_2BesSIAnd7POW2C,ELECTRONIC_CABLE,2018-08-04,1533394800
850,R_2BtA3kIOBjhD26o,COSMETIC_SPONGE,2018-08-04,1533394800
851,R_2D1zydYR5SZ0LpK,ANCHOR_STAKE,2018-08-04,1533394800
852,R_2Qu0fgUOnDpaKDH,TOY_FIGURE,2018-08-04,1533394800
853,R_2Qu0fgUOnDpaKDH,ABIS_BOOK,2018-08-04,1533394800
854,R_2Ser7goSgo0gVBj,SKIN_CLEANING_AGENT,2018-08-04,1533394800
855,R_2Ser7goSgo0gVBj,VEHICLE_MIRROR,2018-08-04,1533394800
856,R_2VkFzKtUReuEWm9,PHYSICAL_MOVIE,2018-08-04,1533394800
857,R_2VkFzKtUReuEWm9,SYSTEM_CABINET,2018-08-04,1533394800
858,R_2WAagX64hf1kdMI,SHIRT,2018-08-04,1533394800
859,R_2WAagX64hf1kdMI,SHOES,2018-08-04,1533394800
860,R_2YVQQRVSdj7M8Va,GROCERY,2018-08-04,1533394800
861,R_2ZEQSnRGlS7ZscC,FLOUR,2018-08-04,1533394800
862,R_2cvmrv8q51q8yh1,MEDICATION,2018-08-04,1533394800
863,R_2dvh9tu7PLPeipE,TOYS_AND_GAMES,2018-08-04,1533394800
864,R_2dxMXdrOUumZV2I,SCREEN_PROTECTOR,2018-08-04,1533394800
865,R_2dyITPHbbfmCXJn,ABIS_BOOK,2018-08-04,1533394800
866,R_2fuPf0OEnWfOjjm,JEWELRY_FINDING,2018-08-04,1533394800
867,R_2sbCr0DY5BIHWiF,SHOES,2018-08-04,1533394800
868,R_2uIMLcJgQmb0v3G,FALSE_NAIL,2018-08-04,1533394800
869,R_2vYO5d3Ry8qjf5g,BODY_CARE_PRODUCT,2018-08-04,1533394800
870,R_2wmLE1q4FIpfioi,MEDICATION,2018-08-04,1533394800
871,R_2xLvxRKX2448l9k,PAINT_BRUSH,2018-08-04,1533394800
872,R_2xLvxRKX2448l9k,AMAZON_BOOK_READER,2018-08-04,1533394800
873,R_2xLvxRKX2448l9k,SHOES,2018-08-04,1533394800
874,R_2xLvxRKX2448l9k,CELLULAR_PHONE_CASE,2018-08-04,1533394800
875,R_325wPQDFbzpv3zZ,PET_FOOD,2018-08-04,1533394800
876,R_33jcUkAZ8knoq82,ABIS_BOOK,2018-08-04,1533394800
877,R_33jcUkAZ8knoq82,COSMETIC_SPONGE,2018-08-04,1533394800
878,R_33jcUkAZ8knoq82,FISHING_LINE,2018-08-04,1533394800
879,R_33jcUkAZ8knoq82,COSMETIC_SPONGE,2018-08-04,1533394800
880,R_33jcUkAZ8knoq82,PANTS,2018-08-04,1533394800
881,R_33jcUkAZ8knoq82,SNACK_FOOD_BAR,2018-08-04,1533394800
882,R_33jcUkAZ8knoq82,SCREEN_PROTECTOR,2018-08-04,1533394800
883,R_33jcUkAZ8knoq82,RICE_MIX,2018-08-04,1533394800
884,R_33jcUkAZ8knoq82,CELLULAR_PHONE_CASE,2018-08-04,1533394800
885,R_33jcUkAZ8knoq82,CELLULAR_PHONE_CASE,2018-08-04,1533394800
886,R_33jcUkAZ8knoq82,PET_FOOD,2018-08-04,1533394800
887,R_3D0FIkesMnTGsnm,SCREEN_PROTECTOR,2018-08-04,1533394800
888,R_3EQJpaOtt2aP8HS,SNACK_FOOD_BAR,2018-08-04,1533394800
889,R_3HigTq4itishziE,MUSICAL_INSTRUMENTS,2018-08-04,1533394800
890,R_3HigTq4itishziE,VITAMIN,2018-08-04,1533394800
891,R_3HvPXLfubbb9a6G,HEADPHONES,2018-08-04,1533394800
892,R_3HvPXLfubbb9a6G,CELLULAR_PHONE_CASE,2018-08-04,1533394800
893,R_3JjRmgOh3ZydDiW,ABIS_BOOK,2018-08-04,1533394800
894,R_3JjRmgOh3ZydDiW,SHIRT,2018-08-04,1533394800
895,R_3JjRmgOh3ZydDiW,CELLULAR_PHONE_CASE,2018-08-04,1533394800
896,R_3JjRmgOh3ZydDiW,BATTERY,2018-08-04,1533394800
897,R_3JjRmgOh3ZydDiW,HARDWARE_TUBING,2018-08-04,1533394800
898,R_3L8dgu12mdk2UVH,TUNER,2018-08-04,1533394800
899,R_3MAlXxqFmMmVbCy,ELECTRONIC_CABLE,2018-08-04,1533394800
900,R_3MhBAq6V6XHU9ln,SKIN_CLEANING_AGENT,2018-08-04,1533394800
901,R_3MhBAq6V6XHU9ln,ABIS_BOOK,2018-08-04,1533394800
902,R_3P4QthjwwxEaV1m,JUICE_AND_JUICE_DRINK,2018-08-04,1533394800
903,R_3R3FfvTaRKxigNl,HVAC_CONTROL_THERMOSTAT,2018-08-04,1533394800
904,R_3eh02tn8YjYcUoE,ABIS_BOOK,2018-08-04,1533394800
905,R_3eh02tn8YjYcUoE,CELLULAR_PHONE_CASE,2018-08-04,1533394800
906,R_3eh02tn8YjYcUoE,FITTED_SHEET,2018-08-04,1533394800
907,R_3eh02tn8YjYcUoE,ABIS_BOOK,2018-08-04,1533394800
908,R_3eh02tn8YjYcUoE,BED_FRAME,2018-08-04,1533394800
909,R_3eh02tn8YjYcUoE,NUTRITIONAL_SUPPLEMENT,2018-08-04,1533394800
910,R_3eh02tn8YjYcUoE,BED_FRAME,2018-08-04,1533394800
911,R_3enuyEOsaEVxTNX,PANTS,2018-08-04,1533394800
912,R_3fJXgeZMDEMzirc,CELLULAR_PHONE_CASE,2018-08-04,1533394800
913,R_3hAWVPrKOvOzR1e,POULTRY,2018-08-04,1533394800
914,R_3hAWVPrKOvOzR1e,SCREEN_PROTECTOR,2018-08-04,1533394800
915,R_3hAWVPrKOvOzR1e,GARMENT_PROTECTOR_COVER,2018-08-04,1533394800
916,R_3hAWVPrKOvOzR1e,MOUSE_PAD,2018-08-04,1533394800
917,R_3jSAmu0UzDwnhQD,SKIN_CLEANING_AGENT,2018-08-04,1533394800
918,R_3jSAmu0UzDwnhQD,SANDAL,2018-08-04,1533394800
919,R_3jSAmu0UzDwnhQD,SANDAL,2018-08-04,1533394800
920,R_3oO3DoeTgXHrEzx,HEADPHONES,2018-08-04,1533394800
921,R_3qPt2VOIZdr6Kio,TEXTILE_IRON,2018-08-04,1533394800
922,R_3rV7kPHe9hVsMee,WASTE_BAG,2018-08-04,1533394800
923,R_3sbM1ke1qD79iaT,SHIRT,2018-08-04,1533394800
924,R_4YnsyJn7OBPaUut,SHOES,2018-08-04,1533394800
925,R_8cr0J12EMKs9NND,SHOE_INSERT,2018-08-04,1533394800
926,R_8vnpSkm79W7Jsv7,KITCHEN_TOOLS,2018-08-04,1533394800
927,R_8vnpSkm79W7Jsv7,BATTERY,2018-08-04,1533394800
928,R_A5Mg9h1PiJL0Wyd,SHOES,2018-08-04,1533394800
929,R_OdTirYYBS6ms6nn,PET_FOOD,2018-08-04,1533394800
930,R_PuLRXv7pUO3cLzX,SOAP_DISH,2018-08-04,1533394800
931,R_PuLRXv7pUO3cLzX,PHYSICAL_MOVIE,2018-08-04,1533394800
932,R_PuLRXv7pUO3cLzX,CONTACT_LENS_CLEANER,2018-08-04,1533394800
933,R_PuLRXv7pUO3cLzX,SHIRT,2018-08-04,1533394800
934,R_PuLRXv7pUO3cLzX,BLADED_FOOD_PEELER,2018-08-04,1533394800
935,R_PuLRXv7pUO3cLzX,SCREEN_PROTECTOR,2018-08-04,1533394800
936,R_PuLRXv7pUO3cLzX,PASTA_MAKER,2018-08-04,1533394800
937,R_Q6WPHvxgbOBjvZ7,SNACK_FOOD_BAR,2018-08-04,1533394800
938,R_V1EWFs6tkv2DaMN,ELECTRONIC_CABLE,2018-08-04,1533394800
939,R_W80kzJbCa8CD9UB,SKIN_CLEANING_AGENT,2018-08-04,1533394800
940,R_W80kzJbCa8CD9UB,HEALTH_PERSONAL_CARE,2018-08-04,1533394800
941,R_XAphEY817eORyx3,TILE,2018-08-04,1533394800
942,R_XAphEY817eORyx3,ABIS_GIFT_CARD,2018-08-04,1533394800
943,R_XAphEY817eORyx3,HUBCAP_WHEEL_COVER,2018-08-04,1533394800
944,R_XAphEY817eORyx3,VACUUM_CLEANER_BAG,2018-08-04,1533394800
945,R_XAphEY817eORyx3,CADDY,2018-08-04,1533394800
946,R_XAphEY817eORyx3,SHOES,2018-08-04,1533394800
947,R_XAphEY817eORyx3,SKIN_MOISTURIZER,2018-08-04,1533394800
948,R_XUhit9pAXhD746B,FOUNTAIN,2018-08-04,1533394800
949,R_XUhit9pAXhD746B,TOYS_AND_GAMES,2018-08-04,1533394800
950,R_XYTa0bvoaQqev3r,PHYSICAL_MOVIE,2018-08-04,1533394800
951,R_XYTa0bvoaQqev3r,PUPPET,2018-08-04,1533394800
952,R_Xhz81T9LodPX0KB,FIGURINE,2018-08-04,1533394800
953,R_Xhz81T9LodPX0KB,MEDICATION,2018-08-04,1533394800
954,R_ZIBCd5K8oQRXdm1,CELLULAR_PHONE_CASE,2018-08-04,1533394800
955,R_ZIBCd5K8oQRXdm1,REFRIGERATOR,2018-08-04,1533394800
956,R_ZkokwdIEZybYo9z,ELECTRONIC_CABLE,2018-08-04,1533394800
957,R_ZkokwdIEZybYo9z,NUTRITIONAL_SUPPLEMENT,2018-08-04,1533394800
958,R_bJI8lmXMZWL6oql,DRINK_FLAVORED,2018-08-04,1533394800
959,R_bkquoGQp5VhpihP,PANTS,2018-08-04,1533394800
960,R_bkquoGQp5VhpihP,SKIN_CLEANING_AGENT,2018-08-04,1533394800
961,R_bkquoGQp5VhpihP,NUTRITIONAL_SUPPLEMENT,2018-08-04,1533394800
962,R_pzMCRYrC0qiSwIF,PHYSICAL_MOVIE,2018-08-04,1533394800
963,R_tDI0MmPcVp5b2Xn,PLUMBING_FIXTURE,2018-08-04,1533394800
964,R_tJNLenUlMH5f4el,SHAMPOO,2018-08-04,1533394800
965,R_tSTu20YCb20zL5D,LIP_BALM,2018-08-04,1533394800
966,R_w5JAqptOytTan4J,SHOE_BAG,2018-08-04,1533394800
967,R_w5JAqptOytTan4J,SNACK_FOOD_BAR,2018-08-04,1533394800
968,R_xsyCKTazvY4vHbz,SKIN_CLEANING_AGENT,2018-08-04,1533394800
969,R_yC5ffbdBLVi93Pz,TOYS_AND_GAMES,2018-08-04,1533394800
970,R_yC5ffbdBLVi93Pz,CELLULAR_PHONE_CASE,2018-08-04,1533394800
971,R_zfnsck2ZatnGtY5,PET_FOOD,2018-08-04,1533394800
972,R_0pRmRjHkwStzNQJ,RUG_PAD,2018-08-05,1533481200
973,R_0pRmRjHkwStzNQJ,BICYCLE_PEDAL,2018-08-05,1533481200
974,R_11WUgIV4IWfGoDX,SHIRT,2018-08-05,1533481200
975,R_11WUgIV4IWfGoDX,BLOOD_PRESSURE_MONITOR,2018-08-05,1533481200
976,R_1C4nKyrv0w2thJn,SKIN_CLEANING_AGENT,2018-08-05,1533481200
977,R_1C4tcyEfmcsKI9X,SHIPPING_BOX,2018-08-05,1533481200
978,R_1C4tcyEfmcsKI9X,STORAGE_BAG,2018-08-05,1533481200
979,R_1C4tcyEfmcsKI9X,MAJOR_HOME_APPLIANCES,2018-08-05,1533481200
980,R_1C8w4NDDQC5fcgE,PANTS,2018-08-05,1533481200
981,R_1CDqTWLWIk642Vp,MACHINE_LUBRICANT,2018-08-05,1533481200
982,R_1CDqTWLWIk642Vp,SKIN_CLEANING_AGENT,2018-08-05,1533481200
983,R_1I6meOeB0piHEX8,HARDWARE_BEARING,2018-08-05,1533481200
984,R_1I6meOeB0piHEX8,PRETEND_PLAY_TOY,2018-08-05,1533481200
985,R_1I6meOeB0piHEX8,SHOES,2018-08-05,1533481200
986,R_1KkFs7rgWXlWf58,ABRASIVE_SHEETS,2018-08-05,1533481200
987,R_1KkFs7rgWXlWf58,ENGINE_AIR_FILTER,2018-08-05,1533481200
988,R_1KloshKwV8MUAx4,PANTS,2018-08-05,1533481200
989,R_1KxVDxZl2H0XoHS,NUTRITIONAL_SUPPLEMENT,2018-08-05,1533481200
990,R_1MY7yxvExjQWTkv,PANTS,2018-08-05,1533481200
991,R_1NCzj2eSHI4QGcd,HEALTH_PERSONAL_CARE,2018-08-05,1533481200
992,R_1NCzj2eSHI4QGcd,LIP_BALM,2018-08-05,1533481200
993,R_1NCzj2eSHI4QGcd,SNACK_FOOD_BAR,2018-08-05,1533481200
994,R_1NCzj2eSHI4QGcd,CUTLERY,2018-08-05,1533481200
995,R_1NCzj2eSHI4QGcd,HAIR_COLORING_AGENT,2018-08-05,1533481200
996,R_1NDq0rxoUSu6oyz,ABIS_BOOK,2018-08-05,1533481200
997,R_1NDq0rxoUSu6oyz,HAIRBAND,2018-08-05,1533481200
998,R_1NDq0rxoUSu6oyz,PET_FOOD,2018-08-05,1533481200
999,R_1PUcgnVG2i0EBz4,SCREEN_PROTECTOR,2018-08-05,1533481200
1000,R_1PUcgnVG2i0EBz4,VITAMIN,2018-08-05,1533481200
1001,R_1Q9JeeKncbbLcz0,GROCERY,2018-08-05,1533481200
1002,R_1Q9JeeKncbbLcz0,BATTERY,2018-08-05,1533481200
1003,R_1Q9JeeKncbbLcz0,CLEANING_BRUSH,2018-08-05,1533481200
1004,R_1QhEPMXONBU12sq,MEDICATION,2018-08-05,1533481200
1005,R_1QhEPMXONBU12sq,SHOES,2018-08-05,1533481200
1006,R_1QhEPMXONBU12sq,TOYS_AND_GAMES,2018-08-05,1533481200
1007,R_1QhEPMXONBU12sq,HEALTH_PERSONAL_CARE,2018-08-05,1533481200
1008,R_1QozBaV2v9k1qO9,FURNITURE_COVER,2018-08-05,1533481200
1009,R_1QozBaV2v9k1qO9,DRYING_RACK,2018-08-05,1533481200
1010,R_1QozBaV2v9k1qO9,PHYSICAL_MOVIE,2018-08-05,1533481200
1011,R_1QutEVkZz69QFR7,CAMERA_TRIPOD,2018-08-05,1533481200
1012,R_1QutEVkZz69QFR7,BEDDING_SET,2018-08-05,1533481200
1013,R_1dKBjc0UTA0ZiYb,MARKING_PEN,2018-08-05,1533481200
1014,R_1dlSByn2AyHWx7r,MEDICATION,2018-08-05,1533481200
1015,R_1hJWB4rlc8B2yCi,ABIS_BOOK,2018-08-05,1533481200
1016,R_1hJWB4rlc8B2yCi,NOTEBOOK_COMPUTER,2018-08-05,1533481200
1017,R_1jdLI5cWhAhAzSB,HAIR_EXTENSION,2018-08-05,1533481200
1018,R_1nZzu0Kj9WQ8P4x,SYSTEM_POWER_DEVICE,2018-08-05,1533481200
1019,R_1nZzu0Kj9WQ8P4x,SKIN_MOISTURIZER,2018-08-05,1533481200
1020,R_1nZzu0Kj9WQ8P4x,COFFEE,2018-08-05,1533481200
1021,R_1nZzu0Kj9WQ8P4x,TOWEL,2018-08-05,1533481200
1022,R_1nZzu0Kj9WQ8P4x,SAFETY_MASK,2018-08-05,1533481200
1023,R_1nZzu0Kj9WQ8P4x,TRACK_SUIT,2018-08-05,1533481200
1024,R_1nZzu0Kj9WQ8P4x,CONTACT_LENS_CLEANER,2018-08-05,1533481200
1025,R_1pKZVLBbrpZM8bP,VITAMIN,2018-08-05,1533481200
1026,R_1pKZVLBbrpZM8bP,SKIN_CLEANING_AGENT,2018-08-05,1533481200
1027,R_1pKZVLBbrpZM8bP,SAUCE,2018-08-05,1533481200
1028,R_1pKZVLBbrpZM8bP,ELECTRONIC_DEVICE_FACEPLATE,2018-08-05,1533481200
1029,R_1pKZVLBbrpZM8bP,POTABLE_WATER_FILTER,2018-08-05,1533481200
1030,R_1pKZVLBbrpZM8bP,SUSPENSION_LIFT_SUPPORT,2018-08-05,1533481200
1031,R_1psTlOFeWx4gWdX,HEALTH_PERSONAL_CARE,2018-08-05,1533481200
1032,R_1pu4x2PBb4LrSWk,CHOCOLATE_CANDY,2018-08-05,1533481200
1033,R_1pu4x2PBb4LrSWk,PET_TOY,2018-08-05,1533481200
1034,R_1pu4x2PBb4LrSWk,DOOR,2018-08-05,1533481200
1035,R_1pu4x2PBb4LrSWk,PHYSICAL_MOVIE,2018-08-05,1533481200
1036,R_1qdM6yLQigCFrkd,BROOM,2018-08-05,1533481200
1037,R_20Z3XrmdVrFDp3r,SNACK_FOOD_BAR,2018-08-05,1533481200
1038,R_22SxELlmhBQCe1C,ELECTRONIC_CABLE,2018-08-05,1533481200
1039,R_22mMopWqAj09mQc,ABIS_BOOK,2018-08-05,1533481200
1040,R_22mMopWqAj09mQc,CAMERA_FILM,2018-08-05,1533481200
1041,R_24csoaO569P4Yzz,TOYS_AND_GAMES,2018-08-05,1533481200
1042,R_24csoaO569P4Yzz,PORTABLE_ELECTRONIC_DEVICE_MOUNT,2018-08-05,1533481200
1043,R_24dbGLxukEKohG6,FERTILIZER,2018-08-05,1533481200
1044,R_25SbPPTyE45YzXP,SNACK_FOOD_BAR,2018-08-05,1533481200
1045,R_25SbPPTyE45YzXP,SOCKS,2018-08-05,1533481200
1046,R_25YqaojEWt641sK,MULTITOOL,2018-08-05,1533481200
1047,R_25YqaojEWt641sK,PET_FOOD,2018-08-05,1533481200
1048,R_27DL80quzRiSEmq,DRESS,2018-08-05,1533481200
1049,R_27DL80quzRiSEmq,NUTRITIONAL_SUPPLEMENT,2018-08-05,1533481200
1050,R_27DL80quzRiSEmq,BREAD,2018-08-05,1533481200
1051,R_27DL80quzRiSEmq,DRESS,2018-08-05,1533481200
1052,R_27DL80quzRiSEmq,NUTRITIONAL_SUPPLEMENT,2018-08-05,1533481200
1053,R_27DL80quzRiSEmq,BATTERY,2018-08-05,1533481200
1054,R_28BST1zc80UaP2C,BOOT,2018-08-05,1533481200
1055,R_28BST1zc80UaP2C,GREETING_CARD,2018-08-05,1533481200
1056,R_28BST1zc80UaP2C,RAW_MATERIALS,2018-08-05,1533481200
1057,R_28BST1zc80UaP2C,TOYS_AND_GAMES,2018-08-05,1533481200
1058,R_28BST1zc80UaP2C,FLASH_MEMORY,2018-08-05,1533481200
1059,R_29tZUWisKTCWczv,ABIS_BOOK,2018-08-05,1533481200
1060,R_29tZUWisKTCWczv,VITAMIN,2018-08-05,1533481200
1061,R_29tZUWisKTCWczv,SWING,2018-08-05,1533481200
1062,R_2BsOEd1kkGunQti,SPLASH_POOL,2018-08-05,1533481200
1063,R_2D1zydYR5SZ0LpK,TOYS_AND_GAMES,2018-08-05,1533481200
1064,R_2D1zydYR5SZ0LpK,TAPE_MEASURE,2018-08-05,1533481200
1065,R_2D1zydYR5SZ0LpK,SWIM_CAP,2018-08-05,1533481200
1066,R_2D1zydYR5SZ0LpK,SNOWSUIT,2018-08-05,1533481200
1067,R_2D1zydYR5SZ0LpK,HEADPHONES,2018-08-05,1533481200
1068,R_2D1zydYR5SZ0LpK,SWIM_CAP,2018-08-05,1533481200
1069,R_2D1zydYR5SZ0LpK,VITAMIN,2018-08-05,1533481200
1070,R_2D1zydYR5SZ0LpK,NUTRITIONAL_SUPPLEMENT,2018-08-05,1533481200
1071,R_2D1zydYR5SZ0LpK,BATTERY,2018-08-05,1533481200
1072,R_2D1zydYR5SZ0LpK,GROCERY,2018-08-05,1533481200
1073,R_2D1zydYR5SZ0LpK,SKIN_CLEANING_AGENT,2018-08-05,1533481200
1074,R_2D1zydYR5SZ0LpK,SNOWSUIT,2018-08-05,1533481200
1075,R_2D1zydYR5SZ0LpK,BATTERY,2018-08-05,1533481200
1076,R_2D1zydYR5SZ0LpK,HEALTH_PERSONAL_CARE,2018-08-05,1533481200
1077,R_2D1zydYR5SZ0LpK,TAPE_MEASURE,2018-08-05,1533481200
1078,R_2D1zydYR5SZ0LpK,BREAKFAST_CEREAL,2018-08-05,1533481200
1079,R_2D1zydYR5SZ0LpK,PROTEIN_DRINK,2018-08-05,1533481200
1080,R_2D2K5rKv8NODIDZ,TOYS_AND_GAMES,2018-08-05,1533481200
1081,R_2DSIdH6iUv9yJ8V,HERBAL_SUPPLEMENT,2018-08-05,1533481200
1082,R_2QEQOSl4i81CHb1,WIRELESS_AUDIO_ADAPTER,2018-08-05,1533481200
1083,R_2RUDh7piHU7frzt,MEDICATION,2018-08-05,1533481200
1084,R_2RUDh7piHU7frzt,TOY_STROLLER,2018-08-05,1533481200
1085,R_2UctLzmpg4UJRZu,VIVARIUM,2018-08-05,1533481200
1086,R_2VaWg2jhtCG6zmh,BEAUTY,2018-08-05,1533481200
1087,R_2VyUSFk11bbTVej,MEDICATION,2018-08-05,1533481200
1088,R_2XoI6KbLJRGFz5X,CABLE_TIE,2018-08-05,1533481200
1089,R_2XoI6KbLJRGFz5X,PET_BED_MAT,2018-08-05,1533481200
1090,R_2ZTFfLAcuwm22Yh,SKIN_CLEANING_AGENT,2018-08-05,1533481200
1091,R_2ZTFfLAcuwm22Yh,SKIN_MOISTURIZER,2018-08-05,1533481200
1092,R_2aKrOq0DBielcig,BED_SKIRT,2018-08-05,1533481200
1093,R_2aKrOq0DBielcig,ROBOTIC_VACUUM_CLEANER,2018-08-05,1533481200
1094,R_2aKrOq0DBielcig,PANTS,2018-08-05,1533481200
1095,R_2b1MfkpNO4V6xMv,OUTBUILDING,2018-08-05,1533481200
1096,R_2b1MfkpNO4V6xMv,UTILITY_SPONGE,2018-08-05,1533481200
1097,R_2b1MfkpNO4V6xMv,PANTS,2018-08-05,1533481200
1098,R_2b1MfkpNO4V6xMv,TOILET_SEAT,2018-08-05,1533481200
1099,R_2b1XOZR0PYTA1jX,COFFEE_FILTER,2018-08-05,1533481200
1100,R_2cBADxleVyzT89z,INDUSTRIAL_CASTERS,2018-08-05,1533481200
1101,R_2dX8oLhgW3U0Q0m,SKIN_MOISTURIZER,2018-08-05,1533481200
1102,R_2dX8oLhgW3U0Q0m,SCREEN_PROTECTOR,2018-08-05,1533481200
1103,R_2dyITPHbbfmCXJn,MEAL_REPLACEMENT_BEVERAGE,2018-08-05,1533481200
1104,R_2fQoqPD5ygeWViN,SNACK_FOOD_BAR,2018-08-05,1533481200
1105,R_2fQoqPD5ygeWViN,SKIN_MOISTURIZER,2018-08-05,1533481200
1106,R_2mKYTXpTsUEkSGt,VEHICLE_LIFT_KIT,2018-08-05,1533481200
1107,R_2pWwhBj1ZE9iNrB,GROCERY,2018-08-05,1533481200
1108,R_2pWwhBj1ZE9iNrB,CALENDAR,2018-08-05,1533481200
1109,R_2pWwhBj1ZE9iNrB,CAMCORDER,2018-08-05,1533481200
1110,R_2s5YO3cdqKDFyIM,PET_APPAREL,2018-08-05,1533481200
1111,R_2s5YO3cdqKDFyIM,CRAFT_HOOP_FRAME,2018-08-05,1533481200
1112,R_2s5YO3cdqKDFyIM,MEDICATION,2018-08-05,1533481200
1113,R_2vYO5d3Ry8qjf5g,SHIRT,2018-08-05,1533481200
1114,R_2w4cgTg4Pio3rhs,HERBAL_SUPPLEMENT,2018-08-05,1533481200
1115,R_2wagDt0ZaSu1p8q,DOWNLOADABLE_VIDEO_GAME,2018-08-05,1533481200
1116,R_2z7rLZb69WuqDdf,PET_FOOD,2018-08-05,1533481200
1117,R_2z7rLZb69WuqDdf,PHYSICAL_MOVIE,2018-08-05,1533481200
1118,R_2z7rLZb69WuqDdf,MATTRESS_COVER,2018-08-05,1533481200
1119,R_30kp7Wf9aTgpeIN,MUSICAL_INSTRUMENT_AMPLIFIER,2018-08-05,1533481200
1120,R_33a2eGfoj5xSrE2,INPUT_MOUSE,2018-08-05,1533481200
1121,R_33a2eGfoj5xSrE2,SHOES,2018-08-05,1533481200
1122,R_33a2eGfoj5xSrE2,CELLULAR_PHONE_CASE,2018-08-05,1533481200
1123,R_33a2eGfoj5xSrE2,SPEAKER_AMPLIFIER_STAND,2018-08-05,1533481200
1124,R_33kcOqAkuOfPeI1,DESK_PAD,2018-08-05,1533481200
1125,R_3D8tZyjLz903WIf,CELLULAR_PHONE_CASE,2018-08-05,1533481200
1126,R_3G1gYo1d23Zq8Np,ABIS_BOOK,2018-08-05,1533481200
1127,R_3G1gYo1d23Zq8Np,SURFACE_CLEANING_WIPE,2018-08-05,1533481200
1128,R_3G1gYo1d23Zq8Np,ABIS_BOOK,2018-08-05,1533481200
1129,R_3G1gYo1d23Zq8Np,SKIN_CLEANING_WIPE,2018-08-05,1533481200
1130,R_3HigTq4itishziE,CELLULAR_PHONE_CASE,2018-08-05,1533481200
1131,R_3J8UIMbwljBx6df,PHYSICAL_MOVIE,2018-08-05,1533481200
1132,R_3J8UIMbwljBx6df,THERMOS,2018-08-05,1533481200
1133,R_3J8UIMbwljBx6df,SPARK_PLUG,2018-08-05,1533481200
1134,R_3KCUnPI9FEz7vTo,BLANK_MEDIA,2018-08-05,1533481200
1135,R_3LXRVZSdJiqH63S,HEADPHONES,2018-08-05,1533481200
1136,R_3LXRVZSdJiqH63S,HARD_DRIVE_ENCLOSURE,2018-08-05,1533481200
1137,R_3M3RSZ7wNRSaxNx,SKIN_CLEANING_AGENT,2018-08-05,1533481200
1138,R_3Mc9nZhk6fg7b8z,POWERSPORTS_VEHICLE_PART,2018-08-05,1533481200
1139,R_3Mc9nZhk6fg7b8z,TOOTHBRUSH_HEAD,2018-08-05,1533481200
1140,R_3MnSLQdJkly3wfg,SCREEN_PROTECTOR,2018-08-05,1533481200
1141,R_3NwUrzA3eAsS3xO,GROCERY,2018-08-05,1533481200
1142,R_3NwUrzA3eAsS3xO,VITAMIN,2018-08-05,1533481200
1143,R_3NwUrzA3eAsS3xO,PHYSICAL_MOVIE,2018-08-05,1533481200
1144,R_3NwUrzA3eAsS3xO,HEADPHONES,2018-08-05,1533481200
1145,R_3NwUrzA3eAsS3xO,PET_FOOD,2018-08-05,1533481200
1146,R_3O9aPnM7ixjsbYK,HOME,2018-08-05,1533481200
1147,R_3O9aPnM7ixjsbYK,PET_ACTIVITY_STRUCTURE,2018-08-05,1533481200
1148,R_3ViaGvZl7J3ObBv,ELECTRONIC_CABLE,2018-08-05,1533481200
1149,R_3ek9YZGdsDHjUZf,SNACK_FOOD_BAR,2018-08-05,1533481200
1150,R_3ek9YZGdsDHjUZf,TOYS_AND_GAMES,2018-08-05,1533481200
1151,R_3ek9YZGdsDHjUZf,VITAMIN,2018-08-05,1533481200
1152,R_3ek9YZGdsDHjUZf,POOL_HEATER,2018-08-05,1533481200
1153,R_3ek9YZGdsDHjUZf,SKIN_MOISTURIZER,2018-08-05,1533481200
1154,R_3ek9YZGdsDHjUZf,GROCERY,2018-08-05,1533481200
1155,R_3ek9YZGdsDHjUZf,SNACK_FOOD_BAR,2018-08-05,1533481200
1156,R_3ek9YZGdsDHjUZf,HEALTH_PERSONAL_CARE,2018-08-05,1533481200
1157,R_3ek9YZGdsDHjUZf,SHIRT,2018-08-05,1533481200
1158,R_3ek9YZGdsDHjUZf,ANIMAL_NUTRITIONAL_SUPPLEMENT,2018-08-05,1533481200
1159,R_3ik7mYg7wgFsyfj,SNACK_FOOD_BAR,2018-08-05,1533481200
1160,R_3m3H4mwZ2snYFua,ADHESIVE_TAPES,2018-08-05,1533481200
1161,R_3mm166mlwrLpf6y,BATTERY,2018-08-05,1533481200
1162,R_3mm166mlwrLpf6y,DIGITAL_DEVICE_4,2018-08-05,1533481200
1163,R_3mm166mlwrLpf6y,PRESSURE_WASHER,2018-08-05,1533481200
1164,R_3n2VXT4Z99FpnEG,HEALTH_PERSONAL_CARE,2018-08-05,1533481200
1165,R_3n2VXT4Z99FpnEG,BATTERY,2018-08-05,1533481200
1166,R_3n2VXT4Z99FpnEG,KITE,2018-08-05,1533481200
1167,R_3n2VXT4Z99FpnEG,ORTHOPEDIC_BRACE,2018-08-05,1533481200
1168,R_3n2VXT4Z99FpnEG,PET_FOOD,2018-08-05,1533481200
1169,R_3oB0VIIWn6ZnPjN,SHIRT,2018-08-05,1533481200
1170,R_3p8Rjor8VyZP2Qp,GIFT_CARD,2018-08-05,1533481200
1171,R_3p8Rjor8VyZP2Qp,SNACK_FOOD_BAR,2018-08-05,1533481200
1172,R_3p8Rjor8VyZP2Qp,VACUUM_FILTER,2018-08-05,1533481200
1173,R_3pmeuOmzM4r5gMS,SKIN_MOISTURIZER,2018-08-05,1533481200
1174,R_3pmeuOmzM4r5gMS,BREAKFAST_CEREAL,2018-08-05,1533481200
1175,R_3rZHdmB75jSgwhr,NUTRITIONAL_SUPPLEMENT,2018-08-05,1533481200
1176,R_3s02y9lg8GCo9q0,CELLULAR_PHONE_CASE,2018-08-05,1533481200
1177,R_3s02y9lg8GCo9q0,ELECTRONIC_CABLE,2018-08-05,1533481200
1178,R_40engukXSxhrtF7,CONTROLLER,2018-08-05,1533481200
1179,R_6yXSEznYlOrZwSB,GAS_SMOKE_FIRE_ALARM,2018-08-05,1533481200
1180,R_6yXSEznYlOrZwSB,PHYSICAL_MOVIE,2018-08-05,1533481200
1181,R_8piDwWBq7V7tyZb,CLEANING_AGENT,2018-08-05,1533481200
1182,R_ApVmIUhdKhewFtn,HEALTH_PERSONAL_CARE,2018-08-05,1533481200
1183,R_ApVmIUhdKhewFtn,BATTERY_CHARGER,2018-08-05,1533481200
1184,R_BWhnv4EdbhSS6rf,UTILITY_CART_WAGON,2018-08-05,1533481200
1185,R_BWhnv4EdbhSS6rf,SLEEP_MASK,2018-08-05,1533481200
1186,R_BWhnv4EdbhSS6rf,SKIN_MOISTURIZER,2018-08-05,1533481200
1187,R_BWhnv4EdbhSS6rf,SHOES,2018-08-05,1533481200
1188,R_BWhnv4EdbhSS6rf,JUICE_AND_JUICE_DRINK,2018-08-05,1533481200
1189,R_BWhnv4EdbhSS6rf,ABIS_BOOK,2018-08-05,1533481200
1190,R_BWhnv4EdbhSS6rf,SEASONING,2018-08-05,1533481200
1191,R_CaF1pc8CnyWJvCp,HEALTH_PERSONAL_CARE,2018-08-05,1533481200
1192,R_CaF1pc8CnyWJvCp,TRASH_COMPACTOR,2018-08-05,1533481200
1193,R_CaF1pc8CnyWJvCp,WEARABLE_WEIGHT,2018-08-05,1533481200
1194,R_O6ZX76mggPnAOfD,SNACK_FOOD_BAR,2018-08-05,1533481200
1195,R_RlYyUhsDFvyGwX7,TEA,2018-08-05,1533481200
1196,R_SDxHC9YZwYTKedz,SKIN_CLEANING_WIPE,2018-08-05,1533481200
1197,R_SDxHC9YZwYTKedz,CAMERA_TRIPOD,2018-08-05,1533481200
1198,R_SIWNWQmjel55jzP,GROCERY,2018-08-05,1533481200
1199,R_SIWNWQmjel55jzP,SHOES,2018-08-05,1533481200
1200,R_TtK3Qkb3c3EIeoV,MEMORY_CARD_READER,2018-08-05,1533481200
1201,R_UEke64xAaOG3mTf,SANDAL,2018-08-05,1533481200
1202,R_UEke64xAaOG3mTf,SHIRT,2018-08-05,1533481200
1203,R_UEke64xAaOG3mTf,TUNER,2018-08-05,1533481200
1204,R_XSu10jIDimUl5m1,GROCERY,2018-08-05,1533481200
1205,R_XSu10jIDimUl5m1,HOME_FURNITURE_AND_DECOR,2018-08-05,1533481200
1206,R_Xt4H8BJ1Vx7ws8h,HAND_SEWING_NEEDLE,2018-08-05,1533481200
1207,R_Xt4H8BJ1Vx7ws8h,PANTS,2018-08-05,1533481200
1208,R_ZkokwdIEZybYo9z,VACUUM_FILTER,2018-08-05,1533481200
1209,R_ZkokwdIEZybYo9z,DRINK_FLAVORED,2018-08-05,1533481200
1210,R_ZkokwdIEZybYo9z,CUTLERY,2018-08-05,1533481200
1211,R_b3dSUlk76L0C6TD,HEALTH_PERSONAL_CARE,2018-08-05,1533481200
1212,R_b8UnkZJoU93ZxEB,BOXING_GLOVE,2018-08-05,1533481200
1213,R_b8UnkZJoU93ZxEB,SHIRT,2018-08-05,1533481200
1214,R_b8UnkZJoU93ZxEB,MEDICATION,2018-08-05,1533481200
1215,R_b8UnkZJoU93ZxEB,SEEDS_AND_PLANTS,2018-08-05,1533481200
1216,R_b8UnkZJoU93ZxEB,VITAMIN,2018-08-05,1533481200
1217,R_b8UnkZJoU93ZxEB,CHARGING_ADAPTER,2018-08-05,1533481200
1218,R_b8UnkZJoU93ZxEB,MEDICATION,2018-08-05,1533481200
1219,R_b8UnkZJoU93ZxEB,DRINKING_CUP,2018-08-05,1533481200
1220,R_b8UnkZJoU93ZxEB,AREA_DEODORIZER,2018-08-05,1533481200
1221,R_b8UnkZJoU93ZxEB,BATTERY_CHARGER,2018-08-05,1533481200
1222,R_b8UnkZJoU93ZxEB,TOOTH_CLEANING_AGENT,2018-08-05,1533481200
1223,R_b8UnkZJoU93ZxEB,SCREEN_PROTECTOR,2018-08-05,1533481200
1224,R_bK5PUvc46zAxoQN,COSMETIC_POWDER,2018-08-05,1533481200
1225,R_cAcAtozIWnZIbGp,NUTRITIONAL_SUPPLEMENT,2018-08-05,1533481200
1226,R_r1oTDkv1OlGnNuN,FUSE,2018-08-05,1533481200
1227,R_s6BUJFPzFF8fk2d,SHIRT,2018-08-05,1533481200
1228,R_s6BUJFPzFF8fk2d,FASTENER_DRIVE_BIT,2018-08-05,1533481200
1229,R_s6BUJFPzFF8fk2d,UNDERPANTS,2018-08-05,1533481200
1230,R_sGohXmtT8TjLibT,HEADPHONES,2018-08-05,1533481200
1231,R_sGohXmtT8TjLibT,SHIRT,2018-08-05,1533481200
1232,R_tXHOaasrDjYwLO9,BATTERY,2018-08-05,1533481200
1233,R_tXHOaasrDjYwLO9,SCREEN_PROTECTOR,2018-08-05,1533481200
1234,R_tXHOaasrDjYwLO9,NETWORK_SWITCH,2018-08-05,1533481200
1235,R_tXHOaasrDjYwLO9,TIGHTS,2018-08-05,1533481200
1236,R_tXHOaasrDjYwLO9,NUTRITIONAL_SUPPLEMENT,2018-08-05,1533481200
1237,R_uwVFb8VFUUGbCBH,BABY_CARRIER,2018-08-05,1533481200
1238,R_x969WzGgXuE1CuJ,NUTRITIONAL_SUPPLEMENT,2018-08-05,1533481200
1239,R_x969WzGgXuE1CuJ,SLIPPER,2018-08-05,1533481200
1240,R_xDvEzzSGeDDkvU5,BATHWATER_ADDITIVE,2018-08-05,1533481200
1241,R_xsyCKTazvY4vHbz,GROCERY,2018-08-05,1533481200
1242,R_zTf2i6s3E2OQZQR,OUTDOOR_RECREATION_PRODUCT,2018-08-05,1533481200
1243,R_zTf2i6s3E2OQZQR,SKIN_MOISTURIZER,2018-08-05,1533481200
1244,R_zTf2i6s3E2OQZQR,PROTEIN_SUPPLEMENT_POWDER,2018-08-05,1533481200
1245,R_zTi3j2QuqAzr7NL,SOCKS,2018-08-05,1533481200
1246,R_0InTWTWokrqzy3n,SCREEN_PROTECTOR,2018-08-06,1533567600
1247,R_1C9YUFD8GunlGej,ABIS_BOOK,2018-08-06,1533567600
1248,R_1CjWIsByjtP0GxZ,BATTERY,2018-08-06,1533567600
1249,R_1CjWIsByjtP0GxZ,PET_FOOD,2018-08-06,1533567600
1250,R_1GVsIStj8gTkbIE,ABIS_BOOK,2018-08-06,1533567600
1251,R_1GVsIStj8gTkbIE,ABIS_BOOK,2018-08-06,1533567600
1252,R_1Hena1rUph3TnA3,TEA,2018-08-06,1533567600
1253,R_1JLBP1fFf3p8tpy,SAFETY_MASK,2018-08-06,1533567600
1254,R_1JLBP1fFf3p8tpy,SKIN_MOISTURIZER,2018-08-06,1533567600
1255,R_1JLBP1fFf3p8tpy,FLASH_DRIVE,2018-08-06,1533567600
1256,R_1KxVDxZl2H0XoHS,MEDICATION,2018-08-06,1533567600
1257,R_1KxVDxZl2H0XoHS,WASTE_BAG,2018-08-06,1533567600
1258,R_1KxVDxZl2H0XoHS,WRITING_INSTRUMENT,2018-08-06,1533567600
1259,R_1KxVDxZl2H0XoHS,ABIS_BOOK,2018-08-06,1533567600
1260,R_1KxVDxZl2H0XoHS,BATTERY,2018-08-06,1533567600
1261,R_1NCzj2eSHI4QGcd,PANTS,2018-08-06,1533567600
1262,R_1NCzj2eSHI4QGcd,LIP_BALM,2018-08-06,1533567600
1263,R_1NgAWSeub1pgOGj,NECKTIE,2018-08-06,1533567600
1264,R_1QupmKjSh9fA4l4,HEALTH_PERSONAL_CARE,2018-08-06,1533567600
1265,R_1QupmKjSh9fA4l4,AIR_MATTRESS,2018-08-06,1533567600
1266,R_1QupmKjSh9fA4l4,MATTRESS,2018-08-06,1533567600
1267,R_1QutEVkZz69QFR7,BEDDING_SET,2018-08-06,1533567600
1268,R_1QutEVkZz69QFR7,VITAMIN,2018-08-06,1533567600
1269,R_1QutEVkZz69QFR7,BENCH,2018-08-06,1533567600
1270,R_1Qyzwfx5HrXdw4U,SHELF,2018-08-06,1533567600
1271,R_1dFu7LeBJE3Wd6p,SHOES,2018-08-06,1533567600
1272,R_1eLARPfQt7BNOE7,GUILD_HOME,2018-08-06,1533567600
1273,R_1eLARPfQt7BNOE7,MEDICATION,2018-08-06,1533567600
1274,R_1eLARPfQt7BNOE7,AMAZON_BOOK_READER,2018-08-06,1533567600
1275,R_1eLARPfQt7BNOE7,SHOES,2018-08-06,1533567600
1276,R_1escXXhyvAgsBYq,MEDICATION,2018-08-06,1533567600
1277,R_1exepO2lYqHFR9q,HEALTH_PERSONAL_CARE,2018-08-06,1533567600
1278,R_1exepO2lYqHFR9q,NASAL_ASPIRATOR,2018-08-06,1533567600
1279,R_1exepO2lYqHFR9q,HEALTH_PERSONAL_CARE,2018-08-06,1533567600
1280,R_1exepO2lYqHFR9q,SEWING_BUTTON,2018-08-06,1533567600
1281,R_1exepO2lYqHFR9q,TABLECLOTH,2018-08-06,1533567600
1282,R_1exepO2lYqHFR9q,SKIN_MOISTURIZER,2018-08-06,1533567600
1283,R_1jdLI5cWhAhAzSB,TOOTHBRUSH,2018-08-06,1533567600
1284,R_1jdLI5cWhAhAzSB,HANDBAG,2018-08-06,1533567600
1285,R_1oFSDeGAQcUN2v8,ELECTRONIC_CABLE,2018-08-06,1533567600
1286,R_1ouRfsTlr2iWPge,FOOTWEAR_CARE_KIT,2018-08-06,1533567600
1287,R_1ouRfsTlr2iWPge,ELECTRONIC_SENSOR,2018-08-06,1533567600
1288,R_1ouRfsTlr2iWPge,FACIAL_TISSUE,2018-08-06,1533567600
1289,R_1ouRfsTlr2iWPge,FOOD_STORAGE_CONTAINER,2018-08-06,1533567600
1290,R_1psTlOFeWx4gWdX,BODY_DEODORANT,2018-08-06,1533567600
1291,R_1psTlOFeWx4gWdX,NUTRITIONAL_SUPPLEMENT,2018-08-06,1533567600
1292,R_1pu6yYPsuymsIIz,HERBAL_SUPPLEMENT,2018-08-06,1533567600
1293,R_1q7GuBNrrAGdxx3,ELECTRONIC_CABLE,2018-08-06,1533567600
1294,R_1q7GuBNrrAGdxx3,SNACK_FOOD_BAR,2018-08-06,1533567600
1295,R_1q7GuBNrrAGdxx3,PANTS,2018-08-06,1533567600
1296,R_1roTOelTygZr5G8,SKIN_MOISTURIZER,2018-08-06,1533567600
1297,R_20O6baqxT4T2CbA,URN,2018-08-06,1533567600
1298,R_20O6baqxT4T2CbA,HEADPHONES,2018-08-06,1533567600
1299,R_20S7crqtX9XLeBx,ABIS_BOOK,2018-08-06,1533567600
1300,R_20S7crqtX9XLeBx,MINERAL_SUPPLEMENT,2018-08-06,1533567600
1301,R_20Z3XrmdVrFDp3r,DEHUMIDIFIER,2018-08-06,1533567600
1302,R_210tLKdUbUZuf7O,NUTRITIONAL_SUPPLEMENT,2018-08-06,1533567600
1303,R_210tLKdUbUZuf7O,SHIRT,2018-08-06,1533567600
1304,R_22XOWVbIo1lxpmy,STICKER_DECAL,2018-08-06,1533567600
1305,R_24MKoSmvuiLEI76,PHYSICAL_MOVIE,2018-08-06,1533567600
1306,R_24MKoSmvuiLEI76,BATTERY,2018-08-06,1533567600
1307,R_24dbGLxukEKohG6,ELECTRONIC_CABLE,2018-08-06,1533567600
1308,R_24dbGLxukEKohG6,ELECTRONIC_ADAPTER,2018-08-06,1533567600
1309,R_24dbGLxukEKohG6,NUTRITIONAL_SUPPLEMENT,2018-08-06,1533567600
1310,R_24dbGLxukEKohG6,ANIMAL_CAGE,2018-08-06,1533567600
1311,R_24dbGLxukEKohG6,PET_FOOD,2018-08-06,1533567600
1312,R_27B5jMHYqArQV6X,ABIS_BOOK,2018-08-06,1533567600
1313,R_27B5jMHYqArQV6X,FOOD_MIXER,2018-08-06,1533567600
1314,R_27lE2A8TyANjHWE,CARGO_NET,2018-08-06,1533567600
1315,R_27lE2A8TyANjHWE,ELECTRONIC_CABLE,2018-08-06,1533567600
1316,R_29oUfTgQ6sWbFG2,TOYS_AND_GAMES,2018-08-06,1533567600
1317,R_29oUfTgQ6sWbFG2,PET_FOOD,2018-08-06,1533567600
1318,R_29oUfTgQ6sWbFG2,HAT,2018-08-06,1533567600
1319,R_29oUfTgQ6sWbFG2,PET_FOOD,2018-08-06,1533567600
1320,R_29oUfTgQ6sWbFG2,GARMENT_PROTECTOR_COVER,2018-08-06,1533567600
1321,R_29oUfTgQ6sWbFG2,ABIS_BOOK,2018-08-06,1533567600
1322,R_29oUfTgQ6sWbFG2,SCREEN_PROTECTOR,2018-08-06,1533567600
1323,R_29uBVByYo0xAXiZ,SPROCKETS,2018-08-06,1533567600
1324,R_2Qu0fgUOnDpaKDH,ELECTRONIC_CABLE,2018-08-06,1533567600
1325,R_2Qu0fgUOnDpaKDH,BATTERY,2018-08-06,1533567600
1326,R_2UctLzmpg4UJRZu,VIVARIUM,2018-08-06,1533567600
1327,R_2VyUSFk11bbTVej,PANTS,2018-08-06,1533567600
1328,R_2Xj7LtCe2Mt8jNi,ELECTRONIC_CABLE,2018-08-06,1533567600
1329,R_2Xj7LtCe2Mt8jNi,WIPER_BLADE,2018-08-06,1533567600
1330,R_2XoI6KbLJRGFz5X,SHIRT,2018-08-06,1533567600
1331,R_2XoI6KbLJRGFz5X,ABIS_BOOK,2018-08-06,1533567600
1332,R_2XoI6KbLJRGFz5X,MUSICAL_INSTRUMENT_STRING,2018-08-06,1533567600
1333,R_2XoI6KbLJRGFz5X,VITAMIN,2018-08-06,1533567600
1334,R_2XoI6KbLJRGFz5X,SUNGLASSES,2018-08-06,1533567600
1335,R_2XoI6KbLJRGFz5X,MEDICATION,2018-08-06,1533567600
1336,R_2YR2Yn7wGzAeAj0,SPORT_NET,2018-08-06,1533567600
1337,R_2YR2Yn7wGzAeAj0,HEADPHONES,2018-08-06,1533567600
1338,R_2aldwxmUZox7Yfd,SHOES,2018-08-06,1533567600
1339,R_2dGCaOSuAKevfs7,MODEM,2018-08-06,1533567600
1340,R_2ebzj3o225IisIQ,ADHESIVE_TAPES,2018-08-06,1533567600
1341,R_2ebzj3o225IisIQ,MEDICATION,2018-08-06,1533567600
1342,R_2ebzj3o225IisIQ,HEALTH_PERSONAL_CARE,2018-08-06,1533567600
1343,R_2ebzj3o225IisIQ,DRINKING_CUP,2018-08-06,1533567600
1344,R_2mAJniG0xVBIInL,SNACK_CHIP_AND_CRISP,2018-08-06,1533567600
1345,R_2mAJniG0xVBIInL,ELECTRONIC_CABLE,2018-08-06,1533567600
1346,R_2mAJniG0xVBIInL,BATTERY,2018-08-06,1533567600
1347,R_2qD8ep8d313iLj4,RAZOR_BLADE_CARTRIDGE,2018-08-06,1533567600
1348,R_2qD8ep8d313iLj4,RAZOR_BLADE_CARTRIDGE,2018-08-06,1533567600
1349,R_2uPcQuKixR5S2ZO,PHYSICAL_MOVIE,2018-08-06,1533567600
1350,R_2w4cgTg4Pio3rhs,VITAMIN,2018-08-06,1533567600
1351,R_2w4cgTg4Pio3rhs,PALETTE_PUTTY_KNIFE,2018-08-06,1533567600
1352,R_31XTJUT1qHoBGRZ,SKIN_MOISTURIZER,2018-08-06,1533567600
1353,R_31XTJUT1qHoBGRZ,EYELASH_CURLER,2018-08-06,1533567600
1354,R_31XTJUT1qHoBGRZ,SHOELACE,2018-08-06,1533567600
1355,R_31XTJUT1qHoBGRZ,ABDOMINAL_EXERCISER,2018-08-06,1533567600
1356,R_31XTJUT1qHoBGRZ,SHOELACE,2018-08-06,1533567600
1357,R_3Ebh099lpNz7iC2,SHOES,2018-08-06,1533567600
1358,R_3Ebh099lpNz7iC2,SPORT_HELMET,2018-08-06,1533567600
1359,R_3Ebh099lpNz7iC2,SNACK_FOOD_BAR,2018-08-06,1533567600
1360,R_3Ebh099lpNz7iC2,LIGHT_BULB,2018-08-06,1533567600
1361,R_3Ebh099lpNz7iC2,LIGHT_BULB,2018-08-06,1533567600
1362,R_3Ebh099lpNz7iC2,ABIS_BOOK,2018-08-06,1533567600
1363,R_3Ebh099lpNz7iC2,DRINKING_CUP,2018-08-06,1533567600
1364,R_3Ebh099lpNz7iC2,ELECTRONIC_ADAPTER,2018-08-06,1533567600
1365,R_3ElHoNUS8Tyu7RP,STORAGE_HOOK,2018-08-06,1533567600
1366,R_3ElHoNUS8Tyu7RP,TEAPOT,2018-08-06,1533567600
1367,R_3EzeiT36qvnPNn2,POTABLE_WATER_FILTER,2018-08-06,1533567600
1368,R_3EzeiT36qvnPNn2,VITAMIN,2018-08-06,1533567600
1369,R_3GD1CL4OyjglmbZ,PHYSICAL_MOVIE,2018-08-06,1533567600
1370,R_3L20DbmNPSMtKUd,UTILITY_SPONGE,2018-08-06,1533567600
1371,R_3M3RSZ7wNRSaxNx,VITAMIN,2018-08-06,1533567600
1372,R_3Mc9nZhk6fg7b8z,RICE_MIX,2018-08-06,1533567600
1373,R_3Mc9nZhk6fg7b8z,SCREEN_PROTECTOR,2018-08-06,1533567600
1374,R_3Mc9nZhk6fg7b8z,SNACK_MIX,2018-08-06,1533567600
1375,R_3NQyjCbeWDx3POa,PHYSICAL_MOVIE,2018-08-06,1533567600
1376,R_3NwUrzA3eAsS3xO,PET_FOOD,2018-08-06,1533567600
1377,R_3NwUrzA3eAsS3xO,SHOES,2018-08-06,1533567600
1378,R_3NwUrzA3eAsS3xO,MECHANICAL_FASTENERS,2018-08-06,1533567600
1379,R_3NwUrzA3eAsS3xO,PHYSICAL_TV_SERIES,2018-08-06,1533567600
1380,R_3PAyJj7mQvMzMco,SHOES,2018-08-06,1533567600
1381,R_3PUi8o2if0JqKfl,PASTRY_BASTING_BRUSH,2018-08-06,1533567600
1382,R_3PcameSHVD10BZP,SKIN_MOISTURIZER,2018-08-06,1533567600
1383,R_3PcameSHVD10BZP,NUTRITIONAL_SUPPLEMENT,2018-08-06,1533567600
1384,R_3PcameSHVD10BZP,FUEL_FILTER,2018-08-06,1533567600
1385,R_3RmDOazalOu0F1L,ABIS_MUSIC,2018-08-06,1533567600
1386,R_3RmDOazalOu0F1L,CELLULAR_PHONE_CASE,2018-08-06,1533567600
1387,R_3ebnP0qUIQ7u38i,FLASH_MEMORY,2018-08-06,1533567600
1388,R_3ebnP0qUIQ7u38i,BATTERY,2018-08-06,1533567600
1389,R_3ixUxNOUiEYD7KJ,SNACK_FOOD_BAR,2018-08-06,1533567600
1390,R_3ixUxNOUiEYD7KJ,ABIS_BOOK,2018-08-06,1533567600
1391,R_3ixUxNOUiEYD7KJ,FASHIONOTHER,2018-08-06,1533567600
1392,R_3ixUxNOUiEYD7KJ,YARN,2018-08-06,1533567600
1393,R_3ixUxNOUiEYD7KJ,PHYSICAL_MOVIE,2018-08-06,1533567600
1394,R_3ixUxNOUiEYD7KJ,DRESS,2018-08-06,1533567600
1395,R_3iydBpfsKD9jRTq,SPORTING_GOODS,2018-08-06,1533567600
1396,R_3m3H4mwZ2snYFua,MEDICATION,2018-08-06,1533567600
1397,R_3m3H4mwZ2snYFua,SHIRT,2018-08-06,1533567600
1398,R_3pmeuOmzM4r5gMS,WINDING_REEL,2018-08-06,1533567600
1399,R_3qWnPpXqudB3ETJ,SNACK_FOOD_BAR,2018-08-06,1533567600
1400,R_3qqdzQnCaBYHx9o,FILE_FOLDER,2018-08-06,1533567600
1401,R_3qqdzQnCaBYHx9o,AIR_PURIFIER,2018-08-06,1533567600
1402,R_3qqdzQnCaBYHx9o,SHOES,2018-08-06,1533567600
1403,R_3qqdzQnCaBYHx9o,PORTABLE_ELECTRONIC_DEVICE_MOUNT,2018-08-06,1533567600
1404,R_3qqdzQnCaBYHx9o,CAMERA_STAGE_LIGHTING_MODIFIER,2018-08-06,1533567600
1405,R_3qqdzQnCaBYHx9o,HEALTH_PERSONAL_CARE,2018-08-06,1533567600
1406,R_3s02y9lg8GCo9q0,AREA_DEODORIZER,2018-08-06,1533567600
1407,R_3sp0qsXaE11taC1,BABY_SEAT,2018-08-06,1533567600
1408,R_3sp0qsXaE11taC1,ELECTRONIC_ADAPTER,2018-08-06,1533567600
1409,R_3sp0qsXaE11taC1,NUTRITIONAL_SUPPLEMENT,2018-08-06,1533567600
1410,R_3sp0qsXaE11taC1,HEALTH_PERSONAL_CARE,2018-08-06,1533567600
1411,R_4ONrU60VenuwARr,BATTERY,2018-08-06,1533567600
1412,R_4YjfHl0af8gN30Z,SCREEN_PROTECTOR,2018-08-06,1533567600
1413,R_5uabKnJBMc7HyEN,SCREEN_PROTECTOR,2018-08-06,1533567600
1414,R_6Jw0sPgGkHLnKkp,RING,2018-08-06,1533567600
1415,R_6Jw0sPgGkHLnKkp,GROCERY,2018-08-06,1533567600
1416,R_6lnssfnXksO2ntf,BOOKEND,2018-08-06,1533567600
1417,R_6lnssfnXksO2ntf,BOOKEND,2018-08-06,1533567600
1418,R_6lnssfnXksO2ntf,FAUCET,2018-08-06,1533567600
1419,R_8CXcySQawXPuJwJ,KNIFE_BLOCK,2018-08-06,1533567600
1420,R_8puIA0Aj4F8MuI1,PLANTER,2018-08-06,1533567600
1421,R_8puIA0Aj4F8MuI1,SCREEN_PROTECTOR,2018-08-06,1533567600
1422,R_8puIA0Aj4F8MuI1,ELECTRONIC_CABLE,2018-08-06,1533567600
1423,R_AEBbAiW2xdXI2at,CELLULAR_PHONE_CASE,2018-08-06,1533567600
1424,R_AEBbAiW2xdXI2at,SHOES,2018-08-06,1533567600
1425,R_AEBbAiW2xdXI2at,ELECTRONIC_CABLE,2018-08-06,1533567600
1426,R_AEBbAiW2xdXI2at,ELECTRONIC_CABLE,2018-08-06,1533567600
1427,R_AKBlDprDMrv4M7v,NUTRITIONAL_SUPPLEMENT,2018-08-06,1533567600
1428,R_Ap2HcvpPLRDJv9L,PHYSICAL_MOVIE,2018-08-06,1533567600
1429,R_BWhnv4EdbhSS6rf,ELECTRONIC_CABLE,2018-08-06,1533567600
1430,R_BWhnv4EdbhSS6rf,VITAMIN,2018-08-06,1533567600
1431,R_BWhnv4EdbhSS6rf,SAUCE,2018-08-06,1533567600
1432,R_BWhnv4EdbhSS6rf,ELECTRONIC_CABLE,2018-08-06,1533567600
1433,R_BWhnv4EdbhSS6rf,JUICE_AND_JUICE_DRINK,2018-08-06,1533567600
1434,R_BWhnv4EdbhSS6rf,UTILITY_CART_WAGON,2018-08-06,1533567600
1435,R_BWhnv4EdbhSS6rf,LAUNDRY_DETERGENT,2018-08-06,1533567600
1436,R_BWhnv4EdbhSS6rf,FLAVORED_DRINK_CONCENTRATE,2018-08-06,1533567600
1437,R_BWhnv4EdbhSS6rf,FOOD_OR_BEVERAGE_WARMER,2018-08-06,1533567600
1438,R_BWhnv4EdbhSS6rf,TOILET_PAPER,2018-08-06,1533567600
1439,R_C1gEwoKxaLBh0eR,SCREEN_PROTECTOR,2018-08-06,1533567600
1440,R_C1gEwoKxaLBh0eR,BUNGEE_CORD,2018-08-06,1533567600
1441,R_C1gEwoKxaLBh0eR,PET_FOOD,2018-08-06,1533567600
1442,R_C46bB8ihQWceG9r,BATTERY,2018-08-06,1533567600
1443,R_C46bB8ihQWceG9r,SHAVING_AGENT,2018-08-06,1533567600
1444,R_C46bB8ihQWceG9r,VITAMIN,2018-08-06,1533567600
1445,R_D8LcojwusttCWaJ,MATTRESS_COVER,2018-08-06,1533567600
1446,R_OfntYUzw43qHbuF,PANTS,2018-08-06,1533567600
1447,R_OfntYUzw43qHbuF,OPTICAL_DISC_DRIVE,2018-08-06,1533567600
1448,R_PwlnzzccUMXV0n7,PANTS,2018-08-06,1533567600
1449,R_PwlnzzccUMXV0n7,PILLOWCASE,2018-08-06,1533567600
1450,R_PwlnzzccUMXV0n7,TOYS_AND_GAMES,2018-08-06,1533567600
1451,R_PwlnzzccUMXV0n7,PET_FOOD,2018-08-06,1533567600
1452,R_Q4ZjTFeyiC5kgQV,SHARPS_DISPOSAL_CONTAINER,2018-08-06,1533567600
1453,R_RK5cwWjrNzWCfLj,NUTRITIONAL_SUPPLEMENT,2018-08-06,1533567600
1454,R_RK5cwWjrNzWCfLj,NUTRITIONAL_SUPPLEMENT,2018-08-06,1533567600
1455,R_RK5cwWjrNzWCfLj,RECREATION_BALL,2018-08-06,1533567600
1456,R_RK5cwWjrNzWCfLj,SKIN_CLEANING_WIPE,2018-08-06,1533567600
1457,R_RK5cwWjrNzWCfLj,ACCESSORY_OR_PART_OR_SUPPLY,2018-08-06,1533567600
1458,R_RK5cwWjrNzWCfLj,GARMENT_STEAMER,2018-08-06,1533567600
1459,R_RK5cwWjrNzWCfLj,PAINT,2018-08-06,1533567600
1460,R_RK5cwWjrNzWCfLj,TOTE_BAG,2018-08-06,1533567600
1461,R_SBiEJOUFyfjK5eF,PACIFIER,2018-08-06,1533567600
1462,R_SBiEJOUFyfjK5eF,VEHICLE_INTERIOR_SHADE,2018-08-06,1533567600
1463,R_XSu10jIDimUl5m1,CELLULAR_PHONE_CASE,2018-08-06,1533567600
1464,R_XSu10jIDimUl5m1,INCONTINENCE_PROTECTOR,2018-08-06,1533567600
1465,R_XYsrPCXL5N6boad,BATTERY,2018-08-06,1533567600
1466,R_Xhz81T9LodPX0KB,CELLULAR_PHONE_CASE,2018-08-06,1533567600
1467,R_Xhz81T9LodPX0KB,LIGHT_FIXTURE,2018-08-06,1533567600
1468,R_Xhz81T9LodPX0KB,SCREEN_PROTECTOR,2018-08-06,1533567600
1469,R_Xhz81T9LodPX0KB,BEAUTY,2018-08-06,1533567600
1470,R_Xhz81T9LodPX0KB,CLEANING_AGENT,2018-08-06,1533567600
1471,R_Y3PPLmdNg6NnwZz,PHYSICAL_MOVIE,2018-08-06,1533567600
1472,R_Y3TdYiBodZOLXlT,MEDICATION,2018-08-06,1533567600
1473,R_Y3TdYiBodZOLXlT,SHOES,2018-08-06,1533567600
1474,R_Y3TdYiBodZOLXlT,CELLULAR_PHONE_CASE,2018-08-06,1533567600
1475,R_Y3TdYiBodZOLXlT,PANTS,2018-08-06,1533567600
1476,R_Y3TdYiBodZOLXlT,GROCERY,2018-08-06,1533567600
1477,R_b8UnkZJoU93ZxEB,LANDLINE_PHONE,2018-08-06,1533567600
1478,R_b8UnkZJoU93ZxEB,PHYSICAL_MOVIE,2018-08-06,1533567600
1479,R_b8UnkZJoU93ZxEB,GROCERY,2018-08-06,1533567600
1480,R_b8UnkZJoU93ZxEB,SHIRT,2018-08-06,1533567600
1481,R_br5a8OxAqrKRxQd,PANTS,2018-08-06,1533567600
1482,R_ctNHcxd3vRvndXH,SHOES,2018-08-06,1533567600
1483,R_r1oTDkv1OlGnNuN,SHIRT,2018-08-06,1533567600
1484,R_s6BUJFPzFF8fk2d,PET_FOOD,2018-08-06,1533567600
1485,R_sH8W9PyBq2swyLn,BONDING_ADHESIVES,2018-08-06,1533567600
1486,R_u2EdYogSnJBrpex,SKIN_MOISTURIZER,2018-08-06,1533567600
1487,R_u2EdYogSnJBrpex,PAINT_BRUSH,2018-08-06,1533567600
1488,R_upQla15Wb4pg1pv,HEAT_SINK,2018-08-06,1533567600
1489,R_w5JAqptOytTan4J,BATTERY,2018-08-06,1533567600
1490,R_w7a7YDkfvtMXJ8l,BATTERY,2018-08-06,1533567600
1491,R_w7a7YDkfvtMXJ8l,GROCERY,2018-08-06,1533567600
1492,R_xmW6sCBJmFDlI8V,COFFEE,2018-08-06,1533567600
1493,R_xmW6sCBJmFDlI8V,VITAMIN,2018-08-06,1533567600
1494,R_xmW6sCBJmFDlI8V,BUILDING_MATERIAL,2018-08-06,1533567600
1495,R_yILeYEcIeCBmy2t,TOOTH_CLEANING_AGENT,2018-08-06,1533567600
1496,R_yILeYEcIeCBmy2t,PET_FOOD,2018-08-06,1533567600
1497,R_yILeYEcIeCBmy2t,PITCHER,2018-08-06,1533567600
1498,R_yILeYEcIeCBmy2t,TOOTH_CLEANING_AGENT,2018-08-06,1533567600
1499,R_10wSqGFumZGSTmH,CELLULAR_PHONE_CASE,2018-08-07,1533654000
1500,R_10wSqGFumZGSTmH,BOTTLE,2018-08-07,1533654000
1501,R_10wSqGFumZGSTmH,TOYS_AND_GAMES,2018-08-07,1533654000
1502,R_10wSqGFumZGSTmH,KITCHEN,2018-08-07,1533654000
1503,R_1CjWIsByjtP0GxZ,PET_FOOD,2018-08-07,1533654000
1504,R_1FJHvQm83j8lK35,WATER,2018-08-07,1533654000
1505,R_1Hena1rUph3TnA3,VITAMIN,2018-08-07,1533654000
1506,R_1I4dnMKlrmtUP09,HAIR_TRIMMER,2018-08-07,1533654000
1507,R_1LMa9REuvUok05j,JAR,2018-08-07,1533654000
1508,R_1LMa9REuvUok05j,GROCERY,2018-08-07,1533654000
1509,R_1NCzj2eSHI4QGcd,PAW_HOOF_PROTECTOR,2018-08-07,1533654000
1510,R_1NCzj2eSHI4QGcd,STATIONARY_BICYCLE,2018-08-07,1533654000
1511,R_1NCzj2eSHI4QGcd,LIP_BALM,2018-08-07,1533654000
1512,R_1NCzj2eSHI4QGcd,MEDICATION,2018-08-07,1533654000
1513,R_1Nh9okz5clSAlfl,MOP,2018-08-07,1533654000
1514,R_1QozBaV2v9k1qO9,PORTABLE_ELECTRONIC_DEVICE_COVER,2018-08-07,1533654000
1515,R_1QozBaV2v9k1qO9,BOTTLE_NIPPLE,2018-08-07,1533654000
1516,R_1QutEVkZz69QFR7,SKIN_MOISTURIZER,2018-08-07,1533654000
1517,R_1QutEVkZz69QFR7,BENCH,2018-08-07,1533654000
1518,R_1dppjLIFEdj7Kq5,ART_AND_CRAFT_SUPPLY,2018-08-07,1533654000
1519,R_1dppjLIFEdj7Kq5,SHIRT,2018-08-07,1533654000
1520,R_1dppjLIFEdj7Kq5,NUTRITIONAL_SUPPLEMENT,2018-08-07,1533654000
1521,R_1dppjLIFEdj7Kq5,PRINT_COPY_PAPER,2018-08-07,1533654000
1522,R_1dppjLIFEdj7Kq5,ELECTRONIC_CABLE,2018-08-07,1533654000
1523,R_1dppjLIFEdj7Kq5,NUTRITIONAL_SUPPLEMENT,2018-08-07,1533654000
1524,R_1dppjLIFEdj7Kq5,MACHINE_LUBRICANT,2018-08-07,1533654000
1525,R_1gBFjjzA3U3mmXf,PANTS,2018-08-07,1533654000
1526,R_1gBFjjzA3U3mmXf,VEHICLE_LIFT_KIT,2018-08-07,1533654000
1527,R_1gBFjjzA3U3mmXf,LIGHT_BOX,2018-08-07,1533654000
1528,R_1gBFjjzA3U3mmXf,MENSTRUAL_CUP,2018-08-07,1533654000
1529,R_1gBFjjzA3U3mmXf,ABIS_BOOK,2018-08-07,1533654000
1530,R_1gwL8QZGzhV0g3G,SHOES,2018-08-07,1533654000
1531,R_1gwL8QZGzhV0g3G,TOYS_AND_GAMES,2018-08-07,1533654000
1532,R_1gwL8QZGzhV0g3G,TOYS_AND_GAMES,2018-08-07,1533654000
1533,R_1hLPyY3aamfi3xT,PET_SUPPLIES,2018-08-07,1533654000
1534,R_1hMV4AHCk04WO5V,SHIRT,2018-08-07,1533654000
1535,R_1hMV4AHCk04WO5V,NAIL_CLIPPER,2018-08-07,1533654000
1536,R_1hMV4AHCk04WO5V,TOYS_AND_GAMES,2018-08-07,1533654000
1537,R_1ig4LC2I0cwMCHk,MEDICATION,2018-08-07,1533654000
1538,R_1jARg5bGH5uqAKW,SKIN_CLEANING_AGENT,2018-08-07,1533654000
1539,R_1jdLI5cWhAhAzSB,TOYS_AND_GAMES,2018-08-07,1533654000
1540,R_1lAIBWf5Qsww7eT,BADGE_HOLDER,2018-08-07,1533654000
1541,R_1lAIBWf5Qsww7eT,HANGING_MOBILE,2018-08-07,1533654000
1542,R_1lAIBWf5Qsww7eT,GROCERY,2018-08-07,1533654000
1543,R_1lxYa2W6GgcAQ19,TIMER,2018-08-07,1533654000
1544,R_1lxYa2W6GgcAQ19,BOOKS_1973_AND_LATER,2018-08-07,1533654000
1545,R_1n8h8059UUul8Dr,PHYSICAL_MOVIE,2018-08-07,1533654000
1546,R_1oFSDeGAQcUN2v8,SNACK_FOOD_BAR,2018-08-07,1533654000
1547,R_1oFSDeGAQcUN2v8,BATTERY,2018-08-07,1533654000
1548,R_1q7AvsyRPpTSWFi,SHARPS_DISPOSAL_CONTAINER,2018-08-07,1533654000
1549,R_1q7AvsyRPpTSWFi,RESPIRATOR,2018-08-07,1533654000
1550,R_1q7AvsyRPpTSWFi,MASCARA,2018-08-07,1533654000
1551,R_20O6baqxT4T2CbA,SNACK_FOOD_BAR,2018-08-07,1533654000
1552,R_20TAzxGcUSMw2Gy,GROCERY,2018-08-07,1533654000
1553,R_20TAzxGcUSMw2Gy,PHYSICAL_MOVIE,2018-08-07,1533654000
1554,R_20TAzxGcUSMw2Gy,MUSICAL_INSTRUMENT_TOY,2018-08-07,1533654000
1555,R_20TAzxGcUSMw2Gy,MAGNIFIER,2018-08-07,1533654000
1556,R_20TAzxGcUSMw2Gy,SCREEN_PROTECTOR,2018-08-07,1533654000
1557,R_20Yd9DvrGselmZY,DRINK_FLAVORED,2018-08-07,1533654000
1558,R_20Yd9DvrGselmZY,PET_FOOD,2018-08-07,1533654000
1559,R_20Yd9DvrGselmZY,CONDITIONER,2018-08-07,1533654000
1560,R_20Yd9DvrGselmZY,SHAMPOO,2018-08-07,1533654000
1561,R_20Yd9DvrGselmZY,CELLULAR_PHONE_CASE,2018-08-07,1533654000
1562,R_23enipHqTsjcQfN,PET_FOOD,2018-08-07,1533654000
1563,R_23enipHqTsjcQfN,MEDICATION,2018-08-07,1533654000
1564,R_23enipHqTsjcQfN,BATTERY,2018-08-07,1533654000
1565,R_24dbGLxukEKohG6,ANIMAL_CAGE,2018-08-07,1533654000
1566,R_24dbGLxukEKohG6,ENVELOPE,2018-08-07,1533654000
1567,R_24vf4xIuT0kGsZ3,SKIN_MOISTURIZER,2018-08-07,1533654000
1568,R_273TMGuLM3jXisi,PET_FOOD,2018-08-07,1533654000
1569,R_273TMGuLM3jXisi,SWIMWEAR,2018-08-07,1533654000
1570,R_273TMGuLM3jXisi,CELLULAR_PHONE_CASE,2018-08-07,1533654000
1571,R_273TMGuLM3jXisi,ELECTRONIC_CABLE,2018-08-07,1533654000
1572,R_27DL80quzRiSEmq,VITAMIN,2018-08-07,1533654000
1573,R_27lE2A8TyANjHWE,BABY_BOTTLE,2018-08-07,1533654000
1574,R_27lE2A8TyANjHWE,SCREEN_PROTECTOR,2018-08-07,1533654000
1575,R_28SckJ1LanzFPvD,SOLDERING_IRON,2018-08-07,1533654000
1576,R_2BstrkPd4gMc6Ih,SONAR_FATHOMETER,2018-08-07,1533654000
1577,R_2E5XCpTY2B5ZQ1f,WALLET,2018-08-07,1533654000
1578,R_2E5XCpTY2B5ZQ1f,TOOTHBRUSH_HOLDER,2018-08-07,1533654000
1579,R_2E5XCpTY2B5ZQ1f,NUTRITIONAL_SUPPLEMENT,2018-08-07,1533654000
1580,R_2E5XCpTY2B5ZQ1f,TOOTHBRUSH_HOLDER,2018-08-07,1533654000
1581,R_2QLMv0UtT8vuLkB,NUTRITIONAL_SUPPLEMENT,2018-08-07,1533654000
1582,R_2QLMv0UtT8vuLkB,BATTERY,2018-08-07,1533654000
1583,R_2QLMv0UtT8vuLkB,TOWEL,2018-08-07,1533654000
1584,R_2QLMv0UtT8vuLkB,COFFEE_MAKER,2018-08-07,1533654000
1585,R_2QQl58nFfrZayxf,SNACK_FOOD_BAR,2018-08-07,1533654000
1586,R_2QrmzNCNpcA7B9p,SNACK_FOOD_BAR,2018-08-07,1533654000
1587,R_2QrmzNCNpcA7B9p,PANTS,2018-08-07,1533654000
1588,R_2QrmzNCNpcA7B9p,ABIS_BOOK,2018-08-07,1533654000
1589,R_2Qu0fgUOnDpaKDH,ARTIFICIAL_PLANT,2018-08-07,1533654000
1590,R_2Qu0fgUOnDpaKDH,BATTERY,2018-08-07,1533654000
1591,R_2Qu0fgUOnDpaKDH,ABIS_BOOK,2018-08-07,1533654000
1592,R_2Qu0fgUOnDpaKDH,SKIN_CLEANING_AGENT,2018-08-07,1533654000
1593,R_2Qu0fgUOnDpaKDH,MEDICATION,2018-08-07,1533654000
1594,R_2Qu0fgUOnDpaKDH,CELLULAR_PHONE_CASE,2018-08-07,1533654000
1595,R_2Qu0fgUOnDpaKDH,SKIN_MOISTURIZER,2018-08-07,1533654000
1596,R_2Qu0fgUOnDpaKDH,WAIST_PACK,2018-08-07,1533654000
1597,R_2Qu0fgUOnDpaKDH,MEDICATION,2018-08-07,1533654000
1598,R_2Qu0fgUOnDpaKDH,BOLTS,2018-08-07,1533654000
1599,R_2Qu0fgUOnDpaKDH,WAIST_PACK,2018-08-07,1533654000
1600,R_2Qu0fgUOnDpaKDH,MEAL_HOLDER,2018-08-07,1533654000
1601,R_2VyUSFk11bbTVej,GROCERY,2018-08-07,1533654000
1602,R_2WVIxBGaj1uOr8S,RICE_MIX,2018-08-07,1533654000
1603,R_2WVIxBGaj1uOr8S,TUNER,2018-08-07,1533654000
1604,R_2WVIxBGaj1uOr8S,FALSE_EYELASH,2018-08-07,1533654000
1605,R_2WVIxBGaj1uOr8S,GROCERY,2018-08-07,1533654000
1606,R_2XoI6KbLJRGFz5X,PET_FOOD,2018-08-07,1533654000
1607,R_2XoI6KbLJRGFz5X,PET_FOOD,2018-08-07,1533654000
1608,R_2XoI6KbLJRGFz5X,ELECTRONIC_CABLE,2018-08-07,1533654000
1609,R_2YeJ7ZNQ5xBFmxw,NUTRITIONAL_SUPPLEMENT,2018-08-07,1533654000
1610,R_2cBADxleVyzT89z,RUG_PAD,2018-08-07,1533654000
1611,R_2cBADxleVyzT89z,NUTRITIONAL_SUPPLEMENT,2018-08-07,1533654000
1612,R_2dY2NzAgp2digAs,SCREEN_PROTECTOR,2018-08-07,1533654000
1613,R_2dY2NzAgp2digAs,PORTABLE_ELECTRONIC_DEVICE_COVER,2018-08-07,1533654000
1614,R_2ebzj3o225IisIQ,VITAMIN,2018-08-07,1533654000
1615,R_2ebzj3o225IisIQ,BATTERY,2018-08-07,1533654000
1616,R_2s5YO3cdqKDFyIM,INKJET_PRINTER_INK,2018-08-07,1533654000
1617,R_2sSaxHDwxRTJZP3,SKIN_CLEANING_BRUSH,2018-08-07,1533654000
1618,R_2sSaxHDwxRTJZP3,FURNITURE_LEG,2018-08-07,1533654000
1619,R_2sSaxHDwxRTJZP3,MEDICATION,2018-08-07,1533654000
1620,R_2sSaxHDwxRTJZP3,NUTRITIONAL_SUPPLEMENT,2018-08-07,1533654000
1621,R_2tfHzrdo6EEaiWi,BLANK_BOOK,2018-08-07,1533654000
1622,R_2tfHzrdo6EEaiWi,ELECTRONIC_CABLE,2018-08-07,1533654000
1623,R_2vYeXyFdrSyrVwh,NUTRITIONAL_SUPPLEMENT,2018-08-07,1533654000
1624,R_2wHwNZWEecJflLc,TOOTHBRUSH,2018-08-07,1533654000
1625,R_2wmLE1q4FIpfioi,ABIS_BOOK,2018-08-07,1533654000
1626,R_2wmLE1q4FIpfioi,MEDICATION,2018-08-07,1533654000
1627,R_2xLvxRKX2448l9k,SHIRT,2018-08-07,1533654000
1628,R_2xLvxRKX2448l9k,SCREEN_PROTECTOR,2018-08-07,1533654000
1629,R_2yjckpDXWcsiLPz,GROCERY,2018-08-07,1533654000
1630,R_2yjckpDXWcsiLPz,FASTENER_DRIVE_BIT,2018-08-07,1533654000
1631,R_2yjckpDXWcsiLPz,PRINTER,2018-08-07,1533654000
1632,R_2yjckpDXWcsiLPz,SNACK_FOOD_BAR,2018-08-07,1533654000
1633,R_2yjckpDXWcsiLPz,NUTRITIONAL_SUPPLEMENT,2018-08-07,1533654000
1634,R_2yjckpDXWcsiLPz,ABIS_BOOK,2018-08-07,1533654000
1635,R_2yjckpDXWcsiLPz,GROCERY,2018-08-07,1533654000
1636,R_2yjckpDXWcsiLPz,CYCLING_TIRE_TUBE,2018-08-07,1533654000
1637,R_2yjckpDXWcsiLPz,TOYS_AND_GAMES,2018-08-07,1533654000
1638,R_31n2MLk9w05iLzN,HOT_MELT,2018-08-07,1533654000
1639,R_32UZncFA03IrQwQ,CURTAIN,2018-08-07,1533654000
1640,R_32UZncFA03IrQwQ,SHIRT,2018-08-07,1533654000
1641,R_33dxSOlpYwYOjFE,MEDICATION,2018-08-07,1533654000
1642,R_3D7xJuXSy25PXbg,VITAMIN,2018-08-07,1533654000
1643,R_3GD1CL4OyjglmbZ,ELECTRONIC_CABLE,2018-08-07,1533654000
1644,R_3GD1CL4OyjglmbZ,SCREEN_PROTECTOR,2018-08-07,1533654000
1645,R_3GiFHVWzYKHT1F5,BATTERY,2018-08-07,1533654000
1646,R_3Hphzg7zu04Hgy1,NUT_BUTTER,2018-08-07,1533654000
1647,R_3JnjKsPAuFGDhrx,ABRASIVE_SHEETS,2018-08-07,1533654000
1648,R_3KCUnPI9FEz7vTo,SKIN_CLEANING_AGENT,2018-08-07,1533654000
1649,R_3KCUnPI9FEz7vTo,RADIO,2018-08-07,1533654000
1650,R_3KHiP9QpzA2COVL,SOUS_VIDE_MACHINE,2018-08-07,1533654000
1651,R_3KHiP9QpzA2COVL,SHOES,2018-08-07,1533654000
1652,R_3M3RSZ7wNRSaxNx,SCREEN_PROTECTOR,2018-08-07,1533654000
1653,R_3M3RSZ7wNRSaxNx,CUTTING_TOOLS,2018-08-07,1533654000
1654,R_3M3RSZ7wNRSaxNx,KNIFE,2018-08-07,1533654000
1655,R_3M3RSZ7wNRSaxNx,BATTERY,2018-08-07,1533654000
1656,R_3MMW2ivCFCtjHIe,VITAMIN,2018-08-07,1533654000
1657,R_3MMW2ivCFCtjHIe,SHOES,2018-08-07,1533654000
1658,R_3MMW2ivCFCtjHIe,ABIS_MUSIC,2018-08-07,1533654000
1659,R_3MnSLQdJkly3wfg,SQUEEZE_TOY,2018-08-07,1533654000
1660,R_3MnSLQdJkly3wfg,MEAL_REPLACEMENT_BEVERAGE,2018-08-07,1533654000
1661,R_3MnSLQdJkly3wfg,ART_SUPPLIES,2018-08-07,1533654000
1662,R_3OcPFnYHBC8wrZe,NAIL_POLISH_BRUSH,2018-08-07,1533654000
1663,R_3OcPFnYHBC8wrZe,GREENHOUSE,2018-08-07,1533654000
1664,R_3OcPFnYHBC8wrZe,COLLECTIBLE_CARD,2018-08-07,1533654000
1665,R_3PaGuwKhYPfHa15,PHYSICAL_MOVIE,2018-08-07,1533654000
1666,R_3PaGuwKhYPfHa15,TOYS_AND_GAMES,2018-08-07,1533654000
1667,R_3QWPI81N7eJPgeK,TOILET_PAPER_HOLDER,2018-08-07,1533654000
1668,R_3dVMhrjV0qUkHSh,SHOES,2018-08-07,1533654000
1669,R_3dVMhrjV0qUkHSh,SHIRT,2018-08-07,1533654000
1670,R_3ebnP0qUIQ7u38i,SKIN_CLEANING_AGENT,2018-08-07,1533654000
1671,R_3ebnP0qUIQ7u38i,BOOK,2018-08-07,1533654000
1672,R_3ebnP0qUIQ7u38i,UNDERPANTS,2018-08-07,1533654000
1673,R_3fBmKcLTAgFITMo,HEALTH_PERSONAL_CARE,2018-08-07,1533654000
1674,R_3fBmKcLTAgFITMo,HEADPHONES,2018-08-07,1533654000
1675,R_3fBmKcLTAgFITMo,NUTRITIONAL_SUPPLEMENT,2018-08-07,1533654000
1676,R_3fBmKcLTAgFITMo,HAIR_STYLING_AGENT,2018-08-07,1533654000
1677,R_3fBmKcLTAgFITMo,SPORT_EQUIPMENT_BAG_CASE,2018-08-07,1533654000
1678,R_3fBmKcLTAgFITMo,PHYSICAL_MOVIE,2018-08-07,1533654000
1679,R_3jYUg0c9puk2lgW,ABIS_BOOK,2018-08-07,1533654000
1680,R_3jYUg0c9puk2lgW,INSTRUMENT_PARTS_AND_ACCESSORIES,2018-08-07,1533654000
1681,R_3oO3DoeTgXHrEzx,ABIS_BOOK,2018-08-07,1533654000
1682,R_3oO3DoeTgXHrEzx,VITAMIN,2018-08-07,1533654000
1683,R_3pm4Od2kUSXlZgY,GROCERY,2018-08-07,1533654000
1684,R_3qTFp0FJqUeMhVZ,PET_TOY,2018-08-07,1533654000
1685,R_4YjfHl0af8gN30Z,ABIS_BOOK,2018-08-07,1533654000
1686,R_6Jw0sPgGkHLnKkp,SHIRT,2018-08-07,1533654000
1687,R_6Y8B3R1iIUjRAXv,SATELLITE_OR_DSS,2018-08-07,1533654000
1688,R_6Y8B3R1iIUjRAXv,SHIRT,2018-08-07,1533654000
1689,R_6yXSEznYlOrZwSB,SKIN_CLEANING_AGENT,2018-08-07,1533654000
1690,R_6yXSEznYlOrZwSB,PANTS,2018-08-07,1533654000
1691,R_6yXSEznYlOrZwSB,CELLULAR_PHONE_CASE,2018-08-07,1533654000
1692,R_8vnpSkm79W7Jsv7,PORTABLE_ELECTRONIC_DEVICE_COVER,2018-08-07,1533654000
1693,R_AEBbAiW2xdXI2at,BLANK_STORAGE_MEDIA,2018-08-07,1533654000
1694,R_AEBbAiW2xdXI2at,PET_FOOD,2018-08-07,1533654000
1695,R_AEBbAiW2xdXI2at,SKIN_MOISTURIZER,2018-08-07,1533654000
1696,R_ApVmIUhdKhewFtn,DRILL_BITS,2018-08-07,1533654000
1697,R_ApVmIUhdKhewFtn,STORAGE_BOX,2018-08-07,1533654000
1698,R_ApVmIUhdKhewFtn,SHOES,2018-08-07,1533654000
1699,R_BWAjcs1sKUc6NQl,CAN_OPENER,2018-08-07,1533654000
1700,R_BWAjcs1sKUc6NQl,THREAD_CORD,2018-08-07,1533654000
1701,R_BWAjcs1sKUc6NQl,THREAD_CORD,2018-08-07,1533654000
1702,R_BWAjcs1sKUc6NQl,MEDICATION,2018-08-07,1533654000
1703,R_BWAjcs1sKUc6NQl,SUNSCREEN,2018-08-07,1533654000
1704,R_DM3u1ro7eb4ws93,SANDAL,2018-08-07,1533654000
1705,R_DM3u1ro7eb4ws93,VITAMIN,2018-08-07,1533654000
1706,R_DM3u1ro7eb4ws93,SEALANT,2018-08-07,1533654000
1707,R_DM3u1ro7eb4ws93,AREA_DEODORIZER,2018-08-07,1533654000
1708,R_OGN3QDO9930tfAl,HEADPHONES,2018-08-07,1533654000
1709,R_OGN3QDO9930tfAl,SCREEN_PROTECTOR,2018-08-07,1533654000
1710,R_OPfbKZtf2Azgit3,ELECTRONIC_CABLE,2018-08-07,1533654000
1711,R_OPfbKZtf2Azgit3,HAIR_COMB,2018-08-07,1533654000
1712,R_OPfbKZtf2Azgit3,HEALTH_PERSONAL_CARE,2018-08-07,1533654000
1713,R_Q4ZjTFeyiC5kgQV,MISC_OTHER,2018-08-07,1533654000
1714,R_Qp7pqfzWe3Qmcrn,ANIMAL_RECOVERY_COLLAR_CONE,2018-08-07,1533654000
1715,R_Ui78k1hRGuGWhln,BOTTLE_RACK,2018-08-07,1533654000
1716,R_Ui78k1hRGuGWhln,HEADPHONES,2018-08-07,1533654000
1717,R_UiGJcgWtDtZPfih,HARD_DRIVE_ENCLOSURE,2018-08-07,1533654000
1718,R_XSu10jIDimUl5m1,PET_FOOD,2018-08-07,1533654000
1719,R_XSu10jIDimUl5m1,FURNITURE_CART,2018-08-07,1533654000
1720,R_XSu10jIDimUl5m1,NUTRITIONAL_SUPPLEMENT,2018-08-07,1533654000
1721,R_Zz495Ir7AjUbSCJ,GROCERY,2018-08-07,1533654000
1722,R_Zz495Ir7AjUbSCJ,CUTTING_TOOLS,2018-08-07,1533654000
1723,R_Zz495Ir7AjUbSCJ,AXE,2018-08-07,1533654000
1724,R_Zz495Ir7AjUbSCJ,ENGINE_EXHAUST_PIPE,2018-08-07,1533654000
1725,R_bJI8lmXMZWL6oql,PRESSER_FOOT,2018-08-07,1533654000
1726,R_bKJcIltPwncL9uN,PORTABLE_ELECTRONIC_DEVICE_STAND,2018-08-07,1533654000
1727,R_bKJcIltPwncL9uN,HEADPHONES,2018-08-07,1533654000
1728,R_bKJcIltPwncL9uN,RADIO,2018-08-07,1533654000
1729,R_bKJcIltPwncL9uN,PANTS,2018-08-07,1533654000
1730,R_ctNHcxd3vRvndXH,LEOTARD,2018-08-07,1533654000
1731,R_ctNHcxd3vRvndXH,SHORTS,2018-08-07,1533654000
1732,R_d5O7dqvA1EWCrPb,ABIS_BOOK,2018-08-07,1533654000
1733,R_e8KTElZZLWryLWp,SKIN_MOISTURIZER,2018-08-07,1533654000
1734,R_r3IM83Ecq7eY7QJ,ABIS_BOOK,2018-08-07,1533654000
1735,R_r3IM83Ecq7eY7QJ,SKIN_CLEANING_AGENT,2018-08-07,1533654000
1736,R_r3IM83Ecq7eY7QJ,VITAMIN,2018-08-07,1533654000
1737,R_r3IM83Ecq7eY7QJ,AIR_CONDITIONER,2018-08-07,1533654000
1738,R_r3IM83Ecq7eY7QJ,HEADPHONES,2018-08-07,1533654000
1739,R_r3IM83Ecq7eY7QJ,FILE_FOLDER,2018-08-07,1533654000
1740,R_r3IM83Ecq7eY7QJ,NETWORK_INTERFACE_CONTROLLER_ADAPTER,2018-08-07,1533654000
1741,R_u2EdYogSnJBrpex,TOOTH_CLEANING_AGENT,2018-08-07,1533654000
1742,R_uqbcSq7y153jKmZ,PET_FOOD,2018-08-07,1533654000
1743,R_uqbcSq7y153jKmZ,SHIRT,2018-08-07,1533654000
1744,R_vBkhPDT0skiOO2J,CORRECTIVE_EYEGLASSES,2018-08-07,1533654000
1745,R_vBkhPDT0skiOO2J,ART_CRAFT_KIT,2018-08-07,1533654000
1746,R_vBkhPDT0skiOO2J,BASKETBALL_HOOP,2018-08-07,1533654000
1747,R_x0hVvTTXGQY9FRf,TIGHTS,2018-08-07,1533654000
1748,R_x969WzGgXuE1CuJ,ELECTRONIC_CABLE,2018-08-07,1533654000
1749,R_yC5ffbdBLVi93Pz,ELECTRONIC_CABLE,2018-08-07,1533654000
1750,R_yRaAO89bhwJb9xD,ELECTRONIC_CABLE,2018-08-07,1533654000
1751,R_yRaAO89bhwJb9xD,SHOES,2018-08-07,1533654000
1752,R_zfnsck2ZatnGtY5,SANDAL,2018-08-07,1533654000
1753,R_0InTWTWokrqzy3n,TOYS_AND_GAMES,2018-08-08,1533740400
1754,R_0InTWTWokrqzy3n,SCREEN_PROTECTOR,2018-08-08,1533740400
1755,R_0InTWTWokrqzy3n,HEADPHONES,2018-08-08,1533740400
1756,R_0icLDXwMGw8dAqd,FITNESS_STEPPER,2018-08-08,1533740400
1757,R_0icLDXwMGw8dAqd,SKIN_CLEANING_AGENT,2018-08-08,1533740400
1758,R_10CAlrx7dbJty9R,PROTEIN_SUPPLEMENT_POWDER,2018-08-08,1533740400
1759,R_10CAlrx7dbJty9R,CELL_PHONE_HOLSTER,2018-08-08,1533740400
1760,R_10CAlrx7dbJty9R,ENVELOPE,2018-08-08,1533740400
1761,R_10wSqGFumZGSTmH,KITCHEN,2018-08-08,1533740400
1762,R_10wSqGFumZGSTmH,BOTTLE,2018-08-08,1533740400
1763,R_10wSqGFumZGSTmH,TOWEL,2018-08-08,1533740400
1764,R_1Egu0oETMcJuIOb,ELECTRONIC_CABLE,2018-08-08,1533740400
1765,R_1FJHvQm83j8lK35,PHYSICAL_MOVIE,2018-08-08,1533740400
1766,R_1FJHvQm83j8lK35,SKIN_MOISTURIZER,2018-08-08,1533740400
1767,R_1FJHvQm83j8lK35,RAKE,2018-08-08,1533740400
1768,R_1FJHvQm83j8lK35,SCREEN_PROTECTOR,2018-08-08,1533740400
1769,R_1FJHvQm83j8lK35,HEADPHONES,2018-08-08,1533740400
1770,R_1FJHvQm83j8lK35,HEALTH_PERSONAL_CARE,2018-08-08,1533740400
1771,R_1FJHvQm83j8lK35,PET_TOY,2018-08-08,1533740400
1772,R_1FJHvQm83j8lK35,PHYSICAL_MOVIE,2018-08-08,1533740400
1773,R_1FJHvQm83j8lK35,ABIS_BOOK,2018-08-08,1533740400
1774,R_1FJHvQm83j8lK35,SNACK_FOOD_BAR,2018-08-08,1533740400
1775,R_1FJHvQm83j8lK35,NUTRITIONAL_SUPPLEMENT,2018-08-08,1533740400
1776,R_1FJHvQm83j8lK35,SNACK_FOOD_BAR,2018-08-08,1533740400
1777,R_1FJHvQm83j8lK35,PET_FOOD,2018-08-08,1533740400
1778,R_1Hena1rUph3TnA3,VEHICLE_LIGHTING_CONVERSION_KIT,2018-08-08,1533740400
1779,R_1Hena1rUph3TnA3,INSULATION,2018-08-08,1533740400
1780,R_1KkFs7rgWXlWf58,PANTS,2018-08-08,1533740400
1781,R_1KqhfYKlNJg85SH,MASCARA,2018-08-08,1533740400
1782,R_1NCzj2eSHI4QGcd,SHOES,2018-08-08,1533740400
1783,R_1NCzj2eSHI4QGcd,SHOES,2018-08-08,1533740400
1784,R_1NCzj2eSHI4QGcd,SNACK_FOOD_BAR,2018-08-08,1533740400
1785,R_1NDq0rxoUSu6oyz,CABLE_OR_ADAPTER,2018-08-08,1533740400
1786,R_1QLfbB3Lho273wG,DRYER,2018-08-08,1533740400
1787,R_1Qyzwfx5HrXdw4U,HEALTH_PERSONAL_CARE,2018-08-08,1533740400
1788,R_1cYxarQPFQxNRHB,MEDICATION,2018-08-08,1533740400
1789,R_1cYxarQPFQxNRHB,ELECTRONIC_CABLE,2018-08-08,1533740400
1790,R_1cYxarQPFQxNRHB,FACE_SHAPING_MAKEUP,2018-08-08,1533740400
1791,R_1cYxarQPFQxNRHB,MEDICATION,2018-08-08,1533740400
1792,R_1cYxarQPFQxNRHB,BATTERY,2018-08-08,1533740400
1793,R_1cYxarQPFQxNRHB,GROCERY,2018-08-08,1533740400
1794,R_1cYxarQPFQxNRHB,FITTED_SHEET,2018-08-08,1533740400
1795,R_1dKBjc0UTA0ZiYb,MARKING_PEN,2018-08-08,1533740400
1796,R_1ez4JQNwmuGXkQX,TOY_BUILDING_BLOCK,2018-08-08,1533740400
1797,R_1ez4JQNwmuGXkQX,ABIS_BOOK,2018-08-08,1533740400
1798,R_1gG5xibh48txT6f,PET_PEST_CONTROL,2018-08-08,1533740400
1799,R_1gOX88nojaBXOt2,BATTERY,2018-08-08,1533740400
1800,R_1gOX88nojaBXOt2,CLEANING_AGENT,2018-08-08,1533740400
1801,R_1gOX88nojaBXOt2,SHIRT,2018-08-08,1533740400
1802,R_1gU6N4NRSwc9ONd,SHOES,2018-08-08,1533740400
1803,R_1gU6N4NRSwc9ONd,BUTTER_DISH,2018-08-08,1533740400
1804,R_1gU6N4NRSwc9ONd,AUTO_ACCESSORY,2018-08-08,1533740400
1805,R_1gU6N4NRSwc9ONd,BATTERY,2018-08-08,1533740400
1806,R_1gU6N4NRSwc9ONd,WIG,2018-08-08,1533740400
1807,R_1gU6N4NRSwc9ONd,HVAC_AIR_FILTER,2018-08-08,1533740400
1808,R_1gU6N4NRSwc9ONd,HEALTH_PERSONAL_CARE,2018-08-08,1533740400
1809,R_1gU6N4NRSwc9ONd,PHYSICAL_MOVIE,2018-08-08,1533740400
1810,R_1gU6N4NRSwc9ONd,BATTERY,2018-08-08,1533740400
1811,R_1gU6N4NRSwc9ONd,MEDICATION,2018-08-08,1533740400
1812,R_1gU6N4NRSwc9ONd,SNACK_FOOD_BAR,2018-08-08,1533740400
1813,R_1gU6N4NRSwc9ONd,SHOCK_ABSORBER,2018-08-08,1533740400
1814,R_1gU6N4NRSwc9ONd,PET_SUPPLIES,2018-08-08,1533740400
1815,R_1gU6N4NRSwc9ONd,CUFF_LINK,2018-08-08,1533740400
1816,R_1gU6N4NRSwc9ONd,TOYS_AND_GAMES,2018-08-08,1533740400
1817,R_1gU6N4NRSwc9ONd,SNACK_FOOD_BAR,2018-08-08,1533740400
1818,R_1gU6N4NRSwc9ONd,PHYSICAL_MOVIE,2018-08-08,1533740400
1819,R_1gU6N4NRSwc9ONd,CELLULAR_PHONE_CASE,2018-08-08,1533740400
1820,R_1gU6N4NRSwc9ONd,TOILET_PAPER,2018-08-08,1533740400
1821,R_1gU6N4NRSwc9ONd,BATTERY,2018-08-08,1533740400
1822,R_1gU6N4NRSwc9ONd,GROCERY,2018-08-08,1533740400
1823,R_1gU6N4NRSwc9ONd,SHOES,2018-08-08,1533740400
1824,R_1gU6N4NRSwc9ONd,TV_TUNER_CARD,2018-08-08,1533740400
1825,R_1gU6N4NRSwc9ONd,CELLULAR_PHONE_CASE,2018-08-08,1533740400
1826,R_1gU6N4NRSwc9ONd,ELECTRONIC_CABLE,2018-08-08,1533740400
1827,R_1gU6N4NRSwc9ONd,CUFF_LINK,2018-08-08,1533740400
1828,R_1gjdRVy7DXPMldc,PHYSICAL_MOVIE,2018-08-08,1533740400
1829,R_1hMV4AHCk04WO5V,HEADPHONES,2018-08-08,1533740400
1830,R_1lAIBWf5Qsww7eT,TAPE_MEASURE,2018-08-08,1533740400
1831,R_1lAIBWf5Qsww7eT,SHOES,2018-08-08,1533740400
1832,R_1oFSDeGAQcUN2v8,HEADPHONES,2018-08-08,1533740400
1833,R_1oFSDeGAQcUN2v8,MATTRESS_COVER,2018-08-08,1533740400
1834,R_1pKZVLBbrpZM8bP,OFFICE_PRODUCTS,2018-08-08,1533740400
1835,R_1q7AvsyRPpTSWFi,ERASER,2018-08-08,1533740400
1836,R_1q7AvsyRPpTSWFi,SHIRT,2018-08-08,1533740400
1837,R_1q7AvsyRPpTSWFi,BATTERY,2018-08-08,1533740400
1838,R_1q7GuBNrrAGdxx3,CARRIER_BAG_CASE,2018-08-08,1533740400
1839,R_1q7GuBNrrAGdxx3,HEALTH_PERSONAL_CARE,2018-08-08,1533740400
1840,R_1q7GuBNrrAGdxx3,ELECTRIC_FAN,2018-08-08,1533740400
1841,R_1q7GuBNrrAGdxx3,ANIMAL_INCONTINENCE_PROTECTOR,2018-08-08,1533740400
1842,R_1q7GuBNrrAGdxx3,HAIR_CLEANER_CONDITIONER,2018-08-08,1533740400
1843,R_1q7GuBNrrAGdxx3,CELLULAR_PHONE_CASE,2018-08-08,1533740400
1844,R_1r8u9f1vT8Y3HrC,PHYSICAL_TV_SERIES,2018-08-08,1533740400
1845,R_1r8u9f1vT8Y3HrC,BOTTLE,2018-08-08,1533740400
1846,R_1r8u9f1vT8Y3HrC,TOYS_AND_GAMES,2018-08-08,1533740400
1847,R_1r8u9f1vT8Y3HrC,SPORT_FACE_MASK,2018-08-08,1533740400
1848,R_1rq9oimamSF6rsF,PHONE,2018-08-08,1533740400
1849,R_1rq9oimamSF6rsF,MEDICATION,2018-08-08,1533740400
1850,R_20ON9TjJWV64IZO,BED_LINEN_SET,2018-08-08,1533740400
1851,R_20ON9TjJWV64IZO,CELLULAR_PHONE_CASE,2018-08-08,1533740400
1852,R_20ON9TjJWV64IZO,VITAMIN,2018-08-08,1533740400
1853,R_20ON9TjJWV64IZO,PET_TOY,2018-08-08,1533740400
1854,R_20ON9TjJWV64IZO,PET_TOY,2018-08-08,1533740400
1855,R_20ON9TjJWV64IZO,PHYSICAL_MOVIE,2018-08-08,1533740400
1856,R_20ON9TjJWV64IZO,NUTRITIONAL_SUPPLEMENT,2018-08-08,1533740400
1857,R_20ON9TjJWV64IZO,ABIS_BOOK,2018-08-08,1533740400
1858,R_20ON9TjJWV64IZO,FIGURINE,2018-08-08,1533740400
1859,R_20ON9TjJWV64IZO,SPORT_BOARD_SKI,2018-08-08,1533740400
1860,R_20ON9TjJWV64IZO,BED_LINEN_SET,2018-08-08,1533740400
1861,R_20Yd9DvrGselmZY,GROCERY,2018-08-08,1533740400
1862,R_20Yd9DvrGselmZY,ELECTRONIC_CABLE,2018-08-08,1533740400
1863,R_21ttkGbeIL6HdlR,TOOL_CHUCK,2018-08-08,1533740400
1864,R_21ttkGbeIL6HdlR,HEADPHONES,2018-08-08,1533740400
1865,R_24csoaO569P4Yzz,POOL_SPA_WATER_TREATMENT,2018-08-08,1533740400
1866,R_24csoaO569P4Yzz,PANTS,2018-08-08,1533740400
1867,R_24csoaO569P4Yzz,SKIN_CLEANING_AGENT,2018-08-08,1533740400
1868,R_25SbPPTyE45YzXP,SELF_TANNER,2018-08-08,1533740400
1869,R_25SbPPTyE45YzXP,SHOES,2018-08-08,1533740400
1870,R_273TMGuLM3jXisi,SHOES,2018-08-08,1533740400
1871,R_273TMGuLM3jXisi,TOYS_AND_GAMES,2018-08-08,1533740400
1872,R_273TMGuLM3jXisi,AIR_COOLER,2018-08-08,1533740400
1873,R_27g6uEEgxm7kwNu,MECHANICAL_BELT,2018-08-08,1533740400
1874,R_2ASBFgthVbaGlF3,HAIR_COLORING_AGENT,2018-08-08,1533740400
1875,R_2ASBFgthVbaGlF3,TABLE,2018-08-08,1533740400
1876,R_2ASz0xBmcxqYzUJ,AQUARIUM_POND_WATER_TREATMENT,2018-08-08,1533740400
1877,R_2ASz0xBmcxqYzUJ,SHIRT,2018-08-08,1533740400
1878,R_2ASz0xBmcxqYzUJ,SHIRT,2018-08-08,1533740400
1879,R_2BtA3kIOBjhD26o,ABIS_BOOK,2018-08-08,1533740400
1880,R_2BtA3kIOBjhD26o,CAMERA_OTHER_ACCESSORIES,2018-08-08,1533740400
1881,R_2D1zydYR5SZ0LpK,DIGITAL_DEVICE_3,2018-08-08,1533740400
1882,R_2OOq3ysdOS3TtBd,TOYS_AND_GAMES,2018-08-08,1533740400
1883,R_2QM76i5yRebcpiD,SCREW_GUN,2018-08-08,1533740400
1884,R_2RUDh7piHU7frzt,HEALTH_PERSONAL_CARE,2018-08-08,1533740400
1885,R_2RUDh7piHU7frzt,NUTRITIONAL_SUPPLEMENT,2018-08-08,1533740400
1886,R_2TL7w44l8M5vEok,WAIST_PACK,2018-08-08,1533740400
1887,R_2TXBHPMwNAwKR7Q,LAMP,2018-08-08,1533740400
1888,R_2WumP0iKDvwiM2r,PHYSICAL_MOVIE,2018-08-08,1533740400
1889,R_2YCU6JHbCzus4zy,SNACK_FOOD_BAR,2018-08-08,1533740400
1890,R_2YLHuI0WiiWMbKI,APPAREL,2018-08-08,1533740400
1891,R_2YLHuI0WiiWMbKI,HEADPHONES,2018-08-08,1533740400
1892,R_2YLHuI0WiiWMbKI,SKIN_CLEANING_AGENT,2018-08-08,1533740400
1893,R_2aldwxmUZox7Yfd,ROLLING_PIN,2018-08-08,1533740400
1894,R_2ary1I4SkdMpWws,SCREEN_PROTECTOR,2018-08-08,1533740400
1895,R_2dvh9tu7PLPeipE,GROCERY,2018-08-08,1533740400
1896,R_2dvh9tu7PLPeipE,VITAMIN,2018-08-08,1533740400
1897,R_2ebzj3o225IisIQ,LIGHT_FIXTURE,2018-08-08,1533740400
1898,R_2ebzj3o225IisIQ,BATTERY,2018-08-08,1533740400
1899,R_2f7MFUqYnEv92pF,NUTRITIONAL_SUPPLEMENT,2018-08-08,1533740400
1900,R_2fxhde3AmAoBQBS,MATERIAL_HANDLING_TRUCK,2018-08-08,1533740400
1901,R_2fxhde3AmAoBQBS,AUDIO_OR_VIDEO,2018-08-08,1533740400
1902,R_2tfHzrdo6EEaiWi,SURVEILLANCE_RECORDER_SYSTEM,2018-08-08,1533740400
1903,R_2uZDxTZAORBIW1o,NUTRITIONAL_SUPPLEMENT,2018-08-08,1533740400
1904,R_2uZDxTZAORBIW1o,MEDICATION,2018-08-08,1533740400
1905,R_2uZDxTZAORBIW1o,NON_RIDING_TOY_VEHICLE,2018-08-08,1533740400
1906,R_2uZDxTZAORBIW1o,VITAMIN,2018-08-08,1533740400
1907,R_2uZDxTZAORBIW1o,ABIS_BOOK,2018-08-08,1533740400
1908,R_2uZDxTZAORBIW1o,MEDICATION,2018-08-08,1533740400
1909,R_2wagDt0ZaSu1p8q,WALKING_STICK,2018-08-08,1533740400
1910,R_2z7rLZb69WuqDdf,ELECTRONIC_COMPONENT,2018-08-08,1533740400
1911,R_2zCmQhJtrw3xBtV,BONDING_ADHESIVES,2018-08-08,1533740400
1912,R_2zSlTKG9lhZH3r9,FLAME_WICK,2018-08-08,1533740400
1913,R_31ixLIfyf3xt0RM,GUN_SUPPORT,2018-08-08,1533740400
1914,R_31ixLIfyf3xt0RM,SKIN_MOISTURIZER,2018-08-08,1533740400
1915,R_31ixLIfyf3xt0RM,HEALTH_PERSONAL_CARE,2018-08-08,1533740400
1916,R_31ixLIfyf3xt0RM,SHADE_SAIL,2018-08-08,1533740400
1917,R_32UZncFA03IrQwQ,MEDICATION,2018-08-08,1533740400
1918,R_32UZncFA03IrQwQ,ABIS_BOOK,2018-08-08,1533740400
1919,R_32UZncFA03IrQwQ,TOOTH_WHITENER,2018-08-08,1533740400
1920,R_32UZncFA03IrQwQ,PANTS,2018-08-08,1533740400
1921,R_32UZncFA03IrQwQ,PUMP_DISPENSER,2018-08-08,1533740400
1922,R_32UZncFA03IrQwQ,SNACK_CHIP_AND_CRISP,2018-08-08,1533740400
1923,R_33dxSOlpYwYOjFE,COFFEE,2018-08-08,1533740400
1924,R_33jcUkAZ8knoq82,VINEGAR,2018-08-08,1533740400
1925,R_33jcUkAZ8knoq82,BATTERY,2018-08-08,1533740400
1926,R_33jcUkAZ8knoq82,TEXTILE_DEODORIZER,2018-08-08,1533740400
1927,R_33jcUkAZ8knoq82,VITAMIN,2018-08-08,1533740400
1928,R_3G1gYo1d23Zq8Np,CAMERA_FLASH,2018-08-08,1533740400
1929,R_3HigTq4itishziE,PANTS,2018-08-08,1533740400
1930,R_3HigTq4itishziE,FOOD,2018-08-08,1533740400
1931,R_3HigTq4itishziE,PANTS,2018-08-08,1533740400
1932,R_3HigTq4itishziE,SOIL,2018-08-08,1533740400
1933,R_3Hphzg7zu04Hgy1,HEALTH_PERSONAL_CARE,2018-08-08,1533740400
1934,R_3Hphzg7zu04Hgy1,SUGAR_SUBSTITUTE,2018-08-08,1533740400
1935,R_3Hphzg7zu04Hgy1,SHIRT,2018-08-08,1533740400
1936,R_3Mc9nZhk6fg7b8z,HEALTH_PERSONAL_CARE,2018-08-08,1533740400
1937,R_3NE7ETo2UoCbnsE,HOME_BED_AND_BATH,2018-08-08,1533740400
1938,R_3OiAK9V155cWEsy,LANDLINE_PHONE,2018-08-08,1533740400
1939,R_3PUi8o2if0JqKfl,SPORT_ACTIVITY_GLOVE,2018-08-08,1533740400
1940,R_3RmDOazalOu0F1L,WOUND_DRESSING,2018-08-08,1533740400
1941,R_3ebnP0qUIQ7u38i,SHOES,2018-08-08,1533740400
1942,R_3ebnP0qUIQ7u38i,PANTS,2018-08-08,1533740400
1943,R_3ebnP0qUIQ7u38i,PHYSICAL_VIDEO_GAME_SOFTWARE,2018-08-08,1533740400
1944,R_3ebnP0qUIQ7u38i,SKIN_CLEANING_AGENT,2018-08-08,1533740400
1945,R_3ebnP0qUIQ7u38i,ELECTRONIC_CABLE,2018-08-08,1533740400
1946,R_3eehQVQNcKmEJtd,TOYS_AND_GAMES,2018-08-08,1533740400
1947,R_3eehQVQNcKmEJtd,CELLULAR_PHONE_CASE,2018-08-08,1533740400
1948,R_3eehQVQNcKmEJtd,ABIS_BOOK,2018-08-08,1533740400
1949,R_3eehQVQNcKmEJtd,FOOD,2018-08-08,1533740400
1950,R_3eehQVQNcKmEJtd,WRITING_INSTRUMENT,2018-08-08,1533740400
1951,R_3eehQVQNcKmEJtd,BRACELET,2018-08-08,1533740400
1952,R_3eehQVQNcKmEJtd,SNACK_FOOD_BAR,2018-08-08,1533740400
1953,R_3emmbwwsXsxt4Oj,SHOES,2018-08-08,1533740400
1954,R_3emmbwwsXsxt4Oj,SHELF,2018-08-08,1533740400
1955,R_3ennfkrsSdTlmrJ,FLAVORED_DRINK_CONCENTRATE,2018-08-08,1533740400
1956,R_3ixUxNOUiEYD7KJ,TOY_BUILDING_BLOCK,2018-08-08,1533740400
1957,R_3ixUxNOUiEYD7KJ,PUZZLES,2018-08-08,1533740400
1958,R_3ixUxNOUiEYD7KJ,TOYS_AND_GAMES,2018-08-08,1533740400
1959,R_3nN7gDrlTTNu9A9,TOYS_AND_GAMES,2018-08-08,1533740400
1960,R_3nN7gDrlTTNu9A9,RICE_MIX,2018-08-08,1533740400
1961,R_3qWnPpXqudB3ETJ,ABIS_BOOK,2018-08-08,1533740400
1962,R_3rSVzZdjthhnCx0,PET_FOOD,2018-08-08,1533740400
1963,R_4YnsyJn7OBPaUut,BATTERY,2018-08-08,1533740400
1964,R_6Jw0sPgGkHLnKkp,NECKLACE,2018-08-08,1533740400
1965,R_6Jw0sPgGkHLnKkp,SCREEN_PROTECTOR,2018-08-08,1533740400
1966,R_89aTM1JXN8SWr3b,PHYSICAL_MOVIE,2018-08-08,1533740400
1967,R_8cr0J12EMKs9NND,PERSONAL_FLOTATION_DEVICE,2018-08-08,1533740400
1968,R_9L8Lum5AaHh6bq9,ABIS_BOOK,2018-08-08,1533740400
1969,R_A5Mg9h1PiJL0Wyd,SKIN_EXFOLIANT,2018-08-08,1533740400
1970,R_AEBbAiW2xdXI2at,ELECTRICITY_GENERATOR,2018-08-08,1533740400
1971,R_AEBbAiW2xdXI2at,NUTRITIONAL_SUPPLEMENT,2018-08-08,1533740400
1972,R_AEBbAiW2xdXI2at,NUTRITIONAL_SUPPLEMENT,2018-08-08,1533740400
1973,R_AKBlDprDMrv4M7v,CELLULAR_PHONE_CASE,2018-08-08,1533740400
1974,R_AKBlDprDMrv4M7v,HEALTH_PERSONAL_CARE,2018-08-08,1533740400
1975,R_ApVmIUhdKhewFtn,WRITING_INSTRUMENT,2018-08-08,1533740400
1976,R_ApVmIUhdKhewFtn,UTILITY_SPONGE,2018-08-08,1533740400
1977,R_ApVmIUhdKhewFtn,VEHICLE_EXTERIOR_GUARD,2018-08-08,1533740400
1978,R_ApVmIUhdKhewFtn,TOYS_AND_GAMES,2018-08-08,1533740400
1979,R_BWAjcs1sKUc6NQl,VITAMIN,2018-08-08,1533740400
1980,R_O6ZX76mggPnAOfD,CELLULAR_PHONE_CASE,2018-08-08,1533740400
1981,R_SE2qI33L0z1rw2J,POOL_VACUUM,2018-08-08,1533740400
1982,R_SE2qI33L0z1rw2J,TOYS_AND_GAMES,2018-08-08,1533740400
1983,R_SE2qI33L0z1rw2J,GROCERY,2018-08-08,1533740400
1984,R_SE2qI33L0z1rw2J,POWER_CORD,2018-08-08,1533740400
1985,R_SE2qI33L0z1rw2J,SHIRT,2018-08-08,1533740400
1986,R_SE2qI33L0z1rw2J,BATTERY,2018-08-08,1533740400
1987,R_TtK3Qkb3c3EIeoV,SKIN_MOISTURIZER,2018-08-08,1533740400
1988,R_UiGJcgWtDtZPfih,SKIN_MOISTURIZER,2018-08-08,1533740400
1989,R_Xhz81T9LodPX0KB,BEAUTY,2018-08-08,1533740400
1990,R_Xhz81T9LodPX0KB,HOME,2018-08-08,1533740400
1991,R_Xhz81T9LodPX0KB,ESSENTIAL_OIL,2018-08-08,1533740400
1992,R_YS4MPsfM1Neg0RH,SNACK_FOOD_BAR,2018-08-08,1533740400
1993,R_YS4MPsfM1Neg0RH,NECKLACE,2018-08-08,1533740400
1994,R_YS4MPsfM1Neg0RH,MOP,2018-08-08,1533740400
1995,R_b8UnkZJoU93ZxEB,NUTRITIONAL_SUPPLEMENT,2018-08-08,1533740400
1996,R_bJI8lmXMZWL6oql,WATER_PURIFICATION_UNIT,2018-08-08,1533740400
1997,R_bJI8lmXMZWL6oql,HEALTH_PERSONAL_CARE,2018-08-08,1533740400
1998,R_bJI8lmXMZWL6oql,SHIRT,2018-08-08,1533740400
1999,R_bJI8lmXMZWL6oql,ELECTRONIC_CABLE,2018-08-08,1533740400
2000,R_e8KTElZZLWryLWp,HEALTH_PERSONAL_CARE,2018-08-08,1533740400
2001,R_rcId0AtM417vPGN,BATTERY,2018-08-08,1533740400
2002,R_rcId0AtM417vPGN,GROCERY,2018-08-08,1533740400
2003,R_rcId0AtM417vPGN,HANDRAIL,2018-08-08,1533740400
2004,R_rqK6K6zDsynoZHP,SPORTING_GOODS,2018-08-08,1533740400
2005,R_s4I8huB9BOcWI5H,CRIMPING_PLIERS,2018-08-08,1533740400
2006,R_s4I8huB9BOcWI5H,TOYS_AND_GAMES,2018-08-08,1533740400
2007,R_sGohXmtT8TjLibT,BODY_PAINT,2018-08-08,1533740400
2008,R_sjbgjhzDO2r1Wlr,SKIN_MOISTURIZER,2018-08-08,1533740400
2009,R_snaR9M3EsTpcPi9,TOYS_AND_GAMES,2018-08-08,1533740400
2010,R_u2EdYogSnJBrpex,TOY_FIGURE,2018-08-08,1533740400
2011,R_vYtQIbKQv9vFKuZ,ABIS_BOOK,2018-08-08,1533740400
2012,R_vYtQIbKQv9vFKuZ,COUNTERTOP_FOOD_STEAMER,2018-08-08,1533740400
2013,R_w5bE96azoKnM6Ih,SHIRT,2018-08-08,1533740400
2014,R_w5bE96azoKnM6Ih,CLOCK,2018-08-08,1533740400
2015,R_w5bE96azoKnM6Ih,MOUNTED_STORAGE_SYSTEM_KIT,2018-08-08,1533740400
2016,R_w5bE96azoKnM6Ih,VITAMIN,2018-08-08,1533740400
2017,R_xDvEzzSGeDDkvU5,PANTS,2018-08-08,1533740400
2018,R_xrrF4kkA2JEG6OZ,SKIN_CLEANING_AGENT,2018-08-08,1533740400
2019,R_xrrF4kkA2JEG6OZ,THERAPEUTIC_THERMAL_COMPRESS,2018-08-08,1533740400
2020,R_xrrF4kkA2JEG6OZ,CLEANING_BRUSH,2018-08-08,1533740400
2021,R_xrrF4kkA2JEG6OZ,BABY_CARRIER,2018-08-08,1533740400
2022,R_xsyCKTazvY4vHbz,MEDICATION,2018-08-08,1533740400
2023,R_yPgyGUixTuXuX5v,HEADPHONES,2018-08-08,1533740400
2024,R_yPgyGUixTuXuX5v,NAIL_FILE,2018-08-08,1533740400
2025,R_zTf2i6s3E2OQZQR,HEADPHONES,2018-08-08,1533740400
2026,R_10CAlrx7dbJty9R,GROCERY,2018-08-09,1533826800
2027,R_10TV1zyi4yCEEkl,SPRAY_BOTTLE,2018-08-09,1533826800
2028,R_10TV1zyi4yCEEkl,EARPLUG,2018-08-09,1533826800
2029,R_11WUgIV4IWfGoDX,NUTRITIONAL_SUPPLEMENT,2018-08-09,1533826800
2030,R_1DYWdbAMt6LyCZH,SPORTS_MEMORABILIA,2018-08-09,1533826800
2031,R_1DYWdbAMt6LyCZH,SHIRT,2018-08-09,1533826800
2032,R_1E3TJBNJVtr3tcD,SPORTING_GOODS,2018-08-09,1533826800
2033,R_1FJHvQm83j8lK35,VITAMIN,2018-08-09,1533826800
2034,R_1Fyt6rHyiQcVOT8,HEALTH_PERSONAL_CARE,2018-08-09,1533826800
2035,R_1Fyt6rHyiQcVOT8,TRAMPOLINE,2018-08-09,1533826800
2036,R_1GVN63HjPpVXPEx,SAW_BLADE,2018-08-09,1533826800
2037,R_1GghoTNZdgUeySl,ELECTRONIC_CABLE,2018-08-09,1533826800
2038,R_1I4dnMKlrmtUP09,SHOES,2018-08-09,1533826800
2039,R_1Q62CIVb2WAS8hB,BLANK_MEDIA,2018-08-09,1533826800
2040,R_1Q9JeeKncbbLcz0,MINERAL_SUPPLEMENT,2018-08-09,1533826800
2041,R_1dyqbVnXomwItTl,MEDICATION,2018-08-09,1533826800
2042,R_1exepO2lYqHFR9q,PHYSICAL_MOVIE,2018-08-09,1533826800
2043,R_1gcmv3lhX8iJEQb,FURNITURE_COVER,2018-08-09,1533826800
2044,R_1gq1l7L7YXNcp13,SHIRT,2018-08-09,1533826800
2045,R_1gq1l7L7YXNcp13,NUTRITIONAL_SUPPLEMENT,2018-08-09,1533826800
2046,R_1hLPyY3aamfi3xT,ABIS_BOOK,2018-08-09,1533826800
2047,R_1hLPyY3aamfi3xT,SCREEN_PROTECTOR,2018-08-09,1533826800
2048,R_1jZkLNE1JdtyVpH,TEA,2018-08-09,1533826800
2049,R_1jZkLNE1JdtyVpH,JAR,2018-08-09,1533826800
2050,R_1jZkLNE1JdtyVpH,NUTRITIONAL_SUPPLEMENT,2018-08-09,1533826800
2051,R_1jZkLNE1JdtyVpH,WRIST_REST,2018-08-09,1533826800
2052,R_1mQrQ5EFGvbBRLb,SNACK_FOOD_BAR,2018-08-09,1533826800
2053,R_1mQrQ5EFGvbBRLb,LEVEL,2018-08-09,1533826800
2054,R_1o6au5rOnBHoiU9,SNACK_FOOD_BAR,2018-08-09,1533826800
2055,R_1oFRyes3ggnKU4B,SEALANT,2018-08-09,1533826800
2056,R_1q7GuBNrrAGdxx3,NUTRITIONAL_SUPPLEMENT,2018-08-09,1533826800
2057,R_1q7GuBNrrAGdxx3,UNDERGARMENT_SLIP,2018-08-09,1533826800
2058,R_1q7GuBNrrAGdxx3,CARRIER_BAG_CASE,2018-08-09,1533826800
2059,R_1q7GuBNrrAGdxx3,ELECTRIC_WATER_BOILER,2018-08-09,1533826800
2060,R_1q7GuBNrrAGdxx3,PET_FOOD,2018-08-09,1533826800
2061,R_1q7GuBNrrAGdxx3,GROCERY,2018-08-09,1533826800
2062,R_1q7GuBNrrAGdxx3,BLAZER,2018-08-09,1533826800
2063,R_1q7GuBNrrAGdxx3,SKIN_CLEANING_AGENT,2018-08-09,1533826800
2064,R_1q7GuBNrrAGdxx3,FOOD_COLORING,2018-08-09,1533826800
2065,R_1q7GuBNrrAGdxx3,SANITARY_NAPKIN,2018-08-09,1533826800
2066,R_1q7GuBNrrAGdxx3,APPAREL,2018-08-09,1533826800
2067,R_1q7GuBNrrAGdxx3,UNDERPANTS,2018-08-09,1533826800
2068,R_1q7GuBNrrAGdxx3,ONE_PIECE_OUTFIT,2018-08-09,1533826800
2069,R_1q7GuBNrrAGdxx3,APPAREL,2018-08-09,1533826800
2070,R_1qdM6yLQigCFrkd,PET_BED_MAT,2018-08-09,1533826800
2071,R_1r8u9f1vT8Y3HrC,PHYSICAL_MOVIE,2018-08-09,1533826800
2072,R_1r8u9f1vT8Y3HrC,UNINTERRUPTIBLE_POWER_SUPPLY,2018-08-09,1533826800
2073,R_1rNf6ssFroMth4I,DECORATIVE_CUTOUT,2018-08-09,1533826800
2074,R_1rNf6ssFroMth4I,SHOES,2018-08-09,1533826800
2075,R_1rr9XOz2pHFyWi3,MAPS,2018-08-09,1533826800
2076,R_1rr9XOz2pHFyWi3,CASSEROLES,2018-08-09,1533826800
2077,R_1rr9XOz2pHFyWi3,BENCH,2018-08-09,1533826800
2078,R_20O6baqxT4T2CbA,MONEY_BANK,2018-08-09,1533826800
2079,R_20V73ixsOYXCBbP,SKIN_MOISTURIZER,2018-08-09,1533826800
2080,R_20V73ixsOYXCBbP,ANIMAL_HARNESS,2018-08-09,1533826800
2081,R_20V73ixsOYXCBbP,PANTS,2018-08-09,1533826800
2082,R_20V73ixsOYXCBbP,PET_SUPPLIES,2018-08-09,1533826800
2083,R_20V73ixsOYXCBbP,TOYS_AND_GAMES,2018-08-09,1533826800
2084,R_20V73ixsOYXCBbP,MECHANICAL_LIGHTER,2018-08-09,1533826800
2085,R_20Z3XrmdVrFDp3r,DEHUMIDIFIER,2018-08-09,1533826800
2086,R_210tLKdUbUZuf7O,PANTS,2018-08-09,1533826800
2087,R_22AmuBuGI7iFD1n,TOYS_AND_GAMES,2018-08-09,1533826800
2088,R_22SxELlmhBQCe1C,HARDWARE_TUBING,2018-08-09,1533826800
2089,R_22SxELlmhBQCe1C,CARABINER,2018-08-09,1533826800
2090,R_248iRXgLLXgwGMZ,STANDALONE_STREAMING_MEDIA_PLAYER,2018-08-09,1533826800
2091,R_24csoaO569P4Yzz,HEALTH_PERSONAL_CARE,2018-08-09,1533826800
2092,R_24csoaO569P4Yzz,MEDICATION,2018-08-09,1533826800
2093,R_25SbPPTyE45YzXP,TOOTH_WHITENER,2018-08-09,1533826800
2094,R_25YqaojEWt641sK,PET_FOOD,2018-08-09,1533826800
2095,R_25YqaojEWt641sK,SKIN_MOISTURIZER,2018-08-09,1533826800
2096,R_25thHabUddjXGzt,HEALTH_PERSONAL_CARE,2018-08-09,1533826800
2097,R_25thHabUddjXGzt,WASHERS,2018-08-09,1533826800
2098,R_26nB6rfoaXIEb6Z,PORTABLE_ELECTRONIC_DEVICE_COVER,2018-08-09,1533826800
2099,R_273TMGuLM3jXisi,AIR_COOLER,2018-08-09,1533826800
2100,R_29uBVByYo0xAXiZ,ELECTRONIC_CABLE,2018-08-09,1533826800
2101,R_29uBVByYo0xAXiZ,SKIN_MOISTURIZER,2018-08-09,1533826800
2102,R_2AGpSTOzeeHqMYd,PORTABLE_ELECTRONIC_DEVICE_COVER,2018-08-09,1533826800
2103,R_2ASz0xBmcxqYzUJ,BATTERY,2018-08-09,1533826800
2104,R_2ASz0xBmcxqYzUJ,MEDICATION,2018-08-09,1533826800
2105,R_2DNtqbBKGHzSDN9,SKIN_CLEANING_AGENT,2018-08-09,1533826800
2106,R_2En0sbvQ7s48ufv,PET_FOOD,2018-08-09,1533826800
2107,R_2En0sbvQ7s48ufv,VEHICLE_LIGHT_BULB,2018-08-09,1533826800
2108,R_2RVXjEovu4Y1yen,MULTIPORT_HUB,2018-08-09,1533826800
2109,R_2ToRb0eNQrFNM3u,WALL_ART,2018-08-09,1533826800
2110,R_2ToRb0eNQrFNM3u,MARKING_PEN,2018-08-09,1533826800
2111,R_2ToRb0eNQrFNM3u,BICYCLE_SEAT,2018-08-09,1533826800
2112,R_2WAagX64hf1kdMI,DECORATIVE_CUTOUT,2018-08-09,1533826800
2113,R_2Y9fPhqa2Xf2QdZ,ITEM_STAND,2018-08-09,1533826800
2114,R_2YR2Yn7wGzAeAj0,HARDWARE_CLAMP_VISE,2018-08-09,1533826800
2115,R_2ZTFfLAcuwm22Yh,PANTS,2018-08-09,1533826800
2116,R_2aldwxmUZox7Yfd,SHOES,2018-08-09,1533826800
2117,R_2aldwxmUZox7Yfd,MICROSCOPES,2018-08-09,1533826800
2118,R_2aldwxmUZox7Yfd,SKIN_CLEANING_AGENT,2018-08-09,1533826800
2119,R_2aldwxmUZox7Yfd,HEALTH_PERSONAL_CARE,2018-08-09,1533826800
2120,R_2aldwxmUZox7Yfd,SCREEN_PROTECTOR,2018-08-09,1533826800
2121,R_2b1XOZR0PYTA1jX,HEADPHONES,2018-08-09,1533826800
2122,R_2b1XOZR0PYTA1jX,SKIN_CLEANING_AGENT,2018-08-09,1533826800
2123,R_2b1XOZR0PYTA1jX,WRIST_REST,2018-08-09,1533826800
2124,R_2cvmrv8q51q8yh1,SEWING_MACHINE_NEEDLE,2018-08-09,1533826800
2125,R_2cvmrv8q51q8yh1,DRINK_FLAVORED,2018-08-09,1533826800
2126,R_2dvh9tu7PLPeipE,SHIRT,2018-08-09,1533826800
2127,R_2mAJniG0xVBIInL,PLAYARD,2018-08-09,1533826800
2128,R_2mAJniG0xVBIInL,BATTERY,2018-08-09,1533826800
2129,R_2mAJniG0xVBIInL,GROCERY,2018-08-09,1533826800
2130,R_2mAJniG0xVBIInL,ABIS_GIFT_CARD,2018-08-09,1533826800
2131,R_2rVp4uDv9fYIfdd,PORTABLE_ELECTRONIC_DEVICE_MOUNT,2018-08-09,1533826800
2132,R_2rVp4uDv9fYIfdd,CARRIER_BAG_CASE,2018-08-09,1533826800
2133,R_2tfh4rvpUWWJndF,ESSENTIAL_OIL,2018-08-09,1533826800
2134,R_2uIMLcJgQmb0v3G,PET_FOOD,2018-08-09,1533826800
2135,R_2uIMLcJgQmb0v3G,FENCE_PANEL,2018-08-09,1533826800
2136,R_2uIMLcJgQmb0v3G,SHAMPOO,2018-08-09,1533826800
2137,R_2ugDyrE1yi1FjvH,OUTDOOR_LIVING,2018-08-09,1533826800
2138,R_2vkMWH10xWp7o9s,CELLULAR_PHONE_CASE,2018-08-09,1533826800
2139,R_32MgYCncUh7NkQE,PET_PEST_CONTROL,2018-08-09,1533826800
2140,R_32MgYCncUh7NkQE,CORRECTIVE_EYEGLASSES,2018-08-09,1533826800
2141,R_32MgYCncUh7NkQE,PICTURE_HANGER,2018-08-09,1533826800
2142,R_32Mm71oAJq2K9XK,MEDICATION,2018-08-09,1533826800
2143,R_32UZncFA03IrQwQ,HEALTH_PERSONAL_CARE,2018-08-09,1533826800
2144,R_32UZncFA03IrQwQ,NOODLE,2018-08-09,1533826800
2145,R_32UZncFA03IrQwQ,HAIR_TRIMMER,2018-08-09,1533826800
2146,R_32UZncFA03IrQwQ,TOYS_AND_GAMES,2018-08-09,1533826800
2147,R_32UZncFA03IrQwQ,BARBECUE_GRILL,2018-08-09,1533826800
2148,R_32UZncFA03IrQwQ,HAIR_TRIMMER,2018-08-09,1533826800
2149,R_3D8tZyjLz903WIf,COIN_PURSE_POUCH,2018-08-09,1533826800
2150,R_3D8tZyjLz903WIf,ANIMAL_COLLAR,2018-08-09,1533826800
2151,R_3D8tZyjLz903WIf,SHOES,2018-08-09,1533826800
2152,R_3GBSX5xvcH0uSyx,PAINT,2018-08-09,1533826800
2153,R_3GBSX5xvcH0uSyx,PAINT,2018-08-09,1533826800
2154,R_3GBSX5xvcH0uSyx,BLADED_FOOD_PEELER,2018-08-09,1533826800
2155,R_3GBSX5xvcH0uSyx,SNACK_FOOD_BAR,2018-08-09,1533826800
2156,R_3GD1CL4OyjglmbZ,SKIN_CLEANING_AGENT,2018-08-09,1533826800
2157,R_3Ge2RzIsoM2g5lL,FITTED_SHEET,2018-08-09,1533826800
2158,R_3KCUnPI9FEz7vTo,SKIN_CLEANING_AGENT,2018-08-09,1533826800
2159,R_3KCUnPI9FEz7vTo,SNACK_FOOD_BAR,2018-08-09,1533826800
2160,R_3L20DbmNPSMtKUd,WATCH_BAND,2018-08-09,1533826800
2161,R_3L89g4OAN8obu49,SAFETY_MASK_REPLACEMENT_FILTER,2018-08-09,1533826800
2162,R_3M3RSZ7wNRSaxNx,PET_FOOD,2018-08-09,1533826800
2163,R_3M3RSZ7wNRSaxNx,SKIN_MOISTURIZER,2018-08-09,1533826800
2164,R_3M3RSZ7wNRSaxNx,WALLET,2018-08-09,1533826800
2165,R_3Mc9nZhk6fg7b8z,PHYSICAL_MOVIE,2018-08-09,1533826800
2166,R_3NwT1ZQQBtYqBaM,SKIN_MOISTURIZER,2018-08-09,1533826800
2167,R_3RmDOazalOu0F1L,PAPER_TOWEL_HOLDER,2018-08-09,1533826800
2168,R_3ViaGvZl7J3ObBv,ELECTRONIC_CABLE,2018-08-09,1533826800
2169,R_3ViaGvZl7J3ObBv,SCREEN_PROTECTOR,2018-08-09,1533826800
2170,R_3ViaGvZl7J3ObBv,HANGING_MOBILE,2018-08-09,1533826800
2171,R_3ViaGvZl7J3ObBv,CUP_HOLDER,2018-08-09,1533826800
2172,R_3eh02tn8YjYcUoE,KEYCHAIN,2018-08-09,1533826800
2173,R_3ek9YZGdsDHjUZf,ELECTRONIC_CABLE,2018-08-09,1533826800
2174,R_3ek9YZGdsDHjUZf,TOYS_AND_GAMES,2018-08-09,1533826800
2175,R_3ek9YZGdsDHjUZf,BICYCLE_BRAKE_PAD,2018-08-09,1533826800
2176,R_3ek9YZGdsDHjUZf,THERMOMETER,2018-08-09,1533826800
2177,R_3ek9YZGdsDHjUZf,ELECTRONIC_CABLE,2018-08-09,1533826800
2178,R_3emmbwwsXsxt4Oj,BENCH,2018-08-09,1533826800
2179,R_3h3VYxug5MmQXfO,DRAIN_OPENER_SUBSTANCE,2018-08-09,1533826800
2180,R_3iJyVGzX7fyajRz,CAMERA_DIGITAL,2018-08-09,1533826800
2181,R_3iJyVGzX7fyajRz,PET_FOOD,2018-08-09,1533826800
2182,R_3iJyVGzX7fyajRz,BED_RAIL,2018-08-09,1533826800
2183,R_3iJyVGzX7fyajRz,HAND_SEWING_NEEDLE,2018-08-09,1533826800
2184,R_3qTFp0FJqUeMhVZ,ABIS_BOOK,2018-08-09,1533826800
2185,R_3qWnPpXqudB3ETJ,SECURITY_CAMERA,2018-08-09,1533826800
2186,R_3r26NAbVnDpIxzF,PHYSICAL_MOVIE,2018-08-09,1533826800
2187,R_3r26NAbVnDpIxzF,BLOWER_INFLATED_DECORATION,2018-08-09,1533826800
2188,R_3sbM1ke1qD79iaT,SHOES,2018-08-09,1533826800
2189,R_3sbM1ke1qD79iaT,SNACK_FOOD_BAR,2018-08-09,1533826800
2190,R_3sbM1ke1qD79iaT,SCREEN_PROTECTOR,2018-08-09,1533826800
2191,R_55BKHeW1aOzYOUp,VITAMIN,2018-08-09,1533826800
2192,R_55BKHeW1aOzYOUp,TOYS_AND_GAMES,2018-08-09,1533826800
2193,R_55BKHeW1aOzYOUp,SIM_CARD,2018-08-09,1533826800
2194,R_55BKHeW1aOzYOUp,COORDINATED_OUTFIT,2018-08-09,1533826800
2195,R_6SbhJD23U5a2YJX,MAKE_UP,2018-08-09,1533826800
2196,R_8CXcySQawXPuJwJ,ELECTRICAL_HOUSING,2018-08-09,1533826800
2197,R_8CXcySQawXPuJwJ,MEDICATION,2018-08-09,1533826800
2198,R_8CXcySQawXPuJwJ,CABLE_OR_ADAPTER,2018-08-09,1533826800
2199,R_8CXcySQawXPuJwJ,ELECTRICAL_HOUSING,2018-08-09,1533826800
2200,R_8CXcySQawXPuJwJ,INCONTINENCE_PROTECTOR,2018-08-09,1533826800
2201,R_8CXcySQawXPuJwJ,NUTRITIONAL_SUPPLEMENT,2018-08-09,1533826800
2202,R_8CXcySQawXPuJwJ,SHIRT,2018-08-09,1533826800
2203,R_8CXcySQawXPuJwJ,VITAMIN,2018-08-09,1533826800
2204,R_8CXcySQawXPuJwJ,PRINTER,2018-08-09,1533826800
2205,R_8CXcySQawXPuJwJ,GROCERY,2018-08-09,1533826800
2206,R_AEBbAiW2xdXI2at,SKIN_CLEANING_AGENT,2018-08-09,1533826800
2207,R_AEBbAiW2xdXI2at,HEADPHONES,2018-08-09,1533826800
2208,R_AEBbAiW2xdXI2at,PET_FOOD,2018-08-09,1533826800
2209,R_AEBbAiW2xdXI2at,HUMIDIFIER,2018-08-09,1533826800
2210,R_ApVmIUhdKhewFtn,ELECTRONIC_CABLE,2018-08-09,1533826800
2211,R_CaF1pc8CnyWJvCp,SHOES,2018-08-09,1533826800
2212,R_Odixb15Ykmxb0Dn,SHIRT,2018-08-09,1533826800
2213,R_Odixb15Ykmxb0Dn,PET_FOOD,2018-08-09,1533826800
2214,R_Odixb15Ykmxb0Dn,HAT,2018-08-09,1533826800
2215,R_OfntYUzw43qHbuF,SCREEN_PROTECTOR,2018-08-09,1533826800
2216,R_OfntYUzw43qHbuF,COMPUTER_PROCESSOR,2018-08-09,1533826800
2217,R_SVHcBOlErkMEJjP,HEALTH_PERSONAL_CARE,2018-08-09,1533826800
2218,R_TwqkiWpv7r8ygAV,SKIN_MOISTURIZER,2018-08-09,1533826800
2219,R_UEke64xAaOG3mTf,TOOLS,2018-08-09,1533826800
2220,R_UEke64xAaOG3mTf,SKIN_CLEANING_AGENT,2018-08-09,1533826800
2221,R_UEke64xAaOG3mTf,VEHICLE_LIGHT_BULB,2018-08-09,1533826800
2222,R_XYsrPCXL5N6boad,LIGHT_FIXTURE,2018-08-09,1533826800
2223,R_Y3TdYiBodZOLXlT,TRACTION_CLEAT,2018-08-09,1533826800
2224,R_ZkokwdIEZybYo9z,BATTERY,2018-08-09,1533826800
2225,R_b3dSUlk76L0C6TD,ELECTRONIC_CABLE,2018-08-09,1533826800
2226,R_b3dSUlk76L0C6TD,TOOTH_CLEANING_AGENT,2018-08-09,1533826800
2227,R_b3dSUlk76L0C6TD,PORTABLE_VIDEO_DISC_PLAYER,2018-08-09,1533826800
2228,R_b3dSUlk76L0C6TD,NUTRITIONAL_SUPPLEMENT,2018-08-09,1533826800
2229,R_b3dSUlk76L0C6TD,SKIN_CLEANING_AGENT,2018-08-09,1533826800
2230,R_b3dSUlk76L0C6TD,SCREEN_PROTECTOR,2018-08-09,1533826800
2231,R_b3dSUlk76L0C6TD,TOYS_AND_GAMES,2018-08-09,1533826800
2232,R_blmQEhOrCwpqG4x,SHOELACE,2018-08-09,1533826800
2233,R_bw2nQ0iRh2wCa8p,PORTABLE_ELECTRONIC_DEVICE_STAND,2018-08-09,1533826800
2234,R_bw2nQ0iRh2wCa8p,ABIS_BOOK,2018-08-09,1533826800
2235,R_bw2nQ0iRh2wCa8p,PHYSICAL_MOVIE,2018-08-09,1533826800
2236,R_etgq3mVPgoz8CyZ,FISHING_HOOK,2018-08-09,1533826800
2237,R_sGohXmtT8TjLibT,SHOES,2018-08-09,1533826800
2238,R_t0ccZ3CXpzqgSpr,GROCERY,2018-08-09,1533826800
2239,R_tXHOaasrDjYwLO9,TABLET_COMPUTER,2018-08-09,1533826800
2240,R_vCykMx1wpGTjjTb,BATTERY,2018-08-09,1533826800
2241,R_vCykMx1wpGTjjTb,TWO_WAY_RADIO,2018-08-09,1533826800
2242,R_vCykMx1wpGTjjTb,PANTS,2018-08-09,1533826800
2243,R_xzt7BAlQUA8iNyh,ASHTRAY,2018-08-09,1533826800
2244,R_xzt7BAlQUA8iNyh,SNACK_FOOD_BAR,2018-08-09,1533826800
2245,R_10uU7A3PqkL1i0o,ABIS_BOOK,2018-08-10,1533913200
2246,R_10uU7A3PqkL1i0o,SAUCE,2018-08-10,1533913200
2247,R_10uU7A3PqkL1i0o,SKIN_MOISTURIZER,2018-08-10,1533913200
2248,R_11WUgIV4IWfGoDX,SKIN_SERUM,2018-08-10,1533913200
2249,R_11WUgIV4IWfGoDX,TARP,2018-08-10,1533913200
2250,R_11WUgIV4IWfGoDX,SYRINGE,2018-08-10,1533913200
2251,R_11WUgIV4IWfGoDX,SKIN_CLEANING_AGENT,2018-08-10,1533913200
2252,R_1C4nKyrv0w2thJn,CURTAIN,2018-08-10,1533913200
2253,R_1C4nKyrv0w2thJn,HEALTH_PERSONAL_CARE,2018-08-10,1533913200
2254,R_1C4nKyrv0w2thJn,ELECTRONIC_CABLE,2018-08-10,1533913200
2255,R_1C4nKyrv0w2thJn,PADDLEBOARD,2018-08-10,1533913200
2256,R_1C4nKyrv0w2thJn,SWEATER,2018-08-10,1533913200
2257,R_1C4nKyrv0w2thJn,PHYSICAL_MOVIE,2018-08-10,1533913200
2258,R_1C4nKyrv0w2thJn,SNACK_FOOD_BAR,2018-08-10,1533913200
2259,R_1C4nKyrv0w2thJn,ABIS_BOOK,2018-08-10,1533913200
2260,R_1C4nKyrv0w2thJn,KITCHEN,2018-08-10,1533913200
2261,R_1C4nKyrv0w2thJn,SKIN_CLEANING_AGENT,2018-08-10,1533913200
2262,R_1C4nKyrv0w2thJn,DRESS,2018-08-10,1533913200
2263,R_1C8w4NDDQC5fcgE,SKIN_CLEANING_AGENT,2018-08-10,1533913200
2264,R_1C8w4NDDQC5fcgE,CULINARY_MUSHROOM,2018-08-10,1533913200
2265,R_1FJHvQm83j8lK35,HAIR_BRUSH,2018-08-10,1533913200
2266,R_1FJHvQm83j8lK35,WHEEL,2018-08-10,1533913200
2267,R_1FJHvQm83j8lK35,SPOON_REST,2018-08-10,1533913200
2268,R_1FJHvQm83j8lK35,NUT_AND_SEED,2018-08-10,1533913200
2269,R_1FJHvQm83j8lK35,MEDICATION,2018-08-10,1533913200
2270,R_1FJHvQm83j8lK35,NUT_AND_SEED,2018-08-10,1533913200
2271,R_1FJHvQm83j8lK35,SHIRT,2018-08-10,1533913200
2272,R_1FJHvQm83j8lK35,PET_TOY,2018-08-10,1533913200
2273,R_1FJHvQm83j8lK35,MEDICATION,2018-08-10,1533913200
2274,R_1FJHvQm83j8lK35,PET_FOOD,2018-08-10,1533913200
2275,R_1FJHvQm83j8lK35,NUT_AND_SEED,2018-08-10,1533913200
2276,R_1KkFs7rgWXlWf58,INSECT_REPELLENT,2018-08-10,1533913200
2277,R_1KkFs7rgWXlWf58,ABIS_BOOK,2018-08-10,1533913200
2278,R_1KxVDxZl2H0XoHS,TAMPON,2018-08-10,1533913200
2279,R_1MY7yxvExjQWTkv,SKIN_CLEANING_AGENT,2018-08-10,1533913200
2280,R_1NCzj2eSHI4QGcd,SHOES,2018-08-10,1533913200
2281,R_1NCzj2eSHI4QGcd,FACE_SHAPING_MAKEUP,2018-08-10,1533913200
2282,R_1NgAWSeub1pgOGj,PLANT_SEED,2018-08-10,1533913200
2283,R_1NgAWSeub1pgOGj,SHOES,2018-08-10,1533913200
2284,R_1OrTsiPCkAlmb0N,UNDERGARMENT_SLIP,2018-08-10,1533913200
2285,R_1QupmKjSh9fA4l4,HEADPHONES,2018-08-10,1533913200
2286,R_1Qyzwfx5HrXdw4U,ABIS_BOOK,2018-08-10,1533913200
2287,R_1Qyzwfx5HrXdw4U,SNACK_FOOD_BAR,2018-08-10,1533913200
2288,R_1Qyzwfx5HrXdw4U,HARDWARE_HINGE,2018-08-10,1533913200
2289,R_1Qyzwfx5HrXdw4U,SNACK_FOOD_BAR,2018-08-10,1533913200
2290,R_1Qyzwfx5HrXdw4U,FOOD_STORAGE_BAG,2018-08-10,1533913200
2291,R_1dKBjc0UTA0ZiYb,SKIN_MOISTURIZER,2018-08-10,1533913200
2292,R_1dKBjc0UTA0ZiYb,SIGNAGE,2018-08-10,1533913200
2293,R_1dppjLIFEdj7Kq5,GROCERY,2018-08-10,1533913200
2294,R_1eFv0mPpH4dM2mG,SKIN_MOISTURIZER,2018-08-10,1533913200
2295,R_1exepO2lYqHFR9q,ROLLING_PAPER,2018-08-10,1533913200
2296,R_1gG5xibh48txT6f,SKIN_MOISTURIZER,2018-08-10,1533913200
2297,R_1gOX88nojaBXOt2,SHIRT,2018-08-10,1533913200
2298,R_1hFMTehZQIAcBvZ,DISHWARE_BOWL,2018-08-10,1533913200
2299,R_1kYuVPgjXmEfSf8,NUTRITIONAL_SUPPLEMENT,2018-08-10,1533913200
2300,R_1lxYa2W6GgcAQ19,WILDLIFE_FEEDER,2018-08-10,1533913200
2301,R_1mQrQ5EFGvbBRLb,INCENSE_HOLDER,2018-08-10,1533913200
2302,R_1mQrQ5EFGvbBRLb,SOLID_FIRE_FUEL,2018-08-10,1533913200
2303,R_1ouRfsTlr2iWPge,SHELF,2018-08-10,1533913200
2304,R_1ouRfsTlr2iWPge,MEDICATION,2018-08-10,1533913200
2305,R_1pKZVLBbrpZM8bP,BLOWTORCH,2018-08-10,1533913200
2306,R_1pKZVLBbrpZM8bP,EXERCISE_MAT,2018-08-10,1533913200
2307,R_1q7GuBNrrAGdxx3,NOTEBOOK_COMPUTER,2018-08-10,1533913200
2308,R_1roTOelTygZr5G8,SAUCE,2018-08-10,1533913200
2309,R_22DJIjS0M8yvaYO,NUTRITIONAL_SUPPLEMENT,2018-08-10,1533913200
2310,R_22DJIjS0M8yvaYO,PICNIC_HOLDER,2018-08-10,1533913200
2311,R_22mMopWqAj09mQc,CAMERA_DIGITAL,2018-08-10,1533913200
2312,R_22mMopWqAj09mQc,CAMERA_DIGITAL,2018-08-10,1533913200
2313,R_24csoaO569P4Yzz,BASE_LAYER_APPAREL_SET,2018-08-10,1533913200
2314,R_24csoaO569P4Yzz,TOYS_AND_GAMES,2018-08-10,1533913200
2315,R_24csoaO569P4Yzz,PET_FOOD,2018-08-10,1533913200
2316,R_273TMGuLM3jXisi,TOILET_PAPER,2018-08-10,1533913200
2317,R_279ENCaNyRMf98u,BRA,2018-08-10,1533913200
2318,R_279ENCaNyRMf98u,HONEY,2018-08-10,1533913200
2319,R_279ENCaNyRMf98u,SKIN_MOISTURIZER,2018-08-10,1533913200
2320,R_279ENCaNyRMf98u,INKJET_PRINTER_INK,2018-08-10,1533913200
2321,R_28BST1zc80UaP2C,ELECTRONIC_CABLE,2018-08-10,1533913200
2322,R_28BST1zc80UaP2C,HOUSEHOLD_VARNISH,2018-08-10,1533913200
2323,R_29iGyG3WSmKo5Te,GUILD_JEWELRY,2018-08-10,1533913200
2324,R_2AXcJk6rRN4M33l,NUTRITIONAL_SUPPLEMENT,2018-08-10,1533913200
2325,R_2AXcJk6rRN4M33l,MEDICATION,2018-08-10,1533913200
2326,R_2AXcJk6rRN4M33l,SHIRT,2018-08-10,1533913200
2327,R_2AXcJk6rRN4M33l,ELECTRONIC_CABLE,2018-08-10,1533913200
2328,R_2BsOEd1kkGunQti,SKIN_MOISTURIZER,2018-08-10,1533913200
2329,R_2BtA3kIOBjhD26o,VITAMIN,2018-08-10,1533913200
2330,R_2CpozrevorP48sb,TOYS_AND_GAMES,2018-08-10,1533913200
2331,R_2D2HATrOKH8Rrns,SNACK_FOOD_BAR,2018-08-10,1533913200
2332,R_2DOWnSX3XtTVapF,FLASH_DRIVE,2018-08-10,1533913200
2333,R_2E5XCpTY2B5ZQ1f,HARDWARE_TUBING,2018-08-10,1533913200
2334,R_2En0sbvQ7s48ufv,GARLAND,2018-08-10,1533913200
2335,R_2OOq3ysdOS3TtBd,LEASH,2018-08-10,1533913200
2336,R_2OOq3ysdOS3TtBd,PLIERS,2018-08-10,1533913200
2337,R_2UVhfjk1qQb6KI5,CELLULAR_PHONE_CASE,2018-08-10,1533913200
2338,R_2VwjXhJ5OznStEi,STATIONARY_BICYCLE,2018-08-10,1533913200
2339,R_2VwjXhJ5OznStEi,GIFT_WRAP,2018-08-10,1533913200
2340,R_2VwjXhJ5OznStEi,SNACK_FOOD_BAR,2018-08-10,1533913200
2341,R_2VwjXhJ5OznStEi,STATIONARY_BICYCLE,2018-08-10,1533913200
2342,R_2VyUSFk11bbTVej,RUG,2018-08-10,1533913200
2343,R_2VyUSFk11bbTVej,RUG,2018-08-10,1533913200
2344,R_2VyUSFk11bbTVej,DISHWASHER,2018-08-10,1533913200
2345,R_2XoI6KbLJRGFz5X,TOWEL,2018-08-10,1533913200
2346,R_2XoI6KbLJRGFz5X,SNACK_FOOD_BAR,2018-08-10,1533913200
2347,R_2ZEQSnRGlS7ZscC,AIR_PUMP,2018-08-10,1533913200
2348,R_2ZEQSnRGlS7ZscC,HAIR_COLORING_AGENT,2018-08-10,1533913200
2349,R_2ZEQSnRGlS7ZscC,PROJECTILE_BOW,2018-08-10,1533913200
2350,R_2ZEoREY3x7s7zEM,ORTHOPEDIC_BRACE,2018-08-10,1533913200
2351,R_2cBADxleVyzT89z,COMPUTER_INPUT_DEVICE,2018-08-10,1533913200
2352,R_2cBADxleVyzT89z,SKIN_MOISTURIZER,2018-08-10,1533913200
2353,R_2dMef2oXr2I6RKU,ACCESSORY,2018-08-10,1533913200
2354,R_2e3bppvzM7Ynmch,RICE_MIX,2018-08-10,1533913200
2355,R_2e9e8lhWqVtpb7m,RAM_MEMORY,2018-08-10,1533913200
2356,R_2ebyEGI9jY5WIax,SPORT_MITT,2018-08-10,1533913200
2357,R_2sbf0hqTGFb880u,NUTRITIONAL_SUPPLEMENT,2018-08-10,1533913200
2358,R_2sbf0hqTGFb880u,SHOES,2018-08-10,1533913200
2359,R_2tfHzrdo6EEaiWi,TOYS_AND_GAMES,2018-08-10,1533913200
2360,R_2tfHzrdo6EEaiWi,CLOCK,2018-08-10,1533913200
2361,R_2uIMLcJgQmb0v3G,PET_FOOD,2018-08-10,1533913200
2362,R_2uZDxTZAORBIW1o,SOUS_VIDE_MACHINE,2018-08-10,1533913200
2363,R_2uZDxTZAORBIW1o,TREADMILL,2018-08-10,1533913200
2364,R_2vYeXyFdrSyrVwh,NUTRITIONAL_SUPPLEMENT,2018-08-10,1533913200
2365,R_2vYeXyFdrSyrVwh,PARTY_SUPPLIES,2018-08-10,1533913200
2366,R_2vYeXyFdrSyrVwh,WALKER,2018-08-10,1533913200
2367,R_2vkMWH10xWp7o9s,CONTROLLER,2018-08-10,1533913200
2368,R_2vkMWH10xWp7o9s,AUDIO_MIDI_INTERFACE,2018-08-10,1533913200
2369,R_2vkMWH10xWp7o9s,HEADPHONES,2018-08-10,1533913200
2370,R_2vkMWH10xWp7o9s,CRAFT_WOOD,2018-08-10,1533913200
2371,R_2xLvxRKX2448l9k,SNACK_FOOD_BAR,2018-08-10,1533913200
2372,R_2xLvxRKX2448l9k,PAINT_BRUSH,2018-08-10,1533913200
2373,R_2xLvxRKX2448l9k,LAUNDRY_DETERGENT,2018-08-10,1533913200
2374,R_32UZncFA03IrQwQ,CURTAIN,2018-08-10,1533913200
2375,R_33jcUkAZ8knoq82,ABIS_BOOK,2018-08-10,1533913200
2376,R_33jcUkAZ8knoq82,MEDICATION,2018-08-10,1533913200
2377,R_33jcUkAZ8knoq82,GRIDDLE_PLATE,2018-08-10,1533913200
2378,R_3D0FIkesMnTGsnm,WEIGH_SCALE,2018-08-10,1533913200
2379,R_3ElHoNUS8Tyu7RP,HEALTH_PERSONAL_CARE,2018-08-10,1533913200
2380,R_3ElHoNUS8Tyu7RP,VITAMIN,2018-08-10,1533913200
2381,R_3ElHoNUS8Tyu7RP,HERB,2018-08-10,1533913200
2382,R_3ElHoNUS8Tyu7RP,STORAGE_HOOK,2018-08-10,1533913200
2383,R_3ElHoNUS8Tyu7RP,DRINKING_CUP,2018-08-10,1533913200
2384,R_3ElHoNUS8Tyu7RP,BATTERY,2018-08-10,1533913200
2385,R_3ElHoNUS8Tyu7RP,STORAGE_HOOK,2018-08-10,1533913200
2386,R_3ElHoNUS8Tyu7RP,COMPUTER_COMPONENT,2018-08-10,1533913200
2387,R_3GD1CL4OyjglmbZ,DECORATIVE_RIBBON_TRIM,2018-08-10,1533913200
2388,R_3GD1CL4OyjglmbZ,PHYSICAL_TV_SERIES,2018-08-10,1533913200
2389,R_3GqfePl8gH1VWP1,SOCKS,2018-08-10,1533913200
2390,R_3GqfePl8gH1VWP1,TOTE_BAG,2018-08-10,1533913200
2391,R_3GqfePl8gH1VWP1,SNACK_FOOD_BAR,2018-08-10,1533913200
2392,R_3HAk4tN4hE1Arcm,SCREEN_PROTECTOR,2018-08-10,1533913200
2393,R_3HigTq4itishziE,LEGUME,2018-08-10,1533913200
2394,R_3HigTq4itishziE,SNACK_FOOD_BAR,2018-08-10,1533913200
2395,R_3HigTq4itishziE,SNACK_FOOD_BAR,2018-08-10,1533913200
2396,R_3HigTq4itishziE,SKIN_MOISTURIZER,2018-08-10,1533913200
2397,R_3HigTq4itishziE,SNACK_CHIP_AND_CRISP,2018-08-10,1533913200
2398,R_3HigTq4itishziE,ABIS_BOOK,2018-08-10,1533913200
2399,R_3HigTq4itishziE,SHOES,2018-08-10,1533913200
2400,R_3HigTq4itishziE,PACKING_MATERIAL,2018-08-10,1533913200
2401,R_3HigTq4itishziE,BATHTUB_SHOWER_MAT,2018-08-10,1533913200
2402,R_3HigTq4itishziE,LAMPSHADE,2018-08-10,1533913200
2403,R_3Hphzg7zu04Hgy1,ABIS_BOOK,2018-08-10,1533913200
2404,R_3L89g4OAN8obu49,SHIRT,2018-08-10,1533913200
2405,R_3Mli97JX0WeLIos,SHOES,2018-08-10,1533913200
2406,R_3Mli97JX0WeLIos,SKIN_MOISTURIZER,2018-08-10,1533913200
2407,R_3NwUrzA3eAsS3xO,HEALTH_PERSONAL_CARE,2018-08-10,1533913200
2408,R_3PUi8o2if0JqKfl,PUPPET,2018-08-10,1533913200
2409,R_3PaGuwKhYPfHa15,LOOSE_CUT_GEM,2018-08-10,1533913200
2410,R_3e82J7pYxj5XP7j,COOKIE,2018-08-10,1533913200
2411,R_3enuyEOsaEVxTNX,SCREEN_PROTECTOR,2018-08-10,1533913200
2412,R_3enuyEOsaEVxTNX,PICTURE_HANGER,2018-08-10,1533913200
2413,R_3g1vpqtwzgBUs93,PANTS,2018-08-10,1533913200
2414,R_3g1vpqtwzgBUs93,CRAFT_BEAD,2018-08-10,1533913200
2415,R_3h4JnsfebywTUxX,SHOES,2018-08-10,1533913200
2416,R_3h4JnsfebywTUxX,HEALTH_PERSONAL_CARE,2018-08-10,1533913200
2417,R_3h4JnsfebywTUxX,CELLULAR_PHONE_CASE,2018-08-10,1533913200
2418,R_3jYUg0c9puk2lgW,MECHANICAL_BELT,2018-08-10,1533913200
2419,R_3m3H4mwZ2snYFua,UTILITY_SPONGE,2018-08-10,1533913200
2420,R_3oWSVjKtFIw0OE8,PET_FOOD,2018-08-10,1533913200
2421,R_3qTFp0FJqUeMhVZ,PET_FOOD,2018-08-10,1533913200
2422,R_3qTFp0FJqUeMhVZ,POTABLE_WATER_FILTER,2018-08-10,1533913200
2423,R_3rZHdmB75jSgwhr,FOUNTAIN,2018-08-10,1533913200
2424,R_4TMdmQ1SjGtT6Ex,PHYSICAL_MOVIE,2018-08-10,1533913200
2425,R_4TMdmQ1SjGtT6Ex,GROCERY,2018-08-10,1533913200
2426,R_6SbhJD23U5a2YJX,SNACK_CHIP_AND_CRISP,2018-08-10,1533913200
2427,R_8CXcySQawXPuJwJ,BABY_PRODUCT,2018-08-10,1533913200
2428,R_8vnpSkm79W7Jsv7,GROCERY,2018-08-10,1533913200
2429,R_AEBbAiW2xdXI2at,SNACK_FOOD_BAR,2018-08-10,1533913200
2430,R_AM0OvM0F9kBvqal,SWIMWEAR,2018-08-10,1533913200
2431,R_BWhnv4EdbhSS6rf,VITAMIN,2018-08-10,1533913200
2432,R_Djcs43mP6ReoYgN,KAYAK,2018-08-10,1533913200
2433,R_Wr3OvD5tOnb6kmZ,NUTRITIONAL_SUPPLEMENT,2018-08-10,1533913200
2434,R_XFxTMj7GDret70d,STRINGED_INSTRUMENTS,2018-08-10,1533913200
2435,R_XFxTMj7GDret70d,HEADPHONES,2018-08-10,1533913200
2436,R_XYTa0bvoaQqev3r,UMBRELLA,2018-08-10,1533913200
2437,R_Xhz81T9LodPX0KB,ABIS_BOOK,2018-08-10,1533913200
2438,R_ZIBCd5K8oQRXdm1,SHIRT,2018-08-10,1533913200
2439,R_bBgIkZfU6RwGLWF,BRA,2018-08-10,1533913200
2440,R_bkquoGQp5VhpihP,REINFORCED_ART_SURFACE,2018-08-10,1533913200
2441,R_e387De1jF0gN2OB,SKIN_CLEANING_AGENT,2018-08-10,1533913200
2442,R_e387De1jF0gN2OB,TOOTH_CLEANING_AGENT,2018-08-10,1533913200
2443,R_e8KTElZZLWryLWp,ADHESIVE_TAPES,2018-08-10,1533913200
2444,R_e8KTElZZLWryLWp,NUTRITIONAL_SUPPLEMENT,2018-08-10,1533913200
2445,R_eOMCliqYqUD4oOR,JANITORIAL_SUPPLY,2018-08-10,1533913200
2446,R_rcId0AtM417vPGN,CAMERA_OTHER_ACCESSORIES,2018-08-10,1533913200
2447,R_s4I8huB9BOcWI5H,TOYS_AND_GAMES,2018-08-10,1533913200
2448,R_sGohXmtT8TjLibT,PANTS,2018-08-10,1533913200
2449,R_sGohXmtT8TjLibT,POWER_STRIP,2018-08-10,1533913200
2450,R_sM3qX7I1tHzvU09,PLECTRUM,2018-08-10,1533913200
2451,R_sM3qX7I1tHzvU09,PANTS,2018-08-10,1533913200
2452,R_tDI0MmPcVp5b2Xn,ELECTRONIC_CABLE,2018-08-10,1533913200
2453,R_w5JAqptOytTan4J,NUTRITIONAL_SUPPLEMENT,2018-08-10,1533913200
2454,R_w5bE96azoKnM6Ih,SHIRT,2018-08-10,1533913200
2455,R_w5bE96azoKnM6Ih,SHOE_INSERT,2018-08-10,1533913200
2456,R_xsyCKTazvY4vHbz,PHYSICAL_MOVIE,2018-08-10,1533913200
2457,R_yC5ffbdBLVi93Pz,WALL_ART,2018-08-10,1533913200
2458,R_yC5ffbdBLVi93Pz,HOME,2018-08-10,1533913200
2459,R_0pRmRjHkwStzNQJ,HAMMOCK,2018-08-11,1533999600
2460,R_0pRmRjHkwStzNQJ,HEADPHONES,2018-08-11,1533999600
2461,R_1C75XRebT1eliL0,POTABLE_WATER_FILTER,2018-08-11,1533999600
2462,R_1C75XRebT1eliL0,GROCERY,2018-08-11,1533999600
2463,R_1DYjkc1gJNvrzzL,MEDICATION,2018-08-11,1533999600
2464,R_1DYjkc1gJNvrzzL,SKIN_MOISTURIZER,2018-08-11,1533999600
2465,R_1DYjkc1gJNvrzzL,LAMP,2018-08-11,1533999600
2466,R_1NDq0rxoUSu6oyz,TRANSPORT_RACK,2018-08-11,1533999600
2467,R_1NDq0rxoUSu6oyz,SHOES,2018-08-11,1533999600
2468,R_1Nh9okz5clSAlfl,OUTDOOR_LIVING,2018-08-11,1533999600
2469,R_1Oov0G05pkQnKNn,HEALTH_PERSONAL_CARE,2018-08-11,1533999600
2470,R_1Oov0G05pkQnKNn,PHYSICAL_MOVIE,2018-08-11,1533999600
2471,R_1P0kCmz0zdMSEld,ABIS_BOOK,2018-08-11,1533999600
2472,R_1PcttxbjmIpzZ9t,JEWELRY_STORAGE,2018-08-11,1533999600
2473,R_1PcttxbjmIpzZ9t,PET_PEST_CONTROL,2018-08-11,1533999600
2474,R_1Q9JeeKncbbLcz0,NUTRITIONAL_SUPPLEMENT,2018-08-11,1533999600
2475,R_1QG7SsKpYQgSIAF,HEALTH_PERSONAL_CARE,2018-08-11,1533999600
2476,R_1dFu7LeBJE3Wd6p,VITAMIN,2018-08-11,1533999600
2477,R_1dFu7LeBJE3Wd6p,PERSONAL_COMPUTER,2018-08-11,1533999600
2478,R_1dFu7LeBJE3Wd6p,COFFEE,2018-08-11,1533999600
2479,R_1eFv0mPpH4dM2mG,DUMBBELL,2018-08-11,1533999600
2480,R_1gcmv3lhX8iJEQb,WREATH,2018-08-11,1533999600
2481,R_1gcmv3lhX8iJEQb,ANIMAL_MEDICATION,2018-08-11,1533999600
2482,R_1gq1l7L7YXNcp13,BACKPACK,2018-08-11,1533999600
2483,R_1gq1l7L7YXNcp13,NUTRITIONAL_SUPPLEMENT,2018-08-11,1533999600
2484,R_1gq1l7L7YXNcp13,ELECTRONIC_CABLE,2018-08-11,1533999600
2485,R_1hLPyY3aamfi3xT,TOYS_AND_GAMES,2018-08-11,1533999600
2486,R_1hLPyY3aamfi3xT,IMMERSION_HEATER,2018-08-11,1533999600
2487,R_1jARg5bGH5uqAKW,KITCHEN,2018-08-11,1533999600
2488,R_1jARg5bGH5uqAKW,SURFACE_CLEANING_WIPE,2018-08-11,1533999600
2489,R_1mQrQ5EFGvbBRLb,SKIN_MOISTURIZER,2018-08-11,1533999600
2490,R_1mQrQ5EFGvbBRLb,AIMING_SCOPE_SIGHT,2018-08-11,1533999600
2491,R_1oFSDeGAQcUN2v8,TOOTHBRUSH_HOLDER,2018-08-11,1533999600
2492,R_1oFSDeGAQcUN2v8,HAIR_BRUSH,2018-08-11,1533999600
2493,R_1oFSDeGAQcUN2v8,SKIN_CLEANING_AGENT,2018-08-11,1533999600
2494,R_1obwpb6iowh7vew,ABIS_BOOK,2018-08-11,1533999600
2495,R_1obwpb6iowh7vew,REMOTE_CONTROL,2018-08-11,1533999600
2496,R_1obwpb6iowh7vew,SNACK_FOOD_BAR,2018-08-11,1533999600
2497,R_1ouRfsTlr2iWPge,FOOD_STORAGE_CONTAINER,2018-08-11,1533999600
2498,R_1ouRfsTlr2iWPge,NOODLE,2018-08-11,1533999600
2499,R_1ouRfsTlr2iWPge,PET_FOOD,2018-08-11,1533999600
2500,R_20O6baqxT4T2CbA,UTILITY_JACK,2018-08-11,1533999600
2501,R_20O6baqxT4T2CbA,SHOES,2018-08-11,1533999600
2502,R_20Yd9DvrGselmZY,PHYSICAL_MOVIE,2018-08-11,1533999600
2503,R_20Z3XrmdVrFDp3r,ABIS_BOOK,2018-08-11,1533999600
2504,R_20Z3XrmdVrFDp3r,SCREEN_PROTECTOR,2018-08-11,1533999600
2505,R_24csoaO569P4Yzz,GROCERY,2018-08-11,1533999600
2506,R_24csoaO569P4Yzz,WIG,2018-08-11,1533999600
2507,R_27DL80quzRiSEmq,VEHICLE_TIRE,2018-08-11,1533999600
2508,R_27DL80quzRiSEmq,TOYS_AND_GAMES,2018-08-11,1533999600
2509,R_27DL80quzRiSEmq,PHYSICAL_SOFTWARE,2018-08-11,1533999600
2510,R_27DL80quzRiSEmq,UNDERGARMENT_THIGH_SLIMMER,2018-08-11,1533999600
2511,R_27DL80quzRiSEmq,TOYS_AND_GAMES,2018-08-11,1533999600
2512,R_27DL80quzRiSEmq,NUTRITIONAL_SUPPLEMENT,2018-08-11,1533999600
2513,R_27DL80quzRiSEmq,VEHICLE_TIRE,2018-08-11,1533999600
2514,R_27DL80quzRiSEmq,CAMERA_DIGITAL,2018-08-11,1533999600
2515,R_27DL80quzRiSEmq,CAMERA_DIGITAL,2018-08-11,1533999600
2516,R_27DL80quzRiSEmq,VEHICLE_TIRE,2018-08-11,1533999600
2517,R_27DL80quzRiSEmq,PANTS,2018-08-11,1533999600
2518,R_2ASz0xBmcxqYzUJ,VITAMIN,2018-08-11,1533999600
2519,R_2ASz0xBmcxqYzUJ,SKIN_CLEANING_AGENT,2018-08-11,1533999600
2520,R_2OOq3ysdOS3TtBd,GROCERY,2018-08-11,1533999600
2521,R_2OOq3ysdOS3TtBd,MEDICATION,2018-08-11,1533999600
2522,R_2Qu0fgUOnDpaKDH,HEADPHONES,2018-08-11,1533999600
2523,R_2Qu0fgUOnDpaKDH,CURTAIN,2018-08-11,1533999600
2524,R_2Qu0fgUOnDpaKDH,NUTRITIONAL_SUPPLEMENT,2018-08-11,1533999600
2525,R_2U0l40aPYAoBJLV,GROCERY,2018-08-11,1533999600
2526,R_2XoI6KbLJRGFz5X,GROCERY,2018-08-11,1533999600
2527,R_2ebzj3o225IisIQ,PET_TOY,2018-08-11,1533999600
2528,R_2ebzj3o225IisIQ,OVERALLS,2018-08-11,1533999600
2529,R_2fD6Jy2muMgaubH,TOWEL,2018-08-11,1533999600
2530,R_2foIkyims4WyyYQ,BATTERY,2018-08-11,1533999600
2531,R_2foIkyims4WyyYQ,PET_TOY,2018-08-11,1533999600
2532,R_2foIkyims4WyyYQ,ELECTRONIC_CABLE,2018-08-11,1533999600
2533,R_2pWAVsUj7WsZHLs,HOSE_PIPE_FITTING,2018-08-11,1533999600
2534,R_2qjAN1lyLAdAxT2,TOYS_AND_GAMES,2018-08-11,1533999600
2535,R_2s5OzoDX56gIWr0,BODY_POSITIONER,2018-08-11,1533999600
2536,R_2sYHDhT6DJy2U6q,SNACK_FOOD_BAR,2018-08-11,1533999600
2537,R_2sYHDhT6DJy2U6q,ABIS_BOOK,2018-08-11,1533999600
2538,R_2sYHDhT6DJy2U6q,SHOES,2018-08-11,1533999600
2539,R_2tfEDXuyNRcQoWs,HAT,2018-08-11,1533999600
2540,R_2tfEDXuyNRcQoWs,BOOK_DOCUMENT_STAND,2018-08-11,1533999600
2541,R_2tfEDXuyNRcQoWs,ROUTER_POWER_TOOL,2018-08-11,1533999600
2542,R_2wmCdm6ETy6g3k0,CAULKS,2018-08-11,1533999600
2543,R_2wzatCV9Z18xLF2,ELECTRONIC_CABLE,2018-08-11,1533999600
2544,R_2wzatCV9Z18xLF2,ABIS_BOOK,2018-08-11,1533999600
2545,R_2wzatCV9Z18xLF2,SKIN_CLEANING_AGENT,2018-08-11,1533999600
2546,R_2xLvxRKX2448l9k,AMAZON_BOOK_READER,2018-08-11,1533999600
2547,R_2xLvxRKX2448l9k,ROBOTIC_VACUUM_CLEANER,2018-08-11,1533999600
2548,R_30kPg5opkenrGPb,CRACKER,2018-08-11,1533999600
2549,R_30kPg5opkenrGPb,SPORT_WETSUIT,2018-08-11,1533999600
2550,R_30kPg5opkenrGPb,ELECTRONIC_DEVICE_SKIN,2018-08-11,1533999600
2551,R_31SNC0DcyjBDcq3,OUTDOOR_LIVING,2018-08-11,1533999600
2552,R_333cPUAJRgYXqi1,DRYING_RACK,2018-08-11,1533999600
2553,R_3Ebh099lpNz7iC2,SNACK_FOOD_BAR,2018-08-11,1533999600
2554,R_3GBRRr7bndtJPU9,BATTERY,2018-08-11,1533999600
2555,R_3HAk4tN4hE1Arcm,SHIRT,2018-08-11,1533999600
2556,R_3HigTq4itishziE,MEDICATION,2018-08-11,1533999600
2557,R_3JjRmgOh3ZydDiW,POPCORN_POPPER,2018-08-11,1533999600
2558,R_3JjRmgOh3ZydDiW,SCREEN_PROTECTOR,2018-08-11,1533999600
2559,R_3JjRmgOh3ZydDiW,SNACK_FOOD_BAR,2018-08-11,1533999600
2560,R_3JjRmgOh3ZydDiW,HEALTH_PERSONAL_CARE,2018-08-11,1533999600
2561,R_3JjRmgOh3ZydDiW,PORTABLE_ELECTRONIC_DEVICE_ARMBAND,2018-08-11,1533999600
2562,R_3JjRmgOh3ZydDiW,POPCORN_POPPER,2018-08-11,1533999600
2563,R_3JjRmgOh3ZydDiW,POWER_CORD,2018-08-11,1533999600
2564,R_3JjRmgOh3ZydDiW,PET_FOOD,2018-08-11,1533999600
2565,R_3JjRmgOh3ZydDiW,ELECTRONIC_CABLE,2018-08-11,1533999600
2566,R_3JjRmgOh3ZydDiW,SCREEN_PROTECTOR,2018-08-11,1533999600
2567,R_3JjRmgOh3ZydDiW,INPUT_OUTPUT_CARD,2018-08-11,1533999600
2568,R_3JjRmgOh3ZydDiW,GROCERY,2018-08-11,1533999600
2569,R_3JjRmgOh3ZydDiW,SHELF,2018-08-11,1533999600
2570,R_3JjRmgOh3ZydDiW,INSTALLATION_SERVICES,2018-08-11,1533999600
2571,R_3JjRmgOh3ZydDiW,MECHANICAL_BELT,2018-08-11,1533999600
2572,R_3JjRmgOh3ZydDiW,HEADPHONES,2018-08-11,1533999600
2573,R_3JjRmgOh3ZydDiW,FOOD_SLICER,2018-08-11,1533999600
2574,R_3JjRmgOh3ZydDiW,TOWEL,2018-08-11,1533999600
2575,R_3LXRVZSdJiqH63S,SINGLE_BOARD_COMPUTER,2018-08-11,1533999600
2576,R_3LXRVZSdJiqH63S,SCREEN_PROTECTOR,2018-08-11,1533999600
2577,R_3LXRVZSdJiqH63S,LABEL,2018-08-11,1533999600
2578,R_3LXRVZSdJiqH63S,SNACK_FOOD_BAR,2018-08-11,1533999600
2579,R_3LXRVZSdJiqH63S,DAIRY_BASED_YOGURT,2018-08-11,1533999600
2580,R_3M0euO2kPnoHrdt,SAUCE,2018-08-11,1533999600
2581,R_3MhBAq6V6XHU9ln,SHIRT,2018-08-11,1533999600
2582,R_3OdXDDGsG2bvbXb,VACUUM_CLEANER,2018-08-11,1533999600
2583,R_3P4QthjwwxEaV1m,PANTS,2018-08-11,1533999600
2584,R_3P4QthjwwxEaV1m,PET_FOOD,2018-08-11,1533999600
2585,R_3PAyJj7mQvMzMco,VIDEO_PROJECTOR,2018-08-11,1533999600
2586,R_3PcameSHVD10BZP,SHAMPOO,2018-08-11,1533999600
2587,R_3PcameSHVD10BZP,TOYS_AND_GAMES,2018-08-11,1533999600
2588,R_3QJyUqWqLp8B7Jw,SHAMPOO,2018-08-11,1533999600
2589,R_3QJyUqWqLp8B7Jw,SOUND_CARD,2018-08-11,1533999600
2590,R_3QJyUqWqLp8B7Jw,PAPER_CLIP_CLAMP,2018-08-11,1533999600
2591,R_3QJyUqWqLp8B7Jw,SKIN_CLEANING_AGENT,2018-08-11,1533999600
2592,R_3RpTNwsri1SSxeL,HOME_BED_AND_BATH,2018-08-11,1533999600
2593,R_3RpTNwsri1SSxeL,HEADPHONES,2018-08-11,1533999600
2594,R_3ViaGvZl7J3ObBv,PANTS,2018-08-11,1533999600
2595,R_3ViaGvZl7J3ObBv,SAFETY_MASK,2018-08-11,1533999600
2596,R_3ViaGvZl7J3ObBv,PANTS,2018-08-11,1533999600
2597,R_3e82J7pYxj5XP7j,WRITING_INSTRUMENT,2018-08-11,1533999600
2598,R_3e82J7pYxj5XP7j,JEWELRY_STORAGE,2018-08-11,1533999600
2599,R_3e82J7pYxj5XP7j,PUPPET,2018-08-11,1533999600
2600,R_3ek9YZGdsDHjUZf,BATTERY,2018-08-11,1533999600
2601,R_3enuyEOsaEVxTNX,NUTRITIONAL_SUPPLEMENT,2018-08-11,1533999600
2602,R_3enuyEOsaEVxTNX,HEALTH_PERSONAL_CARE,2018-08-11,1533999600
2603,R_3enuyEOsaEVxTNX,TOYS_AND_GAMES,2018-08-11,1533999600
2604,R_3ezA9QwlGKzfZk4,SQUEEGEE,2018-08-11,1533999600
2605,R_3ezA9QwlGKzfZk4,PET_FOOD,2018-08-11,1533999600
2606,R_3flZSxKV8ViX1H4,AIR_FRYER,2018-08-11,1533999600
2607,R_3flZSxKV8ViX1H4,BOTTLE,2018-08-11,1533999600
2608,R_3flZSxKV8ViX1H4,DRINKING_CUP,2018-08-11,1533999600
2609,R_3m3H4mwZ2snYFua,SKIN_MOISTURIZER,2018-08-11,1533999600
2610,R_3m3H4mwZ2snYFua,VITAMIN,2018-08-11,1533999600
2611,R_3m3H4mwZ2snYFua,PANTS,2018-08-11,1533999600
2612,R_3m3H4mwZ2snYFua,NUTRITIONAL_SUPPLEMENT,2018-08-11,1533999600
2613,R_3m3H4mwZ2snYFua,MACHINE_LUBRICANT,2018-08-11,1533999600
2614,R_3m3H4mwZ2snYFua,HEALTH_PERSONAL_CARE,2018-08-11,1533999600
2615,R_3nH1Odp9Yjm86gN,BOARD_GAME,2018-08-11,1533999600
2616,R_3nH1Odp9Yjm86gN,SKIN_MOISTURIZER,2018-08-11,1533999600
2617,R_3oWSVjKtFIw0OE8,CELL_PHONE_HOLSTER,2018-08-11,1533999600
2618,R_3rV7kPHe9hVsMee,PLAYARD,2018-08-11,1533999600
2619,R_3rV7kPHe9hVsMee,TOYS_AND_GAMES,2018-08-11,1533999600
2620,R_3rV7kPHe9hVsMee,ELECTRONIC_COMPONENT_FAN,2018-08-11,1533999600
2621,R_3rV7kPHe9hVsMee,PASTA_MAKER,2018-08-11,1533999600
2622,R_3rV7kPHe9hVsMee,PET_FOOD,2018-08-11,1533999600
2623,R_3rV7kPHe9hVsMee,MEDICATION,2018-08-11,1533999600
2624,R_55BKHeW1aOzYOUp,HEADPHONES,2018-08-11,1533999600
2625,R_85OdkeCoFP5daLL,SCREEN_PROTECTOR,2018-08-11,1533999600
2626,R_ApVmIUhdKhewFtn,SKIN_MOISTURIZER,2018-08-11,1533999600
2627,R_ApVmIUhdKhewFtn,BATTERY,2018-08-11,1533999600
2628,R_ApVmIUhdKhewFtn,STORAGE_BOX,2018-08-11,1533999600
2629,R_ApVmIUhdKhewFtn,EYEWEAR,2018-08-11,1533999600
2630,R_ApVmIUhdKhewFtn,VITAMIN,2018-08-11,1533999600
2631,R_ApVmIUhdKhewFtn,HEALTH_PERSONAL_CARE,2018-08-11,1533999600
2632,R_ApVmIUhdKhewFtn,STORAGE_BOX,2018-08-11,1533999600
2633,R_C3LfLBkg9TFvQnD,PAPER_TOWEL,2018-08-11,1533999600
2634,R_CaF1pc8CnyWJvCp,YARN,2018-08-11,1533999600
2635,R_Djcs43mP6ReoYgN,PORTABLE_STOVE,2018-08-11,1533999600
2636,R_OdTirYYBS6ms6nn,SKIN_TREATMENT_MASK,2018-08-11,1533999600
2637,R_OdTirYYBS6ms6nn,SKIN_CLEANING_AGENT,2018-08-11,1533999600
2638,R_OdTirYYBS6ms6nn,MEDICATION,2018-08-11,1533999600
2639,R_OdTirYYBS6ms6nn,VITAMIN,2018-08-11,1533999600
2640,R_OdTirYYBS6ms6nn,VEHICLE_SAFETY_CAMERA,2018-08-11,1533999600
2641,R_OdTirYYBS6ms6nn,TOPICAL_HAIR_REGROWTH_TREATMENT,2018-08-11,1533999600
2642,R_PXSF6lxCnUB8Pg5,CELLULAR_PHONE_CASE,2018-08-11,1533999600
2643,R_PXSF6lxCnUB8Pg5,VITAMIN,2018-08-11,1533999600
2644,R_UiGJcgWtDtZPfih,NUTRITIONAL_SUPPLEMENT,2018-08-11,1533999600
2645,R_VPWGdK1zBBekfAJ,ABIS_BOOK,2018-08-11,1533999600
2646,R_VPWGdK1zBBekfAJ,SKIN_MOISTURIZER,2018-08-11,1533999600
2647,R_VPWGdK1zBBekfAJ,FENCE_PANEL,2018-08-11,1533999600
2648,R_VPWGdK1zBBekfAJ,VITAMIN,2018-08-11,1533999600
2649,R_XYsrPCXL5N6boad,CONDOM,2018-08-11,1533999600
2650,R_Xhz81T9LodPX0KB,SKIN_MOISTURIZER,2018-08-11,1533999600
2651,R_XwiCirQyfwJzVtv,CELLULAR_PHONE_CASE,2018-08-11,1533999600
2652,R_Zw0unpmWGOSsWEF,ELECTROMECHANICAL_GAUGE,2018-08-11,1533999600
2653,R_b3NWnTBcFyWqXjH,SHIRT,2018-08-11,1533999600
2654,R_b3NWnTBcFyWqXjH,BAR_TOOL_SET,2018-08-11,1533999600
2655,R_b3NWnTBcFyWqXjH,RECREATION_BALL,2018-08-11,1533999600
2656,R_b3NWnTBcFyWqXjH,BAKEWARE_SET,2018-08-11,1533999600
2657,R_b3NWnTBcFyWqXjH,SHIRT,2018-08-11,1533999600
2658,R_b3NWnTBcFyWqXjH,HEALTH_PERSONAL_CARE,2018-08-11,1533999600
2659,R_bJI8lmXMZWL6oql,ELECTRONIC_CABLE,2018-08-11,1533999600
2660,R_bkquoGQp5VhpihP,VITAMIN,2018-08-11,1533999600
2661,R_cCucjmijTJETC6d,PHYSICAL_MOVIE,2018-08-11,1533999600
2662,R_cCucjmijTJETC6d,WINDOW_SHADE,2018-08-11,1533999600
2663,R_ctNHcxd3vRvndXH,COMPUTER_ADD_ON,2018-08-11,1533999600
2664,R_czHyAR1xMvT2FbP,PHYSICAL_MOVIE,2018-08-11,1533999600
2665,R_puS9dcuNnDHSZ8Z,BATTERY,2018-08-11,1533999600
2666,R_puS9dcuNnDHSZ8Z,SCREEN_PROTECTOR,2018-08-11,1533999600
2667,R_puS9dcuNnDHSZ8Z,SKIN_FOUNDATION_CONCEALER,2018-08-11,1533999600
2668,R_puS9dcuNnDHSZ8Z,SHOE_INSERT,2018-08-11,1533999600
2669,R_r1qqClBL89aFjXP,BABY_SEAT,2018-08-11,1533999600
2670,R_sGohXmtT8TjLibT,ELECTRONIC_CABLE,2018-08-11,1533999600
2671,R_sGohXmtT8TjLibT,VITAMIN,2018-08-11,1533999600
2672,R_u2EdYogSnJBrpex,MATTRESS_COVER,2018-08-11,1533999600
2673,R_vCykMx1wpGTjjTb,NETWORKING_ROUTER,2018-08-11,1533999600
2674,R_vcsfXNFhlnqxtYd,MEDICATION,2018-08-11,1533999600
2675,R_vibbKYNRocMGJ0t,RECREATION_BALL,2018-08-11,1533999600
2676,R_vibbKYNRocMGJ0t,WIND_SPINNER,2018-08-11,1533999600
2677,R_w7a7YDkfvtMXJ8l,SCREEN_PROTECTOR,2018-08-11,1533999600
2678,R_xDvEzzSGeDDkvU5,ART_CRAFT_KIT,2018-08-11,1533999600
2679,R_xGwDp6qu8JCFdIJ,SNACK_FOOD_BAR,2018-08-11,1533999600
2680,R_xGwDp6qu8JCFdIJ,SHIRT,2018-08-11,1533999600
2681,R_yC5ffbdBLVi93Pz,PHYSICAL_MOVIE,2018-08-11,1533999600
2682,R_yC5ffbdBLVi93Pz,SUNGLASSES,2018-08-11,1533999600
2683,R_0icLDXwMGw8dAqd,ELECTRONIC_CABLE,2018-08-12,1534086000
2684,R_10TV1zyi4yCEEkl,FOOD_PREPARATION_MOLD,2018-08-12,1534086000
2685,R_10TV1zyi4yCEEkl,BONDING_ADHESIVES,2018-08-12,1534086000
2686,R_10TV1zyi4yCEEkl,BABY_PRODUCT,2018-08-12,1534086000
2687,R_10uU7A3PqkL1i0o,BLANKET,2018-08-12,1534086000
2688,R_10uU7A3PqkL1i0o,SHOES,2018-08-12,1534086000
2689,R_10uU7A3PqkL1i0o,KEYBOARD_MOUSE_SET,2018-08-12,1534086000
2690,R_10uU7A3PqkL1i0o,SKIN_MOISTURIZER,2018-08-12,1534086000
2691,R_10uU7A3PqkL1i0o,COSMETIC_POWDER,2018-08-12,1534086000
2692,R_10uU7A3PqkL1i0o,MEDICATION,2018-08-12,1534086000
2693,R_10uU7A3PqkL1i0o,PAJAMAS,2018-08-12,1534086000
2694,R_10uU7A3PqkL1i0o,BABY_SEAT,2018-08-12,1534086000
2695,R_10wSqGFumZGSTmH,BICYCLE_BRAKE_PAD,2018-08-12,1534086000
2696,R_10wSqGFumZGSTmH,DRINKING_STRAW,2018-08-12,1534086000
2697,R_10wSqGFumZGSTmH,PET_FOOD,2018-08-12,1534086000
2698,R_10wSqGFumZGSTmH,SKIN_MOISTURIZER,2018-08-12,1534086000
2699,R_1CDqTWLWIk642Vp,MACHINE_LUBRICANT,2018-08-12,1534086000
2700,R_1CDqTWLWIk642Vp,VITAMIN,2018-08-12,1534086000
2701,R_1DJ4QJgrJwK7g3Y,TOYS_AND_GAMES,2018-08-12,1534086000
2702,R_1DOwHkGiX8DX7mF,SHOES,2018-08-12,1534086000
2703,R_1DOwHkGiX8DX7mF,VEHICLE_COVER,2018-08-12,1534086000
2704,R_1DOwHkGiX8DX7mF,CELLULAR_PHONE_CASE,2018-08-12,1534086000
2705,R_1FJHvQm83j8lK35,SHIRT,2018-08-12,1534086000
2706,R_1FJHvQm83j8lK35,VITAMIN,2018-08-12,1534086000
2707,R_1FJHvQm83j8lK35,SKIN_MOISTURIZER,2018-08-12,1534086000
2708,R_1GVsIStj8gTkbIE,SKIN_EXFOLIANT,2018-08-12,1534086000
2709,R_1GVsIStj8gTkbIE,ANIMAL_PERCH,2018-08-12,1534086000
2710,R_1GVsIStj8gTkbIE,TOPICAL_HAIR_REGROWTH_TREATMENT,2018-08-12,1534086000
2711,R_1GVsIStj8gTkbIE,BODY_LUBRICANT,2018-08-12,1534086000
2712,R_1GVsIStj8gTkbIE,SHAMPOO,2018-08-12,1534086000
2713,R_1GVsIStj8gTkbIE,ABIS_BOOK,2018-08-12,1534086000
2714,R_1Hena1rUph3TnA3,STRING_LIGHT,2018-08-12,1534086000
2715,R_1Hena1rUph3TnA3,PHYSICAL_MOVIE,2018-08-12,1534086000
2716,R_1KloshKwV8MUAx4,SCREEN_PROTECTOR,2018-08-12,1534086000
2717,R_1KrGWfbBFSsqxlt,GROCERY,2018-08-12,1534086000
2718,R_1KrGWfbBFSsqxlt,COLLECTIBLE_COINS,2018-08-12,1534086000
2719,R_1KrGWfbBFSsqxlt,SKIN_CLEANING_AGENT,2018-08-12,1534086000
2720,R_1KrGWfbBFSsqxlt,SQUEEGEE,2018-08-12,1534086000
2721,R_1LMa9REuvUok05j,ELECTRONIC_CABLE,2018-08-12,1534086000
2722,R_1PUcgnVG2i0EBz4,ABIS_BOOK,2018-08-12,1534086000
2723,R_1PUcgnVG2i0EBz4,SNACK_FOOD_BAR,2018-08-12,1534086000
2724,R_1PUcgnVG2i0EBz4,TOYS_AND_GAMES,2018-08-12,1534086000
2725,R_1PUcgnVG2i0EBz4,BLANK_STORAGE_MEDIA,2018-08-12,1534086000
2726,R_1PUcgnVG2i0EBz4,SNACK_FOOD_BAR,2018-08-12,1534086000
2727,R_1PUcgnVG2i0EBz4,APPAREL,2018-08-12,1534086000
2728,R_1PUcgnVG2i0EBz4,SKIN_MOISTURIZER,2018-08-12,1534086000
2729,R_1PUcgnVG2i0EBz4,REINFORCED_ART_SURFACE,2018-08-12,1534086000
2730,R_1PUcgnVG2i0EBz4,ELECTRONIC_CABLE,2018-08-12,1534086000
2731,R_1PUcgnVG2i0EBz4,BATTERY,2018-08-12,1534086000
2732,R_1PUcgnVG2i0EBz4,SPRAY_BOTTLE,2018-08-12,1534086000
2733,R_1PUcgnVG2i0EBz4,PET_FOOD,2018-08-12,1534086000
2734,R_1QhEPMXONBU12sq,SPIRITS,2018-08-12,1534086000
2735,R_1QhEPMXONBU12sq,ABIS_BOOK,2018-08-12,1534086000
2736,R_1dppjLIFEdj7Kq5,MEDICATION,2018-08-12,1534086000
2737,R_1dppjLIFEdj7Kq5,MEDICATION,2018-08-12,1534086000
2738,R_1eFv0mPpH4dM2mG,ANIMAL_RECOVERY_COLLAR_CONE,2018-08-12,1534086000
2739,R_1eFv0mPpH4dM2mG,SKIN_CLEANING_AGENT,2018-08-12,1534086000
2740,R_1l4zCtGUTvAWdS6,SNACK_FOOD_BAR,2018-08-12,1534086000
2741,R_1lsP2wqcavnlqNP,COORDINATED_OUTFIT,2018-08-12,1534086000
2742,R_1n8h8059UUul8Dr,LAUNDRY_APPLIANCE,2018-08-12,1534086000
2743,R_1q7GuBNrrAGdxx3,ELECTRIC_WATER_BOILER,2018-08-12,1534086000
2744,R_1q7GuBNrrAGdxx3,SHOES,2018-08-12,1534086000
2745,R_1q7GuBNrrAGdxx3,ELECTRIC_WATER_BOILER,2018-08-12,1534086000
2746,R_1q7GuBNrrAGdxx3,HAIR_CLEANER_CONDITIONER,2018-08-12,1534086000
2747,R_1q7GuBNrrAGdxx3,ELECTRIC_FAN,2018-08-12,1534086000
2748,R_1q7GuBNrrAGdxx3,COMPUTER_INPUT_DEVICE,2018-08-12,1534086000
2749,R_1q7GuBNrrAGdxx3,ELECTRIC_WATER_BOILER,2018-08-12,1534086000
2750,R_1q7GuBNrrAGdxx3,ABIS_BOOK,2018-08-12,1534086000
2751,R_1roTOelTygZr5G8,SAUCE,2018-08-12,1534086000
2752,R_1zVJnDAfoFLamOd,ELECTRONIC_SENSOR,2018-08-12,1534086000
2753,R_1zVJnDAfoFLamOd,MEDICATION,2018-08-12,1534086000
2754,R_20Yd9DvrGselmZY,ABIS_BOOK,2018-08-12,1534086000
2755,R_24csoaO569P4Yzz,BATTERY,2018-08-12,1534086000
2756,R_27DL80quzRiSEmq,PET_FOOD,2018-08-12,1534086000
2757,R_27DL80quzRiSEmq,BRA,2018-08-12,1534086000
2758,R_29tZUWisKTCWczv,SKIN_PROTECTANT,2018-08-12,1534086000
2759,R_29tZUWisKTCWczv,DIMENSIONAL_MEASUREMENT_CALIPER,2018-08-12,1534086000
2760,R_29tZUWisKTCWczv,SNACK_FOOD_BAR,2018-08-12,1534086000
2761,R_29tZUWisKTCWczv,VEHICLE_MIRROR,2018-08-12,1534086000
2762,R_29tZUWisKTCWczv,SKIN_CLEANING_AGENT,2018-08-12,1534086000
2763,R_29tZUWisKTCWczv,SCREEN_PROTECTOR,2018-08-12,1534086000
2764,R_29tZUWisKTCWczv,ROLLER_CHAIN,2018-08-12,1534086000
2765,R_29tZUWisKTCWczv,SKIN_CLEANING_AGENT,2018-08-12,1534086000
2766,R_29tZUWisKTCWczv,TOYS_AND_GAMES,2018-08-12,1534086000
2767,R_29tZUWisKTCWczv,GROCERY,2018-08-12,1534086000
2768,R_29tZUWisKTCWczv,SKIN_PROTECTANT,2018-08-12,1534086000
2769,R_29uBVByYo0xAXiZ,ABIS_BOOK,2018-08-12,1534086000
2770,R_29uBVByYo0xAXiZ,SCREEN_PROTECTOR,2018-08-12,1534086000
2771,R_2AGpSTOzeeHqMYd,PET_TOY,2018-08-12,1534086000
2772,R_2ASz0xBmcxqYzUJ,CLEANING_AGENT,2018-08-12,1534086000
2773,R_2ASz0xBmcxqYzUJ,TOYS_AND_GAMES,2018-08-12,1534086000
2774,R_2ASz0xBmcxqYzUJ,GROCERY,2018-08-12,1534086000
2775,R_2AXcJk6rRN4M33l,TOYS_AND_GAMES,2018-08-12,1534086000
2776,R_2BtA3kIOBjhD26o,BATTERY_CHARGER,2018-08-12,1534086000
2777,R_2D1zydYR5SZ0LpK,ABIS_BOOK,2018-08-12,1534086000
2778,R_2D1zydYR5SZ0LpK,SKIN_MOISTURIZER,2018-08-12,1534086000
2779,R_2D1zydYR5SZ0LpK,GARDEN_EDGING,2018-08-12,1534086000
2780,R_2D1zydYR5SZ0LpK,SKIN_CLEANING_AGENT,2018-08-12,1534086000
2781,R_2D1zydYR5SZ0LpK,BREAKFAST_CEREAL,2018-08-12,1534086000
2782,R_2D1zydYR5SZ0LpK,MUSICAL_INSTRUMENT_STRING,2018-08-12,1534086000
2783,R_2E9JSBmmNNT5YMi,HERBAL_SUPPLEMENT,2018-08-12,1534086000
2784,R_2VaWg2jhtCG6zmh,MEDICATION,2018-08-12,1534086000
2785,R_2WAagX64hf1kdMI,POOL_VACUUM,2018-08-12,1534086000
2786,R_2Xj7LtCe2Mt8jNi,CRAFT_WOOD,2018-08-12,1534086000
2787,R_2Xj7LtCe2Mt8jNi,SHIN_GUARD,2018-08-12,1534086000
2788,R_2XoI6KbLJRGFz5X,ABIS_BOOK,2018-08-12,1534086000
2789,R_2XoI6KbLJRGFz5X,HEALTH_PERSONAL_CARE,2018-08-12,1534086000
2790,R_2XoI6KbLJRGFz5X,UTILITY_JACK,2018-08-12,1534086000
2791,R_2YLHuI0WiiWMbKI,ASTRINGENT_SUBSTANCE,2018-08-12,1534086000
2792,R_2YYB0ZXHHFsMn1o,ELECTRONIC_SIGNAL_CONVERTER,2018-08-12,1534086000
2793,R_2aldwxmUZox7Yfd,ELECTRONIC_SWITCH,2018-08-12,1534086000
2794,R_2cvmrv8q51q8yh1,PASTA_MAKER,2018-08-12,1534086000
2795,R_2cvmrv8q51q8yh1,ANIMAL_INCONTINENCE_PROTECTOR,2018-08-12,1534086000
2796,R_2dyITPHbbfmCXJn,SHIRT,2018-08-12,1534086000
2797,R_2dyITPHbbfmCXJn,SCISSORS,2018-08-12,1534086000
2798,R_2ebzj3o225IisIQ,SWING,2018-08-12,1534086000
2799,R_2ebzj3o225IisIQ,TARP,2018-08-12,1534086000
2800,R_2rVp4uDv9fYIfdd,SKIN_CLEANING_AGENT,2018-08-12,1534086000
2801,R_2rVp4uDv9fYIfdd,POT_HOLDER,2018-08-12,1534086000
2802,R_2ri4RVtvkxnZzHj,SOIL,2018-08-12,1534086000
2803,R_2ri4RVtvkxnZzHj,BATTERY,2018-08-12,1534086000
2804,R_2s5OzoDX56gIWr0,ELECTRONIC_CABLE,2018-08-12,1534086000
2805,R_2wzatCV9Z18xLF2,BICYCLE_TRAINER,2018-08-12,1534086000
2806,R_2wzatCV9Z18xLF2,CHARM,2018-08-12,1534086000
2807,R_2y7p58Cp5veeRa6,TUNIC,2018-08-12,1534086000
2808,R_2yme87wMCEU528h,SHIRT,2018-08-12,1534086000
2809,R_2zSlTKG9lhZH3r9,PAPER_SHREDDER,2018-08-12,1534086000
2810,R_31T8fMuMzphe1sL,HARDWARE_TUBING,2018-08-12,1534086000
2811,R_325wNEypLBLRTf7,SHIRT,2018-08-12,1534086000
2812,R_325wNEypLBLRTf7,VEHICLE_LIGHTING_CONVERSION_KIT,2018-08-12,1534086000
2813,R_32UZncFA03IrQwQ,PRECISION_MEASURING,2018-08-12,1534086000
2814,R_32UZncFA03IrQwQ,OUTDOOR_LIVING,2018-08-12,1534086000
2815,R_32UZncFA03IrQwQ,TOOTH_WHITENER,2018-08-12,1534086000
2816,R_33dxSOlpYwYOjFE,COFFEE,2018-08-12,1534086000
2817,R_33dxSOlpYwYOjFE,EYEBROW_COLOR,2018-08-12,1534086000
2818,R_3D7xJuXSy25PXbg,PET_FOOD,2018-08-12,1534086000
2819,R_3DqB7pyNczSugtj,TIRE_VALVE_STEM_CAP,2018-08-12,1534086000
2820,R_3DqB7pyNczSugtj,VITAMIN,2018-08-12,1534086000
2821,R_3DqB7pyNczSugtj,SKIN_MOISTURIZER,2018-08-12,1534086000
2822,R_3DqB7pyNczSugtj,MEDICATION,2018-08-12,1534086000
2823,R_3DqB7pyNczSugtj,INKJET_PRINTER_INK,2018-08-12,1534086000
2824,R_3DqB7pyNczSugtj,SCREEN_PROTECTOR,2018-08-12,1534086000
2825,R_3EbttwlSceKvWpl,ELECTRONIC_CABLE,2018-08-12,1534086000
2826,R_3EzeiT36qvnPNn2,ANIMAL_NUTRITIONAL_SUPPLEMENT,2018-08-12,1534086000
2827,R_3EzeiT36qvnPNn2,COLLECTIBLE_CARD,2018-08-12,1534086000
2828,R_3FPeOTnJa3dJ112,SNACK_FOOD_BAR,2018-08-12,1534086000
2829,R_3FPeOTnJa3dJ112,WINDOW_SHADE,2018-08-12,1534086000
2830,R_3FPeOTnJa3dJ112,SHOES,2018-08-12,1534086000
2831,R_3GCXgWFPLgXAuFC,HEALTH_PERSONAL_CARE,2018-08-12,1534086000
2832,R_3GiFHVWzYKHT1F5,SHIRT,2018-08-12,1534086000
2833,R_3HzRfw5sNEvrFRf,VITAMIN,2018-08-12,1534086000
2834,R_3HzhKIwCcybjVbM,PET_SUPPLIES,2018-08-12,1534086000
2835,R_3L8dgu12mdk2UVH,DIGITAL_DEVICE_7,2018-08-12,1534086000
2836,R_3LXRVZSdJiqH63S,TOYS_AND_GAMES,2018-08-12,1534086000
2837,R_3LXRVZSdJiqH63S,HEADPHONES,2018-08-12,1534086000
2838,R_3LXRVZSdJiqH63S,SYRUP,2018-08-12,1534086000
2839,R_3Mli97JX0WeLIos,SKIN_MOISTURIZER,2018-08-12,1534086000
2840,R_3Mli97JX0WeLIos,TOYS_AND_GAMES,2018-08-12,1534086000
2841,R_3MncA46G8CO8juo,BEAUTY,2018-08-12,1534086000
2842,R_3MncA46G8CO8juo,HAIR_COLORING_AGENT,2018-08-12,1534086000
2843,R_3MncA46G8CO8juo,HEALTH_PERSONAL_CARE,2018-08-12,1534086000
2844,R_3OfwQrDNFhWjGWG,SCREEN_PROTECTOR,2018-08-12,1534086000
2845,R_3OfwQrDNFhWjGWG,ELECTRIC_WATER_BOILER,2018-08-12,1534086000
2846,R_3OfwQrDNFhWjGWG,PANTS,2018-08-12,1534086000
2847,R_3OfwQrDNFhWjGWG,PET_FOOD,2018-08-12,1534086000
2848,R_3OfwQrDNFhWjGWG,BATTERY,2018-08-12,1534086000
2849,R_3OfwQrDNFhWjGWG,HUMIDOR,2018-08-12,1534086000
2850,R_3OfwQrDNFhWjGWG,PEST_CONTROL_DEVICE,2018-08-12,1534086000
2851,R_3OfwQrDNFhWjGWG,PET_SUPPLIES,2018-08-12,1534086000
2852,R_3OfwQrDNFhWjGWG,SUNSCREEN,2018-08-12,1534086000
2853,R_3RmDOazalOu0F1L,SHIRT,2018-08-12,1534086000
2854,R_3RmDOazalOu0F1L,WOUND_DRESSING,2018-08-12,1534086000
2855,R_3ViaGvZl7J3ObBv,CELLULAR_PHONE_CASE,2018-08-12,1534086000
2856,R_3ViaGvZl7J3ObBv,TRACK_SUIT,2018-08-12,1534086000
2857,R_3enuyEOsaEVxTNX,SHIRT,2018-08-12,1534086000
2858,R_3enuyEOsaEVxTNX,TOYS_AND_GAMES,2018-08-12,1534086000
2859,R_3enuyEOsaEVxTNX,ART_SUPPLIES,2018-08-12,1534086000
2860,R_3exlTi02vMuoy59,FISHING_ROD,2018-08-12,1534086000
2861,R_3exlTi02vMuoy59,SNACK_FOOD_BAR,2018-08-12,1534086000
2862,R_3fBmKcLTAgFITMo,COSTUME_OUTFIT,2018-08-12,1534086000
2863,R_3fBmKcLTAgFITMo,MEDICATION,2018-08-12,1534086000
2864,R_3fBmKcLTAgFITMo,HARDWARE_HANDLE,2018-08-12,1534086000
2865,R_3fBmKcLTAgFITMo,BATTERY,2018-08-12,1534086000
2866,R_3g1vpqtwzgBUs93,MEDICATION,2018-08-12,1534086000
2867,R_3g1vpqtwzgBUs93,SHIRT,2018-08-12,1534086000
2868,R_3iJyVGzX7fyajRz,BATTERY,2018-08-12,1534086000
2869,R_3n2VXT4Z99FpnEG,PARTY_SUPPLIES,2018-08-12,1534086000
2870,R_3n2VXT4Z99FpnEG,PANTS,2018-08-12,1534086000
2871,R_3n2VXT4Z99FpnEG,SUGAR_CANDY,2018-08-12,1534086000
2872,R_3n2VXT4Z99FpnEG,ORTHOPEDIC_BRACE,2018-08-12,1534086000
2873,R_3n2VXT4Z99FpnEG,GROCERY,2018-08-12,1534086000
2874,R_3n2VXT4Z99FpnEG,PUZZLES,2018-08-12,1534086000
2875,R_3n2VXT4Z99FpnEG,SHIRT,2018-08-12,1534086000
2876,R_3nA7SneXu81knN1,BODY_DEODORANT,2018-08-12,1534086000
2877,R_3qjvaF4zWZz3obB,PARTY_DECORATION_PACK,2018-08-12,1534086000
2878,R_3qjvaF4zWZz3obB,GRILL_SMOKER_COVER,2018-08-12,1534086000
2879,R_3qjvaF4zWZz3obB,OUTDOOR_RECREATION_PRODUCT,2018-08-12,1534086000
2880,R_3s02y9lg8GCo9q0,PHYSICAL_GIFT_CARD,2018-08-12,1534086000
2881,R_3socPWD3wXD0iDP,PHYSICAL_MOVIE,2018-08-12,1534086000
2882,R_3socPWD3wXD0iDP,SHOES,2018-08-12,1534086000
2883,R_89aTM1JXN8SWr3b,MEDICATION,2018-08-12,1534086000
2884,R_89aTM1JXN8SWr3b,BATTERY,2018-08-12,1534086000
2885,R_8CXcySQawXPuJwJ,SKIN_CARE_AGENT,2018-08-12,1534086000
2886,R_8CXcySQawXPuJwJ,INCONTINENCE_PROTECTOR,2018-08-12,1534086000
2887,R_8CXcySQawXPuJwJ,GROCERY,2018-08-12,1534086000
2888,R_8CXcySQawXPuJwJ,ELECTRICAL_HOUSING,2018-08-12,1534086000
2889,R_8CXcySQawXPuJwJ,PACIFIER,2018-08-12,1534086000
2890,R_8CXcySQawXPuJwJ,HEADPHONES,2018-08-12,1534086000
2891,R_8CXcySQawXPuJwJ,PET_FOOD,2018-08-12,1534086000
2892,R_8CXcySQawXPuJwJ,GROCERY,2018-08-12,1534086000
2893,R_8pMsG4P0RqzoSlz,ABIS_BOOK,2018-08-12,1534086000
2894,R_8pMsG4P0RqzoSlz,HEALTH_PERSONAL_CARE,2018-08-12,1534086000
2895,R_ApVmIUhdKhewFtn,SCREEN_PROTECTOR,2018-08-12,1534086000
2896,R_ApVmIUhdKhewFtn,LIGHT_BULB,2018-08-12,1534086000
2897,R_C3LfLBkg9TFvQnD,SNACK_FOOD_BAR,2018-08-12,1534086000
2898,R_Og8sDefGp0SvLl7,ELECTRONIC_CABLE,2018-08-12,1534086000
2899,R_Og8sDefGp0SvLl7,METAL_DETECTOR,2018-08-12,1534086000
2900,R_Og8sDefGp0SvLl7,SCIENCE_FUNDAMENTALS_KIT,2018-08-12,1534086000
2901,R_PwlnzzccUMXV0n7,SKIN_CLEANING_AGENT,2018-08-12,1534086000
2902,R_RaeWxaWjb7z8CLT,POWER_CONVERTER,2018-08-12,1534086000
2903,R_RlYyUhsDFvyGwX7,PHYSICAL_MOVIE,2018-08-12,1534086000
2904,R_RlYyUhsDFvyGwX7,FISHING_EQUIPMENT,2018-08-12,1534086000
2905,R_XwiCirQyfwJzVtv,TOY_FIGURE_PLAYSET,2018-08-12,1534086000
2906,R_XwiCirQyfwJzVtv,ABIS_BOOK,2018-08-12,1534086000
2907,R_XwiCirQyfwJzVtv,SKIN_MOISTURIZER,2018-08-12,1534086000
2908,R_ZytPZbOx6EtswkV,SCREEN_PROTECTOR,2018-08-12,1534086000
2909,R_ZytPZbOx6EtswkV,VITAMIN,2018-08-12,1534086000
2910,R_ZytPZbOx6EtswkV,SKIN_EXFOLIANT,2018-08-12,1534086000
2911,R_b3dSUlk76L0C6TD,BATTERY,2018-08-12,1534086000
2912,R_bJI8lmXMZWL6oql,PHYSICAL_MOVIE,2018-08-12,1534086000
2913,R_d5O7dqvA1EWCrPb,HAIR_IRON,2018-08-12,1534086000
2914,R_pRWnSKTREPIwpSF,SYRINGE,2018-08-12,1534086000
2915,R_u2EdYogSnJBrpex,SCREEN_PROTECTOR,2018-08-12,1534086000
2916,R_vBkhPDT0skiOO2J,GROCERY,2018-08-12,1534086000
2917,R_x0hVvTTXGQY9FRf,MENSTRUAL_CUP,2018-08-12,1534086000
2918,R_x0hVvTTXGQY9FRf,ABIS_BOOK,2018-08-12,1534086000
2919,R_x0hVvTTXGQY9FRf,PANTS,2018-08-12,1534086000
2920,R_x0hVvTTXGQY9FRf,TOY_BUILDING_BLOCK,2018-08-12,1534086000
2921,R_x0hVvTTXGQY9FRf,PALETTE_PUTTY_KNIFE,2018-08-12,1534086000
2922,R_x0hVvTTXGQY9FRf,ABIS_ELECTRONICS,2018-08-12,1534086000
2923,R_x0hVvTTXGQY9FRf,SKIN_CLEANING_WIPE,2018-08-12,1534086000
2924,R_xDvEzzSGeDDkvU5,ELECTRONIC_CABLE,2018-08-12,1534086000
2925,R_xDvEzzSGeDDkvU5,SHIRT,2018-08-12,1534086000
2926,R_yRaAO89bhwJb9xD,ELECTRONIC_CABLE,2018-08-12,1534086000
2927,R_0D6GtQwa6VcnXpv,HAIR_ROLLER,2018-08-13,1534172400
2928,R_0pRmRjHkwStzNQJ,COOKIE_CUTTER,2018-08-13,1534172400
2929,R_11WUgIV4IWfGoDX,BEAUTY,2018-08-13,1534172400
2930,R_11WUgIV4IWfGoDX,PET_FOOD,2018-08-13,1534172400
2931,R_11WUgIV4IWfGoDX,MINERAL_SUPPLEMENT,2018-08-13,1534172400
2932,R_11WUgIV4IWfGoDX,GROCERY,2018-08-13,1534172400
2933,R_1C75XRebT1eliL0,MINERAL_SUPPLEMENT,2018-08-13,1534172400
2934,R_1C75XRebT1eliL0,VITAMIN,2018-08-13,1534172400
2935,R_1C75XRebT1eliL0,VITAMIN,2018-08-13,1534172400
2936,R_1C75XRebT1eliL0,PHYSICAL_MOVIE,2018-08-13,1534172400
2937,R_1C8w4NDDQC5fcgE,PHYSICAL_MOVIE,2018-08-13,1534172400
2938,R_1C8w4NDDQC5fcgE,COAT,2018-08-13,1534172400
2939,R_1C8w4NDDQC5fcgE,PET_FOOD,2018-08-13,1534172400
2940,R_1C8w4NDDQC5fcgE,GROCERY,2018-08-13,1534172400
2941,R_1C8w4NDDQC5fcgE,HERBAL_SUPPLEMENT,2018-08-13,1534172400
2942,R_1C8w4NDDQC5fcgE,NAIL_POLISH,2018-08-13,1534172400
2943,R_1C8w4NDDQC5fcgE,COAT,2018-08-13,1534172400
2944,R_1C8w4NDDQC5fcgE,NUTRITIONAL_SUPPLEMENT,2018-08-13,1534172400
2945,R_1C8w4NDDQC5fcgE,PAW_HOOF_PROTECTOR,2018-08-13,1534172400
2946,R_1C9YUFD8GunlGej,VIDEO_DISC_PLAYER,2018-08-13,1534172400
2947,R_1Cd5zmz07X5BqKa,SOCKS,2018-08-13,1534172400
2948,R_1CqGMkfiCiATbn4,POWER_BANK,2018-08-13,1534172400
2949,R_1DOwHkGiX8DX7mF,MEDICATION,2018-08-13,1534172400
2950,R_1IaYiTSaUaD2W2i,ANIMAL_FUR_CLEANER_CONDITIONER,2018-08-13,1534172400
2951,R_1IaYiTSaUaD2W2i,ANIMAL_FUR_CLEANER_CONDITIONER,2018-08-13,1534172400
2952,R_1LRR1P5IQqdSvIP,ABIS_BOOK,2018-08-13,1534172400
2953,R_1NFde2vzLpu8IWT,BOTTLE_OPENER,2018-08-13,1534172400
2954,R_1NFde2vzLpu8IWT,ABIS_BOOK,2018-08-13,1534172400
2955,R_1NlGZCWpxXc8mjn,DISHWARE_PLATE,2018-08-13,1534172400
2956,R_1NlGZCWpxXc8mjn,TOY_FIGURE_PLAYSET,2018-08-13,1534172400
2957,R_1Q9JeeKncbbLcz0,SHIRT,2018-08-13,1534172400
2958,R_1Q9JeeKncbbLcz0,SHOES,2018-08-13,1534172400
2959,R_1Q9JeeKncbbLcz0,SKIN_MOISTURIZER,2018-08-13,1534172400
2960,R_1Q9JeeKncbbLcz0,EXERCISE_BAND,2018-08-13,1534172400
2961,R_1Q9JeeKncbbLcz0,BATTERY,2018-08-13,1534172400
2962,R_1Q9JeeKncbbLcz0,MINERAL_SUPPLEMENT,2018-08-13,1534172400
2963,R_1dKBjc0UTA0ZiYb,VITAMIN,2018-08-13,1534172400
2964,R_1dKBjc0UTA0ZiYb,PHYSICAL_MOVIE,2018-08-13,1534172400
2965,R_1dKBjc0UTA0ZiYb,SHIRT,2018-08-13,1534172400
2966,R_1gjdRVy7DXPMldc,GROCERY,2018-08-13,1534172400
2967,R_1gjdRVy7DXPMldc,CIGARETTE_CASE,2018-08-13,1534172400
2968,R_1gjdRVy7DXPMldc,CELLULAR_PHONE_CASE,2018-08-13,1534172400
2969,R_1hMV4AHCk04WO5V,SCREEN_PROTECTOR,2018-08-13,1534172400
2970,R_1jARg5bGH5uqAKW,KITCHEN,2018-08-13,1534172400
2971,R_1jARg5bGH5uqAKW,SKIN_CLEANING_WIPE,2018-08-13,1534172400
2972,R_1jUqdfR1Zz6mZMf,CLEANING_AGENT,2018-08-13,1534172400
2973,R_1jUqdfR1Zz6mZMf,SAFETY_GLASSES,2018-08-13,1534172400
2974,R_1jUqdfR1Zz6mZMf,SCREEN_PROTECTOR,2018-08-13,1534172400
2975,R_1jUqdfR1Zz6mZMf,ELECTRONIC_DEVICE_SKIN,2018-08-13,1534172400
2976,R_1jZkLNE1JdtyVpH,PHYSICAL_MOVIE,2018-08-13,1534172400
2977,R_1jZkLNE1JdtyVpH,SWIM_CAP,2018-08-13,1534172400
2978,R_1pu4x2PBb4LrSWk,CHOCOLATE_CANDY,2018-08-13,1534172400
2979,R_1pu4x2PBb4LrSWk,SKIN_CLEANING_AGENT,2018-08-13,1534172400
2980,R_1pu4x2PBb4LrSWk,HARD_DRIVE_ENCLOSURE,2018-08-13,1534172400
2981,R_1q7GuBNrrAGdxx3,UNDERPANTS,2018-08-13,1534172400
2982,R_1q7GuBNrrAGdxx3,NOTEBOOK_COMPUTER,2018-08-13,1534172400
2983,R_21uibgT9dgqRD9J,PHYSICAL_MOVIE,2018-08-13,1534172400
2984,R_21uibgT9dgqRD9J,SKIN_MOISTURIZER,2018-08-13,1534172400
2985,R_21uibgT9dgqRD9J,PET_FOOD,2018-08-13,1534172400
2986,R_21uibgT9dgqRD9J,PEN_MARKER_INK_CARTRIDGE_REFILL,2018-08-13,1534172400
2987,R_21uibgT9dgqRD9J,STROLLER_PROTECTION_SHIELD,2018-08-13,1534172400
2988,R_21uibgT9dgqRD9J,SANDAL,2018-08-13,1534172400
2989,R_21uibgT9dgqRD9J,MANUAL_SHAVING_RAZOR,2018-08-13,1534172400
2990,R_21uibgT9dgqRD9J,SKIN_MOISTURIZER,2018-08-13,1534172400
2991,R_21uibgT9dgqRD9J,STROLLER_PROTECTION_SHIELD,2018-08-13,1534172400
2992,R_21uibgT9dgqRD9J,ABIS_BOOK,2018-08-13,1534172400
2993,R_21uibgT9dgqRD9J,BATTERY,2018-08-13,1534172400
2994,R_21uibgT9dgqRD9J,ELECTRONIC_SIGNAL_CONVERTER,2018-08-13,1534172400
2995,R_21uibgT9dgqRD9J,SWIMWEAR,2018-08-13,1534172400
2996,R_21uibgT9dgqRD9J,STICKER_DECAL,2018-08-13,1534172400
2997,R_21uibgT9dgqRD9J,PHYSICAL_MOVIE,2018-08-13,1534172400
2998,R_22DJIjS0M8yvaYO,SCREEN_PROTECTOR,2018-08-13,1534172400
2999,R_25SbPPTyE45YzXP,HEADPHONES,2018-08-13,1534172400
3000,R_273TMGuLM3jXisi,SNACK_FOOD_BAR,2018-08-13,1534172400
3001,R_273TMGuLM3jXisi,MEDICATION,2018-08-13,1534172400
3002,R_273TMGuLM3jXisi,COFFEE,2018-08-13,1534172400
3003,R_27Nf8ImFlWu3J9O,CLIMBING_PLANT_SUPPORT_STRUCTURE,2018-08-13,1534172400
3004,R_27Nf8ImFlWu3J9O,SHIRT,2018-08-13,1534172400
3005,R_27PZcbYfPDhwHcL,BATTERY,2018-08-13,1534172400
3006,R_27PZcbYfPDhwHcL,HOOKAH,2018-08-13,1534172400
3007,R_27PZcbYfPDhwHcL,SKIN_MOISTURIZER,2018-08-13,1534172400
3008,R_27PZcbYfPDhwHcL,PERSONAL_COMPUTER,2018-08-13,1534172400
3009,R_27PZcbYfPDhwHcL,MANNEQUIN_CLOTHING_FORM,2018-08-13,1534172400
3010,R_2ASz0xBmcxqYzUJ,TABLET_COMPUTER,2018-08-13,1534172400
3011,R_2ASz0xBmcxqYzUJ,VITAMIN,2018-08-13,1534172400
3012,R_2AXcJk6rRN4M33l,SKIN_MOISTURIZER,2018-08-13,1534172400
3013,R_2AXcJk6rRN4M33l,SKIN_MOISTURIZER,2018-08-13,1534172400
3014,R_2E5XCpTY2B5ZQ1f,DRAWER_SLIDE,2018-08-13,1534172400
3015,R_2E5XCpTY2B5ZQ1f,THERMOS,2018-08-13,1534172400
3016,R_2E5XCpTY2B5ZQ1f,MEDICATION,2018-08-13,1534172400
3017,R_2E5XCpTY2B5ZQ1f,SHOES,2018-08-13,1534172400
3018,R_2QRtVOQUzfFxAg0,SELF_DEFENSE_SPRAY,2018-08-13,1534172400
3019,R_2QRtVOQUzfFxAg0,EYEWEAR,2018-08-13,1534172400
3020,R_2QswpKsGnL3NBXE,SKIN_TREATMENT_MASK,2018-08-13,1534172400
3021,R_2QswpKsGnL3NBXE,SCREEN_PROTECTOR,2018-08-13,1534172400
3022,R_2QswpKsGnL3NBXE,VITAMIN,2018-08-13,1534172400
3023,R_2Qu0fgUOnDpaKDH,SKIN_MOISTURIZER,2018-08-13,1534172400
3024,R_2Ser7goSgo0gVBj,WEIGH_SCALE,2018-08-13,1534172400
3025,R_2U0l40aPYAoBJLV,ABIS_BOOK,2018-08-13,1534172400
3026,R_2U0l40aPYAoBJLV,ELECTRONIC_CABLE,2018-08-13,1534172400
3027,R_2Vjq0u3IGbVbOBl,ENVELOPE,2018-08-13,1534172400
3028,R_2Vjq0u3IGbVbOBl,SHOE_POLISH,2018-08-13,1534172400
3029,R_2VwjXhJ5OznStEi,SYRINGE,2018-08-13,1534172400
3030,R_2VwjXhJ5OznStEi,SHIRT,2018-08-13,1534172400
3031,R_2WumP0iKDvwiM2r,NUTRITIONAL_SUPPLEMENT,2018-08-13,1534172400
3032,R_2Xj7LtCe2Mt8jNi,MEDICATION,2018-08-13,1534172400
3033,R_2Xj7LtCe2Mt8jNi,SHOVEL_SPADE,2018-08-13,1534172400
3034,R_2Xj7LtCe2Mt8jNi,SHIRT,2018-08-13,1534172400
3035,R_2YCU6JHbCzus4zy,ELECTRONIC_CABLE,2018-08-13,1534172400
3036,R_2YR2Yn7wGzAeAj0,HARDWARE_CLAMP_VISE,2018-08-13,1534172400
3037,R_2ZNPweVWnwFNjiC,CARD_STOCK,2018-08-13,1534172400
3038,R_2ZNPweVWnwFNjiC,TRANSPORT_RACK,2018-08-13,1534172400
3039,R_2ZNPweVWnwFNjiC,SHOE_INSERT,2018-08-13,1534172400
3040,R_2ZTFfLAcuwm22Yh,SKIN_MOISTURIZER,2018-08-13,1534172400
3041,R_2ZTFfLAcuwm22Yh,HARDWARE_HANDLE,2018-08-13,1534172400
3042,R_2ZTFfLAcuwm22Yh,MEDICATION,2018-08-13,1534172400
3043,R_2ZTFfLAcuwm22Yh,SHOES,2018-08-13,1534172400
3044,R_2ZTFfLAcuwm22Yh,PANTS,2018-08-13,1534172400
3045,R_2dGCaOSuAKevfs7,FREESTANDING_SHELTER,2018-08-13,1534172400
3046,R_2f7MFUqYnEv92pF,SKIN_CLEANING_AGENT,2018-08-13,1534172400
3047,R_2fIpcmjmR7iDqYo,SCREEN_PROTECTOR,2018-08-13,1534172400
3048,R_2q2hekIiutgInrE,NUT_AND_SEED,2018-08-13,1534172400
3049,R_2q2hekIiutgInrE,COFFEE,2018-08-13,1534172400
3050,R_2qjAN1lyLAdAxT2,TOYS_AND_GAMES,2018-08-13,1534172400
3051,R_2qjAN1lyLAdAxT2,TOYS_AND_GAMES,2018-08-13,1534172400
3052,R_2qjAN1lyLAdAxT2,BACKPACK,2018-08-13,1534172400
3053,R_2qjAN1lyLAdAxT2,WALL_PLATE,2018-08-13,1534172400
3054,R_2qjAN1lyLAdAxT2,PHYSICAL_MOVIE,2018-08-13,1534172400
3055,R_2s5YO3cdqKDFyIM,PET_TOY,2018-08-13,1534172400
3056,R_2s5YO3cdqKDFyIM,HEADPHONES,2018-08-13,1534172400
3057,R_2s5YO3cdqKDFyIM,HAIR_COMB,2018-08-13,1534172400
3058,R_2s5YO3cdqKDFyIM,GROCERY,2018-08-13,1534172400
3059,R_2s5YO3cdqKDFyIM,PET_TOY,2018-08-13,1534172400
3060,R_2s5YO3cdqKDFyIM,CRAFT_HOOP_FRAME,2018-08-13,1534172400
3061,R_2sRqLYPSneIHZfJ,VITAMIN,2018-08-13,1534172400
3062,R_2sRqLYPSneIHZfJ,VITAMIN,2018-08-13,1534172400
3063,R_2z7rLZb69WuqDdf,ORTHOPEDIC_BRACE,2018-08-13,1534172400
3064,R_3093m6Spz9VzxAK,ASHTRAY,2018-08-13,1534172400
3065,R_3093m6Spz9VzxAK,HEADPHONES,2018-08-13,1534172400
3066,R_3093m6Spz9VzxAK,RIDE_ON_TOY,2018-08-13,1534172400
3067,R_3093m6Spz9VzxAK,ASHTRAY,2018-08-13,1534172400
3068,R_3093m6Spz9VzxAK,VITAMIN,2018-08-13,1534172400
3069,R_3093m6Spz9VzxAK,WASTE_BAG,2018-08-13,1534172400
3070,R_31XTJUT1qHoBGRZ,ABIS_BOOK,2018-08-13,1534172400
3071,R_31XTJUT1qHoBGRZ,MANUAL_FOOD_MILL_GRINDER,2018-08-13,1534172400
3072,R_31XTJUT1qHoBGRZ,COSMETIC_BRUSH,2018-08-13,1534172400
3073,R_32WvdLjYpicai6o,PET_SUPPLIES,2018-08-13,1534172400
3074,R_3GiFHVWzYKHT1F5,MEDICATION,2018-08-13,1534172400
3075,R_3HgZOjGq4Ny969k,PET_FOOD,2018-08-13,1534172400
3076,R_3HgZOjGq4Ny969k,ELECTRONIC_CABLE,2018-08-13,1534172400
3077,R_3Hphzg7zu04Hgy1,HEADPHONES,2018-08-13,1534172400
3078,R_3HzhKIwCcybjVbM,FOOD_STRAINER,2018-08-13,1534172400
3079,R_3J8UJcgwnW51IvN,FOOD_STORAGE_BAG,2018-08-13,1534172400
3080,R_3J8UJcgwnW51IvN,NUTRITIONAL_SUPPLEMENT,2018-08-13,1534172400
3081,R_3J8UJcgwnW51IvN,MEDICATION,2018-08-13,1534172400
3082,R_3J8UJcgwnW51IvN,MATTRESS_COVER,2018-08-13,1534172400
3083,R_3LXRVZSdJiqH63S,SEAFOOD,2018-08-13,1534172400
3084,R_3M3RSZ7wNRSaxNx,TABLETOP_GAME,2018-08-13,1534172400
3085,R_3M3RSZ7wNRSaxNx,ABIS_BOOK,2018-08-13,1534172400
3086,R_3Mli97JX0WeLIos,HAND_SEWING_NEEDLE,2018-08-13,1534172400
3087,R_3MncA46G8CO8juo,COOKIE_CUTTER,2018-08-13,1534172400
3088,R_3MncA46G8CO8juo,MEDICATION,2018-08-13,1534172400
3089,R_3MncA46G8CO8juo,SKIN_MOISTURIZER,2018-08-13,1534172400
3090,R_3MncA46G8CO8juo,HAIR_COLORING_AGENT,2018-08-13,1534172400
3091,R_3MncA46G8CO8juo,BEAUTY,2018-08-13,1534172400
3092,R_3MncA46G8CO8juo,SNACK_FOOD_BAR,2018-08-13,1534172400
3093,R_3MncA46G8CO8juo,PET_TOY,2018-08-13,1534172400
3094,R_3MncA46G8CO8juo,ABIS_BOOK,2018-08-13,1534172400
3095,R_3R3FfvTaRKxigNl,SHIRT,2018-08-13,1534172400
3096,R_3R3FfvTaRKxigNl,MECHANICAL_FASTENERS,2018-08-13,1534172400
3097,R_3RmDOazalOu0F1L,SNACK_FOOD_BAR,2018-08-13,1534172400
3098,R_3emMy2Kk6GA8xPd,PORTABLE_ELECTRONIC_DEVICE_COVER,2018-08-13,1534172400
3099,R_3emMy2Kk6GA8xPd,FENCE_PANEL,2018-08-13,1534172400
3100,R_3emmbwwsXsxt4Oj,SWEATER,2018-08-13,1534172400
3101,R_3emmbwwsXsxt4Oj,SNACK_FOOD_BAR,2018-08-13,1534172400
3102,R_3enuyEOsaEVxTNX,PET_FOOD,2018-08-13,1534172400
3103,R_3h4JnsfebywTUxX,THREAD_CORD,2018-08-13,1534172400
3104,R_3ixUxNOUiEYD7KJ,BRA,2018-08-13,1534172400
3105,R_3m3H4mwZ2snYFua,HOME,2018-08-13,1534172400
3106,R_3m3H4mwZ2snYFua,PET_FOOD,2018-08-13,1534172400
3107,R_3n17fNI56KA8rTV,BICYCLE,2018-08-13,1534172400
3108,R_3n17fNI56KA8rTV,PET_FOOD,2018-08-13,1534172400
3109,R_3n5UcqVpRJZsXYi,SNACK_FOOD_BAR,2018-08-13,1534172400
3110,R_3n5UcqVpRJZsXYi,STICKER_DECAL,2018-08-13,1534172400
3111,R_3nA7SneXu81knN1,TOYS_AND_GAMES,2018-08-13,1534172400
3112,R_3nN7gDrlTTNu9A9,GROCERY,2018-08-13,1534172400
3113,R_3nN7gDrlTTNu9A9,HEADPHONES,2018-08-13,1534172400
3114,R_3oB0VIIWn6ZnPjN,SPORT_TARGET,2018-08-13,1534172400
3115,R_3r26NAbVnDpIxzF,CAMERA_OTHER_ACCESSORIES,2018-08-13,1534172400
3116,R_3rYUVmCplPiAoJh,REUSABLE_INCONTINENCE_SURFACE_PROTECTOR,2018-08-13,1534172400
3117,R_3rYUVmCplPiAoJh,TOY_FIGURE,2018-08-13,1534172400
3118,R_3rYUVmCplPiAoJh,ABIS_BOOK,2018-08-13,1534172400
3119,R_3rYUVmCplPiAoJh,SNACK_FOOD_BAR,2018-08-13,1534172400
3120,R_3rYUVmCplPiAoJh,SKIN_CLEANING_AGENT,2018-08-13,1534172400
3121,R_3sbM1ke1qD79iaT,HEADPHONES,2018-08-13,1534172400
3122,R_3sbM1ke1qD79iaT,SHIRT,2018-08-13,1534172400
3123,R_4PhRzF4UI9ooLh7,SOCKS,2018-08-13,1534172400
3124,R_5uabKnJBMc7HyEN,SKIN_CLEANING_AGENT,2018-08-13,1534172400
3125,R_6Jw0sPgGkHLnKkp,HOME_LIGHTING_ACCESSORY,2018-08-13,1534172400
3126,R_6Jw0sPgGkHLnKkp,CELLULAR_PHONE_CASE,2018-08-13,1534172400
3127,R_6Jw0sPgGkHLnKkp,ITEM_CONTAINER,2018-08-13,1534172400
3128,R_6Jw0sPgGkHLnKkp,ABIS_BOOK,2018-08-13,1534172400
3129,R_6Jw0sPgGkHLnKkp,ABIS_BOOK,2018-08-13,1534172400
3130,R_6Jw0sPgGkHLnKkp,CELLULAR_PHONE_CASE,2018-08-13,1534172400
3131,R_6Jw0sPgGkHLnKkp,SHIRT,2018-08-13,1534172400
3132,R_6Jw0sPgGkHLnKkp,FRUIT_SNACK,2018-08-13,1534172400
3133,R_6Jw0sPgGkHLnKkp,TOYS_AND_GAMES,2018-08-13,1534172400
3134,R_6RpwKYK0Mr2zKBH,ABIS_BOOK,2018-08-13,1534172400
3135,R_6lnssfnXksO2ntf,BATTERY,2018-08-13,1534172400
3136,R_8vnpSkm79W7Jsv7,BATH_PILLOW,2018-08-13,1534172400
3137,R_8vnpSkm79W7Jsv7,PORTABLE_ELECTRONIC_DEVICE_ARMBAND,2018-08-13,1534172400
3138,R_8vnpSkm79W7Jsv7,KITCHEN_TOOLS,2018-08-13,1534172400
3139,R_8vnpSkm79W7Jsv7,VITAMIN,2018-08-13,1534172400
3140,R_8vnpSkm79W7Jsv7,GROCERY,2018-08-13,1534172400
3141,R_A5Mg9h1PiJL0Wyd,SNACK_FOOD_BAR,2018-08-13,1534172400
3142,R_A5Mg9h1PiJL0Wyd,SCREEN_PROTECTOR,2018-08-13,1534172400
3143,R_CaF1pc8CnyWJvCp,BEAUTY,2018-08-13,1534172400
3144,R_DqTqoF539jfSsLf,PET_FOOD,2018-08-13,1534172400
3145,R_DqTqoF539jfSsLf,COTTON_PAD,2018-08-13,1534172400
3146,R_Odixb15Ykmxb0Dn,OFFICE_PRODUCTS,2018-08-13,1534172400
3147,R_PwlnzzccUMXV0n7,SAUCE,2018-08-13,1534172400
3148,R_PwlnzzccUMXV0n7,SAUCE,2018-08-13,1534172400
3149,R_Q4ZjTFeyiC5kgQV,SKIN_CLEANING_AGENT,2018-08-13,1534172400
3150,R_Q6WPHvxgbOBjvZ7,HEALTH_PERSONAL_CARE,2018-08-13,1534172400
3151,R_Q6WPHvxgbOBjvZ7,VITAMIN,2018-08-13,1534172400
3152,R_Rw7CA3irllJSRH3,PHYSICAL_MOVIE,2018-08-13,1534172400
3153,R_Rw7CA3irllJSRH3,SYRUP,2018-08-13,1534172400
3154,R_Rw7CA3irllJSRH3,MEDICATION,2018-08-13,1534172400
3155,R_Rw7CA3irllJSRH3,ESSENTIAL_OIL,2018-08-13,1534172400
3156,R_Rw7CA3irllJSRH3,SKIN_CLEANING_AGENT,2018-08-13,1534172400
3157,R_Rw7CA3irllJSRH3,SKIN_EXFOLIANT,2018-08-13,1534172400
3158,R_Rw7CA3irllJSRH3,ESSENTIAL_OIL,2018-08-13,1534172400
3159,R_Rw7CA3irllJSRH3,NETTING_COVER,2018-08-13,1534172400
3160,R_Rw7CA3irllJSRH3,HEADPHONES,2018-08-13,1534172400
3161,R_Rw7CA3irllJSRH3,BAKEWARE_SET,2018-08-13,1534172400
3162,R_SIWNWQmjel55jzP,BLANKET,2018-08-13,1534172400
3163,R_SIWNWQmjel55jzP,MUSICAL_INSTRUMENT_STRING,2018-08-13,1534172400
3164,R_SIWNWQmjel55jzP,FABRIC,2018-08-13,1534172400
3165,R_SIWNWQmjel55jzP,NOODLE,2018-08-13,1534172400
3166,R_Ui78k1hRGuGWhln,HEADPHONES,2018-08-13,1534172400
3167,R_UlOQHrMf1EiWKQx,SCREEN_PROTECTOR,2018-08-13,1534172400
3168,R_XUhit9pAXhD746B,SWIMMING_POOL,2018-08-13,1534172400
3169,R_XuCuybjxPer1OeJ,SHOES,2018-08-13,1534172400
3170,R_YS4MPsfM1Neg0RH,NAIL_CLIPPER,2018-08-13,1534172400
3171,R_b3dSUlk76L0C6TD,HEALTH_PERSONAL_CARE,2018-08-13,1534172400
3172,R_b94CAnrDM9JIx4R,DECORATIVE_PILLOW_COVER,2018-08-13,1534172400
3173,R_bkquoGQp5VhpihP,HEADPHONES,2018-08-13,1534172400
3174,R_bkquoGQp5VhpihP,HEADPHONES,2018-08-13,1534172400
3175,R_bw2nQ0iRh2wCa8p,CHARGING_ADAPTER,2018-08-13,1534172400
3176,R_bw2nQ0iRh2wCa8p,SHIRT,2018-08-13,1534172400
3177,R_bw2nQ0iRh2wCa8p,LINT_REMOVER,2018-08-13,1534172400
3178,R_e387De1jF0gN2OB,SKIN_MOISTURIZER,2018-08-13,1534172400
3179,R_eyQl26Pq4cq0Xmx,TOYS_AND_GAMES,2018-08-13,1534172400
3180,R_eyQl26Pq4cq0Xmx,BONDING_ADHESIVES,2018-08-13,1534172400
3181,R_eyQl26Pq4cq0Xmx,SCREEN_PROTECTOR,2018-08-13,1534172400
3182,R_eyQl26Pq4cq0Xmx,HEALTH_PERSONAL_CARE,2018-08-13,1534172400
3183,R_eyQl26Pq4cq0Xmx,TRAILER_HITCH_COVER,2018-08-13,1534172400
3184,R_puS9dcuNnDHSZ8Z,CAMCORDER,2018-08-13,1534172400
3185,R_sGohXmtT8TjLibT,SNACK_FOOD_BAR,2018-08-13,1534172400
3186,R_sGohXmtT8TjLibT,HEADPHONES,2018-08-13,1534172400
3187,R_tFf2GViNMUolxaV,PALETTE_PUTTY_KNIFE,2018-08-13,1534172400
3188,R_tFf2GViNMUolxaV,VALVE,2018-08-13,1534172400
3189,R_tSTu20YCb20zL5D,VIDEO_GAME_PERIPHERAL_SET,2018-08-13,1534172400
3190,R_tSTu20YCb20zL5D,FOOD_SLICER,2018-08-13,1534172400
3191,R_tSTu20YCb20zL5D,BLANK_MEDIA,2018-08-13,1534172400
3192,R_tSTu20YCb20zL5D,BARBECUE_GRILL,2018-08-13,1534172400
3193,R_tSTu20YCb20zL5D,SCREEN_PROTECTOR,2018-08-13,1534172400
3194,R_tSTu20YCb20zL5D,SHAVING_AGENT,2018-08-13,1534172400
3195,R_tSTu20YCb20zL5D,WALKING_STICK,2018-08-13,1534172400
3196,R_tXHOaasrDjYwLO9,PET_FOOD,2018-08-13,1534172400
3197,R_uqbcSq7y153jKmZ,SNACK_FOOD_BAR,2018-08-13,1534172400
3198,R_w5JAqptOytTan4J,CLIPBOARD,2018-08-13,1534172400
3199,R_w7a7YDkfvtMXJ8l,TOYS_AND_GAMES,2018-08-13,1534172400
3200,R_x0hVvTTXGQY9FRf,SCREEN_PROTECTOR,2018-08-13,1534172400
3201,R_x0hVvTTXGQY9FRf,HEALTH_PERSONAL_CARE,2018-08-13,1534172400
3202,R_x0hVvTTXGQY9FRf,TOILET_SEAT,2018-08-13,1534172400
3203,R_xzt7BAlQUA8iNyh,CHOCOLATE_CANDY,2018-08-13,1534172400
3204,R_xzt7BAlQUA8iNyh,ABIS_BOOK,2018-08-13,1534172400
3205,R_xzt7BAlQUA8iNyh,MANUAL_SHAVING_RAZOR,2018-08-13,1534172400
3206,R_zTf2i6s3E2OQZQR,SKIN_MOISTURIZER,2018-08-13,1534172400
3207,R_zTf2i6s3E2OQZQR,VITAMIN,2018-08-13,1534172400
3208,R_zTf2i6s3E2OQZQR,LANDLINE_PHONE,2018-08-13,1534172400
3209,R_zTf2i6s3E2OQZQR,PET_FOOD,2018-08-13,1534172400
3210,R_zTf2i6s3E2OQZQR,SHIRT,2018-08-13,1534172400
3211,R_0wCTiXC54rMN0J3,HEADPHONES,2018-08-14,1534258800
3212,R_0wCTiXC54rMN0J3,TOYS_AND_GAMES,2018-08-14,1534258800
3213,R_10TV1zyi4yCEEkl,PHYSICAL_MOVIE,2018-08-14,1534258800
3214,R_1BWAygjxkFXfxql,MASCARA,2018-08-14,1534258800
3215,R_1BWAygjxkFXfxql,SKIN_CLEANING_AGENT,2018-08-14,1534258800
3216,R_1BWAygjxkFXfxql,SKIN_CLEANING_AGENT,2018-08-14,1534258800
3217,R_1BWAygjxkFXfxql,BABY_PRODUCT,2018-08-14,1534258800
3218,R_1BWAygjxkFXfxql,SKIN_PROTECTANT,2018-08-14,1534258800
3219,R_1BWAygjxkFXfxql,ABIS_BOOK,2018-08-14,1534258800
3220,R_1BWAygjxkFXfxql,SNACK_FOOD_BAR,2018-08-14,1534258800
3221,R_1BWAygjxkFXfxql,SHIRT,2018-08-14,1534258800
3222,R_1C4nKyrv0w2thJn,SNACK_FOOD_BAR,2018-08-14,1534258800
3223,R_1C8w4NDDQC5fcgE,SNACK_FOOD_BAR,2018-08-14,1534258800
3224,R_1F35QiIK5csZBEC,SNACK_FOOD_BAR,2018-08-14,1534258800
3225,R_1Fyt6rHyiQcVOT8,ART_AND_CRAFT_SUPPLY,2018-08-14,1534258800
3226,R_1Hena1rUph3TnA3,ELECTRONIC_CABLE,2018-08-14,1534258800
3227,R_1I6meOeB0piHEX8,GROCERY,2018-08-14,1534258800
3228,R_1I6meOeB0piHEX8,LOCK,2018-08-14,1534258800
3229,R_1IaYiTSaUaD2W2i,WATERING_CAN,2018-08-14,1534258800
3230,R_1IaYiTSaUaD2W2i,COSMETIC_CASE,2018-08-14,1534258800
3231,R_1LIJDv6NDuvkCi4,HEADPHONES,2018-08-14,1534258800
3232,R_1NCzj2eSHI4QGcd,GROCERY,2018-08-14,1534258800
3233,R_1NCzj2eSHI4QGcd,LIP_BALM,2018-08-14,1534258800
3234,R_1NDq0rxoUSu6oyz,FITNESS_BENCH,2018-08-14,1534258800
3235,R_1OrTsiPCkAlmb0N,GROCERY,2018-08-14,1534258800
3236,R_1OrTsiPCkAlmb0N,SNACK_FOOD_BAR,2018-08-14,1534258800
3237,R_1OrTsiPCkAlmb0N,UNDERGARMENT_SLIP,2018-08-14,1534258800
3238,R_1OrTsiPCkAlmb0N,WATER_DISPENSER,2018-08-14,1534258800
3239,R_1Q62CIVb2WAS8hB,SKIN_PROTECTANT,2018-08-14,1534258800
3240,R_1dFu7LeBJE3Wd6p,TOYS_AND_GAMES,2018-08-14,1534258800
3241,R_1dFu7LeBJE3Wd6p,SKIN_MOISTURIZER,2018-08-14,1534258800
3242,R_1dFu7LeBJE3Wd6p,COFFEE,2018-08-14,1534258800
3243,R_1exepO2lYqHFR9q,PHYSICAL_MOVIE,2018-08-14,1534258800
3244,R_1exepO2lYqHFR9q,ABIS_BOOK,2018-08-14,1534258800
3245,R_1owkdABF1wNKFKI,BATTERY,2018-08-14,1534258800
3246,R_1q7GuBNrrAGdxx3,GROCERY,2018-08-14,1534258800
3247,R_1q7GuBNrrAGdxx3,PHYSICAL_MOVIE,2018-08-14,1534258800
3248,R_1q7GuBNrrAGdxx3,SHIRT,2018-08-14,1534258800
3249,R_1q7GuBNrrAGdxx3,COMPUTER_INPUT_DEVICE,2018-08-14,1534258800
3250,R_1q7GuBNrrAGdxx3,SCREEN_PROTECTOR,2018-08-14,1534258800
3251,R_1q7GuBNrrAGdxx3,HIP_FLASK,2018-08-14,1534258800
3252,R_1q7GuBNrrAGdxx3,COMPUTER_INPUT_DEVICE,2018-08-14,1534258800
3253,R_1q7GuBNrrAGdxx3,MEDICATION,2018-08-14,1534258800
3254,R_1q7GuBNrrAGdxx3,FOOD_COLORING,2018-08-14,1534258800
3255,R_20O6baqxT4T2CbA,CORD_ROPE,2018-08-14,1534258800
3256,R_20O6baqxT4T2CbA,SCREEN_PROTECTOR,2018-08-14,1534258800
3257,R_20Yd9DvrGselmZY,SKIN_MOISTURIZER,2018-08-14,1534258800
3258,R_210tLKdUbUZuf7O,BATTERY,2018-08-14,1534258800
3259,R_21uibgT9dgqRD9J,HVAC_CONTROL_THERMOSTAT,2018-08-14,1534258800
3260,R_21uibgT9dgqRD9J,MANUAL_SHAVING_RAZOR,2018-08-14,1534258800
3261,R_25YqaojEWt641sK,HEADPHONES,2018-08-14,1534258800
3262,R_27DL80quzRiSEmq,SCREEN_PROTECTOR,2018-08-14,1534258800
3263,R_27DL80quzRiSEmq,ABIS_BOOK,2018-08-14,1534258800
3264,R_27DL80quzRiSEmq,MEDICATION,2018-08-14,1534258800
3265,R_27DL80quzRiSEmq,PET_FOOD,2018-08-14,1534258800
3266,R_27DL80quzRiSEmq,RING,2018-08-14,1534258800
3267,R_29uBVByYo0xAXiZ,GROMMETS,2018-08-14,1534258800
3268,R_29uBVByYo0xAXiZ,CAPO,2018-08-14,1534258800
3269,R_2ASz0xBmcxqYzUJ,ACCESSORY_OR_PART_OR_SUPPLY,2018-08-14,1534258800
3270,R_2D2K5rKv8NODIDZ,TOYS_AND_GAMES,2018-08-14,1534258800
3271,R_2D2K5rKv8NODIDZ,COOLING_RACK,2018-08-14,1534258800
3272,R_2DSIdH6iUv9yJ8V,ELECTRIC_SHAVER,2018-08-14,1534258800
3273,R_2EglJpTWGEiwQYa,TUNIC,2018-08-14,1534258800
3274,R_2EglJpTWGEiwQYa,SCREEN_PROTECTOR,2018-08-14,1534258800
3275,R_2EglJpTWGEiwQYa,HEALTH_PERSONAL_CARE,2018-08-14,1534258800
3276,R_2En0sbvQ7s48ufv,ANIMAL_FUR_CLEANER_CONDITIONER,2018-08-14,1534258800
3277,R_2TnuiSdfJ77v7e9,ABIS_BOOK,2018-08-14,1534258800
3278,R_2TnuiSdfJ77v7e9,LANDLINE_PHONE,2018-08-14,1534258800
3279,R_2Xj7LtCe2Mt8jNi,FOOD_GLITTER_SPRINKLE,2018-08-14,1534258800
3280,R_2YCU6JHbCzus4zy,SPRAY_BOTTLE,2018-08-14,1534258800
3281,R_2YCU6JHbCzus4zy,SNACK_FOOD_BAR,2018-08-14,1534258800
3282,R_2YVQQRVSdj7M8Va,WIRELESS_ACCESSORY,2018-08-14,1534258800
3283,R_2dEe5MXA0pGB5Fr,AIR_MATTRESS,2018-08-14,1534258800
3284,R_2dRR9SjNrn4s7xU,ABIS_BOOK,2018-08-14,1534258800
3285,R_2dRR9SjNrn4s7xU,VITAMIN,2018-08-14,1534258800
3286,R_2dRR9SjNrn4s7xU,SAUCE,2018-08-14,1534258800
3287,R_2dRR9SjNrn4s7xU,HEADPHONES,2018-08-14,1534258800
3288,R_2dRR9SjNrn4s7xU,TRACTION_CLEAT,2018-08-14,1534258800
3289,R_2dRR9SjNrn4s7xU,GROCERY,2018-08-14,1534258800
3290,R_2dRR9SjNrn4s7xU,UTILITY_SPONGE,2018-08-14,1534258800
3291,R_2dRR9SjNrn4s7xU,SPOON,2018-08-14,1534258800
3292,R_2dRR9SjNrn4s7xU,PACKAGED_SOUP_AND_STEW,2018-08-14,1534258800
3293,R_2dRR9SjNrn4s7xU,SCREEN_PROTECTOR,2018-08-14,1534258800
3294,R_2dRR9SjNrn4s7xU,SKIN_MOISTURIZER,2018-08-14,1534258800
3295,R_2dRR9SjNrn4s7xU,LEAF_BLOWER,2018-08-14,1534258800
3296,R_2dRR9SjNrn4s7xU,LEGUME,2018-08-14,1534258800
3297,R_2dRR9SjNrn4s7xU,PACKAGED_SOUP_AND_STEW,2018-08-14,1534258800
3298,R_2dRR9SjNrn4s7xU,LAUNDRY_HAMPER,2018-08-14,1534258800
3299,R_2dRR9SjNrn4s7xU,VITAMIN,2018-08-14,1534258800
3300,R_2dRR9SjNrn4s7xU,VITAMIN,2018-08-14,1534258800
3301,R_2dRR9SjNrn4s7xU,CELLULAR_PHONE_CASE,2018-08-14,1534258800
3302,R_2dRR9SjNrn4s7xU,TOYS_AND_GAMES,2018-08-14,1534258800
3303,R_2dRR9SjNrn4s7xU,HOT_GLUE_GUN,2018-08-14,1534258800
3304,R_2dRR9SjNrn4s7xU,SCREEN_PROTECTOR,2018-08-14,1534258800
3305,R_2dRR9SjNrn4s7xU,POTABLE_WATER_FILTER,2018-08-14,1534258800
3306,R_2dRR9SjNrn4s7xU,VITAMIN,2018-08-14,1534258800
3307,R_2dRR9SjNrn4s7xU,SPOON,2018-08-14,1534258800
3308,R_2dRR9SjNrn4s7xU,PET_FOOD,2018-08-14,1534258800
3309,R_2dRR9SjNrn4s7xU,ABIS_BOOK,2018-08-14,1534258800
3310,R_2dRR9SjNrn4s7xU,ABIS_VIDEO,2018-08-14,1534258800
3311,R_2dRR9SjNrn4s7xU,TOYS_AND_GAMES,2018-08-14,1534258800
3312,R_2dRR9SjNrn4s7xU,NUTRITIONAL_SUPPLEMENT,2018-08-14,1534258800
3313,R_2dRR9SjNrn4s7xU,PANTS,2018-08-14,1534258800
3314,R_2dRR9SjNrn4s7xU,SHOES,2018-08-14,1534258800
3315,R_2dRR9SjNrn4s7xU,FOOD,2018-08-14,1534258800
3316,R_2dRR9SjNrn4s7xU,PANTS,2018-08-14,1534258800
3317,R_2dRR9SjNrn4s7xU,SKIN_CLEANING_AGENT,2018-08-14,1534258800
3318,R_2dRR9SjNrn4s7xU,ABIS_VIDEO,2018-08-14,1534258800
3319,R_2ebzj3o225IisIQ,BATTERY,2018-08-14,1534258800
3320,R_2f7MFUqYnEv92pF,PHYSICAL_MOVIE,2018-08-14,1534258800
3321,R_2mAJniG0xVBIInL,MEDICATION,2018-08-14,1534258800
3322,R_2qjAN1lyLAdAxT2,VITAMIN,2018-08-14,1534258800
3323,R_2qjAN1lyLAdAxT2,PRETEND_PLAY_TOY,2018-08-14,1534258800
3324,R_2qjAN1lyLAdAxT2,PHOTOGRAPHIC_FILM,2018-08-14,1534258800
3325,R_2taM3mpNPF0o1yf,WEAPON_CASE,2018-08-14,1534258800
3326,R_2xxvsVGQ2kSdXpV,PET_FOOD,2018-08-14,1534258800
3327,R_2xxvsVGQ2kSdXpV,PESTICIDE,2018-08-14,1534258800
3328,R_2xxvsVGQ2kSdXpV,SHIRT,2018-08-14,1534258800
3329,R_2xxvsVGQ2kSdXpV,HEADPHONES,2018-08-14,1534258800
3330,R_2xxvsVGQ2kSdXpV,COOKING_POT,2018-08-14,1534258800
3331,R_2xzc7JBNEgYNAqY,ACCESSORY,2018-08-14,1534258800
3332,R_2xzc7JBNEgYNAqY,BATH_PILLOW,2018-08-14,1534258800
3333,R_2z7rLZb69WuqDdf,JUICE_AND_JUICE_DRINK,2018-08-14,1534258800
3334,R_2zUBXlqUCKqKDVI,SCREEN_PROTECTOR,2018-08-14,1534258800
3335,R_30pLPRle51eRImG,TECHNICAL_SPORT_SHOE,2018-08-14,1534258800
3336,R_30pLPRle51eRImG,PHYSICAL_VIDEO_GAME_SOFTWARE,2018-08-14,1534258800
3337,R_30pLPRle51eRImG,TECHNICAL_SPORT_SHOE,2018-08-14,1534258800
3338,R_30pLPRle51eRImG,CELLULAR_PHONE_CASE,2018-08-14,1534258800
3339,R_31SNC0DcyjBDcq3,HEALTH_PERSONAL_CARE,2018-08-14,1534258800
3340,R_31SNC0DcyjBDcq3,SCREEN_PROTECTOR,2018-08-14,1534258800
3341,R_31SNC0DcyjBDcq3,HEALTH_PERSONAL_CARE,2018-08-14,1534258800
3342,R_31SNC0DcyjBDcq3,CHARGING_ADAPTER,2018-08-14,1534258800
3343,R_31SNC0DcyjBDcq3,SCREEN_PROTECTOR,2018-08-14,1534258800
3344,R_31SNC0DcyjBDcq3,BATTERY,2018-08-14,1534258800
3345,R_325wNEypLBLRTf7,SHIRT,2018-08-14,1534258800
3346,R_338AsE7QedeQ72w,AUTO_ACCESSORY,2018-08-14,1534258800
3347,R_33xxVtjHgiJnNli,SAW_BLADE,2018-08-14,1534258800
3348,R_3Ebh099lpNz7iC2,SCREWDRIVER,2018-08-14,1534258800
3349,R_3FRSHAzxtL6ifms,PHYSICAL_MOVIE,2018-08-14,1534258800
3350,R_3FRSHAzxtL6ifms,BATTERY,2018-08-14,1534258800
3351,R_3FRSHAzxtL6ifms,HEALTH_PERSONAL_CARE,2018-08-14,1534258800
3352,R_3FRSHAzxtL6ifms,PANTS,2018-08-14,1534258800
3353,R_3FRSHAzxtL6ifms,LAUNDRY_DETERGENT,2018-08-14,1534258800
3354,R_3FRSHAzxtL6ifms,TOYS_AND_GAMES,2018-08-14,1534258800
3355,R_3FRSHAzxtL6ifms,FALSE_EYELASH,2018-08-14,1534258800
3356,R_3FRSHAzxtL6ifms,ELECTRONIC_CABLE,2018-08-14,1534258800
3357,R_3FRSHAzxtL6ifms,SCREEN_PROTECTOR,2018-08-14,1534258800
3358,R_3G1gYo1d23Zq8Np,ABIS_BOOK,2018-08-14,1534258800
3359,R_3GBSX5xvcH0uSyx,HEALTH_PERSONAL_CARE,2018-08-14,1534258800
3360,R_3GBSX5xvcH0uSyx,CAMERA,2018-08-14,1534258800
3361,R_3GD1CL4OyjglmbZ,TOYS_AND_GAMES,2018-08-14,1534258800
3362,R_3GD1CL4OyjglmbZ,CHARGING_ADAPTER,2018-08-14,1534258800
3363,R_3GD1CL4OyjglmbZ,PHYSICAL_TV_SERIES,2018-08-14,1534258800
3364,R_3GqfePl8gH1VWP1,PET_APPAREL,2018-08-14,1534258800
3365,R_3HgZOjGq4Ny969k,DISHWARE_PLATE,2018-08-14,1534258800
3366,R_3HgZOjGq4Ny969k,BATTERY,2018-08-14,1534258800
3367,R_3HgZOjGq4Ny969k,SNACK_FOOD_BAR,2018-08-14,1534258800
3368,R_3HigTq4itishziE,NUTRITIONAL_SUPPLEMENT,2018-08-14,1534258800
3369,R_3IQQB0Dtvv9riqZ,NUTRITIONAL_SUPPLEMENT,2018-08-14,1534258800
3370,R_3IQQB0Dtvv9riqZ,SKIN_MOISTURIZER,2018-08-14,1534258800
3371,R_3IQQB0Dtvv9riqZ,BODY_DEODORANT,2018-08-14,1534258800
3372,R_3Jl5q6tZJctgL8B,VITAMIN,2018-08-14,1534258800
3373,R_3M3RSZ7wNRSaxNx,VEHICLE_SEAT_COVER,2018-08-14,1534258800
3374,R_3Mc9nZhk6fg7b8z,SNACK_FOOD_BAR,2018-08-14,1534258800
3375,R_3O9aPnM7ixjsbYK,ELECTRONIC_CABLE,2018-08-14,1534258800
3376,R_3RpTNwsri1SSxeL,PLAYARD,2018-08-14,1534258800
3377,R_3RpTNwsri1SSxeL,PET_FOOD,2018-08-14,1534258800
3378,R_3ViaGvZl7J3ObBv,ABIS_BOOK,2018-08-14,1534258800
3379,R_3ViaGvZl7J3ObBv,SNACK_FOOD_BAR,2018-08-14,1534258800
3380,R_3emMy2Kk6GA8xPd,PANTS,2018-08-14,1534258800
3381,R_3emMy2Kk6GA8xPd,CELLULAR_PHONE_CASE,2018-08-14,1534258800
3382,R_3emMy2Kk6GA8xPd,SCISSORS,2018-08-14,1534258800
3383,R_3fBmKcLTAgFITMo,SAFE,2018-08-14,1534258800
3384,R_3h4JnsfebywTUxX,CRAFT_WRAPPING_TISSUE_PAPER,2018-08-14,1534258800
3385,R_3h4JnsfebywTUxX,HARDWARE_CLAMP_VISE,2018-08-14,1534258800
3386,R_3jYUg0c9puk2lgW,SHOES,2018-08-14,1534258800
3387,R_3qPt2VOIZdr6Kio,LIQUID_INK,2018-08-14,1534258800
3388,R_3qPt2VOIZdr6Kio,SHOES,2018-08-14,1534258800
3389,R_3qrqbddZ7eR9KW8,PASTRY_BASTING_BRUSH,2018-08-14,1534258800
3390,R_3qrqbddZ7eR9KW8,FIRST_AID_KIT,2018-08-14,1534258800
3391,R_3s02y9lg8GCo9q0,MEDICATION,2018-08-14,1534258800
3392,R_3sBz3iR6jcNfJzt,PHYSICAL_MOVIE,2018-08-14,1534258800
3393,R_3sBz3iR6jcNfJzt,WHEEL,2018-08-14,1534258800
3394,R_4PhRzF4UI9ooLh7,ANIMAL_STAIR,2018-08-14,1534258800
3395,R_4PhRzF4UI9ooLh7,POWER_CONVERTER,2018-08-14,1534258800
3396,R_8CXcySQawXPuJwJ,PRINTER,2018-08-14,1534258800
3397,R_8CXcySQawXPuJwJ,BABY_BOTTLE,2018-08-14,1534258800
3398,R_8pMsG4P0RqzoSlz,SHIRT,2018-08-14,1534258800
3399,R_8pMsG4P0RqzoSlz,HEADPHONES,2018-08-14,1534258800
3400,R_8pMsG4P0RqzoSlz,HEADPHONES,2018-08-14,1534258800
3401,R_8vnpSkm79W7Jsv7,PORTABLE_ELECTRONIC_DEVICE_ARMBAND,2018-08-14,1534258800
3402,R_AEBbAiW2xdXI2at,SHIRT,2018-08-14,1534258800
3403,R_ApVmIUhdKhewFtn,LIGHT_BULB,2018-08-14,1534258800
3404,R_CaF1pc8CnyWJvCp,CAULKS,2018-08-14,1534258800
3405,R_O9FzIlCvCxllJSN,PET_ACTIVITY_STRUCTURE,2018-08-14,1534258800
3406,R_O9FzIlCvCxllJSN,PHYSICAL_MOVIE,2018-08-14,1534258800
3407,R_O9FzIlCvCxllJSN,SKIN_CLEANING_AGENT,2018-08-14,1534258800
3408,R_Q4ZjTFeyiC5kgQV,SKIN_MOISTURIZER,2018-08-14,1534258800
3409,R_Q4ZjTFeyiC5kgQV,SHIRT,2018-08-14,1534258800
3410,R_Ui78k1hRGuGWhln,MEDICATION,2018-08-14,1534258800
3411,R_XUhit9pAXhD746B,COFFEE_MAKER,2018-08-14,1534258800
3412,R_XUhit9pAXhD746B,COSTUME_OUTFIT,2018-08-14,1534258800
3413,R_Y3TdYiBodZOLXlT,ABIS_BOOK,2018-08-14,1534258800
3414,R_b3dSUlk76L0C6TD,SCREEN_PROTECTOR,2018-08-14,1534258800
3415,R_b3dSUlk76L0C6TD,ABIS_BOOK,2018-08-14,1534258800
3416,R_bJI8lmXMZWL6oql,BEAUTY,2018-08-14,1534258800
3417,R_bJbNhR1I5NnLKb7,PET_FOOD,2018-08-14,1534258800
3418,R_bJbNhR1I5NnLKb7,BENCH,2018-08-14,1534258800
3419,R_bw2nQ0iRh2wCa8p,BACKDROP,2018-08-14,1534258800
3420,R_d5O7dqvA1EWCrPb,PRESSER_FOOT,2018-08-14,1534258800
3421,R_d5O7dqvA1EWCrPb,TOYS_AND_GAMES,2018-08-14,1534258800
3422,R_dnb5fN79bJTa6Up,CAMERA_DIGITAL,2018-08-14,1534258800
3423,R_eg0ycbZcHEfhBAd,SKIN_MOISTURIZER,2018-08-14,1534258800
3424,R_pGHKffvC4zrBtAJ,ANIMAL_PERCH,2018-08-14,1534258800
3425,R_snaR9M3EsTpcPi9,APPAREL_HEAD_NECK_COVERING,2018-08-14,1534258800
3426,R_snaR9M3EsTpcPi9,FISHING_NET,2018-08-14,1534258800
3427,R_tFf2GViNMUolxaV,BUILDING_MATERIAL,2018-08-14,1534258800
3428,R_tJNLenUlMH5f4el,SHOES,2018-08-14,1534258800
3429,R_uqbcSq7y153jKmZ,GROCERY,2018-08-14,1534258800
3430,R_uqbcSq7y153jKmZ,CAMERA_LENS_FILTERS,2018-08-14,1534258800
3431,R_uqbcSq7y153jKmZ,COMPUTER_DRIVE_OR_STORAGE,2018-08-14,1534258800
3432,R_voSNwyVcZWdCTJv,SKIN_CLEANING_AGENT,2018-08-14,1534258800
3433,R_voSNwyVcZWdCTJv,PERSONAL_FRAGRANCE,2018-08-14,1534258800
3434,R_voSNwyVcZWdCTJv,INSTRUMENT_PARTS_AND_ACCESSORIES,2018-08-14,1534258800
3435,R_x969WzGgXuE1CuJ,PHYSICAL_MOVIE,2018-08-14,1534258800
3436,R_x969WzGgXuE1CuJ,SHIRT,2018-08-14,1534258800
3437,R_x969WzGgXuE1CuJ,SPORT_ACTIVITY_GLOVE,2018-08-14,1534258800
3438,R_x969WzGgXuE1CuJ,PANTS,2018-08-14,1534258800
3439,R_x969WzGgXuE1CuJ,PET_FOOD,2018-08-14,1534258800
3440,R_x969WzGgXuE1CuJ,POWER_CONVERTER,2018-08-14,1534258800
3441,R_xsyCKTazvY4vHbz,SKIN_CLEANING_AGENT,2018-08-14,1534258800
3442,R_yJz6aXbKddNbgZz,GROCERY,2018-08-14,1534258800
3443,R_yPgyGUixTuXuX5v,SKIN_MOISTURIZER,2018-08-14,1534258800
3444,R_yPgyGUixTuXuX5v,SKIN_MOISTURIZER,2018-08-14,1534258800
3445,R_yPgyGUixTuXuX5v,COLLAPSIBLE_PLAY_STRUCTURE,2018-08-14,1534258800
3446,R_yPgyGUixTuXuX5v,CELLULAR_PHONE,2018-08-14,1534258800
3447,R_yPgyGUixTuXuX5v,COLLAPSIBLE_PLAY_STRUCTURE,2018-08-14,1534258800
3448,R_0pRmRjHkwStzNQJ,TOYS_AND_GAMES,2018-08-15,1534345200
3449,R_0pRmRjHkwStzNQJ,EYEGLASS_CASE,2018-08-15,1534345200
3450,R_10CAlrx7dbJty9R,BACKPACK,2018-08-15,1534345200
3451,R_10TA7pCDmelHi5H,TOOTHBRUSH,2018-08-15,1534345200
3452,R_10TA7pCDmelHi5H,SCARF,2018-08-15,1534345200
3453,R_10TA7pCDmelHi5H,SPORTING_GOODS,2018-08-15,1534345200
3454,R_12bC3rUwQ2h1sz5,UTILITY_SPONGE,2018-08-15,1534345200
3455,R_1BNwZP0DdTOa4rT,VITAMIN,2018-08-15,1534345200
3456,R_1Egu0oETMcJuIOb,ABIS_BOOK,2018-08-15,1534345200
3457,R_1Egu0oETMcJuIOb,COSMETIC_BRUSH,2018-08-15,1534345200
3458,R_1Egu0oETMcJuIOb,COMPUTER_DRIVE_OR_STORAGE,2018-08-15,1534345200
3459,R_1GVN63HjPpVXPEx,HAIR_CLIP,2018-08-15,1534345200
3460,R_1IZBlduDFUJEphM,PANTS,2018-08-15,1534345200
3461,R_1IZBlduDFUJEphM,BATTERY_CHARGER,2018-08-15,1534345200
3462,R_1IZBlduDFUJEphM,BOOT,2018-08-15,1534345200
3463,R_1IZBlduDFUJEphM,PET_FOOD,2018-08-15,1534345200
3464,R_1IZBlduDFUJEphM,MEDICATION,2018-08-15,1534345200
3465,R_1LMa9REuvUok05j,VEHICLE_LIGHT_BULB,2018-08-15,1534345200
3466,R_1M5mnTcAVcSRcli,PORTABLE_VIDEO_DISC_PLAYER,2018-08-15,1534345200
3467,R_1M5mnTcAVcSRcli,RIDE_ON_TOY,2018-08-15,1534345200
3468,R_1NCzj2eSHI4QGcd,BLOWER_INFLATED_DECORATION,2018-08-15,1534345200
3469,R_1NDq0rxoUSu6oyz,TOYS_AND_GAMES,2018-08-15,1534345200
3470,R_1Q62CIVb2WAS8hB,ABIS_BOOK,2018-08-15,1534345200
3471,R_1QozBaV2v9k1qO9,SAFETY_HARNESS,2018-08-15,1534345200
3472,R_1QozBaV2v9k1qO9,FURNITURE_LEG,2018-08-15,1534345200
3473,R_1QupmKjSh9fA4l4,CELLULAR_PHONE_CASE,2018-08-15,1534345200
3474,R_1QupmKjSh9fA4l4,UNDERPANTS,2018-08-15,1534345200
3475,R_1gG5xibh48txT6f,SKIN_MOISTURIZER,2018-08-15,1534345200
3476,R_1gG5xibh48txT6f,SHIRT,2018-08-15,1534345200
3477,R_1gG5xibh48txT6f,NUTRITIONAL_SUPPLEMENT,2018-08-15,1534345200
3478,R_1gjdRVy7DXPMldc,HEALTH_PERSONAL_CARE,2018-08-15,1534345200
3479,R_1gq1l7L7YXNcp13,ABIS_BOOK,2018-08-15,1534345200
3480,R_1hMV4AHCk04WO5V,TOILET_PAPER,2018-08-15,1534345200
3481,R_1jZkLNE1JdtyVpH,TUNIC,2018-08-15,1534345200
3482,R_1kLdd31W284Angd,ABIS_BOOK,2018-08-15,1534345200
3483,R_1kLdd31W284Angd,HARDWARE,2018-08-15,1534345200
3484,R_1kLdd31W284Angd,GROCERY,2018-08-15,1534345200
3485,R_1kLdd31W284Angd,WATERING_CAN,2018-08-15,1534345200
3486,R_1mxX9jjBSLwxiDU,ABIS_MUSIC,2018-08-15,1534345200
3487,R_1nOCRAcsi1AU77q,GROCERY,2018-08-15,1534345200
3488,R_1oFRyes3ggnKU4B,VEHICLE_BAG,2018-08-15,1534345200
3489,R_1ouRfsTlr2iWPge,CELLULAR_PHONE_CASE,2018-08-15,1534345200
3490,R_1zVJnDAfoFLamOd,SKIN_CLEANING_AGENT,2018-08-15,1534345200
3491,R_20O6baqxT4T2CbA,HEALTH_PERSONAL_CARE,2018-08-15,1534345200
3492,R_20Yd9DvrGselmZY,ABIS_MUSIC,2018-08-15,1534345200
3493,R_20Z3XrmdVrFDp3r,SHIRT,2018-08-15,1534345200
3494,R_20Z3XrmdVrFDp3r,CELLULAR_PHONE_CASE,2018-08-15,1534345200
3495,R_20Z3XrmdVrFDp3r,MEDICATION,2018-08-15,1534345200
3496,R_210tLKdUbUZuf7O,SKIN_MOISTURIZER,2018-08-15,1534345200
3497,R_210tLKdUbUZuf7O,CADDY,2018-08-15,1534345200
3498,R_22AmuBuGI7iFD1n,DYE,2018-08-15,1534345200
3499,R_22AmuBuGI7iFD1n,MEDICATION,2018-08-15,1534345200
3500,R_22mMopWqAj09mQc,PROJECTILE_BOW,2018-08-15,1534345200
3501,R_24P0vykrD1RJG07,PANTS,2018-08-15,1534345200
3502,R_24ovSGBcJmAm7rm,TRANSPORT_RACK,2018-08-15,1534345200
3503,R_24ovSGBcJmAm7rm,OUTBUILDING,2018-08-15,1534345200
3504,R_25Wwg273Uw26jA1,FOOD_STORAGE_BAG,2018-08-15,1534345200
3505,R_25Wwg273Uw26jA1,LAUNDRY_DETERGENT,2018-08-15,1534345200
3506,R_25Wwg273Uw26jA1,LAUNDRY_DETERGENT,2018-08-15,1534345200
3507,R_25Wwg273Uw26jA1,PLUG_STOPPER,2018-08-15,1534345200
3508,R_27PZcbYfPDhwHcL,HEADPHONES,2018-08-15,1534345200
3509,R_27PZcbYfPDhwHcL,PORTABLE_ELECTRONIC_DEVICE_COVER,2018-08-15,1534345200
3510,R_27PZcbYfPDhwHcL,STROLLER,2018-08-15,1534345200
3511,R_27PZcbYfPDhwHcL,SKIN_MOISTURIZER,2018-08-15,1534345200
3512,R_2DMQ4Npnlu3WWyq,PHYSICAL_MOVIE,2018-08-15,1534345200
3513,R_2DMQ4Npnlu3WWyq,BATTERY,2018-08-15,1534345200
3514,R_2DMQ4Npnlu3WWyq,VITAMIN,2018-08-15,1534345200
3515,R_2EglJpTWGEiwQYa,BREAKFAST_CEREAL,2018-08-15,1534345200
3516,R_2EglJpTWGEiwQYa,ELECTRONIC_CABLE,2018-08-15,1534345200
3517,R_2EglJpTWGEiwQYa,CELLULAR_PHONE_CASE,2018-08-15,1534345200
3518,R_2UgruQ1jzpNXLQZ,SKIN_MOISTURIZER,2018-08-15,1534345200
3519,R_2UgruQ1jzpNXLQZ,BATHING_SPONGE,2018-08-15,1534345200
3520,R_2UgruQ1jzpNXLQZ,TOYS_AND_GAMES,2018-08-15,1534345200
3521,R_2UgruQ1jzpNXLQZ,ELECTRONIC_CABLE,2018-08-15,1534345200
3522,R_2UgruQ1jzpNXLQZ,SANITARY_NAPKIN,2018-08-15,1534345200
3523,R_2UgruQ1jzpNXLQZ,BATHING_SPONGE,2018-08-15,1534345200
3524,R_2XoI6KbLJRGFz5X,SNACK_FOOD_BAR,2018-08-15,1534345200
3525,R_2XoI6KbLJRGFz5X,VACUUM_CLEANER,2018-08-15,1534345200
3526,R_2XoI6KbLJRGFz5X,SNACK_FOOD_BAR,2018-08-15,1534345200
3527,R_2YR2Yn7wGzAeAj0,SKIN_MOISTURIZER,2018-08-15,1534345200
3528,R_2YR2Yn7wGzAeAj0,CELLULAR_PHONE_CASE,2018-08-15,1534345200
3529,R_2dMef2oXr2I6RKU,COAT,2018-08-15,1534345200
3530,R_2dvh9tu7PLPeipE,VITAMIN,2018-08-15,1534345200
3531,R_2dvk9UuFSRtf7aJ,HEALTH_PERSONAL_CARE,2018-08-15,1534345200
3532,R_2dvk9UuFSRtf7aJ,NUTRITIONAL_SUPPLEMENT,2018-08-15,1534345200
3533,R_2dvk9UuFSRtf7aJ,BATTERY,2018-08-15,1534345200
3534,R_2dvk9UuFSRtf7aJ,ELECTRONIC_CABLE,2018-08-15,1534345200
3535,R_2dvk9UuFSRtf7aJ,NUTRITIONAL_SUPPLEMENT,2018-08-15,1534345200
3536,R_2dvk9UuFSRtf7aJ,HEALTH_PERSONAL_CARE,2018-08-15,1534345200
3537,R_2dvk9UuFSRtf7aJ,VITAMIN,2018-08-15,1534345200
3538,R_2dyITPHbbfmCXJn,WIPER_BLADE,2018-08-15,1534345200
3539,R_2dzIuPT8QnK8NCo,TOYS_AND_GAMES,2018-08-15,1534345200
3540,R_2dzIuPT8QnK8NCo,GROCERY,2018-08-15,1534345200
3541,R_2dzIuPT8QnK8NCo,AIR_CONDITIONER,2018-08-15,1534345200
3542,R_2dzIuPT8QnK8NCo,POULTRY,2018-08-15,1534345200
3543,R_2qjAN1lyLAdAxT2,STICKER_DECAL,2018-08-15,1534345200
3544,R_2qjAN1lyLAdAxT2,ART_CRAFT_KIT,2018-08-15,1534345200
3545,R_2s5YO3cdqKDFyIM,CLEANING_AGENT,2018-08-15,1534345200
3546,R_2s5YO3cdqKDFyIM,ABIS_BOOK,2018-08-15,1534345200
3547,R_2s5YO3cdqKDFyIM,GROCERY,2018-08-15,1534345200
3548,R_2uPcQuKixR5S2ZO,HAIR_CLIP,2018-08-15,1534345200
3549,R_2uPcQuKixR5S2ZO,GROCERY,2018-08-15,1534345200
3550,R_2uZDxTZAORBIW1o,PERSONAL_PILL_DISPENSER,2018-08-15,1534345200
3551,R_30pLPRle51eRImG,MEDICATION,2018-08-15,1534345200
3552,R_32UZncFA03IrQwQ,GARDEN_TOOL_SET,2018-08-15,1534345200
3553,R_32UZncFA03IrQwQ,MASSAGE_STICK,2018-08-15,1534345200
3554,R_32UZncFA03IrQwQ,HOBBIES,2018-08-15,1534345200
3555,R_32UZncFA03IrQwQ,CELLULAR_PHONE_CASE,2018-08-15,1534345200
3556,R_32UZncFA03IrQwQ,CURTAIN,2018-08-15,1534345200
3557,R_32UZncFA03IrQwQ,ELECTRONIC_CABLE,2018-08-15,1534345200
3558,R_3CZ8DrIEalrYlgu,MAPS,2018-08-15,1534345200
3559,R_3ESuELdvO5mTjxj,PAINT,2018-08-15,1534345200
3560,R_3ESuELdvO5mTjxj,TOILET_PAPER,2018-08-15,1534345200
3561,R_3ESuELdvO5mTjxj,GLITTER,2018-08-15,1534345200
3562,R_3ESuELdvO5mTjxj,ABIS_BOOK,2018-08-15,1534345200
3563,R_3JJfhp7Z7vUO8K2,ANIMAL_LITTER,2018-08-15,1534345200
3564,R_3JJfhp7Z7vUO8K2,CURTAIN,2018-08-15,1534345200
3565,R_3JJfhp7Z7vUO8K2,DRESS,2018-08-15,1534345200
3566,R_3JJfhp7Z7vUO8K2,VALVE,2018-08-15,1534345200
3567,R_3JJfhp7Z7vUO8K2,ABIS_BOOK,2018-08-15,1534345200
3568,R_3JJfhp7Z7vUO8K2,MECHANICAL_BELT,2018-08-15,1534345200
3569,R_3JJfhp7Z7vUO8K2,ANIMAL_LITTER,2018-08-15,1534345200
3570,R_3JJfhp7Z7vUO8K2,CURTAIN,2018-08-15,1534345200
3571,R_3JK3aP5uRxffXiy,ELECTRONIC_CABLE,2018-08-15,1534345200
3572,R_3JK3aP5uRxffXiy,HEALTH_PERSONAL_CARE,2018-08-15,1534345200
3573,R_3JnjKsPAuFGDhrx,SKIN_CLEANING_AGENT,2018-08-15,1534345200
3574,R_3MhBAq6V6XHU9ln,DAIRY_BASED_DRINK,2018-08-15,1534345200
3575,R_3MhBAq6V6XHU9ln,HEADPHONES,2018-08-15,1534345200
3576,R_3MhBAq6V6XHU9ln,SHIRT,2018-08-15,1534345200
3577,R_3MhBAq6V6XHU9ln,VITAMIN,2018-08-15,1534345200
3578,R_3MhBAq6V6XHU9ln,SNACK_FOOD_BAR,2018-08-15,1534345200
3579,R_3PAyJj7mQvMzMco,SHOES,2018-08-15,1534345200
3580,R_3e82J7pYxj5XP7j,WATER_FLOTATION_DEVICE,2018-08-15,1534345200
3581,R_3e82J7pYxj5XP7j,SKIN_MOISTURIZER,2018-08-15,1534345200
3582,R_3eh02tn8YjYcUoE,ELECTRONIC_CABLE,2018-08-15,1534345200
3583,R_3eh02tn8YjYcUoE,HEADPHONES,2018-08-15,1534345200
3584,R_3eh02tn8YjYcUoE,ABIS_BOOK,2018-08-15,1534345200
3585,R_3eh02tn8YjYcUoE,PACIFIER,2018-08-15,1534345200
3586,R_3eh02tn8YjYcUoE,BED_FRAME,2018-08-15,1534345200
3587,R_3eh02tn8YjYcUoE,REMOTE_CONTROL,2018-08-15,1534345200
3588,R_3eh02tn8YjYcUoE,WASHER,2018-08-15,1534345200
3589,R_3ek9YZGdsDHjUZf,NUTRITIONAL_SUPPLEMENT,2018-08-15,1534345200
3590,R_3ek9YZGdsDHjUZf,CRAFT_MOLD,2018-08-15,1534345200
3591,R_3ek9YZGdsDHjUZf,PANTS,2018-08-15,1534345200
3592,R_3ek9YZGdsDHjUZf,THERMOMETER,2018-08-15,1534345200
3593,R_3enuyEOsaEVxTNX,NUTRITIONAL_SUPPLEMENT,2018-08-15,1534345200
3594,R_3fJXgeZMDEMzirc,SCREEN_PROTECTOR,2018-08-15,1534345200
3595,R_3fJXgeZMDEMzirc,SHIRT,2018-08-15,1534345200
3596,R_3fJXgeZMDEMzirc,MUSICAL_INSTRUMENT_STRING,2018-08-15,1534345200
3597,R_3gTrwWhEzAv6gzH,SCREEN_PROTECTOR,2018-08-15,1534345200
3598,R_3gTrwWhEzAv6gzH,CONCENTRATED_FLAVORING_SUBSTANCE,2018-08-15,1534345200
3599,R_3gTrwWhEzAv6gzH,CONCENTRATED_FLAVORING_SUBSTANCE,2018-08-15,1534345200
3600,R_3lMPFMytHOig2HO,VEHICLE_MAT,2018-08-15,1534345200
3601,R_3lt1ZPBv09u1seD,SCREEN_PROTECTOR,2018-08-15,1534345200
3602,R_3m3H4mwZ2snYFua,EYEGLASS_CASE,2018-08-15,1534345200
3603,R_3n17fNI56KA8rTV,KNIFE,2018-08-15,1534345200
3604,R_3nH1Odp9Yjm86gN,SHOE_INSERT,2018-08-15,1534345200
3605,R_3oO3DoeTgXHrEzx,SHOES,2018-08-15,1534345200
3606,R_3pm4Od2kUSXlZgY,ABIS_BOOK,2018-08-15,1534345200
3607,R_3qWnPpXqudB3ETJ,DRAIN_STRAINER,2018-08-15,1534345200
3608,R_3qWnPpXqudB3ETJ,HEALTH_PERSONAL_CARE,2018-08-15,1534345200
3609,R_3rV7kPHe9hVsMee,HEALTH_PERSONAL_CARE,2018-08-15,1534345200
3610,R_3rV7kPHe9hVsMee,ELECTRONIC_CABLE,2018-08-15,1534345200
3611,R_3s5NxhqKpoWo6zm,ELECTRONIC_CABLE,2018-08-15,1534345200
3612,R_3s5NxhqKpoWo6zm,SKIN_CLEANING_AGENT,2018-08-15,1534345200
3613,R_3s5NxhqKpoWo6zm,ELECTRONIC_CABLE,2018-08-15,1534345200
3614,R_4HmF6WnGLnnWuLD,CLOTHES_HANGER,2018-08-15,1534345200
3615,R_4HmF6WnGLnnWuLD,LEASH,2018-08-15,1534345200
3616,R_4PhRzF4UI9ooLh7,CAMERA_LENS_FILTERS,2018-08-15,1534345200
3617,R_4PhRzF4UI9ooLh7,SOFA,2018-08-15,1534345200
3618,R_4PhRzF4UI9ooLh7,SINGLE_BOARD_COMPUTER,2018-08-15,1534345200
3619,R_5uabKnJBMc7HyEN,WASTE_BAG,2018-08-15,1534345200
3620,R_5uabKnJBMc7HyEN,BOOK_DOCUMENT_STAND,2018-08-15,1534345200
3621,R_6Y8B3R1iIUjRAXv,UTILITY_SPONGE,2018-08-15,1534345200
3622,R_6Y8B3R1iIUjRAXv,GROCERY,2018-08-15,1534345200
3623,R_8piDwWBq7V7tyZb,PHYSICAL_MOVIE,2018-08-15,1534345200
3624,R_8piDwWBq7V7tyZb,MEDICAL_TEST_STRIP,2018-08-15,1534345200
3625,R_8piDwWBq7V7tyZb,ABIS_BOOK,2018-08-15,1534345200
3626,R_8piDwWBq7V7tyZb,SALAD_DRESSING,2018-08-15,1534345200
3627,R_8piDwWBq7V7tyZb,RECREATION_BALL,2018-08-15,1534345200
3628,R_8piDwWBq7V7tyZb,VITAMIN,2018-08-15,1534345200
3629,R_8piDwWBq7V7tyZb,PICTURE_FRAME,2018-08-15,1534345200
3630,R_Ap2HcvpPLRDJv9L,BATTERY,2018-08-15,1534345200
3631,R_Ap2HcvpPLRDJv9L,HEALTH_PERSONAL_CARE,2018-08-15,1534345200
3632,R_Ap2HcvpPLRDJv9L,PANTS,2018-08-15,1534345200
3633,R_BYr5WwayMBf66SR,BATTERY,2018-08-15,1534345200
3634,R_DM3u1ro7eb4ws93,TOYS_AND_GAMES,2018-08-15,1534345200
3635,R_DM3u1ro7eb4ws93,WATCH,2018-08-15,1534345200
3636,R_DM3u1ro7eb4ws93,SANDER,2018-08-15,1534345200
3637,R_O9FzIlCvCxllJSN,ELECTRONIC_CABLE,2018-08-15,1534345200
3638,R_O9FzIlCvCxllJSN,CELLULAR_PHONE_CASE,2018-08-15,1534345200
3639,R_O9FzIlCvCxllJSN,PORTABLE_ELECTRONIC_DEVICE_COVER,2018-08-15,1534345200
3640,R_O9FzIlCvCxllJSN,SKIN_CLEANING_AGENT,2018-08-15,1534345200
3641,R_O9FzIlCvCxllJSN,SHOES,2018-08-15,1534345200
3642,R_O9FzIlCvCxllJSN,SEAFOOD,2018-08-15,1534345200
3643,R_O9FzIlCvCxllJSN,HEALTH_PERSONAL_CARE,2018-08-15,1534345200
3644,R_QcV7uVxb8myM0lb,HEADPHONES,2018-08-15,1534345200
3645,R_RK5cwWjrNzWCfLj,OUTDOOR_LIVING,2018-08-15,1534345200
3646,R_Uit4G2WjoT7WM6d,VITAMIN,2018-08-15,1534345200
3647,R_Uit4G2WjoT7WM6d,HEADPHONES,2018-08-15,1534345200
3648,R_b8UnkZJoU93ZxEB,INCONTINENCE_PROTECTOR,2018-08-15,1534345200
3649,R_ebblotCCh8G6Ddf,HOBBIES,2018-08-15,1534345200
3650,R_eyQl26Pq4cq0Xmx,BODY_STRAP,2018-08-15,1534345200
3651,R_pMnqpu31myYoxy1,SCREEN_PROTECTOR,2018-08-15,1534345200
3652,R_pMnqpu31myYoxy1,SPORTING_GOODS,2018-08-15,1534345200
3653,R_pMnqpu31myYoxy1,SHIRT,2018-08-15,1534345200
3654,R_pMnqpu31myYoxy1,ABIS_BOOK,2018-08-15,1534345200
3655,R_pMnqpu31myYoxy1,PANTS,2018-08-15,1534345200
3656,R_u2EdYogSnJBrpex,MEMORY_CARD_READER,2018-08-15,1534345200
3657,R_u2EdYogSnJBrpex,CELLULAR_PHONE_CASE,2018-08-15,1534345200
3658,R_xDvEzzSGeDDkvU5,LABEL,2018-08-15,1534345200
3659,R_xc0AiqTlV5cTvZn,VITAMIN,2018-08-15,1534345200
3660,R_xc0AiqTlV5cTvZn,CYCLING_TIRE,2018-08-15,1534345200
3661,R_xc0AiqTlV5cTvZn,ESSENTIAL_OIL,2018-08-15,1534345200
3662,R_xc0AiqTlV5cTvZn,CULINARY_SALT,2018-08-15,1534345200
3663,R_xc0AiqTlV5cTvZn,BLANKET,2018-08-15,1534345200
3664,R_xsyCKTazvY4vHbz,ELECTRONIC_CABLE,2018-08-15,1534345200
3665,R_xsyCKTazvY4vHbz,FLOUR,2018-08-15,1534345200
3666,R_1DJ4QJgrJwK7g3Y,PERSONAL_PILL_DISPENSER,2018-08-16,1534431600
3667,R_1DJ4QJgrJwK7g3Y,LAMINATOR,2018-08-16,1534431600
3668,R_1DJ4QJgrJwK7g3Y,TOYS_AND_GAMES,2018-08-16,1534431600
3669,R_1DJ4QJgrJwK7g3Y,HEADPHONES,2018-08-16,1534431600
3670,R_1DJ4QJgrJwK7g3Y,UNDERPANTS,2018-08-16,1534431600
3671,R_1DJ4QJgrJwK7g3Y,NUTRITIONAL_SUPPLEMENT,2018-08-16,1534431600
3672,R_1DJ4QJgrJwK7g3Y,DRESS,2018-08-16,1534431600
3673,R_1Fyt6rHyiQcVOT8,BLAZER,2018-08-16,1534431600
3674,R_1GVN63HjPpVXPEx,PHYSICAL_MOVIE,2018-08-16,1534431600
3675,R_1GWHQwmLGiIkYBH,PET_FOOD,2018-08-16,1534431600
3676,R_1GWwhndoXXJDzDA,PAPER_CLIP_CLAMP,2018-08-16,1534431600
3677,R_1KqhfYKlNJg85SH,NON_DAIRY_CREAM,2018-08-16,1534431600
3678,R_1NCzj2eSHI4QGcd,PANTS,2018-08-16,1534431600
3679,R_1NCzj2eSHI4QGcd,ABIS_BOOK,2018-08-16,1534431600
3680,R_1cYxarQPFQxNRHB,BOTTLE_NIPPLE,2018-08-16,1534431600
3681,R_1dlSByn2AyHWx7r,ANIMAL_FUR_CLEANER_CONDITIONER,2018-08-16,1534431600
3682,R_1gU6N4NRSwc9ONd,ELECTRONIC_CABLE,2018-08-16,1534431600
3683,R_1gU6N4NRSwc9ONd,HEALTH_PERSONAL_CARE,2018-08-16,1534431600
3684,R_1gU6N4NRSwc9ONd,SCREEN_PROTECTOR,2018-08-16,1534431600
3685,R_1gU6N4NRSwc9ONd,HAIR_DRYER,2018-08-16,1534431600
3686,R_1gU6N4NRSwc9ONd,SNACK_FOOD_BAR,2018-08-16,1534431600
3687,R_1gU6N4NRSwc9ONd,SHOCK_ABSORBER,2018-08-16,1534431600
3688,R_1gU6N4NRSwc9ONd,TV_TUNER_CARD,2018-08-16,1534431600
3689,R_1gU6N4NRSwc9ONd,MEDICAL_COMPRESSION_GARMENT,2018-08-16,1534431600
3690,R_1gU6N4NRSwc9ONd,SKIN_CLEANING_AGENT,2018-08-16,1534431600
3691,R_1gU6N4NRSwc9ONd,DAIRY_BASED_CREAM,2018-08-16,1534431600
3692,R_1gU6N4NRSwc9ONd,VITAMIN,2018-08-16,1534431600
3693,R_1gU6N4NRSwc9ONd,BATTERY,2018-08-16,1534431600
3694,R_1i8uPeiHVhFcQB8,TABLETOP_GAME,2018-08-16,1534431600
3695,R_1i9ThcjqrGB9lJe,SKIN_CLEANING_AGENT,2018-08-16,1534431600
3696,R_1jZkLNE1JdtyVpH,NUTRITIONAL_SUPPLEMENT,2018-08-16,1534431600
3697,R_1mEmb9jWLRYCU4e,WEBCAM,2018-08-16,1534431600
3698,R_1mQrQ5EFGvbBRLb,SKIN_MOISTURIZER,2018-08-16,1534431600
3699,R_1mxX9jjBSLwxiDU,PHYSICAL_TV_SERIES,2018-08-16,1534431600
3700,R_1n8h8059UUul8Dr,INTEGRATED_STEREO_SYSTEM,2018-08-16,1534431600
3701,R_1oFSDeGAQcUN2v8,BATTERY,2018-08-16,1534431600
3702,R_1psTlOFeWx4gWdX,TOYS_AND_GAMES,2018-08-16,1534431600
3703,R_1psTlOFeWx4gWdX,PAPER_TOWEL,2018-08-16,1534431600
3704,R_1psTlOFeWx4gWdX,POTABLE_WATER_FILTER,2018-08-16,1534431600
3705,R_1rNf6ssFroMth4I,COMPUTER_ADD_ON,2018-08-16,1534431600
3706,R_1rNf6ssFroMth4I,NASAL_ASPIRATOR,2018-08-16,1534431600
3707,R_20Yd9DvrGselmZY,HEALTH_PERSONAL_CARE,2018-08-16,1534431600
3708,R_20Yd9DvrGselmZY,COFFEE,2018-08-16,1534431600
3709,R_20Z3XrmdVrFDp3r,PET_FOOD,2018-08-16,1534431600
3710,R_22nS4Bu8Q3B84gf,SEWING_PATTERN,2018-08-16,1534431600
3711,R_22nS4Bu8Q3B84gf,MEDICATION,2018-08-16,1534431600
3712,R_24MKoSmvuiLEI76,HERB,2018-08-16,1534431600
3713,R_24ovSGBcJmAm7rm,BICYCLE,2018-08-16,1534431600
3714,R_24ovSGBcJmAm7rm,PANTS,2018-08-16,1534431600
3715,R_25Wwg273Uw26jA1,TRASH_COMPACTOR,2018-08-16,1534431600
3716,R_265zDShpZJQSm6H,BEAUTY,2018-08-16,1534431600
3717,R_26nB6rfoaXIEb6Z,GROCERY,2018-08-16,1534431600
3718,R_2ASBFgthVbaGlF3,NUTRITIONAL_SUPPLEMENT,2018-08-16,1534431600
3719,R_2ASBFgthVbaGlF3,MEDICATION,2018-08-16,1534431600
3720,R_2B38co9cwVRvVZA,POTABLE_WATER_FILTER,2018-08-16,1534431600
3721,R_2B38co9cwVRvVZA,BONDING_ADHESIVES,2018-08-16,1534431600
3722,R_2B38co9cwVRvVZA,SHIRT,2018-08-16,1534431600
3723,R_2DSIdH6iUv9yJ8V,ELECTRONIC_ADAPTER,2018-08-16,1534431600
3724,R_2DSIdH6iUv9yJ8V,HOT_TUB,2018-08-16,1534431600
3725,R_2DSIdH6iUv9yJ8V,HVAC_AIR_FILTER,2018-08-16,1534431600
3726,R_2DSIdH6iUv9yJ8V,NUTRITIONAL_SUPPLEMENT,2018-08-16,1534431600
3727,R_2DSIdH6iUv9yJ8V,TEA,2018-08-16,1534431600
3728,R_2DSIdH6iUv9yJ8V,PHYSICAL_MOVIE,2018-08-16,1534431600
3729,R_2DSIdH6iUv9yJ8V,PET_FOOD,2018-08-16,1534431600
3730,R_2DXPyU9bPnWuZPM,CADDY,2018-08-16,1534431600
3731,R_2E9JSBmmNNT5YMi,PHYSICAL_MOVIE,2018-08-16,1534431600
3732,R_2EglJpTWGEiwQYa,CELLULAR_PHONE_CASE,2018-08-16,1534431600
3733,R_2En0sbvQ7s48ufv,FOOD_STORAGE_BAG,2018-08-16,1534431600
3734,R_2En0sbvQ7s48ufv,SHOES,2018-08-16,1534431600
3735,R_2En0sbvQ7s48ufv,PANTS,2018-08-16,1534431600
3736,R_2En0sbvQ7s48ufv,SCIENCE_FUNDAMENTALS_KIT,2018-08-16,1534431600
3737,R_2En0sbvQ7s48ufv,PET_FOOD,2018-08-16,1534431600
3738,R_2QXJIE0UXBTy8wd,MEDICATION,2018-08-16,1534431600
3739,R_2QXJIE0UXBTy8wd,PILLOW,2018-08-16,1534431600
3740,R_2QXJIE0UXBTy8wd,SNACK_FOOD_BAR,2018-08-16,1534431600
3741,R_2RVXjEovu4Y1yen,GIFT_CARD,2018-08-16,1534431600
3742,R_2U0l40aPYAoBJLV,ABIS_BOOK,2018-08-16,1534431600
3743,R_2U0l40aPYAoBJLV,SNACK_FOOD_BAR,2018-08-16,1534431600
3744,R_2UaV2vSZDxrE35n,ARTIFICIAL_PLANT,2018-08-16,1534431600
3745,R_2UaV2vSZDxrE35n,PHYSICAL_MOVIE,2018-08-16,1534431600
3746,R_2UfTIFhpicfXgPX,PET_FOOD,2018-08-16,1534431600
3747,R_2VwjXhJ5OznStEi,PLACEMAT,2018-08-16,1534431600
3748,R_2VyUSFk11bbTVej,SNACK_FOOD_BAR,2018-08-16,1534431600
3749,R_2WumP0iKDvwiM2r,PHYSICAL_MOVIE,2018-08-16,1534431600
3750,R_2WumP0iKDvwiM2r,CAPACITOR,2018-08-16,1534431600
3751,R_2XoI6KbLJRGFz5X,SKIN_TREATMENT_MASK,2018-08-16,1534431600
3752,R_2XoI6KbLJRGFz5X,BEAUTY,2018-08-16,1534431600
3753,R_2YlhHzEptxRGFBL,BRA_UNDERWEAR_SET,2018-08-16,1534431600
3754,R_2YlhHzEptxRGFBL,SKIN_MOISTURIZER,2018-08-16,1534431600
3755,R_2YlhHzEptxRGFBL,BATTERY,2018-08-16,1534431600
3756,R_2YlhHzEptxRGFBL,NASAL_ASPIRATOR,2018-08-16,1534431600
3757,R_2YlhHzEptxRGFBL,SKIN_MOISTURIZER,2018-08-16,1534431600
3758,R_2ZHo9wnvuEIY0DH,CELLULAR_PHONE_CASE,2018-08-16,1534431600
3759,R_2ZNPweVWnwFNjiC,TOWEL,2018-08-16,1534431600
3760,R_2ZTFfLAcuwm22Yh,INCONTINENCE_PROTECTOR,2018-08-16,1534431600
3761,R_2ZTFfLAcuwm22Yh,HARDWARE_HINGE,2018-08-16,1534431600
3762,R_2bTLZFP7p4CPlTT,TOYS_AND_GAMES,2018-08-16,1534431600
3763,R_2cBADxleVyzT89z,PANTS,2018-08-16,1534431600
3764,R_2cBADxleVyzT89z,HEADPHONES,2018-08-16,1534431600
3765,R_2cBADxleVyzT89z,HEALTH_PERSONAL_CARE,2018-08-16,1534431600
3766,R_2cBADxleVyzT89z,CELLULAR_PHONE_CASE,2018-08-16,1534431600
3767,R_2cBADxleVyzT89z,TECHNICAL_SPORT_SHOE,2018-08-16,1534431600
3768,R_2dyITPHbbfmCXJn,VEHICLE_INTERIOR_SHADE,2018-08-16,1534431600
3769,R_2f7MFUqYnEv92pF,POT_HOLDER,2018-08-16,1534431600
3770,R_2mAJniG0xVBIInL,MEDICATION,2018-08-16,1534431600
3771,R_2qD8ep8d313iLj4,SLIPPER,2018-08-16,1534431600
3772,R_2qD8ep8d313iLj4,BATTERY,2018-08-16,1534431600
3773,R_2rOPRiLTdvFrJFq,SHIRT,2018-08-16,1534431600
3774,R_2rOPRiLTdvFrJFq,ABIS_BOOK,2018-08-16,1534431600
3775,R_2uQjJxSekSWj3qM,ABIS_BOOK,2018-08-16,1534431600
3776,R_2uZDxTZAORBIW1o,BLAZER,2018-08-16,1534431600
3777,R_2woyYEH5qlAG264,SKIRT,2018-08-16,1534431600
3778,R_2xLvxRKX2448l9k,AMAZON_BOOK_READER_ACCESSORY,2018-08-16,1534431600
3779,R_2xLvxRKX2448l9k,HEALTH_PERSONAL_CARE,2018-08-16,1534431600
3780,R_31SNC0DcyjBDcq3,GROCERY,2018-08-16,1534431600
3781,R_31SNC0DcyjBDcq3,PET_SUPPLIES,2018-08-16,1534431600
3782,R_32Mm71oAJq2K9XK,PRESSER_FOOT,2018-08-16,1534431600
3783,R_32Mm71oAJq2K9XK,HOME,2018-08-16,1534431600
3784,R_32Mm71oAJq2K9XK,HUMIDITY_METER,2018-08-16,1534431600
3785,R_32Mm71oAJq2K9XK,SKIN_FOUNDATION_CONCEALER,2018-08-16,1534431600
3786,R_32Mm71oAJq2K9XK,ART_SUPPLIES,2018-08-16,1534431600
3787,R_39HhVszlqdawZPP,ANIMAL_NUTRITIONAL_SUPPLEMENT,2018-08-16,1534431600
3788,R_39HhVszlqdawZPP,ELECTRONIC_CABLE,2018-08-16,1534431600
3789,R_3HUOVBSzChkQaNg,FOOD_MASHER,2018-08-16,1534431600
3790,R_3HvPXLfubbb9a6G,WASTE_BAG,2018-08-16,1534431600
3791,R_3HvPXLfubbb9a6G,VEHICLE_SAFETY_CAMERA,2018-08-16,1534431600
3792,R_3IQQB0Dtvv9riqZ,HEALTH_PERSONAL_CARE,2018-08-16,1534431600
3793,R_3JK3aP5uRxffXiy,SKIN_MOISTURIZER,2018-08-16,1534431600
3794,R_3JK3aP5uRxffXiy,PUZZLES,2018-08-16,1534431600
3795,R_3Jl5q6tZJctgL8B,INCENSE,2018-08-16,1534431600
3796,R_3Jl5q6tZJctgL8B,SNACK_FOOD_BAR,2018-08-16,1534431600
3797,R_3Jl5q6tZJctgL8B,VITAMIN,2018-08-16,1534431600
3798,R_3Jl5q6tZJctgL8B,SKIN_CLEANING_AGENT,2018-08-16,1534431600
3799,R_3Jl5q6tZJctgL8B,GROCERY,2018-08-16,1534431600
3800,R_3Jl5q6tZJctgL8B,IMMERSION_HEATER,2018-08-16,1534431600
3801,R_3Jl5q6tZJctgL8B,ELECTRONIC_CABLE,2018-08-16,1534431600
3802,R_3Jl5q6tZJctgL8B,ABIS_BOOK,2018-08-16,1534431600
3803,R_3Jl5q6tZJctgL8B,ELECTRONIC_CABLE,2018-08-16,1534431600
3804,R_3Jl5q6tZJctgL8B,LAUNDRY_DETERGENT,2018-08-16,1534431600
3805,R_3Jl5q6tZJctgL8B,ELECTRONIC_CABLE,2018-08-16,1534431600
3806,R_3L8dgu12mdk2UVH,NUTRITIONAL_SUPPLEMENT,2018-08-16,1534431600
3807,R_3Mc9nZhk6fg7b8z,VITAMIN,2018-08-16,1534431600
3808,R_3Mc9nZhk6fg7b8z,MEDICATION,2018-08-16,1534431600
3809,R_3PjlivvZHpECDkS,KEYBOARD_INSTRUMENTS,2018-08-16,1534431600
3810,R_3PjlivvZHpECDkS,PET_FOOD,2018-08-16,1534431600
3811,R_3PjlivvZHpECDkS,CAKE,2018-08-16,1534431600
3812,R_3fB1NIeE1OGUd72,BAR_CODE_READER,2018-08-16,1534431600
3813,R_3fB1NIeE1OGUd72,PAPER_TOWEL,2018-08-16,1534431600
3814,R_3ixUxNOUiEYD7KJ,ABIS_MUSIC,2018-08-16,1534431600
3815,R_3ixUxNOUiEYD7KJ,NUTRITIONAL_SUPPLEMENT,2018-08-16,1534431600
3816,R_3n5UcqVpRJZsXYi,ABIS_BOOK,2018-08-16,1534431600
3817,R_3n5UcqVpRJZsXYi,DART_FLIGHT,2018-08-16,1534431600
3818,R_3nH1Odp9Yjm86gN,CELLULAR_PHONE_CASE,2018-08-16,1534431600
3819,R_3nN7gDrlTTNu9A9,PHYSICAL_MOVIE,2018-08-16,1534431600
3820,R_3oO3DoeTgXHrEzx,AROMA_DIFFUSER,2018-08-16,1534431600
3821,R_3oO3DoeTgXHrEzx,ANTENNA,2018-08-16,1534431600
3822,R_3oO3DoeTgXHrEzx,HAIR_CLEANER_CONDITIONER,2018-08-16,1534431600
3823,R_3oO3DoeTgXHrEzx,MEDICAL_TEST_STRIP,2018-08-16,1534431600
3824,R_3qTFp0FJqUeMhVZ,ORTHOPEDIC_BRACE,2018-08-16,1534431600
3825,R_3qrqbddZ7eR9KW8,FIRST_AID_KIT,2018-08-16,1534431600
3826,R_3s02y9lg8GCo9q0,SKIN_CLEANING_AGENT,2018-08-16,1534431600
3827,R_3s02y9lg8GCo9q0,ABIS_BOOK,2018-08-16,1534431600
3828,R_3s02y9lg8GCo9q0,BODY_LUBRICANT,2018-08-16,1534431600
3829,R_4HmF6WnGLnnWuLD,PET_BED_MAT,2018-08-16,1534431600
3830,R_4HmF6WnGLnnWuLD,JAR,2018-08-16,1534431600
3831,R_4HmF6WnGLnnWuLD,AUDIO_OR_VIDEO,2018-08-16,1534431600
3832,R_85OdkeCoFP5daLL,LITTER_BOX,2018-08-16,1534431600
3833,R_85OdkeCoFP5daLL,BASKET,2018-08-16,1534431600
3834,R_85OdkeCoFP5daLL,CABINET,2018-08-16,1534431600
3835,R_85OdkeCoFP5daLL,ABIS_BOOK,2018-08-16,1534431600
3836,R_85OdkeCoFP5daLL,BATTERY,2018-08-16,1534431600
3837,R_85OdkeCoFP5daLL,TURNTABLE,2018-08-16,1534431600
3838,R_85OdkeCoFP5daLL,BEAUTY,2018-08-16,1534431600
3839,R_85OdkeCoFP5daLL,ABIS_BOOK,2018-08-16,1534431600
3840,R_85OdkeCoFP5daLL,EYELID_COLOR,2018-08-16,1534431600
3841,R_85OdkeCoFP5daLL,TURNTABLE,2018-08-16,1534431600
3842,R_85OdkeCoFP5daLL,SIGNAGE,2018-08-16,1534431600
3843,R_85OdkeCoFP5daLL,SHIRT,2018-08-16,1534431600
3844,R_85OdkeCoFP5daLL,CABINET,2018-08-16,1534431600
3845,R_85OdkeCoFP5daLL,NUTRITIONAL_SUPPLEMENT,2018-08-16,1534431600
3846,R_85OdkeCoFP5daLL,CADDY,2018-08-16,1534431600
3847,R_85OdkeCoFP5daLL,PET_FOOD,2018-08-16,1534431600
3848,R_85OdkeCoFP5daLL,SCREEN_PROTECTOR,2018-08-16,1534431600
3849,R_8CXcySQawXPuJwJ,PRETZEL,2018-08-16,1534431600
3850,R_8CXcySQawXPuJwJ,SKIN_CARE_AGENT,2018-08-16,1534431600
3851,R_8CXcySQawXPuJwJ,MEDICATION,2018-08-16,1534431600
3852,R_8CXcySQawXPuJwJ,PRETZEL,2018-08-16,1534431600
3853,R_8CXcySQawXPuJwJ,SOUND_CARD,2018-08-16,1534431600
3854,R_8CXcySQawXPuJwJ,PET_FOOD,2018-08-16,1534431600
3855,R_8CXcySQawXPuJwJ,INCONTINENCE_PROTECTOR,2018-08-16,1534431600
3856,R_8CXcySQawXPuJwJ,PRINTER,2018-08-16,1534431600
3857,R_8vnpSkm79W7Jsv7,KITCHEN_TOOLS,2018-08-16,1534431600
3858,R_9L8Lum5AaHh6bq9,COFFEE,2018-08-16,1534431600
3859,R_9L8Lum5AaHh6bq9,SKIN_TREATMENT_MASK,2018-08-16,1534431600
3860,R_9L8Lum5AaHh6bq9,HEADPHONES,2018-08-16,1534431600
3861,R_C3LfLBkg9TFvQnD,CELLULAR_PHONE_CASE,2018-08-16,1534431600
3862,R_C3LfLBkg9TFvQnD,HAIR_STYLING_AGENT,2018-08-16,1534431600
3863,R_C3LfLBkg9TFvQnD,INKJET_PRINTER_INK,2018-08-16,1534431600
3864,R_DM3u1ro7eb4ws93,NUTRITIONAL_SUPPLEMENT,2018-08-16,1534431600
3865,R_DM3u1ro7eb4ws93,POTABLE_WATER_FILTER,2018-08-16,1534431600
3866,R_DM3u1ro7eb4ws93,SKIN_CLEANING_AGENT,2018-08-16,1534431600
3867,R_DM3u1ro7eb4ws93,TEAPOT,2018-08-16,1534431600
3868,R_Odixb15Ykmxb0Dn,PANTS,2018-08-16,1534431600
3869,R_Odixb15Ykmxb0Dn,GROCERY,2018-08-16,1534431600
3870,R_Odixb15Ykmxb0Dn,OFFICE_PRODUCTS,2018-08-16,1534431600
3871,R_PwlnzzccUMXV0n7,HOSE_PIPE_FITTING,2018-08-16,1534431600
3872,R_PwlnzzccUMXV0n7,SURFACE_CLEANING_WIPE,2018-08-16,1534431600
3873,R_PwlnzzccUMXV0n7,BODY_CARE_PRODUCT,2018-08-16,1534431600
3874,R_PwlnzzccUMXV0n7,SKIN_MOISTURIZER,2018-08-16,1534431600
3875,R_PwlnzzccUMXV0n7,HEADPHONES,2018-08-16,1534431600
3876,R_Q6WPHvxgbOBjvZ7,HEALTH_PERSONAL_CARE,2018-08-16,1534431600
3877,R_VKZzr77ll29A1iN,COSMETIC_BRUSH,2018-08-16,1534431600
3878,R_Z4qMkqhWSmIbdSh,CELLULAR_PHONE_CASE,2018-08-16,1534431600
3879,R_ZkokwdIEZybYo9z,VACUUM_FILTER,2018-08-16,1534431600
3880,R_ZkokwdIEZybYo9z,PALETTE_PUTTY_KNIFE,2018-08-16,1534431600
3881,R_ZkokwdIEZybYo9z,CONDITIONER,2018-08-16,1534431600
3882,R_ZkokwdIEZybYo9z,GROCERY,2018-08-16,1534431600
3883,R_ZkokwdIEZybYo9z,LIGHT_BOX,2018-08-16,1534431600
3884,R_b3dSUlk76L0C6TD,SHIRT,2018-08-16,1534431600
3885,R_bKJcIltPwncL9uN,SKIN_MOISTURIZER,2018-08-16,1534431600
3886,R_bKJcIltPwncL9uN,PORTABLE_ELECTRONIC_DEVICE_STAND,2018-08-16,1534431600
3887,R_bKJcIltPwncL9uN,MEDICATION,2018-08-16,1534431600
3888,R_bKJcIltPwncL9uN,TOYS_AND_GAMES,2018-08-16,1534431600
3889,R_bKJcIltPwncL9uN,PICTURE_FRAME,2018-08-16,1534431600
3890,R_bKJcIltPwncL9uN,DAIRY_BASED_CHEESE,2018-08-16,1534431600
3891,R_bKJcIltPwncL9uN,SAUCE,2018-08-16,1534431600
3892,R_bKJcIltPwncL9uN,PHYSICAL_MOVIE,2018-08-16,1534431600
3893,R_bKJcIltPwncL9uN,MEDICATION,2018-08-16,1534431600
3894,R_bKJcIltPwncL9uN,SKIN_MOISTURIZER,2018-08-16,1534431600
3895,R_bKJcIltPwncL9uN,HEADPHONES,2018-08-16,1534431600
3896,R_bKJcIltPwncL9uN,DAIRY_BASED_CHEESE,2018-08-16,1534431600
3897,R_bKJcIltPwncL9uN,SURVEILANCE_SYSTEMS,2018-08-16,1534431600
3898,R_bKJcIltPwncL9uN,AREA_DEODORIZER,2018-08-16,1534431600
3899,R_bKJcIltPwncL9uN,INSTRUMENT_PARTS_AND_ACCESSORIES,2018-08-16,1534431600
3900,R_bKJcIltPwncL9uN,SNACK_FOOD_BAR,2018-08-16,1534431600
3901,R_bKJcIltPwncL9uN,SHELF,2018-08-16,1534431600
3902,R_bkquoGQp5VhpihP,MULTITOOL,2018-08-16,1534431600
3903,R_bw2nQ0iRh2wCa8p,ICE_CHEST,2018-08-16,1534431600
3904,R_czHyAR1xMvT2FbP,TOYS_AND_GAMES,2018-08-16,1534431600
3905,R_d5O7dqvA1EWCrPb,HIP_FLASK,2018-08-16,1534431600
3906,R_e8KTElZZLWryLWp,MASSAGER,2018-08-16,1534431600
3907,R_puS9dcuNnDHSZ8Z,TOY_FIGURE,2018-08-16,1534431600
3908,R_puS9dcuNnDHSZ8Z,RUG,2018-08-16,1534431600
3909,R_puS9dcuNnDHSZ8Z,OUTDOOR_LIVING,2018-08-16,1534431600
3910,R_sGohXmtT8TjLibT,SKIN_CLEANING_AGENT,2018-08-16,1534431600
3911,R_sjbgjhzDO2r1Wlr,SHIRT,2018-08-16,1534431600
3912,R_snaR9M3EsTpcPi9,TARP,2018-08-16,1534431600
3913,R_tDI0MmPcVp5b2Xn,SHOWERHEAD,2018-08-16,1534431600
3914,R_tDI0MmPcVp5b2Xn,FRUIT,2018-08-16,1534431600
3915,R_tDI0MmPcVp5b2Xn,ELECTRONIC_DEVICE_DOCKING_STATION,2018-08-16,1534431600
3916,R_uqbcSq7y153jKmZ,PET_FOOD,2018-08-16,1534431600
3917,R_uqbcSq7y153jKmZ,SNACK_FOOD_BAR,2018-08-16,1534431600
3918,R_0f8u2tSB99LkgCt,GROCERY,2018-08-17,1534518000
3919,R_0pRmRjHkwStzNQJ,VITAMIN,2018-08-17,1534518000
3920,R_0pRmRjHkwStzNQJ,EYEGLASS_CASE,2018-08-17,1534518000
3921,R_1C8w4NDDQC5fcgE,PANTS,2018-08-17,1534518000
3922,R_1C8w4NDDQC5fcgE,HEADPHONES,2018-08-17,1534518000
3923,R_1C8w4NDDQC5fcgE,PERSONAL_FRAGRANCE,2018-08-17,1534518000
3924,R_1C8w4NDDQC5fcgE,HONEY,2018-08-17,1534518000
3925,R_1C8w4NDDQC5fcgE,CULINARY_MUSHROOM,2018-08-17,1534518000
3926,R_1C9YUFD8GunlGej,SKIN_CLEANING_AGENT,2018-08-17,1534518000
3927,R_1Cd5zmz07X5BqKa,TOWEL,2018-08-17,1534518000
3928,R_1CrP2yfBldcblJm,LADDER,2018-08-17,1534518000
3929,R_1DOwHkGiX8DX7mF,SKIN_EXFOLIANT,2018-08-17,1534518000
3930,R_1KloshKwV8MUAx4,SHIRT,2018-08-17,1534518000
3931,R_1NDq0rxoUSu6oyz,HEALTH_PERSONAL_CARE,2018-08-17,1534518000
3932,R_1NDq0rxoUSu6oyz,MATERIAL_HANDLING,2018-08-17,1534518000
3933,R_1QG7SsKpYQgSIAF,CELLULAR_PHONE_CASE,2018-08-17,1534518000
3934,R_1gG5xibh48txT6f,MARKING_PEN,2018-08-17,1534518000
3935,R_1gwL8QZGzhV0g3G,SKIN_MOISTURIZER,2018-08-17,1534518000
3936,R_1gwL8QZGzhV0g3G,NUTRITIONAL_SUPPLEMENT,2018-08-17,1534518000
3937,R_1hMV4AHCk04WO5V,TOYS_AND_GAMES,2018-08-17,1534518000
3938,R_1hMV4AHCk04WO5V,TOILET_PAPER,2018-08-17,1534518000
3939,R_1hMV4AHCk04WO5V,ABIS_VIDEO,2018-08-17,1534518000
3940,R_1hMV4AHCk04WO5V,TOILET_PAPER,2018-08-17,1534518000
3941,R_1hMV4AHCk04WO5V,HEALTH_PERSONAL_CARE,2018-08-17,1534518000
3942,R_1hMV4AHCk04WO5V,SKIN_MOISTURIZER,2018-08-17,1534518000
3943,R_1hMV4AHCk04WO5V,ELECTRIC_SHAVER,2018-08-17,1534518000
3944,R_1hMV4AHCk04WO5V,NUT_AND_SEED,2018-08-17,1534518000
3945,R_1hMV4AHCk04WO5V,SNACK_FOOD_BAR,2018-08-17,1534518000
3946,R_1hMV4AHCk04WO5V,BATTERY,2018-08-17,1534518000
3947,R_1jdLI5cWhAhAzSB,PET_FOOD,2018-08-17,1534518000
3948,R_1jdLI5cWhAhAzSB,VITAMIN,2018-08-17,1534518000
3949,R_1l4zCtGUTvAWdS6,PANTS,2018-08-17,1534518000
3950,R_1l4zCtGUTvAWdS6,BICYCLE,2018-08-17,1534518000
3951,R_1ps5hYxMGQuqcuP,HEALTH_PERSONAL_CARE,2018-08-17,1534518000
3952,R_1ps5hYxMGQuqcuP,CONDIMENT,2018-08-17,1534518000
3953,R_1ps5hYxMGQuqcuP,ELECTRONIC_CABLE,2018-08-17,1534518000
3954,R_20O6baqxT4T2CbA,HERBAL_SUPPLEMENT,2018-08-17,1534518000
3955,R_20Yd9DvrGselmZY,NUTRITIONAL_SUPPLEMENT,2018-08-17,1534518000
3956,R_20Yd9DvrGselmZY,CELLULAR_PHONE_CASE,2018-08-17,1534518000
3957,R_21uibgT9dgqRD9J,SNACK_FOOD_BAR,2018-08-17,1534518000
3958,R_21uibgT9dgqRD9J,BEVERAGE_INSULATOR,2018-08-17,1534518000
3959,R_22XOWVbIo1lxpmy,CELLULAR_PHONE_CASE,2018-08-17,1534518000
3960,R_22XOWVbIo1lxpmy,PHYSICAL_MOVIE,2018-08-17,1534518000
3961,R_22XOWVbIo1lxpmy,PHYSICAL_VIDEO_GAME_SOFTWARE,2018-08-17,1534518000
3962,R_22XOWVbIo1lxpmy,HEADPHONE_EARPAD,2018-08-17,1534518000
3963,R_22XOWVbIo1lxpmy,PEST_CONTROL_DEVICE,2018-08-17,1534518000
3964,R_23eD9Db68xpXl0d,ELECTRONIC_DEVICE_FACEPLATE,2018-08-17,1534518000
3965,R_24csoaO569P4Yzz,SHOES,2018-08-17,1534518000
3966,R_24csoaO569P4Yzz,VEHICLE_BRAKE_PAD,2018-08-17,1534518000
3967,R_24csoaO569P4Yzz,CELLULAR_PHONE_CASE,2018-08-17,1534518000
3968,R_24csoaO569P4Yzz,PADDLEBOARD,2018-08-17,1534518000
3969,R_24csoaO569P4Yzz,GROCERY,2018-08-17,1534518000
3970,R_24csoaO569P4Yzz,BATTERY,2018-08-17,1534518000
3971,R_24csoaO569P4Yzz,PILLOW,2018-08-17,1534518000
3972,R_24csoaO569P4Yzz,PORTABLE_ELECTRONIC_DEVICE_MOUNT,2018-08-17,1534518000
3973,R_25SbPPTyE45YzXP,PET_FOOD,2018-08-17,1534518000
3974,R_25Wwg273Uw26jA1,LAUNDRY_DETERGENT,2018-08-17,1534518000
3975,R_25Wwg273Uw26jA1,PANTS,2018-08-17,1534518000
3976,R_27DL80quzRiSEmq,SHOES,2018-08-17,1534518000
3977,R_29tYnNf049lSPEe,HEADPHONES,2018-08-17,1534518000
3978,R_29tYnNf049lSPEe,LEGUME,2018-08-17,1534518000
3979,R_29uBVByYo0xAXiZ,STRINGED_INSTRUMENTS,2018-08-17,1534518000
3980,R_2EglJpTWGEiwQYa,HEALTH_PERSONAL_CARE,2018-08-17,1534518000
3981,R_2EglJpTWGEiwQYa,MAILBOX,2018-08-17,1534518000
3982,R_2EglJpTWGEiwQYa,HEALTH_PERSONAL_CARE,2018-08-17,1534518000
3983,R_2EglJpTWGEiwQYa,INCONTINENCE_PROTECTOR,2018-08-17,1534518000
3984,R_2EglJpTWGEiwQYa,TOYS_AND_GAMES,2018-08-17,1534518000
3985,R_2EglJpTWGEiwQYa,MEDICATION,2018-08-17,1534518000
3986,R_2Qu0fgUOnDpaKDH,CURTAIN,2018-08-17,1534518000
3987,R_2TnuiSdfJ77v7e9,BREAKFAST_CEREAL,2018-08-17,1534518000
3988,R_2UgruQ1jzpNXLQZ,SNACK_FOOD_BAR,2018-08-17,1534518000
3989,R_2Xj7LtCe2Mt8jNi,DIE_CUT_MACHINE,2018-08-17,1534518000
3990,R_2XoI6KbLJRGFz5X,SUNGLASSES,2018-08-17,1534518000
3991,R_2XoI6KbLJRGFz5X,PET_FOOD,2018-08-17,1534518000
3992,R_2XoI6KbLJRGFz5X,CELLULAR_PHONE_CASE,2018-08-17,1534518000
3993,R_2ZZSS68rfn9BMtt,SNACK_FOOD_BAR,2018-08-17,1534518000
3994,R_2dFHfsIqQ6eEtVW,HEADPHONES,2018-08-17,1534518000
3995,R_2dFHfsIqQ6eEtVW,SHOES,2018-08-17,1534518000
3996,R_2dX8oLhgW3U0Q0m,BATTERY,2018-08-17,1534518000
3997,R_2dX8oLhgW3U0Q0m,SOCKS,2018-08-17,1534518000
3998,R_2dX8oLhgW3U0Q0m,TOOLS,2018-08-17,1534518000
3999,R_2dz3LTOMlLK2R8T,FOOTREST,2018-08-17,1534518000
4000,R_2e3bppvzM7Ynmch,AMAZON_BOOK_READER,2018-08-17,1534518000
4001,R_2f7MFUqYnEv92pF,FLASHLIGHT,2018-08-17,1534518000
4002,R_2fQoqPD5ygeWViN,ABIS_BOOK,2018-08-17,1534518000
4003,R_2fQoqPD5ygeWViN,SCREEN_PROTECTOR,2018-08-17,1534518000
4004,R_2fQoqPD5ygeWViN,RICE_COOKERS,2018-08-17,1534518000
4005,R_2rIQ3xPfAH7KF8A,ABRASIVES,2018-08-17,1534518000
4006,R_2s5YO3cdqKDFyIM,HERB,2018-08-17,1534518000
4007,R_2sbCr0DY5BIHWiF,SHIRT,2018-08-17,1534518000
4008,R_2taM3mpNPF0o1yf,SHIRT,2018-08-17,1534518000
4009,R_2taM3mpNPF0o1yf,PANTS,2018-08-17,1534518000
4010,R_2tfEDXuyNRcQoWs,HEALTH_PERSONAL_CARE,2018-08-17,1534518000
4011,R_2tfEDXuyNRcQoWs,NUTRITIONAL_SUPPLEMENT,2018-08-17,1534518000
4012,R_2tfHzrdo6EEaiWi,SURVEILLANCE_RECORDER_SYSTEM,2018-08-17,1534518000
4013,R_2tfHzrdo6EEaiWi,PET_FOOD,2018-08-17,1534518000
4014,R_2tfHzrdo6EEaiWi,HAIR_TRIMMER,2018-08-17,1534518000
4015,R_2tfh4rvpUWWJndF,ELECTRONIC_CABLE,2018-08-17,1534518000
4016,R_2tfh4rvpUWWJndF,SHOES,2018-08-17,1534518000
4017,R_2tfh4rvpUWWJndF,HOME,2018-08-17,1534518000
4018,R_2tfh4rvpUWWJndF,SCREEN_PROTECTOR,2018-08-17,1534518000
4019,R_2tfh4rvpUWWJndF,HOME_LIGHTING_ACCESSORY,2018-08-17,1534518000
4020,R_2tfh4rvpUWWJndF,BAKING_MIX,2018-08-17,1534518000
4021,R_2uPcQuKixR5S2ZO,MISC_OTHER,2018-08-17,1534518000
4022,R_2uTysluImvxkQBY,SPEAKERS,2018-08-17,1534518000
4023,R_2wsihriTqG6n6Sj,ASHTRAY,2018-08-17,1534518000
4024,R_2wsihriTqG6n6Sj,MANUAL_FOOD_MILL_GRINDER,2018-08-17,1534518000
4025,R_2wsihriTqG6n6Sj,WEARABLE_COMPUTER,2018-08-17,1534518000
4026,R_2xLvxRKX2448l9k,CABLE_TIE,2018-08-17,1534518000
4027,R_2xLvxRKX2448l9k,AMAZON_BOOK_READER_ACCESSORY,2018-08-17,1534518000
4028,R_2zGy2Qj3ENruAYs,ABIS_BOOK,2018-08-17,1534518000
4029,R_31XTJUT1qHoBGRZ,VITAMIN,2018-08-17,1534518000
4030,R_31XTJUT1qHoBGRZ,SKIN_MOISTURIZER,2018-08-17,1534518000
4031,R_31XTJUT1qHoBGRZ,PET_FOOD,2018-08-17,1534518000
4032,R_31ixLIfyf3xt0RM,GUN_SUPPORT,2018-08-17,1534518000
4033,R_31ixLIfyf3xt0RM,ABIS_BOOK,2018-08-17,1534518000
4034,R_32MgYCncUh7NkQE,SKIN_MOISTURIZER,2018-08-17,1534518000
4035,R_32MgYCncUh7NkQE,PANTS,2018-08-17,1534518000
4036,R_32Mm71oAJq2K9XK,COUNTERTOP_FOOD_STEAMER,2018-08-17,1534518000
4037,R_3D7xJuXSy25PXbg,MEDICATION,2018-08-17,1534518000
4038,R_3HigTq4itishziE,DAIRY_BASED_CHEESE,2018-08-17,1534518000
4039,R_3HigTq4itishziE,SCREEN_PROTECTOR,2018-08-17,1534518000
4040,R_3HigTq4itishziE,LAMPSHADE,2018-08-17,1534518000
4041,R_3HigTq4itishziE,CULINARY_MUSHROOM,2018-08-17,1534518000
4042,R_3Hphzg7zu04Hgy1,INSECT_REPELLENT,2018-08-17,1534518000
4043,R_3Hphzg7zu04Hgy1,PET_FOOD,2018-08-17,1534518000
4044,R_3Hphzg7zu04Hgy1,ART_CRAFT_KIT,2018-08-17,1534518000
4045,R_3Hphzg7zu04Hgy1,HOOKAH,2018-08-17,1534518000
4046,R_3Hphzg7zu04Hgy1,RUG,2018-08-17,1534518000
4047,R_3Hphzg7zu04Hgy1,SMALL_HOME_APPLIANCES,2018-08-17,1534518000
4048,R_3Hphzg7zu04Hgy1,GASKETS,2018-08-17,1534518000
4049,R_3HzRfw5sNEvrFRf,CELLULAR_PHONE_CASE,2018-08-17,1534518000
4050,R_3JnjKsPAuFGDhrx,PHYSICAL_VIDEO_GAME_SOFTWARE,2018-08-17,1534518000
4051,R_3L51Lbe8dT8TJHD,SNACK_FOOD_BAR,2018-08-17,1534518000
4052,R_3M3RSZ7wNRSaxNx,ELECTRONIC_CABLE,2018-08-17,1534518000
4053,R_3M3RSZ7wNRSaxNx,NUTRITIONAL_SUPPLEMENT,2018-08-17,1534518000
4054,R_3M3RSZ7wNRSaxNx,LUXURY_BEAUTY,2018-08-17,1534518000
4055,R_3M3RSZ7wNRSaxNx,TABLETOP_GAME,2018-08-17,1534518000
4056,R_3M3RSZ7wNRSaxNx,PHYSICAL_MOVIE,2018-08-17,1534518000
4057,R_3M3RSZ7wNRSaxNx,KNIFE,2018-08-17,1534518000
4058,R_3M3RSZ7wNRSaxNx,PLANNER,2018-08-17,1534518000
4059,R_3Mc9nZhk6fg7b8z,GROCERY,2018-08-17,1534518000
4060,R_3MyEdXOZ8P75S1V,PHYSICAL_MOVIE,2018-08-17,1534518000
4061,R_3MyEdXOZ8P75S1V,SHAMPOO,2018-08-17,1534518000
4062,R_3NQyjCbeWDx3POa,PIERCING_JEWELRY,2018-08-17,1534518000
4063,R_3NQyjCbeWDx3POa,GROCERY,2018-08-17,1534518000
4064,R_3NQyjCbeWDx3POa,VITAMIN,2018-08-17,1534518000
4065,R_3P4QthjwwxEaV1m,SPORTING_GOODS,2018-08-17,1534518000
4066,R_3R3FfvTaRKxigNl,BATTERY,2018-08-17,1534518000
4067,R_3ebnP0qUIQ7u38i,BATHWATER_ADDITIVE,2018-08-17,1534518000
4068,R_3ebnP0qUIQ7u38i,VIDEO_GAME_CONTROLLER,2018-08-17,1534518000
4069,R_3ebnP0qUIQ7u38i,HEALTH_PERSONAL_CARE,2018-08-17,1534518000
4070,R_3ebnP0qUIQ7u38i,SCREWDRIVER,2018-08-17,1534518000
4071,R_3ennfkrsSdTlmrJ,SKIN_CLEANING_AGENT,2018-08-17,1534518000
4072,R_3enuyEOsaEVxTNX,NETTING_COVER,2018-08-17,1534518000
4073,R_3gTrwWhEzAv6gzH,PROTEIN_SUPPLEMENT_POWDER,2018-08-17,1534518000
4074,R_3iydBpfsKD9jRTq,GROCERY,2018-08-17,1534518000
4075,R_3jSAmu0UzDwnhQD,SANDAL,2018-08-17,1534518000
4076,R_3jSAmu0UzDwnhQD,BATTERY,2018-08-17,1534518000
4077,R_3jSAmu0UzDwnhQD,SHOES,2018-08-17,1534518000
4078,R_3jSvX9tw2goV083,SCREEN_PROTECTOR,2018-08-17,1534518000
4079,R_3r26NAbVnDpIxzF,WRITING_INSTRUMENT,2018-08-17,1534518000
4080,R_3rYUVmCplPiAoJh,TOY_FIGURE,2018-08-17,1534518000
4081,R_6Jw0sPgGkHLnKkp,BABY_JUMPER_WALKER,2018-08-17,1534518000
4082,R_6Jw0sPgGkHLnKkp,SMOKING_PIPE,2018-08-17,1534518000
4083,R_6Jw0sPgGkHLnKkp,SHIRT,2018-08-17,1534518000
4084,R_6Jw0sPgGkHLnKkp,SKIN_CLEANING_AGENT,2018-08-17,1534518000
4085,R_6yXSEznYlOrZwSB,CELLULAR_PHONE_CASE,2018-08-17,1534518000
4086,R_8vnpSkm79W7Jsv7,PANTS,2018-08-17,1534518000
4087,R_A1CRADYHwN0zQL7,VITAMIN,2018-08-17,1534518000
4088,R_A1CRADYHwN0zQL7,HEALTH_PERSONAL_CARE,2018-08-17,1534518000
4089,R_AKBlDprDMrv4M7v,SNACK_FOOD_BAR,2018-08-17,1534518000
4090,R_AKBlDprDMrv4M7v,SHOES,2018-08-17,1534518000
4091,R_ApVmIUhdKhewFtn,WRITING_INSTRUMENT,2018-08-17,1534518000
4092,R_C3LfLBkg9TFvQnD,CONDITIONER,2018-08-17,1534518000
4093,R_C3LfLBkg9TFvQnD,SCREEN_PROTECTOR,2018-08-17,1534518000
4094,R_SE2qI33L0z1rw2J,POOL_VACUUM,2018-08-17,1534518000
4095,R_UlOQHrMf1EiWKQx,DRILL_BITS,2018-08-17,1534518000
4096,R_UlOQHrMf1EiWKQx,HEADPHONES,2018-08-17,1534518000
4097,R_UlOQHrMf1EiWKQx,BOTTLE,2018-08-17,1534518000
4098,R_UlOQHrMf1EiWKQx,PHYSICAL_MOVIE,2018-08-17,1534518000
4099,R_VKZzr77ll29A1iN,SHIRT,2018-08-17,1534518000
4100,R_W80kzJbCa8CD9UB,NETWORK_INTERFACE_CONTROLLER_ADAPTER,2018-08-17,1534518000
4101,R_W80kzJbCa8CD9UB,SHOES,2018-08-17,1534518000
4102,R_WerZwuLkMK4zfVf,MEDICATION,2018-08-17,1534518000
4103,R_Z4qMkqhWSmIbdSh,SNACK_FOOD_BAR,2018-08-17,1534518000
4104,R_Z4qMkqhWSmIbdSh,WATER_PURIFICATION_UNIT,2018-08-17,1534518000
4105,R_Z4qMkqhWSmIbdSh,TOYS_AND_GAMES,2018-08-17,1534518000
4106,R_b3NWnTBcFyWqXjH,ABIS_BOOK,2018-08-17,1534518000
4107,R_b3dSUlk76L0C6TD,INKJET_PRINTER_INK,2018-08-17,1534518000
4108,R_bJI8lmXMZWL6oql,PICTURE_FRAME,2018-08-17,1534518000
4109,R_bJI8lmXMZWL6oql,LAMP,2018-08-17,1534518000
4110,R_bkquoGQp5VhpihP,POWERSPORTS_VEHICLE_PART,2018-08-17,1534518000
4111,R_bkquoGQp5VhpihP,SKIN_MOISTURIZER,2018-08-17,1534518000
4112,R_bkquoGQp5VhpihP,POWERSPORTS_VEHICLE_PART,2018-08-17,1534518000
4113,R_bkquoGQp5VhpihP,WEATHER_STRIPPING,2018-08-17,1534518000
4114,R_bkquoGQp5VhpihP,TOYS_AND_GAMES,2018-08-17,1534518000
4115,R_bw2nQ0iRh2wCa8p,ABIS_MUSIC,2018-08-17,1534518000
4116,R_cAcAtozIWnZIbGp,ABIS_BOOK,2018-08-17,1534518000
4117,R_ctNHcxd3vRvndXH,PET_FOOD,2018-08-17,1534518000
4118,R_puS9dcuNnDHSZ8Z,HEALTH_PERSONAL_CARE,2018-08-17,1534518000
4119,R_puS9dcuNnDHSZ8Z,PANTS,2018-08-17,1534518000
4120,R_puS9dcuNnDHSZ8Z,SKIN_MOISTURIZER,2018-08-17,1534518000
4121,R_puS9dcuNnDHSZ8Z,SEWING_MACHINE_NEEDLE,2018-08-17,1534518000
4122,R_sH8W9PyBq2swyLn,TAPE_MEASURE,2018-08-17,1534518000
4123,R_sotmrGe7Rv3U10J,MAJOR_HOME_APPLIANCES,2018-08-17,1534518000
4124,R_tJNLenUlMH5f4el,NUTRITIONAL_SUPPLEMENT,2018-08-17,1534518000
4125,R_uqbcSq7y153jKmZ,FOOD_SLICER,2018-08-17,1534518000
4126,R_uqbcSq7y153jKmZ,GARDEN_EDGING,2018-08-17,1534518000
4127,R_uqbcSq7y153jKmZ,CAMERA_LENS_FILTERS,2018-08-17,1534518000
4128,R_w5bE96azoKnM6Ih,FLAVORED_DRINK_CONCENTRATE,2018-08-17,1534518000
4129,R_w5bE96azoKnM6Ih,PROTECTIVE_GLOVE,2018-08-17,1534518000
4130,R_w5bE96azoKnM6Ih,PHYSICAL_MOVIE,2018-08-17,1534518000
4131,R_xc0AiqTlV5cTvZn,MEDICATION,2018-08-17,1534518000
4132,R_xsyCKTazvY4vHbz,BATTERY,2018-08-17,1534518000
4133,R_yJz6aXbKddNbgZz,GROCERY,2018-08-17,1534518000
4134,R_yJz6aXbKddNbgZz,HEADPHONES,2018-08-17,1534518000
4135,R_yJz6aXbKddNbgZz,ELECTRONIC_CABLE,2018-08-17,1534518000
4136,R_yJz6aXbKddNbgZz,HANDRAIL,2018-08-17,1534518000
4137,R_yJz6aXbKddNbgZz,PANTS,2018-08-17,1534518000
4138,R_yJz6aXbKddNbgZz,SKIN_MOISTURIZER,2018-08-17,1534518000
4139,R_z1mFB9Qp9HSTCIV,VIDEO_GAME_ACCESSORIES,2018-08-17,1534518000
4140,R_0InTWTWokrqzy3n,SHOES,2018-08-18,1534604400
4141,R_10CAlrx7dbJty9R,ELECTRONIC_CABLE,2018-08-18,1534604400
4142,R_1C4tcyEfmcsKI9X,TOYS_AND_GAMES,2018-08-18,1534604400
4143,R_1C4tcyEfmcsKI9X,CELLULAR_PHONE_CASE,2018-08-18,1534604400
4144,R_1C4tcyEfmcsKI9X,CELLULAR_PHONE_CASE,2018-08-18,1534604400
4145,R_1IZBlduDFUJEphM,SNACK_FOOD_BAR,2018-08-18,1534604400
4146,R_1LMa9REuvUok05j,SHOES,2018-08-18,1534604400
4147,R_1LRR1P5IQqdSvIP,SHORTS,2018-08-18,1534604400
4148,R_1LRR1P5IQqdSvIP,ERASER,2018-08-18,1534604400
4149,R_1LRR1P5IQqdSvIP,PEN_MARKER_INK_CARTRIDGE_REFILL,2018-08-18,1534604400
4150,R_1LcCULNDVzpY8B5,APPAREL_GLOVES,2018-08-18,1534604400
4151,R_1NCzj2eSHI4QGcd,LIP_BALM,2018-08-18,1534604400
4152,R_1NCzj2eSHI4QGcd,PRELOADED_ELECTRONIC_GAME,2018-08-18,1534604400
4153,R_1PUcgnVG2i0EBz4,SKIN_MOISTURIZER,2018-08-18,1534604400
4154,R_1PUcgnVG2i0EBz4,SNACK_FOOD_BAR,2018-08-18,1534604400
4155,R_1PUcgnVG2i0EBz4,BLANK_STORAGE_MEDIA,2018-08-18,1534604400
4156,R_1PUcgnVG2i0EBz4,HEALTH_PERSONAL_CARE,2018-08-18,1534604400
4157,R_1PUcgnVG2i0EBz4,BOTTLE,2018-08-18,1534604400
4158,R_1PUcgnVG2i0EBz4,MP3_PLAYER,2018-08-18,1534604400
4159,R_1PUcgnVG2i0EBz4,REINFORCED_ART_SURFACE,2018-08-18,1534604400
4160,R_1PUcgnVG2i0EBz4,SHOES,2018-08-18,1534604400
4161,R_1PUcgnVG2i0EBz4,VITAMIN,2018-08-18,1534604400
4162,R_1PUcgnVG2i0EBz4,APPAREL,2018-08-18,1534604400
4163,R_1dlSByn2AyHWx7r,BOTTLE_NIPPLE,2018-08-18,1534604400
4164,R_1l6OglubZSTYfi3,SCREEN_PROTECTOR,2018-08-18,1534604400
4165,R_1l6OglubZSTYfi3,NUTRITIONAL_SUPPLEMENT,2018-08-18,1534604400
4166,R_1l6OglubZSTYfi3,BICYCLE_BRAKE_PAD,2018-08-18,1534604400
4167,R_1l6OglubZSTYfi3,HEADPHONES,2018-08-18,1534604400
4168,R_1mEmb9jWLRYCU4e,BATTERY,2018-08-18,1534604400
4169,R_1r8u9f1vT8Y3HrC,TOWEL,2018-08-18,1534604400
4170,R_1r8u9f1vT8Y3HrC,AMAZON_TABLET,2018-08-18,1534604400
4171,R_1roTOelTygZr5G8,FIGURINE,2018-08-18,1534604400
4172,R_20V73ixsOYXCBbP,SHIRT,2018-08-18,1534604400
4173,R_20V73ixsOYXCBbP,WRITING_INSTRUMENT,2018-08-18,1534604400
4174,R_21ttkGbeIL6HdlR,PRELOADED_ELECTRONIC_GAME,2018-08-18,1534604400
4175,R_22SxELlmhBQCe1C,PERSONAL_FRAGRANCE,2018-08-18,1534604400
4176,R_22XOWVbIo1lxpmy,PET_FOOD,2018-08-18,1534604400
4177,R_23ThXRxY2BTPyy5,ABIS_ELECTRONICS,2018-08-18,1534604400
4178,R_23ThXRxY2BTPyy5,RECIPROCATING_HEDGE_TRIMMER,2018-08-18,1534604400
4179,R_23ThXRxY2BTPyy5,PICTURE_FRAME,2018-08-18,1534604400
4180,R_23ThXRxY2BTPyy5,COSTUME_EYEWEAR,2018-08-18,1534604400
4181,R_23ThXRxY2BTPyy5,WATER_DISPENSER,2018-08-18,1534604400
4182,R_23ThXRxY2BTPyy5,PICTURE_FRAME,2018-08-18,1534604400
4183,R_23ThXRxY2BTPyy5,SOLID_FIRE_FUEL,2018-08-18,1534604400
4184,R_23ThXRxY2BTPyy5,WATER_DISPENSER,2018-08-18,1534604400
4185,R_23ThXRxY2BTPyy5,ABIS_BOOK,2018-08-18,1534604400
4186,R_23eD9Db68xpXl0d,SKIN_CLEANING_AGENT,2018-08-18,1534604400
4187,R_23eD9Db68xpXl0d,PET_SUPPLIES,2018-08-18,1534604400
4188,R_23eD9Db68xpXl0d,ABIS_BOOK,2018-08-18,1534604400
4189,R_23eD9Db68xpXl0d,SKIN_CLEANING_AGENT,2018-08-18,1534604400
4190,R_24csoaO569P4Yzz,ABIS_BOOK,2018-08-18,1534604400
4191,R_24csoaO569P4Yzz,HEALTH_PERSONAL_CARE,2018-08-18,1534604400
4192,R_27DL80quzRiSEmq,ABIS_VIDEO,2018-08-18,1534604400
4193,R_2Byb17bNJrQUQTo,CELLULAR_PHONE_CASE,2018-08-18,1534604400
4194,R_2Byb17bNJrQUQTo,TOYS_AND_GAMES,2018-08-18,1534604400
4195,R_2Byb17bNJrQUQTo,ABIS_BOOK,2018-08-18,1534604400
4196,R_2CpozrevorP48sb,TOY_FIGURE,2018-08-18,1534604400
4197,R_2DV0bsqugjyav1y,SKIN_MOISTURIZER,2018-08-18,1534604400
4198,R_2OOq3ysdOS3TtBd,ANIMAL_COLLAR,2018-08-18,1534604400
4199,R_2OOq3ysdOS3TtBd,PET_SUPPLIES,2018-08-18,1534604400
4200,R_2OOq3ysdOS3TtBd,ROLLING_PIN,2018-08-18,1534604400
4201,R_2RUDh7piHU7frzt,NUTRITIONAL_SUPPLEMENT,2018-08-18,1534604400
4202,R_2RUDh7piHU7frzt,SHOES,2018-08-18,1534604400
4203,R_2RUDh7piHU7frzt,MEDICATION,2018-08-18,1534604400
4204,R_2RUDh7piHU7frzt,HEALTH_PERSONAL_CARE,2018-08-18,1534604400
4205,R_2RVXjEovu4Y1yen,WIRE_STRIPPER,2018-08-18,1534604400
4206,R_2Xj7LtCe2Mt8jNi,PHYSICAL_MOVIE,2018-08-18,1534604400
4207,R_2Xj7LtCe2Mt8jNi,APPAREL_BELT,2018-08-18,1534604400
4208,R_2YCU6JHbCzus4zy,FIREPLACE,2018-08-18,1534604400
4209,R_2YCU6JHbCzus4zy,SKIN_MOISTURIZER,2018-08-18,1534604400
4210,R_2YKPfnktaDrPIYT,HEALTH_PERSONAL_CARE,2018-08-18,1534604400
4211,R_2YKPfnktaDrPIYT,PORTABLE_ELECTRONIC_DEVICE_COVER,2018-08-18,1534604400
4212,R_2YKPfnktaDrPIYT,SKIN_EXFOLIANT,2018-08-18,1534604400
4213,R_2YKPfnktaDrPIYT,PEST_CONTROL_DEVICE,2018-08-18,1534604400
4214,R_2YKPfnktaDrPIYT,SCREEN_PROTECTOR,2018-08-18,1534604400
4215,R_2YKPfnktaDrPIYT,SHOES,2018-08-18,1534604400
4216,R_2alDLWrajjnLX6F,HANDLEBAR_GRIP,2018-08-18,1534604400
4217,R_2alDLWrajjnLX6F,PET_FOOD,2018-08-18,1534604400
4218,R_2alDLWrajjnLX6F,WALL_PLATE,2018-08-18,1534604400
4219,R_2alDLWrajjnLX6F,ASTRINGENT_SUBSTANCE,2018-08-18,1534604400
4220,R_2alDLWrajjnLX6F,VITAMIN,2018-08-18,1534604400
4221,R_2alDLWrajjnLX6F,LAUNDRY_DETERGENT,2018-08-18,1534604400
4222,R_2b1XOZR0PYTA1jX,SKIN_MOISTURIZER,2018-08-18,1534604400
4223,R_2dFHfsIqQ6eEtVW,HEADPHONES,2018-08-18,1534604400
4224,R_2dFHfsIqQ6eEtVW,UTILITY_JACK,2018-08-18,1534604400
4225,R_2dFHfsIqQ6eEtVW,BOOT,2018-08-18,1534604400
4226,R_2e9e8lhWqVtpb7m,HERBAL_SUPPLEMENT,2018-08-18,1534604400
4227,R_2e9e8lhWqVtpb7m,WREATH,2018-08-18,1534604400
4228,R_2e9e8lhWqVtpb7m,ART_CRAFT_KIT,2018-08-18,1534604400
4229,R_2e9e8lhWqVtpb7m,HEALTH_PERSONAL_CARE,2018-08-18,1534604400
4230,R_2e9e8lhWqVtpb7m,SCREEN_PROTECTOR,2018-08-18,1534604400
4231,R_2ebzj3o225IisIQ,OVERALLS,2018-08-18,1534604400
4232,R_2ebzj3o225IisIQ,OVERALLS,2018-08-18,1534604400
4233,R_2rVp4uDv9fYIfdd,SNACK_FOOD_BAR,2018-08-18,1534604400
4234,R_2tfEDXuyNRcQoWs,ELECTRONIC_CABLE,2018-08-18,1534604400
4235,R_2ugDyrE1yi1FjvH,HEALTH_PERSONAL_CARE,2018-08-18,1534604400
4236,R_2vYO5d3Ry8qjf5g,HEALTH_PERSONAL_CARE,2018-08-18,1534604400
4237,R_2wHwNZWEecJflLc,MEDICATION,2018-08-18,1534604400
4238,R_2wmCdm6ETy6g3k0,GROCERY,2018-08-18,1534604400
4239,R_2wmCdm6ETy6g3k0,HEADPHONES,2018-08-18,1534604400
4240,R_2wmCdm6ETy6g3k0,HEALTH_PERSONAL_CARE,2018-08-18,1534604400
4241,R_2wzatCV9Z18xLF2,GROCERY,2018-08-18,1534604400
4242,R_2xLvxRKX2448l9k,UTILITY_MAGNET,2018-08-18,1534604400
4243,R_2xLvxRKX2448l9k,SCREEN_PROTECTOR,2018-08-18,1534604400
4244,R_2yjckpDXWcsiLPz,BICYCLE_PEDAL,2018-08-18,1534604400
4245,R_2zGy2Qj3ENruAYs,ADULT_COSTUME,2018-08-18,1534604400
4246,R_31T8fMuMzphe1sL,ABIS_BOOK,2018-08-18,1534604400
4247,R_32LAHRoBCbjkYZj,NUTRITIONAL_SUPPLEMENT,2018-08-18,1534604400
4248,R_32UZncFA03IrQwQ,HARDWARE_CLAMP_VISE,2018-08-18,1534604400
4249,R_3CVMAH13SNAWjLZ,UTILITY_JACK,2018-08-18,1534604400
4250,R_3CVMAH13SNAWjLZ,ESSENTIAL_OIL,2018-08-18,1534604400
4251,R_3CVMAH13SNAWjLZ,VITAMIN,2018-08-18,1534604400
4252,R_3CVMAH13SNAWjLZ,SHIRT,2018-08-18,1534604400
4253,R_3CVMAH13SNAWjLZ,INSTRUMENT_PARTS_AND_ACCESSORIES,2018-08-18,1534604400
4254,R_3CVMAH13SNAWjLZ,BATTERY,2018-08-18,1534604400
4255,R_3CVMAH13SNAWjLZ,ESSENTIAL_OIL,2018-08-18,1534604400
4256,R_3D8fwycJF7eksBo,HARDWARE_CLAMP_VISE,2018-08-18,1534604400
4257,R_3D8fwycJF7eksBo,PHYSICAL_VIDEO_GAME_SOFTWARE,2018-08-18,1534604400
4258,R_3D8fwycJF7eksBo,TOY_FIGURE,2018-08-18,1534604400
4259,R_3D8fwycJF7eksBo,PHYSICAL_MOVIE,2018-08-18,1534604400
4260,R_3D8fwycJF7eksBo,PHYSICAL_VIDEO_GAME_SOFTWARE,2018-08-18,1534604400
4261,R_3EMaONYGibovcxQ,PET_FOOD,2018-08-18,1534604400
4262,R_3EMaONYGibovcxQ,MASSAGER,2018-08-18,1534604400
4263,R_3EQ2dhEXGhy72Xx,SCREEN_PROTECTOR,2018-08-18,1534604400
4264,R_3GCXgWFPLgXAuFC,JUICE_AND_JUICE_DRINK,2018-08-18,1534604400
4265,R_3Ge2RzIsoM2g5lL,SKIN_CLEANING_AGENT,2018-08-18,1534604400
4266,R_3HzRfw5sNEvrFRf,GUITARS,2018-08-18,1534604400
4267,R_3Jxiicg67etW2yt,SPORTING_GOODS,2018-08-18,1534604400
4268,R_3LXRVZSdJiqH63S,ENVELOPE,2018-08-18,1534604400
4269,R_3OdXDDGsG2bvbXb,SOCKSHOSIERY,2018-08-18,1534604400
4270,R_3PAyJj7mQvMzMco,MARKING_PEN,2018-08-18,1534604400
4271,R_3PUi8o2if0JqKfl,TOY_FIGURE,2018-08-18,1534604400
4272,R_3PUi8o2if0JqKfl,TELESCOPE,2018-08-18,1534604400
4273,R_3ek9YZGdsDHjUZf,HEALTH_PERSONAL_CARE,2018-08-18,1534604400
4274,R_3enuyEOsaEVxTNX,TOYS_AND_GAMES,2018-08-18,1534604400
4275,R_3fB1NIeE1OGUd72,SKIN_MOISTURIZER,2018-08-18,1534604400
4276,R_3fB1NIeE1OGUd72,SEXUAL_STIMULATION_DEVICE,2018-08-18,1534604400
4277,R_3fB1NIeE1OGUd72,TIRE_COVER,2018-08-18,1534604400
4278,R_3fB1NIeE1OGUd72,SKIN_MOISTURIZER,2018-08-18,1534604400
4279,R_3fB1NIeE1OGUd72,WEATHER_STRIPPING,2018-08-18,1534604400
4280,R_3fB1NIeE1OGUd72,SPEAKERS,2018-08-18,1534604400
4281,R_3fB1NIeE1OGUd72,SKIN_MOISTURIZER,2018-08-18,1534604400
4282,R_3fB1NIeE1OGUd72,SWIMWEAR,2018-08-18,1534604400
4283,R_3fB1NIeE1OGUd72,UNDERPANTS,2018-08-18,1534604400
4284,R_3fB1NIeE1OGUd72,UNDERPANTS,2018-08-18,1534604400
4285,R_3fB1NIeE1OGUd72,BRA,2018-08-18,1534604400
4286,R_3fB1NIeE1OGUd72,TOYS_AND_GAMES,2018-08-18,1534604400
4287,R_3fB1NIeE1OGUd72,PHYSICAL_MOVIE,2018-08-18,1534604400
4288,R_3fB1NIeE1OGUd72,LEVEL,2018-08-18,1534604400
4289,R_3fB1NIeE1OGUd72,WALKING_STICK,2018-08-18,1534604400
4290,R_3fB1NIeE1OGUd72,SNACK_FOOD_BAR,2018-08-18,1534604400
4291,R_3fB1NIeE1OGUd72,BAR_CODE_READER,2018-08-18,1534604400
4292,R_3fB1NIeE1OGUd72,WEATHER_STRIPPING,2018-08-18,1534604400
4293,R_3fB1NIeE1OGUd72,SOAP_DISH,2018-08-18,1534604400
4294,R_3fB1NIeE1OGUd72,PHYSICAL_MOVIE,2018-08-18,1534604400
4295,R_3fB1NIeE1OGUd72,RULER,2018-08-18,1534604400
4296,R_3fB1NIeE1OGUd72,PAPER_TOWEL,2018-08-18,1534604400
4297,R_3fB1NIeE1OGUd72,SCREEN_PROTECTOR,2018-08-18,1534604400
4298,R_3fB1NIeE1OGUd72,MINIATURE_TOY_FURNISHING,2018-08-18,1534604400
4299,R_3fB1NIeE1OGUd72,TOYS_AND_GAMES,2018-08-18,1534604400
4300,R_3fB1NIeE1OGUd72,PHYSICAL_MOVIE,2018-08-18,1534604400
4301,R_3fB1NIeE1OGUd72,PET_FOOD,2018-08-18,1534604400
4302,R_3fB1NIeE1OGUd72,TOWEL,2018-08-18,1534604400
4303,R_3fB1NIeE1OGUd72,ELECTRONIC_CABLE,2018-08-18,1534604400
4304,R_3fB1NIeE1OGUd72,SPEAKERS,2018-08-18,1534604400
4305,R_3fB1NIeE1OGUd72,PANTS,2018-08-18,1534604400
4306,R_3fB1NIeE1OGUd72,SHIRT,2018-08-18,1534604400
4307,R_3fB1NIeE1OGUd72,WALKING_STICK,2018-08-18,1534604400
4308,R_3fB1NIeE1OGUd72,RULER,2018-08-18,1534604400
4309,R_3fB1NIeE1OGUd72,ELECTRONIC_CABLE,2018-08-18,1534604400
4310,R_3fB1NIeE1OGUd72,UNDERWEAR,2018-08-18,1534604400
4311,R_3fB1NIeE1OGUd72,SHOES,2018-08-18,1534604400
4312,R_3fB1NIeE1OGUd72,PET_FOOD,2018-08-18,1534604400
4313,R_3fB1NIeE1OGUd72,WALKING_STICK,2018-08-18,1534604400
4314,R_3fB1NIeE1OGUd72,ELECTRONIC_CABLE,2018-08-18,1534604400
4315,R_3fB1NIeE1OGUd72,TOYS_AND_GAMES,2018-08-18,1534604400
4316,R_3fB1NIeE1OGUd72,WEATHER_STRIPPING,2018-08-18,1534604400
4317,R_3fB1NIeE1OGUd72,WALKING_STICK,2018-08-18,1534604400
4318,R_3fB1NIeE1OGUd72,GROCERY,2018-08-18,1534604400
4319,R_3fB1NIeE1OGUd72,WEATHER_STRIPPING,2018-08-18,1534604400
4320,R_3jSAmu0UzDwnhQD,SATELLITE_OR_DSS,2018-08-18,1534604400
4321,R_3oO3DoeTgXHrEzx,ELECTRONIC_CABLE,2018-08-18,1534604400
4322,R_3rZHdmB75jSgwhr,CAMCORDER,2018-08-18,1534604400
4323,R_4PhRzF4UI9ooLh7,SHIRT,2018-08-18,1534604400
4324,R_4PhRzF4UI9ooLh7,SKIN_MOISTURIZER,2018-08-18,1534604400
4325,R_6Y8B3R1iIUjRAXv,NUTRITIONAL_SUPPLEMENT,2018-08-18,1534604400
4326,R_6Y8B3R1iIUjRAXv,PANTS,2018-08-18,1534604400
4327,R_8vnpSkm79W7Jsv7,NUTRITIONAL_SUPPLEMENT,2018-08-18,1534604400
4328,R_AKBlDprDMrv4M7v,PANTS,2018-08-18,1534604400
4329,R_Ap2HcvpPLRDJv9L,UMBRELLA,2018-08-18,1534604400
4330,R_Ap2HcvpPLRDJv9L,BACKPACK,2018-08-18,1534604400
4331,R_Ap2HcvpPLRDJv9L,PET_FOOD,2018-08-18,1534604400
4332,R_Ap2HcvpPLRDJv9L,WIG,2018-08-18,1534604400
4333,R_Ap2HcvpPLRDJv9L,INCENSE_HOLDER,2018-08-18,1534604400
4334,R_Ap2HcvpPLRDJv9L,PHYSICAL_MOVIE,2018-08-18,1534604400
4335,R_Ap2HcvpPLRDJv9L,SCREEN_PROTECTOR,2018-08-18,1534604400
4336,R_Odixb15Ykmxb0Dn,PET_FOOD,2018-08-18,1534604400
4337,R_PwlnzzccUMXV0n7,ELECTRONIC_CABLE,2018-08-18,1534604400
4338,R_Ui78k1hRGuGWhln,SELF_STICK_NOTE,2018-08-18,1534604400
4339,R_VKZzr77ll29A1iN,WALL_ART,2018-08-18,1534604400
4340,R_W80kzJbCa8CD9UB,BATTERY,2018-08-18,1534604400
4341,R_Xt4H8BJ1Vx7ws8h,BLOOD_PRESSURE_MONITOR,2018-08-18,1534604400
4342,R_Xt4H8BJ1Vx7ws8h,SKIN_MOISTURIZER,2018-08-18,1534604400
4343,R_Xt4H8BJ1Vx7ws8h,CEREAL,2018-08-18,1534604400
4344,R_b3dSUlk76L0C6TD,SHIRT,2018-08-18,1534604400
4345,R_ctNHcxd3vRvndXH,BRA,2018-08-18,1534604400
4346,R_ctNHcxd3vRvndXH,BRA,2018-08-18,1534604400
4347,R_e8KTElZZLWryLWp,BANNER,2018-08-18,1534604400
4348,R_e8KTElZZLWryLWp,SHIRT,2018-08-18,1534604400
4349,R_pzMCRYrC0qiSwIF,PANTS,2018-08-18,1534604400
4350,R_pzMCRYrC0qiSwIF,SNACK_FOOD_BAR,2018-08-18,1534604400
4351,R_sGohXmtT8TjLibT,MEDIA_STORAGE,2018-08-18,1534604400
4352,R_sGohXmtT8TjLibT,VITAMIN,2018-08-18,1534604400
4353,R_sGohXmtT8TjLibT,HEALTH_PERSONAL_CARE,2018-08-18,1534604400
4354,R_sGohXmtT8TjLibT,PET_FOOD,2018-08-18,1534604400
4355,R_sGohXmtT8TjLibT,GROCERY,2018-08-18,1534604400
4356,R_sGohXmtT8TjLibT,PANTS,2018-08-18,1534604400
4357,R_tSTu20YCb20zL5D,FIREPLACE,2018-08-18,1534604400
4358,R_vD2O13NgdnWBXMt,PORTABLE_ELECTRONIC_DEVICE_ARMBAND,2018-08-18,1534604400
4359,R_x0hVvTTXGQY9FRf,HEALTH_PERSONAL_CARE,2018-08-18,1534604400
4360,R_xDvEzzSGeDDkvU5,SONAR_FATHOMETER,2018-08-18,1534604400
4361,R_1C8w4NDDQC5fcgE,FALSE_EYELASH,2018-08-19,1534690800
4362,R_1C8w4NDDQC5fcgE,BAKING_PAPER,2018-08-19,1534690800
4363,R_1C8w4NDDQC5fcgE,FOOD_SLICER,2018-08-19,1534690800
4364,R_1C8w4NDDQC5fcgE,ABIS_BOOK,2018-08-19,1534690800
4365,R_1C9YUFD8GunlGej,COSMETIC_SPONGE,2018-08-19,1534690800
4366,R_1CDqTWLWIk642Vp,CAMERA_TRIPOD,2018-08-19,1534690800
4367,R_1LRR1P5IQqdSvIP,PANTS,2018-08-19,1534690800
4368,R_1LRR1P5IQqdSvIP,BRASS_AND_WOODWIND_INSTRUMENTS,2018-08-19,1534690800
4369,R_1LRR1P5IQqdSvIP,HEADPHONES,2018-08-19,1534690800
4370,R_1P0kCmz0zdMSEld,HANGING_ROD,2018-08-19,1534690800
4371,R_1PcttxbjmIpzZ9t,ELECTRONIC_CABLE,2018-08-19,1534690800
4372,R_1Q62CIVb2WAS8hB,CELL_PHONE_GRIP,2018-08-19,1534690800
4373,R_1Q62CIVb2WAS8hB,SKIN_CLEANING_WIPE,2018-08-19,1534690800
4374,R_1Q62CIVb2WAS8hB,SUSPENSION_LIFT_SUPPORT,2018-08-19,1534690800
4375,R_1QutEVkZz69QFR7,TEMPORARY_TATTOO,2018-08-19,1534690800
4376,R_1dyqbVnXomwItTl,ABIS_BOOK,2018-08-19,1534690800
4377,R_1escXXhyvAgsBYq,TEA,2018-08-19,1534690800
4378,R_1gjdRVy7DXPMldc,NUTRITIONAL_SUPPLEMENT,2018-08-19,1534690800
4379,R_1gjdRVy7DXPMldc,GROCERY,2018-08-19,1534690800
4380,R_1hLPyY3aamfi3xT,POTABLE_WATER_FILTER,2018-08-19,1534690800
4381,R_1j6t5KhjtwDhdKa,PANTS,2018-08-19,1534690800
4382,R_1j6t5KhjtwDhdKa,BOARD_GAME,2018-08-19,1534690800
4383,R_1l4zCtGUTvAWdS6,INPUT_MOUSE,2018-08-19,1534690800
4384,R_1l4zCtGUTvAWdS6,DIGITAL_PICTURE_FRAME,2018-08-19,1534690800
4385,R_1pu6yYPsuymsIIz,SHOES,2018-08-19,1534690800
4386,R_1r8u9f1vT8Y3HrC,LIGHT_BULB,2018-08-19,1534690800
4387,R_1rPQIXSf3d1wvFO,SLEEPING_BAG,2018-08-19,1534690800
4388,R_1rPQIXSf3d1wvFO,TRANSPORT_RACK,2018-08-19,1534690800
4389,R_22QYpfx86KSwry8,SHIRT,2018-08-19,1534690800
4390,R_22mMopWqAj09mQc,TOYS_AND_GAMES,2018-08-19,1534690800
4391,R_25KMnVsE9ynaHcA,WIRE,2018-08-19,1534690800
4392,R_25Wwg273Uw26jA1,HARDWARE_TUBING,2018-08-19,1534690800
4393,R_27Nf8ImFlWu3J9O,MP3_PLAYER,2018-08-19,1534690800
4394,R_27PZcbYfPDhwHcL,FLASH_MEMORY,2018-08-19,1534690800
4395,R_27ydwfqncX77Mnd,PET_PLAYPEN,2018-08-19,1534690800
4396,R_27ydwfqncX77Mnd,SOCKS,2018-08-19,1534690800
4397,R_27ydwfqncX77Mnd,CELLULAR_PHONE_CASE,2018-08-19,1534690800
4398,R_27ydwfqncX77Mnd,TABLE,2018-08-19,1534690800
4399,R_27ydwfqncX77Mnd,SPRAY_BOTTLE,2018-08-19,1534690800
4400,R_28ANyXf1czOlXey,APPAREL_GLOVES,2018-08-19,1534690800
4401,R_2CKdeuvfVrO8I49,SHAMPOO,2018-08-19,1534690800
4402,R_2CKdeuvfVrO8I49,SPORT_WETSUIT,2018-08-19,1534690800
4403,R_2CVxHRKIkQ8pd1C,GREETING_CARD,2018-08-19,1534690800
4404,R_2CVxHRKIkQ8pd1C,DAIRY_BASED_ICE_CREAM,2018-08-19,1534690800
4405,R_2EglJpTWGEiwQYa,CONTROLLER,2018-08-19,1534690800
4406,R_2EglJpTWGEiwQYa,HEADPHONES,2018-08-19,1534690800
4407,R_2EglJpTWGEiwQYa,ABIS_BOOK,2018-08-19,1534690800
4408,R_2QrmzNCNpcA7B9p,HERBAL_SUPPLEMENT,2018-08-19,1534690800
4409,R_2QrmzNCNpcA7B9p,MEDICATION,2018-08-19,1534690800
4410,R_2QrmzNCNpcA7B9p,SCREEN_PROTECTOR,2018-08-19,1534690800
4411,R_2Qu0fgUOnDpaKDH,BED_SKIRT,2018-08-19,1534690800
4412,R_2SksQStmmNpRaiB,SKIN_MOISTURIZER,2018-08-19,1534690800
4413,R_2SoygRRucWXdLxT,TOPICAL_HAIR_REGROWTH_TREATMENT,2018-08-19,1534690800
4414,R_2SoygRRucWXdLxT,HEALTH_PERSONAL_CARE,2018-08-19,1534690800
4415,R_2SoygRRucWXdLxT,PHYSICAL_MOVIE,2018-08-19,1534690800
4416,R_2SoygRRucWXdLxT,SKIN_CLEANING_AGENT,2018-08-19,1534690800
4417,R_2SoygRRucWXdLxT,SNACK_FOOD_BAR,2018-08-19,1534690800
4418,R_2SoygRRucWXdLxT,SHOES,2018-08-19,1534690800
4419,R_2SoygRRucWXdLxT,VITAMIN,2018-08-19,1534690800
4420,R_2SoygRRucWXdLxT,GROCERY,2018-08-19,1534690800
4421,R_2SoygRRucWXdLxT,PHYSICAL_MOVIE,2018-08-19,1534690800
4422,R_2SoygRRucWXdLxT,FOOD_SMOKER,2018-08-19,1534690800
4423,R_2SoygRRucWXdLxT,HEALTH_PERSONAL_CARE,2018-08-19,1534690800
4424,R_2SoygRRucWXdLxT,MISC_OTHER,2018-08-19,1534690800
4425,R_2SoygRRucWXdLxT,FOOD_SMOKER,2018-08-19,1534690800
4426,R_2SoygRRucWXdLxT,THREAD_CORD,2018-08-19,1534690800
4427,R_2SoygRRucWXdLxT,SCREEN_PROTECTOR,2018-08-19,1534690800
4428,R_2SoygRRucWXdLxT,NUTRITIONAL_SUPPLEMENT,2018-08-19,1534690800
4429,R_2TEGPne2Cu1LmmT,SHAMPOO,2018-08-19,1534690800
4430,R_2ToRb0eNQrFNM3u,SHIRT,2018-08-19,1534690800
4431,R_2ToRb0eNQrFNM3u,HEADPHONES,2018-08-19,1534690800
4432,R_2UaV2vSZDxrE35n,PHYSICAL_VIDEO_GAME_SOFTWARE,2018-08-19,1534690800
4433,R_2VwjXhJ5OznStEi,PINATA,2018-08-19,1534690800
4434,R_2VwjXhJ5OznStEi,PLACEMAT,2018-08-19,1534690800
4435,R_2VwjXhJ5OznStEi,HEALTH_PERSONAL_CARE,2018-08-19,1534690800
4436,R_2VwjXhJ5OznStEi,ELECTRONIC_CABLE,2018-08-19,1534690800
4437,R_2VwjXhJ5OznStEi,BATTERY,2018-08-19,1534690800
4438,R_2VwjXhJ5OznStEi,ELECTRONIC_CABLE,2018-08-19,1534690800
4439,R_2VwjXhJ5OznStEi,ANIMAL_FUR_CLEANER_CONDITIONER,2018-08-19,1534690800
4440,R_2VwjXhJ5OznStEi,PLACEMAT,2018-08-19,1534690800
4441,R_2VwjXhJ5OznStEi,NUTRITIONAL_SUPPLEMENT,2018-08-19,1534690800
4442,R_2VwjXhJ5OznStEi,HAIR_CLIP,2018-08-19,1534690800
4443,R_2VwjXhJ5OznStEi,ABIS_BOOK,2018-08-19,1534690800
4444,R_2VwjXhJ5OznStEi,DRAIN_OPENER_SUBSTANCE,2018-08-19,1534690800
4445,R_2VwjXhJ5OznStEi,SYRINGE,2018-08-19,1534690800
4446,R_2VwjXhJ5OznStEi,PLACEMAT,2018-08-19,1534690800
4447,R_2VwjXhJ5OznStEi,SPORT_TARGET,2018-08-19,1534690800
4448,R_2VwjXhJ5OznStEi,ABIS_BOOK,2018-08-19,1534690800
4449,R_2VyUSFk11bbTVej,TABLECLOTH,2018-08-19,1534690800
4450,R_2XoI6KbLJRGFz5X,WATCH_BAND,2018-08-19,1534690800
4451,R_2ZPqsX1an4DPSal,MOTORCYCLE_ACCESSORY,2018-08-19,1534690800
4452,R_2aKrOq0DBielcig,TOY_FIGURE,2018-08-19,1534690800
4453,R_2dFHfsIqQ6eEtVW,AUTO_PART,2018-08-19,1534690800
4454,R_2e9e8lhWqVtpb7m,HERBAL_SUPPLEMENT,2018-08-19,1534690800
4455,R_2e9e8lhWqVtpb7m,PERSONAL_FRAGRANCE,2018-08-19,1534690800
4456,R_2f7MFUqYnEv92pF,SHAMPOO,2018-08-19,1534690800
4457,R_2pWAVsUj7WsZHLs,SKIN_MOISTURIZER,2018-08-19,1534690800
4458,R_2qD8ep8d313iLj4,SUNGLASSES,2018-08-19,1534690800
4459,R_2taM3mpNPF0o1yf,NUTRITIONAL_SUPPLEMENT,2018-08-19,1534690800
4460,R_2taM3mpNPF0o1yf,UTILITY_HOLSTER_POUCH,2018-08-19,1534690800
4461,R_2ugDyrE1yi1FjvH,SKIN_CLEANING_AGENT,2018-08-19,1534690800
4462,R_2wtVmKidhQR0wju,SKIN_MOISTURIZER,2018-08-19,1534690800
4463,R_2wzatCV9Z18xLF2,SHIRT,2018-08-19,1534690800
4464,R_2wzatCV9Z18xLF2,SPORTING_GOODS,2018-08-19,1534690800
4465,R_2wzatCV9Z18xLF2,SIGNAGE,2018-08-19,1534690800
4466,R_2wzatCV9Z18xLF2,SKIN_CLEANING_AGENT,2018-08-19,1534690800
4467,R_2zSlTKG9lhZH3r9,BREAST_PUMP,2018-08-19,1534690800
4468,R_2ze9t15YGQDJxR3,TEACHING_EQUIPMENT,2018-08-19,1534690800
4469,R_31T8fMuMzphe1sL,MEDICATION,2018-08-19,1534690800
4470,R_32VcKmw1biSyknq,HOME,2018-08-19,1534690800
4471,R_32VcKmw1biSyknq,SNACK_FOOD_BAR,2018-08-19,1534690800
4472,R_3EzeiT36qvnPNn2,SKIN_CLEANING_AGENT,2018-08-19,1534690800
4473,R_3EzeiT36qvnPNn2,NUTRITIONAL_SUPPLEMENT,2018-08-19,1534690800
4474,R_3FPeOTnJa3dJ112,PANTS,2018-08-19,1534690800
4475,R_3FPeOTnJa3dJ112,ELECTRONIC_CABLE,2018-08-19,1534690800
4476,R_3FPeOTnJa3dJ112,MEASURING_CUP,2018-08-19,1534690800
4477,R_3GBRRr7bndtJPU9,PET_ACTIVITY_STRUCTURE,2018-08-19,1534690800
4478,R_3GBSX5xvcH0uSyx,NUTRITIONAL_SUPPLEMENT,2018-08-19,1534690800
4479,R_3GBSX5xvcH0uSyx,BONDING_ADHESIVES,2018-08-19,1534690800
4480,R_3GBSX5xvcH0uSyx,PANTS,2018-08-19,1534690800
4481,R_3GBSX5xvcH0uSyx,ABIS_BOOK,2018-08-19,1534690800
4482,R_3GBSX5xvcH0uSyx,POWERSPORTS_VEHICLE_PART,2018-08-19,1534690800
4483,R_3HLKIA2u3ZnY9lM,REFRIGERATOR,2018-08-19,1534690800
4484,R_3HLKIA2u3ZnY9lM,REMOTE_CONTROL,2018-08-19,1534690800
4485,R_3Jxiicg67etW2yt,SCULPTURE,2018-08-19,1534690800
4486,R_3Jxiicg67etW2yt,MEDICATION,2018-08-19,1534690800
4487,R_3Jxiicg67etW2yt,PHYSICAL_MOVIE,2018-08-19,1534690800
4488,R_3M3RSZ7wNRSaxNx,PANTS,2018-08-19,1534690800
4489,R_3MMW2ivCFCtjHIe,SNACK_FOOD_BAR,2018-08-19,1534690800
4490,R_3MyEdXOZ8P75S1V,WIRE,2018-08-19,1534690800
4491,R_3NCfhSJSgGWexUL,VITAMIN,2018-08-19,1534690800
4492,R_3NCfhSJSgGWexUL,FLOUR,2018-08-19,1534690800
4493,R_3NwUrzA3eAsS3xO,UMBRELLA,2018-08-19,1534690800
4494,R_3NwUrzA3eAsS3xO,SEXUAL_STIMULATION_DEVICE,2018-08-19,1534690800
4495,R_3Pwa112XZRRejbA,NETWORKING_DEVICE,2018-08-19,1534690800
4496,R_3RmDOazalOu0F1L,TOOLS,2018-08-19,1534690800
4497,R_3ennfkrsSdTlmrJ,NUTRITIONAL_SUPPLEMENT,2018-08-19,1534690800
4498,R_3exlTi02vMuoy59,FISHING_ROD,2018-08-19,1534690800
4499,R_3fB1NIeE1OGUd72,ANIMAL_FUR_CLEANER_CONDITIONER,2018-08-19,1534690800
4500,R_3fB1NIeE1OGUd72,SWIMWEAR,2018-08-19,1534690800
4501,R_3fB1NIeE1OGUd72,RULER,2018-08-19,1534690800
4502,R_3hAWVPrKOvOzR1e,SKIN_MOISTURIZER,2018-08-19,1534690800
4503,R_3m4y20RcmogDzZl,PANTS,2018-08-19,1534690800
4504,R_3m4y20RcmogDzZl,SCREEN_PROTECTOR,2018-08-19,1534690800
4505,R_3m4y20RcmogDzZl,BRA,2018-08-19,1534690800
4506,R_3oO3DoeTgXHrEzx,SHIRT,2018-08-19,1534690800
4507,R_3r0AnJHzPNt6fQ2,MAPS,2018-08-19,1534690800
4508,R_40engukXSxhrtF7,ESSENTIAL_OIL,2018-08-19,1534690800
4509,R_40engukXSxhrtF7,INSECT_REPELLENT,2018-08-19,1534690800
4510,R_4PhRzF4UI9ooLh7,GIFT_CARD,2018-08-19,1534690800
4511,R_4PhRzF4UI9ooLh7,CELLULAR_PHONE_CASE,2018-08-19,1534690800
4512,R_4PhRzF4UI9ooLh7,UNDERPANTS,2018-08-19,1534690800
4513,R_4PhRzF4UI9ooLh7,PANTS,2018-08-19,1534690800
4514,R_4PhRzF4UI9ooLh7,SOFA,2018-08-19,1534690800
4515,R_4PhRzF4UI9ooLh7,BATTERY,2018-08-19,1534690800
4516,R_8CXcySQawXPuJwJ,SHIRT,2018-08-19,1534690800
4517,R_8CXcySQawXPuJwJ,SKIN_CLEANING_WIPE,2018-08-19,1534690800
4518,R_8CXcySQawXPuJwJ,INCONTINENCE_PROTECTOR,2018-08-19,1534690800
4519,R_8puIA0Aj4F8MuI1,ANIMAL_WATER_DISPENSER,2018-08-19,1534690800
4520,R_8puIA0Aj4F8MuI1,SCANNER,2018-08-19,1534690800
4521,R_8puIA0Aj4F8MuI1,SUGAR_CANDY,2018-08-19,1534690800
4522,R_8vnpSkm79W7Jsv7,CELLULAR_PHONE_CASE,2018-08-19,1534690800
4523,R_9L8Lum5AaHh6bq9,WATCH_BAND,2018-08-19,1534690800
4524,R_BWhnv4EdbhSS6rf,FLAVORED_DRINK_CONCENTRATE,2018-08-19,1534690800
4525,R_BWhnv4EdbhSS6rf,DISHWASHER_DETERGENT,2018-08-19,1534690800
4526,R_BWhnv4EdbhSS6rf,SCREEN_PROTECTOR,2018-08-19,1534690800
4527,R_BWhnv4EdbhSS6rf,HEADPHONES,2018-08-19,1534690800
4528,R_BWhnv4EdbhSS6rf,FRUIT_SNACK,2018-08-19,1534690800
4529,R_OPfbKZtf2Azgit3,PET_FOOD,2018-08-19,1534690800
4530,R_SBiEJOUFyfjK5eF,VITAMIN,2018-08-19,1534690800
4531,R_SBiEJOUFyfjK5eF,WRITING_INSTRUMENT,2018-08-19,1534690800
4532,R_SBiEJOUFyfjK5eF,SHOES,2018-08-19,1534690800
4533,R_SBiEJOUFyfjK5eF,BABY_PRODUCT,2018-08-19,1534690800
4534,R_SVHcBOlErkMEJjP,CONSOLE_VIDEO_GAMES,2018-08-19,1534690800
4535,R_XSu10jIDimUl5m1,CLEANING_AGENT,2018-08-19,1534690800
4536,R_XUhit9pAXhD746B,UNDERWEAR,2018-08-19,1534690800
4537,R_XYsrPCXL5N6boad,EXERCISE_BLOCK,2018-08-19,1534690800
4538,R_XYsrPCXL5N6boad,FURNITURE_LINER,2018-08-19,1534690800
4539,R_Xhz81T9LodPX0KB,SNACK_FOOD_BAR,2018-08-19,1534690800
4540,R_XuCuybjxPer1OeJ,SKIN_PROTECTANT,2018-08-19,1534690800
4541,R_XwiCirQyfwJzVtv,SHIRT,2018-08-19,1534690800
4542,R_YWC7NpQLctWlPVf,BATTERY,2018-08-19,1534690800
4543,R_Z4qMkqhWSmIbdSh,CAMERA_FLASH,2018-08-19,1534690800
4544,R_Z4qMkqhWSmIbdSh,BATTERY,2018-08-19,1534690800
4545,R_ZeqLnp8IZFNzHMt,PANTS,2018-08-19,1534690800
4546,R_b3dSUlk76L0C6TD,HEALTH_PERSONAL_CARE,2018-08-19,1534690800
4547,R_bJI8lmXMZWL6oql,BATTERY,2018-08-19,1534690800
4548,R_bJI8lmXMZWL6oql,DRY_SHAMPOO,2018-08-19,1534690800
4549,R_bJI8lmXMZWL6oql,PET_FOOD,2018-08-19,1534690800
4550,R_e8KTElZZLWryLWp,TOYS_AND_GAMES,2018-08-19,1534690800
4551,R_e8KTElZZLWryLWp,FOOD_BIB,2018-08-19,1534690800
4552,R_e8KTElZZLWryLWp,ELECTRIC_FAN,2018-08-19,1534690800
4553,R_e8KTElZZLWryLWp,TOYS_AND_GAMES,2018-08-19,1534690800
4554,R_puS9dcuNnDHSZ8Z,VITAMIN,2018-08-19,1534690800
4555,R_s6BUJFPzFF8fk2d,PHYSICAL_MOVIE,2018-08-19,1534690800
4556,R_tSTu20YCb20zL5D,LIP_BALM,2018-08-19,1534690800
4557,R_uqbcSq7y153jKmZ,NUTRITIONAL_SUPPLEMENT,2018-08-19,1534690800
4558,R_uqbcSq7y153jKmZ,DEEP_FRYER,2018-08-19,1534690800
4559,R_uqbcSq7y153jKmZ,ELECTRONIC_CABLE,2018-08-19,1534690800
4560,R_uqbcSq7y153jKmZ,VITAMIN,2018-08-19,1534690800
4561,R_uqbcSq7y153jKmZ,TABLETOP_GAME,2018-08-19,1534690800
4562,R_x969WzGgXuE1CuJ,SKIN_MOISTURIZER,2018-08-19,1534690800
4563,R_xsyCKTazvY4vHbz,ELECTRONIC_CABLE,2018-08-19,1534690800
4564,R_0InTWTWokrqzy3n,INSTRUMENT_PARTS_AND_ACCESSORIES,2018-08-20,1534777200
4565,R_10AtO7bUfe8iWYK,HEALTH_PERSONAL_CARE,2018-08-20,1534777200
4566,R_10TA7pCDmelHi5H,HEADPHONES,2018-08-20,1534777200
4567,R_10TV1zyi4yCEEkl,SOCKS,2018-08-20,1534777200
4568,R_10TV1zyi4yCEEkl,PHYSICAL_MOVIE,2018-08-20,1534777200
4569,R_10TV1zyi4yCEEkl,SYRUP,2018-08-20,1534777200
4570,R_10TV1zyi4yCEEkl,EARPLUG,2018-08-20,1534777200
4571,R_10TV1zyi4yCEEkl,SKIN_MOISTURIZER,2018-08-20,1534777200
4572,R_10wSqGFumZGSTmH,HEADPHONES,2018-08-20,1534777200
4573,R_10wSqGFumZGSTmH,SCREEN_PROTECTOR,2018-08-20,1534777200
4574,R_10wSqGFumZGSTmH,SKIN_MOISTURIZER,2018-08-20,1534777200
4575,R_10wSqGFumZGSTmH,NAIL_POWDER,2018-08-20,1534777200
4576,R_10wSqGFumZGSTmH,BICYCLE_BRAKE_PAD,2018-08-20,1534777200
4577,R_10wSqGFumZGSTmH,SUIT,2018-08-20,1534777200
4578,R_10wSqGFumZGSTmH,DRINKING_STRAW,2018-08-20,1534777200
4579,R_128SoytOm4LO2kk,SHOES,2018-08-20,1534777200
4580,R_128SoytOm4LO2kk,BACKPACK,2018-08-20,1534777200
4581,R_1C8w4NDDQC5fcgE,SHIRT,2018-08-20,1534777200
4582,R_1C8w4NDDQC5fcgE,PANTS,2018-08-20,1534777200
4583,R_1C8w4NDDQC5fcgE,SKIN_CLEANING_AGENT,2018-08-20,1534777200
4584,R_1C9YUFD8GunlGej,ART_AND_CRAFT_SUPPLY,2018-08-20,1534777200
4585,R_1C9YUFD8GunlGej,SKIN_CLEANING_AGENT,2018-08-20,1534777200
4586,R_1C9YUFD8GunlGej,MEDICATION,2018-08-20,1534777200
4587,R_1ClqO4ZMDuwGjfl,PET_FOOD,2018-08-20,1534777200
4588,R_1DYWdbAMt6LyCZH,BOOK,2018-08-20,1534777200
4589,R_1E3TJBNJVtr3tcD,DIGITAL_DEVICE_3,2018-08-20,1534777200
4590,R_1E3TJBNJVtr3tcD,ELECTRIC_FAN,2018-08-20,1534777200
4591,R_1F35QiIK5csZBEC,PET_PLACEMAT,2018-08-20,1534777200
4592,R_1FJHvQm83j8lK35,NUTRITIONAL_SUPPLEMENT,2018-08-20,1534777200
4593,R_1GWwhndoXXJDzDA,CELLULAR_PHONE_CASE,2018-08-20,1534777200
4594,R_1GghoTNZdgUeySl,ELECTRONIC_WIRE,2018-08-20,1534777200
4595,R_1IZBlduDFUJEphM,BATTERY_CHARGER,2018-08-20,1534777200
4596,R_1JLBP1fFf3p8tpy,PHYSICAL_VIDEO_GAME_SOFTWARE,2018-08-20,1534777200
4597,R_1JLBP1fFf3p8tpy,MEDICATION,2018-08-20,1534777200
4598,R_1JLBP1fFf3p8tpy,VITAMIN,2018-08-20,1534777200
4599,R_1JLBP1fFf3p8tpy,ANIMAL_CAGE,2018-08-20,1534777200
4600,R_1KxVDxZl2H0XoHS,HAIR_COLORING_AGENT,2018-08-20,1534777200
4601,R_1LRR1P5IQqdSvIP,SKIN_CLEANING_AGENT,2018-08-20,1534777200
4602,R_1NCzj2eSHI4QGcd,NUTRITIONAL_SUPPLEMENT,2018-08-20,1534777200
4603,R_1NCzj2eSHI4QGcd,HEALTH_PERSONAL_CARE,2018-08-20,1534777200
4604,R_1NDq0rxoUSu6oyz,SHIRT,2018-08-20,1534777200
4605,R_1NDq0rxoUSu6oyz,SANDAL,2018-08-20,1534777200
4606,R_1Q62CIVb2WAS8hB,SKIN_PROTECTANT,2018-08-20,1534777200
4607,R_1esG9Jlh9NISLaO,FUEL_FILTER,2018-08-20,1534777200
4608,R_1esG9Jlh9NISLaO,ACCESSORY,2018-08-20,1534777200
4609,R_1escXXhyvAgsBYq,HEADPHONES,2018-08-20,1534777200
4610,R_1escXXhyvAgsBYq,SPORTING_GOODS,2018-08-20,1534777200
4611,R_1escXXhyvAgsBYq,GROCERY,2018-08-20,1534777200
4612,R_1escXXhyvAgsBYq,CELLULAR_PHONE_CASE,2018-08-20,1534777200
4613,R_1gBFjjzA3U3mmXf,PHYSICAL_MOVIE,2018-08-20,1534777200
4614,R_1goV1AJmLMRsVRE,PHYSICAL_MOVIE,2018-08-20,1534777200
4615,R_1goV1AJmLMRsVRE,SUGAR_SUBSTITUTE,2018-08-20,1534777200
4616,R_1goV1AJmLMRsVRE,HEALTH_PERSONAL_CARE,2018-08-20,1534777200
4617,R_1goV1AJmLMRsVRE,PET_HEALTH_CARE,2018-08-20,1534777200
4618,R_1hMV4AHCk04WO5V,ABIS_BOOK,2018-08-20,1534777200
4619,R_1hMV4AHCk04WO5V,PANTS,2018-08-20,1534777200
4620,R_1jARg5bGH5uqAKW,SUITCASE,2018-08-20,1534777200
4621,R_1mEmb9jWLRYCU4e,RAW_MATERIALS,2018-08-20,1534777200
4622,R_1obwpb6iowh7vew,SEXUAL_STIMULATION_DEVICE,2018-08-20,1534777200
4623,R_1obwpb6iowh7vew,CROCHET_HOOK,2018-08-20,1534777200
4624,R_1psTlOFeWx4gWdX,SNACK_FOOD_BAR,2018-08-20,1534777200
4625,R_1q4eVtHN10S5gPB,SHOES,2018-08-20,1534777200
4626,R_1zVJnDAfoFLamOd,HEALTH_PERSONAL_CARE,2018-08-20,1534777200
4627,R_20V73ixsOYXCBbP,TOYS_AND_GAMES,2018-08-20,1534777200
4628,R_20Yd9DvrGselmZY,VITAMIN,2018-08-20,1534777200
4629,R_20Yd9DvrGselmZY,CONDITIONER,2018-08-20,1534777200
4630,R_20Z3XrmdVrFDp3r,PHYSICAL_MOVIE,2018-08-20,1534777200
4631,R_21ttkGbeIL6HdlR,CELLULAR_PHONE_CASE,2018-08-20,1534777200
4632,R_21uibgT9dgqRD9J,FOOD,2018-08-20,1534777200
4633,R_21uibgT9dgqRD9J,STROLLER_PROTECTION_SHIELD,2018-08-20,1534777200
4634,R_22SxELlmhBQCe1C,SHORTS,2018-08-20,1534777200
4635,R_22SxELlmhBQCe1C,SHOES,2018-08-20,1534777200
4636,R_22SxELlmhBQCe1C,SHORTS,2018-08-20,1534777200
4637,R_22nS4Bu8Q3B84gf,ITEM_CONTAINER,2018-08-20,1534777200
4638,R_24bE9NTxiBf6v2b,INCENSE,2018-08-20,1534777200
4639,R_25SbPPTyE45YzXP,PANTS,2018-08-20,1534777200
4640,R_25SbPPTyE45YzXP,SKIN_CLEANING_AGENT,2018-08-20,1534777200
4641,R_25SbPPTyE45YzXP,ABIS_BOOK,2018-08-20,1534777200
4642,R_25Wwg273Uw26jA1,MOTORCYCLE_ACCESSORY,2018-08-20,1534777200
4643,R_27lE2A8TyANjHWE,CALISTHENICS_STAND,2018-08-20,1534777200
4644,R_28ANyXf1czOlXey,ABIS_BOOK,2018-08-20,1534777200
4645,R_28IDNbS8mqpfyKD,ABIS_BOOK,2018-08-20,1534777200
4646,R_29tZUWisKTCWczv,CELLULAR_PHONE_CASE,2018-08-20,1534777200
4647,R_29tZUWisKTCWczv,ABRASIVE_WHEELS,2018-08-20,1534777200
4648,R_29tZUWisKTCWczv,MEDICATION,2018-08-20,1534777200
4649,R_29tZUWisKTCWczv,VITAMIN,2018-08-20,1534777200
4650,R_29uBVByYo0xAXiZ,SKIN_EXFOLIANT,2018-08-20,1534777200
4651,R_2B38co9cwVRvVZA,ESSENTIAL_OIL,2018-08-20,1534777200
4652,R_2CVxHRKIkQ8pd1C,MOTION_DETECTOR_DEVICE,2018-08-20,1534777200
4653,R_2CVxHRKIkQ8pd1C,DAIRY_BASED_ICE_CREAM,2018-08-20,1534777200
4654,R_2E5XCpTY2B5ZQ1f,NUTRITIONAL_SUPPLEMENT,2018-08-20,1534777200
4655,R_2E5XCpTY2B5ZQ1f,FLASH_DRIVE,2018-08-20,1534777200
4656,R_2E5XCpTY2B5ZQ1f,HEADPHONES,2018-08-20,1534777200
4657,R_2QM76i5yRebcpiD,TOYS_AND_GAMES,2018-08-20,1534777200
4658,R_2QM76i5yRebcpiD,PANTS,2018-08-20,1534777200
4659,R_2QswpKsGnL3NBXE,SKIN_CLEANING_AGENT,2018-08-20,1534777200
4660,R_2QswpKsGnL3NBXE,DUFFEL_BAG,2018-08-20,1534777200
4661,R_2R3ayuIYVgX07CZ,COMPUTER,2018-08-20,1534777200
4662,R_2R3ayuIYVgX07CZ,POTPOURRI_SACHET,2018-08-20,1534777200
4663,R_2R3ayuIYVgX07CZ,SKIN_MOISTURIZER,2018-08-20,1534777200
4664,R_2U0l40aPYAoBJLV,PROTEIN_SUPPLEMENT_POWDER,2018-08-20,1534777200
4665,R_2U8TbRGvfB10UAt,HEADPHONES,2018-08-20,1534777200
4666,R_2U8TbRGvfB10UAt,DIGITAL_DEVICE_4_ACCESSORY,2018-08-20,1534777200
4667,R_2U8TbRGvfB10UAt,BATTERY,2018-08-20,1534777200
4668,R_2UVhfjk1qQb6KI5,PET_FOOD,2018-08-20,1534777200
4669,R_2VyUSFk11bbTVej,SHIRT,2018-08-20,1534777200
4670,R_2YYB0ZXHHFsMn1o,ELECTRONIC_CABLE,2018-08-20,1534777200
4671,R_2YYB0ZXHHFsMn1o,PET_FOOD,2018-08-20,1534777200
4672,R_2YYB0ZXHHFsMn1o,PROTEIN_DRINK,2018-08-20,1534777200
4673,R_2YYB0ZXHHFsMn1o,HEALTH_PERSONAL_CARE,2018-08-20,1534777200
4674,R_2YYB0ZXHHFsMn1o,SHIRT,2018-08-20,1534777200
4675,R_2YYB0ZXHHFsMn1o,HEADPHONES,2018-08-20,1534777200
4676,R_2ZTFfLAcuwm22Yh,BAKING_PAN,2018-08-20,1534777200
4677,R_2ZTFfLAcuwm22Yh,MEDICATION,2018-08-20,1534777200
4678,R_2ZTFfLAcuwm22Yh,HARDWARE_HANDLE,2018-08-20,1534777200
4679,R_2b1XOZR0PYTA1jX,PET_FOOD,2018-08-20,1534777200
4680,R_2cd9jCAamQMAsxe,PANTS,2018-08-20,1534777200
4681,R_2cd9jCAamQMAsxe,PLANT_SEED,2018-08-20,1534777200
4682,R_2cd9jCAamQMAsxe,PEST_CONTROL_DEVICE,2018-08-20,1534777200
4683,R_2cd9jCAamQMAsxe,NUTRITIONAL_SUPPLEMENT,2018-08-20,1534777200
4684,R_2cd9jCAamQMAsxe,DISHWARE_PLATE,2018-08-20,1534777200
4685,R_2dmZyPIDedcDR2J,PINATA,2018-08-20,1534777200
4686,R_2dvh9tu7PLPeipE,PLANT_SEED,2018-08-20,1534777200
4687,R_2dyITPHbbfmCXJn,RULER,2018-08-20,1534777200
4688,R_2ebzj3o225IisIQ,LABEL,2018-08-20,1534777200
4689,R_2ebzj3o225IisIQ,ELECTRONIC_CABLE,2018-08-20,1534777200
4690,R_2ebzj3o225IisIQ,PET_TOY,2018-08-20,1534777200
4691,R_2sbCr0DY5BIHWiF,SKIN_CLEANING_AGENT,2018-08-20,1534777200
4692,R_2wHwNZWEecJflLc,VEHICLE_SPOILER,2018-08-20,1534777200
4693,R_2xLvxRKX2448l9k,SHIRT,2018-08-20,1534777200
4694,R_2z7rLZb69WuqDdf,ELECTRONIC_COMPONENT,2018-08-20,1534777200
4695,R_30kPg5opkenrGPb,SKIN_MOISTURIZER,2018-08-20,1534777200
4696,R_30kPg5opkenrGPb,CYCLING_TIRE,2018-08-20,1534777200
4697,R_30kPg5opkenrGPb,TOYS_AND_GAMES,2018-08-20,1534777200
4698,R_32MgYCncUh7NkQE,SHOES,2018-08-20,1534777200
4699,R_32MgYCncUh7NkQE,SKIN_TREATMENT_MASK,2018-08-20,1534777200
4700,R_32MgYCncUh7NkQE,SHOES,2018-08-20,1534777200
4701,R_32WvdLjYpicai6o,ANIMAL_NUTRITIONAL_SUPPLEMENT,2018-08-20,1534777200
4702,R_333cPUAJRgYXqi1,GROCERY,2018-08-20,1534777200
4703,R_338AsE7QedeQ72w,NUTRITIONAL_SUPPLEMENT,2018-08-20,1534777200
4704,R_33dxSOlpYwYOjFE,GROCERY,2018-08-20,1534777200
4705,R_33dxSOlpYwYOjFE,SKIN_MOISTURIZER,2018-08-20,1534777200
4706,R_33dxSOlpYwYOjFE,SKIN_CLEANING_AGENT,2018-08-20,1534777200
4707,R_33dxSOlpYwYOjFE,VITAMIN,2018-08-20,1534777200
4708,R_33xxVtjHgiJnNli,SNACK_FOOD_BAR,2018-08-20,1534777200
4709,R_39HhVszlqdawZPP,SUIT,2018-08-20,1534777200
4710,R_3D7xJuXSy25PXbg,COFFEE,2018-08-20,1534777200
4711,R_3G7BILj5lidHb8M,SCULPTING_MATERIAL,2018-08-20,1534777200
4712,R_3GiFHVWzYKHT1F5,SHIRT,2018-08-20,1534777200
4713,R_3HgZOjGq4Ny969k,LAUNDRY_HAMPER,2018-08-20,1534777200
4714,R_3HgZOjGq4Ny969k,LAUNDRY_HAMPER,2018-08-20,1534777200
4715,R_3HgZOjGq4Ny969k,SNACK_FOOD_BAR,2018-08-20,1534777200
4716,R_3JnjKsPAuFGDhrx,TOOTH_CLEANING_AGENT,2018-08-20,1534777200
4717,R_3Jxiicg67etW2yt,HOT_TUB,2018-08-20,1534777200
4718,R_3L20DbmNPSMtKUd,SPORT_MITT,2018-08-20,1534777200
4719,R_3L8dgu12mdk2UVH,DECORATIVE_MAGNET,2018-08-20,1534777200
4720,R_3M3RSZ7wNRSaxNx,BOARD_GAME,2018-08-20,1534777200
4721,R_3MsY6hQO6rNgjhW,ELECTRONIC_CABLE,2018-08-20,1534777200
4722,R_3O9aPnM7ixjsbYK,SKIN_MOISTURIZER,2018-08-20,1534777200
4723,R_3PjlivvZHpECDkS,SELF_TANNER,2018-08-20,1534777200
4724,R_3PjlivvZHpECDkS,BATTERY,2018-08-20,1534777200
4725,R_3PjlivvZHpECDkS,SANDAL,2018-08-20,1534777200
4726,R_3Pwa112XZRRejbA,DAIRY_BASED_YOGURT,2018-08-20,1534777200
4727,R_3Pwa112XZRRejbA,SHIRT,2018-08-20,1534777200
4728,R_3dVMhrjV0qUkHSh,ENVELOPE,2018-08-20,1534777200
4729,R_3dVMhrjV0qUkHSh,VITAMIN,2018-08-20,1534777200
4730,R_3dVMhrjV0qUkHSh,PANTS,2018-08-20,1534777200
4731,R_3dVMhrjV0qUkHSh,SKIN_CLEANING_AGENT,2018-08-20,1534777200
4732,R_3dVMhrjV0qUkHSh,APPAREL,2018-08-20,1534777200
4733,R_3dVMhrjV0qUkHSh,MEDICATION,2018-08-20,1534777200
4734,R_3dVMhrjV0qUkHSh,KNEE_PAD,2018-08-20,1534777200
4735,R_3dVMhrjV0qUkHSh,SKIN_CLEANING_WIPE,2018-08-20,1534777200
4736,R_3dVMhrjV0qUkHSh,GROCERY,2018-08-20,1534777200
4737,R_3dVMhrjV0qUkHSh,PINBOARD,2018-08-20,1534777200
4738,R_3dVMhrjV0qUkHSh,SHIRT,2018-08-20,1534777200
4739,R_3elUFVVZ7XBmRkE,CELLULAR_PHONE_CASE,2018-08-20,1534777200
4740,R_3elUFVVZ7XBmRkE,DIGITAL_PICTURE_FRAME,2018-08-20,1534777200
4741,R_3elUFVVZ7XBmRkE,SKIN_MOISTURIZER,2018-08-20,1534777200
4742,R_3elUFVVZ7XBmRkE,GROCERY,2018-08-20,1534777200
4743,R_3elUFVVZ7XBmRkE,ELECTRONIC_CABLE,2018-08-20,1534777200
4744,R_3elUFVVZ7XBmRkE,CELLULAR_PHONE_CASE,2018-08-20,1534777200
4745,R_3elUFVVZ7XBmRkE,SOCKS,2018-08-20,1534777200
4746,R_3elUFVVZ7XBmRkE,PET_PEST_CONTROL,2018-08-20,1534777200
4747,R_3elUFVVZ7XBmRkE,JUMP_ROPE,2018-08-20,1534777200
4748,R_3elUFVVZ7XBmRkE,STAPLER,2018-08-20,1534777200
4749,R_3elUFVVZ7XBmRkE,BATTERY,2018-08-20,1534777200
4750,R_3hsFBjto7aXqKY7,CELLULAR_PHONE_CASE,2018-08-20,1534777200
4751,R_3ixUxNOUiEYD7KJ,HAIR_CARE_PRODUCT,2018-08-20,1534777200
4752,R_3m3H4mwZ2snYFua,SNACK_FOOD_BAR,2018-08-20,1534777200
4753,R_3nH1Odp9Yjm86gN,HEADPHONES,2018-08-20,1534777200
4754,R_3nH1Odp9Yjm86gN,NUTRITIONAL_SUPPLEMENT,2018-08-20,1534777200
4755,R_3no1gEkp3pV72Nn,PET_PEST_CONTROL,2018-08-20,1534777200
4756,R_3no1gEkp3pV72Nn,SNACK_FOOD_BAR,2018-08-20,1534777200
4757,R_3no1gEkp3pV72Nn,SKIN_MOISTURIZER,2018-08-20,1534777200
4758,R_3no1gEkp3pV72Nn,HEALTH_PERSONAL_CARE,2018-08-20,1534777200
4759,R_3no1gEkp3pV72Nn,POWER_STRIP,2018-08-20,1534777200
4760,R_3no1gEkp3pV72Nn,DRILL_BITS,2018-08-20,1534777200
4761,R_3no1gEkp3pV72Nn,PET_FOOD,2018-08-20,1534777200
4762,R_3oO3DoeTgXHrEzx,SHIRT,2018-08-20,1534777200
4763,R_3oO3DoeTgXHrEzx,ABIS_BOOK,2018-08-20,1534777200
4764,R_3qWnPpXqudB3ETJ,WEED_MOSS_CONTROL_AGENT,2018-08-20,1534777200
4765,R_3qWnPpXqudB3ETJ,TOYS_AND_GAMES,2018-08-20,1534777200
4766,R_3qWnPpXqudB3ETJ,ANIMAL_HARNESS,2018-08-20,1534777200
4767,R_3qWnPpXqudB3ETJ,HOOK_LOOP_FASTENER,2018-08-20,1534777200
4768,R_3qWnPpXqudB3ETJ,HEALTH_PERSONAL_CARE,2018-08-20,1534777200
4769,R_3qlnIILTEuzSyGe,ABIS_BOOK,2018-08-20,1534777200
4770,R_3qlnIILTEuzSyGe,PET_FOOD,2018-08-20,1534777200
4771,R_3qlnIILTEuzSyGe,HEALTH_PERSONAL_CARE,2018-08-20,1534777200
4772,R_3qlnIILTEuzSyGe,BICYCLE_TRAILER,2018-08-20,1534777200
4773,R_3qlnIILTEuzSyGe,ABIS_BOOK,2018-08-20,1534777200
4774,R_3s07B19Gl5Ix56W,VITAMIN,2018-08-20,1534777200
4775,R_3s07B19Gl5Ix56W,PHYSICAL_MOVIE,2018-08-20,1534777200
4776,R_3s07B19Gl5Ix56W,SKIN_MOISTURIZER,2018-08-20,1534777200
4777,R_3sBz3iR6jcNfJzt,VITAMIN,2018-08-20,1534777200
4778,R_3sBz3iR6jcNfJzt,SKIN_CLEANING_WIPE,2018-08-20,1534777200
4779,R_3socPWD3wXD0iDP,SCREEN_PROTECTOR,2018-08-20,1534777200
4780,R_3socPWD3wXD0iDP,HAIR_STYLING_AGENT,2018-08-20,1534777200
4781,R_5uabKnJBMc7HyEN,SCREEN_PROTECTOR,2018-08-20,1534777200
4782,R_5uabKnJBMc7HyEN,PET_FOOD,2018-08-20,1534777200
4783,R_6lnssfnXksO2ntf,SKIN_MOISTURIZER,2018-08-20,1534777200
4784,R_6lnssfnXksO2ntf,HEALTH_PERSONAL_CARE,2018-08-20,1534777200
4785,R_85OdkeCoFP5daLL,STORAGE_HOOK,2018-08-20,1534777200
4786,R_85OdkeCoFP5daLL,SKIN_MOISTURIZER,2018-08-20,1534777200
4787,R_85OdkeCoFP5daLL,WIND_CHIME,2018-08-20,1534777200
4788,R_8vnpSkm79W7Jsv7,BODY_POSITIONER,2018-08-20,1534777200
4789,R_ApVmIUhdKhewFtn,SCREEN_PROTECTOR,2018-08-20,1534777200
4790,R_BYr5WwayMBf66SR,CAMERA_SUPPORT,2018-08-20,1534777200
4791,R_OMNSdX5mDbUEZNf,ART_MEDIA_PAPER,2018-08-20,1534777200
4792,R_PwlnzzccUMXV0n7,SAUCE,2018-08-20,1534777200
4793,R_PwlnzzccUMXV0n7,SHOES,2018-08-20,1534777200
4794,R_PwlnzzccUMXV0n7,GARBAGE_DISPOSAL_UNIT,2018-08-20,1534777200
4795,R_PwlnzzccUMXV0n7,ELECTRONIC_CABLE,2018-08-20,1534777200
4796,R_RK5cwWjrNzWCfLj,PET_SUPPLIES,2018-08-20,1534777200
4797,R_RaeWxaWjb7z8CLT,SNOW_PANT,2018-08-20,1534777200
4798,R_RaeWxaWjb7z8CLT,SHOES,2018-08-20,1534777200
4799,R_RaeWxaWjb7z8CLT,HAIR_IRON,2018-08-20,1534777200
4800,R_SVHcBOlErkMEJjP,SKIN_MOISTURIZER,2018-08-20,1534777200
4801,R_SVHcBOlErkMEJjP,NUTRITIONAL_SUPPLEMENT,2018-08-20,1534777200
4802,R_T4THXKAQCwg9ZXb,NUTRITIONAL_SUPPLEMENT,2018-08-20,1534777200
4803,R_TtjiPpPxtkd5Vnz,PHYSICAL_TV_SERIES,2018-08-20,1534777200
4804,R_TtjiPpPxtkd5Vnz,TABLE,2018-08-20,1534777200
4805,R_TtjiPpPxtkd5Vnz,THERMOPLASTIC_FILAMENT,2018-08-20,1534777200
4806,R_TtjiPpPxtkd5Vnz,FISHING_EQUIPMENT,2018-08-20,1534777200
4807,R_UlOQHrMf1EiWKQx,BOTTLE,2018-08-20,1534777200
4808,R_UlOQHrMf1EiWKQx,HEADPHONES,2018-08-20,1534777200
4809,R_VKZzr77ll29A1iN,PHYSICAL_MOVIE,2018-08-20,1534777200
4810,R_Xhz81T9LodPX0KB,ABIS_BOOK,2018-08-20,1534777200
4811,R_Z4qMkqhWSmIbdSh,ANIMAL_HARNESS,2018-08-20,1534777200
4812,R_b3NWnTBcFyWqXjH,BAKEWARE_SET,2018-08-20,1534777200
4813,R_bPzwAFdlVaA87Vn,LANDLINE_PHONE,2018-08-20,1534777200
4814,R_bPzwAFdlVaA87Vn,SNACK_FOOD_BAR,2018-08-20,1534777200
4815,R_cBHNm1kpSiUUDGV,BATTERY,2018-08-20,1534777200
4816,R_d5O7dqvA1EWCrPb,CONDOM,2018-08-20,1534777200
4817,R_eyQl26Pq4cq0Xmx,DEEP_FRYER,2018-08-20,1534777200
4818,R_t0ccZ3CXpzqgSpr,GROCERY,2018-08-20,1534777200
4819,R_t0ccZ3CXpzqgSpr,ABIS_BOOK,2018-08-20,1534777200
4820,R_yILeYEcIeCBmy2t,SKIN_MOISTURIZER,2018-08-20,1534777200
4821,R_yILeYEcIeCBmy2t,STORAGE_DRAWER,2018-08-20,1534777200
4822,R_yILeYEcIeCBmy2t,SNACK_FOOD_BAR,2018-08-20,1534777200
4823,R_yILeYEcIeCBmy2t,LOCK,2018-08-20,1534777200
4824,R_yILeYEcIeCBmy2t,VITAMIN,2018-08-20,1534777200
4825,R_yILeYEcIeCBmy2t,LOCK,2018-08-20,1534777200
4826,R_0pRmRjHkwStzNQJ,SKIN_CLEANING_AGENT,2018-08-21,1534863600
4827,R_0wCTiXC54rMN0J3,HEALTH_PERSONAL_CARE,2018-08-21,1534863600
4828,R_10MFxyIhsIDW0nP,VITAMIN,2018-08-21,1534863600
4829,R_10MFxyIhsIDW0nP,ANCHOR_STAKE,2018-08-21,1534863600
4830,R_10uU7A3PqkL1i0o,CUTLERY,2018-08-21,1534863600
4831,R_1C4nKyrv0w2thJn,CELLULAR_PHONE_CASE,2018-08-21,1534863600
4832,R_1C75XRebT1eliL0,NUTRITIONAL_SUPPLEMENT,2018-08-21,1534863600
4833,R_1C9YUFD8GunlGej,SHOES,2018-08-21,1534863600
4834,R_1GWwhndoXXJDzDA,VITAMIN,2018-08-21,1534863600
4835,R_1GWwhndoXXJDzDA,HEALTH_PERSONAL_CARE,2018-08-21,1534863600
4836,R_1GghoTNZdgUeySl,POWER_STRIP,2018-08-21,1534863600
4837,R_1IN7vU4CWQnwLLx,SKIN_CLEANING_AGENT,2018-08-21,1534863600
4838,R_1IZBlduDFUJEphM,CARRIER_BAG_CASE,2018-08-21,1534863600
4839,R_1IaQCAaU1CcbXWO,DOOR,2018-08-21,1534863600
4840,R_1IaQCAaU1CcbXWO,PAW_HOOF_PROTECTOR,2018-08-21,1534863600
4841,R_1LRR1P5IQqdSvIP,ELECTRONIC_CABLE,2018-08-21,1534863600
4842,R_1NCzj2eSHI4QGcd,PANTS,2018-08-21,1534863600
4843,R_1Oov0G05pkQnKNn,PRETZEL,2018-08-21,1534863600
4844,R_1Oov0G05pkQnKNn,GROCERY,2018-08-21,1534863600
4845,R_1Q62CIVb2WAS8hB,HEALTH_PERSONAL_CARE,2018-08-21,1534863600
4846,R_1jUqdfR1Zz6mZMf,SHAMPOO,2018-08-21,1534863600
4847,R_1jUqdfR1Zz6mZMf,OFFICE_PRODUCTS,2018-08-21,1534863600
4848,R_1jUqdfR1Zz6mZMf,PET_FOOD,2018-08-21,1534863600
4849,R_1kLdd31W284Angd,HEALTH_PERSONAL_CARE,2018-08-21,1534863600
4850,R_1kLdd31W284Angd,NUTRITIONAL_SUPPLEMENT,2018-08-21,1534863600
4851,R_1kLdd31W284Angd,NUTRITIONAL_SUPPLEMENT,2018-08-21,1534863600
4852,R_1kLdd31W284Angd,SNACK_FOOD_BAR,2018-08-21,1534863600
4853,R_1l6OglubZSTYfi3,BICYCLE_TRAINER,2018-08-21,1534863600
4854,R_1l6OglubZSTYfi3,SCREEN_PROTECTOR,2018-08-21,1534863600
4855,R_1l6OglubZSTYfi3,HEADPHONES,2018-08-21,1534863600
4856,R_1l6OglubZSTYfi3,BATHING_SPONGE,2018-08-21,1534863600
4857,R_1l6OglubZSTYfi3,ABIS_BOOK,2018-08-21,1534863600
4858,R_1mQrQ5EFGvbBRLb,CARGO_STRAP,2018-08-21,1534863600
4859,R_1mQrQ5EFGvbBRLb,GROCERY,2018-08-21,1534863600
4860,R_1obwpb6iowh7vew,BONDING_ADHESIVES,2018-08-21,1534863600
4861,R_1obwpb6iowh7vew,PANTS,2018-08-21,1534863600
4862,R_1psTlOFeWx4gWdX,CELLULAR_PHONE_CASE,2018-08-21,1534863600
4863,R_1psTlOFeWx4gWdX,VITAMIN,2018-08-21,1534863600
4864,R_1pu4x2PBb4LrSWk,AUTO_OIL,2018-08-21,1534863600
4865,R_1pu4x2PBb4LrSWk,BATTERY,2018-08-21,1534863600
4866,R_1pu4x2PBb4LrSWk,VITAMIN,2018-08-21,1534863600
4867,R_1pu4x2PBb4LrSWk,OUTDOOR_LIVING,2018-08-21,1534863600
4868,R_1pu4x2PBb4LrSWk,PANTS,2018-08-21,1534863600
4869,R_1q7AvsyRPpTSWFi,SHOES,2018-08-21,1534863600
4870,R_1q7AvsyRPpTSWFi,PANTS,2018-08-21,1534863600
4871,R_20Yd9DvrGselmZY,SKIN_MOISTURIZER,2018-08-21,1534863600
4872,R_20Yd9DvrGselmZY,SKIN_CLEANING_AGENT,2018-08-21,1534863600
4873,R_21uibgT9dgqRD9J,PEN_MARKER_INK_CARTRIDGE_REFILL,2018-08-21,1534863600
4874,R_21uibgT9dgqRD9J,MANUAL_SHAVING_RAZOR,2018-08-21,1534863600
4875,R_21uibgT9dgqRD9J,APPAREL,2018-08-21,1534863600
4876,R_21uibgT9dgqRD9J,HEADPHONES,2018-08-21,1534863600
4877,R_23ThXRxY2BTPyy5,SKIN_PROTECTANT,2018-08-21,1534863600
4878,R_23eD9Db68xpXl0d,PHYSICAL_VIDEO_GAME_SOFTWARE,2018-08-21,1534863600
4879,R_23eD9Db68xpXl0d,CHAIR_MAT,2018-08-21,1534863600
4880,R_23eD9Db68xpXl0d,SHOES,2018-08-21,1534863600
4881,R_24MKoSmvuiLEI76,CELLULAR_PHONE_CASE,2018-08-21,1534863600
4882,R_24MKoSmvuiLEI76,TABLECLOTH,2018-08-21,1534863600
4883,R_24MKoSmvuiLEI76,DECORATIVE_RIBBON_TRIM,2018-08-21,1534863600
4884,R_24MKoSmvuiLEI76,TRAY,2018-08-21,1534863600
4885,R_24MKoSmvuiLEI76,ELECTRONIC_CABLE,2018-08-21,1534863600
4886,R_24MKoSmvuiLEI76,NUTRITIONAL_SUPPLEMENT,2018-08-21,1534863600
4887,R_24dbGLxukEKohG6,PANTS,2018-08-21,1534863600
4888,R_24dbGLxukEKohG6,FERTILIZER,2018-08-21,1534863600
4889,R_24dbGLxukEKohG6,ABIS_BOOK,2018-08-21,1534863600
4890,R_24dbGLxukEKohG6,HEALTH_PERSONAL_CARE,2018-08-21,1534863600
4891,R_24dbGLxukEKohG6,HARDWARE_TUBING,2018-08-21,1534863600
4892,R_277i50HinKYVoY9,AROMA_DIFFUSER,2018-08-21,1534863600
4893,R_277i50HinKYVoY9,GUITAR_EFFECT_DEVICE,2018-08-21,1534863600
4894,R_279ENCaNyRMf98u,SAUTE_FRY_PAN,2018-08-21,1534863600
4895,R_279ENCaNyRMf98u,SNACK_FOOD_BAR,2018-08-21,1534863600
4896,R_279ENCaNyRMf98u,VITAMIN,2018-08-21,1534863600
4897,R_279ENCaNyRMf98u,ITEM_STAND,2018-08-21,1534863600
4898,R_27DL80quzRiSEmq,NUT_BUTTER,2018-08-21,1534863600
4899,R_27DL80quzRiSEmq,PHYSICAL_SOFTWARE,2018-08-21,1534863600
4900,R_29oUfTgQ6sWbFG2,HEALTH_PERSONAL_CARE,2018-08-21,1534863600
4901,R_2DXPyU9bPnWuZPM,RADIO,2018-08-21,1534863600
4902,R_2En0sbvQ7s48ufv,PANTS,2018-08-21,1534863600
4903,R_2En0sbvQ7s48ufv,ABIS_BOOK,2018-08-21,1534863600
4904,R_2QQl58nFfrZayxf,SHOES,2018-08-21,1534863600
4905,R_2QQl58nFfrZayxf,BATTERY,2018-08-21,1534863600
4906,R_2QQl58nFfrZayxf,LIGHT_SOURCE,2018-08-21,1534863600
4907,R_2QQl58nFfrZayxf,TUNIC,2018-08-21,1534863600
4908,R_2Qu0fgUOnDpaKDH,ABIS_BOOK,2018-08-21,1534863600
4909,R_2Qu0fgUOnDpaKDH,MEDICATION,2018-08-21,1534863600
4910,R_2Qu0fgUOnDpaKDH,ELECTRONIC_CABLE,2018-08-21,1534863600
4911,R_2ToRb0eNQrFNM3u,WIND_CHIME,2018-08-21,1534863600
4912,R_2ToRb0eNQrFNM3u,WIND_CHIME,2018-08-21,1534863600
4913,R_2Vjq0u3IGbVbOBl,SKIN_CLEANING_AGENT,2018-08-21,1534863600
4914,R_2VwjXhJ5OznStEi,SHELF,2018-08-21,1534863600
4915,R_2WumP0iKDvwiM2r,HEADPHONES,2018-08-21,1534863600
4916,R_2Xj7LtCe2Mt8jNi,PET_FOOD,2018-08-21,1534863600
4917,R_2XoI6KbLJRGFz5X,MEDICATION,2018-08-21,1534863600
4918,R_2YKPfnktaDrPIYT,PORTABLE_ELECTRONIC_DEVICE_COVER,2018-08-21,1534863600
4919,R_2YKPfnktaDrPIYT,SKIN_FOUNDATION_CONCEALER,2018-08-21,1534863600
4920,R_2YKPfnktaDrPIYT,PANTS,2018-08-21,1534863600
4921,R_2YKPfnktaDrPIYT,PICTURE_FRAME,2018-08-21,1534863600
4922,R_2ZOgImZ5BSZcQoz,HAIR_REMOVAL_AGENT,2018-08-21,1534863600
4923,R_2ZOgImZ5BSZcQoz,PET_APPAREL,2018-08-21,1534863600
4924,R_2ZTFfLAcuwm22Yh,RECREATION_BALL,2018-08-21,1534863600
4925,R_2ZTFfLAcuwm22Yh,PHYSICAL_TV_SERIES,2018-08-21,1534863600
4926,R_2dFHfsIqQ6eEtVW,EYEWEAR,2018-08-21,1534863600
4927,R_2dFHfsIqQ6eEtVW,BOOT,2018-08-21,1534863600
4928,R_2dFHfsIqQ6eEtVW,CAMERA_TRIPOD,2018-08-21,1534863600
4929,R_2dFHfsIqQ6eEtVW,MEDICATION,2018-08-21,1534863600
4930,R_2dFHfsIqQ6eEtVW,JUMP_ROPE,2018-08-21,1534863600
4931,R_2dFHfsIqQ6eEtVW,SCREEN_PROTECTOR,2018-08-21,1534863600
4932,R_2dMef2oXr2I6RKU,PLIERS,2018-08-21,1534863600
4933,R_2dMef2oXr2I6RKU,SCREEN_PROTECTOR,2018-08-21,1534863600
4934,R_2mAJniG0xVBIInL,JUICER,2018-08-21,1534863600
4935,R_2mAJniG0xVBIInL,PET_FOOD,2018-08-21,1534863600
4936,R_2mAJniG0xVBIInL,TOYS_AND_GAMES,2018-08-21,1534863600
4937,R_2mAJniG0xVBIInL,PANTS,2018-08-21,1534863600
4938,R_2mAJniG0xVBIInL,POWER_STRIP,2018-08-21,1534863600
4939,R_2pWwhBj1ZE9iNrB,LAB_CHEMICAL,2018-08-21,1534863600
4940,R_2pWwhBj1ZE9iNrB,ANTI_FATIGUE_FLOOR_MAT,2018-08-21,1534863600
4941,R_2q2hekIiutgInrE,HUMIDIFIER,2018-08-21,1534863600
4942,R_2q2hekIiutgInrE,VIDEO_GAME_CONTROLLER,2018-08-21,1534863600
4943,R_2r7Zl5CTeW1dMqd,HAIR_COMB,2018-08-21,1534863600
4944,R_2r7Zl5CTeW1dMqd,MUSICAL_INSTRUMENT_TOY,2018-08-21,1534863600
4945,R_2r7Zl5CTeW1dMqd,ANIMAL_CARRIER,2018-08-21,1534863600
4946,R_2r7Zl5CTeW1dMqd,ANIMAL_CARRIER,2018-08-21,1534863600
4947,R_2r7Zl5CTeW1dMqd,JUMP_ROPE,2018-08-21,1534863600
4948,R_2r7Zl5CTeW1dMqd,REFRIGERATOR,2018-08-21,1534863600
4949,R_2uIMLcJgQmb0v3G,BATTERY,2018-08-21,1534863600
4950,R_2uZDxTZAORBIW1o,POWER_SUPPLY,2018-08-21,1534863600
4951,R_2uZDxTZAORBIW1o,MEDICATION,2018-08-21,1534863600
4952,R_2uZDxTZAORBIW1o,SKIN_CLEANING_AGENT,2018-08-21,1534863600
4953,R_2uZDxTZAORBIW1o,BLAZER,2018-08-21,1534863600
4954,R_2uZDxTZAORBIW1o,PANTS,2018-08-21,1534863600
4955,R_2ugDyrE1yi1FjvH,BED_SLATS,2018-08-21,1534863600
4956,R_2ugDyrE1yi1FjvH,PASTRY_BASTING_BRUSH,2018-08-21,1534863600
4957,R_2wzatCV9Z18xLF2,PET_FOOD,2018-08-21,1534863600
4958,R_2wzatCV9Z18xLF2,ABIS_DVD,2018-08-21,1534863600
4959,R_2wzatCV9Z18xLF2,SOLDERING_IRON,2018-08-21,1534863600
4960,R_2wzatCV9Z18xLF2,PAW_HOOF_PROTECTOR,2018-08-21,1534863600
4961,R_2yjckpDXWcsiLPz,CYCLING_TIRE_TUBE,2018-08-21,1534863600
4962,R_2yplkUxhAWZaFUL,SHIRT,2018-08-21,1534863600
4963,R_32UZncFA03IrQwQ,SPEAKERS,2018-08-21,1534863600
4964,R_338AsE7QedeQ72w,BLANK_STORAGE_MEDIA,2018-08-21,1534863600
4965,R_3D8fwycJF7eksBo,SKIN_CLEANING_AGENT,2018-08-21,1534863600
4966,R_3D8fwycJF7eksBo,SKIN_CLEANING_AGENT,2018-08-21,1534863600
4967,R_3D8fwycJF7eksBo,SNACK_FOOD_BAR,2018-08-21,1534863600
4968,R_3DqB7pyNczSugtj,HEADPHONES,2018-08-21,1534863600
4969,R_3FPeOTnJa3dJ112,GROCERY,2018-08-21,1534863600
4970,R_3FPeOTnJa3dJ112,TOY_FIGURE,2018-08-21,1534863600
4971,R_3FRSHAzxtL6ifms,PANTS,2018-08-21,1534863600
4972,R_3FRSHAzxtL6ifms,HEALTH_PERSONAL_CARE,2018-08-21,1534863600
4973,R_3FRSHAzxtL6ifms,TUNIC,2018-08-21,1534863600
4974,R_3GqfePl8gH1VWP1,SHOES,2018-08-21,1534863600
4975,R_3GqfePl8gH1VWP1,SHIRT,2018-08-21,1534863600
4976,R_3GqfePl8gH1VWP1,VITAMIN,2018-08-21,1534863600
4977,R_3HLKIA2u3ZnY9lM,NUTRITIONAL_SUPPLEMENT,2018-08-21,1534863600
4978,R_3HLKIA2u3ZnY9lM,ANIMAL_LITTER,2018-08-21,1534863600
4979,R_3HLKIA2u3ZnY9lM,SCREEN_PROTECTOR,2018-08-21,1534863600
4980,R_3HgZOjGq4Ny969k,REMOTE_CONTROL,2018-08-21,1534863600
4981,R_3Hphzg7zu04Hgy1,MEDICATION,2018-08-21,1534863600
4982,R_3HzRfw5sNEvrFRf,SKIN_CLEANING_AGENT,2018-08-21,1534863600
4983,R_3HzRfw5sNEvrFRf,PAJAMAS,2018-08-21,1534863600
4984,R_3J8UIMbwljBx6df,WEIGHT_PLATE,2018-08-21,1534863600
4985,R_3J8UIMbwljBx6df,COORDINATED_OUTFIT,2018-08-21,1534863600
4986,R_3JjRmgOh3ZydDiW,INPUT_OUTPUT_CARD,2018-08-21,1534863600
4987,R_3JjRmgOh3ZydDiW,POWER_STRIP,2018-08-21,1534863600
4988,R_3JjRmgOh3ZydDiW,SKIN_CLEANING_AGENT,2018-08-21,1534863600
4989,R_3JjRmgOh3ZydDiW,HEADPHONES,2018-08-21,1534863600
4990,R_3JjRmgOh3ZydDiW,CELLULAR_PHONE_CASE,2018-08-21,1534863600
4991,R_3JjRmgOh3ZydDiW,INTERNAL_MEMORY,2018-08-21,1534863600
4992,R_3JjRmgOh3ZydDiW,PANTS,2018-08-21,1534863600
4993,R_3JjRmgOh3ZydDiW,TOOL_CHUCK,2018-08-21,1534863600
4994,R_3JjRmgOh3ZydDiW,SKIN_CLEANING_AGENT,2018-08-21,1534863600
4995,R_3JjRmgOh3ZydDiW,SKIN_MOISTURIZER,2018-08-21,1534863600
4996,R_3JjRmgOh3ZydDiW,BODY_DEODORANT,2018-08-21,1534863600
4997,R_3JjRmgOh3ZydDiW,CELLULAR_PHONE_CASE,2018-08-21,1534863600
4998,R_3JjRmgOh3ZydDiW,SKIN_MOISTURIZER,2018-08-21,1534863600
4999,R_3JjRmgOh3ZydDiW,INTERNAL_MEMORY,2018-08-21,1534863600
5000,R_3KHiP9QpzA2COVL,ABIS_BOOK,2018-08-21,1534863600
5001,R_3MnSLQdJkly3wfg,HEALTH_PERSONAL_CARE,2018-08-21,1534863600
5002,R_3MsBFFMO0AQslDO,ABIS_BOOK,2018-08-21,1534863600
5003,R_3MsBFFMO0AQslDO,VEHICLE_TIRE,2018-08-21,1534863600
5004,R_3MsBFFMO0AQslDO,CORE_PIT_REMOVER,2018-08-21,1534863600
5005,R_3MsBFFMO0AQslDO,LOCK,2018-08-21,1534863600
5006,R_3MsBFFMO0AQslDO,VITAMIN,2018-08-21,1534863600
5007,R_3PAyJj7mQvMzMco,TOYS_AND_GAMES,2018-08-21,1534863600
5008,R_3PUi8o2if0JqKfl,GROCERY,2018-08-21,1534863600
5009,R_3PUi8o2if0JqKfl,BATTERY,2018-08-21,1534863600
5010,R_3QE72T2NXn4ninT,SNACK_FOOD_BAR,2018-08-21,1534863600
5011,R_3QE72T2NXn4ninT,PANTS,2018-08-21,1534863600
5012,R_3iydBpfsKD9jRTq,GROCERY,2018-08-21,1534863600
5013,R_3iydBpfsKD9jRTq,SPORT_BOARD_SKI,2018-08-21,1534863600
5014,R_3iydBpfsKD9jRTq,GROCERY,2018-08-21,1534863600
5015,R_3j85NmXEyjQjcD3,NAIL_POLISH_BRUSH,2018-08-21,1534863600
5016,R_3j85NmXEyjQjcD3,BEAUTY,2018-08-21,1534863600
5017,R_3j85NmXEyjQjcD3,SKIN_MOISTURIZER,2018-08-21,1534863600
5018,R_3kM9FhqXba9VXRS,MEDICATION,2018-08-21,1534863600
5019,R_3kM9FhqXba9VXRS,SPORTING_GOODS,2018-08-21,1534863600
5020,R_3n5zOvmozURNzXz,SNACK_FOOD_BAR,2018-08-21,1534863600
5021,R_3n5zOvmozURNzXz,GROCERY,2018-08-21,1534863600
5022,R_3qe2tDpGxexEAso,MEDICATION,2018-08-21,1534863600
5023,R_3qlnIILTEuzSyGe,LAMINATOR,2018-08-21,1534863600
5024,R_3qlnIILTEuzSyGe,SCREEN_PROTECTOR,2018-08-21,1534863600
5025,R_3rZHdmB75jSgwhr,VACUUM_CLEANER,2018-08-21,1534863600
5026,R_3socPWD3wXD0iDP,TOYS_AND_GAMES,2018-08-21,1534863600
5027,R_4PhRzF4UI9ooLh7,ANIMAL_STAIR,2018-08-21,1534863600
5028,R_4PhRzF4UI9ooLh7,ABIS_BOOK,2018-08-21,1534863600
5029,R_4PhRzF4UI9ooLh7,TABLETOP_GAME,2018-08-21,1534863600
5030,R_4PhRzF4UI9ooLh7,SNACK_FOOD_BAR,2018-08-21,1534863600
5031,R_4PhRzF4UI9ooLh7,ART_CRAFT_KIT,2018-08-21,1534863600
5032,R_6RpwKYK0Mr2zKBH,DRINK_FLAVORED,2018-08-21,1534863600
5033,R_6RpwKYK0Mr2zKBH,RECREATION_BALL,2018-08-21,1534863600
5034,R_6RpwKYK0Mr2zKBH,FOOD_STORAGE_BAG,2018-08-21,1534863600
5035,R_6RpwKYK0Mr2zKBH,FOOD_STORAGE_BAG,2018-08-21,1534863600
5036,R_6RpwKYK0Mr2zKBH,FOOD_STORAGE_BAG,2018-08-21,1534863600
5037,R_6RpwKYK0Mr2zKBH,PET_FOOD,2018-08-21,1534863600
5038,R_6RpwKYK0Mr2zKBH,PARTY_FAVOR,2018-08-21,1534863600
5039,R_6RpwKYK0Mr2zKBH,SHIRT,2018-08-21,1534863600
5040,R_6RpwKYK0Mr2zKBH,PET_FOOD,2018-08-21,1534863600
5041,R_85OdkeCoFP5daLL,PET_FOOD,2018-08-21,1534863600
5042,R_85OdkeCoFP5daLL,ABIS_BOOK,2018-08-21,1534863600
5043,R_85OdkeCoFP5daLL,VITAMIN,2018-08-21,1534863600
5044,R_85OdkeCoFP5daLL,SWIMWEAR,2018-08-21,1534863600
5045,R_85OdkeCoFP5daLL,LITTER_BOX,2018-08-21,1534863600
5046,R_85OdkeCoFP5daLL,EYELID_COLOR,2018-08-21,1534863600
5047,R_85OdkeCoFP5daLL,TWEEZER,2018-08-21,1534863600
5048,R_85OdkeCoFP5daLL,EYELID_COLOR,2018-08-21,1534863600
5049,R_85OdkeCoFP5daLL,SKILL_APPLICATION,2018-08-21,1534863600
5050,R_85OdkeCoFP5daLL,MOTORCYCLE_ACCESSORY,2018-08-21,1534863600
5051,R_85OdkeCoFP5daLL,CABINET,2018-08-21,1534863600
5052,R_85OdkeCoFP5daLL,TWEEZER,2018-08-21,1534863600
5053,R_85OdkeCoFP5daLL,SHIRT,2018-08-21,1534863600
5054,R_85OdkeCoFP5daLL,TOYS_AND_GAMES,2018-08-21,1534863600
5055,R_85OdkeCoFP5daLL,HOME_LIGHTING_AND_LAMPS,2018-08-21,1534863600
5056,R_8piDwWBq7V7tyZb,ELECTRONIC_CABLE,2018-08-21,1534863600
5057,R_AKBlDprDMrv4M7v,LAWN_MOWER,2018-08-21,1534863600
5058,R_AKBlDprDMrv4M7v,PET_FOOD,2018-08-21,1534863600
5059,R_AKBlDprDMrv4M7v,HARDWARE_TUBING,2018-08-21,1534863600
5060,R_BWhnv4EdbhSS6rf,FOOD_OR_BEVERAGE_WARMER,2018-08-21,1534863600
5061,R_O6ZX76mggPnAOfD,SNACK_FOOD_BAR,2018-08-21,1534863600
5062,R_O6ZX76mggPnAOfD,RICE_COOKERS,2018-08-21,1534863600
5063,R_OGN3QDO9930tfAl,MISC_OTHER,2018-08-21,1534863600
5064,R_Ui78k1hRGuGWhln,CLOTH_NAPKIN,2018-08-21,1534863600
5065,R_Ui78k1hRGuGWhln,SHIRT,2018-08-21,1534863600
5066,R_Ui78k1hRGuGWhln,PET_FOOD,2018-08-21,1534863600
5067,R_Uit4G2WjoT7WM6d,GREETING_CARD,2018-08-21,1534863600
5068,R_XAphEY817eORyx3,KEYBOARDS,2018-08-21,1534863600
5069,R_XAphEY817eORyx3,VACUUM_CLEANER_BAG,2018-08-21,1534863600
5070,R_Xhz81T9LodPX0KB,ABIS_ELECTRONICS,2018-08-21,1534863600
5071,R_Xhz81T9LodPX0KB,BEAUTY,2018-08-21,1534863600
5072,R_b8UnkZJoU93ZxEB,PET_FOOD,2018-08-21,1534863600
5073,R_bJI8lmXMZWL6oql,SKIN_CLEANING_WIPE,2018-08-21,1534863600
5074,R_etgq3mVPgoz8CyZ,SKIN_CLEANING_AGENT,2018-08-21,1534863600
5075,R_etgq3mVPgoz8CyZ,SKIN_MOISTURIZER,2018-08-21,1534863600
5076,R_pzMCRYrC0qiSwIF,PANTS,2018-08-21,1534863600
5077,R_pzMCRYrC0qiSwIF,MEDICATION,2018-08-21,1534863600
5078,R_pzMCRYrC0qiSwIF,CADDY,2018-08-21,1534863600
5079,R_qxTrp3qz2YCQAnv,PET_TOY,2018-08-21,1534863600
5080,R_tSTu20YCb20zL5D,FOOD_SLICER,2018-08-21,1534863600
5081,R_tSTu20YCb20zL5D,ANCHOR_STAKE,2018-08-21,1534863600
5082,R_uqbcSq7y153jKmZ,HEALTH_PERSONAL_CARE,2018-08-21,1534863600
5083,R_uqbcSq7y153jKmZ,RUG,2018-08-21,1534863600
5084,R_x0hVvTTXGQY9FRf,PACIFIER,2018-08-21,1534863600
5085,R_x0hVvTTXGQY9FRf,BATH_TOY,2018-08-21,1534863600
5086,R_x0hVvTTXGQY9FRf,MEDICATION,2018-08-21,1534863600
5087,R_xcs1aVCVrBlXkgV,POWERSPORTS_PROTECTIVE_GEAR,2018-08-21,1534863600
5088,R_xcs1aVCVrBlXkgV,PHYSICAL_MOVIE,2018-08-21,1534863600
5089,R_xcs1aVCVrBlXkgV,PHYSICAL_MOVIE,2018-08-21,1534863600
5090,R_0pRmRjHkwStzNQJ,TOYS_AND_GAMES,2018-08-22,1534950000
5091,R_0pRmRjHkwStzNQJ,SOCKS,2018-08-22,1534950000
5092,R_0pRmRjHkwStzNQJ,SKIN_MOISTURIZER,2018-08-22,1534950000
5093,R_0pRmRjHkwStzNQJ,SNACK_FOOD_BAR,2018-08-22,1534950000
5094,R_10TA7pCDmelHi5H,MOTHERBOARD,2018-08-22,1534950000
5095,R_11WUgIV4IWfGoDX,GARDEN_TOOL_SET,2018-08-22,1534950000
5096,R_11WUgIV4IWfGoDX,SKIN_MOISTURIZER,2018-08-22,1534950000
5097,R_128UcvT7YzJpnZv,WRIST_REST,2018-08-22,1534950000
5098,R_128UcvT7YzJpnZv,HEADPHONES,2018-08-22,1534950000
5099,R_128UcvT7YzJpnZv,SCREEN_PROTECTOR,2018-08-22,1534950000
5100,R_12bC3rUwQ2h1sz5,BATTERY,2018-08-22,1534950000
5101,R_1C9YUFD8GunlGej,SPRAY_BOTTLE,2018-08-22,1534950000
5102,R_1C9YUFD8GunlGej,MEDICATION,2018-08-22,1534950000
5103,R_1CrP2yfBldcblJm,HEADPHONES,2018-08-22,1534950000
5104,R_1DJ4QJgrJwK7g3Y,HEADPHONES,2018-08-22,1534950000
5105,R_1DJ4QJgrJwK7g3Y,SAFE,2018-08-22,1534950000
5106,R_1DYWdbAMt6LyCZH,ABIS_BOOK,2018-08-22,1534950000
5107,R_1Egu0oETMcJuIOb,SYRINGE,2018-08-22,1534950000
5108,R_1Egu0oETMcJuIOb,SKIN_CLEANING_AGENT,2018-08-22,1534950000
5109,R_1F35QiIK5csZBEC,VIVARIUM,2018-08-22,1534950000
5110,R_1FJHvQm83j8lK35,SKIN_MOISTURIZER,2018-08-22,1534950000
5111,R_1FJHvQm83j8lK35,PANTS,2018-08-22,1534950000
5112,R_1FJHvQm83j8lK35,HEADPHONES,2018-08-22,1534950000
5113,R_1FJHvQm83j8lK35,PANTS,2018-08-22,1534950000
5114,R_1FJHvQm83j8lK35,PANTS,2018-08-22,1534950000
5115,R_1FJHvQm83j8lK35,SHOES,2018-08-22,1534950000
5116,R_1FJHvQm83j8lK35,MEDICATION,2018-08-22,1534950000
5117,R_1FJHvQm83j8lK35,NUTRITIONAL_SUPPLEMENT,2018-08-22,1534950000
5118,R_1FJHvQm83j8lK35,SKIN_MOISTURIZER,2018-08-22,1534950000
5119,R_1FJHvQm83j8lK35,SCREEN_PROTECTOR,2018-08-22,1534950000
5120,R_1FJHvQm83j8lK35,TEA,2018-08-22,1534950000
5121,R_1FJHvQm83j8lK35,TOYS_AND_GAMES,2018-08-22,1534950000
5122,R_1FJHvQm83j8lK35,SCREEN_PROTECTOR,2018-08-22,1534950000
5123,R_1FJHvQm83j8lK35,MEDICATION,2018-08-22,1534950000
5124,R_1IZBlduDFUJEphM,ELECTRONIC_CABLE,2018-08-22,1534950000
5125,R_1NDq0rxoUSu6oyz,INCONTINENCE_PROTECTOR,2018-08-22,1534950000
5126,R_1NDq0rxoUSu6oyz,ELECTRONIC_CABLE,2018-08-22,1534950000
5127,R_1QKu8qtvgo0d1uS,GROCERY,2018-08-22,1534950000
5128,R_1QKu8qtvgo0d1uS,MAGAZINES,2018-08-22,1534950000
5129,R_1dAhJdFXHV5xmMG,SKIN_MOISTURIZER,2018-08-22,1534950000
5130,R_1dAhJdFXHV5xmMG,NUTS,2018-08-22,1534950000
5131,R_1dAhJdFXHV5xmMG,NUTRITIONAL_SUPPLEMENT,2018-08-22,1534950000
5132,R_1dFu7LeBJE3Wd6p,TOYS_AND_GAMES,2018-08-22,1534950000
5133,R_1esG9Jlh9NISLaO,HEALTH_PERSONAL_CARE,2018-08-22,1534950000
5134,R_1esG9Jlh9NISLaO,SKIN_CLEANING_AGENT,2018-08-22,1534950000
5135,R_1esG9Jlh9NISLaO,BOOKSHELF_OR_MICRO_STEREO_SYS,2018-08-22,1534950000
5136,R_1exepO2lYqHFR9q,MEDICATION,2018-08-22,1534950000
5137,R_1exepO2lYqHFR9q,SAFETY_SUPPLY,2018-08-22,1534950000
5138,R_1exepO2lYqHFR9q,NUTRITIONAL_SUPPLEMENT,2018-08-22,1534950000
5139,R_1exepO2lYqHFR9q,SAFETY_SUPPLY,2018-08-22,1534950000
5140,R_1exepO2lYqHFR9q,MANUAL_SHAVING_RAZOR,2018-08-22,1534950000
5141,R_1exepO2lYqHFR9q,ANIMAL_CARRIER,2018-08-22,1534950000
5142,R_1exepO2lYqHFR9q,SKIN_EXFOLIANT,2018-08-22,1534950000
5143,R_1exepO2lYqHFR9q,VITAMIN,2018-08-22,1534950000
5144,R_1f1PzEZw8H2N4zm,MEDICATION,2018-08-22,1534950000
5145,R_1hFMTehZQIAcBvZ,SANDER,2018-08-22,1534950000
5146,R_1hLPyY3aamfi3xT,PHYSICAL_MOVIE,2018-08-22,1534950000
5147,R_1jZkLNE1JdtyVpH,TOYS_AND_GAMES,2018-08-22,1534950000
5148,R_1jZkLNE1JdtyVpH,ABIS_GIFT_CARD,2018-08-22,1534950000
5149,R_1jZkLNE1JdtyVpH,JAR,2018-08-22,1534950000
5150,R_1jZkLNE1JdtyVpH,FACE_SHAPING_MAKEUP,2018-08-22,1534950000
5151,R_1jZkLNE1JdtyVpH,SNACK_FOOD_BAR,2018-08-22,1534950000
5152,R_1jZkLNE1JdtyVpH,SNACK_CHIP_AND_CRISP,2018-08-22,1534950000
5153,R_1l6OglubZSTYfi3,PET_FOOD,2018-08-22,1534950000
5154,R_1l6OglubZSTYfi3,SURVEILLANCE_RECORDER_SYSTEM,2018-08-22,1534950000
5155,R_1l6OglubZSTYfi3,PILLOWCASE,2018-08-22,1534950000
5156,R_1l6OglubZSTYfi3,ABRASIVE_WHEELS,2018-08-22,1534950000
5157,R_1l6OglubZSTYfi3,BED_LINEN_SET,2018-08-22,1534950000
5158,R_1lxYa2W6GgcAQ19,SKIN_MOISTURIZER,2018-08-22,1534950000
5159,R_1lxYa2W6GgcAQ19,BOOKS_1973_AND_LATER,2018-08-22,1534950000
5160,R_1mxX9jjBSLwxiDU,HEALTH_PERSONAL_CARE,2018-08-22,1534950000
5161,R_1pm2Wo5wrQSY0Gm,GROCERY,2018-08-22,1534950000
5162,R_1pm2Wo5wrQSY0Gm,UNDERGARMENT_THIGH_SLIMMER,2018-08-22,1534950000
5163,R_1pm2Wo5wrQSY0Gm,SPEAKERS,2018-08-22,1534950000
5164,R_1pu4x2PBb4LrSWk,AUTO_ACCESSORY,2018-08-22,1534950000
5165,R_1pu4x2PBb4LrSWk,MEDICATION,2018-08-22,1534950000
5166,R_1r8u9f1vT8Y3HrC,THERMOPLASTIC_FILAMENT,2018-08-22,1534950000
5167,R_20Yd9DvrGselmZY,HEADPHONES,2018-08-22,1534950000
5168,R_20Yd9DvrGselmZY,TOYS_AND_GAMES,2018-08-22,1534950000
5169,R_210tLKdUbUZuf7O,TOYS_AND_GAMES,2018-08-22,1534950000
5170,R_22QYpfx86KSwry8,SKIN_TREATMENT_MASK,2018-08-22,1534950000
5171,R_24csoaO569P4Yzz,SHIRT,2018-08-22,1534950000
5172,R_24csoaO569P4Yzz,PAINT_BRUSH,2018-08-22,1534950000
5173,R_24csoaO569P4Yzz,PUZZLES,2018-08-22,1534950000
5174,R_25Wwg273Uw26jA1,SHIRT,2018-08-22,1534950000
5175,R_25YqaojEWt641sK,SNACK_FOOD_BAR,2018-08-22,1534950000
5176,R_25YqaojEWt641sK,CARABINER,2018-08-22,1534950000
5177,R_26nB6rfoaXIEb6Z,COOLING_RACK,2018-08-22,1534950000
5178,R_27B5jMHYqArQV6X,PHYSICAL_TV_SERIES,2018-08-22,1534950000
5179,R_27DL80quzRiSEmq,SKIN_MOISTURIZER,2018-08-22,1534950000
5180,R_27DL80quzRiSEmq,PHYSICAL_MOVIE,2018-08-22,1534950000
5181,R_27DL80quzRiSEmq,SKIN_CLEANING_AGENT,2018-08-22,1534950000
5182,R_27DL80quzRiSEmq,BATTERY,2018-08-22,1534950000
5183,R_27DL80quzRiSEmq,SHOES,2018-08-22,1534950000
5184,R_27llfKLBUotowNk,SKIN_MOISTURIZER,2018-08-22,1534950000
5185,R_27llfKLBUotowNk,ABIS_BEAUTY,2018-08-22,1534950000
5186,R_27qJlbWdpVVH31y,SHIRT,2018-08-22,1534950000
5187,R_2ASz0xBmcxqYzUJ,CLEANING_AGENT,2018-08-22,1534950000
5188,R_2ASz0xBmcxqYzUJ,ACCESSORY_OR_PART_OR_SUPPLY,2018-08-22,1534950000
5189,R_2BsOEd1kkGunQti,KITCHEN,2018-08-22,1534950000
5190,R_2BsOEd1kkGunQti,DIE_CUT_MACHINE,2018-08-22,1534950000
5191,R_2OOq3ysdOS3TtBd,ABIS_BOOK,2018-08-22,1534950000
5192,R_2QRtVOQUzfFxAg0,KNEE_PAD,2018-08-22,1534950000
5193,R_2QRtVOQUzfFxAg0,LADDER,2018-08-22,1534950000
5194,R_2QswpKsGnL3NBXE,SHIRT,2018-08-22,1534950000
5195,R_2Qu0fgUOnDpaKDH,SKIN_MOISTURIZER,2018-08-22,1534950000
5196,R_2SowakeS8ZQebAD,UNDERPANTS,2018-08-22,1534950000
5197,R_2SowakeS8ZQebAD,SPROCKETS,2018-08-22,1534950000
5198,R_2SowakeS8ZQebAD,PHOTOGRAPHIC_FILM,2018-08-22,1534950000
5199,R_2TEGPne2Cu1LmmT,JEWELRY_SET,2018-08-22,1534950000
5200,R_2VyUSFk11bbTVej,WEIGHT_PLATE,2018-08-22,1534950000
5201,R_2WumP0iKDvwiM2r,VITAMIN,2018-08-22,1534950000
5202,R_2XoI6KbLJRGFz5X,RUG,2018-08-22,1534950000
5203,R_2XoI6KbLJRGFz5X,SKIN_MOISTURIZER,2018-08-22,1534950000
5204,R_2YJLVqCGAyLiODQ,SHIRT,2018-08-22,1534950000
5205,R_2YKPfnktaDrPIYT,KITCHEN_KNIFE,2018-08-22,1534950000
5206,R_2YKPfnktaDrPIYT,SKIN_CLEANING_AGENT,2018-08-22,1534950000
5207,R_2YKPfnktaDrPIYT,SKIN_CLEANING_AGENT,2018-08-22,1534950000
5208,R_2YKPfnktaDrPIYT,SCREEN_PROTECTOR,2018-08-22,1534950000
5209,R_2YKPfnktaDrPIYT,SNACK_FOOD_BAR,2018-08-22,1534950000
5210,R_2YKPfnktaDrPIYT,MOUNT_BRACKET,2018-08-22,1534950000
5211,R_2YKPfnktaDrPIYT,KNEE_PAD,2018-08-22,1534950000
5212,R_2YVQQRVSdj7M8Va,SHIRT,2018-08-22,1534950000
5213,R_2YVQQRVSdj7M8Va,SHIRT,2018-08-22,1534950000
5214,R_2YVQQRVSdj7M8Va,COFFEE_MAKER,2018-08-22,1534950000
5215,R_2YVQQRVSdj7M8Va,NUTRITIONAL_SUPPLEMENT,2018-08-22,1534950000
5216,R_2aKrOq0DBielcig,ICE_CREAM_MAKER,2018-08-22,1534950000
5217,R_2aKrOq0DBielcig,TOYS_AND_GAMES,2018-08-22,1534950000
5218,R_2aKrOq0DBielcig,SKIN_CLEANING_AGENT,2018-08-22,1534950000
5219,R_2c0kxk2rIJClCxm,BASKET,2018-08-22,1534950000
5220,R_2c0kxk2rIJClCxm,MASSAGER,2018-08-22,1534950000
5221,R_2c0kxk2rIJClCxm,TOYS_AND_GAMES,2018-08-22,1534950000
5222,R_2ebzj3o225IisIQ,PANTS,2018-08-22,1534950000
5223,R_2f7MFUqYnEv92pF,BATTERY,2018-08-22,1534950000
5224,R_2fxhde3AmAoBQBS,BATTERY,2018-08-22,1534950000
5225,R_2fxhde3AmAoBQBS,SHOES,2018-08-22,1534950000
5226,R_2mAJniG0xVBIInL,GROCERY,2018-08-22,1534950000
5227,R_2ri4RVtvkxnZzHj,HEALTH_PERSONAL_CARE,2018-08-22,1534950000
5228,R_2uIMLcJgQmb0v3G,PET_FOOD,2018-08-22,1534950000
5229,R_2uZDxTZAORBIW1o,TREADMILL,2018-08-22,1534950000
5230,R_2uZDxTZAORBIW1o,TOYS_AND_GAMES,2018-08-22,1534950000
5231,R_2uZDxTZAORBIW1o,HEADPHONES,2018-08-22,1534950000
5232,R_2uZDxTZAORBIW1o,VITAMIN,2018-08-22,1534950000
5233,R_2uZDxTZAORBIW1o,SKIN_CLEANING_AGENT,2018-08-22,1534950000
5234,R_2uZDxTZAORBIW1o,SPORTING_GOODS,2018-08-22,1534950000
5235,R_2uZDxTZAORBIW1o,SOUS_VIDE_MACHINE,2018-08-22,1534950000
5236,R_2uZDxTZAORBIW1o,SKIN_CLEANING_AGENT,2018-08-22,1534950000
5237,R_2uZDxTZAORBIW1o,PHYSICAL_MOVIE,2018-08-22,1534950000
5238,R_2uZDxTZAORBIW1o,MEDICATION,2018-08-22,1534950000
5239,R_2ugDyrE1yi1FjvH,VEHICLE_BRAKE_PAD,2018-08-22,1534950000
5240,R_2woyYEH5qlAG264,GAME_DICE,2018-08-22,1534950000
5241,R_2xxvsVGQ2kSdXpV,LIGHT_BOX,2018-08-22,1534950000
5242,R_2xxvsVGQ2kSdXpV,WOUND_DRESSING,2018-08-22,1534950000
5243,R_2z7rLZb69WuqDdf,PORTABLE_STOVE,2018-08-22,1534950000
5244,R_2z7rLZb69WuqDdf,TOYS_AND_GAMES,2018-08-22,1534950000
5245,R_2ze9t15YGQDJxR3,ELECTRONIC_CABLE,2018-08-22,1534950000
5246,R_32WvdLjYpicai6o,ORTHOPEDIC_BRACE,2018-08-22,1534950000
5247,R_33El0GX9AkXCVDU,HEALTH_PERSONAL_CARE,2018-08-22,1534950000
5248,R_33El0GX9AkXCVDU,CARGO_NET,2018-08-22,1534950000
5249,R_33jcUkAZ8knoq82,FISHING_LINE,2018-08-22,1534950000
5250,R_33jcUkAZ8knoq82,TEXTILE_DEODORIZER,2018-08-22,1534950000
5251,R_39HhVszlqdawZPP,RUG,2018-08-22,1534950000
5252,R_3D8fwycJF7eksBo,SHIRT,2018-08-22,1534950000
5253,R_3D8fwycJF7eksBo,AUTO_PART,2018-08-22,1534950000
5254,R_3DqB7pyNczSugtj,ELECTRONIC_COMPONENT,2018-08-22,1534950000
5255,R_3DqB7pyNczSugtj,BATTERY,2018-08-22,1534950000
5256,R_3G1gYo1d23Zq8Np,MINERAL_SUPPLEMENT,2018-08-22,1534950000
5257,R_3Ge2RzIsoM2g5lL,RADIO,2018-08-22,1534950000
5258,R_3Hphzg7zu04Hgy1,MEDICATION,2018-08-22,1534950000
5259,R_3Hphzg7zu04Hgy1,PET_FOOD,2018-08-22,1534950000
5260,R_3HvPXLfubbb9a6G,SHIRT,2018-08-22,1534950000
5261,R_3J8UIMbwljBx6df,PET_FOOD,2018-08-22,1534950000
5262,R_3J8UIMbwljBx6df,SNACK_FOOD_BAR,2018-08-22,1534950000
5263,R_3J8UIMbwljBx6df,COORDINATED_OUTFIT,2018-08-22,1534950000
5264,R_3JJfhp7Z7vUO8K2,SKIN_MOISTURIZER,2018-08-22,1534950000
5265,R_3JJfhp7Z7vUO8K2,CHAIR_MAT,2018-08-22,1534950000
5266,R_3JJfhp7Z7vUO8K2,CURTAIN,2018-08-22,1534950000
5267,R_3JK3aP5uRxffXiy,NUTRITIONAL_SUPPLEMENT,2018-08-22,1534950000
5268,R_3JK3aP5uRxffXiy,CHARGING_ADAPTER,2018-08-22,1534950000
5269,R_3JK3aP5uRxffXiy,MEDICATION,2018-08-22,1534950000
5270,R_3KpaTa6zCZitiZG,ABIS_BOOK,2018-08-22,1534950000
5271,R_3KpaTa6zCZitiZG,HEALTH_PERSONAL_CARE,2018-08-22,1534950000
5272,R_3MMW2ivCFCtjHIe,SKIN_CLEANING_AGENT,2018-08-22,1534950000
5273,R_3Mc9nZhk6fg7b8z,SKIN_CLEANING_AGENT,2018-08-22,1534950000
5274,R_3MnSLQdJkly3wfg,HANDLE_GRIP,2018-08-22,1534950000
5275,R_3MnSLQdJkly3wfg,ABIS_BOOK,2018-08-22,1534950000
5276,R_3ViaGvZl7J3ObBv,PANTS,2018-08-22,1534950000
5277,R_3ebnP0qUIQ7u38i,SKIN_MOISTURIZER,2018-08-22,1534950000
5278,R_3eh02tn8YjYcUoE,INCONTINENCE_PROTECTOR,2018-08-22,1534950000
5279,R_3eh02tn8YjYcUoE,SHOES,2018-08-22,1534950000
5280,R_3eh02tn8YjYcUoE,SNACK_FOOD_BAR,2018-08-22,1534950000
5281,R_3ek9YZGdsDHjUZf,SOCKS,2018-08-22,1534950000
5282,R_3ek9YZGdsDHjUZf,SCREEN_PROTECTOR,2018-08-22,1534950000
5283,R_3gTrwWhEzAv6gzH,WRENCH,2018-08-22,1534950000
5284,R_3iJyVGzX7fyajRz,PHYSICAL_MOVIE,2018-08-22,1534950000
5285,R_3iJyVGzX7fyajRz,BATTERY,2018-08-22,1534950000
5286,R_3ixUxNOUiEYD7KJ,ABIS_MUSIC,2018-08-22,1534950000
5287,R_3n0OjYgGHf96Wuh,BABY_BOTTLE,2018-08-22,1534950000
5288,R_3n17fNI56KA8rTV,RUBBER_STAMP,2018-08-22,1534950000
5289,R_3n17fNI56KA8rTV,BATTERY,2018-08-22,1534950000
5290,R_3nH1Odp9Yjm86gN,SKIN_CLEANING_AGENT,2018-08-22,1534950000
5291,R_3oWSVjKtFIw0OE8,ANIMAL_PERCH,2018-08-22,1534950000
5292,R_3qPt2VOIZdr6Kio,GROCERY,2018-08-22,1534950000
5293,R_3qTFp0FJqUeMhVZ,CLEANING_AGENT,2018-08-22,1534950000
5294,R_3r0AnJHzPNt6fQ2,AIR_MATTRESS,2018-08-22,1534950000
5295,R_3rSVzZdjthhnCx0,BATTERY,2018-08-22,1534950000
5296,R_3rSVzZdjthhnCx0,ABIS_BOOK,2018-08-22,1534950000
5297,R_4HmF6WnGLnnWuLD,CORRECTIVE_EYEGLASSES,2018-08-22,1534950000
5298,R_6Jw0sPgGkHLnKkp,SHIRT,2018-08-22,1534950000
5299,R_85OdkeCoFP5daLL,NUTRITIONAL_SUPPLEMENT,2018-08-22,1534950000
5300,R_8CXcySQawXPuJwJ,SPARK_PLUG,2018-08-22,1534950000
5301,R_8CXcySQawXPuJwJ,KNIFE_BLOCK,2018-08-22,1534950000
5302,R_8piDwWBq7V7tyZb,WIRELESS_ACCESSORY,2018-08-22,1534950000
5303,R_8piDwWBq7V7tyZb,VITAMIN,2018-08-22,1534950000
5304,R_8piDwWBq7V7tyZb,ABIS_BOOK,2018-08-22,1534950000
5305,R_8piDwWBq7V7tyZb,PET_FOOD,2018-08-22,1534950000
5306,R_8piDwWBq7V7tyZb,SHIRT,2018-08-22,1534950000
5307,R_8piDwWBq7V7tyZb,GROCERY,2018-08-22,1534950000
5308,R_8piDwWBq7V7tyZb,HVAC_AIR_FILTER,2018-08-22,1534950000
5309,R_8vnpSkm79W7Jsv7,MEDICATION,2018-08-22,1534950000
5310,R_Ap2HcvpPLRDJv9L,GUILD_ACCESSORIES,2018-08-22,1534950000
5311,R_Ap2HcvpPLRDJv9L,INCENSE_HOLDER,2018-08-22,1534950000
5312,R_Ap2HcvpPLRDJv9L,INCENSE_HOLDER,2018-08-22,1534950000
5313,R_Ap2HcvpPLRDJv9L,NUTRITIONAL_SUPPLEMENT,2018-08-22,1534950000
5314,R_OMNSdX5mDbUEZNf,NON_RIDING_TOY_VEHICLE,2018-08-22,1534950000
5315,R_PwlnzzccUMXV0n7,FABRIC_APPLIQUE_PATCH,2018-08-22,1534950000
5316,R_VKZzr77ll29A1iN,FILE_FOLDER,2018-08-22,1534950000
5317,R_WerZwuLkMK4zfVf,TOYS_AND_GAMES,2018-08-22,1534950000
5318,R_WerZwuLkMK4zfVf,MASSAGE_STICK,2018-08-22,1534950000
5319,R_Xt4H8BJ1Vx7ws8h,HOME_ORGANIZERS_AND_STORAGE,2018-08-22,1534950000
5320,R_YS4MPsfM1Neg0RH,CEREAL,2018-08-22,1534950000
5321,R_b8UnkZJoU93ZxEB,FENCE_PANEL,2018-08-22,1534950000
5322,R_b8UnkZJoU93ZxEB,CELLULAR_PHONE_CASE,2018-08-22,1534950000
5323,R_b8UnkZJoU93ZxEB,NUTRITIONAL_SUPPLEMENT,2018-08-22,1534950000
5324,R_b8UnkZJoU93ZxEB,GROCERY,2018-08-22,1534950000
5325,R_b8UnkZJoU93ZxEB,MEDICATION,2018-08-22,1534950000
5326,R_b8UnkZJoU93ZxEB,HAIR_CARE_AGENT,2018-08-22,1534950000
5327,R_b8UnkZJoU93ZxEB,HAIR_CARE_AGENT,2018-08-22,1534950000
5328,R_d5O7dqvA1EWCrPb,SKIN_MOISTURIZER,2018-08-22,1534950000
5329,R_r1oTDkv1OlGnNuN,SKIN_MOISTURIZER,2018-08-22,1534950000
5330,R_tJNLenUlMH5f4el,MEDICATION,2018-08-22,1534950000
5331,R_tSTu20YCb20zL5D,PET_FEEDER,2018-08-22,1534950000
5332,R_u2EdYogSnJBrpex,GROCERY,2018-08-22,1534950000
5333,R_u2EdYogSnJBrpex,WEIGH_SCALE,2018-08-22,1534950000
5334,R_upQla15Wb4pg1pv,PANTS,2018-08-22,1534950000
5335,R_upQla15Wb4pg1pv,STROLLER,2018-08-22,1534950000
5336,R_uqbcSq7y153jKmZ,ABIS_BOOK,2018-08-22,1534950000
5337,R_uwVFb8VFUUGbCBH,BABY_CARRIER,2018-08-22,1534950000
5338,R_vV9c87xuLM7zcC5,NUTRITIONAL_SUPPLEMENT,2018-08-22,1534950000
5339,R_w7a7YDkfvtMXJ8l,PHYSICAL_MOVIE,2018-08-22,1534950000
5340,R_yC5ffbdBLVi93Pz,ABIS_BOOK,2018-08-22,1534950000
5341,R_0pRmRjHkwStzNQJ,NUTRITIONAL_SUPPLEMENT,2018-08-23,1535036400
5342,R_0pRmRjHkwStzNQJ,PANTS,2018-08-23,1535036400
5343,R_0pRmRjHkwStzNQJ,HEALTH_PERSONAL_CARE,2018-08-23,1535036400
5344,R_0pRmRjHkwStzNQJ,CANDLE,2018-08-23,1535036400
5345,R_0pRmRjHkwStzNQJ,VEHICLE_LIGHTING_CONVERSION_KIT,2018-08-23,1535036400
5346,R_0pRmRjHkwStzNQJ,COOKIE_CUTTER,2018-08-23,1535036400
5347,R_10TA7pCDmelHi5H,SHOES,2018-08-23,1535036400
5348,R_1C4nKyrv0w2thJn,TOYS_AND_GAMES,2018-08-23,1535036400
5349,R_1C8w4NDDQC5fcgE,CULINARY_MUSHROOM,2018-08-23,1535036400
5350,R_1C8w4NDDQC5fcgE,PANTS,2018-08-23,1535036400
5351,R_1C8w4NDDQC5fcgE,SKIN_MOISTURIZER,2018-08-23,1535036400
5352,R_1C9YUFD8GunlGej,ELECTRONIC_CABLE,2018-08-23,1535036400
5353,R_1Cd5zmz07X5BqKa,SNOW_CHAIN,2018-08-23,1535036400
5354,R_1Cd5zmz07X5BqKa,CLEANING_AGENT,2018-08-23,1535036400
5355,R_1DOwHkGiX8DX7mF,SECURITY_CAMERA,2018-08-23,1535036400
5356,R_1DOwHkGiX8DX7mF,BODY_DEODORANT,2018-08-23,1535036400
5357,R_1DOwHkGiX8DX7mF,ADHESIVE_TAPES,2018-08-23,1535036400
5358,R_1Fyt6rHyiQcVOT8,SKIN_MOISTURIZER,2018-08-23,1535036400
5359,R_1GVN63HjPpVXPEx,SNACK_FOOD_BAR,2018-08-23,1535036400
5360,R_1I4dnMKlrmtUP09,CAMERA,2018-08-23,1535036400
5361,R_1Kru2C0Zf28ZbQ0,SKIN_CLEANING_AGENT,2018-08-23,1535036400
5362,R_1KxVDxZl2H0XoHS,TAMPON,2018-08-23,1535036400
5363,R_1NCzj2eSHI4QGcd,HEALTH_PERSONAL_CARE,2018-08-23,1535036400
5364,R_1NCzj2eSHI4QGcd,PHYSICAL_MOVIE,2018-08-23,1535036400
5365,R_1NCzj2eSHI4QGcd,CUTLERY,2018-08-23,1535036400
5366,R_1QG7SsKpYQgSIAF,PANTS,2018-08-23,1535036400
5367,R_1QG7SsKpYQgSIAF,TEA,2018-08-23,1535036400
5368,R_1QG7SsKpYQgSIAF,SCREEN_PROTECTOR,2018-08-23,1535036400
5369,R_1QG7SsKpYQgSIAF,SCREEN_PROTECTOR,2018-08-23,1535036400
5370,R_1QG7SsKpYQgSIAF,MINERAL_SUPPLEMENT,2018-08-23,1535036400
5371,R_1QKu8qtvgo0d1uS,ARM_SLEEVE,2018-08-23,1535036400
5372,R_1dAhJdFXHV5xmMG,HEADPHONES,2018-08-23,1535036400
5373,R_1escXXhyvAgsBYq,HUBCAP_WHEEL_COVER,2018-08-23,1535036400
5374,R_1gq1l7L7YXNcp13,SCREEN_PROTECTOR,2018-08-23,1535036400
5375,R_1gq1l7L7YXNcp13,PANTS,2018-08-23,1535036400
5376,R_1gq1l7L7YXNcp13,NUT_AND_SEED,2018-08-23,1535036400
5377,R_1gq1l7L7YXNcp13,CROCHET_HOOK,2018-08-23,1535036400
5378,R_1gq1l7L7YXNcp13,BATTERY,2018-08-23,1535036400
5379,R_1jZkLNE1JdtyVpH,MARKING_PEN,2018-08-23,1535036400
5380,R_1jZkLNE1JdtyVpH,JERKY,2018-08-23,1535036400
5381,R_1jZkLNE1JdtyVpH,BATTERY,2018-08-23,1535036400
5382,R_1mEmb9jWLRYCU4e,CELLULAR_PHONE_CASE,2018-08-23,1535036400
5383,R_1nOCRAcsi1AU77q,PET_FOOD,2018-08-23,1535036400
5384,R_1pu6yYPsuymsIIz,PICTURE_HANGER,2018-08-23,1535036400
5385,R_1pu6yYPsuymsIIz,CELLULAR_PHONE_CASE,2018-08-23,1535036400
5386,R_1pu6yYPsuymsIIz,ABIS_BOOK,2018-08-23,1535036400
5387,R_1q4eVtHN10S5gPB,SKIN_CLEANING_AGENT,2018-08-23,1535036400
5388,R_1q7AvsyRPpTSWFi,MANNEQUIN_CLOTHING_FORM,2018-08-23,1535036400
5389,R_1q7AvsyRPpTSWFi,MANNEQUIN_CLOTHING_FORM,2018-08-23,1535036400
5390,R_1qdM6yLQigCFrkd,ABIS_MUSIC,2018-08-23,1535036400
5391,R_1qdM6yLQigCFrkd,SNACK_FOOD_BAR,2018-08-23,1535036400
5392,R_1r8u9f1vT8Y3HrC,ABIS_BOOK,2018-08-23,1535036400
5393,R_1r8u9f1vT8Y3HrC,FOOD_OR_BEVERAGE_WARMER,2018-08-23,1535036400
5394,R_20Yd9DvrGselmZY,HERBAL_SUPPLEMENT,2018-08-23,1535036400
5395,R_20Yd9DvrGselmZY,PET_FOOD,2018-08-23,1535036400
5396,R_20Yd9DvrGselmZY,HAND_SANITIZER,2018-08-23,1535036400
5397,R_210tLKdUbUZuf7O,ABIS_BOOK,2018-08-23,1535036400
5398,R_22Gj4pgXDsezuKw,CHOPSTICK,2018-08-23,1535036400
5399,R_22Gj4pgXDsezuKw,SNACK_FOOD_BAR,2018-08-23,1535036400
5400,R_22Gj4pgXDsezuKw,LAP_DESK,2018-08-23,1535036400
5401,R_22Gj4pgXDsezuKw,ELECTRONIC_CABLE,2018-08-23,1535036400
5402,R_22QYpfx86KSwry8,VITAMIN,2018-08-23,1535036400
5403,R_22QYpfx86KSwry8,NUTRITIONAL_SUPPLEMENT,2018-08-23,1535036400
5404,R_22RhdxIZQO8iwin,CELLULAR_PHONE_CASE,2018-08-23,1535036400
5405,R_25YqaojEWt641sK,PANTS,2018-08-23,1535036400
5406,R_26nB6rfoaXIEb6Z,SKIN_MOISTURIZER,2018-08-23,1535036400
5407,R_27DL80quzRiSEmq,BRA,2018-08-23,1535036400
5408,R_27DL80quzRiSEmq,TOPICAL_HAIR_REGROWTH_TREATMENT,2018-08-23,1535036400
5409,R_27DL80quzRiSEmq,MEDICATION,2018-08-23,1535036400
5410,R_27DL80quzRiSEmq,NUTRITIONAL_SUPPLEMENT,2018-08-23,1535036400
5411,R_27DL80quzRiSEmq,TABLE,2018-08-23,1535036400
5412,R_27DL80quzRiSEmq,SHIRT,2018-08-23,1535036400
5413,R_27Nf8ImFlWu3J9O,GAME_DICE,2018-08-23,1535036400
5414,R_2BesSIAnd7POW2C,SKIRT,2018-08-23,1535036400
5415,R_2BesSIAnd7POW2C,SKIN_CLEANING_AGENT,2018-08-23,1535036400
5416,R_2BesSIAnd7POW2C,ELECTRIC_LANTERN,2018-08-23,1535036400
5417,R_2CpozrevorP48sb,TOYS_AND_GAMES,2018-08-23,1535036400
5418,R_2CpozrevorP48sb,SNACK_FOOD_BAR,2018-08-23,1535036400
5419,R_2DNtqbBKGHzSDN9,SCREEN_PROTECTOR,2018-08-23,1535036400
5420,R_2DSIdH6iUv9yJ8V,GROCERY,2018-08-23,1535036400
5421,R_2QLMv0UtT8vuLkB,SNACK_FOOD_BAR,2018-08-23,1535036400
5422,R_2QLMv0UtT8vuLkB,PET_FOOD,2018-08-23,1535036400
5423,R_2QLMv0UtT8vuLkB,ELECTRONIC_COMPONENT_AMPLIFIER,2018-08-23,1535036400
5424,R_2Qu0fgUOnDpaKDH,ELECTRONIC_CABLE,2018-08-23,1535036400
5425,R_2TL7w44l8M5vEok,SHIRT,2018-08-23,1535036400
5426,R_2UctLzmpg4UJRZu,HEADPHONES,2018-08-23,1535036400
5427,R_2VwjXhJ5OznStEi,BATTERY,2018-08-23,1535036400
5428,R_2WumP0iKDvwiM2r,ABIS_BOOK,2018-08-23,1535036400
5429,R_2WumP0iKDvwiM2r,HAIR_TRIMMER,2018-08-23,1535036400
5430,R_2WumP0iKDvwiM2r,CELLULAR_PHONE_CASE,2018-08-23,1535036400
5431,R_2WumP0iKDvwiM2r,DRESS,2018-08-23,1535036400
5432,R_2Xj7LtCe2Mt8jNi,HEADPHONES,2018-08-23,1535036400
5433,R_2Xj7LtCe2Mt8jNi,HEALTH_PERSONAL_CARE,2018-08-23,1535036400
5434,R_2XoI6KbLJRGFz5X,SHIRT,2018-08-23,1535036400
5435,R_2XoI6KbLJRGFz5X,HEALTH_PERSONAL_CARE,2018-08-23,1535036400
5436,R_2XoI6KbLJRGFz5X,SHOES,2018-08-23,1535036400
5437,R_2XoI6KbLJRGFz5X,BATTERY,2018-08-23,1535036400
5438,R_2YCU6JHbCzus4zy,BACKPACK,2018-08-23,1535036400
5439,R_2YCU6JHbCzus4zy,SNACK_FOOD_BAR,2018-08-23,1535036400
5440,R_2YCU6JHbCzus4zy,FOOD_SPATULA,2018-08-23,1535036400
5441,R_2YYB0ZXHHFsMn1o,GROCERY,2018-08-23,1535036400
5442,R_2aKrOq0DBielcig,BEVERAGE_DISPENSING_APPLIANCE,2018-08-23,1535036400
5443,R_2c0kxk2rIJClCxm,SHOE_INSERT,2018-08-23,1535036400
5444,R_2cBADxleVyzT89z,SHIRT,2018-08-23,1535036400
5445,R_2eaIHfPqBAh3Zqa,WATER_FLOTATION_DEVICE,2018-08-23,1535036400
5446,R_2ebzj3o225IisIQ,VITAMIN,2018-08-23,1535036400
5447,R_2ebzj3o225IisIQ,SPORT_HELMET,2018-08-23,1535036400
5448,R_2ebzj3o225IisIQ,MOUSE_PAD,2018-08-23,1535036400
5449,R_2ebzj3o225IisIQ,MULTIPORT_HUB,2018-08-23,1535036400
5450,R_2ebzj3o225IisIQ,ADHESIVE_TAPES,2018-08-23,1535036400
5451,R_2fD6Jy2muMgaubH,GUILD_JEWELRY,2018-08-23,1535036400
5452,R_2mKYTXpTsUEkSGt,ABIS_BOOK,2018-08-23,1535036400
5453,R_2qD8ep8d313iLj4,GIFT_WRAP,2018-08-23,1535036400
5454,R_2s5YO3cdqKDFyIM,PET_APPAREL,2018-08-23,1535036400
5455,R_2s5YO3cdqKDFyIM,TRAMPOLINE,2018-08-23,1535036400
5456,R_2s5YO3cdqKDFyIM,SKIN_CLEANING_AGENT,2018-08-23,1535036400
5457,R_2s5YO3cdqKDFyIM,HAIR_COMB,2018-08-23,1535036400
5458,R_2wtVmKidhQR0wju,LEVEL,2018-08-23,1535036400
5459,R_2wzatCV9Z18xLF2,PET_FOOD,2018-08-23,1535036400
5460,R_2yjckpDXWcsiLPz,SNACK_FOOD_BAR,2018-08-23,1535036400
5461,R_2yjckpDXWcsiLPz,FLASH_MEMORY,2018-08-23,1535036400
5462,R_30kp7Wf9aTgpeIN,NAIL_POLISH,2018-08-23,1535036400
5463,R_30kp7Wf9aTgpeIN,SPORTING_GOODS,2018-08-23,1535036400
5464,R_30kp7Wf9aTgpeIN,ELECTRONIC_CABLE,2018-08-23,1535036400
5465,R_30kp7Wf9aTgpeIN,VITAMIN,2018-08-23,1535036400
5466,R_32LAHRoBCbjkYZj,NUTRITIONAL_SUPPLEMENT,2018-08-23,1535036400
5467,R_32LAHRoBCbjkYZj,SHOES,2018-08-23,1535036400
5468,R_32UZncFA03IrQwQ,ENGINE_EXHAUST_PIPE,2018-08-23,1535036400
5469,R_3CKmnc9zwNPauw5,PANTS,2018-08-23,1535036400
5470,R_3D7xJuXSy25PXbg,STRENGTH_TRAINING_MACHINE,2018-08-23,1535036400
5471,R_3D7xJuXSy25PXbg,DUFFEL_BAG,2018-08-23,1535036400
5472,R_3G1gYo1d23Zq8Np,PROTECTIVE_GLOVE,2018-08-23,1535036400
5473,R_3G1gYo1d23Zq8Np,SKIN_MOISTURIZER,2018-08-23,1535036400
5474,R_3Hphzg7zu04Hgy1,NUTRITIONAL_SUPPLEMENT,2018-08-23,1535036400
5475,R_3Hphzg7zu04Hgy1,ABIS_BOOK,2018-08-23,1535036400
5476,R_3MhBAq6V6XHU9ln,SWEATSHIRT,2018-08-23,1535036400
5477,R_3MhBAq6V6XHU9ln,TEMPORARY_HANGER_HOOK,2018-08-23,1535036400
5478,R_3NwT1ZQQBtYqBaM,GROCERY,2018-08-23,1535036400
5479,R_3RmDOazalOu0F1L,BATTERY,2018-08-23,1535036400
5480,R_3ebnP0qUIQ7u38i,SHIRT,2018-08-23,1535036400
5481,R_3eehQVQNcKmEJtd,NUTRITIONAL_SUPPLEMENT,2018-08-23,1535036400
5482,R_3eehQVQNcKmEJtd,FOOD,2018-08-23,1535036400
5483,R_3eehQVQNcKmEJtd,HERBAL_SUPPLEMENT,2018-08-23,1535036400
5484,R_3eehQVQNcKmEJtd,ABIS_BOOK,2018-08-23,1535036400
5485,R_3eehQVQNcKmEJtd,BACKDROP,2018-08-23,1535036400
5486,R_3eh02tn8YjYcUoE,CELLULAR_PHONE_CASE,2018-08-23,1535036400
5487,R_3eh02tn8YjYcUoE,INCONTINENCE_PROTECTOR,2018-08-23,1535036400
5488,R_3eh02tn8YjYcUoE,VITAMIN,2018-08-23,1535036400
5489,R_3eh02tn8YjYcUoE,PACIFIER,2018-08-23,1535036400
5490,R_3enuyEOsaEVxTNX,TOYS_AND_GAMES,2018-08-23,1535036400
5491,R_3fcOMdQm2jGBLKm,WEIGH_SCALE,2018-08-23,1535036400
5492,R_3fcOMdQm2jGBLKm,POWER_CORD,2018-08-23,1535036400
5493,R_3n5zOvmozURNzXz,BODY_DEODORANT,2018-08-23,1535036400
5494,R_3n5zOvmozURNzXz,CONDITIONER,2018-08-23,1535036400
5495,R_3nH1Odp9Yjm86gN,OUTDOOR_RECREATION_PRODUCT,2018-08-23,1535036400
5496,R_3oWSVjKtFIw0OE8,PET_PLACEMAT,2018-08-23,1535036400
5497,R_3oWSVjKtFIw0OE8,PET_PLACEMAT,2018-08-23,1535036400
5498,R_3oWSVjKtFIw0OE8,SKIN_CLEANING_AGENT,2018-08-23,1535036400
5499,R_3qWnPpXqudB3ETJ,SCREEN_PROTECTOR,2018-08-23,1535036400
5500,R_3qlnIILTEuzSyGe,ELECTRONIC_CABLE,2018-08-23,1535036400
5501,R_3qlnIILTEuzSyGe,HEADPHONES,2018-08-23,1535036400
5502,R_3qlnIILTEuzSyGe,NUTRITIONAL_SUPPLEMENT,2018-08-23,1535036400
5503,R_3qlnIILTEuzSyGe,ANIMAL_LITTER,2018-08-23,1535036400
5504,R_3qrqbddZ7eR9KW8,TRAY,2018-08-23,1535036400
5505,R_3qrqbddZ7eR9KW8,PHYSICAL_MOVIE,2018-08-23,1535036400
5506,R_3rYUVmCplPiAoJh,GARBAGE_DISPOSAL_UNIT,2018-08-23,1535036400
5507,R_3socPWD3wXD0iDP,SHIRT,2018-08-23,1535036400
5508,R_3socPWD3wXD0iDP,BODY_LUBRICANT,2018-08-23,1535036400
5509,R_3socPWD3wXD0iDP,PHYSICAL_VIDEO_GAME_SOFTWARE,2018-08-23,1535036400
5510,R_3socPWD3wXD0iDP,BOXING_GLOVE,2018-08-23,1535036400
5511,R_4PhRzF4UI9ooLh7,COUNTERTOP_FOOD_STEAMER,2018-08-23,1535036400
5512,R_4PhRzF4UI9ooLh7,PAINT,2018-08-23,1535036400
5513,R_4PhRzF4UI9ooLh7,PHYSICAL_MOVIE,2018-08-23,1535036400
5514,R_4PhRzF4UI9ooLh7,SKIN_CLEANING_AGENT,2018-08-23,1535036400
5515,R_4PhRzF4UI9ooLh7,BATTERY,2018-08-23,1535036400
5516,R_4PhRzF4UI9ooLh7,SCREEN_PROTECTOR,2018-08-23,1535036400
5517,R_4TMdmQ1SjGtT6Ex,SNACK_FOOD_BAR,2018-08-23,1535036400
5518,R_6fzbeTqbnF0kBih,CAPO,2018-08-23,1535036400
5519,R_6fzbeTqbnF0kBih,SNACK_FOOD_BAR,2018-08-23,1535036400
5520,R_85OdkeCoFP5daLL,SHIRT,2018-08-23,1535036400
5521,R_85OdkeCoFP5daLL,FISH,2018-08-23,1535036400
5522,R_AEBbAiW2xdXI2at,SKIN_CLEANING_AGENT,2018-08-23,1535036400
5523,R_AEBbAiW2xdXI2at,HVAC_AIR_FILTER,2018-08-23,1535036400
5524,R_AEBbAiW2xdXI2at,SHOES,2018-08-23,1535036400
5525,R_AEBbAiW2xdXI2at,HUMIDIFIER,2018-08-23,1535036400
5526,R_AEBbAiW2xdXI2at,GARDEN_EDGING,2018-08-23,1535036400
5527,R_Ap2HcvpPLRDJv9L,INCENSE_HOLDER,2018-08-23,1535036400
5528,R_Ap2HcvpPLRDJv9L,CELLULAR_PHONE_CASE,2018-08-23,1535036400
5529,R_Ap2HcvpPLRDJv9L,BRASS_AND_WOODWIND_INSTRUMENTS,2018-08-23,1535036400
5530,R_BYr5WwayMBf66SR,SHOES,2018-08-23,1535036400
5531,R_BYr5WwayMBf66SR,CELL_PHONE_GRIP,2018-08-23,1535036400
5532,R_BYr5WwayMBf66SR,SCREEN_PROTECTOR,2018-08-23,1535036400
5533,R_BYr5WwayMBf66SR,SUGAR_CANDY,2018-08-23,1535036400
5534,R_BYr5WwayMBf66SR,PILLOW,2018-08-23,1535036400
5535,R_OGN3QDO9930tfAl,SKIN_MOISTURIZER,2018-08-23,1535036400
5536,R_OdTirYYBS6ms6nn,GROCERY,2018-08-23,1535036400
5537,R_OdTirYYBS6ms6nn,BATTERY,2018-08-23,1535036400
5538,R_OdTirYYBS6ms6nn,LUXURY_BEAUTY,2018-08-23,1535036400
5539,R_OdTirYYBS6ms6nn,GUILD_HOME,2018-08-23,1535036400
5540,R_OdTirYYBS6ms6nn,ART_CRAFT_KIT,2018-08-23,1535036400
5541,R_PwlnzzccUMXV0n7,SKIN_CLEANING_AGENT,2018-08-23,1535036400
5542,R_PwlnzzccUMXV0n7,ELECTRONIC_CABLE,2018-08-23,1535036400
5543,R_PwlnzzccUMXV0n7,ELECTRONIC_CABLE,2018-08-23,1535036400
5544,R_PwlnzzccUMXV0n7,NUTRITIONAL_SUPPLEMENT,2018-08-23,1535036400
5545,R_PwlnzzccUMXV0n7,PANTS,2018-08-23,1535036400
5546,R_PwlnzzccUMXV0n7,SKIN_MOISTURIZER,2018-08-23,1535036400
5547,R_PwlnzzccUMXV0n7,ELECTRONIC_CABLE,2018-08-23,1535036400
5548,R_PwlnzzccUMXV0n7,ELECTRONIC_CABLE,2018-08-23,1535036400
5549,R_PwlnzzccUMXV0n7,SHIRT,2018-08-23,1535036400
5550,R_PwlnzzccUMXV0n7,HOSE_PIPE_FITTING,2018-08-23,1535036400
5551,R_PwlnzzccUMXV0n7,SHIRT,2018-08-23,1535036400
5552,R_PwlnzzccUMXV0n7,TOILET_PAPER_HOLDER,2018-08-23,1535036400
5553,R_QcV7uVxb8myM0lb,PET_FOOD,2018-08-23,1535036400
5554,R_Qp7pqfzWe3Qmcrn,STANDALONE_STREAMING_MEDIA_PLAYER,2018-08-23,1535036400
5555,R_R8FquFTs5uv64G5,CARPET_UPHOLSTERY_CLEANING_MACHINE,2018-08-23,1535036400
5556,R_R8FquFTs5uv64G5,COMPUTER_CHASSIS,2018-08-23,1535036400
5557,R_R8FquFTs5uv64G5,FITNESS_STEPPER,2018-08-23,1535036400
5558,R_R8FquFTs5uv64G5,PET_FOOD,2018-08-23,1535036400
5559,R_RfThNEyjDIX9xwl,APPENDAGE_WARMER,2018-08-23,1535036400
5560,R_XUhit9pAXhD746B,SCREEN_PROTECTOR,2018-08-23,1535036400
5561,R_Y3TdYiBodZOLXlT,TELESCOPE,2018-08-23,1535036400
5562,R_Zwn68Xfx8lenBER,LUXURY_BEAUTY,2018-08-23,1535036400
5563,R_b8UnkZJoU93ZxEB,ELECTRONIC_CABLE,2018-08-23,1535036400
5564,R_b8UnkZJoU93ZxEB,FENCE_PANEL,2018-08-23,1535036400
5565,R_b8UnkZJoU93ZxEB,HEADPHONES,2018-08-23,1535036400
5566,R_bkquoGQp5VhpihP,SHIRT,2018-08-23,1535036400
5567,R_e8KTElZZLWryLWp,MASSAGER,2018-08-23,1535036400
5568,R_eOMCliqYqUD4oOR,ABIS_BOOK,2018-08-23,1535036400
5569,R_eOMCliqYqUD4oOR,HEADPHONES,2018-08-23,1535036400
5570,R_puS9dcuNnDHSZ8Z,CELLULAR_PHONE_CASE,2018-08-23,1535036400
5571,R_tSTu20YCb20zL5D,FRUIT,2018-08-23,1535036400
5572,R_u2EdYogSnJBrpex,TEA,2018-08-23,1535036400
5573,R_u2EdYogSnJBrpex,SKIN_CLEANING_BRUSH,2018-08-23,1535036400
5574,R_u2EdYogSnJBrpex,CELLULAR_PHONE_CASE,2018-08-23,1535036400
5575,R_u2EdYogSnJBrpex,SKIN_CLEANING_AGENT,2018-08-23,1535036400
5576,R_u2EdYogSnJBrpex,HEADPHONES,2018-08-23,1535036400
5577,R_u2EdYogSnJBrpex,LAMP,2018-08-23,1535036400
5578,R_u2EdYogSnJBrpex,SCREEN_PROTECTOR,2018-08-23,1535036400
5579,R_u2EdYogSnJBrpex,FIGURINE,2018-08-23,1535036400
5580,R_u2EdYogSnJBrpex,TOILET_PAPER,2018-08-23,1535036400
5581,R_u2EdYogSnJBrpex,GROCERY,2018-08-23,1535036400
5582,R_u2EdYogSnJBrpex,SKIN_MOISTURIZER,2018-08-23,1535036400
5583,R_u2EdYogSnJBrpex,SKIN_CLEANING_WIPE,2018-08-23,1535036400
5584,R_u2EdYogSnJBrpex,CELLULAR_PHONE_CASE,2018-08-23,1535036400
5585,R_u2EdYogSnJBrpex,CELLULAR_PHONE_CASE,2018-08-23,1535036400
5586,R_u2EdYogSnJBrpex,IRRIGATION_SPRINKLER,2018-08-23,1535036400
5587,R_xsyCKTazvY4vHbz,SNACK_FOOD_BAR,2018-08-23,1535036400
5588,R_zTf2i6s3E2OQZQR,BATTERY,2018-08-23,1535036400
5589,R_zTf2i6s3E2OQZQR,NUTRITIONAL_SUPPLEMENT,2018-08-23,1535036400
5590,R_0InTWTWokrqzy3n,HANDRAIL,2018-08-24,1535122800
5591,R_0c8VclJcriEXQqZ,SWIMWEAR,2018-08-24,1535122800
5592,R_0c8VclJcriEXQqZ,DECORATIVE_MAGNET,2018-08-24,1535122800
5593,R_0pRmRjHkwStzNQJ,PORTABLE_ELECTRONIC_DEVICE_COVER,2018-08-24,1535122800
5594,R_1BNwZP0DdTOa4rT,SHOES,2018-08-24,1535122800
5595,R_1CDqTWLWIk642Vp,MUSICAL_INSTRUMENT_STRING,2018-08-24,1535122800
5596,R_1ClqO4ZMDuwGjfl,HEALTH_PERSONAL_CARE,2018-08-24,1535122800
5597,R_1DJ4QJgrJwK7g3Y,UNDERGARMENT_THIGH_SLIMMER,2018-08-24,1535122800
5598,R_1E3TJBNJVtr3tcD,IRON_ON_TRANSFER_DESIGN,2018-08-24,1535122800
5599,R_1MY7yxvExjQWTkv,DRESS,2018-08-24,1535122800
5600,R_1Nh9okz5clSAlfl,OUTDOOR_LIVING,2018-08-24,1535122800
5601,R_1Q62CIVb2WAS8hB,PET_FOOD,2018-08-24,1535122800
5602,R_1Q62CIVb2WAS8hB,SKIN_CLEANING_WIPE,2018-08-24,1535122800
5603,R_1Q62CIVb2WAS8hB,SHOE_BAG,2018-08-24,1535122800
5604,R_1Q62CIVb2WAS8hB,ABIS_BOOK,2018-08-24,1535122800
5605,R_1QhEPMXONBU12sq,HEALTH_PERSONAL_CARE,2018-08-24,1535122800
5606,R_1dKBjc0UTA0ZiYb,BLADED_FOOD_PEELER,2018-08-24,1535122800
5607,R_1dppjLIFEdj7Kq5,MACHINE_LUBRICANT,2018-08-24,1535122800
5608,R_1dppjLIFEdj7Kq5,ELECTRONIC_CABLE,2018-08-24,1535122800
5609,R_1gG5xibh48txT6f,PET_PEST_CONTROL,2018-08-24,1535122800
5610,R_1gG5xibh48txT6f,MEDICATION,2018-08-24,1535122800
5611,R_1gG5xibh48txT6f,STICKER_DECAL,2018-08-24,1535122800
5612,R_1gG5xibh48txT6f,HARDWARE_BEARING,2018-08-24,1535122800
5613,R_1gG5xibh48txT6f,HEADPHONES,2018-08-24,1535122800
5614,R_1gOX88nojaBXOt2,TEA,2018-08-24,1535122800
5615,R_1hLPyY3aamfi3xT,PHYSICAL_MOVIE,2018-08-24,1535122800
5616,R_1hMV4AHCk04WO5V,NUTRITIONAL_SUPPLEMENT,2018-08-24,1535122800
5617,R_1jdLI5cWhAhAzSB,HEALTH_PERSONAL_CARE,2018-08-24,1535122800
5618,R_1kLdd31W284Angd,DRILL,2018-08-24,1535122800
5619,R_1kLdd31W284Angd,STORAGE_BAG,2018-08-24,1535122800
5620,R_1lfNYOmsEIqOn65,ABIS_MUSIC,2018-08-24,1535122800
5621,R_1lfNYOmsEIqOn65,BATTERY,2018-08-24,1535122800
5622,R_1lfNYOmsEIqOn65,PIPING_TIP,2018-08-24,1535122800
5623,R_1obwpb6iowh7vew,NUTRITIONAL_SUPPLEMENT,2018-08-24,1535122800
5624,R_1obwpb6iowh7vew,TOOTHBRUSH,2018-08-24,1535122800
5625,R_1obwpb6iowh7vew,REMOTE_CONTROL,2018-08-24,1535122800
5626,R_1ouRfsTlr2iWPge,PUMP_DISPENSER,2018-08-24,1535122800
5627,R_1ouRfsTlr2iWPge,FACIAL_TISSUE,2018-08-24,1535122800
5628,R_1ouRfsTlr2iWPge,PET_FOOD,2018-08-24,1535122800
5629,R_1q7AvsyRPpTSWFi,ELECTRONIC_CABLE,2018-08-24,1535122800
5630,R_1rlhYXAI77eUSbB,PRINT_COPY_PAPER,2018-08-24,1535122800
5631,R_1rlhYXAI77eUSbB,SCREEN_PROTECTOR,2018-08-24,1535122800
5632,R_1rlhYXAI77eUSbB,TOYS_AND_GAMES,2018-08-24,1535122800
5633,R_20Yd9DvrGselmZY,HEALTH_PERSONAL_CARE,2018-08-24,1535122800
5634,R_20Yd9DvrGselmZY,HERBAL_SUPPLEMENT,2018-08-24,1535122800
5635,R_210tLKdUbUZuf7O,DIETARY_SUPPLEMENTS,2018-08-24,1535122800
5636,R_210tLKdUbUZuf7O,SNACK_FOOD_BAR,2018-08-24,1535122800
5637,R_21uibgT9dgqRD9J,WRITING_INSTRUMENT,2018-08-24,1535122800
5638,R_23ThXRxY2BTPyy5,PET_FOOD,2018-08-24,1535122800
5639,R_23ThXRxY2BTPyy5,AUTO_ACCESSORY,2018-08-24,1535122800
5640,R_24csoaO569P4Yzz,DRINKING_CUP,2018-08-24,1535122800
5641,R_24dbGLxukEKohG6,FOOD_STORAGE_CONTAINER,2018-08-24,1535122800
5642,R_24dbGLxukEKohG6,SHOCK_ABSORBER,2018-08-24,1535122800
5643,R_24dbGLxukEKohG6,MEDICATION,2018-08-24,1535122800
5644,R_24dbGLxukEKohG6,PICKLE,2018-08-24,1535122800
5645,R_24dbGLxukEKohG6,ELECTRONIC_CABLE,2018-08-24,1535122800
5646,R_24dbGLxukEKohG6,CONTROLLER,2018-08-24,1535122800
5647,R_279ENCaNyRMf98u,NUTRITIONAL_SUPPLEMENT,2018-08-24,1535122800
5648,R_27DL80quzRiSEmq,HERB,2018-08-24,1535122800
5649,R_27DL80quzRiSEmq,BRA,2018-08-24,1535122800
5650,R_27lE2A8TyANjHWE,BABY_BOTTLE,2018-08-24,1535122800
5651,R_27lE2A8TyANjHWE,PET_FOOD,2018-08-24,1535122800
5652,R_27lE2A8TyANjHWE,BABY_PRODUCT,2018-08-24,1535122800
5653,R_28BST1zc80UaP2C,SINGLE_BOARD_COMPUTER,2018-08-24,1535122800
5654,R_29uBVByYo0xAXiZ,ABIS_MUSIC,2018-08-24,1535122800
5655,R_29uBVByYo0xAXiZ,PROJECTILE_BOW,2018-08-24,1535122800
5656,R_2ASBFgthVbaGlF3,PANTS,2018-08-24,1535122800
5657,R_2BstrkPd4gMc6Ih,CLOCK,2018-08-24,1535122800
5658,R_2CJ9tQVGVUnaesS,SNACK_FOOD_BAR,2018-08-24,1535122800
5659,R_2EglJpTWGEiwQYa,CELLULAR_PHONE_CASE,2018-08-24,1535122800
5660,R_2EglJpTWGEiwQYa,GROCERY,2018-08-24,1535122800
5661,R_2QswpKsGnL3NBXE,SKIN_MOISTURIZER,2018-08-24,1535122800
5662,R_2QswpKsGnL3NBXE,DRESS,2018-08-24,1535122800
5663,R_2QswpKsGnL3NBXE,GROCERY,2018-08-24,1535122800
5664,R_2Qu0fgUOnDpaKDH,PET_PEST_CONTROL,2018-08-24,1535122800
5665,R_2UctLzmpg4UJRZu,WRITING_INSTRUMENT,2018-08-24,1535122800
5666,R_2UctLzmpg4UJRZu,TIMER,2018-08-24,1535122800
5667,R_2VkFzKtUReuEWm9,MINERAL_SUPPLEMENT,2018-08-24,1535122800
5668,R_2VkFzKtUReuEWm9,CUP_HOLDER,2018-08-24,1535122800
5669,R_2WMQprO1e6US68f,PET_FOOD,2018-08-24,1535122800
5670,R_2WMQprO1e6US68f,SKIN_MOISTURIZER,2018-08-24,1535122800
5671,R_2WMQprO1e6US68f,GROCERY,2018-08-24,1535122800
5672,R_2WMQprO1e6US68f,CELLULAR_PHONE_CASE,2018-08-24,1535122800
5673,R_2WMQprO1e6US68f,SCREEN_PROTECTOR,2018-08-24,1535122800
5674,R_2WVIxBGaj1uOr8S,BATTERY,2018-08-24,1535122800
5675,R_2WumP0iKDvwiM2r,ELECTRONIC_CABLE,2018-08-24,1535122800
5676,R_2XoI6KbLJRGFz5X,NUTRITIONAL_SUPPLEMENT,2018-08-24,1535122800
5677,R_2XoI6KbLJRGFz5X,ABIS_BOOK,2018-08-24,1535122800
5678,R_2XoI6KbLJRGFz5X,SHOES,2018-08-24,1535122800
5679,R_2XoI6KbLJRGFz5X,TOWEL,2018-08-24,1535122800
5680,R_2XoI6KbLJRGFz5X,HAIR_STYLING_AGENT,2018-08-24,1535122800
5681,R_2XoI6KbLJRGFz5X,HEALTH_PERSONAL_CARE,2018-08-24,1535122800
5682,R_2XoI6KbLJRGFz5X,NUTRITIONAL_SUPPLEMENT,2018-08-24,1535122800
5683,R_2XoI6KbLJRGFz5X,SHORTS,2018-08-24,1535122800
5684,R_2XoI6KbLJRGFz5X,PET_FEEDER,2018-08-24,1535122800
5685,R_2XoI6KbLJRGFz5X,MASCARA,2018-08-24,1535122800
5686,R_2YCU6JHbCzus4zy,VITAMIN,2018-08-24,1535122800
5687,R_2dFHfsIqQ6eEtVW,WREATH,2018-08-24,1535122800
5688,R_2dFHfsIqQ6eEtVW,LASER_PRINTER_TONER,2018-08-24,1535122800
5689,R_2fD6Jy2muMgaubH,MEDICATION,2018-08-24,1535122800
5690,R_2fD6Jy2muMgaubH,GROCERY,2018-08-24,1535122800
5691,R_2rOPRiLTdvFrJFq,MEDICATION,2018-08-24,1535122800
5692,R_2s5YO3cdqKDFyIM,PET_APPAREL,2018-08-24,1535122800
5693,R_2s5YO3cdqKDFyIM,NUTRITIONAL_SUPPLEMENT,2018-08-24,1535122800
5694,R_2sbf0hqTGFb880u,VITAMIN,2018-08-24,1535122800
5695,R_2sbf0hqTGFb880u,TOYS_AND_GAMES,2018-08-24,1535122800
5696,R_2wHwNZWEecJflLc,GUN_CLEANING_KIT,2018-08-24,1535122800
5697,R_2wagDt0ZaSu1p8q,VITAMIN,2018-08-24,1535122800
5698,R_2wagDt0ZaSu1p8q,NUTRITIONAL_SUPPLEMENT,2018-08-24,1535122800
5699,R_2wmLE1q4FIpfioi,FILE_FOLDER,2018-08-24,1535122800
5700,R_2wmLE1q4FIpfioi,CELLULAR_PHONE_CASE,2018-08-24,1535122800
5701,R_2wmLE1q4FIpfioi,HAIR_EXTENSION,2018-08-24,1535122800
5702,R_2wmLE1q4FIpfioi,GROCERY,2018-08-24,1535122800
5703,R_2wmLE1q4FIpfioi,NUTRITIONAL_SUPPLEMENT,2018-08-24,1535122800
5704,R_2wmLE1q4FIpfioi,SHAMPOO,2018-08-24,1535122800
5705,R_2xLvxRKX2448l9k,CABLE_TIE,2018-08-24,1535122800
5706,R_2z7rLZb69WuqDdf,PHYSICAL_MOVIE,2018-08-24,1535122800
5707,R_2z7rLZb69WuqDdf,BATTERY,2018-08-24,1535122800
5708,R_2zx8WHXVF7bHyh3,SHIRT,2018-08-24,1535122800
5709,R_2zx8WHXVF7bHyh3,ABIS_BOOK,2018-08-24,1535122800
5710,R_32WvdLjYpicai6o,DRINKING_STRAW,2018-08-24,1535122800
5711,R_3CZ8DrIEalrYlgu,PHYSICAL_MOVIE,2018-08-24,1535122800
5712,R_3EF2sOVmTNA4e3u,COSMETIC_BRUSH,2018-08-24,1535122800
5713,R_3EsC5YHmiHe5s54,CAN_OPENER,2018-08-24,1535122800
5714,R_3EsC5YHmiHe5s54,POTABLE_WATER_FILTER,2018-08-24,1535122800
5715,R_3GBSX5xvcH0uSyx,GROCERY,2018-08-24,1535122800
5716,R_3HigTq4itishziE,SNACK_FOOD_BAR,2018-08-24,1535122800
5717,R_3HigTq4itishziE,DAIRY_BASED_CHEESE,2018-08-24,1535122800
5718,R_3HigTq4itishziE,PET_FOOD,2018-08-24,1535122800
5719,R_3HigTq4itishziE,MEDICATION,2018-08-24,1535122800
5720,R_3HigTq4itishziE,PANTS,2018-08-24,1535122800
5721,R_3JJfhp7Z7vUO8K2,UNDERPANTS,2018-08-24,1535122800
5722,R_3JK3aP5uRxffXiy,VITAMIN,2018-08-24,1535122800
5723,R_3JK3aP5uRxffXiy,PORTABLE_ELECTRONIC_DEVICE_MOUNT,2018-08-24,1535122800
5724,R_3MhBAq6V6XHU9ln,HOME,2018-08-24,1535122800
5725,R_3MnSLQdJkly3wfg,PHYSICAL_MOVIE,2018-08-24,1535122800
5726,R_3MnSLQdJkly3wfg,SURFACE_CLEANING_WIPE,2018-08-24,1535122800
5727,R_3MnSLQdJkly3wfg,PANTS,2018-08-24,1535122800
5728,R_3MnSLQdJkly3wfg,GROCERY,2018-08-24,1535122800
5729,R_3MnSLQdJkly3wfg,SLEEPING_BAG,2018-08-24,1535122800
5730,R_3NwUrzA3eAsS3xO,MOUNT_BRACKET,2018-08-24,1535122800
5731,R_3NwUrzA3eAsS3xO,TOWEL,2018-08-24,1535122800
5732,R_3NwUrzA3eAsS3xO,ORTHOPEDIC_BRACE,2018-08-24,1535122800
5733,R_3NwUrzA3eAsS3xO,TOWEL,2018-08-24,1535122800
5734,R_3NwUrzA3eAsS3xO,SNACK_FOOD_BAR,2018-08-24,1535122800
5735,R_3NwUrzA3eAsS3xO,BEVERAGE_INSULATOR,2018-08-24,1535122800
5736,R_3OfwQrDNFhWjGWG,ELECTRIC_WATER_BOILER,2018-08-24,1535122800
5737,R_3OfwQrDNFhWjGWG,CONTACT_LENS_CLEANER,2018-08-24,1535122800
5738,R_3OfwQrDNFhWjGWG,TABLETOP_GAME,2018-08-24,1535122800
5739,R_3OfwQrDNFhWjGWG,ABIS_BOOK,2018-08-24,1535122800
5740,R_3PcameSHVD10BZP,PANTS,2018-08-24,1535122800
5741,R_3PcameSHVD10BZP,ELECTRONIC_CABLE,2018-08-24,1535122800
5742,R_3PuErkwk0nhqeG4,SKIN_MOISTURIZER,2018-08-24,1535122800
5743,R_3Pwa112XZRRejbA,TOILET_SEAT,2018-08-24,1535122800
5744,R_3Pwa112XZRRejbA,EXERCISE_BAND,2018-08-24,1535122800
5745,R_3Pwa112XZRRejbA,DIVE_MASK,2018-08-24,1535122800
5746,R_3Pwa112XZRRejbA,SHIRT,2018-08-24,1535122800
5747,R_3Pwa112XZRRejbA,EXERCISE_BAND,2018-08-24,1535122800
5748,R_3e82J7pYxj5XP7j,WRITING_INSTRUMENT,2018-08-24,1535122800
5749,R_3enuyEOsaEVxTNX,TOYS_AND_GAMES,2018-08-24,1535122800
5750,R_3enuyEOsaEVxTNX,PET_FOOD,2018-08-24,1535122800
5751,R_3enuyEOsaEVxTNX,TWEEZER,2018-08-24,1535122800
5752,R_3enuyEOsaEVxTNX,NAIL_POLISH_BRUSH,2018-08-24,1535122800
5753,R_3fcOMdQm2jGBLKm,SECURITY_CAMERA,2018-08-24,1535122800
5754,R_3h4JnsfebywTUxX,SHIRT,2018-08-24,1535122800
5755,R_3h4JnsfebywTUxX,OPTICAL_DISC_DRIVE,2018-08-24,1535122800
5756,R_3h4JnsfebywTUxX,HARDWARE_TUBING,2018-08-24,1535122800
5757,R_3nH1Odp9Yjm86gN,CHARM,2018-08-24,1535122800
5758,R_3oO3DoeTgXHrEzx,MEASURING_CUP,2018-08-24,1535122800
5759,R_3qPt2VOIZdr6Kio,CONSOLE_VIDEO_GAMES,2018-08-24,1535122800
5760,R_3qqdzQnCaBYHx9o,BASKET,2018-08-24,1535122800
5761,R_3rSVzZdjthhnCx0,COMPUTER_DRIVE_OR_STORAGE,2018-08-24,1535122800
5762,R_3rSVzZdjthhnCx0,WEARABLE_COMPUTER,2018-08-24,1535122800
5763,R_3rSVzZdjthhnCx0,NUTRITIONAL_SUPPLEMENT,2018-08-24,1535122800
5764,R_3rSVzZdjthhnCx0,ICE_CUBE_TRAY,2018-08-24,1535122800
5765,R_3rV7kPHe9hVsMee,INDOOR_GROW_ENCLOSURE,2018-08-24,1535122800
5766,R_3rZHdmB75jSgwhr,FLASHLIGHT,2018-08-24,1535122800
5767,R_3socPWD3wXD0iDP,WRITING_INSTRUMENT,2018-08-24,1535122800
5768,R_8pMsG4P0RqzoSlz,ELECTRONIC_CABLE,2018-08-24,1535122800
5769,R_AKBlDprDMrv4M7v,BATTERY,2018-08-24,1535122800
5770,R_AM0OvM0F9kBvqal,TEA,2018-08-24,1535122800
5771,R_AM0OvM0F9kBvqal,POWERSPORTS_VEHICLE_PART,2018-08-24,1535122800
5772,R_AM0OvM0F9kBvqal,SUGAR_CANDY,2018-08-24,1535122800
5773,R_AM0OvM0F9kBvqal,CLOTHES_HANGER,2018-08-24,1535122800
5774,R_BWhnv4EdbhSS6rf,SKIN_CLEANING_AGENT,2018-08-24,1535122800
5775,R_BYr5WwayMBf66SR,CONFETTI,2018-08-24,1535122800
5776,R_BYr5WwayMBf66SR,WATER_PURIFICATION_UNIT,2018-08-24,1535122800
5777,R_BYr5WwayMBf66SR,HOME_LIGHTING_ACCESSORY,2018-08-24,1535122800
5778,R_BYr5WwayMBf66SR,PET_FOOD,2018-08-24,1535122800
5779,R_PB47lifIW2D9E65,SKIN_MOISTURIZER,2018-08-24,1535122800
5780,R_PB47lifIW2D9E65,FABRIC_APPLIQUE_PATCH,2018-08-24,1535122800
5781,R_PB47lifIW2D9E65,GROCERY,2018-08-24,1535122800
5782,R_RK5cwWjrNzWCfLj,WRITING_INSTRUMENT,2018-08-24,1535122800
5783,R_RK5cwWjrNzWCfLj,SHOES,2018-08-24,1535122800
5784,R_RK5cwWjrNzWCfLj,FLASH_DRIVE,2018-08-24,1535122800
5785,R_RK5cwWjrNzWCfLj,PET_FOOD,2018-08-24,1535122800
5786,R_T5bktxnjxE8B7ON,PLUG_STOPPER,2018-08-24,1535122800
5787,R_T5bktxnjxE8B7ON,GPS_OR_NAVIGATION_SYSTEM,2018-08-24,1535122800
5788,R_XAphEY817eORyx3,SNACK_FOOD_BAR,2018-08-24,1535122800
5789,R_XwiCirQyfwJzVtv,PASTRY_BASTING_BRUSH,2018-08-24,1535122800
5790,R_YS4MPsfM1Neg0RH,ABIS_BOOK,2018-08-24,1535122800
5791,R_YS4MPsfM1Neg0RH,MOP,2018-08-24,1535122800
5792,R_Z4qMkqhWSmIbdSh,WIG,2018-08-24,1535122800
5793,R_b3dSUlk76L0C6TD,PET_FOOD,2018-08-24,1535122800
5794,R_pRWnSKTREPIwpSF,PANTS,2018-08-24,1535122800
5795,R_pRWnSKTREPIwpSF,PET_FOOD,2018-08-24,1535122800
5796,R_pRWnSKTREPIwpSF,ELECTRONIC_COMPONENT,2018-08-24,1535122800
5797,R_r3IM83Ecq7eY7QJ,SCREEN_PROTECTOR,2018-08-24,1535122800
5798,R_r3IM83Ecq7eY7QJ,HEALTH_PERSONAL_CARE,2018-08-24,1535122800
5799,R_r3IM83Ecq7eY7QJ,GARDEN_TOOL_SET,2018-08-24,1535122800
5800,R_r3IM83Ecq7eY7QJ,MOUSE_PAD,2018-08-24,1535122800
5801,R_s4I8huB9BOcWI5H,VITAMIN,2018-08-24,1535122800
5802,R_w7a7YDkfvtMXJ8l,PROTEIN_SUPPLEMENT_POWDER,2018-08-24,1535122800
5803,R_wXaMChMYqHnMARb,CONDIMENT,2018-08-24,1535122800
5804,R_wXaMChMYqHnMARb,SHIRT,2018-08-24,1535122800
5805,R_wXaMChMYqHnMARb,NUT_AND_SEED,2018-08-24,1535122800
5806,R_xc0AiqTlV5cTvZn,HOME_BED_AND_BATH,2018-08-24,1535122800
5807,R_xc0AiqTlV5cTvZn,BLANKET,2018-08-24,1535122800
5808,R_0f8u2tSB99LkgCt,MEDICATION,2018-08-25,1535209200
5809,R_0f8u2tSB99LkgCt,SNACK_FOOD_BAR,2018-08-25,1535209200
5810,R_0f8u2tSB99LkgCt,NUTRITIONAL_SUPPLEMENT,2018-08-25,1535209200
5811,R_0f8u2tSB99LkgCt,GROCERY,2018-08-25,1535209200
5812,R_0f8u2tSB99LkgCt,NUTRITIONAL_SUPPLEMENT,2018-08-25,1535209200
5813,R_10TA7pCDmelHi5H,SHORTS,2018-08-25,1535209200
5814,R_10TA7pCDmelHi5H,GROCERY,2018-08-25,1535209200
5815,R_10uU7A3PqkL1i0o,SKIN_MOISTURIZER,2018-08-25,1535209200
5816,R_10uU7A3PqkL1i0o,SCREEN_PROTECTOR,2018-08-25,1535209200
5817,R_10uU7A3PqkL1i0o,SHELF,2018-08-25,1535209200
5818,R_10uU7A3PqkL1i0o,HAIR_STYLING_AGENT,2018-08-25,1535209200
5819,R_10uU7A3PqkL1i0o,PAJAMAS,2018-08-25,1535209200
5820,R_12QFQ7lCIls8sRd,SHIRT,2018-08-25,1535209200
5821,R_12QFQ7lCIls8sRd,SCREEN_PROTECTOR,2018-08-25,1535209200
5822,R_1C75XRebT1eliL0,BED_CURTAIN,2018-08-25,1535209200
5823,R_1C8w4NDDQC5fcgE,GROCERY,2018-08-25,1535209200
5824,R_1C8w4NDDQC5fcgE,SHOES,2018-08-25,1535209200
5825,R_1C8w4NDDQC5fcgE,SKIN_CLEANING_AGENT,2018-08-25,1535209200
5826,R_1C8w4NDDQC5fcgE,SHOES,2018-08-25,1535209200
5827,R_1C8w4NDDQC5fcgE,CELLULAR_PHONE_CASE,2018-08-25,1535209200
5828,R_1C9YUFD8GunlGej,SKIN_MOISTURIZER,2018-08-25,1535209200
5829,R_1C9YUFD8GunlGej,HEALTH_PERSONAL_CARE,2018-08-25,1535209200
5830,R_1DYWdbAMt6LyCZH,PHYSICAL_MOVIE,2018-08-25,1535209200
5831,R_1DYWdbAMt6LyCZH,BATTERY,2018-08-25,1535209200
5832,R_1DYWdbAMt6LyCZH,SCREEN_PROTECTOR,2018-08-25,1535209200
5833,R_1DYWdbAMt6LyCZH,PANTS,2018-08-25,1535209200
5834,R_1DYWdbAMt6LyCZH,TABLETOP_GAME,2018-08-25,1535209200
5835,R_1DYWdbAMt6LyCZH,SOCKS,2018-08-25,1535209200
5836,R_1IZBlduDFUJEphM,PET_FOOD,2018-08-25,1535209200
5837,R_1IZBlduDFUJEphM,ABIS_BOOK,2018-08-25,1535209200
5838,R_1Kru2C0Zf28ZbQ0,VITAMIN,2018-08-25,1535209200
5839,R_1KxVDxZl2H0XoHS,SWIMWEAR,2018-08-25,1535209200
5840,R_1KxVDxZl2H0XoHS,TOWEL,2018-08-25,1535209200
5841,R_1LRR1P5IQqdSvIP,SHIRT,2018-08-25,1535209200
5842,R_1QKu8qtvgo0d1uS,GROCERY,2018-08-25,1535209200
5843,R_1dKBjc0UTA0ZiYb,SKIN_MOISTURIZER,2018-08-25,1535209200
5844,R_1eEsLZ6SYLsIG0s,NUTRITIONAL_SUPPLEMENT,2018-08-25,1535209200
5845,R_1eFv0mPpH4dM2mG,ABIS_BOOK,2018-08-25,1535209200
5846,R_1exepO2lYqHFR9q,MEDICATION,2018-08-25,1535209200
5847,R_1exepO2lYqHFR9q,SHIRT,2018-08-25,1535209200
5848,R_1exepO2lYqHFR9q,SKIN_MOISTURIZER,2018-08-25,1535209200
5849,R_1gU6N4NRSwc9ONd,SNACK_MIX,2018-08-25,1535209200
5850,R_1gU6N4NRSwc9ONd,ABIS_BOOK,2018-08-25,1535209200
5851,R_1gU6N4NRSwc9ONd,MEDICAL_COMPRESSION_GARMENT,2018-08-25,1535209200
5852,R_1gU6N4NRSwc9ONd,HEALTH_PERSONAL_CARE,2018-08-25,1535209200
5853,R_1gU6N4NRSwc9ONd,HEADPHONES,2018-08-25,1535209200
5854,R_1gU6N4NRSwc9ONd,PHYSICAL_MOVIE,2018-08-25,1535209200
5855,R_1gU6N4NRSwc9ONd,WATER,2018-08-25,1535209200
5856,R_1gU6N4NRSwc9ONd,HEADPHONES,2018-08-25,1535209200
5857,R_1gU6N4NRSwc9ONd,ELECTRONIC_CABLE,2018-08-25,1535209200
5858,R_1gU6N4NRSwc9ONd,SHIRT,2018-08-25,1535209200
5859,R_1gU6N4NRSwc9ONd,HEALTH_PERSONAL_CARE,2018-08-25,1535209200
5860,R_1n8h8059UUul8Dr,PET_TOY,2018-08-25,1535209200
5861,R_1oFRyes3ggnKU4B,PHYSICAL_MOVIE,2018-08-25,1535209200
5862,R_1oFRyes3ggnKU4B,SKIN_CLEANING_AGENT,2018-08-25,1535209200
5863,R_1oFRyes3ggnKU4B,PET_FOOD,2018-08-25,1535209200
5864,R_1pm2Wo5wrQSY0Gm,DRY_SHAMPOO,2018-08-25,1535209200
5865,R_1roTOelTygZr5G8,MATTRESS_COVER,2018-08-25,1535209200
5866,R_1roTOelTygZr5G8,MEDICATION,2018-08-25,1535209200
5867,R_1roTOelTygZr5G8,SHOES,2018-08-25,1535209200
5868,R_20TAzxGcUSMw2Gy,OFFICE_ELECTRONICS,2018-08-25,1535209200
5869,R_20TAzxGcUSMw2Gy,MAGNIFIER,2018-08-25,1535209200
5870,R_22DJIjS0M8yvaYO,SUNGLASSES,2018-08-25,1535209200
5871,R_22QYpfx86KSwry8,PHYSICAL_MOVIE,2018-08-25,1535209200
5872,R_22SxELlmhBQCe1C,BATTERY,2018-08-25,1535209200
5873,R_24bE9NTxiBf6v2b,LAUNDRY_DETERGENT,2018-08-25,1535209200
5874,R_24bE9NTxiBf6v2b,COFFEE,2018-08-25,1535209200
5875,R_25SbPPTyE45YzXP,ANTENNA,2018-08-25,1535209200
5876,R_25SbPPTyE45YzXP,BABY_JUMPER_WALKER,2018-08-25,1535209200
5877,R_25SbPPTyE45YzXP,WASTE_BAG,2018-08-25,1535209200
5878,R_25YqaojEWt641sK,ANIMAL_CAGE,2018-08-25,1535209200
5879,R_25YqaojEWt641sK,PHYSICAL_MOVIE,2018-08-25,1535209200
5880,R_27B5jMHYqArQV6X,ERASER,2018-08-25,1535209200
5881,R_27g6uEEgxm7kwNu,SNACK_FOOD_BAR,2018-08-25,1535209200
5882,R_2ASz0xBmcxqYzUJ,SNACK_FOOD_BAR,2018-08-25,1535209200
5883,R_2ASz0xBmcxqYzUJ,CELLULAR_PHONE_CASE,2018-08-25,1535209200
5884,R_2CVxHRKIkQ8pd1C,LIGHT_BULB,2018-08-25,1535209200
5885,R_2D1zydYR5SZ0LpK,SNACK_FOOD_BAR,2018-08-25,1535209200
5886,R_2D1zydYR5SZ0LpK,SHIRT,2018-08-25,1535209200
5887,R_2D1zydYR5SZ0LpK,HEALTH_PERSONAL_CARE,2018-08-25,1535209200
5888,R_2D1zydYR5SZ0LpK,SNACK_FOOD_BAR,2018-08-25,1535209200
5889,R_2D1zydYR5SZ0LpK,FRUIT_SNACK,2018-08-25,1535209200
5890,R_2D1zydYR5SZ0LpK,HEADPHONES,2018-08-25,1535209200
5891,R_2D1zydYR5SZ0LpK,ELECTRONIC_CABLE,2018-08-25,1535209200
5892,R_2D1zydYR5SZ0LpK,CELLULAR_PHONE_CASE,2018-08-25,1535209200
5893,R_2D1zydYR5SZ0LpK,TOYS_AND_GAMES,2018-08-25,1535209200
5894,R_2D1zydYR5SZ0LpK,NUTRITIONAL_SUPPLEMENT,2018-08-25,1535209200
5895,R_2QRS9mrQwSKNLye,MONITOR,2018-08-25,1535209200
5896,R_2QRS9mrQwSKNLye,SNACK_FOOD_BAR,2018-08-25,1535209200
5897,R_2QRS9mrQwSKNLye,MEDICATION,2018-08-25,1535209200
5898,R_2QRtVOQUzfFxAg0,CAMERA_CLEANER,2018-08-25,1535209200
5899,R_2Qu0fgUOnDpaKDH,GROCERY,2018-08-25,1535209200
5900,R_2Qu0fgUOnDpaKDH,OFFICE_PRODUCTS,2018-08-25,1535209200
5901,R_2Qu0fgUOnDpaKDH,UMBRELLA,2018-08-25,1535209200
5902,R_2Qu0fgUOnDpaKDH,BED_LINEN_SET,2018-08-25,1535209200
5903,R_2Qu0fgUOnDpaKDH,MEAL_HOLDER,2018-08-25,1535209200
5904,R_2Qu0fgUOnDpaKDH,SPORT_BOARD_SKI,2018-08-25,1535209200
5905,R_2Qu0fgUOnDpaKDH,VITAMIN,2018-08-25,1535209200
5906,R_2Uc0eY0mHq5DQgt,SPEAKERS,2018-08-25,1535209200
5907,R_2Uc0eY0mHq5DQgt,KNIFE,2018-08-25,1535209200
5908,R_2Uc0eY0mHq5DQgt,HEADPHONES,2018-08-25,1535209200
5909,R_2Uc0eY0mHq5DQgt,PHYSICAL_MOVIE,2018-08-25,1535209200
5910,R_2Uc0eY0mHq5DQgt,KNIFE,2018-08-25,1535209200
5911,R_2Uc0eY0mHq5DQgt,UTILITY_HOLSTER_POUCH,2018-08-25,1535209200
5912,R_2Uc0eY0mHq5DQgt,KNIFE,2018-08-25,1535209200
5913,R_2VwjXhJ5OznStEi,CELLULAR_PHONE_CASE,2018-08-25,1535209200
5914,R_2VwjXhJ5OznStEi,SCISSORS,2018-08-25,1535209200
5915,R_2VwjXhJ5OznStEi,WASTE_BAG,2018-08-25,1535209200
5916,R_2WAagX64hf1kdMI,FLAME_WICK,2018-08-25,1535209200
5917,R_2WAagX64hf1kdMI,SAUCE,2018-08-25,1535209200
5918,R_2WAagX64hf1kdMI,VITAMIN,2018-08-25,1535209200
5919,R_2WVIxBGaj1uOr8S,HEALTH_PERSONAL_CARE,2018-08-25,1535209200
5920,R_2WumP0iKDvwiM2r,NUTRITIONAL_SUPPLEMENT,2018-08-25,1535209200
5921,R_2Xj7LtCe2Mt8jNi,ABIS_BOOK,2018-08-25,1535209200
5922,R_2cd9jCAamQMAsxe,BATTERY,2018-08-25,1535209200
5923,R_2cd9jCAamQMAsxe,LEASH,2018-08-25,1535209200
5924,R_2dRR9SjNrn4s7xU,LEGUME,2018-08-25,1535209200
5925,R_2dRR9SjNrn4s7xU,SNACK_FOOD_BAR,2018-08-25,1535209200
5926,R_2dRR9SjNrn4s7xU,SCREEN_PROTECTOR,2018-08-25,1535209200
5927,R_2f7MFUqYnEv92pF,HAIR_BRUSH,2018-08-25,1535209200
5928,R_2f7MFUqYnEv92pF,CELLULAR_PHONE_CASE,2018-08-25,1535209200
5929,R_2f7MFUqYnEv92pF,ELECTRONIC_CABLE,2018-08-25,1535209200
5930,R_2f7MFUqYnEv92pF,BLADED_FOOD_PEELER,2018-08-25,1535209200
5931,R_2f7MFUqYnEv92pF,GARMENT_STEAMER,2018-08-25,1535209200
5932,R_2f7MFUqYnEv92pF,OUTDOOR_LIVING,2018-08-25,1535209200
5933,R_2foIkyims4WyyYQ,SOIL_TILLER_CULTIVATOR,2018-08-25,1535209200
5934,R_2mKYTXpTsUEkSGt,SURVEILLANCE_RECORDER_SYSTEM,2018-08-25,1535209200
5935,R_2q2hekIiutgInrE,PET_FOOD,2018-08-25,1535209200
5936,R_2sbCr0DY5BIHWiF,CELL_PHONE_HOLSTER,2018-08-25,1535209200
5937,R_2sbCr0DY5BIHWiF,PORTABLE_ELECTRONIC_DEVICE_COVER,2018-08-25,1535209200
5938,R_2taM3mpNPF0o1yf,WEAPON_CASE,2018-08-25,1535209200
5939,R_2taM3mpNPF0o1yf,CELLULAR_PHONE_CASE,2018-08-25,1535209200
5940,R_2uZDxTZAORBIW1o,BONDING_ADHESIVES,2018-08-25,1535209200
5941,R_2uZDxTZAORBIW1o,EDIBLE_OIL_VEGETABLE,2018-08-25,1535209200
5942,R_2uZDxTZAORBIW1o,EDIBLE_OIL_VEGETABLE,2018-08-25,1535209200
5943,R_2uZDxTZAORBIW1o,NUTRITIONAL_SUPPLEMENT,2018-08-25,1535209200
5944,R_2uZDxTZAORBIW1o,NOODLE,2018-08-25,1535209200
5945,R_2wmLE1q4FIpfioi,HAIR_EXTENSION,2018-08-25,1535209200
5946,R_2z7rLZb69WuqDdf,SKIN_MOISTURIZER,2018-08-25,1535209200
5947,R_2z7rLZb69WuqDdf,TOYS_AND_GAMES,2018-08-25,1535209200
5948,R_2zUBXlqUCKqKDVI,NOTEBOOK_COMPUTER,2018-08-25,1535209200
5949,R_30pLPRle51eRImG,SHIRT,2018-08-25,1535209200
5950,R_3GBSX5xvcH0uSyx,DOWNLOADABLE_VIDEO_GAME,2018-08-25,1535209200
5951,R_3Hphzg7zu04Hgy1,FIDGET_TOY_SPINNER,2018-08-25,1535209200
5952,R_3Jxiicg67etW2yt,EDIBLE_OIL_VEGETABLE,2018-08-25,1535209200
5953,R_3Jxiicg67etW2yt,NUTRITIONAL_SUPPLEMENT,2018-08-25,1535209200
5954,R_3Jxiicg67etW2yt,NUTRITIONAL_SUPPLEMENT,2018-08-25,1535209200
5955,R_3Jxiicg67etW2yt,SHORTS,2018-08-25,1535209200
5956,R_3Jxiicg67etW2yt,SCULPTURE,2018-08-25,1535209200
5957,R_3LXRVZSdJiqH63S,ELECTRONIC_CABLE,2018-08-25,1535209200
5958,R_3QPk8nnI1s8wilh,HEALTH_PERSONAL_CARE,2018-08-25,1535209200
5959,R_3eehQVQNcKmEJtd,SHIRT,2018-08-25,1535209200
5960,R_3emMy2Kk6GA8xPd,CLEANING_AGENT,2018-08-25,1535209200
5961,R_3ennfkrsSdTlmrJ,PANTS,2018-08-25,1535209200
5962,R_3ennfkrsSdTlmrJ,WRENCH,2018-08-25,1535209200
5963,R_3ennfkrsSdTlmrJ,CELLULAR_PHONE_CASE,2018-08-25,1535209200
5964,R_3ennfkrsSdTlmrJ,TOOTH_CLEANING_AGENT,2018-08-25,1535209200
5965,R_3fJXgeZMDEMzirc,SHIRT,2018-08-25,1535209200
5966,R_3fJXgeZMDEMzirc,GARDEN_SHEAR_SCISSORS,2018-08-25,1535209200
5967,R_3gTrwWhEzAv6gzH,UTILITY_JACK,2018-08-25,1535209200
5968,R_3m4y20RcmogDzZl,FALSE_EYELASH,2018-08-25,1535209200
5969,R_3m4y20RcmogDzZl,BICYCLE_TRAILER,2018-08-25,1535209200
5970,R_3m4y20RcmogDzZl,SHIRT,2018-08-25,1535209200
5971,R_3m4y20RcmogDzZl,PANTS,2018-08-25,1535209200
5972,R_3m4y20RcmogDzZl,ABIS_BOOK,2018-08-25,1535209200
5973,R_3m4y20RcmogDzZl,PANTS,2018-08-25,1535209200
5974,R_3mm166mlwrLpf6y,SHIRT,2018-08-25,1535209200
5975,R_3mm166mlwrLpf6y,PANTS,2018-08-25,1535209200
5976,R_3mm166mlwrLpf6y,PROTECTIVE_GLOVE,2018-08-25,1535209200
5977,R_3mm166mlwrLpf6y,PANTS,2018-08-25,1535209200
5978,R_3mm166mlwrLpf6y,SAUCE,2018-08-25,1535209200
5979,R_3n2VXT4Z99FpnEG,EYEGLASS_FRAME,2018-08-25,1535209200
5980,R_3n2VXT4Z99FpnEG,MEDICATION,2018-08-25,1535209200
5981,R_3qjvaF4zWZz3obB,SHOES,2018-08-25,1535209200
5982,R_3qjvaF4zWZz3obB,SKIN_CLEANING_AGENT,2018-08-25,1535209200
5983,R_3qjvaF4zWZz3obB,PARTY_DECORATION_PACK,2018-08-25,1535209200
5984,R_3qjvaF4zWZz3obB,GRILL_SMOKER_COVER,2018-08-25,1535209200
5985,R_3qrqbddZ7eR9KW8,SHARP_PIN,2018-08-25,1535209200
5986,R_3r26NAbVnDpIxzF,MACHINE_LUBRICANT,2018-08-25,1535209200
5987,R_3rV7kPHe9hVsMee,CELLULAR_PHONE_CASE,2018-08-25,1535209200
5988,R_3socPWD3wXD0iDP,BODY_LUBRICANT,2018-08-25,1535209200
5989,R_3socPWD3wXD0iDP,TOYS_AND_GAMES,2018-08-25,1535209200
5990,R_3sp0qsXaE11taC1,PET_FOOD,2018-08-25,1535209200
5991,R_3sp0qsXaE11taC1,CHAINSAW_CHAIN,2018-08-25,1535209200
5992,R_3sp0qsXaE11taC1,MEDICATION,2018-08-25,1535209200
5993,R_3sp0qsXaE11taC1,NUTRITIONAL_SUPPLEMENT,2018-08-25,1535209200
5994,R_3sp0qsXaE11taC1,REINFORCED_ART_SURFACE,2018-08-25,1535209200
5995,R_3sp0qsXaE11taC1,NUTRITIONAL_SUPPLEMENT,2018-08-25,1535209200
5996,R_3sp0qsXaE11taC1,SHAVING_AGENT,2018-08-25,1535209200
5997,R_4YjfHl0af8gN30Z,CHOCOLATE_CANDY,2018-08-25,1535209200
5998,R_4YjfHl0af8gN30Z,PHYSICAL_MOVIE,2018-08-25,1535209200
5999,R_4YnsyJn7OBPaUut,SWIMWEAR,2018-08-25,1535209200
6000,R_4YnsyJn7OBPaUut,SHOES,2018-08-25,1535209200
6001,R_4YnsyJn7OBPaUut,SPACE_HEATER,2018-08-25,1535209200
6002,R_85OdkeCoFP5daLL,APPAREL_HEAD_NECK_COVERING,2018-08-25,1535209200
6003,R_8vnpSkm79W7Jsv7,HAT,2018-08-25,1535209200
6004,R_8vnpSkm79W7Jsv7,PERSONAL_PILL_DISPENSER,2018-08-25,1535209200
6005,R_8vnpSkm79W7Jsv7,SHELF,2018-08-25,1535209200
6006,R_BWhnv4EdbhSS6rf,KITCHEN_KNIFE,2018-08-25,1535209200
6007,R_Djcs43mP6ReoYgN,PORTABLE_STOVE,2018-08-25,1535209200
6008,R_O6ZX76mggPnAOfD,CELLULAR_PHONE_CASE,2018-08-25,1535209200
6009,R_O6ZX76mggPnAOfD,BOTTLE_OPENER,2018-08-25,1535209200
6010,R_O6ZX76mggPnAOfD,ELECTRONIC_CABLE,2018-08-25,1535209200
6011,R_RlYyUhsDFvyGwX7,SCREEN_PROTECTOR,2018-08-25,1535209200
6012,R_RlYyUhsDFvyGwX7,THREAD_CORD,2018-08-25,1535209200
6013,R_UEke64xAaOG3mTf,PHYSICAL_MOVIE,2018-08-25,1535209200
6014,R_UEke64xAaOG3mTf,PHYSICAL_MOVIE,2018-08-25,1535209200
6015,R_UEke64xAaOG3mTf,HOME_LIGHTING_AND_LAMPS,2018-08-25,1535209200
6016,R_UEke64xAaOG3mTf,CULINARY_SALT,2018-08-25,1535209200
6017,R_UEke64xAaOG3mTf,THERMOPLASTIC_FILAMENT,2018-08-25,1535209200
6018,R_XAphEY817eORyx3,VIRTUAL_REALITY_HEADSET,2018-08-25,1535209200
6019,R_XAphEY817eORyx3,HUMIDIFIER,2018-08-25,1535209200
6020,R_Zz495Ir7AjUbSCJ,MEDICATION,2018-08-25,1535209200
6021,R_Zz495Ir7AjUbSCJ,WINDOW_FILM,2018-08-25,1535209200
6022,R_Zz495Ir7AjUbSCJ,PALETTE_PUTTY_KNIFE,2018-08-25,1535209200
6023,R_Zz495Ir7AjUbSCJ,CELLULAR_PHONE_CASE,2018-08-25,1535209200
6024,R_Zz495Ir7AjUbSCJ,PET_FOOD,2018-08-25,1535209200
6025,R_b3NWnTBcFyWqXjH,SKIN_MOISTURIZER,2018-08-25,1535209200
6026,R_b3NWnTBcFyWqXjH,HOUSEHOLD_STAIN,2018-08-25,1535209200
6027,R_r3IM83Ecq7eY7QJ,GARDEN_TOOL_SET,2018-08-25,1535209200
6028,R_tFf2GViNMUolxaV,GROCERY,2018-08-25,1535209200
6029,R_xcs1aVCVrBlXkgV,FOOD_SHAKER,2018-08-25,1535209200
6030,R_xsyCKTazvY4vHbz,PITCHER,2018-08-25,1535209200
6031,R_xsyCKTazvY4vHbz,PET_FOOD,2018-08-25,1535209200
6032,R_xsyCKTazvY4vHbz,ELECTRONIC_CABLE,2018-08-25,1535209200
6033,R_xsyCKTazvY4vHbz,SKIN_PROTECTANT,2018-08-25,1535209200
6034,R_xsyCKTazvY4vHbz,SHOES,2018-08-25,1535209200
6035,R_zfnsck2ZatnGtY5,SHIRT,2018-08-25,1535209200
6036,R_zfnsck2ZatnGtY5,SKIN_CLEANING_AGENT,2018-08-25,1535209200
6037,R_zfnsck2ZatnGtY5,DRY_SHAMPOO,2018-08-25,1535209200
6038,R_0InTWTWokrqzy3n,FOOD_OR_BEVERAGE_WARMER,2018-08-26,1535295600
6039,R_0f8u2tSB99LkgCt,PICNIC_HOLDER,2018-08-26,1535295600
6040,R_10TA7pCDmelHi5H,PANTS,2018-08-26,1535295600
6041,R_10TV1zyi4yCEEkl,SHIRT,2018-08-26,1535295600
6042,R_10TV1zyi4yCEEkl,TOY_FIGURE,2018-08-26,1535295600
6043,R_10wSqGFumZGSTmH,HEALTH_PERSONAL_CARE,2018-08-26,1535295600
6044,R_10wSqGFumZGSTmH,ELECTRONIC_CABLE,2018-08-26,1535295600
6045,R_1BWAygjxkFXfxql,ROBE,2018-08-26,1535295600
6046,R_1BWAygjxkFXfxql,WATER,2018-08-26,1535295600
6047,R_1BWAygjxkFXfxql,ABIS_BOOK,2018-08-26,1535295600
6048,R_1BWAygjxkFXfxql,SKIN_MOISTURIZER,2018-08-26,1535295600
6049,R_1BWAygjxkFXfxql,ANIMAL_FUR_CLEANER_CONDITIONER,2018-08-26,1535295600
6050,R_1C8w4NDDQC5fcgE,FOOD_SLICER,2018-08-26,1535295600
6051,R_1C8w4NDDQC5fcgE,SHIRT,2018-08-26,1535295600
6052,R_1C9YUFD8GunlGej,COSMETIC_SPONGE,2018-08-26,1535295600
6053,R_1C9YUFD8GunlGej,ART_AND_CRAFT_SUPPLY,2018-08-26,1535295600
6054,R_1DJdUrYA1I0QAKh,SHIRT,2018-08-26,1535295600
6055,R_1DJdUrYA1I0QAKh,BOLTS,2018-08-26,1535295600
6056,R_1DOwHkGiX8DX7mF,ANIMAL_LITTER,2018-08-26,1535295600
6057,R_1Fyt6rHyiQcVOT8,HEALTH_PERSONAL_CARE,2018-08-26,1535295600
6058,R_1ImFLLGALT606WO,SCREEN_PROTECTOR,2018-08-26,1535295600
6059,R_1ImFLLGALT606WO,PICTURE_FRAME,2018-08-26,1535295600
6060,R_1ImFLLGALT606WO,TOYS_AND_GAMES,2018-08-26,1535295600
6061,R_1ImFLLGALT606WO,SCREEN_PROTECTOR,2018-08-26,1535295600
6062,R_1ImFLLGALT606WO,NUTRITIONAL_SUPPLEMENT,2018-08-26,1535295600
6063,R_1LRR1P5IQqdSvIP,MACHINE_LUBRICANT,2018-08-26,1535295600
6064,R_1LRR1P5IQqdSvIP,SCREEN_PROTECTOR,2018-08-26,1535295600
6065,R_1NCzj2eSHI4QGcd,SKIN_MOISTURIZER,2018-08-26,1535295600
6066,R_1NCzj2eSHI4QGcd,NAIL_POLISH,2018-08-26,1535295600
6067,R_1OMKeKICcW0F652,MESS_KIT,2018-08-26,1535295600
6068,R_1OMKeKICcW0F652,VINEGAR,2018-08-26,1535295600
6069,R_1cYxarQPFQxNRHB,VITAMIN,2018-08-26,1535295600
6070,R_1gG5xibh48txT6f,AIR_PUMP,2018-08-26,1535295600
6071,R_1gG5xibh48txT6f,HEALTH_PERSONAL_CARE,2018-08-26,1535295600
6072,R_1kLdd31W284Angd,TOILET_SEAT,2018-08-26,1535295600
6073,R_1mEmb9jWLRYCU4e,TOYS_AND_GAMES,2018-08-26,1535295600
6074,R_1oFSDeGAQcUN2v8,BATTERY,2018-08-26,1535295600
6075,R_1pu4x2PBb4LrSWk,ABIS_BOOK,2018-08-26,1535295600
6076,R_1pu4x2PBb4LrSWk,PET_FOOD,2018-08-26,1535295600
6077,R_1qdM6yLQigCFrkd,MUFFLER,2018-08-26,1535295600
6078,R_22SxELlmhBQCe1C,VITAMIN,2018-08-26,1535295600
6079,R_22SxELlmhBQCe1C,VITAMIN,2018-08-26,1535295600
6080,R_22mMopWqAj09mQc,ABIS_BOOK,2018-08-26,1535295600
6081,R_22mMopWqAj09mQc,ANIMAL_LITTER,2018-08-26,1535295600
6082,R_22mMopWqAj09mQc,VITAMIN,2018-08-26,1535295600
6083,R_24csoaO569P4Yzz,PHYSICAL_MOVIE,2018-08-26,1535295600
6084,R_24csoaO569P4Yzz,SKIN_MOISTURIZER,2018-08-26,1535295600
6085,R_24csoaO569P4Yzz,GROCERY,2018-08-26,1535295600
6086,R_24dbGLxukEKohG6,SKIN_CLEANING_AGENT,2018-08-26,1535295600
6087,R_25SbPPTyE45YzXP,TOOTH_WHITENER,2018-08-26,1535295600
6088,R_25SbPPTyE45YzXP,SNACK_FOOD_BAR,2018-08-26,1535295600
6089,R_279ENCaNyRMf98u,PANTS,2018-08-26,1535295600
6090,R_279ENCaNyRMf98u,VITAMIN,2018-08-26,1535295600
6091,R_279ENCaNyRMf98u,HEADPHONES,2018-08-26,1535295600
6092,R_279iRKETPanvFBW,JEWELRY_STORAGE,2018-08-26,1535295600
6093,R_279iRKETPanvFBW,SKIN_MOISTURIZER,2018-08-26,1535295600
6094,R_279iRKETPanvFBW,PET_FOOD,2018-08-26,1535295600
6095,R_27DL80quzRiSEmq,GROCERY,2018-08-26,1535295600
6096,R_27DL80quzRiSEmq,GROCERY,2018-08-26,1535295600
6097,R_27PZcbYfPDhwHcL,APPAREL,2018-08-26,1535295600
6098,R_29tYnNf049lSPEe,LEGUME,2018-08-26,1535295600
6099,R_2D1zydYR5SZ0LpK,GROCERY,2018-08-26,1535295600
6100,R_2D1zydYR5SZ0LpK,LEASH,2018-08-26,1535295600
6101,R_2EglJpTWGEiwQYa,ELECTRONIC_CABLE,2018-08-26,1535295600
6102,R_2EglJpTWGEiwQYa,ABIS_BOOK,2018-08-26,1535295600
6103,R_2EglJpTWGEiwQYa,SCREEN_PROTECTOR,2018-08-26,1535295600
6104,R_2Etc0qZ3B702xxn,BODY_STRAP,2018-08-26,1535295600
6105,R_2UctLzmpg4UJRZu,ELECTRONIC_CABLE,2018-08-26,1535295600
6106,R_2UctLzmpg4UJRZu,MARKING_PEN,2018-08-26,1535295600
6107,R_2VaWg2jhtCG6zmh,PINBOARD,2018-08-26,1535295600
6108,R_2VaWg2jhtCG6zmh,ABIS_BOOK,2018-08-26,1535295600
6109,R_2VaWg2jhtCG6zmh,NUTRITIONAL_SUPPLEMENT,2018-08-26,1535295600
6110,R_2VwjXhJ5OznStEi,ABIS_BOOK,2018-08-26,1535295600
6111,R_2VwjXhJ5OznStEi,LUGGAGE,2018-08-26,1535295600
6112,R_2VwjXhJ5OznStEi,ABIS_BOOK,2018-08-26,1535295600
6113,R_2Xj7LtCe2Mt8jNi,SHOES,2018-08-26,1535295600
6114,R_2XoI6KbLJRGFz5X,RUG,2018-08-26,1535295600
6115,R_2YKPfnktaDrPIYT,SKIN_EXFOLIANT,2018-08-26,1535295600
6116,R_2YKPfnktaDrPIYT,SKIN_EXFOLIANT,2018-08-26,1535295600
6117,R_2YKPfnktaDrPIYT,SCREEN_PROTECTOR,2018-08-26,1535295600
6118,R_2YKPfnktaDrPIYT,VITAMIN,2018-08-26,1535295600
6119,R_2YKPfnktaDrPIYT,SHIRT,2018-08-26,1535295600
6120,R_2YKPfnktaDrPIYT,PILLOWCASE,2018-08-26,1535295600
6121,R_2YKPfnktaDrPIYT,CELLULAR_PHONE_CASE,2018-08-26,1535295600
6122,R_2YKPfnktaDrPIYT,ABIS_BOOK,2018-08-26,1535295600
6123,R_2ZK5JH2NcMfnWuS,NUTRITIONAL_SUPPLEMENT,2018-08-26,1535295600
6124,R_2ZK5JH2NcMfnWuS,SWIMWEAR,2018-08-26,1535295600
6125,R_2ZPqsX1an4DPSal,LEAF_BLOWER,2018-08-26,1535295600
6126,R_2aKrOq0DBielcig,SCREEN_PROTECTOR,2018-08-26,1535295600
6127,R_2aKrOq0DBielcig,PANTS,2018-08-26,1535295600
6128,R_2aKrOq0DBielcig,ROBOTIC_VACUUM_CLEANER,2018-08-26,1535295600
6129,R_2aldwxmUZox7Yfd,SHOES,2018-08-26,1535295600
6130,R_2aldwxmUZox7Yfd,CELLULAR_PHONE_CASE,2018-08-26,1535295600
6131,R_2aldwxmUZox7Yfd,PANTS,2018-08-26,1535295600
6132,R_2aldwxmUZox7Yfd,WASTE_BAG,2018-08-26,1535295600
6133,R_2aldwxmUZox7Yfd,ABIS_BOOK,2018-08-26,1535295600
6134,R_2aldwxmUZox7Yfd,VITAMIN,2018-08-26,1535295600
6135,R_2b1XOZR0PYTA1jX,ELECTRONIC_CABLE,2018-08-26,1535295600
6136,R_2dmZyPIDedcDR2J,VACUUM_CLEANER_BAG,2018-08-26,1535295600
6137,R_2q2hekIiutgInrE,PLANT_SEED,2018-08-26,1535295600
6138,R_2t2UfXrRfbnyKGU,NUTRITIONAL_SUPPLEMENT,2018-08-26,1535295600
6139,R_2vkMWH10xWp7o9s,ABIS_BOOK,2018-08-26,1535295600
6140,R_2vkMWH10xWp7o9s,CONTROLLER,2018-08-26,1535295600
6141,R_32UZncFA03IrQwQ,CURTAIN_FASTENER,2018-08-26,1535295600
6142,R_32UZncFA03IrQwQ,SKIN_CLEANING_AGENT,2018-08-26,1535295600
6143,R_32UZncFA03IrQwQ,MASSAGE_STICK,2018-08-26,1535295600
6144,R_3D8fwycJF7eksBo,SHOCK_ABSORBER,2018-08-26,1535295600
6145,R_3EQJpaOtt2aP8HS,ELECTRONIC_CABLE,2018-08-26,1535295600
6146,R_3ElHoNUS8Tyu7RP,PIPET,2018-08-26,1535295600
6147,R_3ElHoNUS8Tyu7RP,TEAPOT,2018-08-26,1535295600
6148,R_3EzeiT36qvnPNn2,SHIRT,2018-08-26,1535295600
6149,R_3GCXgWFPLgXAuFC,PET_FOOD,2018-08-26,1535295600
6150,R_3GCXgWFPLgXAuFC,EXERCISE_BLOCK,2018-08-26,1535295600
6151,R_3HzRfw5sNEvrFRf,GRIDDLE_PLATE,2018-08-26,1535295600
6152,R_3Jxiicg67etW2yt,SEWING_PATTERN,2018-08-26,1535295600
6153,R_3L51Lbe8dT8TJHD,PACIFIER,2018-08-26,1535295600
6154,R_3PcameSHVD10BZP,PRELOADED_ELECTRONIC_GAME,2018-08-26,1535295600
6155,R_3PjlivvZHpECDkS,ELECTRONIC_CABLE,2018-08-26,1535295600
6156,R_3R3FfvTaRKxigNl,SHIRT,2018-08-26,1535295600
6157,R_3R3FfvTaRKxigNl,HOBBIES,2018-08-26,1535295600
6158,R_3R3FfvTaRKxigNl,SHOES,2018-08-26,1535295600
6159,R_3R3FfvTaRKxigNl,SCREEN_PROTECTOR,2018-08-26,1535295600
6160,R_3R3FfvTaRKxigNl,SKIN_FOUNDATION_CONCEALER,2018-08-26,1535295600
6161,R_3R3FfvTaRKxigNl,ROTATING_TRAY,2018-08-26,1535295600
6162,R_3R3FfvTaRKxigNl,POTABLE_WATER_FILTER,2018-08-26,1535295600
6163,R_3R3FfvTaRKxigNl,LAMP,2018-08-26,1535295600
6164,R_3g6FdS9TC745S4Y,SKIN_MOISTURIZER,2018-08-26,1535295600
6165,R_3lYUnPKDsGA54tw,ABIS_BOOK,2018-08-26,1535295600
6166,R_3lYUnPKDsGA54tw,PET_FOOD,2018-08-26,1535295600
6167,R_3n5UcqVpRJZsXYi,ABIS_BOOK,2018-08-26,1535295600
6168,R_3nH1Odp9Yjm86gN,VITAMIN,2018-08-26,1535295600
6169,R_3nH1Odp9Yjm86gN,VITAMIN,2018-08-26,1535295600
6170,R_3no1gEkp3pV72Nn,ELECTRONIC_CABLE,2018-08-26,1535295600
6171,R_3qPt2VOIZdr6Kio,STORAGE_DRAWER,2018-08-26,1535295600
6172,R_3qTFp0FJqUeMhVZ,HEADPHONES,2018-08-26,1535295600
6173,R_3qjvaF4zWZz3obB,GRILL_SMOKER_COVER,2018-08-26,1535295600
6174,R_3qmwh8eXfbMeI7U,VEHICLE_WIND_DEFLECTOR,2018-08-26,1535295600
6175,R_3rV7kPHe9hVsMee,MEDICATION,2018-08-26,1535295600
6176,R_3socPWD3wXD0iDP,GROCERY,2018-08-26,1535295600
6177,R_40engukXSxhrtF7,PANTS,2018-08-26,1535295600
6178,R_40engukXSxhrtF7,HEALTH_PERSONAL_CARE,2018-08-26,1535295600
6179,R_40engukXSxhrtF7,SKIN_MOISTURIZER,2018-08-26,1535295600
6180,R_4ONrU60VenuwARr,SHOES,2018-08-26,1535295600
6181,R_8cr0J12EMKs9NND,ELECTRONIC_CABLE,2018-08-26,1535295600
6182,R_A0ZwhLeBVySdW8N,PET_FOOD,2018-08-26,1535295600
6183,R_A0ZwhLeBVySdW8N,PET_FOOD,2018-08-26,1535295600
6184,R_A0ZwhLeBVySdW8N,MP3_PLAYER,2018-08-26,1535295600
6185,R_AKBlDprDMrv4M7v,BATTERY,2018-08-26,1535295600
6186,R_AKBlDprDMrv4M7v,PLANT_SEED,2018-08-26,1535295600
6187,R_AKBlDprDMrv4M7v,FLATWARE,2018-08-26,1535295600
6188,R_AKBlDprDMrv4M7v,HARDWARE_TUBING,2018-08-26,1535295600
6189,R_BWhnv4EdbhSS6rf,ELECTRONIC_CABLE,2018-08-26,1535295600
6190,R_BWhnv4EdbhSS6rf,FRUIT_SNACK,2018-08-26,1535295600
6191,R_BWhnv4EdbhSS6rf,COFFEE,2018-08-26,1535295600
6192,R_BWhnv4EdbhSS6rf,SHOES,2018-08-26,1535295600
6193,R_BWhnv4EdbhSS6rf,SCREEN_PROTECTOR,2018-08-26,1535295600
6194,R_BWhnv4EdbhSS6rf,FOOD_OR_BEVERAGE_WARMER,2018-08-26,1535295600
6195,R_BWhnv4EdbhSS6rf,INFANT_TODDLER_CAR_SEAT,2018-08-26,1535295600
6196,R_BYr5WwayMBf66SR,TOYS_AND_GAMES,2018-08-26,1535295600
6197,R_Djcs43mP6ReoYgN,TOWEL,2018-08-26,1535295600
6198,R_Djcs43mP6ReoYgN,WINDOW_FILM,2018-08-26,1535295600
6199,R_OfntYUzw43qHbuF,ABIS_BOOK,2018-08-26,1535295600
6200,R_OfntYUzw43qHbuF,ELECTRONIC_CABLE,2018-08-26,1535295600
6201,R_PwlnzzccUMXV0n7,ABIS_BOOK,2018-08-26,1535295600
6202,R_Q4ZjTFeyiC5kgQV,SNACK_FOOD_BAR,2018-08-26,1535295600
6203,R_RaeWxaWjb7z8CLT,TOYS_AND_GAMES,2018-08-26,1535295600
6204,R_SVHcBOlErkMEJjP,HOSE_PIPE_FITTING,2018-08-26,1535295600
6205,R_SVHcBOlErkMEJjP,SHIRT,2018-08-26,1535295600
6206,R_UEke64xAaOG3mTf,HERBAL_SUPPLEMENT,2018-08-26,1535295600
6207,R_UEke64xAaOG3mTf,SCREEN_PROTECTOR,2018-08-26,1535295600
6208,R_UEke64xAaOG3mTf,HEALTH_PERSONAL_CARE,2018-08-26,1535295600
6209,R_ZkokwdIEZybYo9z,NUT_BUTTER,2018-08-26,1535295600
6210,R_bK5PUvc46zAxoQN,SCREEN_PROTECTOR,2018-08-26,1535295600
6211,R_bK5PUvc46zAxoQN,NAIL_CLIPPER,2018-08-26,1535295600
6212,R_bK5PUvc46zAxoQN,NAIL_CLIPPER,2018-08-26,1535295600
6213,R_bK5PUvc46zAxoQN,PHYSICAL_MOVIE,2018-08-26,1535295600
6214,R_bK5PUvc46zAxoQN,PRINTER,2018-08-26,1535295600
6215,R_bK5PUvc46zAxoQN,STORAGE_BOX,2018-08-26,1535295600
6216,R_dnb5fN79bJTa6Up,HEADPHONES,2018-08-26,1535295600
6217,R_u99XwBV1boyooXT,HAIRBAND,2018-08-26,1535295600
6218,R_yC5ffbdBLVi93Pz,SCREEN_PROTECTOR,2018-08-26,1535295600
6219,R_zTf2i6s3E2OQZQR,OUTDOOR_RECREATION_PRODUCT,2018-08-26,1535295600
6220,R_zTf2i6s3E2OQZQR,CLOCK,2018-08-26,1535295600
6221,R_zTf2i6s3E2OQZQR,SPACE_HEATER,2018-08-26,1535295600
6222,R_zdLOP8JD2pe1brj,ELECTRONIC_CABLE,2018-08-26,1535295600
6223,R_0pRmRjHkwStzNQJ,SKIN_CLEANING_AGENT,2018-08-27,1535382000
6224,R_10TA7pCDmelHi5H,ELASTIC_BAND,2018-08-27,1535382000
6225,R_10wSqGFumZGSTmH,GROCERY,2018-08-27,1535382000
6226,R_1C75XRebT1eliL0,TOWEL,2018-08-27,1535382000
6227,R_1C75XRebT1eliL0,BED_FRAME,2018-08-27,1535382000
6228,R_1C75XRebT1eliL0,PORTABLE_ELECTRONIC_DEVICE_COVER,2018-08-27,1535382000
6229,R_1C9YUFD8GunlGej,CELLULAR_PHONE_CASE,2018-08-27,1535382000
6230,R_1C9YUFD8GunlGej,VITAMIN,2018-08-27,1535382000
6231,R_1ClqO4ZMDuwGjfl,SHOES,2018-08-27,1535382000
6232,R_1E3TJBNJVtr3tcD,GROCERY,2018-08-27,1535382000
6233,R_1E3TJBNJVtr3tcD,SNACK_FOOD_BAR,2018-08-27,1535382000
6234,R_1Fyt6rHyiQcVOT8,COSTUME_EYEWEAR,2018-08-27,1535382000
6235,R_1GVsIStj8gTkbIE,GARDEN_EDGING,2018-08-27,1535382000
6236,R_1GWHQwmLGiIkYBH,TOYS_AND_GAMES,2018-08-27,1535382000
6237,R_1It3uPOCs8UZVMn,SIM_CARD,2018-08-27,1535382000
6238,R_1LRR1P5IQqdSvIP,SHIRT,2018-08-27,1535382000
6239,R_1NDq0rxoUSu6oyz,PRETEND_PLAY_TOY,2018-08-27,1535382000
6240,R_1NFde2vzLpu8IWT,HAMMER_MALLET,2018-08-27,1535382000
6241,R_1NFde2vzLpu8IWT,HEADPHONES,2018-08-27,1535382000
6242,R_1OlyKZYuQUE5Cgc,PET_SUPPLIES,2018-08-27,1535382000
6243,R_1OlyKZYuQUE5Cgc,HEADPHONES,2018-08-27,1535382000
6244,R_1OlyKZYuQUE5Cgc,ABIS_BOOK,2018-08-27,1535382000
6245,R_1dKBjc0UTA0ZiYb,MARKING_PEN,2018-08-27,1535382000
6246,R_1dKBjc0UTA0ZiYb,SWEATER,2018-08-27,1535382000
6247,R_1daE3vUDxFrSw4I,HEALTH_PERSONAL_CARE,2018-08-27,1535382000
6248,R_1dppjLIFEdj7Kq5,NUTRITIONAL_SUPPLEMENT,2018-08-27,1535382000
6249,R_1dppjLIFEdj7Kq5,NUTRITIONAL_SUPPLEMENT,2018-08-27,1535382000
6250,R_1dyqbVnXomwItTl,HEALTH_PERSONAL_CARE,2018-08-27,1535382000
6251,R_1dyqbVnXomwItTl,HEADPHONES,2018-08-27,1535382000
6252,R_1dyqbVnXomwItTl,SNACK_FOOD_BAR,2018-08-27,1535382000
6253,R_1escXXhyvAgsBYq,TOYS_AND_GAMES,2018-08-27,1535382000
6254,R_1escXXhyvAgsBYq,PORTABLE_ELECTRONIC_DEVICE_ARMBAND,2018-08-27,1535382000
6255,R_1escXXhyvAgsBYq,ABIS_BOOK,2018-08-27,1535382000
6256,R_1escXXhyvAgsBYq,CAMPING_EQUIPMENT,2018-08-27,1535382000
6257,R_1escXXhyvAgsBYq,SKIN_MOISTURIZER,2018-08-27,1535382000
6258,R_1j6t5KhjtwDhdKa,PANTS,2018-08-27,1535382000
6259,R_1jd0U0OjvEcZEcw,CELLULAR_PHONE_CASE,2018-08-27,1535382000
6260,R_1jdLI5cWhAhAzSB,SHIRT,2018-08-27,1535382000
6261,R_1mQrQ5EFGvbBRLb,RESPIRATOR,2018-08-27,1535382000
6262,R_1mQrQ5EFGvbBRLb,SKIN_CLEANING_AGENT,2018-08-27,1535382000
6263,R_1pu4x2PBb4LrSWk,PHYSICAL_MOVIE,2018-08-27,1535382000
6264,R_1q7AvsyRPpTSWFi,ABIS_BOOK,2018-08-27,1535382000
6265,R_20V7srZUzANQQ4T,ANIMAL_PERCH,2018-08-27,1535382000
6266,R_24csoaO569P4Yzz,SNACK_FOOD_BAR,2018-08-27,1535382000
6267,R_25SbPPTyE45YzXP,SKIN_MOISTURIZER,2018-08-27,1535382000
6268,R_25thHabUddjXGzt,AMAZON_TABLET,2018-08-27,1535382000
6269,R_25thHabUddjXGzt,MUSICAL_INSTRUMENT_AMPLIFIER,2018-08-27,1535382000
6270,R_25thHabUddjXGzt,CLEANING_AGENT,2018-08-27,1535382000
6271,R_25thHabUddjXGzt,BATTERY,2018-08-27,1535382000
6272,R_25thHabUddjXGzt,BODY_DEODORANT,2018-08-27,1535382000
6273,R_27DL80quzRiSEmq,BLANK_BOOK,2018-08-27,1535382000
6274,R_27DL80quzRiSEmq,FOOD_STORAGE_CONTAINER,2018-08-27,1535382000
6275,R_27DL80quzRiSEmq,GROCERY,2018-08-27,1535382000
6276,R_27DL80quzRiSEmq,GROCERY,2018-08-27,1535382000
6277,R_27g6uEEgxm7kwNu,PHYSICAL_VIDEO_GAME_SOFTWARE,2018-08-27,1535382000
6278,R_29tZUWisKTCWczv,SNACK_FOOD_BAR,2018-08-27,1535382000
6279,R_29tZUWisKTCWczv,ADHESIVE_TAPES,2018-08-27,1535382000
6280,R_29tZUWisKTCWczv,TOYS_AND_GAMES,2018-08-27,1535382000
6281,R_29tZUWisKTCWczv,ELECTRONIC_CABLE,2018-08-27,1535382000
6282,R_29tZUWisKTCWczv,SKIN_MOISTURIZER,2018-08-27,1535382000
6283,R_29tZUWisKTCWczv,DIMENSIONAL_MEASUREMENT_CALIPER,2018-08-27,1535382000
6284,R_29tZUWisKTCWczv,SHIRT,2018-08-27,1535382000
6285,R_29tZUWisKTCWczv,ROLLER_CHAIN,2018-08-27,1535382000
6286,R_29tZUWisKTCWczv,STRING_LIGHT,2018-08-27,1535382000
6287,R_29tZUWisKTCWczv,RECREATION_BALL,2018-08-27,1535382000
6288,R_2BesSIAnd7POW2C,WASTE_BAG,2018-08-27,1535382000
6289,R_2Bljhn8FOxqwglz,HEADPHONES,2018-08-27,1535382000
6290,R_2Bljhn8FOxqwglz,VITAMIN,2018-08-27,1535382000
6291,R_2CpozrevorP48sb,MEDICATION,2018-08-27,1535382000
6292,R_2CpozrevorP48sb,HEADPHONES,2018-08-27,1535382000
6293,R_2CpozrevorP48sb,SKIN_CLEANING_WIPE,2018-08-27,1535382000
6294,R_2CpozrevorP48sb,STICKER_DECAL,2018-08-27,1535382000
6295,R_2DSmjafbkSAict9,SKIN_CLEANING_AGENT,2018-08-27,1535382000
6296,R_2DSmjafbkSAict9,ELECTRONIC_CABLE,2018-08-27,1535382000
6297,R_2DV0bsqugjyav1y,CELLULAR_PHONE_CASE,2018-08-27,1535382000
6298,R_2DV0bsqugjyav1y,HEADPHONES,2018-08-27,1535382000
6299,R_2DV0bsqugjyav1y,DAILY_LIVING_AIDS,2018-08-27,1535382000
6300,R_2DV0bsqugjyav1y,SPACE_HEATER,2018-08-27,1535382000
6301,R_2E5XCpTY2B5ZQ1f,VITAMIN,2018-08-27,1535382000
6302,R_2QM76i5yRebcpiD,SHORTS,2018-08-27,1535382000
6303,R_2R3ayuIYVgX07CZ,COMPUTER_COOLING_DEVICE,2018-08-27,1535382000
6304,R_2TXBHPMwNAwKR7Q,SLEEP_MASK,2018-08-27,1535382000
6305,R_2TXBHPMwNAwKR7Q,FISH,2018-08-27,1535382000
6306,R_2TXBHPMwNAwKR7Q,NUTRITIONAL_SUPPLEMENT,2018-08-27,1535382000
6307,R_2TXBHPMwNAwKR7Q,GROCERY,2018-08-27,1535382000
6308,R_2TXBHPMwNAwKR7Q,SKIN_CLEANING_AGENT,2018-08-27,1535382000
6309,R_2TXBHPMwNAwKR7Q,NUTRITIONAL_SUPPLEMENT,2018-08-27,1535382000
6310,R_2ToRb0eNQrFNM3u,GUN_HOLSTER,2018-08-27,1535382000
6311,R_2UctLzmpg4UJRZu,EARRING,2018-08-27,1535382000
6312,R_2VaWg2jhtCG6zmh,PANTS,2018-08-27,1535382000
6313,R_2VaWg2jhtCG6zmh,BATTERY,2018-08-27,1535382000
6314,R_2VaWg2jhtCG6zmh,LOCK,2018-08-27,1535382000
6315,R_2VaWg2jhtCG6zmh,CAN_OPENER,2018-08-27,1535382000
6316,R_2VaWg2jhtCG6zmh,ELECTRONIC_CABLE,2018-08-27,1535382000
6317,R_2WMQprO1e6US68f,ELECTRONIC_CABLE,2018-08-27,1535382000
6318,R_2WMQprO1e6US68f,HEADPHONES,2018-08-27,1535382000
6319,R_2WMQprO1e6US68f,TOILET_PAPER,2018-08-27,1535382000
6320,R_2YKPfnktaDrPIYT,BRA,2018-08-27,1535382000
6321,R_2YVQQRVSdj7M8Va,SHOES,2018-08-27,1535382000
6322,R_2YbuDFbvaGnuvff,ABIS_BOOK,2018-08-27,1535382000
6323,R_2YbuDFbvaGnuvff,SKIN_CLEANING_AGENT,2018-08-27,1535382000
6324,R_2YbuDFbvaGnuvff,HEALTH_PERSONAL_CARE,2018-08-27,1535382000
6325,R_2YbuDFbvaGnuvff,STROLLER,2018-08-27,1535382000
6326,R_2YbuDFbvaGnuvff,ABIS_BOOK,2018-08-27,1535382000
6327,R_2YbuDFbvaGnuvff,SKIN_MOISTURIZER,2018-08-27,1535382000
6328,R_2YbuDFbvaGnuvff,STROLLER,2018-08-27,1535382000
6329,R_2ZTFfLAcuwm22Yh,FLAT_SCREEN_DISPLAY_MOUNT,2018-08-27,1535382000
6330,R_2b1XOZR0PYTA1jX,AIMING_SCOPE_SIGHT,2018-08-27,1535382000
6331,R_2b1XOZR0PYTA1jX,ABIS_BOOK,2018-08-27,1535382000
6332,R_2dFHfsIqQ6eEtVW,SKIN_CLEANING_AGENT,2018-08-27,1535382000
6333,R_2dMef2oXr2I6RKU,BASKET,2018-08-27,1535382000
6334,R_2dY2NzAgp2digAs,PHYSICAL_MOVIE,2018-08-27,1535382000
6335,R_2foIkyims4WyyYQ,PUFFED_SNACK,2018-08-27,1535382000
6336,R_2sRWbepslqKPgL7,DAILY_LIVING_AIDS,2018-08-27,1535382000
6337,R_2sbCr0DY5BIHWiF,GROCERY,2018-08-27,1535382000
6338,R_2tfEDXuyNRcQoWs,CONDITIONER,2018-08-27,1535382000
6339,R_2tfEDXuyNRcQoWs,NUTRITIONAL_SUPPLEMENT,2018-08-27,1535382000
6340,R_2tfEDXuyNRcQoWs,INCONTINENCE_PROTECTOR,2018-08-27,1535382000
6341,R_2tfEDXuyNRcQoWs,NUTRITIONAL_SUPPLEMENT,2018-08-27,1535382000
6342,R_2tfEDXuyNRcQoWs,ESSENTIAL_OIL,2018-08-27,1535382000
6343,R_2tfEDXuyNRcQoWs,MEDICATION,2018-08-27,1535382000
6344,R_2tfEDXuyNRcQoWs,MATERIAL_HANDLING,2018-08-27,1535382000
6345,R_2tfEDXuyNRcQoWs,INKJET_PRINTER_INK,2018-08-27,1535382000
6346,R_2uZDxTZAORBIW1o,NON_RIDING_TOY_VEHICLE,2018-08-27,1535382000
6347,R_2vYeXyFdrSyrVwh,BATTERY,2018-08-27,1535382000
6348,R_2yplkUxhAWZaFUL,VITAMIN,2018-08-27,1535382000
6349,R_2yplkUxhAWZaFUL,STROLLER,2018-08-27,1535382000
6350,R_2yplkUxhAWZaFUL,PET_FOOD,2018-08-27,1535382000
6351,R_31n2MLk9w05iLzN,SKIN_MOISTURIZER,2018-08-27,1535382000
6352,R_3D7xJuXSy25PXbg,MULTIPORT_HUB,2018-08-27,1535382000
6353,R_3D7xJuXSy25PXbg,ABIS_BOOK,2018-08-27,1535382000
6354,R_3EQJpaOtt2aP8HS,BACKPACK,2018-08-27,1535382000
6355,R_3Ebh099lpNz7iC2,PANTS,2018-08-27,1535382000
6356,R_3GBSX5xvcH0uSyx,MEDICATION,2018-08-27,1535382000
6357,R_3GBSX5xvcH0uSyx,SHOCK_ABSORBER,2018-08-27,1535382000
6358,R_3GiSNq0yPsXSvhf,TOILET_PAPER_HOLDER,2018-08-27,1535382000
6359,R_3GiSNq0yPsXSvhf,BRACELET,2018-08-27,1535382000
6360,R_3HzhKIwCcybjVbM,MEDICATION,2018-08-27,1535382000
6361,R_3HzhKIwCcybjVbM,VITAMIN,2018-08-27,1535382000
6362,R_3J8UIMbwljBx6df,FLAME_WICK,2018-08-27,1535382000
6363,R_3Jl5q6tZJctgL8B,VITAMIN,2018-08-27,1535382000
6364,R_3KHiP9QpzA2COVL,BATTERY,2018-08-27,1535382000
6365,R_3KpaTa6zCZitiZG,BATTERY,2018-08-27,1535382000
6366,R_3KpaTa6zCZitiZG,BATHWATER_ADDITIVE,2018-08-27,1535382000
6367,R_3KpaTa6zCZitiZG,SCREEN_PROTECTOR,2018-08-27,1535382000
6368,R_3L89g4OAN8obu49,SHOES,2018-08-27,1535382000
6369,R_3L89g4OAN8obu49,FOOD_GRATER,2018-08-27,1535382000
6370,R_3M4EntiuPSB1ZJO,SOAP_DISH,2018-08-27,1535382000
6371,R_3MncA46G8CO8juo,HAIR_COLORING_AGENT,2018-08-27,1535382000
6372,R_3MncA46G8CO8juo,SHOES,2018-08-27,1535382000
6373,R_3MncA46G8CO8juo,ELECTRONIC_CABLE,2018-08-27,1535382000
6374,R_3MncA46G8CO8juo,ABIS_BOOK,2018-08-27,1535382000
6375,R_3PcameSHVD10BZP,MEDICATION,2018-08-27,1535382000
6376,R_3PcameSHVD10BZP,PET_FOOD,2018-08-27,1535382000
6377,R_3PcameSHVD10BZP,SNACK_FOOD_BAR,2018-08-27,1535382000
6378,R_3PcameSHVD10BZP,VITAMIN,2018-08-27,1535382000
6379,R_3PcameSHVD10BZP,SHIRT,2018-08-27,1535382000
6380,R_3PcameSHVD10BZP,SPORTING_GOODS,2018-08-27,1535382000
6381,R_3PcameSHVD10BZP,HANDBAG,2018-08-27,1535382000
6382,R_3PcameSHVD10BZP,BODY_DEODORANT,2018-08-27,1535382000
6383,R_3PcameSHVD10BZP,NUTRITIONAL_SUPPLEMENT,2018-08-27,1535382000
6384,R_3PcameSHVD10BZP,PLANT_SEED,2018-08-27,1535382000
6385,R_3PcameSHVD10BZP,SKIN_CLEANING_AGENT,2018-08-27,1535382000
6386,R_3PcameSHVD10BZP,ZIPPER_FASTENER,2018-08-27,1535382000
6387,R_3PcameSHVD10BZP,SKIN_MOISTURIZER,2018-08-27,1535382000
6388,R_3PcameSHVD10BZP,FLASH_CARD,2018-08-27,1535382000
6389,R_3PcameSHVD10BZP,TOYS_AND_GAMES,2018-08-27,1535382000
6390,R_3PcameSHVD10BZP,PANTS,2018-08-27,1535382000
6391,R_3RmDOazalOu0F1L,PET_FOOD,2018-08-27,1535382000
6392,R_3RmDOazalOu0F1L,ABIS_BOOK,2018-08-27,1535382000
6393,R_3VRB9w5rAtqNoWt,INPUT_MOUSE,2018-08-27,1535382000
6394,R_3VRB9w5rAtqNoWt,ELECTRONIC_DEVICE_COOLING_PAD,2018-08-27,1535382000
6395,R_3VRB9w5rAtqNoWt,ABIS_BOOK,2018-08-27,1535382000
6396,R_3VRB9w5rAtqNoWt,ABDOMINAL_EXERCISER,2018-08-27,1535382000
6397,R_3e82J7pYxj5XP7j,COOKING_CONTAINER,2018-08-27,1535382000
6398,R_3e82J7pYxj5XP7j,COOKING_CONTAINER,2018-08-27,1535382000
6399,R_3e82J7pYxj5XP7j,SHOES,2018-08-27,1535382000
6400,R_3e82J7pYxj5XP7j,TOYS_AND_GAMES,2018-08-27,1535382000
6401,R_3e82J7pYxj5XP7j,ELECTRONIC_CABLE,2018-08-27,1535382000
6402,R_3e82J7pYxj5XP7j,SHIRT,2018-08-27,1535382000
6403,R_3e82J7pYxj5XP7j,GROCERY,2018-08-27,1535382000
6404,R_3e82J7pYxj5XP7j,WATER_FLOTATION_DEVICE,2018-08-27,1535382000
6405,R_3e82J7pYxj5XP7j,CELLULAR_PHONE_CASE,2018-08-27,1535382000
6406,R_3e82J7pYxj5XP7j,FLAVORED_DRINK_CONCENTRATE,2018-08-27,1535382000
6407,R_3e82J7pYxj5XP7j,SHIRT,2018-08-27,1535382000
6408,R_3e82J7pYxj5XP7j,WATER_FLOTATION_DEVICE,2018-08-27,1535382000
6409,R_3fJXgeZMDEMzirc,TOYS_AND_GAMES,2018-08-27,1535382000
6410,R_3fJXgeZMDEMzirc,MATTRESS_COVER,2018-08-27,1535382000
6411,R_3iJQyWNMMY0KRV5,GRIDDLE_PLATE,2018-08-27,1535382000
6412,R_3iJQyWNMMY0KRV5,PHOTOGRAPHIC_FILM,2018-08-27,1535382000
6413,R_3iJQyWNMMY0KRV5,BODY_CARE_PRODUCT,2018-08-27,1535382000
6414,R_3iJQyWNMMY0KRV5,WAIST_CINCHER,2018-08-27,1535382000
6415,R_3jSAmu0UzDwnhQD,TOY_GUN,2018-08-27,1535382000
6416,R_3m3H4mwZ2snYFua,GIFT_CARD,2018-08-27,1535382000
6417,R_3m3H4mwZ2snYFua,LINT_REMOVER,2018-08-27,1535382000
6418,R_3m3H4mwZ2snYFua,SHIRT,2018-08-27,1535382000
6419,R_3m3H4mwZ2snYFua,KNIFE,2018-08-27,1535382000
6420,R_3m3H4mwZ2snYFua,GROCERY,2018-08-27,1535382000
6421,R_3nH1Odp9Yjm86gN,HEADPHONES,2018-08-27,1535382000
6422,R_3nH1Odp9Yjm86gN,RING,2018-08-27,1535382000
6423,R_3nH1Odp9Yjm86gN,MEDICATION,2018-08-27,1535382000
6424,R_3nH1Odp9Yjm86gN,PANTS,2018-08-27,1535382000
6425,R_3qlnIILTEuzSyGe,MEAL_REPLACEMENT_BEVERAGE,2018-08-27,1535382000
6426,R_3qlnIILTEuzSyGe,ABIS_BOOK,2018-08-27,1535382000
6427,R_3qlnIILTEuzSyGe,SHOES,2018-08-27,1535382000
6428,R_3qlnIILTEuzSyGe,PET_FOOD,2018-08-27,1535382000
6429,R_3rSVzZdjthhnCx0,JEWELRY,2018-08-27,1535382000
6430,R_4PhRzF4UI9ooLh7,VIVARIUM,2018-08-27,1535382000
6431,R_4PhRzF4UI9ooLh7,COLLECTIBLE_CARD,2018-08-27,1535382000
6432,R_4TMdmQ1SjGtT6Ex,HEALTH_PERSONAL_CARE,2018-08-27,1535382000
6433,R_5uabKnJBMc7HyEN,PET_FOOD,2018-08-27,1535382000
6434,R_5uabKnJBMc7HyEN,BATTERY,2018-08-27,1535382000
6435,R_6Jw0sPgGkHLnKkp,PHYSICAL_MOVIE,2018-08-27,1535382000
6436,R_7ZH1uBNuL9RQ2K5,HEADPHONES,2018-08-27,1535382000
6437,R_85OdkeCoFP5daLL,GROCERY,2018-08-27,1535382000
6438,R_85OdkeCoFP5daLL,SURVEILLANCE_RECORDER_SYSTEM,2018-08-27,1535382000
6439,R_85OdkeCoFP5daLL,SCREEN_PROTECTOR,2018-08-27,1535382000
6440,R_85OdkeCoFP5daLL,CADDY,2018-08-27,1535382000
6441,R_85OdkeCoFP5daLL,SHOES,2018-08-27,1535382000
6442,R_85OdkeCoFP5daLL,VITAMIN,2018-08-27,1535382000
6443,R_85OdkeCoFP5daLL,HEALTH_PERSONAL_CARE,2018-08-27,1535382000
6444,R_85OdkeCoFP5daLL,FISHING_HOOK,2018-08-27,1535382000
6445,R_85OdkeCoFP5daLL,CABINET,2018-08-27,1535382000
6446,R_85OdkeCoFP5daLL,GROCERY,2018-08-27,1535382000
6447,R_85OdkeCoFP5daLL,CELLULAR_PHONE_CASE,2018-08-27,1535382000
6448,R_85OdkeCoFP5daLL,WIND_CHIME,2018-08-27,1535382000
6449,R_85OdkeCoFP5daLL,PLANTER,2018-08-27,1535382000
6450,R_85OdkeCoFP5daLL,SHIRT,2018-08-27,1535382000
6451,R_85OdkeCoFP5daLL,HEALTH_PERSONAL_CARE,2018-08-27,1535382000
6452,R_85OdkeCoFP5daLL,NUTRITIONAL_SUPPLEMENT,2018-08-27,1535382000
6453,R_85OdkeCoFP5daLL,ELECTRONIC_CABLE,2018-08-27,1535382000
6454,R_85OdkeCoFP5daLL,APPAREL_HEAD_NECK_COVERING,2018-08-27,1535382000
6455,R_85OdkeCoFP5daLL,TOYS_AND_GAMES,2018-08-27,1535382000
6456,R_85OdkeCoFP5daLL,BEAUTY,2018-08-27,1535382000
6457,R_8pMsG4P0RqzoSlz,ADHESIVE_TAPES,2018-08-27,1535382000
6458,R_8puIA0Aj4F8MuI1,TEA,2018-08-27,1535382000
6459,R_8vnpSkm79W7Jsv7,SUGAR_CANDY,2018-08-27,1535382000
6460,R_A0ZwhLeBVySdW8N,HEADPHONES,2018-08-27,1535382000
6461,R_A0ZwhLeBVySdW8N,PHYSICAL_MOVIE,2018-08-27,1535382000
6462,R_AM0OvM0F9kBvqal,SKIN_MOISTURIZER,2018-08-27,1535382000
6463,R_AM0OvM0F9kBvqal,ESSENTIAL_OIL,2018-08-27,1535382000
6464,R_AM0OvM0F9kBvqal,PANTS,2018-08-27,1535382000
6465,R_AM0OvM0F9kBvqal,FISH,2018-08-27,1535382000
6466,R_AM0OvM0F9kBvqal,SHIRT,2018-08-27,1535382000
6467,R_AM0OvM0F9kBvqal,PET_FOOD,2018-08-27,1535382000
6468,R_AM0OvM0F9kBvqal,MEDICATION,2018-08-27,1535382000
6469,R_AM0OvM0F9kBvqal,FABRIC_SOFTENER,2018-08-27,1535382000
6470,R_AM0OvM0F9kBvqal,SKIN_MOISTURIZER,2018-08-27,1535382000
6471,R_AM0OvM0F9kBvqal,CHOCOLATE_CANDY,2018-08-27,1535382000
6472,R_Ap2HcvpPLRDJv9L,SKIN_BLEMISH_REMOVAL_TOOL,2018-08-27,1535382000
6473,R_Ap2HcvpPLRDJv9L,PANTS,2018-08-27,1535382000
6474,R_Ap2HcvpPLRDJv9L,BRASS_AND_WOODWIND_INSTRUMENTS,2018-08-27,1535382000
6475,R_Ap2HcvpPLRDJv9L,CULINARY_SALT,2018-08-27,1535382000
6476,R_Ap2HcvpPLRDJv9L,SKIN_BLEMISH_REMOVAL_TOOL,2018-08-27,1535382000
6477,R_Ap2HcvpPLRDJv9L,PORTABLE_ELECTRONIC_DEVICE_MOUNT,2018-08-27,1535382000
6478,R_Ap2HcvpPLRDJv9L,GROCERY,2018-08-27,1535382000
6479,R_Ap2HcvpPLRDJv9L,CURTAIN,2018-08-27,1535382000
6480,R_BWhnv4EdbhSS6rf,LAUNDRY_DETERGENT,2018-08-27,1535382000
6481,R_Djcs43mP6ReoYgN,GROCERY,2018-08-27,1535382000
6482,R_Djcs43mP6ReoYgN,SHOES,2018-08-27,1535382000
6483,R_Djcs43mP6ReoYgN,VITAMIN,2018-08-27,1535382000
6484,R_Djcs43mP6ReoYgN,TOWEL,2018-08-27,1535382000
6485,R_Djcs43mP6ReoYgN,VITAMIN,2018-08-27,1535382000
6486,R_Djcs43mP6ReoYgN,ELECTRONIC_CABLE,2018-08-27,1535382000
6487,R_Djcs43mP6ReoYgN,MEDICATION,2018-08-27,1535382000
6488,R_Djcs43mP6ReoYgN,SKIN_CLEANING_AGENT,2018-08-27,1535382000
6489,R_Djcs43mP6ReoYgN,HERBAL_SUPPLEMENT,2018-08-27,1535382000
6490,R_Djcs43mP6ReoYgN,SKIN_CLEANING_AGENT,2018-08-27,1535382000
6491,R_Djcs43mP6ReoYgN,GARDEN_TOOL_SET,2018-08-27,1535382000
6492,R_PXSF6lxCnUB8Pg5,PANTS,2018-08-27,1535382000
6493,R_PXSF6lxCnUB8Pg5,TIGHTS,2018-08-27,1535382000
6494,R_PwlnzzccUMXV0n7,SURFACE_CLEANING_WIPE,2018-08-27,1535382000
6495,R_Q4ZjTFeyiC5kgQV,NETWORKING_DEVICE,2018-08-27,1535382000
6496,R_Qp7pqfzWe3Qmcrn,EARPLUG,2018-08-27,1535382000
6497,R_SVHcBOlErkMEJjP,PHYSICAL_VIDEO_GAME_SOFTWARE,2018-08-27,1535382000
6498,R_TmUTipQ7flj3x5f,VACUUM_SEALER_MACHINE,2018-08-27,1535382000
6499,R_W80kzJbCa8CD9UB,ABIS_BOOK,2018-08-27,1535382000
6500,R_W80kzJbCa8CD9UB,SNACK_FOOD_BAR,2018-08-27,1535382000
6501,R_W80kzJbCa8CD9UB,COMPUTER_DRIVE_OR_STORAGE,2018-08-27,1535382000
6502,R_W80kzJbCa8CD9UB,ELECTRONIC_CABLE,2018-08-27,1535382000
6503,R_b3dSUlk76L0C6TD,PORTABLE_VIDEO_DISC_PLAYER,2018-08-27,1535382000
6504,R_b3dSUlk76L0C6TD,ADHESIVE_TAPES,2018-08-27,1535382000
6505,R_e8KTElZZLWryLWp,POWER_BANK,2018-08-27,1535382000
6506,R_eOMCliqYqUD4oOR,SHIRT,2018-08-27,1535382000
6507,R_eOMCliqYqUD4oOR,MANNEQUIN_CLOTHING_FORM,2018-08-27,1535382000
6508,R_ebblotCCh8G6Ddf,ANTI_FATIGUE_FLOOR_MAT,2018-08-27,1535382000
6509,R_eyQl26Pq4cq0Xmx,VITAMIN,2018-08-27,1535382000
6510,R_eyQl26Pq4cq0Xmx,BLANKET,2018-08-27,1535382000
6511,R_eyQl26Pq4cq0Xmx,ABIS_BOOK,2018-08-27,1535382000
6512,R_eyQl26Pq4cq0Xmx,NUT_AND_SEED,2018-08-27,1535382000
6513,R_eyQl26Pq4cq0Xmx,NUTRITIONAL_SUPPLEMENT,2018-08-27,1535382000
6514,R_eyQl26Pq4cq0Xmx,NUT_AND_SEED,2018-08-27,1535382000
6515,R_pRWnSKTREPIwpSF,PAINT,2018-08-27,1535382000
6516,R_u2EdYogSnJBrpex,SCREEN_PROTECTOR,2018-08-27,1535382000
6517,R_u2EdYogSnJBrpex,TOILET_PAPER,2018-08-27,1535382000
6518,R_u2EdYogSnJBrpex,ABIS_BOOK,2018-08-27,1535382000
6519,R_u2EdYogSnJBrpex,SHOES,2018-08-27,1535382000
6520,R_vYtQIbKQv9vFKuZ,CELLULAR_PHONE_CASE,2018-08-27,1535382000
6521,R_xzt7BAlQUA8iNyh,SAUCE,2018-08-27,1535382000
6522,R_xzt7BAlQUA8iNyh,PET_FOOD,2018-08-27,1535382000
6523,R_xzt7BAlQUA8iNyh,STEAM_CLEANER,2018-08-27,1535382000
6524,R_xzt7BAlQUA8iNyh,PHYSICAL_MOVIE,2018-08-27,1535382000
6525,R_yJz6aXbKddNbgZz,SKIN_MOISTURIZER,2018-08-27,1535382000
6526,R_yRaAO89bhwJb9xD,HEADPHONES,2018-08-27,1535382000
6527,R_yRaAO89bhwJb9xD,SHOES,2018-08-27,1535382000
6528,R_yRaAO89bhwJb9xD,HARDWARE_CLAMP_VISE,2018-08-27,1535382000
6529,R_0D6GtQwa6VcnXpv,ELECTRONIC_COMPONENT_TERMINAL,2018-08-28,1535468400
6530,R_10CAlrx7dbJty9R,HEALTH_PERSONAL_CARE,2018-08-28,1535468400
6531,R_10CAlrx7dbJty9R,HEADPHONES,2018-08-28,1535468400
6532,R_10CAlrx7dbJty9R,BRA,2018-08-28,1535468400
6533,R_1C4nKyrv0w2thJn,ABIS_BOOK,2018-08-28,1535468400
6534,R_1C4nKyrv0w2thJn,VACUUM_SEALER_MACHINE,2018-08-28,1535468400
6535,R_1C4nKyrv0w2thJn,CURTAIN,2018-08-28,1535468400
6536,R_1C4nKyrv0w2thJn,ELECTRONIC_CABLE,2018-08-28,1535468400
6537,R_1C4nKyrv0w2thJn,ORTHOPEDIC_BRACE,2018-08-28,1535468400
6538,R_1C4nKyrv0w2thJn,SKIN_CLEANING_AGENT,2018-08-28,1535468400
6539,R_1C75XRebT1eliL0,IRRIGATION_SPRINKLER,2018-08-28,1535468400
6540,R_1C8w4NDDQC5fcgE,PERSONAL_FRAGRANCE,2018-08-28,1535468400
6541,R_1C8w4NDDQC5fcgE,PLANTER,2018-08-28,1535468400
6542,R_1CDqTWLWIk642Vp,CELLULAR_PHONE_CASE,2018-08-28,1535468400
6543,R_1CDqTWLWIk642Vp,EXERCISE_STEP_PLATFORM,2018-08-28,1535468400
6544,R_1CjWIsByjtP0GxZ,MEDICATION,2018-08-28,1535468400
6545,R_1CjWIsByjtP0GxZ,SCREEN_PROTECTOR,2018-08-28,1535468400
6546,R_1DOwHkGiX8DX7mF,STICKER_DECAL,2018-08-28,1535468400
6547,R_1DOwHkGiX8DX7mF,PEN_MARKER_INK_CARTRIDGE_REFILL,2018-08-28,1535468400
6548,R_1DOwHkGiX8DX7mF,BOLTS,2018-08-28,1535468400
6549,R_1DOwHkGiX8DX7mF,PLUMBING_FIXTURE,2018-08-28,1535468400
6550,R_1E3TJBNJVtr3tcD,ABIS_BOOK,2018-08-28,1535468400
6551,R_1E3TJBNJVtr3tcD,ELECTRIC_WATER_BOILER,2018-08-28,1535468400
6552,R_1F35QiIK5csZBEC,BISS,2018-08-28,1535468400
6553,R_1FJHvQm83j8lK35,SHIRT,2018-08-28,1535468400
6554,R_1FJHvQm83j8lK35,NUTRITIONAL_SUPPLEMENT,2018-08-28,1535468400
6555,R_1Hena1rUph3TnA3,CELLULAR_PHONE_CASE,2018-08-28,1535468400
6556,R_1Hena1rUph3TnA3,JEWELRY_STORAGE,2018-08-28,1535468400
6557,R_1IZrt5CyqgTg2Qe,SOIL,2018-08-28,1535468400
6558,R_1IZrt5CyqgTg2Qe,PESTICIDE,2018-08-28,1535468400
6559,R_1IZrt5CyqgTg2Qe,PET_FOOD,2018-08-28,1535468400
6560,R_1ImFLLGALT606WO,BOARD_GAME,2018-08-28,1535468400
6561,R_1ImFLLGALT606WO,PHYSICAL_MOVIE,2018-08-28,1535468400
6562,R_1ImFLLGALT606WO,BOARD_GAME,2018-08-28,1535468400
6563,R_1KxVDxZl2H0XoHS,COOKIE_CUTTER,2018-08-28,1535468400
6564,R_1KxVDxZl2H0XoHS,CLOTHES_RACK,2018-08-28,1535468400
6565,R_1LRR1P5IQqdSvIP,SPORTING_GOODS,2018-08-28,1535468400
6566,R_1MTbVUzYEQq2MzU,BATTERY,2018-08-28,1535468400
6567,R_1NCzj2eSHI4QGcd,SKIN_CLEANING_AGENT,2018-08-28,1535468400
6568,R_1NCzj2eSHI4QGcd,MEDICATION,2018-08-28,1535468400
6569,R_1NCzj2eSHI4QGcd,SKIN_CLEANING_AGENT,2018-08-28,1535468400
6570,R_1NDq0rxoUSu6oyz,BATTERY,2018-08-28,1535468400
6571,R_1Q62CIVb2WAS8hB,BLANK_MEDIA,2018-08-28,1535468400
6572,R_1QutEVkZz69QFR7,AUTO_BATTERY,2018-08-28,1535468400
6573,R_1cYxarQPFQxNRHB,MEDICATION,2018-08-28,1535468400
6574,R_1cYxarQPFQxNRHB,LEOTARD,2018-08-28,1535468400
6575,R_1dAhJdFXHV5xmMG,BATTERY,2018-08-28,1535468400
6576,R_1dAhJdFXHV5xmMG,HEALTH_PERSONAL_CARE,2018-08-28,1535468400
6577,R_1eFv0mPpH4dM2mG,PET_FOOD,2018-08-28,1535468400
6578,R_1gIWs2DmzyxwvCs,SHIRT,2018-08-28,1535468400
6579,R_1gIWs2DmzyxwvCs,PORTABLE_ELECTRONIC_DEVICE_COVER,2018-08-28,1535468400
6580,R_1gIWs2DmzyxwvCs,TRANSPORT_RACK,2018-08-28,1535468400
6581,R_1gU6N4NRSwc9ONd,SHOES,2018-08-28,1535468400
6582,R_1hLPyY3aamfi3xT,ELECTRONIC_CABLE,2018-08-28,1535468400
6583,R_1hLPyY3aamfi3xT,ELECTRONIC_CABLE,2018-08-28,1535468400
6584,R_1hMV4AHCk04WO5V,PET_FOOD,2018-08-28,1535468400
6585,R_1hMV4AHCk04WO5V,FILE_FOLDER,2018-08-28,1535468400
6586,R_1lxYa2W6GgcAQ19,PET_FOOD,2018-08-28,1535468400
6587,R_1pu4x2PBb4LrSWk,TOYS_AND_GAMES,2018-08-28,1535468400
6588,R_1pu6yYPsuymsIIz,GROCERY,2018-08-28,1535468400
6589,R_1pu6yYPsuymsIIz,VITAMIN,2018-08-28,1535468400
6590,R_1q4eVtHN10S5gPB,PET_FOOD,2018-08-28,1535468400
6591,R_1rPQIXSf3d1wvFO,COOKWARE_SET,2018-08-28,1535468400
6592,R_1rPQIXSf3d1wvFO,OUTDOOR_RECREATION_PRODUCT,2018-08-28,1535468400
6593,R_1rPQIXSf3d1wvFO,MEDICATION,2018-08-28,1535468400
6594,R_1rPQIXSf3d1wvFO,BED_FRAME,2018-08-28,1535468400
6595,R_1roTOelTygZr5G8,ORTHOPEDIC_BRACE,2018-08-28,1535468400
6596,R_1roTOelTygZr5G8,VEHICLE_BRAKE_PAD,2018-08-28,1535468400
6597,R_20TAzxGcUSMw2Gy,PET_PEST_CONTROL,2018-08-28,1535468400
6598,R_20Yd9DvrGselmZY,HEALTH_PERSONAL_CARE,2018-08-28,1535468400
6599,R_20Yd9DvrGselmZY,SNACK_FOOD_BAR,2018-08-28,1535468400
6600,R_25Wwg273Uw26jA1,CELL_PHONE_GRIP,2018-08-28,1535468400
6601,R_25Wwg273Uw26jA1,PANTS,2018-08-28,1535468400
6602,R_27DL80quzRiSEmq,ART_MEDIA_PAPER,2018-08-28,1535468400
6603,R_27DL80quzRiSEmq,PANTS,2018-08-28,1535468400
6604,R_27DL80quzRiSEmq,VITAMIN,2018-08-28,1535468400
6605,R_27DL80quzRiSEmq,NUTRITIONAL_SUPPLEMENT,2018-08-28,1535468400
6606,R_27DL80quzRiSEmq,WEARABLE_WEIGHT,2018-08-28,1535468400
6607,R_27DL80quzRiSEmq,TOPICAL_HAIR_REGROWTH_TREATMENT,2018-08-28,1535468400
6608,R_27DL80quzRiSEmq,BRA,2018-08-28,1535468400
6609,R_29uBVByYo0xAXiZ,NUTRITIONAL_SUPPLEMENT,2018-08-28,1535468400
6610,R_29uBVByYo0xAXiZ,SKIN_MOISTURIZER,2018-08-28,1535468400
6611,R_2B38co9cwVRvVZA,HEADPHONES,2018-08-28,1535468400
6612,R_2B38co9cwVRvVZA,ABIS_BOOK,2018-08-28,1535468400
6613,R_2CJ9tQVGVUnaesS,HERBAL_SUPPLEMENT,2018-08-28,1535468400
6614,R_2CJ9tQVGVUnaesS,VEHICLE_SEAT_COVER,2018-08-28,1535468400
6615,R_2CJ9tQVGVUnaesS,CELLULAR_PHONE_CASE,2018-08-28,1535468400
6616,R_2DMQ4Npnlu3WWyq,BOOKSHELF_OR_MICRO_STEREO_SYS,2018-08-28,1535468400
6617,R_2QQl58nFfrZayxf,RAM_MEMORY,2018-08-28,1535468400
6618,R_2Qu0fgUOnDpaKDH,OFFICE_PRODUCTS,2018-08-28,1535468400
6619,R_2Qu0fgUOnDpaKDH,BED_SKIRT,2018-08-28,1535468400
6620,R_2TXBHPMwNAwKR7Q,NUTRITIONAL_SUPPLEMENT,2018-08-28,1535468400
6621,R_2TXBHPMwNAwKR7Q,POTABLE_WATER_FILTER,2018-08-28,1535468400
6622,R_2TXBHPMwNAwKR7Q,HANDBAG,2018-08-28,1535468400
6623,R_2UgruQ1jzpNXLQZ,VEGETABLE,2018-08-28,1535468400
6624,R_2WVIxBGaj1uOr8S,GPS_OR_NAVIGATION_SYSTEM,2018-08-28,1535468400
6625,R_2WVIxBGaj1uOr8S,BATTERY,2018-08-28,1535468400
6626,R_2WVIxBGaj1uOr8S,ELECTRONIC_CABLE,2018-08-28,1535468400
6627,R_2Xj7LtCe2Mt8jNi,BATTERY,2018-08-28,1535468400
6628,R_2ZOgImZ5BSZcQoz,ELECTRONIC_CABLE,2018-08-28,1535468400
6629,R_2cBADxleVyzT89z,VITAMIN,2018-08-28,1535468400
6630,R_2cBADxleVyzT89z,PET_FOOD,2018-08-28,1535468400
6631,R_2ebzj3o225IisIQ,BATTERY,2018-08-28,1535468400
6632,R_2mKYTXpTsUEkSGt,PANTS,2018-08-28,1535468400
6633,R_2rOPRiLTdvFrJFq,TOYS_AND_GAMES,2018-08-28,1535468400
6634,R_2rOPRiLTdvFrJFq,SNACK_FOOD_BAR,2018-08-28,1535468400
6635,R_2sYn1oXcE5aaeU5,EXERCISE_MAT,2018-08-28,1535468400
6636,R_2sYn1oXcE5aaeU5,SWIMWEAR,2018-08-28,1535468400
6637,R_2tfh4rvpUWWJndF,ELECTRIC_LANTERN,2018-08-28,1535468400
6638,R_2vkMWH10xWp7o9s,SHIRT,2018-08-28,1535468400
6639,R_2yjckpDXWcsiLPz,NUTRITIONAL_SUPPLEMENT,2018-08-28,1535468400
6640,R_2yjckpDXWcsiLPz,GROCERY,2018-08-28,1535468400
6641,R_2yplkUxhAWZaFUL,STROLLER,2018-08-28,1535468400
6642,R_2ze9t15YGQDJxR3,LEOTARD,2018-08-28,1535468400
6643,R_32UZncFA03IrQwQ,RUG,2018-08-28,1535468400
6644,R_32UZncFA03IrQwQ,NOODLE,2018-08-28,1535468400
6645,R_3CKmnc9zwNPauw5,SUNSCREEN,2018-08-28,1535468400
6646,R_3D7xJuXSy25PXbg,SKIN_MOISTURIZER,2018-08-28,1535468400
6647,R_3ElHoNUS8Tyu7RP,PANTS,2018-08-28,1535468400
6648,R_3ElHoNUS8Tyu7RP,OUTDOOR_LIVING,2018-08-28,1535468400
6649,R_3Hphzg7zu04Hgy1,VITAMIN,2018-08-28,1535468400
6650,R_3HzhKIwCcybjVbM,SKIN_MOISTURIZER,2018-08-28,1535468400
6651,R_3HzhKIwCcybjVbM,FOOD_STRAINER,2018-08-28,1535468400
6652,R_3HzhKIwCcybjVbM,PHYSICAL_MOVIE,2018-08-28,1535468400
6653,R_3Jxiicg67etW2yt,CELLULAR_PHONE_CASE,2018-08-28,1535468400
6654,R_3KHiP9QpzA2COVL,SKIN_CLEANING_AGENT,2018-08-28,1535468400
6655,R_3L20DbmNPSMtKUd,HEADPHONES,2018-08-28,1535468400
6656,R_3L20DbmNPSMtKUd,COMPUTER_INPUT_DEVICE_ACCESSORY,2018-08-28,1535468400
6657,R_3M3RSZ7wNRSaxNx,GROCERY,2018-08-28,1535468400
6658,R_3MyEdXOZ8P75S1V,HEALTH_PERSONAL_CARE,2018-08-28,1535468400
6659,R_3OiAK9V155cWEsy,SEASONING_MILL,2018-08-28,1535468400
6660,R_3OiAK9V155cWEsy,WASTE_BAG,2018-08-28,1535468400
6661,R_3OiAK9V155cWEsy,CLEANING_AGENT,2018-08-28,1535468400
6662,R_3PUi8o2if0JqKfl,NUTRITIONAL_SUPPLEMENT,2018-08-28,1535468400
6663,R_3QJyUqWqLp8B7Jw,MECHANICAL_COMPONENTS,2018-08-28,1535468400
6664,R_3QJyUqWqLp8B7Jw,PLUMBING_FIXTURE,2018-08-28,1535468400
6665,R_3QJyUqWqLp8B7Jw,PANTS,2018-08-28,1535468400
6666,R_3QJyUqWqLp8B7Jw,TABLETOP_GAME,2018-08-28,1535468400
6667,R_3RmDOazalOu0F1L,SOFA,2018-08-28,1535468400
6668,R_3RmDOazalOu0F1L,TOYS_AND_GAMES,2018-08-28,1535468400
6669,R_3RmDOazalOu0F1L,PHYSICAL_VIDEO_GAME_SOFTWARE,2018-08-28,1535468400
6670,R_3e82J7pYxj5XP7j,COOKIE,2018-08-28,1535468400
6671,R_3eqS2JnufvMcjz6,BLANKET,2018-08-28,1535468400
6672,R_3m3H4mwZ2snYFua,PANTS,2018-08-28,1535468400
6673,R_3n17fNI56KA8rTV,MAKEUP_PRIMER,2018-08-28,1535468400
6674,R_3n17fNI56KA8rTV,MAKEUP_PRIMER,2018-08-28,1535468400
6675,R_3n17fNI56KA8rTV,PHYSICAL_MOVIE,2018-08-28,1535468400
6676,R_3nH1Odp9Yjm86gN,TENT,2018-08-28,1535468400
6677,R_3nH1Odp9Yjm86gN,SHOES,2018-08-28,1535468400
6678,R_3nN7gDrlTTNu9A9,SANITARY_NAPKIN,2018-08-28,1535468400
6679,R_3oO3DoeTgXHrEzx,CELLULAR_PHONE_CASE,2018-08-28,1535468400
6680,R_3qjvaF4zWZz3obB,OUTDOOR_RECREATION_PRODUCT,2018-08-28,1535468400
6681,R_3qqdzQnCaBYHx9o,POWER_CORD,2018-08-28,1535468400
6682,R_3qqdzQnCaBYHx9o,TOYS_AND_GAMES,2018-08-28,1535468400
6683,R_3rV7kPHe9hVsMee,SHOES,2018-08-28,1535468400
6684,R_3rV7kPHe9hVsMee,ELECTRONIC_CABLE,2018-08-28,1535468400
6685,R_3rV7kPHe9hVsMee,CRACKER,2018-08-28,1535468400
6686,R_3rV7kPHe9hVsMee,FALSE_EYELASH,2018-08-28,1535468400
6687,R_3rV7kPHe9hVsMee,OFFICE_ELECTRONICS,2018-08-28,1535468400
6688,R_3rV7kPHe9hVsMee,HOOK_LOOP_FASTENER,2018-08-28,1535468400
6689,R_3rV7kPHe9hVsMee,SKIN_CLEANING_WIPE,2018-08-28,1535468400
6690,R_3sBz3iR6jcNfJzt,CLOTHES_HANGER,2018-08-28,1535468400
6691,R_3sBz3iR6jcNfJzt,NUTRITIONAL_SUPPLEMENT,2018-08-28,1535468400
6692,R_4PhRzF4UI9ooLh7,PHYSICAL_MOVIE,2018-08-28,1535468400
6693,R_4PhRzF4UI9ooLh7,PHYSICAL_MOVIE,2018-08-28,1535468400
6694,R_4PhRzF4UI9ooLh7,PET_FOOD,2018-08-28,1535468400
6695,R_4PhRzF4UI9ooLh7,PHYSICAL_MOVIE,2018-08-28,1535468400
6696,R_6Jw0sPgGkHLnKkp,SHIRT,2018-08-28,1535468400
6697,R_6Jw0sPgGkHLnKkp,SKIN_CLEANING_AGENT,2018-08-28,1535468400
6698,R_6Jw0sPgGkHLnKkp,SHIRT,2018-08-28,1535468400
6699,R_6lnssfnXksO2ntf,FAUCET,2018-08-28,1535468400
6700,R_6lnssfnXksO2ntf,TOYS_AND_GAMES,2018-08-28,1535468400
6701,R_6lnssfnXksO2ntf,PLANT_SEED,2018-08-28,1535468400
6702,R_7ZH1uBNuL9RQ2K5,PAINT_BRUSH,2018-08-28,1535468400
6703,R_85OdkeCoFP5daLL,TOYS_AND_GAMES,2018-08-28,1535468400
6704,R_85OdkeCoFP5daLL,TWEEZER,2018-08-28,1535468400
6705,R_8piDwWBq7V7tyZb,SHIRT,2018-08-28,1535468400
6706,R_AM0OvM0F9kBvqal,ELECTRONIC_CABLE,2018-08-28,1535468400
6707,R_AM0OvM0F9kBvqal,ABIS_BOOK,2018-08-28,1535468400
6708,R_BWhnv4EdbhSS6rf,FOOD_OR_BEVERAGE_WARMER,2018-08-28,1535468400
6709,R_OfntYUzw43qHbuF,WEATHER_STRIPPING,2018-08-28,1535468400
6710,R_OfntYUzw43qHbuF,SKEWER,2018-08-28,1535468400
6711,R_RPruSl134deuxOh,FOOD_COLORING,2018-08-28,1535468400
6712,R_RlYyUhsDFvyGwX7,SKIN_TREATMENT_MASK,2018-08-28,1535468400
6713,R_XAphEY817eORyx3,NAIL_FILE,2018-08-28,1535468400
6714,R_XAphEY817eORyx3,ABIS_BOOK,2018-08-28,1535468400
6715,R_XAphEY817eORyx3,SHIRT,2018-08-28,1535468400
6716,R_XAphEY817eORyx3,SHIRT,2018-08-28,1535468400
6717,R_Xhz81T9LodPX0KB,ESSENTIAL_OIL,2018-08-28,1535468400
6718,R_Xhz81T9LodPX0KB,SHIRT,2018-08-28,1535468400
6719,R_Zwn68Xfx8lenBER,VITAMIN,2018-08-28,1535468400
6720,R_Zwn68Xfx8lenBER,SWIMWEAR,2018-08-28,1535468400
6721,R_Zwn68Xfx8lenBER,NAIL_POLISH,2018-08-28,1535468400
6722,R_Zwn68Xfx8lenBER,DECORATIVE_MAGNET,2018-08-28,1535468400
6723,R_bJI8lmXMZWL6oql,PACKAGED_SOUP_AND_STEW,2018-08-28,1535468400
6724,R_bJI8lmXMZWL6oql,DRY_SHAMPOO,2018-08-28,1535468400
6725,R_bK5PUvc46zAxoQN,SCREEN_PROTECTOR,2018-08-28,1535468400
6726,R_bKJcIltPwncL9uN,POULTRY,2018-08-28,1535468400
6727,R_bKJcIltPwncL9uN,SKIN_CLEANING_AGENT,2018-08-28,1535468400
6728,R_bKJcIltPwncL9uN,ELECTRONIC_CABLE,2018-08-28,1535468400
6729,R_bKJcIltPwncL9uN,COLLAPSIBLE_PLAY_STRUCTURE,2018-08-28,1535468400
6730,R_bKJcIltPwncL9uN,PORTABLE_ELECTRONIC_DEVICE_STAND,2018-08-28,1535468400
6731,R_cCucjmijTJETC6d,ELECTRICAL_DISTRIBUTION_BOARD,2018-08-28,1535468400
6732,R_e387De1jF0gN2OB,VITAMIN,2018-08-28,1535468400
6733,R_eyQl26Pq4cq0Xmx,CHOCOLATE_CANDY,2018-08-28,1535468400
6734,R_eyQl26Pq4cq0Xmx,DEEP_FRYER,2018-08-28,1535468400
6735,R_eyQl26Pq4cq0Xmx,BLANKET,2018-08-28,1535468400
6736,R_pRWnSKTREPIwpSF,SPROCKETS,2018-08-28,1535468400
6737,R_pzMCRYrC0qiSwIF,VITAMIN,2018-08-28,1535468400
6738,R_r3IM83Ecq7eY7QJ,PANTS,2018-08-28,1535468400
6739,R_r3IM83Ecq7eY7QJ,SEWING_TOOL_SET,2018-08-28,1535468400
6740,R_r3IM83Ecq7eY7QJ,SHOES,2018-08-28,1535468400
6741,R_r3IM83Ecq7eY7QJ,MEDICATION,2018-08-28,1535468400
6742,R_r3IM83Ecq7eY7QJ,PANTS,2018-08-28,1535468400
6743,R_snaR9M3EsTpcPi9,BATTERY,2018-08-28,1535468400
6744,R_snaR9M3EsTpcPi9,VITAMIN,2018-08-28,1535468400
6745,R_u94bdSj5JBe7WZb,SHIRT,2018-08-28,1535468400
6746,R_uqbcSq7y153jKmZ,SCREEN_PROTECTOR,2018-08-28,1535468400
6747,R_w5JAqptOytTan4J,SAUCE,2018-08-28,1535468400
6748,R_w5JAqptOytTan4J,APPAREL_GLOVES,2018-08-28,1535468400
6749,R_w5JAqptOytTan4J,NUTRITIONAL_SUPPLEMENT,2018-08-28,1535468400
6750,R_xmW6sCBJmFDlI8V,COFFEE,2018-08-28,1535468400
6751,R_xmW6sCBJmFDlI8V,TRAY,2018-08-28,1535468400
6752,R_zTf2i6s3E2OQZQR,PROTECTIVE_GLOVE,2018-08-28,1535468400
6753,R_0wCTiXC54rMN0J3,SOCKS,2018-08-29,1535554800
6754,R_10wSqGFumZGSTmH,CONTAINER_LID,2018-08-29,1535554800
6755,R_10wSqGFumZGSTmH,HANDLE_GRIP,2018-08-29,1535554800
6756,R_1Cd5zmz07X5BqKa,SHIRT,2018-08-29,1535554800
6757,R_1GVN63HjPpVXPEx,CELLULAR_PHONE_CASE,2018-08-29,1535554800
6758,R_1Hena1rUph3TnA3,SNACK_FOOD_BAR,2018-08-29,1535554800
6759,R_1Hena1rUph3TnA3,UTILITY_KNIFE,2018-08-29,1535554800
6760,R_1Luv7PTSNMEjqFV,PANTS,2018-08-29,1535554800
6761,R_1Luv7PTSNMEjqFV,NIGHTGOWN_NIGHTSHIRT,2018-08-29,1535554800
6762,R_1Luv7PTSNMEjqFV,PET_FOOD,2018-08-29,1535554800
6763,R_1Luv7PTSNMEjqFV,SNOW_CHAIN,2018-08-29,1535554800
6764,R_1NgAWSeub1pgOGj,PERSONAL_COMPUTER,2018-08-29,1535554800
6765,R_1Q9JeeKncbbLcz0,CELLULAR_PHONE_CASE,2018-08-29,1535554800
6766,R_1Q9JeeKncbbLcz0,BATTERY,2018-08-29,1535554800
6767,R_1Q9JeeKncbbLcz0,TOILET_PAPER,2018-08-29,1535554800
6768,R_1Q9JeeKncbbLcz0,WEATHER_STATION,2018-08-29,1535554800
6769,R_1QLfbB3Lho273wG,HEALTH_PERSONAL_CARE,2018-08-29,1535554800
6770,R_1QLfbB3Lho273wG,ABIS_BOOK,2018-08-29,1535554800
6771,R_1QLfbB3Lho273wG,HEALTH_PERSONAL_CARE,2018-08-29,1535554800
6772,R_1QLfbB3Lho273wG,PRINTER,2018-08-29,1535554800
6773,R_1dFu7LeBJE3Wd6p,WOUND_DRESSING,2018-08-29,1535554800
6774,R_1dFu7LeBJE3Wd6p,TOYS_AND_GAMES,2018-08-29,1535554800
6775,R_1dFu7LeBJE3Wd6p,HEADPHONES,2018-08-29,1535554800
6776,R_1dFu7LeBJE3Wd6p,BADGE_HOLDER,2018-08-29,1535554800
6777,R_1dFu7LeBJE3Wd6p,TOYS_AND_GAMES,2018-08-29,1535554800
6778,R_1dFu7LeBJE3Wd6p,NUTRITIONAL_SUPPLEMENT,2018-08-29,1535554800
6779,R_1dFu7LeBJE3Wd6p,SCULPTING_MATERIAL,2018-08-29,1535554800
6780,R_1dKBjc0UTA0ZiYb,DRESS,2018-08-29,1535554800
6781,R_1dppjLIFEdj7Kq5,PUMP_SPRAYER,2018-08-29,1535554800
6782,R_1gjdRVy7DXPMldc,SHORTS,2018-08-29,1535554800
6783,R_1gq1l7L7YXNcp13,HEALTH_PERSONAL_CARE,2018-08-29,1535554800
6784,R_1gwL8QZGzhV0g3G,UNDERWEAR,2018-08-29,1535554800
6785,R_1i9ThcjqrGB9lJe,HEALTH_PERSONAL_CARE,2018-08-29,1535554800
6786,R_1i9ThcjqrGB9lJe,PROJECTILE_BOW,2018-08-29,1535554800
6787,R_1kLdd31W284Angd,GUILD_HOME,2018-08-29,1535554800
6788,R_1mxX9jjBSLwxiDU,ABIS_TOY,2018-08-29,1535554800
6789,R_1mxX9jjBSLwxiDU,NUTRITIONAL_SUPPLEMENT,2018-08-29,1535554800
6790,R_1oFRyes3ggnKU4B,SEWING_MACHINE_NEEDLE,2018-08-29,1535554800
6791,R_1roTOelTygZr5G8,ABIS_BOOK,2018-08-29,1535554800
6792,R_20Yd9DvrGselmZY,MEDICATION,2018-08-29,1535554800
6793,R_20Yd9DvrGselmZY,MEMORY_CARD_READER,2018-08-29,1535554800
6794,R_210tLKdUbUZuf7O,ANIMAL_WATER_DISPENSER,2018-08-29,1535554800
6795,R_22LhWfg76oW592Y,BRACELET,2018-08-29,1535554800
6796,R_22LhWfg76oW592Y,BOOKSHELF_OR_MICRO_STEREO_SYS,2018-08-29,1535554800
6797,R_22LhWfg76oW592Y,SKIN_CLEANING_AGENT,2018-08-29,1535554800
6798,R_24MKoSmvuiLEI76,PET_FOOD,2018-08-29,1535554800
6799,R_24P0vykrD1RJG07,CANDLE,2018-08-29,1535554800
6800,R_24P0vykrD1RJG07,PROJECTION_SCREEN,2018-08-29,1535554800
6801,R_24P0vykrD1RJG07,BATTERY,2018-08-29,1535554800
6802,R_24bE9NTxiBf6v2b,LAMP,2018-08-29,1535554800
6803,R_24bE9NTxiBf6v2b,LAMP,2018-08-29,1535554800
6804,R_24bE9NTxiBf6v2b,BLANKET,2018-08-29,1535554800
6805,R_24csoaO569P4Yzz,BATTERY,2018-08-29,1535554800
6806,R_25KMnVsE9ynaHcA,PHYSICAL_MOVIE,2018-08-29,1535554800
6807,R_27DL80quzRiSEmq,SHOES,2018-08-29,1535554800
6808,R_27DL80quzRiSEmq,VEHICLE_TIRE,2018-08-29,1535554800
6809,R_27DL80quzRiSEmq,TOYS_AND_GAMES,2018-08-29,1535554800
6810,R_27DL80quzRiSEmq,ARTIFICIAL_PLANT,2018-08-29,1535554800
6811,R_27DL80quzRiSEmq,SHOES,2018-08-29,1535554800
6812,R_27DL80quzRiSEmq,BLANK_BOOK,2018-08-29,1535554800
6813,R_27DL80quzRiSEmq,ABIS_VIDEO,2018-08-29,1535554800
6814,R_27DL80quzRiSEmq,GROCERY,2018-08-29,1535554800
6815,R_29tZUWisKTCWczv,COOKIE,2018-08-29,1535554800
6816,R_2CpozrevorP48sb,PANTS,2018-08-29,1535554800
6817,R_2D6v6VH3RC5ZGC4,SKIN_MOISTURIZER,2018-08-29,1535554800
6818,R_2DSIdH6iUv9yJ8V,TOWEL_HOLDER,2018-08-29,1535554800
6819,R_2DSIdH6iUv9yJ8V,GROCERY,2018-08-29,1535554800
6820,R_2DSIdH6iUv9yJ8V,HOT_TUB,2018-08-29,1535554800
6821,R_2OHgbfVLtFIinBW,VIVARIUM,2018-08-29,1535554800
6822,R_2OHgbfVLtFIinBW,TONG_UTENSIL,2018-08-29,1535554800
6823,R_2OOq3ysdOS3TtBd,SHOES,2018-08-29,1535554800
6824,R_2SksQStmmNpRaiB,HEADPHONES,2018-08-29,1535554800
6825,R_2SoygRRucWXdLxT,ELECTRONIC_CABLE,2018-08-29,1535554800
6826,R_2TXBHPMwNAwKR7Q,SHIRT,2018-08-29,1535554800
6827,R_2TXBHPMwNAwKR7Q,CELL_PHONE_GRIP,2018-08-29,1535554800
6828,R_2TnuiSdfJ77v7e9,SHOES,2018-08-29,1535554800
6829,R_2TnuiSdfJ77v7e9,HEALTH_PERSONAL_CARE,2018-08-29,1535554800
6830,R_2TnuiSdfJ77v7e9,MILK_SUBSTITUTE,2018-08-29,1535554800
6831,R_2VC0DIxeSbfkTsv,SKIN_CLEANING_AGENT,2018-08-29,1535554800
6832,R_2VwjXhJ5OznStEi,DRAIN_OPENER_SUBSTANCE,2018-08-29,1535554800
6833,R_2WMQprO1e6US68f,BONDING_ADHESIVES,2018-08-29,1535554800
6834,R_2WSDyKoVDJhO1Os,SKIRT,2018-08-29,1535554800
6835,R_2XasM6V6LLwsutN,SCREEN_PROTECTOR,2018-08-29,1535554800
6836,R_2XoI6KbLJRGFz5X,VITAMIN,2018-08-29,1535554800
6837,R_2XoI6KbLJRGFz5X,PET_FOOD,2018-08-29,1535554800
6838,R_2XoI6KbLJRGFz5X,BEAUTY,2018-08-29,1535554800
6839,R_2XoI6KbLJRGFz5X,SKIN_CLEANING_AGENT,2018-08-29,1535554800
6840,R_2XoI6KbLJRGFz5X,MASCARA,2018-08-29,1535554800
6841,R_2YR2Yn7wGzAeAj0,BATTERY,2018-08-29,1535554800
6842,R_2YYB0ZXHHFsMn1o,PHYSICAL_MOVIE,2018-08-29,1535554800
6843,R_2YYB0ZXHHFsMn1o,SKIN_CLEANING_AGENT,2018-08-29,1535554800
6844,R_2YYB0ZXHHFsMn1o,CELLULAR_PHONE_CASE,2018-08-29,1535554800
6845,R_2ZK5JH2NcMfnWuS,SKIN_CLEANING_WIPE,2018-08-29,1535554800
6846,R_2ZK5JH2NcMfnWuS,SKIN_CLEANING_AGENT,2018-08-29,1535554800
6847,R_2aKrOq0DBielcig,NUTRITIONAL_SUPPLEMENT,2018-08-29,1535554800
6848,R_2aKrOq0DBielcig,HEADPHONES,2018-08-29,1535554800
6849,R_2aKrOq0DBielcig,HARDWARE_HANDLE,2018-08-29,1535554800
6850,R_2cvmrv8q51q8yh1,GROCERY,2018-08-29,1535554800
6851,R_2cvmrv8q51q8yh1,PORTABLE_TOOL_BOX,2018-08-29,1535554800
6852,R_2cvmrv8q51q8yh1,DRINK_FLAVORED,2018-08-29,1535554800
6853,R_2dMef2oXr2I6RKU,TOYS_AND_GAMES,2018-08-29,1535554800
6854,R_2djaIfKORskyeuO,MEDICATION,2018-08-29,1535554800
6855,R_2djaIfKORskyeuO,SHOES,2018-08-29,1535554800
6856,R_2djaIfKORskyeuO,SCREEN_PROTECTOR,2018-08-29,1535554800
6857,R_2djaIfKORskyeuO,ABIS_BOOK,2018-08-29,1535554800
6858,R_2djaIfKORskyeuO,SHOELACE,2018-08-29,1535554800
6859,R_2djaIfKORskyeuO,HEADPHONES,2018-08-29,1535554800
6860,R_2djaIfKORskyeuO,GROCERY,2018-08-29,1535554800
6861,R_2djaIfKORskyeuO,TOOTH_CLEANING_AGENT,2018-08-29,1535554800
6862,R_2dmZyPIDedcDR2J,CARD_DOCUMENT_SLEEVE,2018-08-29,1535554800
6863,R_2ebzj3o225IisIQ,NUTRITIONAL_SUPPLEMENT,2018-08-29,1535554800
6864,R_2fxhde3AmAoBQBS,NUTRITIONAL_SUPPLEMENT,2018-08-29,1535554800
6865,R_2sYn1oXcE5aaeU5,DRESS,2018-08-29,1535554800
6866,R_2sYn1oXcE5aaeU5,PHYSICAL_MOVIE,2018-08-29,1535554800
6867,R_2sYn1oXcE5aaeU5,SHOES,2018-08-29,1535554800
6868,R_2sYn1oXcE5aaeU5,BATHWATER_ADDITIVE,2018-08-29,1535554800
6869,R_2sYn1oXcE5aaeU5,SCREEN_PROTECTOR,2018-08-29,1535554800
6870,R_2sYn1oXcE5aaeU5,THREAD_CORD,2018-08-29,1535554800
6871,R_2sbCr0DY5BIHWiF,CAMERA_STAGE_LIGHTING_MODIFIER,2018-08-29,1535554800
6872,R_2tfEDXuyNRcQoWs,CONDITIONER,2018-08-29,1535554800
6873,R_2wtVmKidhQR0wju,PHYSICAL_MOVIE,2018-08-29,1535554800
6874,R_2wtVmKidhQR0wju,BOTTLE_STOPPER,2018-08-29,1535554800
6875,R_2wtVmKidhQR0wju,PLACEMAT,2018-08-29,1535554800
6876,R_2wtVmKidhQR0wju,LEVEL,2018-08-29,1535554800
6877,R_2wtVmKidhQR0wju,LEVEL,2018-08-29,1535554800
6878,R_2wtVmKidhQR0wju,OUTDOOR_LIVING,2018-08-29,1535554800
6879,R_2xzc7JBNEgYNAqY,SCULPTING_MATERIAL,2018-08-29,1535554800
6880,R_2z7rLZb69WuqDdf,TOWEL,2018-08-29,1535554800
6881,R_32LAHRoBCbjkYZj,NECKTIE,2018-08-29,1535554800
6882,R_32LAHRoBCbjkYZj,RICE_MIX,2018-08-29,1535554800
6883,R_32LAHRoBCbjkYZj,SCREEN_PROTECTOR,2018-08-29,1535554800
6884,R_333cPUAJRgYXqi1,PET_TOY,2018-08-29,1535554800
6885,R_333cPUAJRgYXqi1,TUNIC,2018-08-29,1535554800
6886,R_333cPUAJRgYXqi1,MEDICATION,2018-08-29,1535554800
6887,R_333cPUAJRgYXqi1,SOUND_CARD,2018-08-29,1535554800
6888,R_333cPUAJRgYXqi1,SNACK_FOOD_BAR,2018-08-29,1535554800
6889,R_333cPUAJRgYXqi1,VITAMIN,2018-08-29,1535554800
6890,R_3D0FIkesMnTGsnm,NUTRITIONAL_SUPPLEMENT,2018-08-29,1535554800
6891,R_3D7xJuXSy25PXbg,SKIN_CLEANING_AGENT,2018-08-29,1535554800
6892,R_3Ebh099lpNz7iC2,ABIS_BOOK,2018-08-29,1535554800
6893,R_3EsdYJiok38Qvto,PANTS,2018-08-29,1535554800
6894,R_3EsdYJiok38Qvto,PORTABLE_FREESTANDING_SHELTER,2018-08-29,1535554800
6895,R_3EsdYJiok38Qvto,ICE_CUBE_TRAY,2018-08-29,1535554800
6896,R_3FPeOTnJa3dJ112,SHIRT,2018-08-29,1535554800
6897,R_3FPeOTnJa3dJ112,PACKING_MATERIAL,2018-08-29,1535554800
6898,R_3FPeOTnJa3dJ112,BOTTLE,2018-08-29,1535554800
6899,R_3FPeOTnJa3dJ112,MEDICATION,2018-08-29,1535554800
6900,R_3HvPXLfubbb9a6G,SCREEN_PROTECTOR,2018-08-29,1535554800
6901,R_3Jl5q6tZJctgL8B,GROCERY,2018-08-29,1535554800
6902,R_3Jl5q6tZJctgL8B,SHIRT,2018-08-29,1535554800
6903,R_3Jl5q6tZJctgL8B,SNACK_FOOD_BAR,2018-08-29,1535554800
6904,R_3Jl5q6tZJctgL8B,PHYSICAL_VIDEO_GAME_SOFTWARE,2018-08-29,1535554800
6905,R_3Jl5q6tZJctgL8B,GROCERY,2018-08-29,1535554800
6906,R_3KHiP9QpzA2COVL,PORTABLE_ELECTRONIC_DEVICE_COVER,2018-08-29,1535554800
6907,R_3KxaCMXQTDz1Z7P,ELECTRONIC_CABLE,2018-08-29,1535554800
6908,R_3KxaCMXQTDz1Z7P,SHOES,2018-08-29,1535554800
6909,R_3M0euO2kPnoHrdt,CELLULAR_PHONE_CASE,2018-08-29,1535554800
6910,R_3M0euO2kPnoHrdt,SKIN_MOISTURIZER,2018-08-29,1535554800
6911,R_3M0euO2kPnoHrdt,SKIN_CLEANING_AGENT,2018-08-29,1535554800
6912,R_3M0euO2kPnoHrdt,SHIRT,2018-08-29,1535554800
6913,R_3M0euO2kPnoHrdt,CONTAINER_LID,2018-08-29,1535554800
6914,R_3RmDOazalOu0F1L,BOTTLE_STOPPER,2018-08-29,1535554800
6915,R_3fB1NIeE1OGUd72,UNDERPANTS,2018-08-29,1535554800
6916,R_3fB1NIeE1OGUd72,HEALTH_PERSONAL_CARE,2018-08-29,1535554800
6917,R_3ixOwXLuUfjiWS8,EDUCATIONAL_SUPPLIES,2018-08-29,1535554800
6918,R_3ixOwXLuUfjiWS8,TOY_FIGURE,2018-08-29,1535554800
6919,R_3ixOwXLuUfjiWS8,PHYSICAL_MOVIE,2018-08-29,1535554800
6920,R_3ixOwXLuUfjiWS8,CABLE_OR_ADAPTER,2018-08-29,1535554800
6921,R_3m3H4mwZ2snYFua,PHYSICAL_MOVIE,2018-08-29,1535554800
6922,R_3n17fNI56KA8rTV,MEDICATION,2018-08-29,1535554800
6923,R_3nH1Odp9Yjm86gN,SHOES,2018-08-29,1535554800
6924,R_3nH1Odp9Yjm86gN,RING,2018-08-29,1535554800
6925,R_3qWnPpXqudB3ETJ,SKIN_MOISTURIZER,2018-08-29,1535554800
6926,R_3qlnIILTEuzSyGe,PET_FOOD,2018-08-29,1535554800
6927,R_3rV7kPHe9hVsMee,VITAMIN,2018-08-29,1535554800
6928,R_3rZHdmB75jSgwhr,VITAMIN,2018-08-29,1535554800
6929,R_3s02y9lg8GCo9q0,PET_FOOD,2018-08-29,1535554800
6930,R_4PhRzF4UI9ooLh7,BATTERY,2018-08-29,1535554800
6931,R_4PhRzF4UI9ooLh7,NUTRITIONAL_SUPPLEMENT,2018-08-29,1535554800
6932,R_4PhRzF4UI9ooLh7,SHIRT,2018-08-29,1535554800
6933,R_6Jw0sPgGkHLnKkp,SHOES,2018-08-29,1535554800
6934,R_6Jw0sPgGkHLnKkp,SHIRT,2018-08-29,1535554800
6935,R_6Jw0sPgGkHLnKkp,ABIS_BOOK,2018-08-29,1535554800
6936,R_6Jw0sPgGkHLnKkp,SHOES,2018-08-29,1535554800
6937,R_6RpwKYK0Mr2zKBH,SHIRT,2018-08-29,1535554800
6938,R_6RpwKYK0Mr2zKBH,SHOES,2018-08-29,1535554800
6939,R_6RpwKYK0Mr2zKBH,PHYSICAL_MOVIE,2018-08-29,1535554800
6940,R_8CXcySQawXPuJwJ,FRESH_CUT_FLOWERS_PLANTS,2018-08-29,1535554800
6941,R_8CXcySQawXPuJwJ,FURNITURE_SLIDER,2018-08-29,1535554800
6942,R_ApVmIUhdKhewFtn,ABIS_BOOK,2018-08-29,1535554800
6943,R_ApVmIUhdKhewFtn,WRITING_INSTRUMENT,2018-08-29,1535554800
6944,R_ApVmIUhdKhewFtn,CLEANING_BRUSH,2018-08-29,1535554800
6945,R_ApVmIUhdKhewFtn,SCREEN_PROTECTOR,2018-08-29,1535554800
6946,R_D8LcojwusttCWaJ,GUN_CLEANING_KIT,2018-08-29,1535554800
6947,R_D8LcojwusttCWaJ,SKATEBOARD,2018-08-29,1535554800
6948,R_PXSF6lxCnUB8Pg5,PAINT,2018-08-29,1535554800
6949,R_PXSF6lxCnUB8Pg5,BICYCLE_TRAINER,2018-08-29,1535554800
6950,R_PXSF6lxCnUB8Pg5,SCREEN_PROTECTOR,2018-08-29,1535554800
6951,R_PwlnzzccUMXV0n7,BADGE_HOLDER,2018-08-29,1535554800
6952,R_PwlnzzccUMXV0n7,BATTERY,2018-08-29,1535554800
6953,R_PwlnzzccUMXV0n7,GROCERY,2018-08-29,1535554800
6954,R_PwlnzzccUMXV0n7,MEDICATION,2018-08-29,1535554800
6955,R_Q4ZjTFeyiC5kgQV,SKIN_MOISTURIZER,2018-08-29,1535554800
6956,R_Q4ZjTFeyiC5kgQV,CELLULAR_PHONE_CASE,2018-08-29,1535554800
6957,R_Qp7pqfzWe3Qmcrn,ORTHOPEDIC_BRACE,2018-08-29,1535554800
6958,R_Qp7pqfzWe3Qmcrn,COSMETIC_CASE,2018-08-29,1535554800
6959,R_Qp7pqfzWe3Qmcrn,TOYS_AND_GAMES,2018-08-29,1535554800
6960,R_Qp7pqfzWe3Qmcrn,SKIN_CLEANING_AGENT,2018-08-29,1535554800
6961,R_RK5cwWjrNzWCfLj,ABIS_BOOK,2018-08-29,1535554800
6962,R_RK5cwWjrNzWCfLj,GROCERY,2018-08-29,1535554800
6963,R_RK5cwWjrNzWCfLj,SKIN_MOISTURIZER,2018-08-29,1535554800
6964,R_RK5cwWjrNzWCfLj,TOYS_AND_GAMES,2018-08-29,1535554800
6965,R_SIWNWQmjel55jzP,PAPER_CLIP_CLAMP,2018-08-29,1535554800
6966,R_T4THXKAQCwg9ZXb,COMPUTER_DRIVE_OR_STORAGE,2018-08-29,1535554800
6967,R_T4THXKAQCwg9ZXb,GAME_DICE,2018-08-29,1535554800
6968,R_UiGJcgWtDtZPfih,FLASH_CARD,2018-08-29,1535554800
6969,R_Uit4G2WjoT7WM6d,SKIN_CLEANING_AGENT,2018-08-29,1535554800
6970,R_Uit4G2WjoT7WM6d,INCONTINENCE_PROTECTOR,2018-08-29,1535554800
6971,R_XSu10jIDimUl5m1,ACCESSORY,2018-08-29,1535554800
6972,R_XSu10jIDimUl5m1,VITAMIN,2018-08-29,1535554800
6973,R_XSu10jIDimUl5m1,VEHICLE_SCAN_TOOL,2018-08-29,1535554800
6974,R_Xhz81T9LodPX0KB,PET_FOOD,2018-08-29,1535554800
6975,R_Xhz81T9LodPX0KB,PET_FOOD,2018-08-29,1535554800
6976,R_Xhz81T9LodPX0KB,FIGURINE,2018-08-29,1535554800
6977,R_Xhz81T9LodPX0KB,SKIN_MOISTURIZER,2018-08-29,1535554800
6978,R_Y3TdYiBodZOLXlT,BOTTLE,2018-08-29,1535554800
6979,R_Y3TdYiBodZOLXlT,SPORTING_GOODS,2018-08-29,1535554800
6980,R_afsmqQnUctcdeY9,COSTUME_HEADWEAR,2018-08-29,1535554800
6981,R_bJI8lmXMZWL6oql,LIQUID_FUEL_CONTAINER,2018-08-29,1535554800
6982,R_bJI8lmXMZWL6oql,CELLULAR_PHONE_CASE,2018-08-29,1535554800
6983,R_bJI8lmXMZWL6oql,LIQUID_FUEL_CONTAINER,2018-08-29,1535554800
6984,R_bJI8lmXMZWL6oql,DRINK_FLAVORED,2018-08-29,1535554800
6985,R_bJI8lmXMZWL6oql,MEDICATION,2018-08-29,1535554800
6986,R_cBHNm1kpSiUUDGV,STRINGED_INSTRUMENTS,2018-08-29,1535554800
6987,R_e8KTElZZLWryLWp,BATTERY,2018-08-29,1535554800
6988,R_e8KTElZZLWryLWp,SKIN_MOISTURIZER,2018-08-29,1535554800
6989,R_e8KTElZZLWryLWp,SKIN_CLEANING_AGENT,2018-08-29,1535554800
6990,R_e8KTElZZLWryLWp,MASSAGER,2018-08-29,1535554800
6991,R_pzMCRYrC0qiSwIF,PAPER_CLIP_CLAMP,2018-08-29,1535554800
6992,R_pzMCRYrC0qiSwIF,SCREEN_PROTECTOR,2018-08-29,1535554800
6993,R_pzMCRYrC0qiSwIF,UNDERPANTS,2018-08-29,1535554800
6994,R_pzMCRYrC0qiSwIF,TOYS_AND_GAMES,2018-08-29,1535554800
6995,R_pzMCRYrC0qiSwIF,TRASH_CAN,2018-08-29,1535554800
6996,R_r1oTDkv1OlGnNuN,STORAGE_RACK,2018-08-29,1535554800
6997,R_s6BUJFPzFF8fk2d,SHOES,2018-08-29,1535554800
6998,R_s6BUJFPzFF8fk2d,SCREEN_PROTECTOR,2018-08-29,1535554800
6999,R_s6BUJFPzFF8fk2d,SPORT_HELMET,2018-08-29,1535554800
7000,R_s6BUJFPzFF8fk2d,PET_FOOD,2018-08-29,1535554800
7001,R_tSTu20YCb20zL5D,HEADPHONES,2018-08-29,1535554800
7002,R_tSTu20YCb20zL5D,SCREEN_PROTECTOR,2018-08-29,1535554800
7003,R_tSTu20YCb20zL5D,SHOES,2018-08-29,1535554800
7004,R_u2EdYogSnJBrpex,PAINT_BRUSH,2018-08-29,1535554800
7005,R_w5JAqptOytTan4J,TOTE_BAG,2018-08-29,1535554800
7006,R_xsyCKTazvY4vHbz,BED_LINEN_SET,2018-08-29,1535554800
7007,R_xsyCKTazvY4vHbz,PITCHER,2018-08-29,1535554800
7008,R_yC5ffbdBLVi93Pz,TOYS_AND_GAMES,2018-08-29,1535554800
7009,R_yRaAO89bhwJb9xD,GROCERY,2018-08-29,1535554800
7010,R_0pRmRjHkwStzNQJ,PORTABLE_ELECTRONIC_DEVICE_COVER,2018-08-30,1535641200
7011,R_0pRmRjHkwStzNQJ,SNACK_FOOD_BAR,2018-08-30,1535641200
7012,R_0pRmRjHkwStzNQJ,DRINKING_CUP,2018-08-30,1535641200
7013,R_0pRmRjHkwStzNQJ,BATTERY,2018-08-30,1535641200
7014,R_10AtO7bUfe8iWYK,FAUCET,2018-08-30,1535641200
7015,R_10AtO7bUfe8iWYK,SKIN_CLEANING_AGENT,2018-08-30,1535641200
7016,R_10AtO7bUfe8iWYK,ABIS_BOOK,2018-08-30,1535641200
7017,R_1C4tcyEfmcsKI9X,GROCERY,2018-08-30,1535641200
7018,R_1C4tcyEfmcsKI9X,BATTERY,2018-08-30,1535641200
7019,R_1C9YUFD8GunlGej,MEDICATION,2018-08-30,1535641200
7020,R_1Cx2TzfSj9KxVhR,APPLIANCE_ACCESSORY,2018-08-30,1535641200
7021,R_1Cx2TzfSj9KxVhR,BOOKSHELF_OR_MICRO_STEREO_SYS,2018-08-30,1535641200
7022,R_1Cx2TzfSj9KxVhR,ABIS_TOY,2018-08-30,1535641200
7023,R_1Cx2TzfSj9KxVhR,SCREEN_PROTECTOR,2018-08-30,1535641200
7024,R_1DJ4QJgrJwK7g3Y,SHIRT,2018-08-30,1535641200
7025,R_1F35QiIK5csZBEC,WASTE_BAG,2018-08-30,1535641200
7026,R_1F35QiIK5csZBEC,LAUNDRY_HAMPER,2018-08-30,1535641200
7027,R_1Fyt6rHyiQcVOT8,PANTS,2018-08-30,1535641200
7028,R_1Fyt6rHyiQcVOT8,SHOES,2018-08-30,1535641200
7029,R_1Fyt6rHyiQcVOT8,NUTRITIONAL_SUPPLEMENT,2018-08-30,1535641200
7030,R_1Fyt6rHyiQcVOT8,MEDICATION,2018-08-30,1535641200
7031,R_1Fyt6rHyiQcVOT8,HEADPHONES,2018-08-30,1535641200
7032,R_1Fyt6rHyiQcVOT8,HEADPHONES,2018-08-30,1535641200
7033,R_1LRR1P5IQqdSvIP,AUTO_ACCESSORY,2018-08-30,1535641200
7034,R_1LRR1P5IQqdSvIP,PEN_MARKER_INK_CARTRIDGE_REFILL,2018-08-30,1535641200
7035,R_1LRR1P5IQqdSvIP,ABIS_BOOK,2018-08-30,1535641200
7036,R_1MJSWPNY1QR0Q68,SNACK_FOOD_BAR,2018-08-30,1535641200
7037,R_1NCzj2eSHI4QGcd,PET_FOOD,2018-08-30,1535641200
7038,R_1NCzj2eSHI4QGcd,LIP_COLOR,2018-08-30,1535641200
7039,R_1NCzj2eSHI4QGcd,SHAMPOO,2018-08-30,1535641200
7040,R_1Nh9okz5clSAlfl,BATTERY,2018-08-30,1535641200
7041,R_1OlyKZYuQUE5Cgc,SHIRT,2018-08-30,1535641200
7042,R_1OlyKZYuQUE5Cgc,CAMERA_DIGITAL,2018-08-30,1535641200
7043,R_1Q9JeeKncbbLcz0,ABIS_BOOK,2018-08-30,1535641200
7044,R_1Q9JeeKncbbLcz0,SNACK_FOOD_BAR,2018-08-30,1535641200
7045,R_1Q9JeeKncbbLcz0,HEALTH_PERSONAL_CARE,2018-08-30,1535641200
7046,R_1Q9JeeKncbbLcz0,SCREEN_PROTECTOR,2018-08-30,1535641200
7047,R_1dppjLIFEdj7Kq5,SHOES,2018-08-30,1535641200
7048,R_1dppjLIFEdj7Kq5,PHYSICAL_MOVIE,2018-08-30,1535641200
7049,R_1dppjLIFEdj7Kq5,MEDICATION,2018-08-30,1535641200
7050,R_1dppjLIFEdj7Kq5,TOOTH_CLEANING_AGENT,2018-08-30,1535641200
7051,R_1f1PzEZw8H2N4zm,SHELF,2018-08-30,1535641200
7052,R_1hLPyY3aamfi3xT,PANTS,2018-08-30,1535641200
7053,R_1jZkLNE1JdtyVpH,BONDING_ADHESIVES,2018-08-30,1535641200
7054,R_1jZkLNE1JdtyVpH,LIQUID_INK,2018-08-30,1535641200
7055,R_1jZkLNE1JdtyVpH,PRINT_COPY_PAPER,2018-08-30,1535641200
7056,R_1jZkLNE1JdtyVpH,INKJET_PRINTER_INK,2018-08-30,1535641200
7057,R_1jZkLNE1JdtyVpH,PRINT_COPY_PAPER,2018-08-30,1535641200
7058,R_1jZkLNE1JdtyVpH,ANIMAL_NUTRITIONAL_SUPPLEMENT,2018-08-30,1535641200
7059,R_1jZkLNE1JdtyVpH,VITAMIN,2018-08-30,1535641200
7060,R_1jZkLNE1JdtyVpH,SHIRT,2018-08-30,1535641200
7061,R_1jZkLNE1JdtyVpH,HEADPHONES,2018-08-30,1535641200
7062,R_1jZkLNE1JdtyVpH,SCREEN_PROTECTOR,2018-08-30,1535641200
7063,R_1jdLI5cWhAhAzSB,PET_BED_MAT,2018-08-30,1535641200
7064,R_1l4zCtGUTvAWdS6,BICYCLE,2018-08-30,1535641200
7065,R_1l4zCtGUTvAWdS6,SHOE_INSERT,2018-08-30,1535641200
7066,R_1mxX9jjBSLwxiDU,ABIS_BOOK,2018-08-30,1535641200
7067,R_1nOCRAcsi1AU77q,BAR_TOOL_SET,2018-08-30,1535641200
7068,R_1nOCRAcsi1AU77q,CHANGING_PAD_COVER,2018-08-30,1535641200
7069,R_1nOCRAcsi1AU77q,GROCERY,2018-08-30,1535641200
7070,R_1nOCRAcsi1AU77q,SEXUAL_STIMULATION_DEVICE,2018-08-30,1535641200
7071,R_1nOCRAcsi1AU77q,TABLE_RUNNER,2018-08-30,1535641200
7072,R_1owkdABF1wNKFKI,HAND_FAN,2018-08-30,1535641200
7073,R_1owkdABF1wNKFKI,GROCERY,2018-08-30,1535641200
7074,R_1pu6yYPsuymsIIz,INKJET_PRINTER_INK,2018-08-30,1535641200
7075,R_1pu6yYPsuymsIIz,SKIN_CLEANING_AGENT,2018-08-30,1535641200
7076,R_1q7AvsyRPpTSWFi,ABIS_BOOK,2018-08-30,1535641200
7077,R_1rlhYXAI77eUSbB,POWER_CORD,2018-08-30,1535641200
7078,R_1roTOelTygZr5G8,JEWELRY_STORAGE,2018-08-30,1535641200
7079,R_1roTOelTygZr5G8,SKIN_CLEANING_AGENT,2018-08-30,1535641200
7080,R_20ON9TjJWV64IZO,HEADPHONES,2018-08-30,1535641200
7081,R_20ON9TjJWV64IZO,HAND_SANITIZER,2018-08-30,1535641200
7082,R_20ON9TjJWV64IZO,GROCERY,2018-08-30,1535641200
7083,R_22DJIjS0M8yvaYO,POWER_CONVERTER,2018-08-30,1535641200
7084,R_22SxELlmhBQCe1C,WATER_PUMP,2018-08-30,1535641200
7085,R_22mMopWqAj09mQc,ANIMAL_LITTER,2018-08-30,1535641200
7086,R_25SbPPTyE45YzXP,SOCKS,2018-08-30,1535641200
7087,R_25Wwg273Uw26jA1,JUICE_AND_JUICE_DRINK,2018-08-30,1535641200
7088,R_25Wwg273Uw26jA1,PANTS,2018-08-30,1535641200
7089,R_25Wwg273Uw26jA1,ABIS_BOOK,2018-08-30,1535641200
7090,R_25Wwg273Uw26jA1,TECHNICAL_SPORT_SHOE,2018-08-30,1535641200
7091,R_25Wwg273Uw26jA1,PORTABLE_ELECTRONIC_DEVICE_COVER,2018-08-30,1535641200
7092,R_25Wwg273Uw26jA1,VITAMIN,2018-08-30,1535641200
7093,R_25Wwg273Uw26jA1,JUICE_AND_JUICE_DRINK,2018-08-30,1535641200
7094,R_25Wwg273Uw26jA1,SKIN_MOISTURIZER,2018-08-30,1535641200
7095,R_25Wwg273Uw26jA1,SAUTE_FRY_PAN,2018-08-30,1535641200
7096,R_25Wwg273Uw26jA1,WATER,2018-08-30,1535641200
7097,R_273TMGuLM3jXisi,APPAREL,2018-08-30,1535641200
7098,R_273TMGuLM3jXisi,SNACK_FOOD_BAR,2018-08-30,1535641200
7099,R_273TMGuLM3jXisi,PHYSICAL_MOVIE,2018-08-30,1535641200
7100,R_27DL80quzRiSEmq,PHYSICAL_MOVIE,2018-08-30,1535641200
7101,R_27DL80quzRiSEmq,WEARABLE_WEIGHT,2018-08-30,1535641200
7102,R_27DL80quzRiSEmq,PHYSICAL_SOFTWARE,2018-08-30,1535641200
7103,R_28BST1zc80UaP2C,PRESSURE_WASHER,2018-08-30,1535641200
7104,R_29cyBHR3PpqJiZf,ANIMAL_CAGE,2018-08-30,1535641200
7105,R_29cyBHR3PpqJiZf,BATTERY,2018-08-30,1535641200
7106,R_29cyBHR3PpqJiZf,SCREEN_PROTECTOR,2018-08-30,1535641200
7107,R_29cyBHR3PpqJiZf,MUSICAL_INSTRUMENT_AMPLIFIER,2018-08-30,1535641200
7108,R_2DMQ4Npnlu3WWyq,HAIR_COMB,2018-08-30,1535641200
7109,R_2DNtqbBKGHzSDN9,PET_BED_MAT,2018-08-30,1535641200
7110,R_2DNtqbBKGHzSDN9,PET_FOOD,2018-08-30,1535641200
7111,R_2DNtqbBKGHzSDN9,NUTRITIONAL_SUPPLEMENT,2018-08-30,1535641200
7112,R_2DNtqbBKGHzSDN9,MEDICATION,2018-08-30,1535641200
7113,R_2DNtqbBKGHzSDN9,MOUTH_GUARD,2018-08-30,1535641200
7114,R_2DNtqbBKGHzSDN9,PET_FOOD,2018-08-30,1535641200
7115,R_2DSIdH6iUv9yJ8V,CEREAL,2018-08-30,1535641200
7116,R_2RUDh7piHU7frzt,PANTS,2018-08-30,1535641200
7117,R_2RUDh7piHU7frzt,EDIBLE_OIL_VEGETABLE,2018-08-30,1535641200
7118,R_2RUDh7piHU7frzt,SKIN_MOISTURIZER,2018-08-30,1535641200
7119,R_2RUDh7piHU7frzt,VITAMIN,2018-08-30,1535641200
7120,R_2RUDh7piHU7frzt,UTILITY_SPONGE,2018-08-30,1535641200
7121,R_2RUDh7piHU7frzt,TABLETOP_GAME,2018-08-30,1535641200
7122,R_2RUDh7piHU7frzt,ENVELOPE,2018-08-30,1535641200
7123,R_2UVhfjk1qQb6KI5,SNACK_FOOD_BAR,2018-08-30,1535641200
7124,R_2UVhfjk1qQb6KI5,INKJET_PRINTER_INK,2018-08-30,1535641200
7125,R_2UVhfjk1qQb6KI5,PET_FOOD,2018-08-30,1535641200
7126,R_2UVhfjk1qQb6KI5,UTILITY_HOLSTER_POUCH,2018-08-30,1535641200
7127,R_2VaWg2jhtCG6zmh,FORK,2018-08-30,1535641200
7128,R_2VaWg2jhtCG6zmh,SKIN_CLEANING_AGENT,2018-08-30,1535641200
7129,R_2VyUSFk11bbTVej,SANDER,2018-08-30,1535641200
7130,R_2WwzM8WiFsk4o3g,ELECTRONIC_CABLE,2018-08-30,1535641200
7131,R_2XasM6V6LLwsutN,SYSTEM_POWER_DEVICE,2018-08-30,1535641200
7132,R_2ceL9KN7HJm0e43,OFFICE_PRODUCTS,2018-08-30,1535641200
7133,R_2fuPf0OEnWfOjjm,WINDOW_FILM,2018-08-30,1535641200
7134,R_2fuPf0OEnWfOjjm,BEVERAGE_DISPENSING_APPLIANCE,2018-08-30,1535641200
7135,R_2fuPf0OEnWfOjjm,REFRIGERATOR,2018-08-30,1535641200
7136,R_2fuPf0OEnWfOjjm,MEDICATION,2018-08-30,1535641200
7137,R_2fuPf0OEnWfOjjm,WINDOW_FILM,2018-08-30,1535641200
7138,R_2fuPf0OEnWfOjjm,TAMPON,2018-08-30,1535641200
7139,R_2fuPf0OEnWfOjjm,SKIN_MOISTURIZER,2018-08-30,1535641200
7140,R_2fuPf0OEnWfOjjm,BATTERY,2018-08-30,1535641200
7141,R_2fuPf0OEnWfOjjm,TOYS_AND_GAMES,2018-08-30,1535641200
7142,R_2fuPf0OEnWfOjjm,SHOES,2018-08-30,1535641200
7143,R_2t3ifk3xBqzIWG9,SCREEN_PROTECTOR,2018-08-30,1535641200
7144,R_2t3ifk3xBqzIWG9,TOY_FIGURE,2018-08-30,1535641200
7145,R_2t3ifk3xBqzIWG9,SOCKS,2018-08-30,1535641200
7146,R_2tfHzrdo6EEaiWi,SCREEN_PROTECTOR,2018-08-30,1535641200
7147,R_2tfHzrdo6EEaiWi,HAIR_TRIMMER,2018-08-30,1535641200
7148,R_2tfHzrdo6EEaiWi,SCREEN_PROTECTOR,2018-08-30,1535641200
7149,R_2tfHzrdo6EEaiWi,CELLULAR_PHONE_CASE,2018-08-30,1535641200
7150,R_2tfHzrdo6EEaiWi,CLOCK,2018-08-30,1535641200
7151,R_2tfHzrdo6EEaiWi,CELLULAR_PHONE_CASE,2018-08-30,1535641200
7152,R_2uZDxTZAORBIW1o,SHIRT,2018-08-30,1535641200
7153,R_2uZDxTZAORBIW1o,SELF_DEFENSE_SPRAY,2018-08-30,1535641200
7154,R_2uZDxTZAORBIW1o,SNACK_FOOD_BAR,2018-08-30,1535641200
7155,R_2uZDxTZAORBIW1o,BATTERY,2018-08-30,1535641200
7156,R_2uZDxTZAORBIW1o,SCREEN_PROTECTOR,2018-08-30,1535641200
7157,R_2uZDxTZAORBIW1o,SPORTING_GOODS,2018-08-30,1535641200
7158,R_2uZDxTZAORBIW1o,NON_RIDING_TOY_VEHICLE,2018-08-30,1535641200
7159,R_2uZDxTZAORBIW1o,BONDING_ADHESIVES,2018-08-30,1535641200
7160,R_2uZDxTZAORBIW1o,FAUCET,2018-08-30,1535641200
7161,R_2uZDxTZAORBIW1o,SCREEN_PROTECTOR,2018-08-30,1535641200
7162,R_2uZDxTZAORBIW1o,PAINT,2018-08-30,1535641200
7163,R_2uZDxTZAORBIW1o,HEALTH_PERSONAL_CARE,2018-08-30,1535641200
7164,R_2uZDxTZAORBIW1o,HEADPHONES,2018-08-30,1535641200
7165,R_2uZDxTZAORBIW1o,ELECTRONIC_CABLE,2018-08-30,1535641200
7166,R_2uZDxTZAORBIW1o,NOODLE,2018-08-30,1535641200
7167,R_2uZDxTZAORBIW1o,PHYSICAL_MOVIE,2018-08-30,1535641200
7168,R_2uZDxTZAORBIW1o,SELF_DEFENSE_SPRAY,2018-08-30,1535641200
7169,R_2vkMWH10xWp7o9s,SHIRT,2018-08-30,1535641200
7170,R_2wmCdm6ETy6g3k0,BOOKEND,2018-08-30,1535641200
7171,R_2wmLE1q4FIpfioi,TUNIC,2018-08-30,1535641200
7172,R_2wmLE1q4FIpfioi,GUN_HOLSTER,2018-08-30,1535641200
7173,R_2wmLE1q4FIpfioi,MEDICATION,2018-08-30,1535641200
7174,R_2wmLE1q4FIpfioi,SHIRT,2018-08-30,1535641200
7175,R_2wmLE1q4FIpfioi,ELECTRONIC_CABLE,2018-08-30,1535641200
7176,R_2wmLE1q4FIpfioi,SOFA,2018-08-30,1535641200
7177,R_2wmLE1q4FIpfioi,VITAMIN,2018-08-30,1535641200
7178,R_2wsihriTqG6n6Sj,ELECTRONIC_CABLE,2018-08-30,1535641200
7179,R_2wzatCV9Z18xLF2,SKIN_CLEANING_AGENT,2018-08-30,1535641200
7180,R_2zUBXlqUCKqKDVI,CHEMICAL_TEST_STRIP,2018-08-30,1535641200
7181,R_2zUBXlqUCKqKDVI,VITAMIN,2018-08-30,1535641200
7182,R_30kPg5opkenrGPb,PANTS,2018-08-30,1535641200
7183,R_30kPg5opkenrGPb,SPORT_WETSUIT,2018-08-30,1535641200
7184,R_30kPg5opkenrGPb,NUTRITIONAL_SUPPLEMENT,2018-08-30,1535641200
7185,R_333cPUAJRgYXqi1,HEADPHONES,2018-08-30,1535641200
7186,R_33dxSOlpYwYOjFE,PROTEIN_SUPPLEMENT_POWDER,2018-08-30,1535641200
7187,R_3EMaONYGibovcxQ,TOYS_AND_GAMES,2018-08-30,1535641200
7188,R_3EMaONYGibovcxQ,PET_FOOD,2018-08-30,1535641200
7189,R_3EMaONYGibovcxQ,ANIMAL_NUTRITIONAL_SUPPLEMENT,2018-08-30,1535641200
7190,R_3Em4Q2OBHB3m5rz,VITAMIN,2018-08-30,1535641200
7191,R_3Em4Q2OBHB3m5rz,STAPLER,2018-08-30,1535641200
7192,R_3FRSHAzxtL6ifms,PET_FOOD,2018-08-30,1535641200
7193,R_3FRSHAzxtL6ifms,PET_FOOD,2018-08-30,1535641200
7194,R_3FRSHAzxtL6ifms,ELECTRONIC_CABLE,2018-08-30,1535641200
7195,R_3FRSHAzxtL6ifms,ABIS_BOOK,2018-08-30,1535641200
7196,R_3FRSHAzxtL6ifms,BREAST_PUMP,2018-08-30,1535641200
7197,R_3FRSHAzxtL6ifms,GREETING_CARD,2018-08-30,1535641200
7198,R_3FRSHAzxtL6ifms,BEVERAGE,2018-08-30,1535641200
7199,R_3FRSHAzxtL6ifms,LAUNDRY_DETERGENT,2018-08-30,1535641200
7200,R_3FRSHAzxtL6ifms,LAUNDRY_DETERGENT,2018-08-30,1535641200
7201,R_3GqfePl8gH1VWP1,ELECTRONIC_CABLE,2018-08-30,1535641200
7202,R_3GqfePl8gH1VWP1,TOYS_AND_GAMES,2018-08-30,1535641200
7203,R_3J8UJcgwnW51IvN,ABIS_BOOK,2018-08-30,1535641200
7204,R_3JK3aP5uRxffXiy,SNACK_FOOD_BAR,2018-08-30,1535641200
7205,R_3JK3aP5uRxffXiy,THREAD_CORD,2018-08-30,1535641200
7206,R_3JK3aP5uRxffXiy,GROCERY,2018-08-30,1535641200
7207,R_3e82J7pYxj5XP7j,CELLULAR_PHONE_CASE,2018-08-30,1535641200
7208,R_3e82J7pYxj5XP7j,BATTERY,2018-08-30,1535641200
7209,R_3e82J7pYxj5XP7j,ABIS_BOOK,2018-08-30,1535641200
7210,R_3ebnP0qUIQ7u38i,VITAMIN,2018-08-30,1535641200
7211,R_3emmbwwsXsxt4Oj,OUTDOOR_LIVING,2018-08-30,1535641200
7212,R_3enuyEOsaEVxTNX,PANTS,2018-08-30,1535641200
7213,R_3fBmKcLTAgFITMo,TOYS_AND_GAMES,2018-08-30,1535641200
7214,R_3gTrwWhEzAv6gzH,TOY_FIGURE,2018-08-30,1535641200
7215,R_3m3H4mwZ2snYFua,TOYS_AND_GAMES,2018-08-30,1535641200
7216,R_3m3H4mwZ2snYFua,EARPLUG,2018-08-30,1535641200
7217,R_3n2VXT4Z99FpnEG,SKIN_MOISTURIZER,2018-08-30,1535641200
7218,R_3n2VXT4Z99FpnEG,SHOWER_CAP,2018-08-30,1535641200
7219,R_3nH1Odp9Yjm86gN,SHOES,2018-08-30,1535641200
7220,R_3qTFp0FJqUeMhVZ,GROCERY,2018-08-30,1535641200
7221,R_3qpxa4Aw8i6qG91,VEST,2018-08-30,1535641200
7222,R_3qpxa4Aw8i6qG91,ABIS_BOOK,2018-08-30,1535641200
7223,R_3qpxa4Aw8i6qG91,COSMETIC_BRUSH,2018-08-30,1535641200
7224,R_3qpxa4Aw8i6qG91,ELECTRONIC_CABLE,2018-08-30,1535641200
7225,R_3qqdzQnCaBYHx9o,HAIR_STYLING_AGENT,2018-08-30,1535641200
7226,R_3qqdzQnCaBYHx9o,SKIN_SERUM,2018-08-30,1535641200
7227,R_3s02y9lg8GCo9q0,CELLULAR_PHONE_CASE,2018-08-30,1535641200
7228,R_3s02y9lg8GCo9q0,BODY_DEODORANT,2018-08-30,1535641200
7229,R_3sbM1ke1qD79iaT,SKIN_MOISTURIZER,2018-08-30,1535641200
7230,R_3sbM1ke1qD79iaT,ABIS_BOOK,2018-08-30,1535641200
7231,R_3socPWD3wXD0iDP,BOTTLE,2018-08-30,1535641200
7232,R_3socPWD3wXD0iDP,SHOES,2018-08-30,1535641200
7233,R_3socPWD3wXD0iDP,LITTER_BOX,2018-08-30,1535641200
7234,R_3socPWD3wXD0iDP,SHIRT,2018-08-30,1535641200
7235,R_3sp0qsXaE11taC1,WEATHER_STRIPPING,2018-08-30,1535641200
7236,R_4PhRzF4UI9ooLh7,POWER_CONVERTER,2018-08-30,1535641200
7237,R_4YnsyJn7OBPaUut,PHYSICAL_MOVIE,2018-08-30,1535641200
7238,R_6Jw0sPgGkHLnKkp,SMOKING_PIPE,2018-08-30,1535641200
7239,R_6RpwKYK0Mr2zKBH,HEALTH_PERSONAL_CARE,2018-08-30,1535641200
7240,R_85OdkeCoFP5daLL,EYELID_COLOR,2018-08-30,1535641200
7241,R_85OdkeCoFP5daLL,LITTER_BOX,2018-08-30,1535641200
7242,R_85OdkeCoFP5daLL,BASKET,2018-08-30,1535641200
7243,R_85OdkeCoFP5daLL,MEDICATION,2018-08-30,1535641200
7244,R_85OdkeCoFP5daLL,APPAREL_HEAD_NECK_COVERING,2018-08-30,1535641200
7245,R_85OdkeCoFP5daLL,ELECTRONIC_CABLE,2018-08-30,1535641200
7246,R_85OdkeCoFP5daLL,STORAGE_HOOK,2018-08-30,1535641200
7247,R_85OdkeCoFP5daLL,SCARF,2018-08-30,1535641200
7248,R_85OdkeCoFP5daLL,COTTON_PAD,2018-08-30,1535641200
7249,R_85OdkeCoFP5daLL,CABINET,2018-08-30,1535641200
7250,R_85OdkeCoFP5daLL,ABIS_BOOK,2018-08-30,1535641200
7251,R_8CXcySQawXPuJwJ,TECHNICAL_SPORT_SHOE,2018-08-30,1535641200
7252,R_8CXcySQawXPuJwJ,CELLULAR_PHONE_CASE,2018-08-30,1535641200
7253,R_8vnpSkm79W7Jsv7,KITCHEN,2018-08-30,1535641200
7254,R_8vnpSkm79W7Jsv7,PERSONAL_PILL_DISPENSER,2018-08-30,1535641200
7255,R_9yOmfJyU0rNZGW5,TWEEZER,2018-08-30,1535641200
7256,R_A5Mg9h1PiJL0Wyd,HAT,2018-08-30,1535641200
7257,R_A5Mg9h1PiJL0Wyd,SCREEN_PROTECTOR,2018-08-30,1535641200
7258,R_A5Mg9h1PiJL0Wyd,SNACK_FOOD_BAR,2018-08-30,1535641200
7259,R_BWhnv4EdbhSS6rf,LAUNDRY_DETERGENT,2018-08-30,1535641200
7260,R_CaF1pc8CnyWJvCp,BEAUTY,2018-08-30,1535641200
7261,R_O6ZX76mggPnAOfD,SCREEN_PROTECTOR,2018-08-30,1535641200
7262,R_O6ZX76mggPnAOfD,OUTDOOR_LIVING,2018-08-30,1535641200
7263,R_UVM6YBvaArzpRjb,SNACK_FOOD_BAR,2018-08-30,1535641200
7264,R_UiGJcgWtDtZPfih,COOKWARE,2018-08-30,1535641200
7265,R_UiGJcgWtDtZPfih,FOOD_COLORING,2018-08-30,1535641200
7266,R_WerZwuLkMK4zfVf,SKIN_CLEANING_AGENT,2018-08-30,1535641200
7267,R_XFxTMj7GDret70d,DRYER,2018-08-30,1535641200
7268,R_XFxTMj7GDret70d,ABIS_BOOK,2018-08-30,1535641200
7269,R_Z4qMkqhWSmIbdSh,WALLET,2018-08-30,1535641200
7270,R_e8KTElZZLWryLWp,BLANK_MEDIA,2018-08-30,1535641200
7271,R_eg0ycbZcHEfhBAd,PROTECTIVE_GLOVE,2018-08-30,1535641200
7272,R_plnyqyltsGtao9P,VEST,2018-08-30,1535641200
7273,R_r3IM83Ecq7eY7QJ,DRINK_FLAVORED,2018-08-30,1535641200
7274,R_r3IM83Ecq7eY7QJ,ABRASIVE_WHEELS,2018-08-30,1535641200
7275,R_r3IM83Ecq7eY7QJ,GARDEN_TOOL_SET,2018-08-30,1535641200
7276,R_r3IM83Ecq7eY7QJ,PAPER_TOWEL,2018-08-30,1535641200
7277,R_snaR9M3EsTpcPi9,ELECTRONIC_CABLE,2018-08-30,1535641200
7278,R_snaR9M3EsTpcPi9,BATTERY,2018-08-30,1535641200
7279,R_sotmrGe7Rv3U10J,SHIRT,2018-08-30,1535641200
7280,R_sotmrGe7Rv3U10J,VITAMIN,2018-08-30,1535641200
7281,R_sqjjAsz7GATggo1,EARRING,2018-08-30,1535641200
7282,R_w5JAqptOytTan4J,SNACK_FOOD_BAR,2018-08-30,1535641200
7283,R_w5JAqptOytTan4J,BATTERY,2018-08-30,1535641200
7284,R_0Arj0ePpTnReV1v,SHIRT,2018-08-31,1535727600
7285,R_0Arj0ePpTnReV1v,SKIN_MOISTURIZER,2018-08-31,1535727600
7286,R_128UcvT7YzJpnZv,AUDIO_MIDI_CONTROLLER,2018-08-31,1535727600
7287,R_128UcvT7YzJpnZv,BACKDROP,2018-08-31,1535727600
7288,R_1C4nKyrv0w2thJn,BATTERY,2018-08-31,1535727600
7289,R_1C4nKyrv0w2thJn,KITCHEN,2018-08-31,1535727600
7290,R_1C4nKyrv0w2thJn,HEALTH_PERSONAL_CARE,2018-08-31,1535727600
7291,R_1C8w4NDDQC5fcgE,BAKING_PAPER,2018-08-31,1535727600
7292,R_1CrP2yfBldcblJm,PANTS,2018-08-31,1535727600
7293,R_1GghoTNZdgUeySl,STANDALONE_STREAMING_MEDIA_PLAYER,2018-08-31,1535727600
7294,R_1I4dnMKlrmtUP09,WRENCH,2018-08-31,1535727600
7295,R_1IN7vU4CWQnwLLx,PHYSICAL_MOVIE,2018-08-31,1535727600
7296,R_1IN7vU4CWQnwLLx,PORTABLE_ELECTRONIC_DEVICE_COVER,2018-08-31,1535727600
7297,R_1IN7vU4CWQnwLLx,ELECTRONIC_CABLE,2018-08-31,1535727600
7298,R_1KloshKwV8MUAx4,COMPUTER_INPUT_DEVICE,2018-08-31,1535727600
7299,R_1KloshKwV8MUAx4,SKIN_CLEANING_AGENT,2018-08-31,1535727600
7300,R_1KloshKwV8MUAx4,SECURITY_CAMERA,2018-08-31,1535727600
7301,R_1KloshKwV8MUAx4,ART_AND_CRAFT_SUPPLY,2018-08-31,1535727600
7302,R_1KloshKwV8MUAx4,SECURITY_CAMERA,2018-08-31,1535727600
7303,R_1KloshKwV8MUAx4,NUTRITIONAL_SUPPLEMENT,2018-08-31,1535727600
7304,R_1LMa9REuvUok05j,PHYSICAL_MOVIE,2018-08-31,1535727600
7305,R_1dlSByn2AyHWx7r,ABIS_BOOK,2018-08-31,1535727600
7306,R_1dppjLIFEdj7Kq5,HAIR_STYLING_AGENT,2018-08-31,1535727600
7307,R_1eFv0mPpH4dM2mG,INSTALLATION_SERVICES,2018-08-31,1535727600
7308,R_1gU6N4NRSwc9ONd,ELECTRONIC_CABLE,2018-08-31,1535727600
7309,R_1jZkLNE1JdtyVpH,VITAMIN,2018-08-31,1535727600
7310,R_1jZkLNE1JdtyVpH,PANTS,2018-08-31,1535727600
7311,R_1jZkLNE1JdtyVpH,WRIST_REST,2018-08-31,1535727600
7312,R_1jZkLNE1JdtyVpH,WASHERS,2018-08-31,1535727600
7313,R_1jZkLNE1JdtyVpH,NUTRITIONAL_SUPPLEMENT,2018-08-31,1535727600
7314,R_1jZkLNE1JdtyVpH,PRINT_COPY_PAPER,2018-08-31,1535727600
7315,R_1jZkLNE1JdtyVpH,TUNIC,2018-08-31,1535727600
7316,R_1jZkLNE1JdtyVpH,SHIRT,2018-08-31,1535727600
7317,R_1mEmb9jWLRYCU4e,PET_FOOD,2018-08-31,1535727600
7318,R_1mEmb9jWLRYCU4e,GROCERY,2018-08-31,1535727600
7319,R_1mEmb9jWLRYCU4e,SHELF,2018-08-31,1535727600
7320,R_1mebUZZHsgPDgzX,SCREEN_PROTECTOR,2018-08-31,1535727600
7321,R_1oFSDeGAQcUN2v8,SKIN_EXFOLIANT,2018-08-31,1535727600
7322,R_1oFSDeGAQcUN2v8,AREA_DEODORIZER,2018-08-31,1535727600
7323,R_1q7AvsyRPpTSWFi,MASCARA,2018-08-31,1535727600
7324,R_1rwhkWp9UYemFEH,MINERAL_SUPPLEMENT,2018-08-31,1535727600
7325,R_1rwhkWp9UYemFEH,HEADPHONES,2018-08-31,1535727600
7326,R_1rwhkWp9UYemFEH,SHARPS_DISPOSAL_CONTAINER,2018-08-31,1535727600
7327,R_1rwhkWp9UYemFEH,BATTERY,2018-08-31,1535727600
7328,R_20O6baqxT4T2CbA,BOOT,2018-08-31,1535727600
7329,R_210tLKdUbUZuf7O,SCREEN_PROTECTOR,2018-08-31,1535727600
7330,R_210tLKdUbUZuf7O,PHYSICAL_MOVIE,2018-08-31,1535727600
7331,R_22XEVzemearX7mD,PANTS,2018-08-31,1535727600
7332,R_22XEVzemearX7mD,SCREEN_PROTECTOR,2018-08-31,1535727600
7333,R_22XEVzemearX7mD,SHOWER_CAP,2018-08-31,1535727600
7334,R_22XEVzemearX7mD,SKIN_MOISTURIZER,2018-08-31,1535727600
7335,R_22XEVzemearX7mD,ABIS_DVD,2018-08-31,1535727600
7336,R_248iRXgLLXgwGMZ,LIGHT_FIXTURE,2018-08-31,1535727600
7337,R_24MKoSmvuiLEI76,CELLULAR_PHONE_CASE,2018-08-31,1535727600
7338,R_24MKoSmvuiLEI76,KITCHEN,2018-08-31,1535727600
7339,R_24MKoSmvuiLEI76,TABLECLOTH,2018-08-31,1535727600
7340,R_24MKoSmvuiLEI76,HEALTH_PERSONAL_CARE,2018-08-31,1535727600
7341,R_24MKoSmvuiLEI76,TOOTHBRUSH,2018-08-31,1535727600
7342,R_24MKoSmvuiLEI76,KITCHEN,2018-08-31,1535727600
7343,R_25Wwg273Uw26jA1,LAUNDRY_DETERGENT,2018-08-31,1535727600
7344,R_25Wwg273Uw26jA1,FOOD_STORAGE_BAG,2018-08-31,1535727600
7345,R_26nB6rfoaXIEb6Z,HOME_LIGHTING_ACCESSORY,2018-08-31,1535727600
7346,R_279ENCaNyRMf98u,BATTERY,2018-08-31,1535727600
7347,R_27Nf8ImFlWu3J9O,MEDICATION,2018-08-31,1535727600
7348,R_2CKdeuvfVrO8I49,SHOES,2018-08-31,1535727600
7349,R_2CKdeuvfVrO8I49,LICENSE_PLATE_ATTACHMENT,2018-08-31,1535727600
7350,R_2CKdeuvfVrO8I49,VITAMIN,2018-08-31,1535727600
7351,R_2D1zydYR5SZ0LpK,SHOES,2018-08-31,1535727600
7352,R_2D1zydYR5SZ0LpK,HEADPHONES,2018-08-31,1535727600
7353,R_2DXPyU9bPnWuZPM,VEHICLE_BRAKE_PAD,2018-08-31,1535727600
7354,R_2DXPyU9bPnWuZPM,TOOTH_CLEANING_AGENT,2018-08-31,1535727600
7355,R_2EglJpTWGEiwQYa,BICYCLE_LIGHT,2018-08-31,1535727600
7356,R_2EgloEvdjU98Rhc,HEADPHONES,2018-08-31,1535727600
7357,R_2EgloEvdjU98Rhc,SKIN_MOISTURIZER,2018-08-31,1535727600
7358,R_2OOq3ysdOS3TtBd,PHYSICAL_MOVIE,2018-08-31,1535727600
7359,R_2OOq3ysdOS3TtBd,SHOES,2018-08-31,1535727600
7360,R_2OOq3ysdOS3TtBd,PORTABLE_ELECTRONIC_DEVICE_MOUNT,2018-08-31,1535727600
7361,R_2OOq3ysdOS3TtBd,ELECTRONIC_CABLE,2018-08-31,1535727600
7362,R_2OOq3ysdOS3TtBd,OPTICAL_DISC_DRIVE,2018-08-31,1535727600
7363,R_2Qu0fgUOnDpaKDH,TOY_FIGURE,2018-08-31,1535727600
7364,R_2R20tGsAciB0E9U,VITAMIN,2018-08-31,1535727600
7365,R_2TXBHPMwNAwKR7Q,CELLULAR_PHONE_CASE,2018-08-31,1535727600
7366,R_2TXBHPMwNAwKR7Q,TOY_STROLLER,2018-08-31,1535727600
7367,R_2WAagX64hf1kdMI,HEADPHONES,2018-08-31,1535727600
7368,R_2WAagX64hf1kdMI,RICE_MIX,2018-08-31,1535727600
7369,R_2WAagX64hf1kdMI,BATTERY,2018-08-31,1535727600
7370,R_2WAagX64hf1kdMI,SHAMPOO,2018-08-31,1535727600
7371,R_2XoI6KbLJRGFz5X,CELLULAR_PHONE_CASE,2018-08-31,1535727600
7372,R_2ZEQSnRGlS7ZscC,WHEEL_CUTTER,2018-08-31,1535727600
7373,R_2aOUTzNgkEajgjw,SLOW_COOKER,2018-08-31,1535727600
7374,R_2cvmrv8q51q8yh1,HEADPHONES,2018-08-31,1535727600
7375,R_2cvmrv8q51q8yh1,GROCERY,2018-08-31,1535727600
7376,R_2e3bppvzM7Ynmch,VEHICLE_TIRE,2018-08-31,1535727600
7377,R_2pK2zZBvbieDcxb,NUTRITIONAL_SUPPLEMENT,2018-08-31,1535727600
7378,R_2qjAN1lyLAdAxT2,SKIN_MOISTURIZER,2018-08-31,1535727600
7379,R_2r7Zl5CTeW1dMqd,ELECTRONIC_CABLE,2018-08-31,1535727600
7380,R_2r7Zl5CTeW1dMqd,SHIN_GUARD,2018-08-31,1535727600
7381,R_2tfEDXuyNRcQoWs,CARRYING_CASE_OR_BAG,2018-08-31,1535727600
7382,R_2tfEDXuyNRcQoWs,SHARPS_DISPOSAL_CONTAINER,2018-08-31,1535727600
7383,R_2wHwNZWEecJflLc,SCREEN_PROTECTOR,2018-08-31,1535727600
7384,R_2wHwNZWEecJflLc,MOUNT_BRACKET,2018-08-31,1535727600
7385,R_2wHwNZWEecJflLc,MANUAL_SHAVING_RAZOR,2018-08-31,1535727600
7386,R_2yjckpDXWcsiLPz,SKIN_CLEANING_AGENT,2018-08-31,1535727600
7387,R_31ixLIfyf3xt0RM,GUN_SUPPORT,2018-08-31,1535727600
7388,R_31ixLIfyf3xt0RM,HEADPHONES,2018-08-31,1535727600
7389,R_33El0GX9AkXCVDU,SKIN_MOISTURIZER,2018-08-31,1535727600
7390,R_33El0GX9AkXCVDU,GROCERY,2018-08-31,1535727600
7391,R_33a2eGfoj5xSrE2,ELECTRICITY_GENERATOR,2018-08-31,1535727600
7392,R_33a2eGfoj5xSrE2,TOYS_AND_GAMES,2018-08-31,1535727600
7393,R_33a2eGfoj5xSrE2,BED_LINEN_SET,2018-08-31,1535727600
7394,R_39HhVszlqdawZPP,PANTS,2018-08-31,1535727600
7395,R_39HhVszlqdawZPP,APPENDAGE_WARMER,2018-08-31,1535727600
7396,R_3G1gYo1d23Zq8Np,TOYS_AND_GAMES,2018-08-31,1535727600
7397,R_3G1gYo1d23Zq8Np,SKIN_CLEANING_WIPE,2018-08-31,1535727600
7398,R_3GBSX5xvcH0uSyx,ABIS_BOOK,2018-08-31,1535727600
7399,R_3GCXgWFPLgXAuFC,ELECTRONIC_CABLE,2018-08-31,1535727600
7400,R_3GCXgWFPLgXAuFC,MEDICATION,2018-08-31,1535727600
7401,R_3HAk4tN4hE1Arcm,PET_FOOD,2018-08-31,1535727600
7402,R_3HAk4tN4hE1Arcm,BICYCLE_TRAINER,2018-08-31,1535727600
7403,R_3HigTq4itishziE,PACKING_MATERIAL,2018-08-31,1535727600
7404,R_3HigTq4itishziE,FOOD,2018-08-31,1535727600
7405,R_3HigTq4itishziE,TOYS_AND_GAMES,2018-08-31,1535727600
7406,R_3Hphzg7zu04Hgy1,SKIN_CLEANING_AGENT,2018-08-31,1535727600
7407,R_3JFAj4jTW4qftb2,SKIN_CLEANING_AGENT,2018-08-31,1535727600
7408,R_3KCUnPI9FEz7vTo,PANTS,2018-08-31,1535727600
7409,R_3Mc9nZhk6fg7b8z,NUTRITIONAL_SUPPLEMENT,2018-08-31,1535727600
7410,R_3MyEdXOZ8P75S1V,SHAMPOO,2018-08-31,1535727600
7411,R_3MyEdXOZ8P75S1V,LEVEL,2018-08-31,1535727600
7412,R_3MyEdXOZ8P75S1V,DISHWASHER,2018-08-31,1535727600
7413,R_3NwUrzA3eAsS3xO,SEXUAL_STIMULATION_DEVICE,2018-08-31,1535727600
7414,R_3NwUrzA3eAsS3xO,SNACK_FOOD_BAR,2018-08-31,1535727600
7415,R_3QtdtxnX6fJnkNr,CABINET,2018-08-31,1535727600
7416,R_3dN6S4adN4KjQO1,BATTERY,2018-08-31,1535727600
7417,R_3e82J7pYxj5XP7j,PHYSICAL_MOVIE,2018-08-31,1535727600
7418,R_3e82J7pYxj5XP7j,SCREEN_PROTECTOR,2018-08-31,1535727600
7419,R_3enuyEOsaEVxTNX,POWER_BANK,2018-08-31,1535727600
7420,R_3fB1NIeE1OGUd72,ELECTRONIC_CABLE,2018-08-31,1535727600
7421,R_3gTrwWhEzAv6gzH,BRA,2018-08-31,1535727600
7422,R_3gTrwWhEzAv6gzH,CUFF_LINK,2018-08-31,1535727600
7423,R_3nH1Odp9Yjm86gN,BATTERY,2018-08-31,1535727600
7424,R_3nH1Odp9Yjm86gN,PHOTOGRAPHIC_LIGHTING,2018-08-31,1535727600
7425,R_3rV7kPHe9hVsMee,SCREEN_PROTECTOR,2018-08-31,1535727600
7426,R_3rV7kPHe9hVsMee,SCREEN_PROTECTOR,2018-08-31,1535727600
7427,R_4PhRzF4UI9ooLh7,BATTERY,2018-08-31,1535727600
7428,R_8CXcySQawXPuJwJ,SHOES,2018-08-31,1535727600
7429,R_8CXcySQawXPuJwJ,PHYSICAL_MOVIE,2018-08-31,1535727600
7430,R_8CXcySQawXPuJwJ,PANTS,2018-08-31,1535727600
7431,R_8vnpSkm79W7Jsv7,COUNTERTOP_BURNER,2018-08-31,1535727600
7432,R_9ppTjfBQZZs42WJ,VEHICLE_BODY_PANEL,2018-08-31,1535727600
7433,R_AKBlDprDMrv4M7v,BRASS_AND_WOODWIND_INSTRUMENTS,2018-08-31,1535727600
7434,R_AKBlDprDMrv4M7v,PHYSICAL_MOVIE,2018-08-31,1535727600
7435,R_PHgbX4EoPqUsLjb,VITAMIN,2018-08-31,1535727600
7436,R_PHgbX4EoPqUsLjb,KAYAK,2018-08-31,1535727600
7437,R_PHgbX4EoPqUsLjb,JUICE_AND_JUICE_DRINK,2018-08-31,1535727600
7438,R_PwlnzzccUMXV0n7,BODY_POSITIONER,2018-08-31,1535727600
7439,R_RPudbSO1mm9KZSp,CARGO_STRAP,2018-08-31,1535727600
7440,R_RPudbSO1mm9KZSp,INKJET_PRINTER_INK,2018-08-31,1535727600
7441,R_UFrfTy7RlXqKDOV,SIGNAGE,2018-08-31,1535727600
7442,R_Xhz81T9LodPX0KB,UTILITY_HOLSTER_POUCH,2018-08-31,1535727600
7443,R_ZkokwdIEZybYo9z,PANTS,2018-08-31,1535727600
7444,R_ZkokwdIEZybYo9z,PILLOW_PROTECTOR,2018-08-31,1535727600
7445,R_ZkokwdIEZybYo9z,NUTRITIONAL_SUPPLEMENT,2018-08-31,1535727600
7446,R_Zwn68Xfx8lenBER,SPORTING_GOODS,2018-08-31,1535727600
7447,R_Zwn68Xfx8lenBER,SCREEN_PROTECTOR,2018-08-31,1535727600
7448,R_pMnqpu31myYoxy1,GROCERY,2018-08-31,1535727600
7449,R_pMnqpu31myYoxy1,CELLULAR_PHONE_CASE,2018-08-31,1535727600
7450,R_pMnqpu31myYoxy1,SKIN_MOISTURIZER,2018-08-31,1535727600
7451,R_pMnqpu31myYoxy1,MEDICATION,2018-08-31,1535727600
7452,R_pMnqpu31myYoxy1,BALLOON,2018-08-31,1535727600
7453,R_pMnqpu31myYoxy1,THERAPEUTIC_THERMAL_COMPRESS,2018-08-31,1535727600
7454,R_sGohXmtT8TjLibT,PANTS,2018-08-31,1535727600
7455,R_xc0AiqTlV5cTvZn,VITAMIN,2018-08-31,1535727600
7456,R_xc0AiqTlV5cTvZn,PET_FOOD,2018-08-31,1535727600
7457,R_xsyCKTazvY4vHbz,PHYSICAL_MOVIE,2018-08-31,1535727600
7458,R_xsyCKTazvY4vHbz,HONEY,2018-08-31,1535727600
7459,R_yC5ffbdBLVi93Pz,VITAMIN,2018-08-31,1535727600
