,user_id,item_id,date,timestamp
0,R_10rsQ6SV3iE7hfu,SEXUAL_STIMULATION_DEVICE,2019-07-01,1561993200
1,R_1BNwZP0DdTOa4rT,SANDAL,2019-07-01,1561993200
2,R_1GVN63HjPpVXPEx,PANTS,2019-07-01,1561993200
3,R_1GVsIStj8gTkbIE,SHIRT,2019-07-01,1561993200
4,R_1GVsIStj8gTkbIE,PORTABLE_ELECTRONIC_DEVICE_ARMBAND,2019-07-01,1561993200
5,R_1GVsIStj8gTkbIE,REMOTE_CONTROL,2019-07-01,1561993200
6,R_1GghoTNZdgUeySl,SHOES,2019-07-01,1561993200
7,R_1GghoTNZdgUeySl,POWER_STRIP,2019-07-01,1561993200
8,R_1I6meOeB0piHEX8,TOY_FIGURE,2019-07-01,1561993200
9,R_1IaYiTSaUaD2W2i,TOOTH_CLEANING_AGENT,2019-07-01,1561993200
10,R_1IaYiTSaUaD2W2i,TOYS_AND_GAMES,2019-07-01,1561993200
11,R_1KloshKwV8MUAx4,SKIN_MOISTURIZER,2019-07-01,1561993200
12,R_1KxVDxZl2H0XoHS,STORAGE_BINDER,2019-07-01,1561993200
13,R_1KxVDxZl2H0XoHS,STANDALONE_STREAMING_MEDIA_PLAYER,2019-07-01,1561993200
14,R_1KxVDxZl2H0XoHS,URN,2019-07-01,1561993200
15,R_1LRR1P5IQqdSvIP,APPAREL,2019-07-01,1561993200
16,R_1LRR1P5IQqdSvIP,SPORTING_GOODS,2019-07-01,1561993200
17,R_1LRR1P5IQqdSvIP,SHOES,2019-07-01,1561993200
18,R_1dlSByn2AyHWx7r,MANNEQUIN_CLOTHING_FORM,2019-07-01,1561993200
19,R_1dlSByn2AyHWx7r,ELECTRONIC_CABLE,2019-07-01,1561993200
20,R_1hFMTehZQIAcBvZ,TOYS_AND_GAMES,2019-07-01,1561993200
21,R_1hLPyY3aamfi3xT,CELLULAR_PHONE_CASE,2019-07-01,1561993200
22,R_1ig4LC2I0cwMCHk,UNDERGARMENT_THIGH_SLIMMER,2019-07-01,1561993200
23,R_1jUqdfR1Zz6mZMf,HEADPHONES,2019-07-01,1561993200
24,R_1jUqdfR1Zz6mZMf,SKIN_MOISTURIZER,2019-07-01,1561993200
25,R_1lp1fif64G1hlWf,PANTS,2019-07-01,1561993200
26,R_1lxYa2W6GgcAQ19,PET_FOOD,2019-07-01,1561993200
27,R_1lxYa2W6GgcAQ19,ABIS_BOOK,2019-07-01,1561993200
28,R_1lxYa2W6GgcAQ19,TOYS_AND_GAMES,2019-07-01,1561993200
29,R_1lxYa2W6GgcAQ19,VITAMIN,2019-07-01,1561993200
30,R_1lxYa2W6GgcAQ19,CELLULAR_PHONE_CASE,2019-07-01,1561993200
31,R_1lxYa2W6GgcAQ19,VITAMIN,2019-07-01,1561993200
32,R_1lxYa2W6GgcAQ19,ABIS_BOOK,2019-07-01,1561993200
33,R_1mEmb9jWLRYCU4e,SKIN_MOISTURIZER,2019-07-01,1561993200
34,R_1oFSDeGAQcUN2v8,SCREEN_PROTECTOR,2019-07-01,1561993200
35,R_1pu4x2PBb4LrSWk,ABIS_BOOK,2019-07-01,1561993200
36,R_1pu4x2PBb4LrSWk,EXERCISE_STRAP,2019-07-01,1561993200
37,R_1pu4x2PBb4LrSWk,GROCERY,2019-07-01,1561993200
38,R_1pu6yYPsuymsIIz,INKJET_PRINTER_INK,2019-07-01,1561993200
39,R_1pu6yYPsuymsIIz,ZIPPER_FASTENER,2019-07-01,1561993200
40,R_1pu6yYPsuymsIIz,HEADPHONES,2019-07-01,1561993200
41,R_1pu6yYPsuymsIIz,TOYS_AND_GAMES,2019-07-01,1561993200
42,R_1pu6yYPsuymsIIz,NUTRITIONAL_SUPPLEMENT,2019-07-01,1561993200
43,R_1pu6yYPsuymsIIz,SOCKS,2019-07-01,1561993200
44,R_1qdM6yLQigCFrkd,SCREEN_PROTECTOR,2019-07-01,1561993200
45,R_1qdM6yLQigCFrkd,PET_FOOD,2019-07-01,1561993200
46,R_1qdM6yLQigCFrkd,SCREEN_PROTECTOR,2019-07-01,1561993200
47,R_1rNf6ssFroMth4I,COLLECTIBLE_CARD,2019-07-01,1561993200
48,R_20Yd9DvrGselmZY,CYCLING_COMPUTER,2019-07-01,1561993200
49,R_20Z3XrmdVrFDp3r,SHOES,2019-07-01,1561993200
50,R_22nS4Bu8Q3B84gf,VITAMIN,2019-07-01,1561993200
51,R_23enipHqTsjcQfN,VITAMIN,2019-07-01,1561993200
52,R_248HEjiUt8tw60V,SNACK_FOOD_BAR,2019-07-01,1561993200
53,R_24MKoSmvuiLEI76,FOOD_GLITTER_SPRINKLE,2019-07-01,1561993200
54,R_24bE9NTxiBf6v2b,PET_FOOD,2019-07-01,1561993200
55,R_24bE9NTxiBf6v2b,SKIN_CLEANING_AGENT,2019-07-01,1561993200
56,R_24clqkYBai6m1Xz,MULTIPORT_HUB,2019-07-01,1561993200
57,R_24clqkYBai6m1Xz,KNIFE_BLOCK,2019-07-01,1561993200
58,R_25SbPPTyE45YzXP,SNACK_FOOD_BAR,2019-07-01,1561993200
59,R_25thHabUddjXGzt,SHAMPOO,2019-07-01,1561993200
60,R_27DL80quzRiSEmq,HEALTH_PERSONAL_CARE,2019-07-01,1561993200
61,R_27lE2A8TyANjHWE,GROCERY,2019-07-01,1561993200
62,R_27lE2A8TyANjHWE,SUGAR_CANDY,2019-07-01,1561993200
63,R_28BST1zc80UaP2C,ABIS_BOOK,2019-07-01,1561993200
64,R_28BST1zc80UaP2C,BATTERY,2019-07-01,1561993200
65,R_28BST1zc80UaP2C,BATTERY,2019-07-01,1561993200
66,R_28BST1zc80UaP2C,ELECTRONIC_CABLE,2019-07-01,1561993200
67,R_29tZUWisKTCWczv,TOYS_AND_GAMES,2019-07-01,1561993200
68,R_2ASz0xBmcxqYzUJ,SKIN_MOISTURIZER,2019-07-01,1561993200
69,R_2Etc0qZ3B702xxn,SKIN_CLEANING_AGENT,2019-07-01,1561993200
70,R_2QX9bXWJvSVIbXl,ADHESIVE_TAPES,2019-07-01,1561993200
71,R_2QX9bXWJvSVIbXl,SHOE_INSERT,2019-07-01,1561993200
72,R_2QXJIE0UXBTy8wd,BOTTLE,2019-07-01,1561993200
73,R_2Qu0fgUOnDpaKDH,MEAL_HOLDER,2019-07-01,1561993200
74,R_2UgruQ1jzpNXLQZ,PORTABLE_ELECTRONIC_DEVICE_MOUNT,2019-07-01,1561993200
75,R_2UgruQ1jzpNXLQZ,HEADPHONES,2019-07-01,1561993200
76,R_2UgruQ1jzpNXLQZ,SNACK_FOOD_BAR,2019-07-01,1561993200
77,R_2UgruQ1jzpNXLQZ,SHIRT,2019-07-01,1561993200
78,R_2VyUSFk11bbTVej,PANTS,2019-07-01,1561993200
79,R_2WwzM8WiFsk4o3g,SHIRT,2019-07-01,1561993200
80,R_2Xj7LtCe2Mt8jNi,SHIRT,2019-07-01,1561993200
81,R_2XoI6KbLJRGFz5X,SHIRT,2019-07-01,1561993200
82,R_2YR2Yn7wGzAeAj0,SCREEN_PROTECTOR,2019-07-01,1561993200
83,R_2ZOgImZ5BSZcQoz,ELECTRONIC_CABLE,2019-07-01,1561993200
84,R_2b1MfkpNO4V6xMv,SKIN_CLEANING_AGENT,2019-07-01,1561993200
85,R_2b1MfkpNO4V6xMv,PORTABLE_VIDEO_DISC_PLAYER,2019-07-01,1561993200
86,R_2b1MfkpNO4V6xMv,LEGUME,2019-07-01,1561993200
87,R_2b1MfkpNO4V6xMv,HEADPHONES,2019-07-01,1561993200
88,R_2b1MfkpNO4V6xMv,ELECTRONIC_CABLE,2019-07-01,1561993200
89,R_2dX8oLhgW3U0Q0m,SNACK_FOOD_BAR,2019-07-01,1561993200
90,R_2dmZyPIDedcDR2J,PHYSICAL_VIDEO_GAME_SOFTWARE,2019-07-01,1561993200
91,R_2dmZyPIDedcDR2J,HEADPHONES,2019-07-01,1561993200
92,R_2fxhde3AmAoBQBS,COLLECTIBLE_COINS,2019-07-01,1561993200
93,R_2fxhde3AmAoBQBS,NETTING_COVER,2019-07-01,1561993200
94,R_2fxhde3AmAoBQBS,PHYSICAL_MOVIE,2019-07-01,1561993200
95,R_2mAJniG0xVBIInL,PANTS,2019-07-01,1561993200
96,R_2mKYTXpTsUEkSGt,SKIN_MOISTURIZER,2019-07-01,1561993200
97,R_2mKYTXpTsUEkSGt,TOYS_AND_GAMES,2019-07-01,1561993200
98,R_2mKYTXpTsUEkSGt,SANDER,2019-07-01,1561993200
99,R_2mKYTXpTsUEkSGt,SAW_BLADE,2019-07-01,1561993200
100,R_2pWAVsUj7WsZHLs,SHIRT,2019-07-01,1561993200
101,R_2pWAVsUj7WsZHLs,SCREEN_PROTECTOR,2019-07-01,1561993200
102,R_2pWAVsUj7WsZHLs,POPCORN,2019-07-01,1561993200
103,R_2qD8ep8d313iLj4,MEDICATION,2019-07-01,1561993200
104,R_2rVp4uDv9fYIfdd,PANTS,2019-07-01,1561993200
105,R_2s5YO3cdqKDFyIM,NUTRITIONAL_SUPPLEMENT,2019-07-01,1561993200
106,R_2wagDt0ZaSu1p8q,WRITING_INSTRUMENT,2019-07-01,1561993200
107,R_2y7p58Cp5veeRa6,BODY_LUBRICANT,2019-07-01,1561993200
108,R_2yme87wMCEU528h,PALETTE_PUTTY_KNIFE,2019-07-01,1561993200
109,R_2zGy2Qj3ENruAYs,ABIS_BOOK,2019-07-01,1561993200
110,R_2zUBXlqUCKqKDVI,ELECTRONIC_CABLE,2019-07-01,1561993200
111,R_31ZxYxyOSie94bK,VITAMIN,2019-07-01,1561993200
112,R_31ZxYxyOSie94bK,SUGAR_CANDY,2019-07-01,1561993200
113,R_31ZxYxyOSie94bK,SUGAR_CANDY,2019-07-01,1561993200
114,R_31ZxYxyOSie94bK,GIFT_CARD,2019-07-01,1561993200
115,R_31ZxYxyOSie94bK,PHYSICAL_MOVIE,2019-07-01,1561993200
116,R_31ZxYxyOSie94bK,BATTERY,2019-07-01,1561993200
117,R_32UZncFA03IrQwQ,ELECTRONIC_CABLE,2019-07-01,1561993200
118,R_32UZncFA03IrQwQ,BATTERY,2019-07-01,1561993200
119,R_32WvdLjYpicai6o,ABIS_BOOK,2019-07-01,1561993200
120,R_3D7xJuXSy25PXbg,BINOCULAR,2019-07-01,1561993200
121,R_3EMaONYGibovcxQ,SKIN_CLEANING_AGENT,2019-07-01,1561993200
122,R_3Em4Q2OBHB3m5rz,PHYSICAL_MOVIE,2019-07-01,1561993200
123,R_3G1gYo1d23Zq8Np,CELLULAR_PHONE_CASE,2019-07-01,1561993200
124,R_3G1gYo1d23Zq8Np,GROCERY,2019-07-01,1561993200
125,R_3G1gYo1d23Zq8Np,RUG,2019-07-01,1561993200
126,R_3G1gYo1d23Zq8Np,MOUNT_BRACKET,2019-07-01,1561993200
127,R_3G1gYo1d23Zq8Np,PANTS,2019-07-01,1561993200
128,R_3GCXgWFPLgXAuFC,NUTRITIONAL_SUPPLEMENT,2019-07-01,1561993200
129,R_3GD1CL4OyjglmbZ,ELASTIC_BAND,2019-07-01,1561993200
130,R_3GqfePl8gH1VWP1,NUTRITIONAL_SUPPLEMENT,2019-07-01,1561993200
131,R_3HAk4tN4hE1Arcm,SKIN_CLEANING_AGENT,2019-07-01,1561993200
132,R_3HigTq4itishziE,CELLULAR_PHONE_CASE,2019-07-01,1561993200
133,R_3Hphzg7zu04Hgy1,PET_FOOD,2019-07-01,1561993200
134,R_3Hphzg7zu04Hgy1,GROCERY,2019-07-01,1561993200
135,R_3IQQB0Dtvv9riqZ,HEADPHONES,2019-07-01,1561993200
136,R_3IQQB0Dtvv9riqZ,SELF_STICK_NOTE,2019-07-01,1561993200
137,R_3JJfhp7Z7vUO8K2,MINIATURE_TOY_FURNISHING,2019-07-01,1561993200
138,R_3JJfhp7Z7vUO8K2,MEDICATION,2019-07-01,1561993200
139,R_3L20DbmNPSMtKUd,BATTERY,2019-07-01,1561993200
140,R_3L20DbmNPSMtKUd,SKIN_CLEANING_AGENT,2019-07-01,1561993200
141,R_3L20DbmNPSMtKUd,OUTDOOR_LIVING,2019-07-01,1561993200
142,R_3L89g4OAN8obu49,PORTABLE_TOOL_BOX,2019-07-01,1561993200
143,R_3NFhCSnuJa54Jn3,TOY_FIGURE,2019-07-01,1561993200
144,R_3O9aPnM7ixjsbYK,SHOES,2019-07-01,1561993200
145,R_3O9aPnM7ixjsbYK,HOME,2019-07-01,1561993200
146,R_3O9aPnM7ixjsbYK,PANTS,2019-07-01,1561993200
147,R_3PcameSHVD10BZP,HEADPHONES,2019-07-01,1561993200
148,R_3PcameSHVD10BZP,INPUT_MOUSE,2019-07-01,1561993200
149,R_3PcameSHVD10BZP,CELLULAR_PHONE_CASE,2019-07-01,1561993200
150,R_3PcameSHVD10BZP,PANTS,2019-07-01,1561993200
151,R_3PcameSHVD10BZP,PET_FOOD,2019-07-01,1561993200
152,R_3PuErkwk0nhqeG4,TOILET_SEAT,2019-07-01,1561993200
153,R_3ebnP0qUIQ7u38i,SNACK_FOOD_BAR,2019-07-01,1561993200
154,R_3ebnP0qUIQ7u38i,PHYSICAL_MOVIE,2019-07-01,1561993200
155,R_3enuyEOsaEVxTNX,SHOES,2019-07-01,1561993200
156,R_3gTrwWhEzAv6gzH,EXERCISE_BAND,2019-07-01,1561993200
157,R_3iJyVGzX7fyajRz,SHIRT,2019-07-01,1561993200
158,R_3iydBpfsKD9jRTq,TOYS_AND_GAMES,2019-07-01,1561993200
159,R_3m3H4mwZ2snYFua,CARRIER_BAG_CASE,2019-07-01,1561993200
160,R_3m3H4mwZ2snYFua,MEDICATION,2019-07-01,1561993200
161,R_3m3H4mwZ2snYFua,TREADMILL,2019-07-01,1561993200
162,R_3n17fNI56KA8rTV,SHIRT,2019-07-01,1561993200
163,R_3n17fNI56KA8rTV,SKIN_MOISTURIZER,2019-07-01,1561993200
164,R_3oO3DoeTgXHrEzx,HAIR_EXTENSION,2019-07-01,1561993200
165,R_3qPt2VOIZdr6Kio,SHIRT,2019-07-01,1561993200
166,R_3qqdzQnCaBYHx9o,NUTRITIONAL_SUPPLEMENT,2019-07-01,1561993200
167,R_3rV7kPHe9hVsMee,HEALTH_PERSONAL_CARE,2019-07-01,1561993200
168,R_3rZHdmB75jSgwhr,ELECTRONIC_CABLE,2019-07-01,1561993200
169,R_3s02y9lg8GCo9q0,BOOKSHELF_OR_MICRO_STEREO_SYS,2019-07-01,1561993200
170,R_3socPWD3wXD0iDP,SNACK_FOOD_BAR,2019-07-01,1561993200
171,R_5oK9SmlCA2Td9rb,PET_FOOD,2019-07-01,1561993200
172,R_8pMsG4P0RqzoSlz,BOTTLE_NIPPLE,2019-07-01,1561993200
173,R_8pMsG4P0RqzoSlz,HVAC_AIR_FILTER,2019-07-01,1561993200
174,R_A1CRADYHwN0zQL7,MEDICATION,2019-07-01,1561993200
175,R_A1CRADYHwN0zQL7,PILLOWCASE,2019-07-01,1561993200
176,R_A1CRADYHwN0zQL7,GROCERY,2019-07-01,1561993200
177,R_A1CRADYHwN0zQL7,CELLULAR_PHONE_CASE,2019-07-01,1561993200
178,R_A5Mg9h1PiJL0Wyd,NUTRITIONAL_SUPPLEMENT,2019-07-01,1561993200
179,R_A5Mg9h1PiJL0Wyd,SHIRT,2019-07-01,1561993200
180,R_A5Mg9h1PiJL0Wyd,SKIN_MOISTURIZER,2019-07-01,1561993200
181,R_A5Mg9h1PiJL0Wyd,TOYS_AND_GAMES,2019-07-01,1561993200
182,R_A5Mg9h1PiJL0Wyd,SNACK_FOOD_BAR,2019-07-01,1561993200
183,R_Ap2HcvpPLRDJv9L,HEADPHONES,2019-07-01,1561993200
184,R_Ap2HcvpPLRDJv9L,BACKPACK,2019-07-01,1561993200
185,R_Ap2HcvpPLRDJv9L,VITAMIN,2019-07-01,1561993200
186,R_BWAjcs1sKUc6NQl,AQUARIUM_POND_WATER_TREATMENT,2019-07-01,1561993200
187,R_BWAjcs1sKUc6NQl,SCREEN_PROTECTOR,2019-07-01,1561993200
188,R_BWAjcs1sKUc6NQl,TOY_VEHICLE_SET,2019-07-01,1561993200
189,R_Q4ZjTFeyiC5kgQV,VITAMIN,2019-07-01,1561993200
190,R_RK5cwWjrNzWCfLj,GROCERY,2019-07-01,1561993200
191,R_RK5cwWjrNzWCfLj,TEMPORARY_GATE,2019-07-01,1561993200
192,R_TtjiPpPxtkd5Vnz,ABIS_BOOK,2019-07-01,1561993200
193,R_TtjiPpPxtkd5Vnz,SKIN_CLEANING_AGENT,2019-07-01,1561993200
194,R_TtjiPpPxtkd5Vnz,ABIS_BOOK,2019-07-01,1561993200
195,R_TtjiPpPxtkd5Vnz,SCIENCE_FUNDAMENTALS_KIT,2019-07-01,1561993200
196,R_TtjiPpPxtkd5Vnz,SCREEN_PROTECTOR,2019-07-01,1561993200
197,R_TtjiPpPxtkd5Vnz,SKIN_MOISTURIZER,2019-07-01,1561993200
198,R_TtjiPpPxtkd5Vnz,GROCERY,2019-07-01,1561993200
199,R_TtjiPpPxtkd5Vnz,ELECTRONIC_CABLE,2019-07-01,1561993200
200,R_TtjiPpPxtkd5Vnz,PHYSICAL_TV_SERIES,2019-07-01,1561993200
201,R_TtjiPpPxtkd5Vnz,SKIN_CLEANING_AGENT,2019-07-01,1561993200
202,R_TtjiPpPxtkd5Vnz,SHOES,2019-07-01,1561993200
203,R_TtjiPpPxtkd5Vnz,STRINGED_INSTRUMENTS,2019-07-01,1561993200
204,R_TtjiPpPxtkd5Vnz,HERBAL_SUPPLEMENT,2019-07-01,1561993200
205,R_TtjiPpPxtkd5Vnz,NUTRITIONAL_SUPPLEMENT,2019-07-01,1561993200
206,R_TtjiPpPxtkd5Vnz,SKIN_CLEANING_AGENT,2019-07-01,1561993200
207,R_UEke64xAaOG3mTf,OUTDOOR_LIVING,2019-07-01,1561993200
208,R_UVM6YBvaArzpRjb,SHIRT,2019-07-01,1561993200
209,R_UVM6YBvaArzpRjb,INSTALLATION_SERVICES,2019-07-01,1561993200
210,R_UiGJcgWtDtZPfih,GARDEN_TOOL_SET,2019-07-01,1561993200
211,R_Uit4G2WjoT7WM6d,SCREEN_PROTECTOR,2019-07-01,1561993200
212,R_Uit4G2WjoT7WM6d,SHOES,2019-07-01,1561993200
213,R_XUhit9pAXhD746B,HEADPHONES,2019-07-01,1561993200
214,R_XUhit9pAXhD746B,PANTS,2019-07-01,1561993200
215,R_Xhz81T9LodPX0KB,MEDICATION,2019-07-01,1561993200
216,R_Xt4H8BJ1Vx7ws8h,ABIS_BOOK,2019-07-01,1561993200
217,R_Xt4H8BJ1Vx7ws8h,SCREEN_PROTECTOR,2019-07-01,1561993200
218,R_XwiCirQyfwJzVtv,SPORT_HELMET,2019-07-01,1561993200
219,R_XwiCirQyfwJzVtv,PET_FOOD,2019-07-01,1561993200
220,R_XwiCirQyfwJzVtv,VEHICLE_TIRE,2019-07-01,1561993200
221,R_XwiCirQyfwJzVtv,PET_FOOD,2019-07-01,1561993200
222,R_bJI8lmXMZWL6oql,CLEANING_AGENT,2019-07-01,1561993200
223,R_cCucjmijTJETC6d,ELECTRONIC_CABLE,2019-07-01,1561993200
224,R_ebblotCCh8G6Ddf,HEADPHONES,2019-07-01,1561993200
225,R_pMnqpu31myYoxy1,PHYSICAL_MOVIE,2019-07-01,1561993200
226,R_pMnqpu31myYoxy1,MEDICATION,2019-07-01,1561993200
227,R_puS9dcuNnDHSZ8Z,SHIRT,2019-07-01,1561993200
228,R_puS9dcuNnDHSZ8Z,ELECTRONIC_CABLE,2019-07-01,1561993200
229,R_puS9dcuNnDHSZ8Z,SCREEN_PROTECTOR,2019-07-01,1561993200
230,R_puS9dcuNnDHSZ8Z,HEADPHONES,2019-07-01,1561993200
231,R_puS9dcuNnDHSZ8Z,PANTS,2019-07-01,1561993200
232,R_puS9dcuNnDHSZ8Z,HEADPHONES,2019-07-01,1561993200
233,R_puS9dcuNnDHSZ8Z,ELECTRONIC_CABLE,2019-07-01,1561993200
234,R_r1oTDkv1OlGnNuN,VIDEO_GAME_HARDWARE,2019-07-01,1561993200
235,R_snaR9M3EsTpcPi9,DISHWARE_PLATE,2019-07-01,1561993200
236,R_snaR9M3EsTpcPi9,DRESS,2019-07-01,1561993200
237,R_snaR9M3EsTpcPi9,WEAPON_CASE,2019-07-01,1561993200
238,R_tFf2GViNMUolxaV,POPCORN,2019-07-01,1561993200
239,R_tFf2GViNMUolxaV,ELECTRONIC_WIRE,2019-07-01,1561993200
240,R_tFf2GViNMUolxaV,RAW_MATERIALS,2019-07-01,1561993200
241,R_tJNLenUlMH5f4el,MEDICATION,2019-07-01,1561993200
242,R_tJNLenUlMH5f4el,HEADPHONES,2019-07-01,1561993200
243,R_u2EdYogSnJBrpex,ELECTRONIC_COMPONENT_AMPLIFIER,2019-07-01,1561993200
244,R_u2EdYogSnJBrpex,LAMP,2019-07-01,1561993200
245,R_x969WzGgXuE1CuJ,POWER_INVERTER,2019-07-01,1561993200
246,R_xcs1aVCVrBlXkgV,PET_FOOD,2019-07-01,1561993200
247,R_1C4nKyrv0w2thJn,SEASONING,2019-07-02,1562079600
248,R_1C4nKyrv0w2thJn,SCREEN_PROTECTOR,2019-07-02,1562079600
249,R_1C4nKyrv0w2thJn,SHOES,2019-07-02,1562079600
250,R_1C4nKyrv0w2thJn,SHOES,2019-07-02,1562079600
251,R_1ClqO4ZMDuwGjfl,CELLULAR_PHONE_CASE,2019-07-02,1562079600
252,R_1F35QiIK5csZBEC,SNACK_FOOD_BAR,2019-07-02,1562079600
253,R_1GVsIStj8gTkbIE,HEADPHONES,2019-07-02,1562079600
254,R_1GVsIStj8gTkbIE,HANGING_ORNAMENT,2019-07-02,1562079600
255,R_1GghoTNZdgUeySl,BATTERY_CHARGER,2019-07-02,1562079600
256,R_1H7zBXFz4gN1Ezl,VITAMIN,2019-07-02,1562079600
257,R_1H7zBXFz4gN1Ezl,FIRST_AID_KIT,2019-07-02,1562079600
258,R_1KloshKwV8MUAx4,SCREEN_PROTECTOR,2019-07-02,1562079600
259,R_1KloshKwV8MUAx4,CELLULAR_PHONE_CASE,2019-07-02,1562079600
260,R_1KloshKwV8MUAx4,SHIRT,2019-07-02,1562079600
261,R_1KloshKwV8MUAx4,TOYS_AND_GAMES,2019-07-02,1562079600
262,R_1Q9JeeKncbbLcz0,SWEATSHIRT,2019-07-02,1562079600
263,R_1Q9JeeKncbbLcz0,SCREEN_PROTECTOR,2019-07-02,1562079600
264,R_1Q9JeeKncbbLcz0,FLASK,2019-07-02,1562079600
265,R_1QoPHtffEy2UzWJ,TOYS_AND_GAMES,2019-07-02,1562079600
266,R_1QozBaV2v9k1qO9,WASTE_BAG,2019-07-02,1562079600
267,R_1QozBaV2v9k1qO9,BATTERY,2019-07-02,1562079600
268,R_1QozBaV2v9k1qO9,PANTS,2019-07-02,1562079600
269,R_1lfNYOmsEIqOn65,PHYSICAL_MOVIE,2019-07-02,1562079600
270,R_1luTSUbcBgaFCl6,CHEWING_GUM,2019-07-02,1562079600
271,R_1luTSUbcBgaFCl6,SKIN_CLEANING_AGENT,2019-07-02,1562079600
272,R_1luTSUbcBgaFCl6,SKIN_MOISTURIZER,2019-07-02,1562079600
273,R_1lxYa2W6GgcAQ19,PHYSICAL_MOVIE,2019-07-02,1562079600
274,R_1lxYa2W6GgcAQ19,BATTERY,2019-07-02,1562079600
275,R_1lxYa2W6GgcAQ19,PHYSICAL_MOVIE,2019-07-02,1562079600
276,R_1lxYa2W6GgcAQ19,CELLULAR_PHONE_CASE,2019-07-02,1562079600
277,R_1mEmb9jWLRYCU4e,SNACK_FOOD_BAR,2019-07-02,1562079600
278,R_1mEmb9jWLRYCU4e,ABIS_BOOK,2019-07-02,1562079600
279,R_1mEmb9jWLRYCU4e,VITAMIN,2019-07-02,1562079600
280,R_1pKZVLBbrpZM8bP,ANTENNA,2019-07-02,1562079600
281,R_1pKZVLBbrpZM8bP,VITAMIN,2019-07-02,1562079600
282,R_1pKZVLBbrpZM8bP,SKIN_CLEANING_AGENT,2019-07-02,1562079600
283,R_1ps5hYxMGQuqcuP,HEADPHONES,2019-07-02,1562079600
284,R_1ps5hYxMGQuqcuP,PANTS,2019-07-02,1562079600
285,R_1ps5hYxMGQuqcuP,STORAGE_BAG,2019-07-02,1562079600
286,R_1ps5hYxMGQuqcuP,APPENDAGE_WARMER,2019-07-02,1562079600
287,R_1pu0ApV4WUQDdWW,VALVE,2019-07-02,1562079600
288,R_1q4eVtHN10S5gPB,HEADPHONES,2019-07-02,1562079600
289,R_1q4eVtHN10S5gPB,HEADPHONES,2019-07-02,1562079600
290,R_1q4eVtHN10S5gPB,GROCERY,2019-07-02,1562079600
291,R_1q4eVtHN10S5gPB,THREAD_CORD,2019-07-02,1562079600
292,R_1q4eVtHN10S5gPB,NUTRITIONAL_SUPPLEMENT,2019-07-02,1562079600
293,R_1q4eVtHN10S5gPB,SHOES,2019-07-02,1562079600
294,R_1r8u9f1vT8Y3HrC,SPORT_BOARD_SKI,2019-07-02,1562079600
295,R_1r8u9f1vT8Y3HrC,BODY_POSITIONER,2019-07-02,1562079600
296,R_1r8u9f1vT8Y3HrC,PANTS,2019-07-02,1562079600
297,R_1r8u9f1vT8Y3HrC,ABIS_BOOK,2019-07-02,1562079600
298,R_1r8u9f1vT8Y3HrC,SPORT_BOARD_SKI,2019-07-02,1562079600
299,R_20O6baqxT4T2CbA,CELLULAR_PHONE_CASE,2019-07-02,1562079600
300,R_21GPeeqYRjC1kb1,PHYSICAL_MOVIE,2019-07-02,1562079600
301,R_23ThXRxY2BTPyy5,WIG,2019-07-02,1562079600
302,R_24ovSGBcJmAm7rm,HAND_STRENGTHENER,2019-07-02,1562079600
303,R_279ENCaNyRMf98u,HEALTH_PERSONAL_CARE,2019-07-02,1562079600
304,R_29uBVByYo0xAXiZ,HEADPHONES,2019-07-02,1562079600
305,R_2BesSIAnd7POW2C,TOYS_AND_GAMES,2019-07-02,1562079600
306,R_2BtA3kIOBjhD26o,WEARABLE_WEIGHT,2019-07-02,1562079600
307,R_2D2K5rKv8NODIDZ,MAILBOX,2019-07-02,1562079600
308,R_2D2K5rKv8NODIDZ,SKIN_CLEANING_AGENT,2019-07-02,1562079600
309,R_2D2K5rKv8NODIDZ,BATTERY,2019-07-02,1562079600
310,R_2DMQ4Npnlu3WWyq,WATER,2019-07-02,1562079600
311,R_2DOWnSX3XtTVapF,MEDICATION,2019-07-02,1562079600
312,R_2EglJpTWGEiwQYa,TOYS_AND_GAMES,2019-07-02,1562079600
313,R_2ONDyHxQviDmrWg,BATTERY,2019-07-02,1562079600
314,R_2QM76i5yRebcpiD,GROCERY,2019-07-02,1562079600
315,R_2QM76i5yRebcpiD,POWER_STRIP,2019-07-02,1562079600
316,R_2QX9bXWJvSVIbXl,NUTRITIONAL_SUPPLEMENT,2019-07-02,1562079600
317,R_2QXq900Df6biUD7,CARRIER_BAG_CASE,2019-07-02,1562079600
318,R_2QXq900Df6biUD7,MEDICATION,2019-07-02,1562079600
319,R_2Ser7goSgo0gVBj,SKIN_CLEANING_AGENT,2019-07-02,1562079600
320,R_2Ser7goSgo0gVBj,HEADPHONES,2019-07-02,1562079600
321,R_2UfTIFhpicfXgPX,PHYSICAL_MOVIE,2019-07-02,1562079600
322,R_2WAagX64hf1kdMI,CRAFT_HOOP_FRAME,2019-07-02,1562079600
323,R_2WAagX64hf1kdMI,GROCERY,2019-07-02,1562079600
324,R_2WVIxBGaj1uOr8S,SHOES,2019-07-02,1562079600
325,R_2WVIxBGaj1uOr8S,WIPER_BLADE,2019-07-02,1562079600
326,R_2WVIxBGaj1uOr8S,KAYAK,2019-07-02,1562079600
327,R_2WVIxBGaj1uOr8S,KAYAK,2019-07-02,1562079600
328,R_2WVIxBGaj1uOr8S,SNACK_FOOD_BAR,2019-07-02,1562079600
329,R_2XoI6KbLJRGFz5X,SHIRT,2019-07-02,1562079600
330,R_2YJLVqCGAyLiODQ,BATTERY,2019-07-02,1562079600
331,R_2YR2Yn7wGzAeAj0,CADDY,2019-07-02,1562079600
332,R_2YR2Yn7wGzAeAj0,MARKING_PEN,2019-07-02,1562079600
333,R_2YR2Yn7wGzAeAj0,PANTS,2019-07-02,1562079600
334,R_2YzwllA3OWyo30M,PHYSICAL_MOVIE,2019-07-02,1562079600
335,R_2YzwllA3OWyo30M,SKIN_CLEANING_AGENT,2019-07-02,1562079600
336,R_2YzwllA3OWyo30M,NUTRITIONAL_SUPPLEMENT,2019-07-02,1562079600
337,R_2YzwllA3OWyo30M,BATTERY,2019-07-02,1562079600
338,R_2YzwllA3OWyo30M,SKIN_CLEANING_AGENT,2019-07-02,1562079600
339,R_2YzwllA3OWyo30M,SKIN_CLEANING_AGENT,2019-07-02,1562079600
340,R_2YzwllA3OWyo30M,SHIPPING_BOX,2019-07-02,1562079600
341,R_2YzwllA3OWyo30M,BOOKMARK,2019-07-02,1562079600
342,R_2YzwllA3OWyo30M,FOOD_STORAGE_CONTAINER,2019-07-02,1562079600
343,R_2YzwllA3OWyo30M,ELECTRONIC_SWITCH,2019-07-02,1562079600
344,R_2YzwllA3OWyo30M,TABLETOP_GAME,2019-07-02,1562079600
345,R_2YzwllA3OWyo30M,SKIN_MOISTURIZER,2019-07-02,1562079600
346,R_2YzwllA3OWyo30M,COFFEE_FILTER,2019-07-02,1562079600
347,R_2YzwllA3OWyo30M,PITCHER,2019-07-02,1562079600
348,R_2YzwllA3OWyo30M,SKIN_MOISTURIZER,2019-07-02,1562079600
349,R_2YzwllA3OWyo30M,WEIGH_SCALE,2019-07-02,1562079600
350,R_2YzwllA3OWyo30M,BATTERY,2019-07-02,1562079600
351,R_2YzwllA3OWyo30M,SKIN_CLEANING_AGENT,2019-07-02,1562079600
352,R_2ZHo9wnvuEIY0DH,BATTERY,2019-07-02,1562079600
353,R_2ZNPweVWnwFNjiC,PORTABLE_ELECTRONIC_DEVICE_MOUNT,2019-07-02,1562079600
354,R_2bTLZFP7p4CPlTT,SHOES,2019-07-02,1562079600
355,R_2bTLZFP7p4CPlTT,PET_FOOD,2019-07-02,1562079600
356,R_2djaIfKORskyeuO,HEADPHONES,2019-07-02,1562079600
357,R_2djaIfKORskyeuO,TOOTH_CLEANING_AGENT,2019-07-02,1562079600
358,R_2djaIfKORskyeuO,SCREEN_PROTECTOR,2019-07-02,1562079600
359,R_2djaIfKORskyeuO,ENVELOPE,2019-07-02,1562079600
360,R_2djaIfKORskyeuO,ABIS_BOOK,2019-07-02,1562079600
361,R_2djaIfKORskyeuO,THERMOPLASTIC_FILAMENT,2019-07-02,1562079600
362,R_2djaIfKORskyeuO,SNACK_FOOD_BAR,2019-07-02,1562079600
363,R_2djaIfKORskyeuO,BATTERY,2019-07-02,1562079600
364,R_2djaIfKORskyeuO,PET_FOOD,2019-07-02,1562079600
365,R_2djaIfKORskyeuO,BUILDING_MATERIAL,2019-07-02,1562079600
366,R_2mAJniG0xVBIInL,CELLULAR_PHONE_CASE,2019-07-02,1562079600
367,R_2mAJniG0xVBIInL,SHIRT,2019-07-02,1562079600
368,R_2mAJniG0xVBIInL,SAUTE_FRY_PAN,2019-07-02,1562079600
369,R_2mAJniG0xVBIInL,PET_FOOD,2019-07-02,1562079600
370,R_2mAJniG0xVBIInL,ADHESIVE_TAPES,2019-07-02,1562079600
371,R_2tEuzX0j3530EZC,SNACK_FOOD_BAR,2019-07-02,1562079600
372,R_2tEuzX0j3530EZC,TOYS_AND_GAMES,2019-07-02,1562079600
373,R_2tfHzrdo6EEaiWi,STEERING_WHEEL_COVER,2019-07-02,1562079600
374,R_2tfHzrdo6EEaiWi,SKIN_CLEANING_AGENT,2019-07-02,1562079600
375,R_2tfHzrdo6EEaiWi,HAIR_STYLING_AGENT,2019-07-02,1562079600
376,R_2tfHzrdo6EEaiWi,PET_TOY,2019-07-02,1562079600
377,R_2vYeXyFdrSyrVwh,NUTRITIONAL_SUPPLEMENT,2019-07-02,1562079600
378,R_2vYeXyFdrSyrVwh,SOLDERING_STATION,2019-07-02,1562079600
379,R_2wtVmKidhQR0wju,NUTRITIONAL_SUPPLEMENT,2019-07-02,1562079600
380,R_2wtVmKidhQR0wju,HEADPHONES,2019-07-02,1562079600
381,R_2wtVmKidhQR0wju,HEALTH_PERSONAL_CARE,2019-07-02,1562079600
382,R_2wtVmKidhQR0wju,VITAMIN,2019-07-02,1562079600
383,R_2zx8WHXVF7bHyh3,SHIRT,2019-07-02,1562079600
384,R_2zx8WHXVF7bHyh3,NUTRITIONAL_SUPPLEMENT,2019-07-02,1562079600
385,R_31QS1Ms6iQEU3mI,PHYSICAL_MOVIE,2019-07-02,1562079600
386,R_31QS1Ms6iQEU3mI,EXERCISE_MACHINE,2019-07-02,1562079600
387,R_31QS1Ms6iQEU3mI,AUTO_PART,2019-07-02,1562079600
388,R_32R69KRWIzuH9Im,SPORT_ACTIVITY_GLOVE,2019-07-02,1562079600
389,R_32R69KRWIzuH9Im,AMAZON_BOOK_READER_ACCESSORY,2019-07-02,1562079600
390,R_32R69KRWIzuH9Im,VITAMIN,2019-07-02,1562079600
391,R_32R69KRWIzuH9Im,SCREEN_PROTECTOR,2019-07-02,1562079600
392,R_32R69KRWIzuH9Im,PANTS,2019-07-02,1562079600
393,R_32UZncFA03IrQwQ,PET_FOOD,2019-07-02,1562079600
394,R_33a2eGfoj5xSrE2,ELECTRONIC_CABLE,2019-07-02,1562079600
395,R_33a2eGfoj5xSrE2,CELLULAR_PHONE_CASE,2019-07-02,1562079600
396,R_3CVMAH13SNAWjLZ,SHOES,2019-07-02,1562079600
397,R_3CVMAH13SNAWjLZ,TOILET_PAPER_HOLDER,2019-07-02,1562079600
398,R_3EzeiT36qvnPNn2,HEALTH_PERSONAL_CARE,2019-07-02,1562079600
399,R_3Ge2RzIsoM2g5lL,CELLULAR_PHONE_CASE,2019-07-02,1562079600
400,R_3Ge2RzIsoM2g5lL,PET_FOOD,2019-07-02,1562079600
401,R_3Ge2RzIsoM2g5lL,ABIS_DVD,2019-07-02,1562079600
402,R_3GqfePl8gH1VWP1,GROMMETS,2019-07-02,1562079600
403,R_3GqfePl8gH1VWP1,HEADPHONES,2019-07-02,1562079600
404,R_3GqfePl8gH1VWP1,SKIN_MOISTURIZER,2019-07-02,1562079600
405,R_3Hphzg7zu04Hgy1,PHYSICAL_MOVIE,2019-07-02,1562079600
406,R_3HzRfw5sNEvrFRf,TOY_BUILDING_BLOCK,2019-07-02,1562079600
407,R_3J8UIMbwljBx6df,VIDEO_GAME_CONTROLLER,2019-07-02,1562079600
408,R_3KpaTa6zCZitiZG,SHOES,2019-07-02,1562079600
409,R_3KpaTa6zCZitiZG,NUTRITIONAL_SUPPLEMENT,2019-07-02,1562079600
410,R_3M3RSZ7wNRSaxNx,WRITING_INSTRUMENT,2019-07-02,1562079600
411,R_3M3RSZ7wNRSaxNx,NUTRITIONAL_SUPPLEMENT,2019-07-02,1562079600
412,R_3MhBAq6V6XHU9ln,POOL_COVER,2019-07-02,1562079600
413,R_3MhBAq6V6XHU9ln,BATTERY,2019-07-02,1562079600
414,R_3MnSLQdJkly3wfg,VITAMIN,2019-07-02,1562079600
415,R_3MnSLQdJkly3wfg,STORAGE_HOOK,2019-07-02,1562079600
416,R_3NCfhSJSgGWexUL,LIP_BALM,2019-07-02,1562079600
417,R_3PAyJj7mQvMzMco,ELECTRONIC_CABLE,2019-07-02,1562079600
418,R_3ebnP0qUIQ7u38i,NUTRITIONAL_SUPPLEMENT,2019-07-02,1562079600
419,R_3ebnP0qUIQ7u38i,POTPOURRI_SACHET,2019-07-02,1562079600
420,R_3ebnP0qUIQ7u38i,CELLULAR_PHONE_CASE,2019-07-02,1562079600
421,R_3ebnP0qUIQ7u38i,NUTRITIONAL_SUPPLEMENT,2019-07-02,1562079600
422,R_3ebnP0qUIQ7u38i,SNACK_FOOD_BAR,2019-07-02,1562079600
423,R_3ebnP0qUIQ7u38i,CELLULAR_PHONE_CASE,2019-07-02,1562079600
424,R_3eehQVQNcKmEJtd,SKIN_MOISTURIZER,2019-07-02,1562079600
425,R_3ek9YZGdsDHjUZf,TEA,2019-07-02,1562079600
426,R_3ek9YZGdsDHjUZf,PANTS,2019-07-02,1562079600
427,R_3ek9YZGdsDHjUZf,VEHICLE_EXTERIOR_GUARD,2019-07-02,1562079600
428,R_3enuyEOsaEVxTNX,SKIN_MOISTURIZER,2019-07-02,1562079600
429,R_3ik7mYg7wgFsyfj,GREENHOUSE,2019-07-02,1562079600
430,R_3ik7mYg7wgFsyfj,PET_FOOD,2019-07-02,1562079600
431,R_3lXswIAy7Qq6UEZ,SKIN_CLEANING_AGENT,2019-07-02,1562079600
432,R_3lXswIAy7Qq6UEZ,BATTERY,2019-07-02,1562079600
433,R_3m3H4mwZ2snYFua,SNACK_FOOD_BAR,2019-07-02,1562079600
434,R_3m3H4mwZ2snYFua,TREADMILL,2019-07-02,1562079600
435,R_3m3H4mwZ2snYFua,PHOTOGRAPHIC_FILM,2019-07-02,1562079600
436,R_3m3H4mwZ2snYFua,COFFEE_FILTER,2019-07-02,1562079600
437,R_3n17fNI56KA8rTV,PET_FOOD,2019-07-02,1562079600
438,R_3nH1Odp9Yjm86gN,SHIRT,2019-07-02,1562079600
439,R_3qPt2VOIZdr6Kio,GROCERY,2019-07-02,1562079600
440,R_3rZHdmB75jSgwhr,WRITING_INSTRUMENT,2019-07-02,1562079600
441,R_3socPWD3wXD0iDP,WRITING_INSTRUMENT,2019-07-02,1562079600
442,R_4YjfHl0af8gN30Z,TOYS_AND_GAMES,2019-07-02,1562079600
443,R_5uabKnJBMc7HyEN,BED_LINEN_SET,2019-07-02,1562079600
444,R_5uabKnJBMc7HyEN,MEDICATION,2019-07-02,1562079600
445,R_AM0OvM0F9kBvqal,PHYSICAL_MOVIE,2019-07-02,1562079600
446,R_AM0OvM0F9kBvqal,HEALTH_PERSONAL_CARE,2019-07-02,1562079600
447,R_AM0OvM0F9kBvqal,COOKIE,2019-07-02,1562079600
448,R_AM0OvM0F9kBvqal,PET_FOOD,2019-07-02,1562079600
449,R_ApVmIUhdKhewFtn,VITAMIN,2019-07-02,1562079600
450,R_BWhnv4EdbhSS6rf,NUTRITIONAL_SUPPLEMENT,2019-07-02,1562079600
451,R_BWhnv4EdbhSS6rf,SAUCE,2019-07-02,1562079600
452,R_BWhnv4EdbhSS6rf,BATTERY,2019-07-02,1562079600
453,R_BWhnv4EdbhSS6rf,MEDICATION,2019-07-02,1562079600
454,R_BWhnv4EdbhSS6rf,CELLULAR_PHONE_CASE,2019-07-02,1562079600
455,R_BWhnv4EdbhSS6rf,SHELF,2019-07-02,1562079600
456,R_O6ZX76mggPnAOfD,ABIS_MUSIC,2019-07-02,1562079600
457,R_OdTirYYBS6ms6nn,TIRE_COVER,2019-07-02,1562079600
458,R_OdTirYYBS6ms6nn,MAGAZINES,2019-07-02,1562079600
459,R_OdTirYYBS6ms6nn,CE_ACCESSORY,2019-07-02,1562079600
460,R_OdTirYYBS6ms6nn,LUXURY_BEAUTY,2019-07-02,1562079600
461,R_OdTirYYBS6ms6nn,ABIS_BOOK,2019-07-02,1562079600
462,R_Og8Cqd3iUgldHRn,SKIN_MOISTURIZER,2019-07-02,1562079600
463,R_Og8Cqd3iUgldHRn,PET_FOOD,2019-07-02,1562079600
464,R_RlYyUhsDFvyGwX7,NUTRITIONAL_SUPPLEMENT,2019-07-02,1562079600
465,R_Rw7CA3irllJSRH3,SPOON_REST,2019-07-02,1562079600
466,R_Rw7CA3irllJSRH3,MEDICATION,2019-07-02,1562079600
467,R_Rw7CA3irllJSRH3,ABIS_BOOK,2019-07-02,1562079600
468,R_Rw7CA3irllJSRH3,SKIN_CLEANING_AGENT,2019-07-02,1562079600
469,R_Rw7CA3irllJSRH3,SNACK_FOOD_BAR,2019-07-02,1562079600
470,R_UFrfTy7RlXqKDOV,RICE_COOKERS,2019-07-02,1562079600
471,R_UFrfTy7RlXqKDOV,ONE_PIECE_OUTFIT,2019-07-02,1562079600
472,R_Wr3OvD5tOnb6kmZ,ELECTRONIC_CABLE,2019-07-02,1562079600
473,R_Wr3OvD5tOnb6kmZ,BRASS_AND_WOODWIND_INSTRUMENTS,2019-07-02,1562079600
474,R_Wr3OvD5tOnb6kmZ,HEALTH_PERSONAL_CARE,2019-07-02,1562079600
475,R_Xt4H8BJ1Vx7ws8h,MEDICATION,2019-07-02,1562079600
476,R_Xt4H8BJ1Vx7ws8h,ANIMAL_LITTER,2019-07-02,1562079600
477,R_Y4jCkfTFzvtw5SF,NUTRITIONAL_SUPPLEMENT,2019-07-02,1562079600
478,R_Zwn68Xfx8lenBER,REMOTE_CONTROL,2019-07-02,1562079600
479,R_Zwn68Xfx8lenBER,PET_FOOD,2019-07-02,1562079600
480,R_Zwn68Xfx8lenBER,HEALTH_PERSONAL_CARE,2019-07-02,1562079600
481,R_Zwn68Xfx8lenBER,TUNIC,2019-07-02,1562079600
482,R_Zwn68Xfx8lenBER,SKIN_CLEANING_AGENT,2019-07-02,1562079600
483,R_bJI8lmXMZWL6oql,HEALTH_PERSONAL_CARE,2019-07-02,1562079600
484,R_pMnqpu31myYoxy1,BALLOON,2019-07-02,1562079600
485,R_pRWnSKTREPIwpSF,LEOTARD,2019-07-02,1562079600
486,R_snaR9M3EsTpcPi9,GROCERY,2019-07-02,1562079600
487,R_snaR9M3EsTpcPi9,CELLULAR_PHONE_CASE,2019-07-02,1562079600
488,R_x969WzGgXuE1CuJ,PHYSICAL_MOVIE,2019-07-02,1562079600
489,R_yRaAO89bhwJb9xD,STORAGE_HOOK,2019-07-02,1562079600
490,R_zTf2i6s3E2OQZQR,SNACK_FOOD_BAR,2019-07-02,1562079600
491,R_zfnsck2ZatnGtY5,ELECTRONIC_CABLE,2019-07-02,1562079600
492,R_10TV1zyi4yCEEkl,PIERCING_JEWELRY,2019-07-03,1562166000
493,R_1C4nKyrv0w2thJn,ELECTRONIC_CABLE,2019-07-03,1562166000
494,R_1C4nKyrv0w2thJn,BATTERY,2019-07-03,1562166000
495,R_1C75XRebT1eliL0,ELECTRONIC_CABLE,2019-07-03,1562166000
496,R_1C8w4NDDQC5fcgE,COMPUTER_ADD_ON,2019-07-03,1562166000
497,R_1CIQjlABWt7jZWc,SKIN_MOISTURIZER,2019-07-03,1562166000
498,R_1Cd5zmz07X5BqKa,ANIMAL_HARNESS,2019-07-03,1562166000
499,R_1Cd5zmz07X5BqKa,PHYSICAL_MOVIE,2019-07-03,1562166000
500,R_1Cd5zmz07X5BqKa,ANIMAL_HARNESS,2019-07-03,1562166000
501,R_1Cd5zmz07X5BqKa,SKIN_MOISTURIZER,2019-07-03,1562166000
502,R_1Cd5zmz07X5BqKa,HEADPHONES,2019-07-03,1562166000
503,R_1Cd5zmz07X5BqKa,VIVARIUM,2019-07-03,1562166000
504,R_1Cd5zmz07X5BqKa,SKIN_CLEANING_AGENT,2019-07-03,1562166000
505,R_1Cd5zmz07X5BqKa,PET_SUPPLIES,2019-07-03,1562166000
506,R_1Cd5zmz07X5BqKa,PERSONAL_CARE_APPLIANCE,2019-07-03,1562166000
507,R_1Cd5zmz07X5BqKa,MEDICATION,2019-07-03,1562166000
508,R_1Cd5zmz07X5BqKa,COSMETIC_CASE,2019-07-03,1562166000
509,R_1DJdUrYA1I0QAKh,HERBAL_SUPPLEMENT,2019-07-03,1562166000
510,R_1Fyt6rHyiQcVOT8,SHOES,2019-07-03,1562166000
511,R_1GVsIStj8gTkbIE,MEDICATION,2019-07-03,1562166000
512,R_1IaYiTSaUaD2W2i,ELECTRONIC_CABLE,2019-07-03,1562166000
513,R_1IaYiTSaUaD2W2i,PHYSICAL_MOVIE,2019-07-03,1562166000
514,R_1NDq0rxoUSu6oyz,SUNSCREEN,2019-07-03,1562166000
515,R_1NlGZCWpxXc8mjn,ELECTRONIC_CABLE,2019-07-03,1562166000
516,R_1NlGZCWpxXc8mjn,ZIPPER_FASTENER,2019-07-03,1562166000
517,R_1NlGZCWpxXc8mjn,SQUEEZE_TOY,2019-07-03,1562166000
518,R_1OlyKZYuQUE5Cgc,VITAMIN,2019-07-03,1562166000
519,R_1Oov0G05pkQnKNn,BATTERY,2019-07-03,1562166000
520,R_1Oov0G05pkQnKNn,TOYS_AND_GAMES,2019-07-03,1562166000
521,R_1Oov0G05pkQnKNn,PET_FOOD,2019-07-03,1562166000
522,R_1Oov0G05pkQnKNn,HEADPHONES,2019-07-03,1562166000
523,R_1Oov0G05pkQnKNn,PHYSICAL_MOVIE,2019-07-03,1562166000
524,R_1Oov0G05pkQnKNn,CARABINER,2019-07-03,1562166000
525,R_1Oov0G05pkQnKNn,MASSAGE_STICK,2019-07-03,1562166000
526,R_1Q62CIVb2WAS8hB,PHYSICAL_MOVIE,2019-07-03,1562166000
527,R_1Q62CIVb2WAS8hB,GROCERY,2019-07-03,1562166000
528,R_1Q62CIVb2WAS8hB,DIGITAL_DEVICE_3,2019-07-03,1562166000
529,R_1Q9JeeKncbbLcz0,INSTRUMENT_PARTS_AND_ACCESSORIES,2019-07-03,1562166000
530,R_1QKu8qtvgo0d1uS,BED_SLATS,2019-07-03,1562166000
531,R_1dAhJdFXHV5xmMG,COLLECTIBLE_CARD,2019-07-03,1562166000
532,R_1jARg5bGH5uqAKW,HEALTH_PERSONAL_CARE,2019-07-03,1562166000
533,R_1jARg5bGH5uqAKW,BATHING_SPONGE,2019-07-03,1562166000
534,R_1l4zCtGUTvAWdS6,PANTS,2019-07-03,1562166000
535,R_1l4zCtGUTvAWdS6,PANTS,2019-07-03,1562166000
536,R_1l4zCtGUTvAWdS6,CELLULAR_PHONE_CASE,2019-07-03,1562166000
537,R_1l4zCtGUTvAWdS6,ELECTRONIC_CABLE,2019-07-03,1562166000
538,R_1l4zCtGUTvAWdS6,MOUNTED_STORAGE_SYSTEM_KIT,2019-07-03,1562166000
539,R_1l4zCtGUTvAWdS6,PANTS,2019-07-03,1562166000
540,R_1l4zCtGUTvAWdS6,ABIS_BOOK,2019-07-03,1562166000
541,R_1mEmb9jWLRYCU4e,ELECTRONIC_DEVICE_COOLING_PAD,2019-07-03,1562166000
542,R_1mEmb9jWLRYCU4e,NUTRITIONAL_SUPPLEMENT,2019-07-03,1562166000
543,R_20O6baqxT4T2CbA,COFFEE,2019-07-03,1562166000
544,R_20V73ixsOYXCBbP,VIDEO_CARD,2019-07-03,1562166000
545,R_20V73ixsOYXCBbP,HAND_SANITIZER,2019-07-03,1562166000
546,R_21ttkGbeIL6HdlR,HAMMER_MALLET,2019-07-03,1562166000
547,R_21uibgT9dgqRD9J,WRITING_INSTRUMENT,2019-07-03,1562166000
548,R_21uibgT9dgqRD9J,SKIN_MOISTURIZER,2019-07-03,1562166000
549,R_24csoaO569P4Yzz,PANTS,2019-07-03,1562166000
550,R_29uBVByYo0xAXiZ,TOYS_AND_GAMES,2019-07-03,1562166000
551,R_29uBVByYo0xAXiZ,NUTRITIONAL_SUPPLEMENT,2019-07-03,1562166000
552,R_29uBVByYo0xAXiZ,CAMERA_SUPPORT,2019-07-03,1562166000
553,R_2CKdeuvfVrO8I49,SKIN_EXFOLIANT,2019-07-03,1562166000
554,R_2D6v6VH3RC5ZGC4,TOWEL_HOLDER,2019-07-03,1562166000
555,R_2DMQ4Npnlu3WWyq,SHOES,2019-07-03,1562166000
556,R_2EglJpTWGEiwQYa,PITCHER,2019-07-03,1562166000
557,R_2Qu0fgUOnDpaKDH,SHOES,2019-07-03,1562166000
558,R_2RUDh7piHU7frzt,SNACK_FOOD_BAR,2019-07-03,1562166000
559,R_2RUDh7piHU7frzt,SNACK_FOOD_BAR,2019-07-03,1562166000
560,R_2UaV2vSZDxrE35n,PET_FOOD,2019-07-03,1562166000
561,R_2VwjXhJ5OznStEi,TOYS_AND_GAMES,2019-07-03,1562166000
562,R_2VyUSFk11bbTVej,SCREEN_PROTECTOR,2019-07-03,1562166000
563,R_2WAagX64hf1kdMI,WEIGH_SCALE,2019-07-03,1562166000
564,R_2WAagX64hf1kdMI,NUTRITIONAL_SUPPLEMENT,2019-07-03,1562166000
565,R_2WMQprO1e6US68f,PANTS,2019-07-03,1562166000
566,R_2WMQprO1e6US68f,TRAILER_HITCH_COVER,2019-07-03,1562166000
567,R_2YR2Yn7wGzAeAj0,SKIN_MOISTURIZER,2019-07-03,1562166000
568,R_2YR2Yn7wGzAeAj0,SIGNAGE,2019-07-03,1562166000
569,R_2YR2Yn7wGzAeAj0,PANTS,2019-07-03,1562166000
570,R_2YR2Yn7wGzAeAj0,PANTS,2019-07-03,1562166000
571,R_2b1XOZR0PYTA1jX,PANTS,2019-07-03,1562166000
572,R_2b1XOZR0PYTA1jX,SHIRT,2019-07-03,1562166000
573,R_2bTLZFP7p4CPlTT,CHARGING_ADAPTER,2019-07-03,1562166000
574,R_2cd9jCAamQMAsxe,PANTS,2019-07-03,1562166000
575,R_2cd9jCAamQMAsxe,HEALTH_PERSONAL_CARE,2019-07-03,1562166000
576,R_2cd9jCAamQMAsxe,TOYS_AND_GAMES,2019-07-03,1562166000
577,R_2dmZyPIDedcDR2J,SCREEN_PROTECTOR,2019-07-03,1562166000
578,R_2dmZyPIDedcDR2J,TRACK_SUIT,2019-07-03,1562166000
579,R_2ebzj3o225IisIQ,PET_FOOD,2019-07-03,1562166000
580,R_2ebzj3o225IisIQ,SUNSCREEN,2019-07-03,1562166000
581,R_2ebzj3o225IisIQ,SHIRT,2019-07-03,1562166000
582,R_2ebzj3o225IisIQ,SNACK_FOOD_BAR,2019-07-03,1562166000
583,R_2mAJniG0xVBIInL,GROCERY,2019-07-03,1562166000
584,R_2pWAVsUj7WsZHLs,SHIRT,2019-07-03,1562166000
585,R_2uQjJxSekSWj3qM,SUITCASE,2019-07-03,1562166000
586,R_2uQjJxSekSWj3qM,SKIN_MOISTURIZER,2019-07-03,1562166000
587,R_2uQjJxSekSWj3qM,HANDLEBAR_GRIP,2019-07-03,1562166000
588,R_2woyYEH5qlAG264,ANIMAL_INCONTINENCE_PROTECTOR,2019-07-03,1562166000
589,R_2woyYEH5qlAG264,SUGAR_SUBSTITUTE,2019-07-03,1562166000
590,R_2wtVmKidhQR0wju,SKIN_CLEANING_AGENT,2019-07-03,1562166000
591,R_2xxvsVGQ2kSdXpV,ABIS_BOOK,2019-07-03,1562166000
592,R_2xxvsVGQ2kSdXpV,HEADPHONES,2019-07-03,1562166000
593,R_2xxvsVGQ2kSdXpV,HEADPHONES,2019-07-03,1562166000
594,R_2yplkUxhAWZaFUL,PET_FOOD,2019-07-03,1562166000
595,R_31n2MLk9w05iLzN,HEALTH_PERSONAL_CARE,2019-07-03,1562166000
596,R_32VcKmw1biSyknq,SHOES,2019-07-03,1562166000
597,R_32VcKmw1biSyknq,CELLULAR_PHONE_CASE,2019-07-03,1562166000
598,R_32VcKmw1biSyknq,SHIRT,2019-07-03,1562166000
599,R_32VcKmw1biSyknq,VITAMIN,2019-07-03,1562166000
600,R_32VcKmw1biSyknq,STRING_LIGHT,2019-07-03,1562166000
601,R_32VcKmw1biSyknq,VITAMIN,2019-07-03,1562166000
602,R_32VcKmw1biSyknq,SCREEN_PROTECTOR,2019-07-03,1562166000
603,R_32VcKmw1biSyknq,END_MILLS,2019-07-03,1562166000
604,R_32VcKmw1biSyknq,HARDWARE_HANDLE,2019-07-03,1562166000
605,R_32VcKmw1biSyknq,SLEEPING_MAT,2019-07-03,1562166000
606,R_3EQJpaOtt2aP8HS,ELECTRONIC_CABLE,2019-07-03,1562166000
607,R_3EsC5YHmiHe5s54,SKIN_CLEANING_AGENT,2019-07-03,1562166000
608,R_3EsC5YHmiHe5s54,CELLULAR_PHONE_CASE,2019-07-03,1562166000
609,R_3GD1CL4OyjglmbZ,SCREEN_PROTECTOR,2019-07-03,1562166000
610,R_3GiFHVWzYKHT1F5,SCREEN_PROTECTOR,2019-07-03,1562166000
611,R_3GiFHVWzYKHT1F5,PHYSICAL_MOVIE,2019-07-03,1562166000
612,R_3GiSNq0yPsXSvhf,GOURMET_FOOD,2019-07-03,1562166000
613,R_3GiSNq0yPsXSvhf,UNDERWEAR,2019-07-03,1562166000
614,R_3GiSNq0yPsXSvhf,SKIN_MOISTURIZER,2019-07-03,1562166000
615,R_3GiSNq0yPsXSvhf,NUTRITIONAL_SUPPLEMENT,2019-07-03,1562166000
616,R_3GiSNq0yPsXSvhf,PANTS,2019-07-03,1562166000
617,R_3GiSNq0yPsXSvhf,SNACK_FOOD_BAR,2019-07-03,1562166000
618,R_3GiSNq0yPsXSvhf,NUTRITIONAL_SUPPLEMENT,2019-07-03,1562166000
619,R_3GiSNq0yPsXSvhf,PANTS,2019-07-03,1562166000
620,R_3GiSNq0yPsXSvhf,CELLULAR_PHONE_CASE,2019-07-03,1562166000
621,R_3HAk4tN4hE1Arcm,FURNITURE_LEG,2019-07-03,1562166000
622,R_3Hphzg7zu04Hgy1,SHOES,2019-07-03,1562166000
623,R_3JjRmgOh3ZydDiW,CELLULAR_PHONE_CASE,2019-07-03,1562166000
624,R_3KCUnPI9FEz7vTo,MEDICATION,2019-07-03,1562166000
625,R_3L20DbmNPSMtKUd,PHYSICAL_MOVIE,2019-07-03,1562166000
626,R_3L20DbmNPSMtKUd,NAIL_TREATMENT,2019-07-03,1562166000
627,R_3MnSLQdJkly3wfg,VACUUM_FILTER,2019-07-03,1562166000
628,R_3MnSLQdJkly3wfg,SNACK_FOOD_BAR,2019-07-03,1562166000
629,R_3NCfhSJSgGWexUL,TOYS_AND_GAMES,2019-07-03,1562166000
630,R_3NCfhSJSgGWexUL,SHOES,2019-07-03,1562166000
631,R_3O9aPnM7ixjsbYK,SHOES,2019-07-03,1562166000
632,R_3PAyJj7mQvMzMco,SKIN_MOISTURIZER,2019-07-03,1562166000
633,R_3PUi8o2if0JqKfl,PET_FOOD,2019-07-03,1562166000
634,R_3QtdtxnX6fJnkNr,SHOES,2019-07-03,1562166000
635,R_3QtdtxnX6fJnkNr,SCREEN_PROTECTOR,2019-07-03,1562166000
636,R_3enuyEOsaEVxTNX,PANTS,2019-07-03,1562166000
637,R_3ixUxNOUiEYD7KJ,SCREEN_PROTECTOR,2019-07-03,1562166000
638,R_3ixUxNOUiEYD7KJ,TOY_BUILDING_BLOCK,2019-07-03,1562166000
639,R_3ixUxNOUiEYD7KJ,NUTRITIONAL_SUPPLEMENT,2019-07-03,1562166000
640,R_3ixUxNOUiEYD7KJ,SHOES,2019-07-03,1562166000
641,R_3ixUxNOUiEYD7KJ,YARN,2019-07-03,1562166000
642,R_3ixUxNOUiEYD7KJ,NUTRITIONAL_SUPPLEMENT,2019-07-03,1562166000
643,R_3ixUxNOUiEYD7KJ,MEDICATION,2019-07-03,1562166000
644,R_3ixUxNOUiEYD7KJ,HEADPHONES,2019-07-03,1562166000
645,R_3oWSVjKtFIw0OE8,BATTERY,2019-07-03,1562166000
646,R_3oWSVjKtFIw0OE8,HEADPHONES,2019-07-03,1562166000
647,R_3oWSVjKtFIw0OE8,DUFFEL_BAG,2019-07-03,1562166000
648,R_3qTFp0FJqUeMhVZ,PANTS,2019-07-03,1562166000
649,R_3qe2tDpGxexEAso,SKIN_MOISTURIZER,2019-07-03,1562166000
650,R_4PhRzF4UI9ooLh7,ELECTRONIC_CABLE,2019-07-03,1562166000
651,R_4PhRzF4UI9ooLh7,PROTEIN_DRINK,2019-07-03,1562166000
652,R_4PhRzF4UI9ooLh7,MEDICATION,2019-07-03,1562166000
653,R_4PhRzF4UI9ooLh7,VOICE_RECORDER,2019-07-03,1562166000
654,R_4PhRzF4UI9ooLh7,SKIN_CLEANING_WIPE,2019-07-03,1562166000
655,R_4PhRzF4UI9ooLh7,NUTRITIONAL_SUPPLEMENT,2019-07-03,1562166000
656,R_4PhRzF4UI9ooLh7,PANTS,2019-07-03,1562166000
657,R_8cr0J12EMKs9NND,SHOES,2019-07-03,1562166000
658,R_AEBbAiW2xdXI2at,PIPET,2019-07-03,1562166000
659,R_AKBlDprDMrv4M7v,ABIS_BOOK,2019-07-03,1562166000
660,R_AKBlDprDMrv4M7v,SNACK_FOOD_BAR,2019-07-03,1562166000
661,R_AM0OvM0F9kBvqal,ESSENTIAL_OIL,2019-07-03,1562166000
662,R_BWhnv4EdbhSS6rf,YO_YO,2019-07-03,1562166000
663,R_BWhnv4EdbhSS6rf,GROCERY,2019-07-03,1562166000
664,R_BWhnv4EdbhSS6rf,KETTLEBELL,2019-07-03,1562166000
665,R_OdTirYYBS6ms6nn,CE_ACCESSORY,2019-07-03,1562166000
666,R_OdTirYYBS6ms6nn,SHIRT,2019-07-03,1562166000
667,R_Odixb15Ykmxb0Dn,PHYSICAL_MOVIE,2019-07-03,1562166000
668,R_TtK3Qkb3c3EIeoV,SCREEN_PROTECTOR,2019-07-03,1562166000
669,R_TtK3Qkb3c3EIeoV,FISHING_EQUIPMENT,2019-07-03,1562166000
670,R_W80kzJbCa8CD9UB,ELECTRONIC_ADAPTER,2019-07-03,1562166000
671,R_W80kzJbCa8CD9UB,NUTRITIONAL_SUPPLEMENT,2019-07-03,1562166000
672,R_XwiCirQyfwJzVtv,MEDICATION,2019-07-03,1562166000
673,R_Y4jCkfTFzvtw5SF,HEALTH_PERSONAL_CARE,2019-07-03,1562166000
674,R_Z4qMkqhWSmIbdSh,ABIS_VIDEO_GAMES,2019-07-03,1562166000
675,R_ZkokwdIEZybYo9z,BASKETBALL_HOOP,2019-07-03,1562166000
676,R_b3NWnTBcFyWqXjH,RECREATION_BALL,2019-07-03,1562166000
677,R_b8UnkZJoU93ZxEB,SKIN_MOISTURIZER,2019-07-03,1562166000
678,R_bkquoGQp5VhpihP,ABIS_BOOK,2019-07-03,1562166000
679,R_cAcAtozIWnZIbGp,HEADPHONES,2019-07-03,1562166000
680,R_cAcAtozIWnZIbGp,PHYSICAL_MOVIE,2019-07-03,1562166000
681,R_cAcAtozIWnZIbGp,PHYSICAL_MOVIE,2019-07-03,1562166000
682,R_cAcAtozIWnZIbGp,MEDICATION,2019-07-03,1562166000
683,R_cAcAtozIWnZIbGp,SHIRT,2019-07-03,1562166000
684,R_cAcAtozIWnZIbGp,SCREEN_PROTECTOR,2019-07-03,1562166000
685,R_eOMCliqYqUD4oOR,BATTERY,2019-07-03,1562166000
686,R_eOMCliqYqUD4oOR,ELECTRONIC_CABLE,2019-07-03,1562166000
687,R_eOMCliqYqUD4oOR,UNDERPANTS,2019-07-03,1562166000
688,R_eOMCliqYqUD4oOR,PLAYARD,2019-07-03,1562166000
689,R_plnyqyltsGtao9P,HEALTH_PERSONAL_CARE,2019-07-03,1562166000
690,R_plnyqyltsGtao9P,MEDICATION,2019-07-03,1562166000
691,R_plnyqyltsGtao9P,SYSTEM_POWER_DEVICE,2019-07-03,1562166000
692,R_plnyqyltsGtao9P,SKIN_MOISTURIZER,2019-07-03,1562166000
693,R_plnyqyltsGtao9P,SWING,2019-07-03,1562166000
694,R_plnyqyltsGtao9P,SKIN_CLEANING_AGENT,2019-07-03,1562166000
695,R_qxTrp3qz2YCQAnv,SCREEN_PROTECTOR,2019-07-03,1562166000
696,R_r1qqClBL89aFjXP,SHOES,2019-07-03,1562166000
697,R_r1qqClBL89aFjXP,POOL_SPA_WATER_TREATMENT,2019-07-03,1562166000
698,R_r3IM83Ecq7eY7QJ,SHOES,2019-07-03,1562166000
699,R_sGohXmtT8TjLibT,SCREEN_PROTECTOR,2019-07-03,1562166000
700,R_sjbgjhzDO2r1Wlr,VITAMIN,2019-07-03,1562166000
701,R_tJNLenUlMH5f4el,MEDICATION,2019-07-03,1562166000
702,R_tJNLenUlMH5f4el,PET_FOOD,2019-07-03,1562166000
703,R_tXHOaasrDjYwLO9,NUTRITIONAL_SUPPLEMENT,2019-07-03,1562166000
704,R_tXHOaasrDjYwLO9,GROCERY,2019-07-03,1562166000
705,R_vD2O13NgdnWBXMt,HAND_SEWING_NEEDLE,2019-07-03,1562166000
706,R_vD2O13NgdnWBXMt,SCREEN_PROTECTOR,2019-07-03,1562166000
707,R_vD2O13NgdnWBXMt,BATTERY,2019-07-03,1562166000
708,R_yJz6aXbKddNbgZz,VITAMIN,2019-07-03,1562166000
709,R_yJz6aXbKddNbgZz,ELECTRONIC_CABLE,2019-07-03,1562166000
710,R_yJz6aXbKddNbgZz,ELECTRIC_FOOD_MILL_GRINDER,2019-07-03,1562166000
711,R_yJz6aXbKddNbgZz,KNEE_PAD,2019-07-03,1562166000
712,R_yJz6aXbKddNbgZz,SHIRT,2019-07-03,1562166000
713,R_yrLrYUf4oFzOnjb,TOILET_SEAT,2019-07-03,1562166000
714,R_yrLrYUf4oFzOnjb,SHOES,2019-07-03,1562166000
715,R_10CAlrx7dbJty9R,SHIRT,2019-07-04,1562252400
716,R_10TV1zyi4yCEEkl,BUCKLE,2019-07-04,1562252400
717,R_1C4nKyrv0w2thJn,NUTRITIONAL_SUPPLEMENT,2019-07-04,1562252400
718,R_1C4nKyrv0w2thJn,SNACK_FOOD_BAR,2019-07-04,1562252400
719,R_1C4nKyrv0w2thJn,CELLULAR_PHONE_CASE,2019-07-04,1562252400
720,R_1C75XRebT1eliL0,HERBAL_SUPPLEMENT,2019-07-04,1562252400
721,R_1Cd5zmz07X5BqKa,PORTABLE_ELECTRONIC_DEVICE_ARMBAND,2019-07-04,1562252400
722,R_1Cd5zmz07X5BqKa,ELECTRONIC_CABLE,2019-07-04,1562252400
723,R_1Fb4EL4IE75q7lf,BATTERY,2019-07-04,1562252400
724,R_1Fb4EL4IE75q7lf,PET_FOOD,2019-07-04,1562252400
725,R_1H7zBXFz4gN1Ezl,GROCERY,2019-07-04,1562252400
726,R_1H7zBXFz4gN1Ezl,NUTRITIONAL_SUPPLEMENT,2019-07-04,1562252400
727,R_1H7zBXFz4gN1Ezl,FACE_SHAPING_MAKEUP,2019-07-04,1562252400
728,R_1H7zBXFz4gN1Ezl,PAPER_TOWEL,2019-07-04,1562252400
729,R_1LMa9REuvUok05j,VITAMIN,2019-07-04,1562252400
730,R_1LMa9REuvUok05j,VIDEO_PROJECTOR,2019-07-04,1562252400
731,R_1NCzj2eSHI4QGcd,TOYS_AND_GAMES,2019-07-04,1562252400
732,R_1NCzj2eSHI4QGcd,VEHICLE_ACCENT_LIGHT,2019-07-04,1562252400
733,R_1NCzj2eSHI4QGcd,GROCERY,2019-07-04,1562252400
734,R_1NCzj2eSHI4QGcd,SHIRT,2019-07-04,1562252400
735,R_1OlyKZYuQUE5Cgc,SHAMPOO,2019-07-04,1562252400
736,R_1PUcgnVG2i0EBz4,CORD_ROPE,2019-07-04,1562252400
737,R_1PUcgnVG2i0EBz4,ELECTRONIC_CABLE,2019-07-04,1562252400
738,R_1PUcgnVG2i0EBz4,TOYS_AND_GAMES,2019-07-04,1562252400
739,R_1PUcgnVG2i0EBz4,PHYSICAL_MOVIE,2019-07-04,1562252400
740,R_1PUcgnVG2i0EBz4,CORD_ROPE,2019-07-04,1562252400
741,R_1PUcgnVG2i0EBz4,SHOES,2019-07-04,1562252400
742,R_1PUcgnVG2i0EBz4,PHYSICAL_MOVIE,2019-07-04,1562252400
743,R_1PUcgnVG2i0EBz4,TOOTH_CLEANING_AGENT,2019-07-04,1562252400
744,R_1PUcgnVG2i0EBz4,PHYSICAL_MOVIE,2019-07-04,1562252400
745,R_1QKu8qtvgo0d1uS,COMPUTER_COOLING_DEVICE,2019-07-04,1562252400
746,R_1QKu8qtvgo0d1uS,MEDICATION,2019-07-04,1562252400
747,R_1dFu7LeBJE3Wd6p,ROTARY_TOOL,2019-07-04,1562252400
748,R_1f1PzEZw8H2N4zm,ELECTRONIC_CABLE,2019-07-04,1562252400
749,R_1f1PzEZw8H2N4zm,VALVE,2019-07-04,1562252400
750,R_1f1PzEZw8H2N4zm,KICK_SCOOTER,2019-07-04,1562252400
751,R_1f1PzEZw8H2N4zm,MEAL_HOLDER,2019-07-04,1562252400
752,R_1f1PzEZw8H2N4zm,TOYS_AND_GAMES,2019-07-04,1562252400
753,R_1f1PzEZw8H2N4zm,SUNGLASSES,2019-07-04,1562252400
754,R_1jARg5bGH5uqAKW,SCREEN_PROTECTOR,2019-07-04,1562252400
755,R_1jARg5bGH5uqAKW,VITAMIN,2019-07-04,1562252400
756,R_1jARg5bGH5uqAKW,CELLULAR_PHONE_CASE,2019-07-04,1562252400
757,R_1lfNYOmsEIqOn65,DUTCH_OVENS,2019-07-04,1562252400
758,R_1lfNYOmsEIqOn65,HEALTH_PERSONAL_CARE,2019-07-04,1562252400
759,R_1lfNYOmsEIqOn65,MEDICATION,2019-07-04,1562252400
760,R_1nZzu0Kj9WQ8P4x,SHOES,2019-07-04,1562252400
761,R_1nZzu0Kj9WQ8P4x,COFFEE,2019-07-04,1562252400
762,R_1nZzu0Kj9WQ8P4x,ELECTRONIC_COMPONENT_TERMINAL,2019-07-04,1562252400
763,R_1nZzu0Kj9WQ8P4x,STEAM_CLEANER,2019-07-04,1562252400
764,R_1q4eVtHN10S5gPB,SNACK_FOOD_BAR,2019-07-04,1562252400
765,R_1roTOelTygZr5G8,TOYS_AND_GAMES,2019-07-04,1562252400
766,R_1roTOelTygZr5G8,ABIS_BOOK,2019-07-04,1562252400
767,R_1roTOelTygZr5G8,ADHESIVES_AND_SEALANTS,2019-07-04,1562252400
768,R_1roTOelTygZr5G8,ELECTRONIC_COMPONENT_AMPLIFIER,2019-07-04,1562252400
769,R_1roTOelTygZr5G8,SKIN_MOISTURIZER,2019-07-04,1562252400
770,R_1roTOelTygZr5G8,COSTUME_HEADWEAR,2019-07-04,1562252400
771,R_1roTOelTygZr5G8,SKIN_MOISTURIZER,2019-07-04,1562252400
772,R_1rq9oimamSF6rsF,TOYS_AND_GAMES,2019-07-04,1562252400
773,R_1rq9oimamSF6rsF,TOYS_AND_GAMES,2019-07-04,1562252400
774,R_20Z3XrmdVrFDp3r,SCREEN_PROTECTOR,2019-07-04,1562252400
775,R_20Z3XrmdVrFDp3r,BOXING_GLOVE,2019-07-04,1562252400
776,R_20Z3XrmdVrFDp3r,COMPUTER_INPUT_DEVICE,2019-07-04,1562252400
777,R_210tLKdUbUZuf7O,TOYS_AND_GAMES,2019-07-04,1562252400
778,R_210tLKdUbUZuf7O,VITAMIN,2019-07-04,1562252400
779,R_210tLKdUbUZuf7O,CELLULAR_PHONE_CASE,2019-07-04,1562252400
780,R_23ThXRxY2BTPyy5,ENEMA_DOUCHE,2019-07-04,1562252400
781,R_23ThXRxY2BTPyy5,PET_FOOD,2019-07-04,1562252400
782,R_23ThXRxY2BTPyy5,SNACK_FOOD_BAR,2019-07-04,1562252400
783,R_23ThXRxY2BTPyy5,SKIN_CLEANING_AGENT,2019-07-04,1562252400
784,R_23ThXRxY2BTPyy5,COMPUTER,2019-07-04,1562252400
785,R_23ThXRxY2BTPyy5,VITAMIN,2019-07-04,1562252400
786,R_23ThXRxY2BTPyy5,HEALTH_PERSONAL_CARE,2019-07-04,1562252400
787,R_23ThXRxY2BTPyy5,ELECTRONIC_CABLE,2019-07-04,1562252400
788,R_23eD9Db68xpXl0d,GROCERY,2019-07-04,1562252400
789,R_240KbZJVsY6fEEJ,PHYSICAL_TV_SERIES,2019-07-04,1562252400
790,R_240KbZJVsY6fEEJ,PANTS,2019-07-04,1562252400
791,R_240KbZJVsY6fEEJ,PANTS,2019-07-04,1562252400
792,R_240KbZJVsY6fEEJ,HEADPHONES,2019-07-04,1562252400
793,R_24csoaO569P4Yzz,GROCERY,2019-07-04,1562252400
794,R_24csoaO569P4Yzz,SKIN_CLEANING_AGENT,2019-07-04,1562252400
795,R_25SbPPTyE45YzXP,WHEEL,2019-07-04,1562252400
796,R_27ydwfqncX77Mnd,INDUSTRIAL_CASTERS,2019-07-04,1562252400
797,R_28BST1zc80UaP2C,ELECTRONIC_CABLE,2019-07-04,1562252400
798,R_28BST1zc80UaP2C,PANTS,2019-07-04,1562252400
799,R_28BST1zc80UaP2C,GREETING_CARD,2019-07-04,1562252400
800,R_2ASz0xBmcxqYzUJ,BOTTLE,2019-07-04,1562252400
801,R_2CVxHRKIkQ8pd1C,HEALTH_PERSONAL_CARE,2019-07-04,1562252400
802,R_2D1zydYR5SZ0LpK,SECURITY_CAMERA,2019-07-04,1562252400
803,R_2D1zydYR5SZ0LpK,CYCLING_COMPUTER,2019-07-04,1562252400
804,R_2D1zydYR5SZ0LpK,PET_SUPPLIES,2019-07-04,1562252400
805,R_2EglJpTWGEiwQYa,PITCHER,2019-07-04,1562252400
806,R_2EglJpTWGEiwQYa,SHIRT,2019-07-04,1562252400
807,R_2EglJpTWGEiwQYa,TOYS_AND_GAMES,2019-07-04,1562252400
808,R_2EglJpTWGEiwQYa,SHOES,2019-07-04,1562252400
809,R_2EglJpTWGEiwQYa,SNACK_FOOD_BAR,2019-07-04,1562252400
810,R_2EglJpTWGEiwQYa,PARTY_DECORATION_PACK,2019-07-04,1562252400
811,R_2EglJpTWGEiwQYa,ARTIFICIAL_TREE,2019-07-04,1562252400
812,R_2EglJpTWGEiwQYa,INCONTINENCE_PROTECTOR,2019-07-04,1562252400
813,R_2QXJIE0UXBTy8wd,DAIRY_BASED_ICE_CREAM,2019-07-04,1562252400
814,R_2QXJIE0UXBTy8wd,SHIRT,2019-07-04,1562252400
815,R_2QXJIE0UXBTy8wd,SCREEN_PROTECTOR,2019-07-04,1562252400
816,R_2SowakeS8ZQebAD,ABIS_BOOK,2019-07-04,1562252400
817,R_2SowakeS8ZQebAD,GROCERY,2019-07-04,1562252400
818,R_2SowakeS8ZQebAD,SHIRT,2019-07-04,1562252400
819,R_2SowakeS8ZQebAD,TRASH_CAN,2019-07-04,1562252400
820,R_2SowakeS8ZQebAD,HAIR_STYLING_AGENT,2019-07-04,1562252400
821,R_2TKO641FpWMebOd,DECORATIVE_PILLOW_COVER,2019-07-04,1562252400
822,R_2TKO641FpWMebOd,CELLULAR_PHONE_CASE,2019-07-04,1562252400
823,R_2TKO641FpWMebOd,WIND_SPINNER,2019-07-04,1562252400
824,R_2VyUSFk11bbTVej,PANTS,2019-07-04,1562252400
825,R_2WMQprO1e6US68f,PET_TOY,2019-07-04,1562252400
826,R_2WMQprO1e6US68f,MARKING_PEN,2019-07-04,1562252400
827,R_2WMQprO1e6US68f,PANTS,2019-07-04,1562252400
828,R_2Xj7LtCe2Mt8jNi,ABIS_BOOK,2019-07-04,1562252400
829,R_2YR2Yn7wGzAeAj0,FURNITURE,2019-07-04,1562252400
830,R_2dxMXdrOUumZV2I,SHOES,2019-07-04,1562252400
831,R_2dxMXdrOUumZV2I,HOME_LIGHTING_ACCESSORY,2019-07-04,1562252400
832,R_2foIkyims4WyyYQ,INPUT_PEN,2019-07-04,1562252400
833,R_2foIkyims4WyyYQ,BED_CURTAIN,2019-07-04,1562252400
834,R_2mAJniG0xVBIInL,SHOES,2019-07-04,1562252400
835,R_2qD8ep8d313iLj4,UNMANNED_AERIAL_VEHICLE,2019-07-04,1562252400
836,R_2rVp4uDv9fYIfdd,TAPE_MEASURE,2019-07-04,1562252400
837,R_2rVp4uDv9fYIfdd,SCREEN_PROTECTOR,2019-07-04,1562252400
838,R_2y7p58Cp5veeRa6,ITEM_CONTAINER,2019-07-04,1562252400
839,R_2y7p58Cp5veeRa6,SHOES,2019-07-04,1562252400
840,R_2y7p58Cp5veeRa6,SNACK_FOOD_BAR,2019-07-04,1562252400
841,R_31QS1Ms6iQEU3mI,PANTS,2019-07-04,1562252400
842,R_31QS1Ms6iQEU3mI,BOOK,2019-07-04,1562252400
843,R_31QS1Ms6iQEU3mI,PHYSICAL_MOVIE,2019-07-04,1562252400
844,R_31T8fMuMzphe1sL,HEALTH_PERSONAL_CARE,2019-07-04,1562252400
845,R_31T8fMuMzphe1sL,VITAMIN,2019-07-04,1562252400
846,R_31T8fMuMzphe1sL,SCISSORS,2019-07-04,1562252400
847,R_31T8fMuMzphe1sL,SKIN_CLEANING_AGENT,2019-07-04,1562252400
848,R_31T8fMuMzphe1sL,CHARGING_ADAPTER,2019-07-04,1562252400
849,R_31T8fMuMzphe1sL,CHARGING_ADAPTER,2019-07-04,1562252400
850,R_32Mm71oAJq2K9XK,HEALTH_PERSONAL_CARE,2019-07-04,1562252400
851,R_32Mm71oAJq2K9XK,SKIN_FOUNDATION_CONCEALER,2019-07-04,1562252400
852,R_32Mm71oAJq2K9XK,BINOCULAR,2019-07-04,1562252400
853,R_32Mm71oAJq2K9XK,SCREEN_PROTECTOR,2019-07-04,1562252400
854,R_3L20DbmNPSMtKUd,FOOD_PREPARATION_MOLD,2019-07-04,1562252400
855,R_3Mli97JX0WeLIos,SKIN_EXFOLIANT,2019-07-04,1562252400
856,R_3MsY6hQO6rNgjhW,HOUSEHOLD_VARNISH,2019-07-04,1562252400
857,R_3PAyJj7mQvMzMco,SCREEN_PROTECTOR,2019-07-04,1562252400
858,R_3PAyJj7mQvMzMco,BICYCLE_PEDAL,2019-07-04,1562252400
859,R_3PuErkwk0nhqeG4,SHOES,2019-07-04,1562252400
860,R_3VRB9w5rAtqNoWt,APPAREL_BELT,2019-07-04,1562252400
861,R_3ViaGvZl7J3ObBv,NUTRITIONAL_SUPPLEMENT,2019-07-04,1562252400
862,R_3ennfkrsSdTlmrJ,ELECTRONIC_CABLE,2019-07-04,1562252400
863,R_3ennfkrsSdTlmrJ,SOCKS,2019-07-04,1562252400
864,R_3hsFBjto7aXqKY7,GROCERY,2019-07-04,1562252400
865,R_3iydBpfsKD9jRTq,CELLULAR_PHONE_CASE,2019-07-04,1562252400
866,R_3m3H4mwZ2snYFua,ROASTING_PAN,2019-07-04,1562252400
867,R_3m3H4mwZ2snYFua,PET_FOOD,2019-07-04,1562252400
868,R_3m3H4mwZ2snYFua,PHOTOGRAPHIC_FILM,2019-07-04,1562252400
869,R_3n5zOvmozURNzXz,SHOES,2019-07-04,1562252400
870,R_3n5zOvmozURNzXz,NUTRITIONAL_SUPPLEMENT,2019-07-04,1562252400
871,R_3n5zOvmozURNzXz,MEDICATION,2019-07-04,1562252400
872,R_3n5zOvmozURNzXz,SPOON,2019-07-04,1562252400
873,R_3n5zOvmozURNzXz,MEDICATION,2019-07-04,1562252400
874,R_3qTFp0FJqUeMhVZ,PHYSICAL_MOVIE,2019-07-04,1562252400
875,R_3qrqbddZ7eR9KW8,TOYS_AND_GAMES,2019-07-04,1562252400
876,R_3s07B19Gl5Ix56W,HEADPHONES,2019-07-04,1562252400
877,R_3s07B19Gl5Ix56W,HEADPHONES,2019-07-04,1562252400
878,R_3s5NxhqKpoWo6zm,HERBAL_SUPPLEMENT,2019-07-04,1562252400
879,R_3sbM1ke1qD79iaT,SKIN_MOISTURIZER,2019-07-04,1562252400
880,R_8puIA0Aj4F8MuI1,PHYSICAL_MOVIE,2019-07-04,1562252400
881,R_AEBbAiW2xdXI2at,SNACK_FOOD_BAR,2019-07-04,1562252400
882,R_AEBbAiW2xdXI2at,SKIN_MOISTURIZER,2019-07-04,1562252400
883,R_AM0OvM0F9kBvqal,DISHWASHER_DETERGENT,2019-07-04,1562252400
884,R_AM0OvM0F9kBvqal,ANIMAL_RECOVERY_COLLAR_CONE,2019-07-04,1562252400
885,R_AM0OvM0F9kBvqal,PANTS,2019-07-04,1562252400
886,R_AM0OvM0F9kBvqal,GROCERY,2019-07-04,1562252400
887,R_O9FzIlCvCxllJSN,SNACK_FOOD_BAR,2019-07-04,1562252400
888,R_O9FzIlCvCxllJSN,PET_FOOD,2019-07-04,1562252400
889,R_Odixb15Ykmxb0Dn,SKIN_MOISTURIZER,2019-07-04,1562252400
890,R_OkSi9IxX5ddzzl7,SHIRT,2019-07-04,1562252400
891,R_PuLRXv7pUO3cLzX,SNACK_FOOD_BAR,2019-07-04,1562252400
892,R_PuLRXv7pUO3cLzX,SCISSORS,2019-07-04,1562252400
893,R_PuLRXv7pUO3cLzX,NUTRITIONAL_SUPPLEMENT,2019-07-04,1562252400
894,R_PwlnzzccUMXV0n7,VITAMIN,2019-07-04,1562252400
895,R_PwlnzzccUMXV0n7,SCREEN_PROTECTOR,2019-07-04,1562252400
896,R_PwlnzzccUMXV0n7,MOTOR_ENGINE_FUEL_TANK,2019-07-04,1562252400
897,R_PwlnzzccUMXV0n7,SKIN_MOISTURIZER,2019-07-04,1562252400
898,R_RPruSl134deuxOh,MEDICAL_SCRUB_SET,2019-07-04,1562252400
899,R_SVHcBOlErkMEJjP,SNACK_FOOD_BAR,2019-07-04,1562252400
900,R_SVHcBOlErkMEJjP,SHOES,2019-07-04,1562252400
901,R_SVHcBOlErkMEJjP,ABIS_BOOK,2019-07-04,1562252400
902,R_SVHcBOlErkMEJjP,LABEL,2019-07-04,1562252400
903,R_T4THXKAQCwg9ZXb,ROTATING_TRAY,2019-07-04,1562252400
904,R_T4THXKAQCwg9ZXb,SCREEN_PROTECTOR,2019-07-04,1562252400
905,R_T4THXKAQCwg9ZXb,ABIS_BOOK,2019-07-04,1562252400
906,R_T4THXKAQCwg9ZXb,ELECTRONIC_CABLE,2019-07-04,1562252400
907,R_T4THXKAQCwg9ZXb,BACKDROP,2019-07-04,1562252400
908,R_T4THXKAQCwg9ZXb,PHYSICAL_MOVIE,2019-07-04,1562252400
909,R_Ui78k1hRGuGWhln,HEADPHONES,2019-07-04,1562252400
910,R_Ui78k1hRGuGWhln,GROCERY,2019-07-04,1562252400
911,R_UlOQHrMf1EiWKQx,SKIN_MOISTURIZER,2019-07-04,1562252400
912,R_XSu10jIDimUl5m1,SKIN_MOISTURIZER,2019-07-04,1562252400
913,R_XsIUODlniv0lMu5,PESTICIDE,2019-07-04,1562252400
914,R_Xt4H8BJ1Vx7ws8h,SHOES,2019-07-04,1562252400
915,R_b3NWnTBcFyWqXjH,SKIN_CLEANING_AGENT,2019-07-04,1562252400
916,R_br5a8OxAqrKRxQd,FOOTREST,2019-07-04,1562252400
917,R_qxTrp3qz2YCQAnv,O_RINGS,2019-07-04,1562252400
918,R_r3IM83Ecq7eY7QJ,ABRASIVE_SHEETS,2019-07-04,1562252400
919,R_r3IM83Ecq7eY7QJ,SNACK_FOOD_BAR,2019-07-04,1562252400
920,R_r3IM83Ecq7eY7QJ,SCREEN_PROTECTOR,2019-07-04,1562252400
921,R_r3IM83Ecq7eY7QJ,SKIN_MOISTURIZER,2019-07-04,1562252400
922,R_r3IM83Ecq7eY7QJ,CHAINSAW_CHAIN,2019-07-04,1562252400
923,R_r3IM83Ecq7eY7QJ,NETWORK_INTERFACE_CONTROLLER_ADAPTER,2019-07-04,1562252400
924,R_r3IM83Ecq7eY7QJ,MEDICATION,2019-07-04,1562252400
925,R_r3IM83Ecq7eY7QJ,HEALTH_PERSONAL_CARE,2019-07-04,1562252400
926,R_r3IM83Ecq7eY7QJ,SHIRT,2019-07-04,1562252400
927,R_r3IM83Ecq7eY7QJ,BATTERY,2019-07-04,1562252400
928,R_r3IM83Ecq7eY7QJ,BATHWATER_ADDITIVE,2019-07-04,1562252400
929,R_r3IM83Ecq7eY7QJ,PAPER_TOWEL,2019-07-04,1562252400
930,R_r3IM83Ecq7eY7QJ,PHYSICAL_MOVIE,2019-07-04,1562252400
931,R_r3IM83Ecq7eY7QJ,MEDICATION,2019-07-04,1562252400
932,R_r3IM83Ecq7eY7QJ,SOAP_DISH,2019-07-04,1562252400
933,R_r3IM83Ecq7eY7QJ,SHOES,2019-07-04,1562252400
934,R_r3IM83Ecq7eY7QJ,PHYSICAL_MOVIE,2019-07-04,1562252400
935,R_r3IM83Ecq7eY7QJ,PHYSICAL_MOVIE,2019-07-04,1562252400
936,R_r3IM83Ecq7eY7QJ,SKIN_CLEANING_WIPE,2019-07-04,1562252400
937,R_r3IM83Ecq7eY7QJ,NUTRITIONAL_SUPPLEMENT,2019-07-04,1562252400
938,R_r3IM83Ecq7eY7QJ,CHAINSAW_CHAIN,2019-07-04,1562252400
939,R_u2EdYogSnJBrpex,PORTABLE_VIDEO_DISC_PLAYER,2019-07-04,1562252400
940,R_yRaAO89bhwJb9xD,HAIR_TIE,2019-07-04,1562252400
941,R_yRaAO89bhwJb9xD,BACKPACK,2019-07-04,1562252400
942,R_yRaAO89bhwJb9xD,ABIS_BOOK,2019-07-04,1562252400
943,R_1C4nKyrv0w2thJn,SWIMWEAR,2019-07-05,1562338800
944,R_1C4nKyrv0w2thJn,NUTRITIONAL_SUPPLEMENT,2019-07-05,1562338800
945,R_1C4nKyrv0w2thJn,SKIN_MOISTURIZER,2019-07-05,1562338800
946,R_1C75XRebT1eliL0,SKIN_CARE_AGENT,2019-07-05,1562338800
947,R_1Cd5zmz07X5BqKa,HEADPHONES,2019-07-05,1562338800
948,R_1Cd5zmz07X5BqKa,PET_FOOD,2019-07-05,1562338800
949,R_1Cd5zmz07X5BqKa,PANTS,2019-07-05,1562338800
950,R_1ClqO4ZMDuwGjfl,SOCKS,2019-07-05,1562338800
951,R_1ClqO4ZMDuwGjfl,VITAMIN,2019-07-05,1562338800
952,R_1ClqO4ZMDuwGjfl,CANDLE,2019-07-05,1562338800
953,R_1ClqO4ZMDuwGjfl,SKIN_MOISTURIZER,2019-07-05,1562338800
954,R_1ClqO4ZMDuwGjfl,SKIN_MOISTURIZER,2019-07-05,1562338800
955,R_1DYWdbAMt6LyCZH,COUNTERTOP_FOOD_STEAMER,2019-07-05,1562338800
956,R_1DYWdbAMt6LyCZH,HEADPHONES,2019-07-05,1562338800
957,R_1MTbVUzYEQq2MzU,POWERSPORTS_VEHICLE_PART,2019-07-05,1562338800
958,R_1NCzj2eSHI4QGcd,FACE_SHAPING_MAKEUP,2019-07-05,1562338800
959,R_1PUcgnVG2i0EBz4,PANTS,2019-07-05,1562338800
960,R_1PUcgnVG2i0EBz4,TOOTH_CLEANING_AGENT,2019-07-05,1562338800
961,R_1PUcgnVG2i0EBz4,HEALTH_PERSONAL_CARE,2019-07-05,1562338800
962,R_1PUcgnVG2i0EBz4,SNACK_FOOD_BAR,2019-07-05,1562338800
963,R_1PUcgnVG2i0EBz4,SKIN_MOISTURIZER,2019-07-05,1562338800
964,R_1PUcgnVG2i0EBz4,NUTRITIONAL_SUPPLEMENT,2019-07-05,1562338800
965,R_1PUcgnVG2i0EBz4,BRA,2019-07-05,1562338800
966,R_1PUcgnVG2i0EBz4,PHYSICAL_MOVIE,2019-07-05,1562338800
967,R_1PUcgnVG2i0EBz4,VITAMIN,2019-07-05,1562338800
968,R_1Q62CIVb2WAS8hB,SCREEN_PROTECTOR,2019-07-05,1562338800
969,R_1QG7SsKpYQgSIAF,MEDICATION,2019-07-05,1562338800
970,R_1QG7SsKpYQgSIAF,SCREEN_PROTECTOR,2019-07-05,1562338800
971,R_1QG7SsKpYQgSIAF,SCREEN_PROTECTOR,2019-07-05,1562338800
972,R_1QKu8qtvgo0d1uS,SHIRT,2019-07-05,1562338800
973,R_1QKu8qtvgo0d1uS,HEALTH_PERSONAL_CARE,2019-07-05,1562338800
974,R_1QKu8qtvgo0d1uS,ABIS_BOOK,2019-07-05,1562338800
975,R_1daE3vUDxFrSw4I,ELECTRIC_SHAVER,2019-07-05,1562338800
976,R_1dyqbVnXomwItTl,NON_DAIRY_CREAM,2019-07-05,1562338800
977,R_1dyqbVnXomwItTl,GROCERY,2019-07-05,1562338800
978,R_1hMV4AHCk04WO5V,SNACK_FOOD_BAR,2019-07-05,1562338800
979,R_1hMV4AHCk04WO5V,HEALTH_PERSONAL_CARE,2019-07-05,1562338800
980,R_1j6t5KhjtwDhdKa,CABLE_TIE,2019-07-05,1562338800
981,R_1jUqdfR1Zz6mZMf,MEDICATION,2019-07-05,1562338800
982,R_1jUqdfR1Zz6mZMf,PACIFIER,2019-07-05,1562338800
983,R_1lAIBWf5Qsww7eT,SHOES,2019-07-05,1562338800
984,R_1lAIBWf5Qsww7eT,SKIN_CLEANING_AGENT,2019-07-05,1562338800
985,R_1mEmb9jWLRYCU4e,PHYSICAL_MOVIE,2019-07-05,1562338800
986,R_1mEmb9jWLRYCU4e,PROTEIN_SUPPLEMENT_POWDER,2019-07-05,1562338800
987,R_1obwpb6iowh7vew,ABIS_BOOK,2019-07-05,1562338800
988,R_1r8u9f1vT8Y3HrC,RUG,2019-07-05,1562338800
989,R_1r8u9f1vT8Y3HrC,HEADPHONES,2019-07-05,1562338800
990,R_1r8u9f1vT8Y3HrC,MEDICATION,2019-07-05,1562338800
991,R_1r8u9f1vT8Y3HrC,ABIS_BOOK,2019-07-05,1562338800
992,R_20O6baqxT4T2CbA,ELECTRIC_SHAVER,2019-07-05,1562338800
993,R_20O6baqxT4T2CbA,GROCERY,2019-07-05,1562338800
994,R_20Yd9DvrGselmZY,HEADPHONES,2019-07-05,1562338800
995,R_210tLKdUbUZuf7O,NUTRITIONAL_SUPPLEMENT,2019-07-05,1562338800
996,R_210tLKdUbUZuf7O,LAMP,2019-07-05,1562338800
997,R_210tLKdUbUZuf7O,SKIN_MOISTURIZER,2019-07-05,1562338800
998,R_21ttkGbeIL6HdlR,VEHICLE_WIND_DEFLECTOR,2019-07-05,1562338800
999,R_21uibgT9dgqRD9J,GARDEN_EDGING,2019-07-05,1562338800
1000,R_21uibgT9dgqRD9J,PET_FOOD,2019-07-05,1562338800
1001,R_21uibgT9dgqRD9J,BOOKSHELF_OR_MICRO_STEREO_SYS,2019-07-05,1562338800
1002,R_21uibgT9dgqRD9J,MEDICATION,2019-07-05,1562338800
1003,R_23enipHqTsjcQfN,SKIN_MOISTURIZER,2019-07-05,1562338800
1004,R_23enipHqTsjcQfN,ABIS_BOOK,2019-07-05,1562338800
1005,R_24csoaO569P4Yzz,PHYSICAL_MOVIE,2019-07-05,1562338800
1006,R_273TMGuLM3jXisi,SPORT_EQUIPMENT_BAG_CASE,2019-07-05,1562338800
1007,R_273TMGuLM3jXisi,APPAREL,2019-07-05,1562338800
1008,R_277i50HinKYVoY9,HEALTH_PERSONAL_CARE,2019-07-05,1562338800
1009,R_277i50HinKYVoY9,SHOES,2019-07-05,1562338800
1010,R_277i50HinKYVoY9,BOTTLE,2019-07-05,1562338800
1011,R_277i50HinKYVoY9,ABIS_BOOK,2019-07-05,1562338800
1012,R_277i50HinKYVoY9,WINDOW_SHADE,2019-07-05,1562338800
1013,R_277i50HinKYVoY9,VIDEO_GAME_CONTROLLER,2019-07-05,1562338800
1014,R_27PZcbYfPDhwHcL,SCREEN_PROTECTOR,2019-07-05,1562338800
1015,R_27g6uEEgxm7kwNu,SHIRT,2019-07-05,1562338800
1016,R_2D1zydYR5SZ0LpK,HEALTH_PERSONAL_CARE,2019-07-05,1562338800
1017,R_2DMQ4Npnlu3WWyq,SHOES,2019-07-05,1562338800
1018,R_2EglJpTWGEiwQYa,VITAMIN,2019-07-05,1562338800
1019,R_2Pd2JtrvgaRUFB3,PET_FOOD,2019-07-05,1562338800
1020,R_2VwjXhJ5OznStEi,PHYSICAL_MOVIE,2019-07-05,1562338800
1021,R_2VwjXhJ5OznStEi,TOYS_AND_GAMES,2019-07-05,1562338800
1022,R_2VyUSFk11bbTVej,FLAT_SCREEN_DISPLAY_MOUNT,2019-07-05,1562338800
1023,R_2VyUSFk11bbTVej,VIDEO_DISC_PLAYER,2019-07-05,1562338800
1024,R_2YR2Yn7wGzAeAj0,GROCERY,2019-07-05,1562338800
1025,R_2YYB0ZXHHFsMn1o,TEMPORARY_TATTOO,2019-07-05,1562338800
1026,R_2ZTFfLAcuwm22Yh,PLUG_STOPPER,2019-07-05,1562338800
1027,R_2ZTFfLAcuwm22Yh,NUTRITIONAL_SUPPLEMENT,2019-07-05,1562338800
1028,R_2b1MfkpNO4V6xMv,SHOES,2019-07-05,1562338800
1029,R_2b1MfkpNO4V6xMv,HEADPHONES,2019-07-05,1562338800
1030,R_2b1MfkpNO4V6xMv,HEADPHONES,2019-07-05,1562338800
1031,R_2b1MfkpNO4V6xMv,ANIMAL_NUTRITIONAL_SUPPLEMENT,2019-07-05,1562338800
1032,R_2b1MfkpNO4V6xMv,GROCERY,2019-07-05,1562338800
1033,R_2b1XOZR0PYTA1jX,HEALTH_PERSONAL_CARE,2019-07-05,1562338800
1034,R_2b1XOZR0PYTA1jX,VEHICLE_CARGO_CARRIER,2019-07-05,1562338800
1035,R_2b1XOZR0PYTA1jX,COFFEE,2019-07-05,1562338800
1036,R_2c0kxk2rIJClCxm,HAIR_STYLING_AGENT,2019-07-05,1562338800
1037,R_2cmFD4NTF42JLfH,SNACK_FOOD_BAR,2019-07-05,1562338800
1038,R_2dmZyPIDedcDR2J,GROCERY,2019-07-05,1562338800
1039,R_2ebyEGI9jY5WIax,ROLLING_PAPER,2019-07-05,1562338800
1040,R_2fxhde3AmAoBQBS,SKIN_CLEANING_AGENT,2019-07-05,1562338800
1041,R_2fxhde3AmAoBQBS,PHYSICAL_MOVIE,2019-07-05,1562338800
1042,R_2pK2zZBvbieDcxb,VITAMIN,2019-07-05,1562338800
1043,R_2pK2zZBvbieDcxb,BLANK_BOOK,2019-07-05,1562338800
1044,R_2uTysluImvxkQBY,ELECTRONIC_CABLE,2019-07-05,1562338800
1045,R_2uTysluImvxkQBY,STORAGE_BINDER,2019-07-05,1562338800
1046,R_2vYO5d3Ry8qjf5g,SHOES,2019-07-05,1562338800
1047,R_2wmLE1q4FIpfioi,SKIN_CLEANING_AGENT,2019-07-05,1562338800
1048,R_2ze9t15YGQDJxR3,SNACK_FOOD_BAR,2019-07-05,1562338800
1049,R_2ze9t15YGQDJxR3,CELLULAR_PHONE_CASE,2019-07-05,1562338800
1050,R_333cPUAJRgYXqi1,ANTENNA,2019-07-05,1562338800
1051,R_333cPUAJRgYXqi1,CELLULAR_PHONE_CASE,2019-07-05,1562338800
1052,R_3EQ2dhEXGhy72Xx,EYEGLASS_CASE,2019-07-05,1562338800
1053,R_3ElHoNUS8Tyu7RP,BENCH,2019-07-05,1562338800
1054,R_3ElHoNUS8Tyu7RP,SKIN_MOISTURIZER,2019-07-05,1562338800
1055,R_3ElHoNUS8Tyu7RP,SKIN_CLEANING_AGENT,2019-07-05,1562338800
1056,R_3G7BILj5lidHb8M,BATTERY,2019-07-05,1562338800
1057,R_3GBRRr7bndtJPU9,MEAL_HOLDER,2019-07-05,1562338800
1058,R_3GCXgWFPLgXAuFC,PET_FOOD,2019-07-05,1562338800
1059,R_3HUOVBSzChkQaNg,LEAF_BLOWER,2019-07-05,1562338800
1060,R_3HUOVBSzChkQaNg,NUTRITIONAL_SUPPLEMENT,2019-07-05,1562338800
1061,R_3HUOVBSzChkQaNg,SKIN_CLEANING_AGENT,2019-07-05,1562338800
1062,R_3HzhKIwCcybjVbM,SHIRT,2019-07-05,1562338800
1063,R_3HzhKIwCcybjVbM,ABIS_BOOK,2019-07-05,1562338800
1064,R_3HzhKIwCcybjVbM,PET_FOOD,2019-07-05,1562338800
1065,R_3HzhKIwCcybjVbM,JERKY,2019-07-05,1562338800
1066,R_3Jxiicg67etW2yt,SHIRT,2019-07-05,1562338800
1067,R_3Jxiicg67etW2yt,BATTERY,2019-07-05,1562338800
1068,R_3Jxiicg67etW2yt,ABIS_BOOK,2019-07-05,1562338800
1069,R_3L20DbmNPSMtKUd,DRESS,2019-07-05,1562338800
1070,R_3MnSLQdJkly3wfg,STORAGE_HOOK,2019-07-05,1562338800
1071,R_3PUi8o2if0JqKfl,SCREEN_PROTECTOR,2019-07-05,1562338800
1072,R_3PUi8o2if0JqKfl,BATTERY,2019-07-05,1562338800
1073,R_3QtdtxnX6fJnkNr,TUNIC,2019-07-05,1562338800
1074,R_3R3FfvTaRKxigNl,PANTS,2019-07-05,1562338800
1075,R_3R3FfvTaRKxigNl,HEADPHONES,2019-07-05,1562338800
1076,R_3R3FfvTaRKxigNl,PHYSICAL_MOVIE,2019-07-05,1562338800
1077,R_3R3FfvTaRKxigNl,SHOES,2019-07-05,1562338800
1078,R_3R3FfvTaRKxigNl,ABIS_BOOK,2019-07-05,1562338800
1079,R_3R3FfvTaRKxigNl,SKIN_MOISTURIZER,2019-07-05,1562338800
1080,R_3R3FfvTaRKxigNl,PHYSICAL_MOVIE,2019-07-05,1562338800
1081,R_3R3FfvTaRKxigNl,BATTERY,2019-07-05,1562338800
1082,R_3R3FfvTaRKxigNl,ELECTRONIC_CABLE,2019-07-05,1562338800
1083,R_3R3FfvTaRKxigNl,SNACK_FOOD_BAR,2019-07-05,1562338800
1084,R_3R3FfvTaRKxigNl,DAIRY_BASED_CHEESE,2019-07-05,1562338800
1085,R_3R3FfvTaRKxigNl,POTABLE_WATER_FILTER,2019-07-05,1562338800
1086,R_3R3FfvTaRKxigNl,HEADPHONES,2019-07-05,1562338800
1087,R_3R3FfvTaRKxigNl,SCREEN_PROTECTOR,2019-07-05,1562338800
1088,R_3R3FfvTaRKxigNl,SUITCASE,2019-07-05,1562338800
1089,R_3R3FfvTaRKxigNl,POTABLE_WATER_FILTER,2019-07-05,1562338800
1090,R_3R3FfvTaRKxigNl,PANTS,2019-07-05,1562338800
1091,R_3R3FfvTaRKxigNl,VEHICLE_BRAKE_PAD,2019-07-05,1562338800
1092,R_3R3FfvTaRKxigNl,SHIRT,2019-07-05,1562338800
1093,R_3R3FfvTaRKxigNl,SHOES,2019-07-05,1562338800
1094,R_3R3FfvTaRKxigNl,TUNER,2019-07-05,1562338800
1095,R_3R3FfvTaRKxigNl,CELLULAR_PHONE_CASE,2019-07-05,1562338800
1096,R_3ek9YZGdsDHjUZf,PUFFED_SNACK,2019-07-05,1562338800
1097,R_3ek9YZGdsDHjUZf,PET_FOOD,2019-07-05,1562338800
1098,R_3ek9YZGdsDHjUZf,TOYS_AND_GAMES,2019-07-05,1562338800
1099,R_3ek9YZGdsDHjUZf,SNACK_FOOD_BAR,2019-07-05,1562338800
1100,R_3ek9YZGdsDHjUZf,DOOR,2019-07-05,1562338800
1101,R_3ek9YZGdsDHjUZf,BATTERY,2019-07-05,1562338800
1102,R_3ek9YZGdsDHjUZf,UNDERPANTS,2019-07-05,1562338800
1103,R_3ek9YZGdsDHjUZf,DOOR,2019-07-05,1562338800
1104,R_3ek9YZGdsDHjUZf,CELLULAR_PHONE_CASE,2019-07-05,1562338800
1105,R_3enuyEOsaEVxTNX,TOYS_AND_GAMES,2019-07-05,1562338800
1106,R_3fxhcf9cnZWI5qg,HEALTH_PERSONAL_CARE,2019-07-05,1562338800
1107,R_3h4JnsfebywTUxX,SCREEN_PROTECTOR,2019-07-05,1562338800
1108,R_3h4JnsfebywTUxX,POPCORN_POPPER,2019-07-05,1562338800
1109,R_3h4JnsfebywTUxX,HEALTH_PERSONAL_CARE,2019-07-05,1562338800
1110,R_3iJyVGzX7fyajRz,TOYS_AND_GAMES,2019-07-05,1562338800
1111,R_3m3H4mwZ2snYFua,PHOTOGRAPHIC_FILM,2019-07-05,1562338800
1112,R_3oWSVjKtFIw0OE8,HAIR_COLORING_AGENT,2019-07-05,1562338800
1113,R_3oWSVjKtFIw0OE8,GARDEN_EDGING,2019-07-05,1562338800
1114,R_3qTFp0FJqUeMhVZ,SKIN_MOISTURIZER,2019-07-05,1562338800
1115,R_3sbM1ke1qD79iaT,PUPPET,2019-07-05,1562338800
1116,R_3sbM1ke1qD79iaT,HEADPHONES,2019-07-05,1562338800
1117,R_3sbM1ke1qD79iaT,TOYS_AND_GAMES,2019-07-05,1562338800
1118,R_3sbM1ke1qD79iaT,SKIN_CLEANING_AGENT,2019-07-05,1562338800
1119,R_3sbM1ke1qD79iaT,BATTERY,2019-07-05,1562338800
1120,R_3socPWD3wXD0iDP,BATTERY,2019-07-05,1562338800
1121,R_3socPWD3wXD0iDP,SHIRT,2019-07-05,1562338800
1122,R_4PhRzF4UI9ooLh7,TOYS_AND_GAMES,2019-07-05,1562338800
1123,R_4PhRzF4UI9ooLh7,GROCERY,2019-07-05,1562338800
1124,R_4PhRzF4UI9ooLh7,GROCERY,2019-07-05,1562338800
1125,R_4PhRzF4UI9ooLh7,SINGLE_BOARD_COMPUTER,2019-07-05,1562338800
1126,R_4PhRzF4UI9ooLh7,FLASH_MEMORY,2019-07-05,1562338800
1127,R_4PhRzF4UI9ooLh7,SHIRT,2019-07-05,1562338800
1128,R_4PhRzF4UI9ooLh7,CELLULAR_PHONE_CASE,2019-07-05,1562338800
1129,R_4PhRzF4UI9ooLh7,ABIS_BOOK,2019-07-05,1562338800
1130,R_4PhRzF4UI9ooLh7,SHIRT,2019-07-05,1562338800
1131,R_4PhRzF4UI9ooLh7,NUTRITIONAL_SUPPLEMENT,2019-07-05,1562338800
1132,R_4PhRzF4UI9ooLh7,MEDICATION,2019-07-05,1562338800
1133,R_55BKHeW1aOzYOUp,TOY_FIGURE,2019-07-05,1562338800
1134,R_55BKHeW1aOzYOUp,NIGHTGOWN_NIGHTSHIRT,2019-07-05,1562338800
1135,R_6Jw0sPgGkHLnKkp,SHIRT,2019-07-05,1562338800
1136,R_6Jw0sPgGkHLnKkp,CURTAIN_SWAG_HOLDER,2019-07-05,1562338800
1137,R_6Jw0sPgGkHLnKkp,SKIN_PROTECTANT,2019-07-05,1562338800
1138,R_8CXcySQawXPuJwJ,ELECTRONIC_CABLE,2019-07-05,1562338800
1139,R_8pMsG4P0RqzoSlz,VEHICLE_LIGHT_BULB,2019-07-05,1562338800
1140,R_8piDwWBq7V7tyZb,SKIN_MOISTURIZER,2019-07-05,1562338800
1141,R_8piDwWBq7V7tyZb,HEADPHONES,2019-07-05,1562338800
1142,R_AM0OvM0F9kBvqal,ELECTRONIC_CABLE,2019-07-05,1562338800
1143,R_BWhnv4EdbhSS6rf,PANTS,2019-07-05,1562338800
1144,R_Odixb15Ykmxb0Dn,BATTERY,2019-07-05,1562338800
1145,R_Odixb15Ykmxb0Dn,STORAGE_BAG,2019-07-05,1562338800
1146,R_Odixb15Ykmxb0Dn,HEALTH_PERSONAL_CARE,2019-07-05,1562338800
1147,R_Odixb15Ykmxb0Dn,CELLULAR_PHONE_CASE,2019-07-05,1562338800
1148,R_T4THXKAQCwg9ZXb,BATTERY,2019-07-05,1562338800
1149,R_T4THXKAQCwg9ZXb,DISPLAY_ALBUM,2019-07-05,1562338800
1150,R_T4THXKAQCwg9ZXb,SKIN_CLEANING_AGENT,2019-07-05,1562338800
1151,R_T4THXKAQCwg9ZXb,TABLET_COMPUTER,2019-07-05,1562338800
1152,R_T4THXKAQCwg9ZXb,VITAMIN,2019-07-05,1562338800
1153,R_VPWGdK1zBBekfAJ,VIDEO_GAME_CONSOLE,2019-07-05,1562338800
1154,R_VPWGdK1zBBekfAJ,NAIL_POLISH,2019-07-05,1562338800
1155,R_VPWGdK1zBBekfAJ,NUTRITIONAL_SUPPLEMENT,2019-07-05,1562338800
1156,R_XYsrPCXL5N6boad,GROMMETS,2019-07-05,1562338800
1157,R_XYsrPCXL5N6boad,LIGHT_FIXTURE,2019-07-05,1562338800
1158,R_XuCuybjxPer1OeJ,HEALTH_PERSONAL_CARE,2019-07-05,1562338800
1159,R_Y3PPLmdNg6NnwZz,MEDICATION,2019-07-05,1562338800
1160,R_ZkokwdIEZybYo9z,PHYSICAL_VIDEO_GAME_SOFTWARE,2019-07-05,1562338800
1161,R_afsmqQnUctcdeY9,VIDEO_GAME_HARDWARE,2019-07-05,1562338800
1162,R_afsmqQnUctcdeY9,PANTS,2019-07-05,1562338800
1163,R_b3dSUlk76L0C6TD,PET_FOOD,2019-07-05,1562338800
1164,R_b94CAnrDM9JIx4R,ABIS_BOOK,2019-07-05,1562338800
1165,R_pMnqpu31myYoxy1,BATTERY,2019-07-05,1562338800
1166,R_pRWnSKTREPIwpSF,SNACK_FOOD_BAR,2019-07-05,1562338800
1167,R_plnyqyltsGtao9P,HEALTH_PERSONAL_CARE,2019-07-05,1562338800
1168,R_plnyqyltsGtao9P,SHIRT,2019-07-05,1562338800
1169,R_r3IM83Ecq7eY7QJ,BATTERY,2019-07-05,1562338800
1170,R_r3IM83Ecq7eY7QJ,NUTRITIONAL_SUPPLEMENT,2019-07-05,1562338800
1171,R_r3IM83Ecq7eY7QJ,PHYSICAL_MOVIE,2019-07-05,1562338800
1172,R_r3IM83Ecq7eY7QJ,MEDICATION,2019-07-05,1562338800
1173,R_r3IM83Ecq7eY7QJ,SHIRT,2019-07-05,1562338800
1174,R_r3IM83Ecq7eY7QJ,DIGITAL_DEVICE_7,2019-07-05,1562338800
1175,R_r3IM83Ecq7eY7QJ,ELECTRONIC_CABLE,2019-07-05,1562338800
1176,R_r3IM83Ecq7eY7QJ,ELECTRONIC_CABLE,2019-07-05,1562338800
1177,R_tDI0MmPcVp5b2Xn,SANITARY_NAPKIN,2019-07-05,1562338800
1178,R_tJNLenUlMH5f4el,PHYSICAL_MOVIE,2019-07-05,1562338800
1179,R_tXHOaasrDjYwLO9,SHIRT,2019-07-05,1562338800
1180,R_upQla15Wb4pg1pv,VITAMIN,2019-07-05,1562338800
1181,R_xmW6sCBJmFDlI8V,VEHICLE_SAFETY_CAMERA,2019-07-05,1562338800
1182,R_xmW6sCBJmFDlI8V,CHISEL,2019-07-05,1562338800
1183,R_xmW6sCBJmFDlI8V,ELECTRIC_LIGHT,2019-07-05,1562338800
1184,R_xsyCKTazvY4vHbz,ABIS_BOOK,2019-07-05,1562338800
1185,R_xzt7BAlQUA8iNyh,SHIRT,2019-07-05,1562338800
1186,R_xzt7BAlQUA8iNyh,SHIRT,2019-07-05,1562338800
1187,R_xzt7BAlQUA8iNyh,PET_FOOD,2019-07-05,1562338800
1188,R_xzt7BAlQUA8iNyh,SHOES,2019-07-05,1562338800
1189,R_yJz6aXbKddNbgZz,STORAGE_BINDER,2019-07-05,1562338800
1190,R_zTf2i6s3E2OQZQR,LANDLINE_PHONE,2019-07-05,1562338800
1191,R_128UcvT7YzJpnZv,CISTERN,2019-07-06,1562425200
1192,R_1DJdUrYA1I0QAKh,BATTERY,2019-07-06,1562425200
1193,R_1DYjkc1gJNvrzzL,MEDICATION,2019-07-06,1562425200
1194,R_1DYjkc1gJNvrzzL,TRACTION_CLEAT,2019-07-06,1562425200
1195,R_1FrdQkXjcUod40Z,SCREEN_PROTECTOR,2019-07-06,1562425200
1196,R_1Fyt6rHyiQcVOT8,HAIR_CLIP,2019-07-06,1562425200
1197,R_1Fyt6rHyiQcVOT8,ABIS_BOOK,2019-07-06,1562425200
1198,R_1Fyt6rHyiQcVOT8,DECORATIVE_MAGNET,2019-07-06,1562425200
1199,R_1Fyt6rHyiQcVOT8,ABIS_BOOK,2019-07-06,1562425200
1200,R_1GVN63HjPpVXPEx,SWIMWEAR,2019-07-06,1562425200
1201,R_1JDhRjAMiEkIuKT,FURNITURE_LINER,2019-07-06,1562425200
1202,R_1NCzj2eSHI4QGcd,SKIN_CLEANING_AGENT,2019-07-06,1562425200
1203,R_1Nh9okz5clSAlfl,OUTDOOR_LIVING,2019-07-06,1562425200
1204,R_1Q9JeeKncbbLcz0,ELECTRONIC_CABLE,2019-07-06,1562425200
1205,R_1Q9JeeKncbbLcz0,SNACK_FOOD_BAR,2019-07-06,1562425200
1206,R_1Q9JeeKncbbLcz0,NAIL_POLISH,2019-07-06,1562425200
1207,R_1Q9JeeKncbbLcz0,PET_FOOD,2019-07-06,1562425200
1208,R_1Q9JeeKncbbLcz0,GROCERY,2019-07-06,1562425200
1209,R_1QLfbB3Lho273wG,GROCERY,2019-07-06,1562425200
1210,R_1QupmKjSh9fA4l4,UNDERPANTS,2019-07-06,1562425200
1211,R_1QupmKjSh9fA4l4,TOYS_AND_GAMES,2019-07-06,1562425200
1212,R_1QupmKjSh9fA4l4,CELLULAR_PHONE_CASE,2019-07-06,1562425200
1213,R_1QupmKjSh9fA4l4,SOCKS,2019-07-06,1562425200
1214,R_1Qyzwfx5HrXdw4U,POOL_COVER,2019-07-06,1562425200
1215,R_1ez4JQNwmuGXkQX,SKIN_MOISTURIZER,2019-07-06,1562425200
1216,R_1hJWB4rlc8B2yCi,PET_FOOD,2019-07-06,1562425200
1217,R_1jZkLNE1JdtyVpH,FISHING_NET,2019-07-06,1562425200
1218,R_1jZkLNE1JdtyVpH,BOTTLE_OPENER,2019-07-06,1562425200
1219,R_1lsgykNxEU4BXTI,CROCHET_HOOK,2019-07-06,1562425200
1220,R_1lsgykNxEU4BXTI,GROCERY,2019-07-06,1562425200
1221,R_1lsgykNxEU4BXTI,PET_FOOD,2019-07-06,1562425200
1222,R_1lxYa2W6GgcAQ19,TUNIC,2019-07-06,1562425200
1223,R_1lxYa2W6GgcAQ19,MOTION_DETECTOR_DEVICE,2019-07-06,1562425200
1224,R_1lxYa2W6GgcAQ19,SHOES,2019-07-06,1562425200
1225,R_1mEmb9jWLRYCU4e,SCREEN_PROTECTOR,2019-07-06,1562425200
1226,R_20O6baqxT4T2CbA,SUNGLASSES,2019-07-06,1562425200
1227,R_21ttkGbeIL6HdlR,NUTRITIONAL_SUPPLEMENT,2019-07-06,1562425200
1228,R_23enipHqTsjcQfN,PET_FOOD,2019-07-06,1562425200
1229,R_24csoaO569P4Yzz,PHYSICAL_MOVIE,2019-07-06,1562425200
1230,R_24csoaO569P4Yzz,PHYSICAL_MOVIE,2019-07-06,1562425200
1231,R_25SbPPTyE45YzXP,ANIMAL_FUR_CLEANER_CONDITIONER,2019-07-06,1562425200
1232,R_279ENCaNyRMf98u,MEDICATION,2019-07-06,1562425200
1233,R_279iRKETPanvFBW,CELLULAR_PHONE_CASE,2019-07-06,1562425200
1234,R_279iRKETPanvFBW,WHEEL,2019-07-06,1562425200
1235,R_27Nf8ImFlWu3J9O,HEALTH_PERSONAL_CARE,2019-07-06,1562425200
1236,R_27PZcbYfPDhwHcL,NUTRITIONAL_SUPPLEMENT,2019-07-06,1562425200
1237,R_27PZcbYfPDhwHcL,PET_FOOD,2019-07-06,1562425200
1238,R_27PZcbYfPDhwHcL,DRAWER_SLIDE,2019-07-06,1562425200
1239,R_27ydwfqncX77Mnd,CELLULAR_PHONE_CASE,2019-07-06,1562425200
1240,R_2AGpSTOzeeHqMYd,BATTERY,2019-07-06,1562425200
1241,R_2AGpSTOzeeHqMYd,SHIRT,2019-07-06,1562425200
1242,R_2AGpSTOzeeHqMYd,CELLULAR_PHONE_CASE,2019-07-06,1562425200
1243,R_2ASBFgthVbaGlF3,CAMERA_FILM,2019-07-06,1562425200
1244,R_2ASBFgthVbaGlF3,HEALTH_PERSONAL_CARE,2019-07-06,1562425200
1245,R_2ASBFgthVbaGlF3,BED_SKIRT,2019-07-06,1562425200
1246,R_2ASBFgthVbaGlF3,SHIRT,2019-07-06,1562425200
1247,R_2ASBFgthVbaGlF3,SNACK_FOOD_BAR,2019-07-06,1562425200
1248,R_2ASz0xBmcxqYzUJ,SCREEN_PROTECTOR,2019-07-06,1562425200
1249,R_2E5XCpTY2B5ZQ1f,SALAD_DRESSING,2019-07-06,1562425200
1250,R_2E5XCpTY2B5ZQ1f,PRESSURE_COOKER,2019-07-06,1562425200
1251,R_2E5XCpTY2B5ZQ1f,ELECTRONIC_SENSOR,2019-07-06,1562425200
1252,R_2EglJpTWGEiwQYa,SELF_DEFENSE_SPRAY,2019-07-06,1562425200
1253,R_2EglJpTWGEiwQYa,PITCHER,2019-07-06,1562425200
1254,R_2EglJpTWGEiwQYa,FOOD,2019-07-06,1562425200
1255,R_2R3ayuIYVgX07CZ,HEADPHONES,2019-07-06,1562425200
1256,R_2R3ayuIYVgX07CZ,HEALTH_PERSONAL_CARE,2019-07-06,1562425200
1257,R_2R3ayuIYVgX07CZ,SNACK_FOOD_BAR,2019-07-06,1562425200
1258,R_2R3ayuIYVgX07CZ,VITAMIN,2019-07-06,1562425200
1259,R_2R3ayuIYVgX07CZ,VITAMIN,2019-07-06,1562425200
1260,R_2R3ayuIYVgX07CZ,BATTERY,2019-07-06,1562425200
1261,R_2RUDh7piHU7frzt,ASHTRAY,2019-07-06,1562425200
1262,R_2WMQprO1e6US68f,BAKING_PAPER,2019-07-06,1562425200
1263,R_2WMQprO1e6US68f,HARDWARE_HINGE,2019-07-06,1562425200
1264,R_2Y9fPhqa2Xf2QdZ,SKIN_MOISTURIZER,2019-07-06,1562425200
1265,R_2Y9fPhqa2Xf2QdZ,PHYSICAL_MOVIE,2019-07-06,1562425200
1266,R_2Y9fPhqa2Xf2QdZ,ABIS_BOOK,2019-07-06,1562425200
1267,R_2Y9fPhqa2Xf2QdZ,SKIN_MOISTURIZER,2019-07-06,1562425200
1268,R_2Y9fPhqa2Xf2QdZ,LABEL,2019-07-06,1562425200
1269,R_2Y9fPhqa2Xf2QdZ,PHYSICAL_MOVIE,2019-07-06,1562425200
1270,R_2Y9fPhqa2Xf2QdZ,HEALTH_PERSONAL_CARE,2019-07-06,1562425200
1271,R_2YCU6JHbCzus4zy,VITAMIN,2019-07-06,1562425200
1272,R_2YYB0ZXHHFsMn1o,SCREEN_PROTECTOR,2019-07-06,1562425200
1273,R_2YeJ7ZNQ5xBFmxw,BATTERY,2019-07-06,1562425200
1274,R_2YeJ7ZNQ5xBFmxw,NAIL_POLISH_REMOVER,2019-07-06,1562425200
1275,R_2YeJ7ZNQ5xBFmxw,SHOES,2019-07-06,1562425200
1276,R_2ZEQSnRGlS7ZscC,TOYS_AND_GAMES,2019-07-06,1562425200
1277,R_2ZEQSnRGlS7ZscC,ASHTRAY,2019-07-06,1562425200
1278,R_2aKrOq0DBielcig,SHIRT,2019-07-06,1562425200
1279,R_2dxMXdrOUumZV2I,DRILL,2019-07-06,1562425200
1280,R_2dz21GRV17aGMQ6,WEARABLE_WEIGHT,2019-07-06,1562425200
1281,R_2fy7JSBbIRNQKLb,VITAMIN,2019-07-06,1562425200
1282,R_2fy7JSBbIRNQKLb,HUMIDITY_METER,2019-07-06,1562425200
1283,R_2fy7JSBbIRNQKLb,HEADPHONES,2019-07-06,1562425200
1284,R_2fy7JSBbIRNQKLb,ANIMAL_WATER_DISPENSER,2019-07-06,1562425200
1285,R_2pK2zZBvbieDcxb,MEDICATION,2019-07-06,1562425200
1286,R_2sSaxHDwxRTJZP3,HAND_SEWING_NEEDLE,2019-07-06,1562425200
1287,R_2uTysluImvxkQBY,SKIN_MOISTURIZER,2019-07-06,1562425200
1288,R_2ugDyrE1yi1FjvH,PHYSICAL_MOVIE,2019-07-06,1562425200
1289,R_2woyYEH5qlAG264,SNACK_FOOD_BAR,2019-07-06,1562425200
1290,R_2woyYEH5qlAG264,PANTS,2019-07-06,1562425200
1291,R_2z7rLZb69WuqDdf,SEWING_BUTTON,2019-07-06,1562425200
1292,R_2z7rLZb69WuqDdf,SNACK_FOOD_BAR,2019-07-06,1562425200
1293,R_2z7rLZb69WuqDdf,SHIRT,2019-07-06,1562425200
1294,R_2z7rLZb69WuqDdf,ORTHOPEDIC_BRACE,2019-07-06,1562425200
1295,R_2zUBXlqUCKqKDVI,PET_FOOD,2019-07-06,1562425200
1296,R_31SNC0DcyjBDcq3,COLLAPSIBLE_PLAY_STRUCTURE,2019-07-06,1562425200
1297,R_31SNC0DcyjBDcq3,PET_FOOD,2019-07-06,1562425200
1298,R_31SNC0DcyjBDcq3,STORAGE_BOX,2019-07-06,1562425200
1299,R_31SNC0DcyjBDcq3,HEALTH_PERSONAL_CARE,2019-07-06,1562425200
1300,R_31SNC0DcyjBDcq3,TOYS_AND_GAMES,2019-07-06,1562425200
1301,R_31SNC0DcyjBDcq3,MEDICAL_TEST_STRIP,2019-07-06,1562425200
1302,R_31SNC0DcyjBDcq3,REMOTE_CONTROL,2019-07-06,1562425200
1303,R_32Mm71oAJq2K9XK,JAR,2019-07-06,1562425200
1304,R_32Mm71oAJq2K9XK,SCREEN_PROTECTOR,2019-07-06,1562425200
1305,R_32Mm71oAJq2K9XK,PRESSER_FOOT,2019-07-06,1562425200
1306,R_32Mm71oAJq2K9XK,GROCERY,2019-07-06,1562425200
1307,R_33jcUkAZ8knoq82,FABRIC,2019-07-06,1562425200
1308,R_33jcUkAZ8knoq82,SHOES,2019-07-06,1562425200
1309,R_33jcUkAZ8knoq82,SKIN_CLEANING_AGENT,2019-07-06,1562425200
1310,R_33jcUkAZ8knoq82,SHIRT,2019-07-06,1562425200
1311,R_33jcUkAZ8knoq82,SKIN_CLEANING_AGENT,2019-07-06,1562425200
1312,R_33jcUkAZ8knoq82,SKIN_CLEANING_AGENT,2019-07-06,1562425200
1313,R_33jcUkAZ8knoq82,TECHNICAL_SPORT_SHOE,2019-07-06,1562425200
1314,R_33jcUkAZ8knoq82,SKIN_CLEANING_AGENT,2019-07-06,1562425200
1315,R_33jcUkAZ8knoq82,JEWELRY,2019-07-06,1562425200
1316,R_33jcUkAZ8knoq82,NUTRITIONAL_SUPPLEMENT,2019-07-06,1562425200
1317,R_33jcUkAZ8knoq82,TECHNICAL_SPORT_SHOE,2019-07-06,1562425200
1318,R_33jcUkAZ8knoq82,DRILL_BITS,2019-07-06,1562425200
1319,R_33jcUkAZ8knoq82,SPORT_EQUIPMENT_BAG_CASE,2019-07-06,1562425200
1320,R_33jcUkAZ8knoq82,SHOES,2019-07-06,1562425200
1321,R_33jcUkAZ8knoq82,JEWELRY,2019-07-06,1562425200
1322,R_33jcUkAZ8knoq82,SCREEN_PROTECTOR,2019-07-06,1562425200
1323,R_3GBSX5xvcH0uSyx,SHIRT,2019-07-06,1562425200
1324,R_3GD1CL4OyjglmbZ,SNACK_FOOD_BAR,2019-07-06,1562425200
1325,R_3HAk4tN4hE1Arcm,SKIN_MOISTURIZER,2019-07-06,1562425200
1326,R_3KHiP9QpzA2COVL,GROCERY,2019-07-06,1562425200
1327,R_3L20DbmNPSMtKUd,TOYS_AND_GAMES,2019-07-06,1562425200
1328,R_3L20DbmNPSMtKUd,SCREEN_PROTECTOR,2019-07-06,1562425200
1329,R_3P4QthjwwxEaV1m,ABIS_BOOK,2019-07-06,1562425200
1330,R_3P4QthjwwxEaV1m,MEDICATION,2019-07-06,1562425200
1331,R_3P4QthjwwxEaV1m,ABIS_BOOK,2019-07-06,1562425200
1332,R_3P4QthjwwxEaV1m,HEALTH_PERSONAL_CARE,2019-07-06,1562425200
1333,R_3P4QthjwwxEaV1m,PERSONAL_COMPUTER,2019-07-06,1562425200
1334,R_3P4QthjwwxEaV1m,SEWING_TOOL_SET,2019-07-06,1562425200
1335,R_3PcameSHVD10BZP,PET_FOOD,2019-07-06,1562425200
1336,R_3PcameSHVD10BZP,MESS_KIT,2019-07-06,1562425200
1337,R_3PcameSHVD10BZP,WAIST_PACK,2019-07-06,1562425200
1338,R_3R3FfvTaRKxigNl,SCREEN_PROTECTOR,2019-07-06,1562425200
1339,R_3RpTNwsri1SSxeL,CARGO_STRAP,2019-07-06,1562425200
1340,R_3RpTNwsri1SSxeL,PHYSICAL_MOVIE,2019-07-06,1562425200
1341,R_3e82J7pYxj5XP7j,PHYSICAL_MOVIE,2019-07-06,1562425200
1342,R_3e82J7pYxj5XP7j,SHOES,2019-07-06,1562425200
1343,R_3e82J7pYxj5XP7j,ANIMAL_STAIR,2019-07-06,1562425200
1344,R_3e82J7pYxj5XP7j,DESK,2019-07-06,1562425200
1345,R_3e82J7pYxj5XP7j,PHYSICAL_TV_SERIES,2019-07-06,1562425200
1346,R_3eqS2JnufvMcjz6,ELECTRONIC_CABLE,2019-07-06,1562425200
1347,R_3fBmKcLTAgFITMo,CALENDAR,2019-07-06,1562425200
1348,R_3g1vpqtwzgBUs93,TOYS_AND_GAMES,2019-07-06,1562425200
1349,R_3ik7mYg7wgFsyfj,SYRUP,2019-07-06,1562425200
1350,R_3iydBpfsKD9jRTq,NUTRITIONAL_SUPPLEMENT,2019-07-06,1562425200
1351,R_3m3H4mwZ2snYFua,CARRIER_BAG_CASE,2019-07-06,1562425200
1352,R_3mm166mlwrLpf6y,PHYSICAL_MOVIE,2019-07-06,1562425200
1353,R_3mm166mlwrLpf6y,CELLULAR_PHONE_CASE,2019-07-06,1562425200
1354,R_3qTFp0FJqUeMhVZ,SKIN_CLEANING_AGENT,2019-07-06,1562425200
1355,R_3qTFp0FJqUeMhVZ,DRILL,2019-07-06,1562425200
1356,R_3qTFp0FJqUeMhVZ,PORTABLE_ELECTRONIC_DEVICE_COVER,2019-07-06,1562425200
1357,R_3qTFp0FJqUeMhVZ,SEXUAL_STIMULATION_DEVICE,2019-07-06,1562425200
1358,R_3qTFp0FJqUeMhVZ,PHYSICAL_MOVIE,2019-07-06,1562425200
1359,R_3rZHdmB75jSgwhr,GROCERY,2019-07-06,1562425200
1360,R_3s02y9lg8GCo9q0,FOOTWEAR_CARE_KIT,2019-07-06,1562425200
1361,R_3s60LmlFm5fAEP5,WATER_PURIFICATION_UNIT,2019-07-06,1562425200
1362,R_3s60LmlFm5fAEP5,PET_FOOD,2019-07-06,1562425200
1363,R_3s60LmlFm5fAEP5,ABIS_BOOK,2019-07-06,1562425200
1364,R_3s60LmlFm5fAEP5,TOYS_AND_GAMES,2019-07-06,1562425200
1365,R_5uabKnJBMc7HyEN,BATTERY,2019-07-06,1562425200
1366,R_85OdkeCoFP5daLL,LITTER_BOX,2019-07-06,1562425200
1367,R_85OdkeCoFP5daLL,POWER_SUPPLIES_OR_PROTECTION,2019-07-06,1562425200
1368,R_AEBbAiW2xdXI2at,PET_FOOD,2019-07-06,1562425200
1369,R_AEBbAiW2xdXI2at,NUTRITIONAL_SUPPLEMENT,2019-07-06,1562425200
1370,R_BWhnv4EdbhSS6rf,SHIRT,2019-07-06,1562425200
1371,R_Xt4H8BJ1Vx7ws8h,SHOES,2019-07-06,1562425200
1372,R_Y3TdYiBodZOLXlT,SHIPPING_BOX,2019-07-06,1562425200
1373,R_Y3TdYiBodZOLXlT,ABIS_BOOK,2019-07-06,1562425200
1374,R_d5O7dqvA1EWCrPb,SKIN_CLEANING_AGENT,2019-07-06,1562425200
1375,R_d5O7dqvA1EWCrPb,SHOES,2019-07-06,1562425200
1376,R_e8KTElZZLWryLWp,CHARGING_ADAPTER,2019-07-06,1562425200
1377,R_e8KTElZZLWryLWp,PHYSICAL_MOVIE,2019-07-06,1562425200
1378,R_e8KTElZZLWryLWp,VACUUM_CLEANER_BAG,2019-07-06,1562425200
1379,R_e8KTElZZLWryLWp,SKEWER,2019-07-06,1562425200
1380,R_e8KTElZZLWryLWp,HEADPHONES,2019-07-06,1562425200
1381,R_e8KTElZZLWryLWp,CHARGING_ADAPTER,2019-07-06,1562425200
1382,R_e8KTElZZLWryLWp,SHOES,2019-07-06,1562425200
1383,R_r1oTDkv1OlGnNuN,AIR_MATTRESS,2019-07-06,1562425200
1384,R_tDI0MmPcVp5b2Xn,VITAMIN,2019-07-06,1562425200
1385,R_tJNLenUlMH5f4el,SHOES,2019-07-06,1562425200
1386,R_u94bdSj5JBe7WZb,ELECTRONIC_CABLE,2019-07-06,1562425200
1387,R_u99XwBV1boyooXT,AMAZON_TABLET_ACCESSORY,2019-07-06,1562425200
1388,R_u99XwBV1boyooXT,TABLETOP_GAME,2019-07-06,1562425200
1389,R_u99XwBV1boyooXT,HEADPHONES,2019-07-06,1562425200
1390,R_vibbKYNRocMGJ0t,RECIPROCATING_HEDGE_TRIMMER,2019-07-06,1562425200
1391,R_xDvEzzSGeDDkvU5,BREAST_PUMP,2019-07-06,1562425200
1392,R_yJz6aXbKddNbgZz,SHOES,2019-07-06,1562425200
1393,R_yJz6aXbKddNbgZz,ABIS_BOOK,2019-07-06,1562425200
1394,R_0f8u2tSB99LkgCt,TOYS_AND_GAMES,2019-07-07,1562511600
1395,R_0pRmRjHkwStzNQJ,SHOES,2019-07-07,1562511600
1396,R_129jUlsvVcVBDur,STEERING_WHEEL_COVER,2019-07-07,1562511600
1397,R_1C8w4NDDQC5fcgE,ELECTRONIC_CABLE,2019-07-07,1562511600
1398,R_1C9YUFD8GunlGej,TOYS_AND_GAMES,2019-07-07,1562511600
1399,R_1C9YUFD8GunlGej,SKIN_MOISTURIZER,2019-07-07,1562511600
1400,R_1DYWdbAMt6LyCZH,SMOKING_PIPE,2019-07-07,1562511600
1401,R_1FWSWSjBuPMvSgx,TOPICAL_HAIR_REGROWTH_TREATMENT,2019-07-07,1562511600
1402,R_1FWSWSjBuPMvSgx,SHOES,2019-07-07,1562511600
1403,R_1FWSWSjBuPMvSgx,VITAMIN,2019-07-07,1562511600
1404,R_1FWSWSjBuPMvSgx,SURVEILANCE_SYSTEMS,2019-07-07,1562511600
1405,R_1FWSWSjBuPMvSgx,WEATHER_STRIPPING,2019-07-07,1562511600
1406,R_1Fb4EL4IE75q7lf,HEADPHONES,2019-07-07,1562511600
1407,R_1Fb4EL4IE75q7lf,ABIS_BOOK,2019-07-07,1562511600
1408,R_1GghoTNZdgUeySl,SYSTEM_CABINET,2019-07-07,1562511600
1409,R_1It3uPOCs8UZVMn,SUGAR_CANDY,2019-07-07,1562511600
1410,R_1Kru2C0Zf28ZbQ0,SOUND_AND_RECORDING_EQUIPMENT,2019-07-07,1562511600
1411,R_1Luv7PTSNMEjqFV,AIR_PURIFIER,2019-07-07,1562511600
1412,R_1NFde2vzLpu8IWT,BARBECUE_TOOL_SET,2019-07-07,1562511600
1413,R_1QKu8qtvgo0d1uS,SHIRT,2019-07-07,1562511600
1414,R_1dlSByn2AyHWx7r,ITEM_CONTAINER,2019-07-07,1562511600
1415,R_1dlSByn2AyHWx7r,FASTENER_DRIVE_BIT,2019-07-07,1562511600
1416,R_1dlSByn2AyHWx7r,GROCERY,2019-07-07,1562511600
1417,R_1esG9Jlh9NISLaO,ADHESIVE_TAPES,2019-07-07,1562511600
1418,R_1esG9Jlh9NISLaO,SNACK_FOOD_BAR,2019-07-07,1562511600
1419,R_1esG9Jlh9NISLaO,ADHESIVE_TAPES,2019-07-07,1562511600
1420,R_1esG9Jlh9NISLaO,ABIS_BOOK,2019-07-07,1562511600
1421,R_1hFMTehZQIAcBvZ,GARLIC_PRESS,2019-07-07,1562511600
1422,R_1hFMTehZQIAcBvZ,FRUIT_SNACK,2019-07-07,1562511600
1423,R_1hFMTehZQIAcBvZ,PET_FOOD,2019-07-07,1562511600
1424,R_1lxYa2W6GgcAQ19,TUNIC,2019-07-07,1562511600
1425,R_1lxYa2W6GgcAQ19,GROCERY,2019-07-07,1562511600
1426,R_1mEmb9jWLRYCU4e,WIPER_BLADE,2019-07-07,1562511600
1427,R_1mEmb9jWLRYCU4e,SHIRT,2019-07-07,1562511600
1428,R_1mEmb9jWLRYCU4e,ELECTRONIC_CABLE,2019-07-07,1562511600
1429,R_1mEmb9jWLRYCU4e,MEDICATION,2019-07-07,1562511600
1430,R_1mEmb9jWLRYCU4e,HAIR_CLIP,2019-07-07,1562511600
1431,R_1mEmb9jWLRYCU4e,HEALTH_PERSONAL_CARE,2019-07-07,1562511600
1432,R_1mEmb9jWLRYCU4e,PANTS,2019-07-07,1562511600
1433,R_1mEmb9jWLRYCU4e,HEAT_PRESS,2019-07-07,1562511600
1434,R_1mEmb9jWLRYCU4e,SNACK_FOOD_BAR,2019-07-07,1562511600
1435,R_1mEmb9jWLRYCU4e,PET_FOOD,2019-07-07,1562511600
1436,R_1mEmb9jWLRYCU4e,SKIN_CLEANING_AGENT,2019-07-07,1562511600
1437,R_1mEmb9jWLRYCU4e,PHYSICAL_MOVIE,2019-07-07,1562511600
1438,R_1mEmb9jWLRYCU4e,SHIRT,2019-07-07,1562511600
1439,R_1mEmb9jWLRYCU4e,SKIN_CLEANING_AGENT,2019-07-07,1562511600
1440,R_1nOCRAcsi1AU77q,BATTERY,2019-07-07,1562511600
1441,R_1pm2Wo5wrQSY0Gm,IGNITION_COIL,2019-07-07,1562511600
1442,R_1pm2Wo5wrQSY0Gm,HARDWARE_CLAMP_VISE,2019-07-07,1562511600
1443,R_1zVJnDAfoFLamOd,MASCARA,2019-07-07,1562511600
1444,R_20V7srZUzANQQ4T,SHOES,2019-07-07,1562511600
1445,R_21uibgT9dgqRD9J,PANTS,2019-07-07,1562511600
1446,R_22nS4Bu8Q3B84gf,PET_FOOD,2019-07-07,1562511600
1447,R_24MKoSmvuiLEI76,GIFT_WRAP,2019-07-07,1562511600
1448,R_24MKoSmvuiLEI76,COOKIE_CUTTER,2019-07-07,1562511600
1449,R_24csoaO569P4Yzz,OUTERWEAR,2019-07-07,1562511600
1450,R_24csoaO569P4Yzz,SPARK_PLUG,2019-07-07,1562511600
1451,R_24csoaO569P4Yzz,ELECTRONIC_CABLE,2019-07-07,1562511600
1452,R_24csoaO569P4Yzz,SKIN_CLEANING_AGENT,2019-07-07,1562511600
1453,R_25KMnVsE9ynaHcA,PROTECTIVE_GLOVE,2019-07-07,1562511600
1454,R_25KMnVsE9ynaHcA,HEADPHONES,2019-07-07,1562511600
1455,R_25SbPPTyE45YzXP,ABIS_BOOK,2019-07-07,1562511600
1456,R_25SbPPTyE45YzXP,CELLULAR_PHONE_CASE,2019-07-07,1562511600
1457,R_25Wwg273Uw26jA1,PET_FOOD,2019-07-07,1562511600
1458,R_25Wwg273Uw26jA1,WEBCAM,2019-07-07,1562511600
1459,R_2DNtqbBKGHzSDN9,ADHESIVES_AND_SEALANTS,2019-07-07,1562511600
1460,R_2EglJpTWGEiwQYa,BATTERY,2019-07-07,1562511600
1461,R_2QEQOSl4i81CHb1,PANTS,2019-07-07,1562511600
1462,R_2QXJIE0UXBTy8wd,ABIS_BOOK,2019-07-07,1562511600
1463,R_2QXJIE0UXBTy8wd,MEDICATION,2019-07-07,1562511600
1464,R_2R20tGsAciB0E9U,SHIRT,2019-07-07,1562511600
1465,R_2R20tGsAciB0E9U,HEALTH_PERSONAL_CARE,2019-07-07,1562511600
1466,R_2R20tGsAciB0E9U,MEDICATION,2019-07-07,1562511600
1467,R_2WAagX64hf1kdMI,HEADPHONES,2019-07-07,1562511600
1468,R_2WAagX64hf1kdMI,VITAMIN,2019-07-07,1562511600
1469,R_2WAagX64hf1kdMI,SNACK_FOOD_BAR,2019-07-07,1562511600
1470,R_2WAagX64hf1kdMI,MEDICATION,2019-07-07,1562511600
1471,R_2WAagX64hf1kdMI,SKIN_MOISTURIZER,2019-07-07,1562511600
1472,R_2WAagX64hf1kdMI,SNACK_FOOD_BAR,2019-07-07,1562511600
1473,R_2XoI6KbLJRGFz5X,SANDAL,2019-07-07,1562511600
1474,R_2XoI6KbLJRGFz5X,BOTTLE_OPENER,2019-07-07,1562511600
1475,R_2YeJ7ZNQ5xBFmxw,HOSE_PIPE_FITTING,2019-07-07,1562511600
1476,R_2ZEoREY3x7s7zEM,VITAMIN,2019-07-07,1562511600
1477,R_2aldwxmUZox7Yfd,GROCERY,2019-07-07,1562511600
1478,R_2c0kxk2rIJClCxm,SHOES,2019-07-07,1562511600
1479,R_2c0kxk2rIJClCxm,SHORTS,2019-07-07,1562511600
1480,R_2c0kxk2rIJClCxm,SKIRT,2019-07-07,1562511600
1481,R_2cvmrv8q51q8yh1,CONDOM,2019-07-07,1562511600
1482,R_2dY2NzAgp2digAs,MEDICATION,2019-07-07,1562511600
1483,R_2dY2NzAgp2digAs,SOUND_AND_RECORDING_EQUIPMENT,2019-07-07,1562511600
1484,R_2ebzj3o225IisIQ,TOY_VEHICLE_SET,2019-07-07,1562511600
1485,R_2mKYTXpTsUEkSGt,TAPE_LABEL_DISPENSER,2019-07-07,1562511600
1486,R_2mKYTXpTsUEkSGt,TOYS_AND_GAMES,2019-07-07,1562511600
1487,R_2qjAN1lyLAdAxT2,ABIS_BOOK,2019-07-07,1562511600
1488,R_2qjAN1lyLAdAxT2,PANTS,2019-07-07,1562511600
1489,R_2qjAN1lyLAdAxT2,CELLULAR_PHONE_CASE,2019-07-07,1562511600
1490,R_2qjAN1lyLAdAxT2,HEALTH_PERSONAL_CARE,2019-07-07,1562511600
1491,R_2qjAN1lyLAdAxT2,CULINARY_SALT,2019-07-07,1562511600
1492,R_2r7Zl5CTeW1dMqd,VACUUM_SEALER_MACHINE,2019-07-07,1562511600
1493,R_2r7Zl5CTeW1dMqd,SNACK_FOOD_BAR,2019-07-07,1562511600
1494,R_2sSaxHDwxRTJZP3,ELECTRONIC_CABLE,2019-07-07,1562511600
1495,R_2sSaxHDwxRTJZP3,SCREEN_PROTECTOR,2019-07-07,1562511600
1496,R_2uQjJxSekSWj3qM,SKIN_MOISTURIZER,2019-07-07,1562511600
1497,R_2woyYEH5qlAG264,CELLULAR_PHONE_CASE,2019-07-07,1562511600
1498,R_2yplkUxhAWZaFUL,WIRELESS_ACCESSORY,2019-07-07,1562511600
1499,R_2ze9t15YGQDJxR3,TOYS_AND_GAMES,2019-07-07,1562511600
1500,R_3093m6Spz9VzxAK,WIRELESS_AUDIO_ADAPTER,2019-07-07,1562511600
1501,R_3093m6Spz9VzxAK,VEHICLE_CARGO_CARRIER,2019-07-07,1562511600
1502,R_32LAHRoBCbjkYZj,SHOES,2019-07-07,1562511600
1503,R_32LAHRoBCbjkYZj,BACKPACK,2019-07-07,1562511600
1504,R_32MgYCncUh7NkQE,SKIN_MOISTURIZER,2019-07-07,1562511600
1505,R_33El0GX9AkXCVDU,SCREEN_PROTECTOR,2019-07-07,1562511600
1506,R_33jcUkAZ8knoq82,VINEGAR,2019-07-07,1562511600
1507,R_39HhVszlqdawZPP,ABIS_BOOK,2019-07-07,1562511600
1508,R_3CVMAH13SNAWjLZ,NUTRITIONAL_SUPPLEMENT,2019-07-07,1562511600
1509,R_3Ebh099lpNz7iC2,LIGHT_BULB,2019-07-07,1562511600
1510,R_3Ge2RzIsoM2g5lL,PET_PEST_CONTROL,2019-07-07,1562511600
1511,R_3HLKIA2u3ZnY9lM,SUNGLASSES,2019-07-07,1562511600
1512,R_3JK3aP5uRxffXiy,CELLULAR_PHONE_CASE,2019-07-07,1562511600
1513,R_3L51Lbe8dT8TJHD,PHYSICAL_MOVIE,2019-07-07,1562511600
1514,R_3M3RSZ7wNRSaxNx,OTTOMAN,2019-07-07,1562511600
1515,R_3MhBAq6V6XHU9ln,ELECTRONIC_CABLE,2019-07-07,1562511600
1516,R_3MyEdXOZ8P75S1V,FRUIT_SNACK,2019-07-07,1562511600
1517,R_3OdXDDGsG2bvbXb,SKIN_CLEANING_AGENT,2019-07-07,1562511600
1518,R_3OdXDDGsG2bvbXb,BATTERY,2019-07-07,1562511600
1519,R_3OdXDDGsG2bvbXb,SCREEN_PROTECTOR,2019-07-07,1562511600
1520,R_3Pc1ZZfNy58AvgE,SCREEN_PROTECTOR,2019-07-07,1562511600
1521,R_3QtdtxnX6fJnkNr,HEADPHONES,2019-07-07,1562511600
1522,R_3ebnP0qUIQ7u38i,TIGHTS,2019-07-07,1562511600
1523,R_3ebnP0qUIQ7u38i,SHIPPING_BOX,2019-07-07,1562511600
1524,R_3ebnP0qUIQ7u38i,ELECTRONIC_CABLE,2019-07-07,1562511600
1525,R_3g6FdS9TC745S4Y,MOP_BUCKET_SET,2019-07-07,1562511600
1526,R_3g6FdS9TC745S4Y,ELECTRONIC_CABLE,2019-07-07,1562511600
1527,R_3ixUxNOUiEYD7KJ,SAFETY_SUPPLY,2019-07-07,1562511600
1528,R_3lXswIAy7Qq6UEZ,GROCERY,2019-07-07,1562511600
1529,R_3lXswIAy7Qq6UEZ,CARPET_UPHOLSTERY_CLEANING_MACHINE,2019-07-07,1562511600
1530,R_3lXswIAy7Qq6UEZ,BATTERY,2019-07-07,1562511600
1531,R_3n2VXT4Z99FpnEG,FOOD_STORAGE_BAG,2019-07-07,1562511600
1532,R_3n2VXT4Z99FpnEG,CELLULAR_PHONE_CASE,2019-07-07,1562511600
1533,R_3n2VXT4Z99FpnEG,PET_FOOD,2019-07-07,1562511600
1534,R_3n2VXT4Z99FpnEG,SNACK_FOOD_BAR,2019-07-07,1562511600
1535,R_3n2VXT4Z99FpnEG,FOOD_STORAGE_BAG,2019-07-07,1562511600
1536,R_3n2VXT4Z99FpnEG,PANTS,2019-07-07,1562511600
1537,R_3n2VXT4Z99FpnEG,BLOOD_LANCET,2019-07-07,1562511600
1538,R_3oO3DoeTgXHrEzx,STORAGE_RACK,2019-07-07,1562511600
1539,R_3oO3DoeTgXHrEzx,SNACK_FOOD_BAR,2019-07-07,1562511600
1540,R_3qTFp0FJqUeMhVZ,SNACK_FOOD_BAR,2019-07-07,1562511600
1541,R_3qTFp0FJqUeMhVZ,BICYCLE,2019-07-07,1562511600
1542,R_3qTFp0FJqUeMhVZ,TOYS_AND_GAMES,2019-07-07,1562511600
1543,R_3qTFp0FJqUeMhVZ,AUTO_PART,2019-07-07,1562511600
1544,R_3qTFp0FJqUeMhVZ,SKIN_CLEANING_AGENT,2019-07-07,1562511600
1545,R_3qahw7Bskcnb8CK,GROCERY,2019-07-07,1562511600
1546,R_3rSVzZdjthhnCx0,HEADPHONES,2019-07-07,1562511600
1547,R_3socPWD3wXD0iDP,SKIN_CLEANING_AGENT,2019-07-07,1562511600
1548,R_A0ZwhLeBVySdW8N,VITAMIN,2019-07-07,1562511600
1549,R_A0ZwhLeBVySdW8N,PHYSICAL_MOVIE,2019-07-07,1562511600
1550,R_A0ZwhLeBVySdW8N,HEALTH_PERSONAL_CARE,2019-07-07,1562511600
1551,R_A5Mg9h1PiJL0Wyd,PHYSICAL_VIDEO_GAME_SOFTWARE,2019-07-07,1562511600
1552,R_A5Mg9h1PiJL0Wyd,TOOTHBRUSH,2019-07-07,1562511600
1553,R_A5Mg9h1PiJL0Wyd,HAIR_BRUSH,2019-07-07,1562511600
1554,R_DBhzVeGIG4SLSYV,ANIMAL_WATER_DISPENSER,2019-07-07,1562511600
1555,R_PwlnzzccUMXV0n7,CELLULAR_PHONE_CASE,2019-07-07,1562511600
1556,R_WerZwuLkMK4zfVf,TOYS_AND_GAMES,2019-07-07,1562511600
1557,R_WerZwuLkMK4zfVf,NUTRITIONAL_SUPPLEMENT,2019-07-07,1562511600
1558,R_WerZwuLkMK4zfVf,DRYER,2019-07-07,1562511600
1559,R_WerZwuLkMK4zfVf,PET_FOOD,2019-07-07,1562511600
1560,R_XsIUODlniv0lMu5,SHOES,2019-07-07,1562511600
1561,R_ZkokwdIEZybYo9z,PHYSICAL_MOVIE,2019-07-07,1562511600
1562,R_ZkokwdIEZybYo9z,SNACK_CHIP_AND_CRISP,2019-07-07,1562511600
1563,R_b8UnkZJoU93ZxEB,NUTRITIONAL_SUPPLEMENT,2019-07-07,1562511600
1564,R_b8UnkZJoU93ZxEB,MEDICATION,2019-07-07,1562511600
1565,R_b8UnkZJoU93ZxEB,LANDLINE_PHONE,2019-07-07,1562511600
1566,R_b8UnkZJoU93ZxEB,AIR_GUN_PROJECTILE,2019-07-07,1562511600
1567,R_b94CAnrDM9JIx4R,INKJET_PRINTER_INK,2019-07-07,1562511600
1568,R_bJI8lmXMZWL6oql,HEALTH_PERSONAL_CARE,2019-07-07,1562511600
1569,R_bJbNhR1I5NnLKb7,KITE,2019-07-07,1562511600
1570,R_bJbNhR1I5NnLKb7,BATTERY,2019-07-07,1562511600
1571,R_bJbNhR1I5NnLKb7,CELLULAR_PHONE_CASE,2019-07-07,1562511600
1572,R_reG3llJtTwO6ccV,TOOTHBRUSH,2019-07-07,1562511600
1573,R_reG3llJtTwO6ccV,SAFETY_MASK,2019-07-07,1562511600
1574,R_reG3llJtTwO6ccV,VITAMIN,2019-07-07,1562511600
1575,R_reG3llJtTwO6ccV,ABIS_BOOK,2019-07-07,1562511600
1576,R_reG3llJtTwO6ccV,MEDICATION,2019-07-07,1562511600
1577,R_reG3llJtTwO6ccV,TOYS_AND_GAMES,2019-07-07,1562511600
1578,R_reG3llJtTwO6ccV,PET_SUPPLIES,2019-07-07,1562511600
1579,R_tDI0MmPcVp5b2Xn,TOOTH_WHITENER,2019-07-07,1562511600
1580,R_tDI0MmPcVp5b2Xn,TEA_INFUSER,2019-07-07,1562511600
1581,R_tDI0MmPcVp5b2Xn,HERBAL_SUPPLEMENT,2019-07-07,1562511600
1582,R_tJNLenUlMH5f4el,BONDING_ADHESIVES,2019-07-07,1562511600
1583,R_tSTu20YCb20zL5D,HEADPHONES,2019-07-07,1562511600
1584,R_uqbcSq7y153jKmZ,SNACK_FOOD_BAR,2019-07-07,1562511600
1585,R_vYtQIbKQv9vFKuZ,SCREEN_PROTECTOR,2019-07-07,1562511600
1586,R_vYtQIbKQv9vFKuZ,HEADPHONES,2019-07-07,1562511600
1587,R_vYtQIbKQv9vFKuZ,GROCERY,2019-07-07,1562511600
1588,R_vYtQIbKQv9vFKuZ,CELLULAR_PHONE_CASE,2019-07-07,1562511600
1589,R_vYtQIbKQv9vFKuZ,TOYS_AND_GAMES,2019-07-07,1562511600
1590,R_z1mFB9Qp9HSTCIV,PANTS,2019-07-07,1562511600
1591,R_0f8u2tSB99LkgCt,SHIRT,2019-07-08,1562598000
1592,R_0wCTiXC54rMN0J3,SCULPTING_MATERIAL,2019-07-08,1562598000
1593,R_0wCTiXC54rMN0J3,ABIS_BOOK,2019-07-08,1562598000
1594,R_0wCTiXC54rMN0J3,SKIN_MOISTURIZER,2019-07-08,1562598000
1595,R_0wCTiXC54rMN0J3,SCREEN_PROTECTOR,2019-07-08,1562598000
1596,R_0wCTiXC54rMN0J3,ELECTRONIC_CABLE,2019-07-08,1562598000
1597,R_10YnFpDzlwQlmrX,CORSET,2019-07-08,1562598000
1598,R_10YnFpDzlwQlmrX,CELLULAR_PHONE_CASE,2019-07-08,1562598000
1599,R_1C4tcyEfmcsKI9X,ICE_MAKER,2019-07-08,1562598000
1600,R_1C4tcyEfmcsKI9X,SNACK_FOOD_BAR,2019-07-08,1562598000
1601,R_1CDqTWLWIk642Vp,HEALTH_PERSONAL_CARE,2019-07-08,1562598000
1602,R_1CDqTWLWIk642Vp,ELECTRIC_HEATING_PAD,2019-07-08,1562598000
1603,R_1DJdUrYA1I0QAKh,GROCERY,2019-07-08,1562598000
1604,R_1Fyt6rHyiQcVOT8,PANTS,2019-07-08,1562598000
1605,R_1Fyt6rHyiQcVOT8,SKIN_MOISTURIZER,2019-07-08,1562598000
1606,R_1Fyt6rHyiQcVOT8,FOOD_STORAGE_CONTAINER,2019-07-08,1562598000
1607,R_1GVN63HjPpVXPEx,NUTRITIONAL_SUPPLEMENT,2019-07-08,1562598000
1608,R_1GVN63HjPpVXPEx,CANDLE_HOLDER,2019-07-08,1562598000
1609,R_1IaYiTSaUaD2W2i,SAUNA,2019-07-08,1562598000
1610,R_1IaYiTSaUaD2W2i,MACHINE_LUBRICANT,2019-07-08,1562598000
1611,R_1JDhRjAMiEkIuKT,SKIN_MOISTURIZER,2019-07-08,1562598000
1612,R_1LIJDv6NDuvkCi4,VITAMIN,2019-07-08,1562598000
1613,R_1QKu8qtvgo0d1uS,HEADPHONES,2019-07-08,1562598000
1614,R_1QozBaV2v9k1qO9,PANTS,2019-07-08,1562598000
1615,R_1QozBaV2v9k1qO9,VITAMIN,2019-07-08,1562598000
1616,R_1QozBaV2v9k1qO9,GROCERY,2019-07-08,1562598000
1617,R_1QozBaV2v9k1qO9,HEALTH_PERSONAL_CARE,2019-07-08,1562598000
1618,R_1QozBaV2v9k1qO9,TOYS_AND_GAMES,2019-07-08,1562598000
1619,R_1QozBaV2v9k1qO9,MEDICATION,2019-07-08,1562598000
1620,R_1gjdRVy7DXPMldc,SHIRT,2019-07-08,1562598000
1621,R_1gjdRVy7DXPMldc,VEHICLE_TIRE,2019-07-08,1562598000
1622,R_1hLPyY3aamfi3xT,SHOES,2019-07-08,1562598000
1623,R_1hMV4AHCk04WO5V,SHIRT,2019-07-08,1562598000
1624,R_1l4zCtGUTvAWdS6,SHOE_INSERT,2019-07-08,1562598000
1625,R_1lAIBWf5Qsww7eT,FASTENER_DRIVE_BIT,2019-07-08,1562598000
1626,R_1lAIBWf5Qsww7eT,SNACK_FOOD_BAR,2019-07-08,1562598000
1627,R_1lfNYOmsEIqOn65,SOIL,2019-07-08,1562598000
1628,R_1lfNYOmsEIqOn65,SNACK_FOOD_BAR,2019-07-08,1562598000
1629,R_1mQrQ5EFGvbBRLb,HEADPHONES,2019-07-08,1562598000
1630,R_1oFSDeGAQcUN2v8,TOYS_AND_GAMES,2019-07-08,1562598000
1631,R_1owkdABF1wNKFKI,TOYS_AND_GAMES,2019-07-08,1562598000
1632,R_1qdM6yLQigCFrkd,SKIN_MOISTURIZER,2019-07-08,1562598000
1633,R_1zVJnDAfoFLamOd,SCREEN_PROTECTOR,2019-07-08,1562598000
1634,R_20O6baqxT4T2CbA,PORTABLE_ELECTRONIC_DEVICE_MOUNT,2019-07-08,1562598000
1635,R_20TAzxGcUSMw2Gy,PET_FOOD,2019-07-08,1562598000
1636,R_20TAzxGcUSMw2Gy,PET_PEST_CONTROL,2019-07-08,1562598000
1637,R_21GPeeqYRjC1kb1,SNACK_FOOD_BAR,2019-07-08,1562598000
1638,R_21ttkGbeIL6HdlR,SHOES,2019-07-08,1562598000
1639,R_21ttkGbeIL6HdlR,SKIN_FOUNDATION_CONCEALER,2019-07-08,1562598000
1640,R_22DJIjS0M8yvaYO,POWERSPORTS_PROTECTIVE_GEAR,2019-07-08,1562598000
1641,R_24csoaO569P4Yzz,SCREEN_PROTECTOR,2019-07-08,1562598000
1642,R_24csoaO569P4Yzz,CELLULAR_PHONE_CASE,2019-07-08,1562598000
1643,R_24csoaO569P4Yzz,SCREEN_PROTECTOR,2019-07-08,1562598000
1644,R_25Wwg273Uw26jA1,PET_FOOD,2019-07-08,1562598000
1645,R_25Wwg273Uw26jA1,HEADPHONES,2019-07-08,1562598000
1646,R_25Wwg273Uw26jA1,HEALTH_PERSONAL_CARE,2019-07-08,1562598000
1647,R_25z5LHPaAsxktx7,HEADPHONES,2019-07-08,1562598000
1648,R_28SckJ1LanzFPvD,TEMPORARY_TATTOO,2019-07-08,1562598000
1649,R_28SckJ1LanzFPvD,DAILY_LIVING_AIDS,2019-07-08,1562598000
1650,R_2B38co9cwVRvVZA,SKIN_CLEANING_AGENT,2019-07-08,1562598000
1651,R_2B38co9cwVRvVZA,SKIN_EXFOLIANT,2019-07-08,1562598000
1652,R_2CJ9tQVGVUnaesS,PHYSICAL_MOVIE,2019-07-08,1562598000
1653,R_2DSmjafbkSAict9,HEALTH_PERSONAL_CARE,2019-07-08,1562598000
1654,R_2E5XCpTY2B5ZQ1f,CLEANING_AGENT,2019-07-08,1562598000
1655,R_2E5XCpTY2B5ZQ1f,SKIN_MOISTURIZER,2019-07-08,1562598000
1656,R_2E5XCpTY2B5ZQ1f,TOYS_AND_GAMES,2019-07-08,1562598000
1657,R_2EglJpTWGEiwQYa,MEDICATION,2019-07-08,1562598000
1658,R_2EglJpTWGEiwQYa,SHIRT,2019-07-08,1562598000
1659,R_2EglJpTWGEiwQYa,VITAMIN,2019-07-08,1562598000
1660,R_2QM76i5yRebcpiD,HEADPHONES,2019-07-08,1562598000
1661,R_2Qu0fgUOnDpaKDH,SHOES,2019-07-08,1562598000
1662,R_2RVXjEovu4Y1yen,SKIN_CLEANING_AGENT,2019-07-08,1562598000
1663,R_2TKO641FpWMebOd,VITAMIN,2019-07-08,1562598000
1664,R_2TXBHPMwNAwKR7Q,ELECTRONIC_COMPONENT_TERMINAL,2019-07-08,1562598000
1665,R_2VaWg2jhtCG6zmh,CELLULAR_PHONE_CASE,2019-07-08,1562598000
1666,R_2VaWg2jhtCG6zmh,PANTS,2019-07-08,1562598000
1667,R_2VaWg2jhtCG6zmh,PANTS,2019-07-08,1562598000
1668,R_2VaWg2jhtCG6zmh,ABIS_BOOK,2019-07-08,1562598000
1669,R_2WAagX64hf1kdMI,PANTS,2019-07-08,1562598000
1670,R_2WAagX64hf1kdMI,NOODLE,2019-07-08,1562598000
1671,R_2WAagX64hf1kdMI,CELLULAR_PHONE_CASE,2019-07-08,1562598000
1672,R_2WAagX64hf1kdMI,PANTS,2019-07-08,1562598000
1673,R_2WAagX64hf1kdMI,SKIN_MOISTURIZER,2019-07-08,1562598000
1674,R_2WAagX64hf1kdMI,ABIS_BOOK,2019-07-08,1562598000
1675,R_2WAagX64hf1kdMI,TOYS_AND_GAMES,2019-07-08,1562598000
1676,R_2WAagX64hf1kdMI,HEALTH_PERSONAL_CARE,2019-07-08,1562598000
1677,R_2WAagX64hf1kdMI,SHIRT,2019-07-08,1562598000
1678,R_2WAagX64hf1kdMI,CRAFT_HOOP_FRAME,2019-07-08,1562598000
1679,R_2WAagX64hf1kdMI,PANTS,2019-07-08,1562598000
1680,R_2WAagX64hf1kdMI,PANTS,2019-07-08,1562598000
1681,R_2WAagX64hf1kdMI,SCREEN_PROTECTOR,2019-07-08,1562598000
1682,R_2WAagX64hf1kdMI,HEALTH_PERSONAL_CARE,2019-07-08,1562598000
1683,R_2WVIxBGaj1uOr8S,SEXUAL_WELLNESS,2019-07-08,1562598000
1684,R_2WVIxBGaj1uOr8S,ROBE,2019-07-08,1562598000
1685,R_2WwzM8WiFsk4o3g,SCREEN_PROTECTOR,2019-07-08,1562598000
1686,R_2WwzM8WiFsk4o3g,SHORTS,2019-07-08,1562598000
1687,R_2ZZSS68rfn9BMtt,SOUND_CARD,2019-07-08,1562598000
1688,R_2ZZSS68rfn9BMtt,ELECTRONIC_CABLE,2019-07-08,1562598000
1689,R_2ZZSS68rfn9BMtt,HEALTH_PERSONAL_CARE,2019-07-08,1562598000
1690,R_2ZZSS68rfn9BMtt,HOME_MIRROR,2019-07-08,1562598000
1691,R_2ZZSS68rfn9BMtt,FABRIC_APPLIQUE_PATCH,2019-07-08,1562598000
1692,R_2ZZSS68rfn9BMtt,SKIN_MOISTURIZER,2019-07-08,1562598000
1693,R_2ZZSS68rfn9BMtt,CELLULAR_PHONE_CASE,2019-07-08,1562598000
1694,R_2ZZSS68rfn9BMtt,HEADPHONES,2019-07-08,1562598000
1695,R_2b1XOZR0PYTA1jX,PANTS,2019-07-08,1562598000
1696,R_2cnNyjA4yHdU4ij,MEDICATION,2019-07-08,1562598000
1697,R_2cnNyjA4yHdU4ij,MEDICATION,2019-07-08,1562598000
1698,R_2dFHfsIqQ6eEtVW,HEADPHONES,2019-07-08,1562598000
1699,R_2dY2NzAgp2digAs,NUTRITIONAL_SUPPLEMENT,2019-07-08,1562598000
1700,R_2mAJniG0xVBIInL,DRYING_RACK,2019-07-08,1562598000
1701,R_2mAJniG0xVBIInL,SCREEN_PROTECTOR,2019-07-08,1562598000
1702,R_2mAJniG0xVBIInL,NUTRITIONAL_SUPPLEMENT,2019-07-08,1562598000
1703,R_2mAJniG0xVBIInL,HEADPHONES,2019-07-08,1562598000
1704,R_2qD8ep8d313iLj4,MEDICATION,2019-07-08,1562598000
1705,R_2qD8ep8d313iLj4,TABLECLOTH,2019-07-08,1562598000
1706,R_2qD8ep8d313iLj4,NUTRITIONAL_SUPPLEMENT,2019-07-08,1562598000
1707,R_2r7Zl5CTeW1dMqd,BATTERY,2019-07-08,1562598000
1708,R_2r7Zl5CTeW1dMqd,PET_FOOD,2019-07-08,1562598000
1709,R_2r7Zl5CTeW1dMqd,DECORATIVE_PILLOW_COVER,2019-07-08,1562598000
1710,R_2r7Zl5CTeW1dMqd,SHOES,2019-07-08,1562598000
1711,R_2r7Zl5CTeW1dMqd,DECORATIVE_PILLOW_COVER,2019-07-08,1562598000
1712,R_2r7Zl5CTeW1dMqd,ABRASIVES,2019-07-08,1562598000
1713,R_2rOPRiLTdvFrJFq,ABIS_BOOK,2019-07-08,1562598000
1714,R_2t3ifk3xBqzIWG9,COORDINATED_OUTFIT,2019-07-08,1562598000
1715,R_2uQjJxSekSWj3qM,SUGAR_CANDY,2019-07-08,1562598000
1716,R_2uQjJxSekSWj3qM,AIR_PUMP,2019-07-08,1562598000
1717,R_2wHwNZWEecJflLc,PET_FOOD,2019-07-08,1562598000
1718,R_2wzatCV9Z18xLF2,SCREEN_PROTECTOR,2019-07-08,1562598000
1719,R_31SNC0DcyjBDcq3,PLANT_SEED,2019-07-08,1562598000
1720,R_32RSCpvF0PqDFBp,NAIL_POLISH,2019-07-08,1562598000
1721,R_32WvdLjYpicai6o,CELLULAR_PHONE_CASE,2019-07-08,1562598000
1722,R_32WvdLjYpicai6o,BATTERY,2019-07-08,1562598000
1723,R_32WvdLjYpicai6o,PET_FOOD,2019-07-08,1562598000
1724,R_33jcUkAZ8knoq82,HEALTH_PERSONAL_CARE,2019-07-08,1562598000
1725,R_33jcUkAZ8knoq82,CELLULAR_PHONE_CASE,2019-07-08,1562598000
1726,R_33jcUkAZ8knoq82,FABRIC,2019-07-08,1562598000
1727,R_3EMaONYGibovcxQ,ABIS_BOOK,2019-07-08,1562598000
1728,R_3G1gYo1d23Zq8Np,MEDICATION,2019-07-08,1562598000
1729,R_3GiFHVWzYKHT1F5,PET_PLACEMAT,2019-07-08,1562598000
1730,R_3GiFHVWzYKHT1F5,EXERCISE_MACHINE,2019-07-08,1562598000
1731,R_3Jl5q6tZJctgL8B,VITAMIN,2019-07-08,1562598000
1732,R_3Jl5q6tZJctgL8B,DIGITAL_DEVICE_7,2019-07-08,1562598000
1733,R_3Jl5q6tZJctgL8B,BATTERY,2019-07-08,1562598000
1734,R_3Jl5q6tZJctgL8B,DRAWER_SLIDE,2019-07-08,1562598000
1735,R_3Mc9nZhk6fg7b8z,NUTRITIONAL_SUPPLEMENT,2019-07-08,1562598000
1736,R_3MncA46G8CO8juo,SKIN_MOISTURIZER,2019-07-08,1562598000
1737,R_3MyEdXOZ8P75S1V,GUN_HOLSTER,2019-07-08,1562598000
1738,R_3NQyjCbeWDx3POa,PHYSICAL_MOVIE,2019-07-08,1562598000
1739,R_3P4QthjwwxEaV1m,GROCERY,2019-07-08,1562598000
1740,R_3P4QthjwwxEaV1m,HEALTH_PERSONAL_CARE,2019-07-08,1562598000
1741,R_3P4QthjwwxEaV1m,TOOL_BELT,2019-07-08,1562598000
1742,R_3PZvezr4ITRkiKV,FLATWARE,2019-07-08,1562598000
1743,R_3PZvezr4ITRkiKV,SHIRT,2019-07-08,1562598000
1744,R_3PZvezr4ITRkiKV,MEDICATION,2019-07-08,1562598000
1745,R_3PZvezr4ITRkiKV,SKIN_CLEANING_AGENT,2019-07-08,1562598000
1746,R_3PcameSHVD10BZP,PHYSICAL_MOVIE,2019-07-08,1562598000
1747,R_3PcameSHVD10BZP,MESS_KIT,2019-07-08,1562598000
1748,R_3RpTNwsri1SSxeL,INCENSE,2019-07-08,1562598000
1749,R_3RpTNwsri1SSxeL,ANIMAL_LITTER,2019-07-08,1562598000
1750,R_3RpTNwsri1SSxeL,INCENSE,2019-07-08,1562598000
1751,R_3enuyEOsaEVxTNX,BEVERAGE_INSULATOR,2019-07-08,1562598000
1752,R_3enuyEOsaEVxTNX,SHIRT,2019-07-08,1562598000
1753,R_3h4JnsfebywTUxX,POPCORN_POPPER,2019-07-08,1562598000
1754,R_3hsFBjto7aXqKY7,PET_FOOD,2019-07-08,1562598000
1755,R_3hsFBjto7aXqKY7,CELLULAR_PHONE_CASE,2019-07-08,1562598000
1756,R_3jYVNfQkzbtT9y0,SNACK_FOOD_BAR,2019-07-08,1562598000
1757,R_3lXswIAy7Qq6UEZ,SHIRT,2019-07-08,1562598000
1758,R_3qTFp0FJqUeMhVZ,PRECISION_MEASURING,2019-07-08,1562598000
1759,R_3qTFp0FJqUeMhVZ,SCREEN_PROTECTOR,2019-07-08,1562598000
1760,R_3r26NAbVnDpIxzF,SAFE,2019-07-08,1562598000
1761,R_3r26NAbVnDpIxzF,HEALTH_PERSONAL_CARE,2019-07-08,1562598000
1762,R_3rV7kPHe9hVsMee,HEALTH_PERSONAL_CARE,2019-07-08,1562598000
1763,R_3rZHdmB75jSgwhr,ELECTRONIC_CABLE,2019-07-08,1562598000
1764,R_3rZHdmB75jSgwhr,VITAMIN,2019-07-08,1562598000
1765,R_3socPWD3wXD0iDP,SKIN_CLEANING_BRUSH,2019-07-08,1562598000
1766,R_3socPWD3wXD0iDP,WRITING_INSTRUMENT,2019-07-08,1562598000
1767,R_3socPWD3wXD0iDP,SKIN_MOISTURIZER,2019-07-08,1562598000
1768,R_3socPWD3wXD0iDP,ANIMAL_LITTER,2019-07-08,1562598000
1769,R_3socPWD3wXD0iDP,SNACK_FOOD_BAR,2019-07-08,1562598000
1770,R_3socPWD3wXD0iDP,TOY_FIGURE,2019-07-08,1562598000
1771,R_3socPWD3wXD0iDP,HANDBAG,2019-07-08,1562598000
1772,R_3socPWD3wXD0iDP,SHOES,2019-07-08,1562598000
1773,R_3socPWD3wXD0iDP,MEDICATION,2019-07-08,1562598000
1774,R_3socPWD3wXD0iDP,WRITING_INSTRUMENT,2019-07-08,1562598000
1775,R_3socPWD3wXD0iDP,SHIRT,2019-07-08,1562598000
1776,R_3socPWD3wXD0iDP,SEXUAL_WELLNESS,2019-07-08,1562598000
1777,R_3socPWD3wXD0iDP,SKIN_MOISTURIZER,2019-07-08,1562598000
1778,R_3socPWD3wXD0iDP,SHIRT,2019-07-08,1562598000
1779,R_3socPWD3wXD0iDP,PET_FOOD,2019-07-08,1562598000
1780,R_3socPWD3wXD0iDP,NUTRITIONAL_SUPPLEMENT,2019-07-08,1562598000
1781,R_3socPWD3wXD0iDP,MEDICATION,2019-07-08,1562598000
1782,R_4PhRzF4UI9ooLh7,TOYS_AND_GAMES,2019-07-08,1562598000
1783,R_4PhRzF4UI9ooLh7,MICROWAVE_OVEN,2019-07-08,1562598000
1784,R_4PhRzF4UI9ooLh7,PHYSICAL_MOVIE,2019-07-08,1562598000
1785,R_85OdkeCoFP5daLL,PET_FOOD,2019-07-08,1562598000
1786,R_85OdkeCoFP5daLL,UNDERPANTS,2019-07-08,1562598000
1787,R_85OdkeCoFP5daLL,CABINET,2019-07-08,1562598000
1788,R_85OdkeCoFP5daLL,HEADPHONES,2019-07-08,1562598000
1789,R_85OdkeCoFP5daLL,BATTERY,2019-07-08,1562598000
1790,R_89aTM1JXN8SWr3b,GROCERY,2019-07-08,1562598000
1791,R_89aTM1JXN8SWr3b,HEADPHONES,2019-07-08,1562598000
1792,R_89aTM1JXN8SWr3b,SHIRT,2019-07-08,1562598000
1793,R_89aTM1JXN8SWr3b,ABIS_BOOK,2019-07-08,1562598000
1794,R_89aTM1JXN8SWr3b,COLLECTIBLE_COINS,2019-07-08,1562598000
1795,R_89aTM1JXN8SWr3b,TOY_GUN,2019-07-08,1562598000
1796,R_9L8Lum5AaHh6bq9,SCREEN_PROTECTOR,2019-07-08,1562598000
1797,R_9L8Lum5AaHh6bq9,MULTIPORT_HUB,2019-07-08,1562598000
1798,R_9yOmfJyU0rNZGW5,SNACK_FOOD_BAR,2019-07-08,1562598000
1799,R_AKBlDprDMrv4M7v,PESTICIDE,2019-07-08,1562598000
1800,R_AKBlDprDMrv4M7v,MEDICATION,2019-07-08,1562598000
1801,R_BWhnv4EdbhSS6rf,PHYSICAL_MOVIE,2019-07-08,1562598000
1802,R_C3lnaGn73Wwa5Il,PHYSICAL_MOVIE,2019-07-08,1562598000
1803,R_Cgbr25P8IQSFnr3,BLANK_BOOK,2019-07-08,1562598000
1804,R_Cgbr25P8IQSFnr3,PANTS,2019-07-08,1562598000
1805,R_Cgbr25P8IQSFnr3,PET_FOOD,2019-07-08,1562598000
1806,R_PwlnzzccUMXV0n7,SHIRT,2019-07-08,1562598000
1807,R_QcV7uVxb8myM0lb,LEOTARD,2019-07-08,1562598000
1808,R_Rw7CA3irllJSRH3,AROMA_DIFFUSER,2019-07-08,1562598000
1809,R_Rw7CA3irllJSRH3,TOYS_AND_GAMES,2019-07-08,1562598000
1810,R_Rw7CA3irllJSRH3,GROCERY,2019-07-08,1562598000
1811,R_Xhz81T9LodPX0KB,WREATH,2019-07-08,1562598000
1812,R_Xhz81T9LodPX0KB,PET_FOOD,2019-07-08,1562598000
1813,R_ZIBCd5K8oQRXdm1,TEA_INFUSER,2019-07-08,1562598000
1814,R_b3dSUlk76L0C6TD,PET_FOOD,2019-07-08,1562598000
1815,R_b3dSUlk76L0C6TD,SKIN_MOISTURIZER,2019-07-08,1562598000
1816,R_b3dSUlk76L0C6TD,SHOES,2019-07-08,1562598000
1817,R_bBgIkZfU6RwGLWF,ELECTRONIC_CABLE,2019-07-08,1562598000
1818,R_bJbNhR1I5NnLKb7,AIR_CONDITIONER,2019-07-08,1562598000
1819,R_d5O7dqvA1EWCrPb,SKIN_CLEANING_AGENT,2019-07-08,1562598000
1820,R_e387De1jF0gN2OB,PANTS,2019-07-08,1562598000
1821,R_r3IM83Ecq7eY7QJ,OVERALLS,2019-07-08,1562598000
1822,R_r3IM83Ecq7eY7QJ,GROCERY,2019-07-08,1562598000
1823,R_r3IM83Ecq7eY7QJ,ELECTRONIC_CABLE,2019-07-08,1562598000
1824,R_r3IM83Ecq7eY7QJ,SHOES,2019-07-08,1562598000
1825,R_r3IM83Ecq7eY7QJ,HEADPHONES,2019-07-08,1562598000
1826,R_r3IM83Ecq7eY7QJ,PET_FOOD,2019-07-08,1562598000
1827,R_r3IM83Ecq7eY7QJ,CELLULAR_PHONE_CASE,2019-07-08,1562598000
1828,R_r3IM83Ecq7eY7QJ,ABIS_BOOK,2019-07-08,1562598000
1829,R_r3IM83Ecq7eY7QJ,TOYS_AND_GAMES,2019-07-08,1562598000
1830,R_r3IM83Ecq7eY7QJ,SHIRT,2019-07-08,1562598000
1831,R_r3IM83Ecq7eY7QJ,DIGITAL_DEVICE_7,2019-07-08,1562598000
1832,R_sGohXmtT8TjLibT,CEREAL,2019-07-08,1562598000
1833,R_sGohXmtT8TjLibT,FERTILIZER,2019-07-08,1562598000
1834,R_sH8W9PyBq2swyLn,HEADPHONES,2019-07-08,1562598000
1835,R_sH8W9PyBq2swyLn,TOOTHBRUSH_HOLDER,2019-07-08,1562598000
1836,R_u2EdYogSnJBrpex,NUTRITIONAL_SUPPLEMENT,2019-07-08,1562598000
1837,R_u2EdYogSnJBrpex,ELECTRONIC_CABLE,2019-07-08,1562598000
1838,R_vcsfXNFhlnqxtYd,ELECTRONIC_CABLE,2019-07-08,1562598000
1839,R_x0hVvTTXGQY9FRf,TOILET_SEAT,2019-07-08,1562598000
1840,R_x0hVvTTXGQY9FRf,SHIRT,2019-07-08,1562598000
1841,R_x0hVvTTXGQY9FRf,PORTABLE_TOOL_BOX,2019-07-08,1562598000
1842,R_x0hVvTTXGQY9FRf,SHOES,2019-07-08,1562598000
1843,R_x0hVvTTXGQY9FRf,INCONTINENCE_PROTECTOR,2019-07-08,1562598000
1844,R_x0hVvTTXGQY9FRf,SHOES,2019-07-08,1562598000
1845,R_xDvEzzSGeDDkvU5,STANDALONE_STREAMING_MEDIA_PLAYER,2019-07-08,1562598000
1846,R_yJz6aXbKddNbgZz,NUTRITIONAL_SUPPLEMENT,2019-07-08,1562598000
1847,R_10wSqGFumZGSTmH,RIDE_ON_TOY,2019-07-09,1562684400
1848,R_10wSqGFumZGSTmH,SKIN_MOISTURIZER,2019-07-09,1562684400
1849,R_10wSqGFumZGSTmH,NUTRITIONAL_SUPPLEMENT,2019-07-09,1562684400
1850,R_10wSqGFumZGSTmH,COOKING_CONTAINER,2019-07-09,1562684400
1851,R_10wSqGFumZGSTmH,SHIRT,2019-07-09,1562684400
1852,R_1C4nKyrv0w2thJn,SURFACE_CLEANING_WIPE,2019-07-09,1562684400
1853,R_1C4nKyrv0w2thJn,ABIS_BOOK,2019-07-09,1562684400
1854,R_1C75XRebT1eliL0,SKIN_CLEANING_AGENT,2019-07-09,1562684400
1855,R_1CIQjlABWt7jZWc,SCREEN_PROTECTOR,2019-07-09,1562684400
1856,R_1DJdUrYA1I0QAKh,CELLULAR_PHONE_CASE,2019-07-09,1562684400
1857,R_1E3TJBNJVtr3tcD,SHIRT,2019-07-09,1562684400
1858,R_1E3TJBNJVtr3tcD,LIGHT_BULB,2019-07-09,1562684400
1859,R_1E3TJBNJVtr3tcD,COMPOST_BIN,2019-07-09,1562684400
1860,R_1E3TJBNJVtr3tcD,LIGHT_BULB,2019-07-09,1562684400
1861,R_1E3TJBNJVtr3tcD,SKIN_MOISTURIZER,2019-07-09,1562684400
1862,R_1E3TJBNJVtr3tcD,CADDY,2019-07-09,1562684400
1863,R_1E3TJBNJVtr3tcD,NUTRITIONAL_SUPPLEMENT,2019-07-09,1562684400
1864,R_1F35QiIK5csZBEC,GROCERY,2019-07-09,1562684400
1865,R_1FWSWSjBuPMvSgx,ONE_PIECE_OUTFIT,2019-07-09,1562684400
1866,R_1Fyt6rHyiQcVOT8,DECORATIVE_MAGNET,2019-07-09,1562684400
1867,R_1Fyt6rHyiQcVOT8,SEWING_BUTTON,2019-07-09,1562684400
1868,R_1GVN63HjPpVXPEx,HEALTH_PERSONAL_CARE,2019-07-09,1562684400
1869,R_1ImFLLGALT606WO,GROCERY,2019-07-09,1562684400
1870,R_1ImFLLGALT606WO,FOOD_COLORING,2019-07-09,1562684400
1871,R_1KkFs7rgWXlWf58,SHOES,2019-07-09,1562684400
1872,R_1KkFs7rgWXlWf58,SCREEN_PROTECTOR,2019-07-09,1562684400
1873,R_1KkFs7rgWXlWf58,WATER_DISPENSER,2019-07-09,1562684400
1874,R_1KkFs7rgWXlWf58,WATER_DISPENSER,2019-07-09,1562684400
1875,R_1KkFs7rgWXlWf58,HEALTH_PERSONAL_CARE,2019-07-09,1562684400
1876,R_1KxVDxZl2H0XoHS,CELLULAR_PHONE_CASE,2019-07-09,1562684400
1877,R_1KxVDxZl2H0XoHS,STANDALONE_STREAMING_MEDIA_PLAYER,2019-07-09,1562684400
1878,R_1NCzj2eSHI4QGcd,MEDICATION,2019-07-09,1562684400
1879,R_1NCzj2eSHI4QGcd,HEADPHONES,2019-07-09,1562684400
1880,R_1NCzj2eSHI4QGcd,BATTERY,2019-07-09,1562684400
1881,R_1Q62CIVb2WAS8hB,MECHANICAL_BELT,2019-07-09,1562684400
1882,R_1Q62CIVb2WAS8hB,CELLULAR_PHONE_CASE,2019-07-09,1562684400
1883,R_1Q62CIVb2WAS8hB,PHYSICAL_MOVIE,2019-07-09,1562684400
1884,R_1QKu8qtvgo0d1uS,SHIRT,2019-07-09,1562684400
1885,R_1QutEVkZz69QFR7,TEMPORARY_TATTOO,2019-07-09,1562684400
1886,R_1Qyzwfx5HrXdw4U,PLANTER,2019-07-09,1562684400
1887,R_1dFu7LeBJE3Wd6p,SHOES,2019-07-09,1562684400
1888,R_1dFu7LeBJE3Wd6p,HUMIDIFIER,2019-07-09,1562684400
1889,R_1dyqbVnXomwItTl,SNACK_FOOD_BAR,2019-07-09,1562684400
1890,R_1eLARPfQt7BNOE7,MEDICATION,2019-07-09,1562684400
1891,R_1eLARPfQt7BNOE7,GROCERY,2019-07-09,1562684400
1892,R_1eLARPfQt7BNOE7,SKIN_CLEANING_AGENT,2019-07-09,1562684400
1893,R_1hLPyY3aamfi3xT,CHOCOLATE_CANDY,2019-07-09,1562684400
1894,R_1hLPyY3aamfi3xT,SHIRT,2019-07-09,1562684400
1895,R_1hLPyY3aamfi3xT,ELECTRONIC_CABLE,2019-07-09,1562684400
1896,R_1hLPyY3aamfi3xT,SKIN_CLEANING_AGENT,2019-07-09,1562684400
1897,R_1jARg5bGH5uqAKW,SKIN_CLEANING_AGENT,2019-07-09,1562684400
1898,R_1jARg5bGH5uqAKW,HEALTH_PERSONAL_CARE,2019-07-09,1562684400
1899,R_1jARg5bGH5uqAKW,SCREEN_PROTECTOR,2019-07-09,1562684400
1900,R_1jARg5bGH5uqAKW,UNDERPANTS,2019-07-09,1562684400
1901,R_1jARg5bGH5uqAKW,GROCERY,2019-07-09,1562684400
1902,R_1jARg5bGH5uqAKW,LIP_BALM,2019-07-09,1562684400
1903,R_1oFSDeGAQcUN2v8,LEGUME,2019-07-09,1562684400
1904,R_1psTlOFeWx4gWdX,NUTRITIONAL_SUPPLEMENT,2019-07-09,1562684400
1905,R_1pu0ApV4WUQDdWW,DRINKING_CUP,2019-07-09,1562684400
1906,R_1pu0ApV4WUQDdWW,FIGURINE,2019-07-09,1562684400
1907,R_1pu0ApV4WUQDdWW,PET_FOOD,2019-07-09,1562684400
1908,R_1pu0ApV4WUQDdWW,SHIRT,2019-07-09,1562684400
1909,R_1pu0ApV4WUQDdWW,TOYS_AND_GAMES,2019-07-09,1562684400
1910,R_1roTOelTygZr5G8,SHOES,2019-07-09,1562684400
1911,R_1roTOelTygZr5G8,PANTS,2019-07-09,1562684400
1912,R_1zVJnDAfoFLamOd,MEDICATION,2019-07-09,1562684400
1913,R_1zVJnDAfoFLamOd,VITAMIN,2019-07-09,1562684400
1914,R_21ttkGbeIL6HdlR,SHOES,2019-07-09,1562684400
1915,R_22mMopWqAj09mQc,HEALTH_PERSONAL_CARE,2019-07-09,1562684400
1916,R_22nS4Bu8Q3B84gf,HEADPHONES,2019-07-09,1562684400
1917,R_22nS4Bu8Q3B84gf,VIDEO_PROJECTOR,2019-07-09,1562684400
1918,R_22nS4Bu8Q3B84gf,TEAPOT,2019-07-09,1562684400
1919,R_22nS4Bu8Q3B84gf,POPCORN,2019-07-09,1562684400
1920,R_22nS4Bu8Q3B84gf,GROCERY,2019-07-09,1562684400
1921,R_22nS4Bu8Q3B84gf,SHOES,2019-07-09,1562684400
1922,R_23enipHqTsjcQfN,STORAGE_HOOK,2019-07-09,1562684400
1923,R_24P0vykrD1RJG07,CANDLE,2019-07-09,1562684400
1924,R_24P0vykrD1RJG07,CANDLE,2019-07-09,1562684400
1925,R_24csoaO569P4Yzz,SNACK_FOOD_BAR,2019-07-09,1562684400
1926,R_24csoaO569P4Yzz,HOME_LIGHTING_ACCESSORY,2019-07-09,1562684400
1927,R_24csoaO569P4Yzz,HEADPHONES,2019-07-09,1562684400
1928,R_24csoaO569P4Yzz,CELLULAR_PHONE_CASE,2019-07-09,1562684400
1929,R_24csoaO569P4Yzz,SCREEN_PROTECTOR,2019-07-09,1562684400
1930,R_24ovSGBcJmAm7rm,NUTRITIONAL_SUPPLEMENT,2019-07-09,1562684400
1931,R_24ovSGBcJmAm7rm,SHIRT,2019-07-09,1562684400
1932,R_25z5LHPaAsxktx7,GROCERY,2019-07-09,1562684400
1933,R_25z5LHPaAsxktx7,PANTS,2019-07-09,1562684400
1934,R_279ENCaNyRMf98u,CELLULAR_PHONE_CASE,2019-07-09,1562684400
1935,R_28IDNbS8mqpfyKD,HEADPHONES,2019-07-09,1562684400
1936,R_29tZUWisKTCWczv,COCKTAIL_SHAKER,2019-07-09,1562684400
1937,R_29tZUWisKTCWczv,ELECTRONIC_CABLE,2019-07-09,1562684400
1938,R_29tZUWisKTCWczv,PET_FOOD,2019-07-09,1562684400
1939,R_29uBVByYo0xAXiZ,HEADPHONES,2019-07-09,1562684400
1940,R_29uBVByYo0xAXiZ,EYEGLASS_CASE,2019-07-09,1562684400
1941,R_29uBVByYo0xAXiZ,NUTRITIONAL_SUPPLEMENT,2019-07-09,1562684400
1942,R_29uBVByYo0xAXiZ,BATTERY,2019-07-09,1562684400
1943,R_29uBVByYo0xAXiZ,HEADPHONES,2019-07-09,1562684400
1944,R_2AGpSTOzeeHqMYd,SKIN_CLEANING_AGENT,2019-07-09,1562684400
1945,R_2AGpSTOzeeHqMYd,SCREEN_PROTECTOR,2019-07-09,1562684400
1946,R_2BesSIAnd7POW2C,ASTRINGENT_SUBSTANCE,2019-07-09,1562684400
1947,R_2BesSIAnd7POW2C,COUNTERTOP_GRIDDLE_APPLIANCE,2019-07-09,1562684400
1948,R_2BstrkPd4gMc6Ih,SCREEN_PROTECTOR,2019-07-09,1562684400
1949,R_2BstrkPd4gMc6Ih,HEALTH_PERSONAL_CARE,2019-07-09,1562684400
1950,R_2BstrkPd4gMc6Ih,HEADPHONES,2019-07-09,1562684400
1951,R_2BstrkPd4gMc6Ih,SNACK_FOOD_BAR,2019-07-09,1562684400
1952,R_2BstrkPd4gMc6Ih,GROCERY,2019-07-09,1562684400
1953,R_2BstrkPd4gMc6Ih,SKIN_MOISTURIZER,2019-07-09,1562684400
1954,R_2BstrkPd4gMc6Ih,PANTS,2019-07-09,1562684400
1955,R_2CKdeuvfVrO8I49,SKIN_EXFOLIANT,2019-07-09,1562684400
1956,R_2D2HATrOKH8Rrns,SHOES,2019-07-09,1562684400
1957,R_2D2HATrOKH8Rrns,PANTS,2019-07-09,1562684400
1958,R_2D2HATrOKH8Rrns,ABIS_BOOK,2019-07-09,1562684400
1959,R_2D2HATrOKH8Rrns,MEDICATION,2019-07-09,1562684400
1960,R_2DSmjafbkSAict9,TOYS_AND_GAMES,2019-07-09,1562684400
1961,R_2DSmjafbkSAict9,ABIS_BOOK,2019-07-09,1562684400
1962,R_2EglJpTWGEiwQYa,SKIN_MOISTURIZER,2019-07-09,1562684400
1963,R_2En0sbvQ7s48ufv,UTILITY_SPONGE,2019-07-09,1562684400
1964,R_2En0sbvQ7s48ufv,FOOD_STORAGE_CONTAINER,2019-07-09,1562684400
1965,R_2En0sbvQ7s48ufv,SCREEN_PROTECTOR,2019-07-09,1562684400
1966,R_2R20tGsAciB0E9U,NUTRITIONAL_SUPPLEMENT,2019-07-09,1562684400
1967,R_2R3ayuIYVgX07CZ,CEREAL,2019-07-09,1562684400
1968,R_2R3ayuIYVgX07CZ,TOYS_AND_GAMES,2019-07-09,1562684400
1969,R_2R3ayuIYVgX07CZ,ERASER,2019-07-09,1562684400
1970,R_2RUDh7piHU7frzt,TOYS_AND_GAMES,2019-07-09,1562684400
1971,R_2RUDh7piHU7frzt,PANTS,2019-07-09,1562684400
1972,R_2RUDh7piHU7frzt,CELLULAR_PHONE_CASE,2019-07-09,1562684400
1973,R_2Ser7goSgo0gVBj,UTILITY_SPONGE,2019-07-09,1562684400
1974,R_2TnuiSdfJ77v7e9,THERMOPLASTIC_FILAMENT,2019-07-09,1562684400
1975,R_2U0l40aPYAoBJLV,UTILITY_HOLSTER_POUCH,2019-07-09,1562684400
1976,R_2U8TbRGvfB10UAt,CELLULAR_PHONE_CASE,2019-07-09,1562684400
1977,R_2VaWg2jhtCG6zmh,PHYSICAL_MOVIE,2019-07-09,1562684400
1978,R_2VyUSFk11bbTVej,SHOES,2019-07-09,1562684400
1979,R_2VyUSFk11bbTVej,NUTRITIONAL_SUPPLEMENT,2019-07-09,1562684400
1980,R_2WVIxBGaj1uOr8S,CELLULAR_PHONE_CASE,2019-07-09,1562684400
1981,R_2Y9fPhqa2Xf2QdZ,SCREEN_PROTECTOR,2019-07-09,1562684400
1982,R_2YlhHzEptxRGFBL,PAPER_SHREDDER,2019-07-09,1562684400
1983,R_2YlhHzEptxRGFBL,TOYS_AND_GAMES,2019-07-09,1562684400
1984,R_2YzwllA3OWyo30M,TABLETOP_GAME,2019-07-09,1562684400
1985,R_2YzwllA3OWyo30M,CORD_ROPE,2019-07-09,1562684400
1986,R_2YzwllA3OWyo30M,PHYSICAL_MOVIE,2019-07-09,1562684400
1987,R_2YzwllA3OWyo30M,NUTRITIONAL_SUPPLEMENT,2019-07-09,1562684400
1988,R_2ZTFfLAcuwm22Yh,HEADPHONES,2019-07-09,1562684400
1989,R_2b1XOZR0PYTA1jX,VEHICLE_BODY_PANEL,2019-07-09,1562684400
1990,R_2bTLZFP7p4CPlTT,PANTS,2019-07-09,1562684400
1991,R_2bTLZFP7p4CPlTT,PET_SUPPLIES,2019-07-09,1562684400
1992,R_2c0kxk2rIJClCxm,SNACK_FOOD_BAR,2019-07-09,1562684400
1993,R_2c0kxk2rIJClCxm,HEADPHONES,2019-07-09,1562684400
1994,R_2c0kxk2rIJClCxm,PHYSICAL_MOVIE,2019-07-09,1562684400
1995,R_2c0kxk2rIJClCxm,PANTS,2019-07-09,1562684400
1996,R_2dFHfsIqQ6eEtVW,SCREEN_PROTECTOR,2019-07-09,1562684400
1997,R_2dFHfsIqQ6eEtVW,HEALTH_PERSONAL_CARE,2019-07-09,1562684400
1998,R_2fD6Jy2muMgaubH,ART_AND_CRAFT_SUPPLY,2019-07-09,1562684400
1999,R_2mAJniG0xVBIInL,MEDICATION,2019-07-09,1562684400
2000,R_2uQjJxSekSWj3qM,VITAMIN,2019-07-09,1562684400
2001,R_2vYO5d3Ry8qjf5g,CELLULAR_PHONE_CASE,2019-07-09,1562684400
2002,R_2vYO5d3Ry8qjf5g,CAPO,2019-07-09,1562684400
2003,R_2vYO5d3Ry8qjf5g,VITAMIN,2019-07-09,1562684400
2004,R_2wtVmKidhQR0wju,GROCERY,2019-07-09,1562684400
2005,R_2wtVmKidhQR0wju,BATTERY,2019-07-09,1562684400
2006,R_325wNEypLBLRTf7,SKIN_MOISTURIZER,2019-07-09,1562684400
2007,R_32MgYCncUh7NkQE,BATTERY,2019-07-09,1562684400
2008,R_32MgYCncUh7NkQE,NUTRITIONAL_SUPPLEMENT,2019-07-09,1562684400
2009,R_32MgYCncUh7NkQE,PANTS,2019-07-09,1562684400
2010,R_32MgYCncUh7NkQE,NUTRITIONAL_SUPPLEMENT,2019-07-09,1562684400
2011,R_32Mm71oAJq2K9XK,HEALTH_PERSONAL_CARE,2019-07-09,1562684400
2012,R_32RSCpvF0PqDFBp,PICTURE_FRAME,2019-07-09,1562684400
2013,R_3EMaONYGibovcxQ,PAINT,2019-07-09,1562684400
2014,R_3EMaONYGibovcxQ,SHOES,2019-07-09,1562684400
2015,R_3EMaONYGibovcxQ,PIERCING_JEWELRY,2019-07-09,1562684400
2016,R_3EMaONYGibovcxQ,PANTS,2019-07-09,1562684400
2017,R_3EMaONYGibovcxQ,HEALTH_PERSONAL_CARE,2019-07-09,1562684400
2018,R_3EMaONYGibovcxQ,ANIMAL_NUTRITIONAL_SUPPLEMENT,2019-07-09,1562684400
2019,R_3EMaONYGibovcxQ,SCREEN_PROTECTOR,2019-07-09,1562684400
2020,R_3G1gYo1d23Zq8Np,RUG,2019-07-09,1562684400
2021,R_3G1gYo1d23Zq8Np,MEDICATION,2019-07-09,1562684400
2022,R_3G1gYo1d23Zq8Np,TOYS_AND_GAMES,2019-07-09,1562684400
2023,R_3G1gYo1d23Zq8Np,SCREEN_PROTECTOR,2019-07-09,1562684400
2024,R_3GiSNq0yPsXSvhf,GOURMET_FOOD,2019-07-09,1562684400
2025,R_3GiSNq0yPsXSvhf,TOYS_AND_GAMES,2019-07-09,1562684400
2026,R_3GiSNq0yPsXSvhf,VITAMIN,2019-07-09,1562684400
2027,R_3HigTq4itishziE,TECHNICAL_SPORT_SHOE,2019-07-09,1562684400
2028,R_3HigTq4itishziE,VITAMIN,2019-07-09,1562684400
2029,R_3HigTq4itishziE,PHONE,2019-07-09,1562684400
2030,R_3HigTq4itishziE,MEDICATION,2019-07-09,1562684400
2031,R_3HigTq4itishziE,DAIRY_BASED_CHEESE,2019-07-09,1562684400
2032,R_3HigTq4itishziE,KEYBOARDS,2019-07-09,1562684400
2033,R_3HigTq4itishziE,LEGUME,2019-07-09,1562684400
2034,R_3HigTq4itishziE,PHONE,2019-07-09,1562684400
2035,R_3HvPXLfubbb9a6G,HEADPHONES,2019-07-09,1562684400
2036,R_3HvPXLfubbb9a6G,FILE_FOLDER,2019-07-09,1562684400
2037,R_3JK3aP5uRxffXiy,ELECTRONIC_CABLE,2019-07-09,1562684400
2038,R_3MhBAq6V6XHU9ln,PANTS,2019-07-09,1562684400
2039,R_3OfwQrDNFhWjGWG,PLANTER,2019-07-09,1562684400
2040,R_3OfwQrDNFhWjGWG,SMOKING_PIPE,2019-07-09,1562684400
2041,R_3OfwQrDNFhWjGWG,JEWELRY_FINDING,2019-07-09,1562684400
2042,R_3OfwQrDNFhWjGWG,HARDWARE_TUBING,2019-07-09,1562684400
2043,R_3OfwQrDNFhWjGWG,HARDWARE,2019-07-09,1562684400
2044,R_3PUi8o2if0JqKfl,PANTS,2019-07-09,1562684400
2045,R_3QPk8nnI1s8wilh,SCREEN_PROTECTOR,2019-07-09,1562684400
2046,R_3R3FfvTaRKxigNl,HEADPHONES,2019-07-09,1562684400
2047,R_3R3FfvTaRKxigNl,SNACK_FOOD_BAR,2019-07-09,1562684400
2048,R_3R3FfvTaRKxigNl,GAME_DICE,2019-07-09,1562684400
2049,R_3fJXgeZMDEMzirc,FOOD_SLICER,2019-07-09,1562684400
2050,R_3fJXgeZMDEMzirc,SHIRT,2019-07-09,1562684400
2051,R_3fJXgeZMDEMzirc,SKIN_CLEANING_AGENT,2019-07-09,1562684400
2052,R_3jYUg0c9puk2lgW,HANDRAIL,2019-07-09,1562684400
2053,R_3lt1ZPBv09u1seD,MARKING_PEN,2019-07-09,1562684400
2054,R_3lt1ZPBv09u1seD,TOYS_AND_GAMES,2019-07-09,1562684400
2055,R_3lt1ZPBv09u1seD,FISH,2019-07-09,1562684400
2056,R_3m4y20RcmogDzZl,BOARD_GAME,2019-07-09,1562684400
2057,R_3n0OjYgGHf96Wuh,TOYS_AND_GAMES,2019-07-09,1562684400
2058,R_3oO3DoeTgXHrEzx,VITAMIN,2019-07-09,1562684400
2059,R_3qTFp0FJqUeMhVZ,TEMPORARY_HANGER_HOOK,2019-07-09,1562684400
2060,R_3qTFp0FJqUeMhVZ,PET_FOOD,2019-07-09,1562684400
2061,R_3qTFp0FJqUeMhVZ,SHIRT,2019-07-09,1562684400
2062,R_3s02y9lg8GCo9q0,BOOKSHELF_OR_MICRO_STEREO_SYS,2019-07-09,1562684400
2063,R_3s02y9lg8GCo9q0,SCREEN_PROTECTOR,2019-07-09,1562684400
2064,R_4PhRzF4UI9ooLh7,ABIS_BOOK,2019-07-09,1562684400
2065,R_6Jw0sPgGkHLnKkp,CRACKER,2019-07-09,1562684400
2066,R_8vnpSkm79W7Jsv7,SCREEN_PROTECTOR,2019-07-09,1562684400
2067,R_9yOmfJyU0rNZGW5,HEALTH_PERSONAL_CARE,2019-07-09,1562684400
2068,R_AM0OvM0F9kBvqal,GROCERY,2019-07-09,1562684400
2069,R_AM0OvM0F9kBvqal,ABIS_BOOK,2019-07-09,1562684400
2070,R_BRQBOvIYvOAz5w5,LIQUID_INK,2019-07-09,1562684400
2071,R_BRQBOvIYvOAz5w5,GROCERY,2019-07-09,1562684400
2072,R_BRQBOvIYvOAz5w5,SKIN_MOISTURIZER,2019-07-09,1562684400
2073,R_Djcs43mP6ReoYgN,SNACK_FOOD_BAR,2019-07-09,1562684400
2074,R_Djcs43mP6ReoYgN,SNACK_FOOD_BAR,2019-07-09,1562684400
2075,R_Djcs43mP6ReoYgN,REUSABLE_INCONTINENCE_SURFACE_PROTECTOR,2019-07-09,1562684400
2076,R_Djcs43mP6ReoYgN,REUSABLE_INCONTINENCE_SURFACE_PROTECTOR,2019-07-09,1562684400
2077,R_Djcs43mP6ReoYgN,SCREEN_PROTECTOR,2019-07-09,1562684400
2078,R_PwlnzzccUMXV0n7,MEDICATION,2019-07-09,1562684400
2079,R_SE2qI33L0z1rw2J,ELECTRONIC_CABLE,2019-07-09,1562684400
2080,R_VKZzr77ll29A1iN,SCREEN_PROTECTOR,2019-07-09,1562684400
2081,R_VKZzr77ll29A1iN,SHOES,2019-07-09,1562684400
2082,R_Xhz81T9LodPX0KB,VITAMIN,2019-07-09,1562684400
2083,R_Xhz81T9LodPX0KB,PET_FOOD,2019-07-09,1562684400
2084,R_b3dSUlk76L0C6TD,BARBECUE_TOOL_SET,2019-07-09,1562684400
2085,R_b3dSUlk76L0C6TD,SKIN_MOISTURIZER,2019-07-09,1562684400
2086,R_b3dSUlk76L0C6TD,HEADPHONES,2019-07-09,1562684400
2087,R_b3dSUlk76L0C6TD,HEADPHONES,2019-07-09,1562684400
2088,R_b3dSUlk76L0C6TD,CELLULAR_PHONE_CASE,2019-07-09,1562684400
2089,R_b3dSUlk76L0C6TD,SKIN_CLEANING_AGENT,2019-07-09,1562684400
2090,R_b3dSUlk76L0C6TD,HEALTH_PERSONAL_CARE,2019-07-09,1562684400
2091,R_b3dSUlk76L0C6TD,ELECTRONIC_CABLE,2019-07-09,1562684400
2092,R_b3dSUlk76L0C6TD,TOILET_SEAT,2019-07-09,1562684400
2093,R_b3dSUlk76L0C6TD,AREA_DEODORIZER,2019-07-09,1562684400
2094,R_b8UnkZJoU93ZxEB,SKIN_MOISTURIZER,2019-07-09,1562684400
2095,R_blmQEhOrCwpqG4x,GROCERY,2019-07-09,1562684400
2096,R_blmQEhOrCwpqG4x,ABIS_BOOK,2019-07-09,1562684400
2097,R_blmQEhOrCwpqG4x,MEDICATION,2019-07-09,1562684400
2098,R_czHyAR1xMvT2FbP,SCREEN_PROTECTOR,2019-07-09,1562684400
2099,R_plnyqyltsGtao9P,BATTERY,2019-07-09,1562684400
2100,R_plnyqyltsGtao9P,SKIN_MOISTURIZER,2019-07-09,1562684400
2101,R_puS9dcuNnDHSZ8Z,VITAMIN,2019-07-09,1562684400
2102,R_puS9dcuNnDHSZ8Z,MESS_KIT,2019-07-09,1562684400
2103,R_sGohXmtT8TjLibT,SKIN_CLEANING_AGENT,2019-07-09,1562684400
2104,R_sGohXmtT8TjLibT,SKIN_CLEANING_AGENT,2019-07-09,1562684400
2105,R_sGohXmtT8TjLibT,CEREAL,2019-07-09,1562684400
2106,R_vibbKYNRocMGJ0t,ERASER,2019-07-09,1562684400
2107,R_vibbKYNRocMGJ0t,PHYSICAL_MOVIE,2019-07-09,1562684400
2108,R_vibbKYNRocMGJ0t,ERASER,2019-07-09,1562684400
2109,R_w5Z8BUS7nlDmvM5,SHIRT,2019-07-09,1562684400
2110,R_w5Z8BUS7nlDmvM5,HEADPHONES,2019-07-09,1562684400
2111,R_w5Z8BUS7nlDmvM5,HEALTH_PERSONAL_CARE,2019-07-09,1562684400
2112,R_x0hVvTTXGQY9FRf,BODY_CARE_PRODUCT,2019-07-09,1562684400
2113,R_yRaAO89bhwJb9xD,SANDAL,2019-07-09,1562684400
2114,R_z1mFB9Qp9HSTCIV,GROCERY,2019-07-09,1562684400
2115,R_10CAlrx7dbJty9R,SHIRT,2019-07-10,1562770800
2116,R_10rsQ6SV3iE7hfu,PAPER_CLIP_CLAMP,2019-07-10,1562770800
2117,R_12QFQ7lCIls8sRd,ASTRINGENT_SUBSTANCE,2019-07-10,1562770800
2118,R_12QFQ7lCIls8sRd,DRINK_FLAVORED,2019-07-10,1562770800
2119,R_12QFQ7lCIls8sRd,SHIRT,2019-07-10,1562770800
2120,R_1C4nKyrv0w2thJn,PET_FOOD,2019-07-10,1562770800
2121,R_1C75XRebT1eliL0,NUTRITIONAL_SUPPLEMENT,2019-07-10,1562770800
2122,R_1Cd5zmz07X5BqKa,ABIS_BOOK,2019-07-10,1562770800
2123,R_1DJdUrYA1I0QAKh,ABIS_BOOK,2019-07-10,1562770800
2124,R_1DOwHkGiX8DX7mF,COFFEE_MAKER,2019-07-10,1562770800
2125,R_1DOwHkGiX8DX7mF,BATTERY,2019-07-10,1562770800
2126,R_1DOwHkGiX8DX7mF,PIERCING_JEWELRY,2019-07-10,1562770800
2127,R_1DOwHkGiX8DX7mF,PIERCING_JEWELRY,2019-07-10,1562770800
2128,R_1Egu0oETMcJuIOb,HEADPHONES,2019-07-10,1562770800
2129,R_1F35QiIK5csZBEC,PET_FOOD,2019-07-10,1562770800
2130,R_1Fb4EL4IE75q7lf,MEDICATION,2019-07-10,1562770800
2131,R_1GVsIStj8gTkbIE,MEDICATION,2019-07-10,1562770800
2132,R_1GVsIStj8gTkbIE,FLATWARE,2019-07-10,1562770800
2133,R_1GghoTNZdgUeySl,SHOES,2019-07-10,1562770800
2134,R_1GghoTNZdgUeySl,POWER_STRIP,2019-07-10,1562770800
2135,R_1H7zBXFz4gN1Ezl,SCREEN_PROTECTOR,2019-07-10,1562770800
2136,R_1H7zBXFz4gN1Ezl,HEALTH_PERSONAL_CARE,2019-07-10,1562770800
2137,R_1H7zBXFz4gN1Ezl,NUTRITIONAL_SUPPLEMENT,2019-07-10,1562770800
2138,R_1LRR1P5IQqdSvIP,ELECTRONIC_CABLE,2019-07-10,1562770800
2139,R_1LRR1P5IQqdSvIP,ABIS_BOOK,2019-07-10,1562770800
2140,R_1NDq0rxoUSu6oyz,MECHANICAL_BELT,2019-07-10,1562770800
2141,R_1NDq0rxoUSu6oyz,BED_SLATS,2019-07-10,1562770800
2142,R_1cYxarQPFQxNRHB,VITAMIN,2019-07-10,1562770800
2143,R_1cYxarQPFQxNRHB,FITTED_SHEET,2019-07-10,1562770800
2144,R_1hLPyY3aamfi3xT,SNACK_FOOD_BAR,2019-07-10,1562770800
2145,R_1hLPyY3aamfi3xT,HEALTH_PERSONAL_CARE,2019-07-10,1562770800
2146,R_1hMV4AHCk04WO5V,MAJOR_HOME_APPLIANCES,2019-07-10,1562770800
2147,R_1hMV4AHCk04WO5V,SNACK_FOOD_BAR,2019-07-10,1562770800
2148,R_1hMV4AHCk04WO5V,JUICE_AND_JUICE_DRINK,2019-07-10,1562770800
2149,R_1j6t5KhjtwDhdKa,HAIR_DRYER,2019-07-10,1562770800
2150,R_1j6t5KhjtwDhdKa,PHYSICAL_MOVIE,2019-07-10,1562770800
2151,R_1j6t5KhjtwDhdKa,MEDICATION,2019-07-10,1562770800
2152,R_1j6t5KhjtwDhdKa,CARD_DOCUMENT_SLEEVE,2019-07-10,1562770800
2153,R_1j6t5KhjtwDhdKa,MEDICATION,2019-07-10,1562770800
2154,R_1j6t5KhjtwDhdKa,SHOES,2019-07-10,1562770800
2155,R_1mEmb9jWLRYCU4e,NUTRITIONAL_SUPPLEMENT,2019-07-10,1562770800
2156,R_1mEmb9jWLRYCU4e,HEAT_PRESS,2019-07-10,1562770800
2157,R_1mEmb9jWLRYCU4e,HEADPHONES,2019-07-10,1562770800
2158,R_1mEmb9jWLRYCU4e,COFFEE,2019-07-10,1562770800
2159,R_1mEmb9jWLRYCU4e,ABIS_BOOK,2019-07-10,1562770800
2160,R_1mEmb9jWLRYCU4e,DRESSER,2019-07-10,1562770800
2161,R_1ouRfsTlr2iWPge,HEADPHONES,2019-07-10,1562770800
2162,R_1ouRfsTlr2iWPge,GROCERY,2019-07-10,1562770800
2163,R_1q4eVtHN10S5gPB,CELLULAR_PHONE_CASE,2019-07-10,1562770800
2164,R_1qdM6yLQigCFrkd,PHYSICAL_MOVIE,2019-07-10,1562770800
2165,R_1qdM6yLQigCFrkd,SKIN_MOISTURIZER,2019-07-10,1562770800
2166,R_22mMopWqAj09mQc,MEDICATION,2019-07-10,1562770800
2167,R_248iRXgLLXgwGMZ,HEALTH_PERSONAL_CARE,2019-07-10,1562770800
2168,R_24BGQeYnh5rnOEv,WASTE_BAG,2019-07-10,1562770800
2169,R_24BGQeYnh5rnOEv,DIE_CUT_MACHINE,2019-07-10,1562770800
2170,R_24bE9NTxiBf6v2b,MAPS,2019-07-10,1562770800
2171,R_24bE9NTxiBf6v2b,FLAT_SHEET,2019-07-10,1562770800
2172,R_24csoaO569P4Yzz,SHOES,2019-07-10,1562770800
2173,R_24csoaO569P4Yzz,BATTERY,2019-07-10,1562770800
2174,R_25z5LHPaAsxktx7,SHOES,2019-07-10,1562770800
2175,R_25z5LHPaAsxktx7,UNDERPANTS,2019-07-10,1562770800
2176,R_25z5LHPaAsxktx7,PET_FOOD,2019-07-10,1562770800
2177,R_25z5LHPaAsxktx7,SNACK_FOOD_BAR,2019-07-10,1562770800
2178,R_25z5LHPaAsxktx7,SURFACE_CLEANING_WIPE,2019-07-10,1562770800
2179,R_25z5LHPaAsxktx7,CABLE_OR_ADAPTER,2019-07-10,1562770800
2180,R_25z5LHPaAsxktx7,SURFACE_CLEANING_WIPE,2019-07-10,1562770800
2181,R_25z5LHPaAsxktx7,SCREEN_PROTECTOR,2019-07-10,1562770800
2182,R_25z5LHPaAsxktx7,HEADPHONES,2019-07-10,1562770800
2183,R_25z5LHPaAsxktx7,SKIN_CLEANING_AGENT,2019-07-10,1562770800
2184,R_279ENCaNyRMf98u,SHOES,2019-07-10,1562770800
2185,R_279ENCaNyRMf98u,HEADPHONES,2019-07-10,1562770800
2186,R_279ENCaNyRMf98u,SCREEN_PROTECTOR,2019-07-10,1562770800
2187,R_279ENCaNyRMf98u,SHOES,2019-07-10,1562770800
2188,R_29uBVByYo0xAXiZ,RECREATION_BALL,2019-07-10,1562770800
2189,R_29uBVByYo0xAXiZ,STORAGE_RACK,2019-07-10,1562770800
2190,R_29uBVByYo0xAXiZ,SHOES,2019-07-10,1562770800
2191,R_29uBVByYo0xAXiZ,TOYS_AND_GAMES,2019-07-10,1562770800
2192,R_2AXcJk6rRN4M33l,PLUMBING_FIXTURE,2019-07-10,1562770800
2193,R_2AXcJk6rRN4M33l,SKIN_EXFOLIANT,2019-07-10,1562770800
2194,R_2AXcJk6rRN4M33l,SKIN_CLEANING_AGENT,2019-07-10,1562770800
2195,R_2AXcJk6rRN4M33l,PANTS,2019-07-10,1562770800
2196,R_2AXcJk6rRN4M33l,SKIN_MOISTURIZER,2019-07-10,1562770800
2197,R_2AXcJk6rRN4M33l,SHOES,2019-07-10,1562770800
2198,R_2CKdeuvfVrO8I49,SKIN_CLEANING_WIPE,2019-07-10,1562770800
2199,R_2CpozrevorP48sb,MEDICATION,2019-07-10,1562770800
2200,R_2CpozrevorP48sb,COOKIE,2019-07-10,1562770800
2201,R_2CpozrevorP48sb,TOYS_AND_GAMES,2019-07-10,1562770800
2202,R_2CpozrevorP48sb,WILDLIFE_FEEDER,2019-07-10,1562770800
2203,R_2CpozrevorP48sb,PHYSICAL_MOVIE,2019-07-10,1562770800
2204,R_2CpozrevorP48sb,TOILET_SEAT,2019-07-10,1562770800
2205,R_2CpozrevorP48sb,VITAMIN,2019-07-10,1562770800
2206,R_2CpozrevorP48sb,NAIL_POLISH_REMOVER,2019-07-10,1562770800
2207,R_2CpozrevorP48sb,TENT,2019-07-10,1562770800
2208,R_2CpozrevorP48sb,SKIN_CLEANING_AGENT,2019-07-10,1562770800
2209,R_2CpozrevorP48sb,ELECTRONIC_CABLE,2019-07-10,1562770800
2210,R_2CpozrevorP48sb,SHOES,2019-07-10,1562770800
2211,R_2CpozrevorP48sb,MEDICATION,2019-07-10,1562770800
2212,R_2CpozrevorP48sb,PET_FOOD,2019-07-10,1562770800
2213,R_2D1zydYR5SZ0LpK,PHYSICAL_MOVIE,2019-07-10,1562770800
2214,R_2QXJIE0UXBTy8wd,SHIRT,2019-07-10,1562770800
2215,R_2QXJIE0UXBTy8wd,VACUUM_SEALER_MACHINE,2019-07-10,1562770800
2216,R_2QXJIE0UXBTy8wd,SNACK_FOOD_BAR,2019-07-10,1562770800
2217,R_2R3ayuIYVgX07CZ,TOYS_AND_GAMES,2019-07-10,1562770800
2218,R_2R3ayuIYVgX07CZ,MEDICATION,2019-07-10,1562770800
2219,R_2Ser7goSgo0gVBj,KNIFE_BLOCK_SET,2019-07-10,1562770800
2220,R_2TL7w44l8M5vEok,SCREEN_PROTECTOR,2019-07-10,1562770800
2221,R_2TnuiSdfJ77v7e9,PHYSICAL_MOVIE,2019-07-10,1562770800
2222,R_2VyUSFk11bbTVej,CELLULAR_PHONE_CASE,2019-07-10,1562770800
2223,R_2VyUSFk11bbTVej,LIGHT_BULB,2019-07-10,1562770800
2224,R_2WAagX64hf1kdMI,SHOES,2019-07-10,1562770800
2225,R_2WAagX64hf1kdMI,SKIN_CLEANING_AGENT,2019-07-10,1562770800
2226,R_2WMQprO1e6US68f,PET_FOOD,2019-07-10,1562770800
2227,R_2WMQprO1e6US68f,ELECTRONIC_CABLE,2019-07-10,1562770800
2228,R_2WMQprO1e6US68f,SCREEN_PROTECTOR,2019-07-10,1562770800
2229,R_2WMQprO1e6US68f,TOYS_AND_GAMES,2019-07-10,1562770800
2230,R_2WMQprO1e6US68f,HARDWARE_HINGE,2019-07-10,1562770800
2231,R_2WVIxBGaj1uOr8S,PAINT_BRUSH,2019-07-10,1562770800
2232,R_2WVIxBGaj1uOr8S,VITAMIN,2019-07-10,1562770800
2233,R_2WumP0iKDvwiM2r,WIRE_STRIPPER,2019-07-10,1562770800
2234,R_2cvmrv8q51q8yh1,SHIRT,2019-07-10,1562770800
2235,R_2dX8oLhgW3U0Q0m,ABIS_BOOK,2019-07-10,1562770800
2236,R_2dX8oLhgW3U0Q0m,VITAMIN,2019-07-10,1562770800
2237,R_2dz21GRV17aGMQ6,SHIRT,2019-07-10,1562770800
2238,R_2fxhde3AmAoBQBS,CELLULAR_PHONE_CASE,2019-07-10,1562770800
2239,R_2mKYTXpTsUEkSGt,SKIN_MOISTURIZER,2019-07-10,1562770800
2240,R_2mKYTXpTsUEkSGt,ABIS_BOOK,2019-07-10,1562770800
2241,R_2s5YO3cdqKDFyIM,HEALTH_PERSONAL_CARE,2019-07-10,1562770800
2242,R_2s5YO3cdqKDFyIM,LAUNDRY_DETERGENT,2019-07-10,1562770800
2243,R_2s5YO3cdqKDFyIM,SHOES,2019-07-10,1562770800
2244,R_2vYO5d3Ry8qjf5g,VITAMIN,2019-07-10,1562770800
2245,R_2woyYEH5qlAG264,BATTERY,2019-07-10,1562770800
2246,R_32MgYCncUh7NkQE,TOYS_AND_GAMES,2019-07-10,1562770800
2247,R_32R69KRWIzuH9Im,BEVERAGE_DISPENSING_APPLIANCE,2019-07-10,1562770800
2248,R_32R69KRWIzuH9Im,SHOES,2019-07-10,1562770800
2249,R_32R69KRWIzuH9Im,ABIS_BOOK,2019-07-10,1562770800
2250,R_32R69KRWIzuH9Im,VITAMIN,2019-07-10,1562770800
2251,R_33kcOqAkuOfPeI1,CELLULAR_PHONE_CASE,2019-07-10,1562770800
2252,R_3Em4Q2OBHB3m5rz,SUSPENDER,2019-07-10,1562770800
2253,R_3Em4Q2OBHB3m5rz,MEDICATION,2019-07-10,1562770800
2254,R_3Em4Q2OBHB3m5rz,JUICE_AND_JUICE_DRINK,2019-07-10,1562770800
2255,R_3Em4Q2OBHB3m5rz,GROCERY,2019-07-10,1562770800
2256,R_3Em4Q2OBHB3m5rz,ELECTRONIC_CABLE,2019-07-10,1562770800
2257,R_3FLnCDw2M5okTCc,SKIN_CLEANING_AGENT,2019-07-10,1562770800
2258,R_3G7BILj5lidHb8M,BATTERY,2019-07-10,1562770800
2259,R_3G7BILj5lidHb8M,BATTERY,2019-07-10,1562770800
2260,R_3GD1CL4OyjglmbZ,CHARGING_ADAPTER,2019-07-10,1562770800
2261,R_3Hphzg7zu04Hgy1,ABIS_BOOK,2019-07-10,1562770800
2262,R_3HzhKIwCcybjVbM,PUMP_SPRAYER,2019-07-10,1562770800
2263,R_3I0sWpLFEyMMVOV,RIDE_ON_TOY,2019-07-10,1562770800
2264,R_3Jxiicg67etW2yt,SKIN_MOISTURIZER,2019-07-10,1562770800
2265,R_3KpaTa6zCZitiZG,VITAMIN,2019-07-10,1562770800
2266,R_3KpaTa6zCZitiZG,HAIR_STYLING_AGENT,2019-07-10,1562770800
2267,R_3KpaTa6zCZitiZG,LAUNDRY_APPLIANCE,2019-07-10,1562770800
2268,R_3M0euO2kPnoHrdt,SNACK_FOOD_BAR,2019-07-10,1562770800
2269,R_3MyEdXOZ8P75S1V,PEST_CONTROL_DEVICE,2019-07-10,1562770800
2270,R_3OfwQrDNFhWjGWG,BATTERY,2019-07-10,1562770800
2271,R_3OfwQrDNFhWjGWG,RADIO,2019-07-10,1562770800
2272,R_3OfwQrDNFhWjGWG,ELECTRONIC_CABLE,2019-07-10,1562770800
2273,R_3OiAK9V155cWEsy,ELECTRONIC_CABLE,2019-07-10,1562770800
2274,R_3PUi8o2if0JqKfl,HOME_LIGHTING_ACCESSORY,2019-07-10,1562770800
2275,R_3R3FfvTaRKxigNl,GROCERY,2019-07-10,1562770800
2276,R_3dVMhrjV0qUkHSh,DAIRY_BASED_DRINK,2019-07-10,1562770800
2277,R_3emmbwwsXsxt4Oj,SKIN_CLEANING_AGENT,2019-07-10,1562770800
2278,R_3enuyEOsaEVxTNX,CELLULAR_PHONE_CASE,2019-07-10,1562770800
2279,R_3jSvX9tw2goV083,OFFICE_ELECTRONICS,2019-07-10,1562770800
2280,R_3m3H4mwZ2snYFua,MEDICATION,2019-07-10,1562770800
2281,R_3nH1Odp9Yjm86gN,LAUNDRY_HAMPER,2019-07-10,1562770800
2282,R_3nH1Odp9Yjm86gN,INSTRUMENT_PARTS_AND_ACCESSORIES,2019-07-10,1562770800
2283,R_3oO3DoeTgXHrEzx,GIFT_WRAP,2019-07-10,1562770800
2284,R_3qrqbddZ7eR9KW8,HOME_LIGHTING_AND_LAMPS,2019-07-10,1562770800
2285,R_3r26NAbVnDpIxzF,TRACK_SUIT,2019-07-10,1562770800
2286,R_3r26NAbVnDpIxzF,CELLULAR_PHONE_CASE,2019-07-10,1562770800
2287,R_3rYUVmCplPiAoJh,GROCERY,2019-07-10,1562770800
2288,R_3rYUVmCplPiAoJh,PORTABLE_VIDEO_DISC_PLAYER,2019-07-10,1562770800
2289,R_3rZHdmB75jSgwhr,PET_FOOD,2019-07-10,1562770800
2290,R_3rZHdmB75jSgwhr,SKIRT,2019-07-10,1562770800
2291,R_55BKHeW1aOzYOUp,GROCERY,2019-07-10,1562770800
2292,R_55BKHeW1aOzYOUp,SCREEN_PROTECTOR,2019-07-10,1562770800
2293,R_6Jw0sPgGkHLnKkp,VEHICLE_BRAKE_PAD,2019-07-10,1562770800
2294,R_6Jw0sPgGkHLnKkp,ABIS_BOOK,2019-07-10,1562770800
2295,R_6Jw0sPgGkHLnKkp,BATTERY,2019-07-10,1562770800
2296,R_6Jw0sPgGkHLnKkp,HOUSEHOLD_STAIN,2019-07-10,1562770800
2297,R_6Jw0sPgGkHLnKkp,POT_HOLDER,2019-07-10,1562770800
2298,R_6Jw0sPgGkHLnKkp,SHIRT,2019-07-10,1562770800
2299,R_6Jw0sPgGkHLnKkp,NUTRITIONAL_SUPPLEMENT,2019-07-10,1562770800
2300,R_6Jw0sPgGkHLnKkp,CRACKER,2019-07-10,1562770800
2301,R_6Jw0sPgGkHLnKkp,VITAMIN,2019-07-10,1562770800
2302,R_6fzbeTqbnF0kBih,BATTERY,2019-07-10,1562770800
2303,R_AKBlDprDMrv4M7v,TENT,2019-07-10,1562770800
2304,R_Ap2HcvpPLRDJv9L,SKIN_CLEANING_AGENT,2019-07-10,1562770800
2305,R_CaF1pc8CnyWJvCp,BATTERY,2019-07-10,1562770800
2306,R_CaF1pc8CnyWJvCp,ABIS_BOOK,2019-07-10,1562770800
2307,R_OkSi9IxX5ddzzl7,SURVEILLANCE_RECORDER_SYSTEM,2019-07-10,1562770800
2308,R_OkSi9IxX5ddzzl7,PHYSICAL_MOVIE,2019-07-10,1562770800
2309,R_OkSi9IxX5ddzzl7,PHYSICAL_MOVIE,2019-07-10,1562770800
2310,R_OkSi9IxX5ddzzl7,SKIN_CLEANING_AGENT,2019-07-10,1562770800
2311,R_PwlnzzccUMXV0n7,NUTRITIONAL_SUPPLEMENT,2019-07-10,1562770800
2312,R_PwlnzzccUMXV0n7,HEADPHONES,2019-07-10,1562770800
2313,R_PwlnzzccUMXV0n7,SNACK_FOOD_BAR,2019-07-10,1562770800
2314,R_RK5cwWjrNzWCfLj,SHIRT,2019-07-10,1562770800
2315,R_RK5cwWjrNzWCfLj,BATTERY,2019-07-10,1562770800
2316,R_RK5cwWjrNzWCfLj,ELECTRONIC_CABLE,2019-07-10,1562770800
2317,R_RK5cwWjrNzWCfLj,GROCERY,2019-07-10,1562770800
2318,R_RK5cwWjrNzWCfLj,FISHING_HOOK,2019-07-10,1562770800
2319,R_RK5cwWjrNzWCfLj,ABIS_BOOK,2019-07-10,1562770800
2320,R_RK5cwWjrNzWCfLj,CELLULAR_PHONE_CASE,2019-07-10,1562770800
2321,R_RK5cwWjrNzWCfLj,SCREEN_PROTECTOR,2019-07-10,1562770800
2322,R_RaeWxaWjb7z8CLT,TOYS_AND_GAMES,2019-07-10,1562770800
2323,R_Ui78k1hRGuGWhln,OFFICE_PRODUCTS,2019-07-10,1562770800
2324,R_XUhit9pAXhD746B,ELECTRONIC_ADAPTER,2019-07-10,1562770800
2325,R_XUhit9pAXhD746B,FOOD_WRAP,2019-07-10,1562770800
2326,R_XUhit9pAXhD746B,SKIN_MOISTURIZER,2019-07-10,1562770800
2327,R_XUhit9pAXhD746B,ELECTRONIC_ADAPTER,2019-07-10,1562770800
2328,R_bJI8lmXMZWL6oql,SNACK_FOOD_BAR,2019-07-10,1562770800
2329,R_bJI8lmXMZWL6oql,ABIS_BOOK,2019-07-10,1562770800
2330,R_bJI8lmXMZWL6oql,ENVELOPE,2019-07-10,1562770800
2331,R_czHyAR1xMvT2FbP,HEADPHONES,2019-07-10,1562770800
2332,R_e8KTElZZLWryLWp,ABIS_BOOK,2019-07-10,1562770800
2333,R_eg0ycbZcHEfhBAd,BATTERY,2019-07-10,1562770800
2334,R_qxTrp3qz2YCQAnv,VITAMIN,2019-07-10,1562770800
2335,R_qxTrp3qz2YCQAnv,NUTRITIONAL_SUPPLEMENT,2019-07-10,1562770800
2336,R_qxTrp3qz2YCQAnv,CELLULAR_PHONE_CASE,2019-07-10,1562770800
2337,R_qxTrp3qz2YCQAnv,LAWN_MOWER,2019-07-10,1562770800
2338,R_r3IM83Ecq7eY7QJ,SKIN_MOISTURIZER,2019-07-10,1562770800
2339,R_r3IM83Ecq7eY7QJ,SHIRT,2019-07-10,1562770800
2340,R_r3IM83Ecq7eY7QJ,CHAINSAW_CHAIN,2019-07-10,1562770800
2341,R_r3IM83Ecq7eY7QJ,SKIN_MOISTURIZER,2019-07-10,1562770800
2342,R_r3IM83Ecq7eY7QJ,MEDICATION,2019-07-10,1562770800
2343,R_r3IM83Ecq7eY7QJ,OVERALLS,2019-07-10,1562770800
2344,R_r3IM83Ecq7eY7QJ,ABIS_BOOK,2019-07-10,1562770800
2345,R_r3IM83Ecq7eY7QJ,NETWORK_INTERFACE_CONTROLLER_ADAPTER,2019-07-10,1562770800
2346,R_r3IM83Ecq7eY7QJ,BATTERY,2019-07-10,1562770800
2347,R_reG3llJtTwO6ccV,UNDERGARMENT_SLIP,2019-07-10,1562770800
2348,R_reG3llJtTwO6ccV,STORAGE_COVER,2019-07-10,1562770800
2349,R_t0ccZ3CXpzqgSpr,RADIO,2019-07-10,1562770800
2350,R_t0ccZ3CXpzqgSpr,MEDICATION,2019-07-10,1562770800
2351,R_t0ccZ3CXpzqgSpr,PHYSICAL_MOVIE,2019-07-10,1562770800
2352,R_t0ccZ3CXpzqgSpr,HEALTH_PERSONAL_CARE,2019-07-10,1562770800
2353,R_tFf2GViNMUolxaV,BABY_SEAT,2019-07-10,1562770800
2354,R_tJNLenUlMH5f4el,ABIS_BOOK,2019-07-10,1562770800
2355,R_tJNLenUlMH5f4el,MEDICATION,2019-07-10,1562770800
2356,R_tJNLenUlMH5f4el,VITAMIN,2019-07-10,1562770800
2357,R_tJNLenUlMH5f4el,PANTS,2019-07-10,1562770800
2358,R_tJNLenUlMH5f4el,MEDICATION,2019-07-10,1562770800
2359,R_tXHOaasrDjYwLO9,SKIN_CLEANING_AGENT,2019-07-10,1562770800
2360,R_uqbcSq7y153jKmZ,HEADPHONES,2019-07-10,1562770800
2361,R_x969WzGgXuE1CuJ,SNACK_FOOD_BAR,2019-07-10,1562770800
2362,R_yJz6aXbKddNbgZz,SNACK_FOOD_BAR,2019-07-10,1562770800
2363,R_yJz6aXbKddNbgZz,BATTERY,2019-07-10,1562770800
2364,R_yJz6aXbKddNbgZz,MEDICATION,2019-07-10,1562770800
2365,R_yJz6aXbKddNbgZz,HEADPHONES,2019-07-10,1562770800
2366,R_yRaAO89bhwJb9xD,NUTRITIONAL_SUPPLEMENT,2019-07-10,1562770800
2367,R_yRaAO89bhwJb9xD,SKIN_CLEANING_AGENT,2019-07-10,1562770800
2368,R_128UcvT7YzJpnZv,HARDWARE_TUBING,2019-07-11,1562857200
2369,R_1BNwZP0DdTOa4rT,VITAMIN,2019-07-11,1562857200
2370,R_1BNwZP0DdTOa4rT,CELLULAR_PHONE_CASE,2019-07-11,1562857200
2371,R_1BNwZP0DdTOa4rT,SHIRT,2019-07-11,1562857200
2372,R_1C4nKyrv0w2thJn,NUTRITIONAL_SUPPLEMENT,2019-07-11,1562857200
2373,R_1C4nKyrv0w2thJn,BASKET,2019-07-11,1562857200
2374,R_1C4nKyrv0w2thJn,SKIN_CLEANING_AGENT,2019-07-11,1562857200
2375,R_1C4nKyrv0w2thJn,HEALTH_PERSONAL_CARE,2019-07-11,1562857200
2376,R_1C4nKyrv0w2thJn,FLAVORED_DRINK_CONCENTRATE,2019-07-11,1562857200
2377,R_1C4nKyrv0w2thJn,SCREEN_PROTECTOR,2019-07-11,1562857200
2378,R_1C4tcyEfmcsKI9X,VITAMIN,2019-07-11,1562857200
2379,R_1ClqO4ZMDuwGjfl,SHIRT,2019-07-11,1562857200
2380,R_1ClqO4ZMDuwGjfl,PANTS,2019-07-11,1562857200
2381,R_1DJdUrYA1I0QAKh,BOOK,2019-07-11,1562857200
2382,R_1DYjkc1gJNvrzzL,PANTS,2019-07-11,1562857200
2383,R_1DYjkc1gJNvrzzL,BATTERY,2019-07-11,1562857200
2384,R_1DYjkc1gJNvrzzL,SCREEN_PROTECTOR,2019-07-11,1562857200
2385,R_1DYjkc1gJNvrzzL,BATTERY,2019-07-11,1562857200
2386,R_1DYjkc1gJNvrzzL,CELLULAR_PHONE_CASE,2019-07-11,1562857200
2387,R_1E3TJBNJVtr3tcD,TOYS_AND_GAMES,2019-07-11,1562857200
2388,R_1E3TJBNJVtr3tcD,TOYS_AND_GAMES,2019-07-11,1562857200
2389,R_1F35QiIK5csZBEC,BATTERY,2019-07-11,1562857200
2390,R_1FWSWSjBuPMvSgx,PET_FOOD,2019-07-11,1562857200
2391,R_1GghoTNZdgUeySl,ABIS_BOOK,2019-07-11,1562857200
2392,R_1Hena1rUph3TnA3,CADDY,2019-07-11,1562857200
2393,R_1IaYiTSaUaD2W2i,NUTRITIONAL_SUPPLEMENT,2019-07-11,1562857200
2394,R_1KxVDxZl2H0XoHS,SKIN_CLEANING_AGENT,2019-07-11,1562857200
2395,R_1KxVDxZl2H0XoHS,TOYS_AND_GAMES,2019-07-11,1562857200
2396,R_1PcttxbjmIpzZ9t,ELECTRONIC_CABLE,2019-07-11,1562857200
2397,R_1QozBaV2v9k1qO9,SKIN_MOISTURIZER,2019-07-11,1562857200
2398,R_1QozBaV2v9k1qO9,EDIBLE_OIL_VEGETABLE,2019-07-11,1562857200
2399,R_1QozBaV2v9k1qO9,GROCERY,2019-07-11,1562857200
2400,R_1QozBaV2v9k1qO9,PHONE_ACCESSORY,2019-07-11,1562857200
2401,R_1eEsLZ6SYLsIG0s,ELECTRONIC_CABLE,2019-07-11,1562857200
2402,R_1gcmv3lhX8iJEQb,SNACK_FOOD_BAR,2019-07-11,1562857200
2403,R_1hMV4AHCk04WO5V,SCREEN_PROTECTOR,2019-07-11,1562857200
2404,R_1hMV4AHCk04WO5V,ELECTRONIC_CABLE,2019-07-11,1562857200
2405,R_1hMV4AHCk04WO5V,SCREEN_PROTECTOR,2019-07-11,1562857200
2406,R_1jARg5bGH5uqAKW,ABIS_BOOK,2019-07-11,1562857200
2407,R_1jARg5bGH5uqAKW,PET_FOOD,2019-07-11,1562857200
2408,R_1jNXwv23Py7NoXB,SKIN_MOISTURIZER,2019-07-11,1562857200
2409,R_1lsgykNxEU4BXTI,SOIL,2019-07-11,1562857200
2410,R_1lsgykNxEU4BXTI,ESSENTIAL_OIL,2019-07-11,1562857200
2411,R_1lsgykNxEU4BXTI,GROCERY,2019-07-11,1562857200
2412,R_1lxYa2W6GgcAQ19,GROCERY,2019-07-11,1562857200
2413,R_1mQrQ5EFGvbBRLb,ELECTRONIC_CABLE,2019-07-11,1562857200
2414,R_1mQrQ5EFGvbBRLb,PET_FOOD,2019-07-11,1562857200
2415,R_1r8u9f1vT8Y3HrC,PANTS,2019-07-11,1562857200
2416,R_1r8u9f1vT8Y3HrC,SHOES,2019-07-11,1562857200
2417,R_1r8u9f1vT8Y3HrC,BODY_POSITIONER,2019-07-11,1562857200
2418,R_20V73ixsOYXCBbP,KITCHEN,2019-07-11,1562857200
2419,R_20V73ixsOYXCBbP,PANTS,2019-07-11,1562857200
2420,R_210tLKdUbUZuf7O,HEADPHONES,2019-07-11,1562857200
2421,R_210tLKdUbUZuf7O,NUTRITIONAL_SUPPLEMENT,2019-07-11,1562857200
2422,R_210tLKdUbUZuf7O,CHANGING_PAD,2019-07-11,1562857200
2423,R_210tLKdUbUZuf7O,TOYS_AND_GAMES,2019-07-11,1562857200
2424,R_210tLKdUbUZuf7O,LAMP,2019-07-11,1562857200
2425,R_210tLKdUbUZuf7O,NUTRITIONAL_SUPPLEMENT,2019-07-11,1562857200
2426,R_210tLKdUbUZuf7O,VITAMIN,2019-07-11,1562857200
2427,R_210tLKdUbUZuf7O,HOME,2019-07-11,1562857200
2428,R_210tLKdUbUZuf7O,ADHESIVES_AND_SEALANTS,2019-07-11,1562857200
2429,R_210tLKdUbUZuf7O,SKIN_MOISTURIZER,2019-07-11,1562857200
2430,R_23ThXRxY2BTPyy5,WEIGH_SCALE,2019-07-11,1562857200
2431,R_23ThXRxY2BTPyy5,PANTS,2019-07-11,1562857200
2432,R_23ThXRxY2BTPyy5,SKIN_MOISTURIZER,2019-07-11,1562857200
2433,R_23eD9Db68xpXl0d,SNACK_FOOD_BAR,2019-07-11,1562857200
2434,R_24MKoSmvuiLEI76,PANTS,2019-07-11,1562857200
2435,R_24MKoSmvuiLEI76,ABIS_BOOK,2019-07-11,1562857200
2436,R_24MKoSmvuiLEI76,ABIS_MUSIC,2019-07-11,1562857200
2437,R_24MKoSmvuiLEI76,SHIRT,2019-07-11,1562857200
2438,R_24MKoSmvuiLEI76,PANTS,2019-07-11,1562857200
2439,R_24MKoSmvuiLEI76,SKIN_CLEANING_AGENT,2019-07-11,1562857200
2440,R_24csoaO569P4Yzz,CABLE_OR_ADAPTER,2019-07-11,1562857200
2441,R_24ubsh7FUCIQgTb,BATHTUB_SHOWER_TRIM_KIT,2019-07-11,1562857200
2442,R_24ubsh7FUCIQgTb,SKIN_CLEANING_AGENT,2019-07-11,1562857200
2443,R_24ubsh7FUCIQgTb,TOYS_AND_GAMES,2019-07-11,1562857200
2444,R_25SbPPTyE45YzXP,RING,2019-07-11,1562857200
2445,R_25SbPPTyE45YzXP,HEALTH_PERSONAL_CARE,2019-07-11,1562857200
2446,R_277i50HinKYVoY9,SHOES,2019-07-11,1562857200
2447,R_279ENCaNyRMf98u,GROCERY,2019-07-11,1562857200
2448,R_28IDNbS8mqpfyKD,CELLULAR_PHONE_CASE,2019-07-11,1562857200
2449,R_28IDNbS8mqpfyKD,SKIN_CLEANING_AGENT,2019-07-11,1562857200
2450,R_28IDNbS8mqpfyKD,PET_FOOD,2019-07-11,1562857200
2451,R_2D1zydYR5SZ0LpK,MEDICATION,2019-07-11,1562857200
2452,R_2D1zydYR5SZ0LpK,SKIN_CLEANING_AGENT,2019-07-11,1562857200
2453,R_2DSIdH6iUv9yJ8V,PANTS,2019-07-11,1562857200
2454,R_2DSIdH6iUv9yJ8V,INPUT_MOUSE,2019-07-11,1562857200
2455,R_2DSIdH6iUv9yJ8V,MEDICATION,2019-07-11,1562857200
2456,R_2DSIdH6iUv9yJ8V,SAUTE_FRY_PAN,2019-07-11,1562857200
2457,R_2DSIdH6iUv9yJ8V,NUTRITIONAL_SUPPLEMENT,2019-07-11,1562857200
2458,R_2TL7w44l8M5vEok,AIMING_SCOPE_SIGHT,2019-07-11,1562857200
2459,R_2TL7w44l8M5vEok,VIDEO_GAME_CONTROLLER,2019-07-11,1562857200
2460,R_2TL7w44l8M5vEok,HOT_TUB,2019-07-11,1562857200
2461,R_2Uc0eY0mHq5DQgt,PANTS,2019-07-11,1562857200
2462,R_2Uc0eY0mHq5DQgt,MEDICATION,2019-07-11,1562857200
2463,R_2Uc0eY0mHq5DQgt,SHIRT,2019-07-11,1562857200
2464,R_2Uc0eY0mHq5DQgt,HEADPHONES,2019-07-11,1562857200
2465,R_2VaWg2jhtCG6zmh,TABLECLOTH,2019-07-11,1562857200
2466,R_2VwjXhJ5OznStEi,MEDICATION,2019-07-11,1562857200
2467,R_2VwjXhJ5OznStEi,SCREEN_PROTECTOR,2019-07-11,1562857200
2468,R_2VwjXhJ5OznStEi,CELLULAR_PHONE_CASE,2019-07-11,1562857200
2469,R_2WAagX64hf1kdMI,CRAFT_HOOP_FRAME,2019-07-11,1562857200
2470,R_2WAagX64hf1kdMI,BATTERY,2019-07-11,1562857200
2471,R_2WAagX64hf1kdMI,VITAMIN,2019-07-11,1562857200
2472,R_2XoI6KbLJRGFz5X,SCREEN_PROTECTOR,2019-07-11,1562857200
2473,R_2XoI6KbLJRGFz5X,GROCERY,2019-07-11,1562857200
2474,R_2aKrOq0DBielcig,SKIN_MOISTURIZER,2019-07-11,1562857200
2475,R_2b1XOZR0PYTA1jX,BICYCLE_DERAILLEUR,2019-07-11,1562857200
2476,R_2b1XOZR0PYTA1jX,SHIRT,2019-07-11,1562857200
2477,R_2b1XOZR0PYTA1jX,AIMING_SCOPE_SIGHT,2019-07-11,1562857200
2478,R_2dEe5MXA0pGB5Fr,ORTHOPEDIC_BRACE,2019-07-11,1562857200
2479,R_2fQoqPD5ygeWViN,HEADPHONES,2019-07-11,1562857200
2480,R_2fQoqPD5ygeWViN,SCREEN_PROTECTOR,2019-07-11,1562857200
2481,R_2mAJniG0xVBIInL,PANTS,2019-07-11,1562857200
2482,R_2mAJniG0xVBIInL,VITAMIN,2019-07-11,1562857200
2483,R_2mAJniG0xVBIInL,VEHICLE_LIGHT_ASSEMBLY,2019-07-11,1562857200
2484,R_2mKYTXpTsUEkSGt,CELLULAR_PHONE_CASE,2019-07-11,1562857200
2485,R_2pK2zZBvbieDcxb,HEALTH_PERSONAL_CARE,2019-07-11,1562857200
2486,R_2qD8ep8d313iLj4,SHOES,2019-07-11,1562857200
2487,R_2s5YO3cdqKDFyIM,SNACK_CHIP_AND_CRISP,2019-07-11,1562857200
2488,R_2s5YO3cdqKDFyIM,SCREEN_PROTECTOR,2019-07-11,1562857200
2489,R_2s5YO3cdqKDFyIM,NUTRITIONAL_SUPPLEMENT,2019-07-11,1562857200
2490,R_2sYn1oXcE5aaeU5,APPENDAGE_WARMER,2019-07-11,1562857200
2491,R_2uZDxTZAORBIW1o,HEADPHONES,2019-07-11,1562857200
2492,R_2wzatCV9Z18xLF2,SKIN_MOISTURIZER,2019-07-11,1562857200
2493,R_2wzatCV9Z18xLF2,MUSICAL_INSTRUMENTS,2019-07-11,1562857200
2494,R_2y8edrQ8p3nRu8v,TABLETOP_GAME,2019-07-11,1562857200
2495,R_2y8edrQ8p3nRu8v,DRINKING_CUP,2019-07-11,1562857200
2496,R_2y8edrQ8p3nRu8v,PEST_CONTROL_DEVICE,2019-07-11,1562857200
2497,R_2y8edrQ8p3nRu8v,HEADPHONES,2019-07-11,1562857200
2498,R_2y8edrQ8p3nRu8v,CELLULAR_PHONE_CASE,2019-07-11,1562857200
2499,R_2y8edrQ8p3nRu8v,PAPER_CLIP_CLAMP,2019-07-11,1562857200
2500,R_2yplkUxhAWZaFUL,SNACK_FOOD_BAR,2019-07-11,1562857200
2501,R_2zUBXlqUCKqKDVI,CHEWING_GUM,2019-07-11,1562857200
2502,R_2zUBXlqUCKqKDVI,SHOES,2019-07-11,1562857200
2503,R_32Mm71oAJq2K9XK,TOYS_AND_GAMES,2019-07-11,1562857200
2504,R_32Mm71oAJq2K9XK,PET_FOOD,2019-07-11,1562857200
2505,R_32Mm71oAJq2K9XK,ABIS_BOOK,2019-07-11,1562857200
2506,R_32UZncFA03IrQwQ,HOBBIES,2019-07-11,1562857200
2507,R_32UZncFA03IrQwQ,COOKING_POT,2019-07-11,1562857200
2508,R_32UZncFA03IrQwQ,GARMENT_PROTECTOR_COVER,2019-07-11,1562857200
2509,R_32UZncFA03IrQwQ,CELLULAR_PHONE_CASE,2019-07-11,1562857200
2510,R_32UZncFA03IrQwQ,ELECTRONIC_CABLE,2019-07-11,1562857200
2511,R_32UZncFA03IrQwQ,HEADPHONES,2019-07-11,1562857200
2512,R_32UZncFA03IrQwQ,HOBBIES,2019-07-11,1562857200
2513,R_32UZncFA03IrQwQ,TOYS_AND_GAMES,2019-07-11,1562857200
2514,R_32UZncFA03IrQwQ,CLOTHES_RACK,2019-07-11,1562857200
2515,R_32UZncFA03IrQwQ,ELECTRONIC_CABLE,2019-07-11,1562857200
2516,R_333cPUAJRgYXqi1,SHOES,2019-07-11,1562857200
2517,R_333cPUAJRgYXqi1,ELECTRONIC_CABLE,2019-07-11,1562857200
2518,R_33xxVtjHgiJnNli,BRA,2019-07-11,1562857200
2519,R_33xxVtjHgiJnNli,SLIPPER,2019-07-11,1562857200
2520,R_3EQJpaOtt2aP8HS,STICKER_DECAL,2019-07-11,1562857200
2521,R_3EQJpaOtt2aP8HS,SHOES,2019-07-11,1562857200
2522,R_3EQJpaOtt2aP8HS,SKIN_CLEANING_AGENT,2019-07-11,1562857200
2523,R_3Ebh099lpNz7iC2,ELECTRONIC_CABLE,2019-07-11,1562857200
2524,R_3Ebh099lpNz7iC2,WIRELESS_AUDIO_ADAPTER,2019-07-11,1562857200
2525,R_3Ebh099lpNz7iC2,GROCERY,2019-07-11,1562857200
2526,R_3Ebh099lpNz7iC2,MEDIA_STORAGE,2019-07-11,1562857200
2527,R_3ElHoNUS8Tyu7RP,APPAREL,2019-07-11,1562857200
2528,R_3FRSHAzxtL6ifms,ANIMAL_INCONTINENCE_PROTECTOR,2019-07-11,1562857200
2529,R_3FRSHAzxtL6ifms,PANTS,2019-07-11,1562857200
2530,R_3FRSHAzxtL6ifms,KNITTING_NEEDLE,2019-07-11,1562857200
2531,R_3G1gYo1d23Zq8Np,VITAMIN,2019-07-11,1562857200
2532,R_3G1gYo1d23Zq8Np,HEADPHONES,2019-07-11,1562857200
2533,R_3G1gYo1d23Zq8Np,TOILET_SEAT,2019-07-11,1562857200
2534,R_3G1gYo1d23Zq8Np,JUICE_AND_JUICE_DRINK,2019-07-11,1562857200
2535,R_3GCXgWFPLgXAuFC,BREAD,2019-07-11,1562857200
2536,R_3GD1CL4OyjglmbZ,SNACK_FOOD_BAR,2019-07-11,1562857200
2537,R_3KCUnPI9FEz7vTo,PLACEMAT,2019-07-11,1562857200
2538,R_3KpaTa6zCZitiZG,SKIN_MOISTURIZER,2019-07-11,1562857200
2539,R_3KxaCMXQTDz1Z7P,PORTABLE_TOOL_BOX,2019-07-11,1562857200
2540,R_3KxaCMXQTDz1Z7P,TOYS_AND_GAMES,2019-07-11,1562857200
2541,R_3KxaCMXQTDz1Z7P,VITAMIN,2019-07-11,1562857200
2542,R_3KxaCMXQTDz1Z7P,SHOES,2019-07-11,1562857200
2543,R_3KxaCMXQTDz1Z7P,PANTS,2019-07-11,1562857200
2544,R_3KxaCMXQTDz1Z7P,NUTRITIONAL_SUPPLEMENT,2019-07-11,1562857200
2545,R_3KxaCMXQTDz1Z7P,MEDICATION,2019-07-11,1562857200
2546,R_3KxaCMXQTDz1Z7P,LEG_SLEEVE,2019-07-11,1562857200
2547,R_3KxaCMXQTDz1Z7P,VITAMIN,2019-07-11,1562857200
2548,R_3KxaCMXQTDz1Z7P,MORTAR_AND_PESTLE_SET,2019-07-11,1562857200
2549,R_3KxaCMXQTDz1Z7P,COFFEE,2019-07-11,1562857200
2550,R_3KxaCMXQTDz1Z7P,HEADPHONES,2019-07-11,1562857200
2551,R_3M0euO2kPnoHrdt,SHOES,2019-07-11,1562857200
2552,R_3MhBAq6V6XHU9ln,SKIN_MOISTURIZER,2019-07-11,1562857200
2553,R_3QWPI81N7eJPgeK,SKIN_MOISTURIZER,2019-07-11,1562857200
2554,R_3QWPI81N7eJPgeK,POOL_COVER,2019-07-11,1562857200
2555,R_3fB1NIeE1OGUd72,SCREEN_PROTECTOR,2019-07-11,1562857200
2556,R_3fB1NIeE1OGUd72,SEXUAL_STIMULATION_DEVICE,2019-07-11,1562857200
2557,R_3j85NmXEyjQjcD3,DAIRY_BASED_DRINK,2019-07-11,1562857200
2558,R_3j85NmXEyjQjcD3,VITAMIN,2019-07-11,1562857200
2559,R_3j85NmXEyjQjcD3,CELLULAR_PHONE_CASE,2019-07-11,1562857200
2560,R_3j85NmXEyjQjcD3,BEAUTY,2019-07-11,1562857200
2561,R_3lLhrGoskvkadDT,TOYS_AND_GAMES,2019-07-11,1562857200
2562,R_3m3H4mwZ2snYFua,HEADPHONES,2019-07-11,1562857200
2563,R_3m3H4mwZ2snYFua,TOYS_AND_GAMES,2019-07-11,1562857200
2564,R_3m3H4mwZ2snYFua,MEDICATION,2019-07-11,1562857200
2565,R_3m3H4mwZ2snYFua,PHYSICAL_VIDEO_GAME_SOFTWARE,2019-07-11,1562857200
2566,R_3m3H4mwZ2snYFua,CELLULAR_PHONE_CASE,2019-07-11,1562857200
2567,R_3m3H4mwZ2snYFua,VITAMIN,2019-07-11,1562857200
2568,R_3m3H4mwZ2snYFua,SKIN_MOISTURIZER,2019-07-11,1562857200
2569,R_3m3H4mwZ2snYFua,CELLULAR_PHONE_CASE,2019-07-11,1562857200
2570,R_3n17fNI56KA8rTV,SKIN_MOISTURIZER,2019-07-11,1562857200
2571,R_3oWSVjKtFIw0OE8,BATTERY,2019-07-11,1562857200
2572,R_3qTFp0FJqUeMhVZ,PHYSICAL_MOVIE,2019-07-11,1562857200
2573,R_3sbM1ke1qD79iaT,SCREEN_PROTECTOR,2019-07-11,1562857200
2574,R_3socPWD3wXD0iDP,SKIN_MOISTURIZER,2019-07-11,1562857200
2575,R_3socPWD3wXD0iDP,NUTRITIONAL_SUPPLEMENT,2019-07-11,1562857200
2576,R_55BKHeW1aOzYOUp,ABIS_BOOK,2019-07-11,1562857200
2577,R_5uabKnJBMc7HyEN,DISPOSABLE_INCONTINENCE_SURFACE_PROTECTOR,2019-07-11,1562857200
2578,R_A5Mg9h1PiJL0Wyd,SKIN_CLEANING_AGENT,2019-07-11,1562857200
2579,R_A5Mg9h1PiJL0Wyd,HEALTH_PERSONAL_CARE,2019-07-11,1562857200
2580,R_AKBlDprDMrv4M7v,HEALTH_PERSONAL_CARE,2019-07-11,1562857200
2581,R_Amq2LudEdwYblXX,PET_TOY,2019-07-11,1562857200
2582,R_BWhnv4EdbhSS6rf,SHELF,2019-07-11,1562857200
2583,R_BWhnv4EdbhSS6rf,PHYSICAL_MOVIE,2019-07-11,1562857200
2584,R_BWhnv4EdbhSS6rf,SKIN_MOISTURIZER,2019-07-11,1562857200
2585,R_PXSF6lxCnUB8Pg5,KEYBOARD_INSTRUMENTS,2019-07-11,1562857200
2586,R_PwlnzzccUMXV0n7,PANTS,2019-07-11,1562857200
2587,R_RPruSl134deuxOh,SKIN_MOISTURIZER,2019-07-11,1562857200
2588,R_RPruSl134deuxOh,SCREEN_PROTECTOR,2019-07-11,1562857200
2589,R_RfThNEyjDIX9xwl,SCREEN_PROTECTOR,2019-07-11,1562857200
2590,R_RfThNEyjDIX9xwl,ABIS_BOOK,2019-07-11,1562857200
2591,R_RlYyUhsDFvyGwX7,TONNEAU_COVER,2019-07-11,1562857200
2592,R_RlYyUhsDFvyGwX7,TOYS_AND_GAMES,2019-07-11,1562857200
2593,R_TtK3Qkb3c3EIeoV,AV_SIGNAL_SWITCH,2019-07-11,1562857200
2594,R_XAphEY817eORyx3,AUTO_ACCESSORY,2019-07-11,1562857200
2595,R_XAphEY817eORyx3,SEAFOOD,2019-07-11,1562857200
2596,R_XAphEY817eORyx3,PET_FOOD,2019-07-11,1562857200
2597,R_XAphEY817eORyx3,NUTRITIONAL_SUPPLEMENT,2019-07-11,1562857200
2598,R_XAphEY817eORyx3,TOYS_AND_GAMES,2019-07-11,1562857200
2599,R_XwiCirQyfwJzVtv,SHIRT,2019-07-11,1562857200
2600,R_XwiCirQyfwJzVtv,ART_MEDIA_PAPER,2019-07-11,1562857200
2601,R_Y4jCkfTFzvtw5SF,BRA,2019-07-11,1562857200
2602,R_Y4jCkfTFzvtw5SF,ABIS_BOOK,2019-07-11,1562857200
2603,R_Y4jCkfTFzvtw5SF,SHIRT,2019-07-11,1562857200
2604,R_Z4qMkqhWSmIbdSh,SCREEN_PROTECTOR,2019-07-11,1562857200
2605,R_e8KTElZZLWryLWp,HEALTH_PERSONAL_CARE,2019-07-11,1562857200
2606,R_e8KTElZZLWryLWp,ABIS_BOOK,2019-07-11,1562857200
2607,R_e8KTElZZLWryLWp,SKIN_CLEANING_AGENT,2019-07-11,1562857200
2608,R_plnyqyltsGtao9P,BATTERY,2019-07-11,1562857200
2609,R_puS9dcuNnDHSZ8Z,NUTRITIONAL_SUPPLEMENT,2019-07-11,1562857200
2610,R_puS9dcuNnDHSZ8Z,DIMENSIONAL_MEASUREMENT_CALIPER,2019-07-11,1562857200
2611,R_puS9dcuNnDHSZ8Z,SCREEN_PROTECTOR,2019-07-11,1562857200
2612,R_rcId0AtM417vPGN,PANTS,2019-07-11,1562857200
2613,R_rcId0AtM417vPGN,KNEE_PAD,2019-07-11,1562857200
2614,R_s6BUJFPzFF8fk2d,PET_FOOD,2019-07-11,1562857200
2615,R_tDI0MmPcVp5b2Xn,ABIS_BOOK,2019-07-11,1562857200
2616,R_u94bdSj5JBe7WZb,ACCESSORY,2019-07-11,1562857200
2617,R_u94bdSj5JBe7WZb,ABIS_BOOK,2019-07-11,1562857200
2618,R_vNUg1BUX4xLMPER,CAMERA_FILM,2019-07-11,1562857200
2619,R_xc0AiqTlV5cTvZn,HERBAL_SUPPLEMENT,2019-07-11,1562857200
2620,R_xc0AiqTlV5cTvZn,ABIS_BOOK,2019-07-11,1562857200
2621,R_yJz6aXbKddNbgZz,PET_FOOD,2019-07-11,1562857200
2622,R_zTf2i6s3E2OQZQR,ELECTRIC_FAN,2019-07-11,1562857200
2623,R_zTf2i6s3E2OQZQR,TOYS_AND_GAMES,2019-07-11,1562857200
2624,R_zTf2i6s3E2OQZQR,CELLULAR_PHONE_CASE,2019-07-11,1562857200
2625,R_zfnsck2ZatnGtY5,SHOES,2019-07-11,1562857200
2626,R_zfnsck2ZatnGtY5,VITAMIN,2019-07-11,1562857200
2627,R_zfnsck2ZatnGtY5,FREESTANDING_SHELTER,2019-07-11,1562857200
2628,R_0wCTiXC54rMN0J3,SKIN_CLEANING_WIPE,2019-07-12,1562943600
2629,R_0wCTiXC54rMN0J3,SCULPTING_MATERIAL,2019-07-12,1562943600
2630,R_1CIQjlABWt7jZWc,STRING_LIGHT,2019-07-12,1562943600
2631,R_1ClqO4ZMDuwGjfl,WASTE_BAG,2019-07-12,1562943600
2632,R_1ClqO4ZMDuwGjfl,BATTERY,2019-07-12,1562943600
2633,R_1ClqO4ZMDuwGjfl,ELECTRICAL_HOUSING,2019-07-12,1562943600
2634,R_1ClqO4ZMDuwGjfl,PANTS,2019-07-12,1562943600
2635,R_1CqGMkfiCiATbn4,SNACK_FOOD_BAR,2019-07-12,1562943600
2636,R_1DJdUrYA1I0QAKh,GROCERY,2019-07-12,1562943600
2637,R_1Hena1rUph3TnA3,GROCERY,2019-07-12,1562943600
2638,R_1IaYiTSaUaD2W2i,GREETING_CARD,2019-07-12,1562943600
2639,R_1IaYiTSaUaD2W2i,SHOES,2019-07-12,1562943600
2640,R_1IaYiTSaUaD2W2i,SKIN_MOISTURIZER,2019-07-12,1562943600
2641,R_1IaYiTSaUaD2W2i,CELLULAR_PHONE_CASE,2019-07-12,1562943600
2642,R_1It3uPOCs8UZVMn,SKIN_CLEANING_WIPE,2019-07-12,1562943600
2643,R_1KxVDxZl2H0XoHS,STANDALONE_STREAMING_MEDIA_PLAYER,2019-07-12,1562943600
2644,R_1KxVDxZl2H0XoHS,VIDEO_GAME_CONSOLE,2019-07-12,1562943600
2645,R_1NDq0rxoUSu6oyz,SKIN_CLEANING_AGENT,2019-07-12,1562943600
2646,R_1NgAWSeub1pgOGj,CELLULAR_PHONE_CASE,2019-07-12,1562943600
2647,R_1NgAWSeub1pgOGj,BOTTLE_RACK,2019-07-12,1562943600
2648,R_1NgAWSeub1pgOGj,ELECTRONIC_CABLE,2019-07-12,1562943600
2649,R_1OlyKZYuQUE5Cgc,ENGINE_EXHAUST_PIPE,2019-07-12,1562943600
2650,R_1Q62CIVb2WAS8hB,HEALTH_PERSONAL_CARE,2019-07-12,1562943600
2651,R_1Q62CIVb2WAS8hB,INCONTINENCE_PROTECTOR,2019-07-12,1562943600
2652,R_1gOX88nojaBXOt2,SKIN_CLEANING_AGENT,2019-07-12,1562943600
2653,R_1gOX88nojaBXOt2,HAIR_CARE_AGENT,2019-07-12,1562943600
2654,R_1jUqdfR1Zz6mZMf,BATTERY,2019-07-12,1562943600
2655,R_1oFRyes3ggnKU4B,SKIN_MOISTURIZER,2019-07-12,1562943600
2656,R_1oFRyes3ggnKU4B,BATTERY,2019-07-12,1562943600
2657,R_1oFRyes3ggnKU4B,ABIS_BOOK,2019-07-12,1562943600
2658,R_1oFRyes3ggnKU4B,CELLULAR_PHONE_CASE,2019-07-12,1562943600
2659,R_1oFRyes3ggnKU4B,ENEMA_DOUCHE,2019-07-12,1562943600
2660,R_1obwpb6iowh7vew,SHIRT,2019-07-12,1562943600
2661,R_1obwpb6iowh7vew,HAIR_STYLING_AGENT,2019-07-12,1562943600
2662,R_1obwpb6iowh7vew,ABIS_BOOK,2019-07-12,1562943600
2663,R_20O6baqxT4T2CbA,URN,2019-07-12,1562943600
2664,R_20Yd9DvrGselmZY,TOYS_AND_GAMES,2019-07-12,1562943600
2665,R_210tLKdUbUZuf7O,CELLULAR_PHONE_CASE,2019-07-12,1562943600
2666,R_210tLKdUbUZuf7O,TOYS_AND_GAMES,2019-07-12,1562943600
2667,R_210tLKdUbUZuf7O,TOYS_AND_GAMES,2019-07-12,1562943600
2668,R_210tLKdUbUZuf7O,CELLULAR_PHONE_CASE,2019-07-12,1562943600
2669,R_210tLKdUbUZuf7O,SCREEN_PROTECTOR,2019-07-12,1562943600
2670,R_210tLKdUbUZuf7O,SKIN_MOISTURIZER,2019-07-12,1562943600
2671,R_210tLKdUbUZuf7O,ABIS_BOOK,2019-07-12,1562943600
2672,R_210tLKdUbUZuf7O,BATTERY,2019-07-12,1562943600
2673,R_210tLKdUbUZuf7O,PET_FOOD,2019-07-12,1562943600
2674,R_210tLKdUbUZuf7O,SKIN_MOISTURIZER,2019-07-12,1562943600
2675,R_210tLKdUbUZuf7O,SCREEN_PROTECTOR,2019-07-12,1562943600
2676,R_210tLKdUbUZuf7O,ENVELOPE,2019-07-12,1562943600
2677,R_21uibgT9dgqRD9J,GUN_HOLSTER,2019-07-12,1562943600
2678,R_22SxELlmhBQCe1C,ELECTRONIC_CABLE,2019-07-12,1562943600
2679,R_22SxELlmhBQCe1C,SEASONING,2019-07-12,1562943600
2680,R_27PZcbYfPDhwHcL,HEADPHONES,2019-07-12,1562943600
2681,R_27PZcbYfPDhwHcL,SCREEN_PROTECTOR,2019-07-12,1562943600
2682,R_27PZcbYfPDhwHcL,WATER_PURIFICATION_UNIT,2019-07-12,1562943600
2683,R_28ANyXf1czOlXey,SKIN_MOISTURIZER,2019-07-12,1562943600
2684,R_29oUfTgQ6sWbFG2,SKIN_CLEANING_AGENT,2019-07-12,1562943600
2685,R_2BesSIAnd7POW2C,BATTERY,2019-07-12,1562943600
2686,R_2CPzjeQqe1GCW73,SHORTS,2019-07-12,1562943600
2687,R_2CPzjeQqe1GCW73,ANIMAL_NUTRITIONAL_SUPPLEMENT,2019-07-12,1562943600
2688,R_2CPzjeQqe1GCW73,GREENHOUSE,2019-07-12,1562943600
2689,R_2CPzjeQqe1GCW73,COSMETIC_BRUSH,2019-07-12,1562943600
2690,R_2DOWnSX3XtTVapF,WEED_MOSS_CONTROL_AGENT,2019-07-12,1562943600
2691,R_2DSIdH6iUv9yJ8V,PHYSICAL_VIDEO_GAME_SOFTWARE,2019-07-12,1562943600
2692,R_2DSIdH6iUv9yJ8V,INPUT_MOUSE,2019-07-12,1562943600
2693,R_2DSIdH6iUv9yJ8V,ABIS_BOOK,2019-07-12,1562943600
2694,R_2QQl58nFfrZayxf,TOYS_AND_GAMES,2019-07-12,1562943600
2695,R_2R20tGsAciB0E9U,IMMERSION_HEATER,2019-07-12,1562943600
2696,R_2U0l40aPYAoBJLV,PANTS,2019-07-12,1562943600
2697,R_2WVIxBGaj1uOr8S,BATTERY,2019-07-12,1562943600
2698,R_2WVIxBGaj1uOr8S,ABIS_BOOK,2019-07-12,1562943600
2699,R_2WVIxBGaj1uOr8S,VITAMIN,2019-07-12,1562943600
2700,R_2WVIxBGaj1uOr8S,SELF_TANNER,2019-07-12,1562943600
2701,R_2dFHfsIqQ6eEtVW,NUTRITIONAL_SUPPLEMENT,2019-07-12,1562943600
2702,R_2dX8oLhgW3U0Q0m,SCREEN_PROTECTOR,2019-07-12,1562943600
2703,R_2ebzj3o225IisIQ,BATTERY,2019-07-12,1562943600
2704,R_2mKYTXpTsUEkSGt,COOKIE_CUTTER,2019-07-12,1562943600
2705,R_2ri4RVtvkxnZzHj,GROCERY,2019-07-12,1562943600
2706,R_2ze9t15YGQDJxR3,TOYS_AND_GAMES,2019-07-12,1562943600
2707,R_32R69KRWIzuH9Im,CELLULAR_PHONE_CASE,2019-07-12,1562943600
2708,R_3D0FIkesMnTGsnm,SKIN_MOISTURIZER,2019-07-12,1562943600
2709,R_3D0FIkesMnTGsnm,WEIGH_SCALE,2019-07-12,1562943600
2710,R_3D8tZyjLz903WIf,MEDICATION,2019-07-12,1562943600
2711,R_3D8tZyjLz903WIf,HOLE_PUNCH,2019-07-12,1562943600
2712,R_3D8tZyjLz903WIf,ELECTRONIC_CABLE,2019-07-12,1562943600
2713,R_3EMaONYGibovcxQ,PANTS,2019-07-12,1562943600
2714,R_3EMaONYGibovcxQ,ROTARY_TOOL,2019-07-12,1562943600
2715,R_3GBRRr7bndtJPU9,VITAMIN,2019-07-12,1562943600
2716,R_3GiFHVWzYKHT1F5,MUSICAL_INSTRUMENT_TOY,2019-07-12,1562943600
2717,R_3GiFHVWzYKHT1F5,STEP_STOOL,2019-07-12,1562943600
2718,R_3GiSNq0yPsXSvhf,LIP_BALM,2019-07-12,1562943600
2719,R_3GiSNq0yPsXSvhf,RAW_MATERIALS,2019-07-12,1562943600
2720,R_3GiSNq0yPsXSvhf,CHOPSTICK,2019-07-12,1562943600
2721,R_3GqfePl8gH1VWP1,ANIMAL_FUR_CLEANER_CONDITIONER,2019-07-12,1562943600
2722,R_3HUOVBSzChkQaNg,ABIS_LAWN_AND_GARDEN,2019-07-12,1562943600
2723,R_3HUOVBSzChkQaNg,PORTABLE_ELECTRONIC_DEVICE_ARMBAND,2019-07-12,1562943600
2724,R_3IQQB0Dtvv9riqZ,CUP_HOLDER,2019-07-12,1562943600
2725,R_3IQQB0Dtvv9riqZ,MEDICATION,2019-07-12,1562943600
2726,R_3IQQB0Dtvv9riqZ,PORTABLE_AUDIO,2019-07-12,1562943600
2727,R_3IaGUIs83jpQZU4,SHOES,2019-07-12,1562943600
2728,R_3J8UJcgwnW51IvN,SHIRT,2019-07-12,1562943600
2729,R_3JnjKsPAuFGDhrx,HEADPHONES,2019-07-12,1562943600
2730,R_3JnjKsPAuFGDhrx,SKIN_MOISTURIZER,2019-07-12,1562943600
2731,R_3KHiP9QpzA2COVL,VEHICLE_LIFT_KIT,2019-07-12,1562943600
2732,R_3MnSLQdJkly3wfg,VEHICLE_MAT,2019-07-12,1562943600
2733,R_3MnSLQdJkly3wfg,SHOES,2019-07-12,1562943600
2734,R_3NCfhSJSgGWexUL,GROCERY,2019-07-12,1562943600
2735,R_3NCfhSJSgGWexUL,TREADMILL,2019-07-12,1562943600
2736,R_3P4QthjwwxEaV1m,BLOWER_INFLATED_DECORATION,2019-07-12,1562943600
2737,R_3P4QthjwwxEaV1m,MEDICATION,2019-07-12,1562943600
2738,R_3Pc1ZZfNy58AvgE,VIRTUAL_REALITY_HEADSET,2019-07-12,1562943600
2739,R_3QXUWuTn4OdbNmh,BATTERY,2019-07-12,1562943600
2740,R_3eehQVQNcKmEJtd,CONDITIONER,2019-07-12,1562943600
2741,R_3eh02tn8YjYcUoE,ABIS_BOOK,2019-07-12,1562943600
2742,R_3eh02tn8YjYcUoE,ELECTRONIC_COMPONENT_FAN,2019-07-12,1562943600
2743,R_3eh02tn8YjYcUoE,PANTS,2019-07-12,1562943600
2744,R_3eh02tn8YjYcUoE,SCREEN_PROTECTOR,2019-07-12,1562943600
2745,R_3eh02tn8YjYcUoE,TOYS_AND_GAMES,2019-07-12,1562943600
2746,R_3eh02tn8YjYcUoE,MEDICATION,2019-07-12,1562943600
2747,R_3eh02tn8YjYcUoE,PHYSICAL_MOVIE,2019-07-12,1562943600
2748,R_3eh02tn8YjYcUoE,SCREEN_PROTECTOR,2019-07-12,1562943600
2749,R_3eh02tn8YjYcUoE,PANTS,2019-07-12,1562943600
2750,R_3eh02tn8YjYcUoE,PHYSICAL_MOVIE,2019-07-12,1562943600
2751,R_3eh02tn8YjYcUoE,PET_FOOD,2019-07-12,1562943600
2752,R_3eh02tn8YjYcUoE,NUTRITIONAL_SUPPLEMENT,2019-07-12,1562943600
2753,R_3eh02tn8YjYcUoE,TOYS_AND_GAMES,2019-07-12,1562943600
2754,R_3enuyEOsaEVxTNX,PET_FOOD,2019-07-12,1562943600
2755,R_3enuyEOsaEVxTNX,SNACK_FOOD_BAR,2019-07-12,1562943600
2756,R_3fB1NIeE1OGUd72,ABIS_BOOK,2019-07-12,1562943600
2757,R_3fB1NIeE1OGUd72,PET_FOOD,2019-07-12,1562943600
2758,R_3fB1NIeE1OGUd72,GROCERY,2019-07-12,1562943600
2759,R_3fB1NIeE1OGUd72,PET_FOOD,2019-07-12,1562943600
2760,R_3fB1NIeE1OGUd72,ABIS_BOOK,2019-07-12,1562943600
2761,R_3ixOwXLuUfjiWS8,VITAMIN,2019-07-12,1562943600
2762,R_3iydBpfsKD9jRTq,CELLULAR_PHONE_CASE,2019-07-12,1562943600
2763,R_3lYUnPKDsGA54tw,GUITAR_EFFECT_DEVICE,2019-07-12,1562943600
2764,R_3m3H4mwZ2snYFua,SKIN_MOISTURIZER,2019-07-12,1562943600
2765,R_3n5UcqVpRJZsXYi,PHYSICAL_MOVIE,2019-07-12,1562943600
2766,R_3n5UcqVpRJZsXYi,SKILL_APPLICATION,2019-07-12,1562943600
2767,R_3n5UcqVpRJZsXYi,DRINK_FLAVORED,2019-07-12,1562943600
2768,R_3nH1Odp9Yjm86gN,NUTRITIONAL_SUPPLEMENT,2019-07-12,1562943600
2769,R_3ncO2Ifjpbb1Y4G,HEAT_SINK,2019-07-12,1562943600
2770,R_3oWSVjKtFIw0OE8,PRECISION_MEASURING,2019-07-12,1562943600
2771,R_3qPt2VOIZdr6Kio,GROCERY,2019-07-12,1562943600
2772,R_3rSVzZdjthhnCx0,PANTS,2019-07-12,1562943600
2773,R_3rV7kPHe9hVsMee,SKIN_CLEANING_AGENT,2019-07-12,1562943600
2774,R_3rV7kPHe9hVsMee,FLASH_CARD,2019-07-12,1562943600
2775,R_3rV7kPHe9hVsMee,SKIN_CLEANING_AGENT,2019-07-12,1562943600
2776,R_3socPWD3wXD0iDP,SKIN_CLEANING_BRUSH,2019-07-12,1562943600
2777,R_3sp0qsXaE11taC1,NUTRITIONAL_SUPPLEMENT,2019-07-12,1562943600
2778,R_3sp0qsXaE11taC1,BALLOON,2019-07-12,1562943600
2779,R_40engukXSxhrtF7,WEARABLE_COMPUTER,2019-07-12,1562943600
2780,R_40engukXSxhrtF7,TOYS_AND_GAMES,2019-07-12,1562943600
2781,R_4PhRzF4UI9ooLh7,NUTRITIONAL_SUPPLEMENT,2019-07-12,1562943600
2782,R_4YjfHl0af8gN30Z,HEARING_AMPLIFIER,2019-07-12,1562943600
2783,R_8puIA0Aj4F8MuI1,SHIRT,2019-07-12,1562943600
2784,R_8vnpSkm79W7Jsv7,SNACK_FOOD_BAR,2019-07-12,1562943600
2785,R_8vnpSkm79W7Jsv7,FLASH_MEMORY,2019-07-12,1562943600
2786,R_8vnpSkm79W7Jsv7,HEADPHONES,2019-07-12,1562943600
2787,R_8vnpSkm79W7Jsv7,MEDICATION,2019-07-12,1562943600
2788,R_8vnpSkm79W7Jsv7,FLAVORED_DRINK_CONCENTRATE,2019-07-12,1562943600
2789,R_8vnpSkm79W7Jsv7,FIDGET_TOY_SPINNER,2019-07-12,1562943600
2790,R_8vnpSkm79W7Jsv7,KITCHEN,2019-07-12,1562943600
2791,R_8vnpSkm79W7Jsv7,NUTS,2019-07-12,1562943600
2792,R_8vnpSkm79W7Jsv7,GROCERY,2019-07-12,1562943600
2793,R_AKBlDprDMrv4M7v,PET_FOOD,2019-07-12,1562943600
2794,R_AKBlDprDMrv4M7v,PERSONAL_PILL_DISPENSER,2019-07-12,1562943600
2795,R_AKBlDprDMrv4M7v,SCREEN_PROTECTOR,2019-07-12,1562943600
2796,R_Amq2LudEdwYblXX,PHYSICAL_MOVIE,2019-07-12,1562943600
2797,R_BWhnv4EdbhSS6rf,CARD_STOCK,2019-07-12,1562943600
2798,R_BWhnv4EdbhSS6rf,BATTERY,2019-07-12,1562943600
2799,R_BWhnv4EdbhSS6rf,PET_FOOD,2019-07-12,1562943600
2800,R_C3LfLBkg9TFvQnD,ABIS_BOOK,2019-07-12,1562943600
2801,R_C3LfLBkg9TFvQnD,NUTRITIONAL_SUPPLEMENT,2019-07-12,1562943600
2802,R_Djcs43mP6ReoYgN,SHIRT,2019-07-12,1562943600
2803,R_Djcs43mP6ReoYgN,VITAMIN,2019-07-12,1562943600
2804,R_Og8Cqd3iUgldHRn,SKIN_MOISTURIZER,2019-07-12,1562943600
2805,R_OkSi9IxX5ddzzl7,SKIN_MOISTURIZER,2019-07-12,1562943600
2806,R_PXSF6lxCnUB8Pg5,HEADPHONE_EARPAD,2019-07-12,1562943600
2807,R_PXSF6lxCnUB8Pg5,ABIS_BOOK,2019-07-12,1562943600
2808,R_PXSF6lxCnUB8Pg5,ANIMAL_COLLAR,2019-07-12,1562943600
2809,R_PXSF6lxCnUB8Pg5,PHYSICAL_MOVIE,2019-07-12,1562943600
2810,R_UVM6YBvaArzpRjb,SHOES,2019-07-12,1562943600
2811,R_UVM6YBvaArzpRjb,BED_SLATS,2019-07-12,1562943600
2812,R_UVM6YBvaArzpRjb,SHOES,2019-07-12,1562943600
2813,R_XSu10jIDimUl5m1,SKIN_CLEANING_AGENT,2019-07-12,1562943600
2814,R_XwiCirQyfwJzVtv,GROCERY,2019-07-12,1562943600
2815,R_XwiCirQyfwJzVtv,HEALTH_PERSONAL_CARE,2019-07-12,1562943600
2816,R_YWC7NpQLctWlPVf,EYEWEAR,2019-07-12,1562943600
2817,R_YWC7NpQLctWlPVf,PHYSICAL_MOVIE,2019-07-12,1562943600
2818,R_b3dSUlk76L0C6TD,PANTS,2019-07-12,1562943600
2819,R_b3dSUlk76L0C6TD,MARKING_PEN,2019-07-12,1562943600
2820,R_b3dSUlk76L0C6TD,FREESTANDING_SHELTER,2019-07-12,1562943600
2821,R_bw2nQ0iRh2wCa8p,PHYSICAL_TV_SERIES,2019-07-12,1562943600
2822,R_czHyAR1xMvT2FbP,ABIS_BOOK,2019-07-12,1562943600
2823,R_ebblotCCh8G6Ddf,PET_FOOD,2019-07-12,1562943600
2824,R_ebblotCCh8G6Ddf,FAUCET,2019-07-12,1562943600
2825,R_ebblotCCh8G6Ddf,SHIRT,2019-07-12,1562943600
2826,R_ebblotCCh8G6Ddf,KNITTING_NEEDLE,2019-07-12,1562943600
2827,R_ebblotCCh8G6Ddf,TOYS_AND_GAMES,2019-07-12,1562943600
2828,R_ebblotCCh8G6Ddf,HUMIDITY_METER,2019-07-12,1562943600
2829,R_ebblotCCh8G6Ddf,NUTRITIONAL_SUPPLEMENT,2019-07-12,1562943600
2830,R_ebblotCCh8G6Ddf,TOYS_AND_GAMES,2019-07-12,1562943600
2831,R_ebblotCCh8G6Ddf,ROBOTIC_VACUUM_CLEANER,2019-07-12,1562943600
2832,R_pRWnSKTREPIwpSF,ABIS_BOOK,2019-07-12,1562943600
2833,R_sqjjAsz7GATggo1,GROCERY,2019-07-12,1562943600
2834,R_tDI0MmPcVp5b2Xn,ELECTRONIC_CABLE,2019-07-12,1562943600
2835,R_tDI0MmPcVp5b2Xn,SHIRT,2019-07-12,1562943600
2836,R_tDI0MmPcVp5b2Xn,PHYSICAL_MOVIE,2019-07-12,1562943600
2837,R_tJNLenUlMH5f4el,HEADPHONES,2019-07-12,1562943600
2838,R_tJNLenUlMH5f4el,SKIN_MOISTURIZER,2019-07-12,1562943600
2839,R_tJNLenUlMH5f4el,HEALTH_PERSONAL_CARE,2019-07-12,1562943600
2840,R_tJNLenUlMH5f4el,BALLOON,2019-07-12,1562943600
2841,R_tJNLenUlMH5f4el,NUTRITIONAL_SUPPLEMENT,2019-07-12,1562943600
2842,R_vYtQIbKQv9vFKuZ,GROCERY,2019-07-12,1562943600
2843,R_w5bE96azoKnM6Ih,ELECTRONIC_CABLE,2019-07-12,1562943600
2844,R_xc0AiqTlV5cTvZn,VITAMIN,2019-07-12,1562943600
2845,R_xc0AiqTlV5cTvZn,VITAMIN,2019-07-12,1562943600
2846,R_xc0AiqTlV5cTvZn,TV_TUNER_CARD,2019-07-12,1562943600
2847,R_xc0AiqTlV5cTvZn,MILK_FROTHER,2019-07-12,1562943600
2848,R_xc0AiqTlV5cTvZn,SEWING_MACHINE_NEEDLE,2019-07-12,1562943600
2849,R_xc0AiqTlV5cTvZn,NUTRITIONAL_SUPPLEMENT,2019-07-12,1562943600
2850,R_xrrF4kkA2JEG6OZ,ROUTER_POWER_TOOL,2019-07-12,1562943600
2851,R_10TV1zyi4yCEEkl,MICROPHONE,2019-07-13,1563030000
2852,R_10TV1zyi4yCEEkl,SYSTEM_POWER_DEVICE,2019-07-13,1563030000
2853,R_10TV1zyi4yCEEkl,BATTERY,2019-07-13,1563030000
2854,R_10TV1zyi4yCEEkl,BATTERY,2019-07-13,1563030000
2855,R_10TV1zyi4yCEEkl,GASKETS,2019-07-13,1563030000
2856,R_10TV1zyi4yCEEkl,HEALTH_PERSONAL_CARE,2019-07-13,1563030000
2857,R_10TV1zyi4yCEEkl,SKIN_MOISTURIZER,2019-07-13,1563030000
2858,R_10TV1zyi4yCEEkl,MICROPHONE,2019-07-13,1563030000
2859,R_10TV1zyi4yCEEkl,HEADPHONES,2019-07-13,1563030000
2860,R_10TV1zyi4yCEEkl,PIERCING_JEWELRY,2019-07-13,1563030000
2861,R_10TV1zyi4yCEEkl,MEDICATION,2019-07-13,1563030000
2862,R_10TV1zyi4yCEEkl,NUTRITIONAL_SUPPLEMENT,2019-07-13,1563030000
2863,R_10TV1zyi4yCEEkl,NUTRITIONAL_SUPPLEMENT,2019-07-13,1563030000
2864,R_10TV1zyi4yCEEkl,SNACK_FOOD_BAR,2019-07-13,1563030000
2865,R_10TV1zyi4yCEEkl,PHYSICAL_MOVIE,2019-07-13,1563030000
2866,R_10TV1zyi4yCEEkl,FLASK,2019-07-13,1563030000
2867,R_10TV1zyi4yCEEkl,CIGARETTE_CASE,2019-07-13,1563030000
2868,R_10TV1zyi4yCEEkl,VITAMIN,2019-07-13,1563030000
2869,R_10TV1zyi4yCEEkl,PHYSICAL_MOVIE,2019-07-13,1563030000
2870,R_10TV1zyi4yCEEkl,SHOES,2019-07-13,1563030000
2871,R_10TV1zyi4yCEEkl,ABIS_BOOK,2019-07-13,1563030000
2872,R_10TV1zyi4yCEEkl,SHORTS,2019-07-13,1563030000
2873,R_10TV1zyi4yCEEkl,VITAMIN,2019-07-13,1563030000
2874,R_10TV1zyi4yCEEkl,MEDICATION,2019-07-13,1563030000
2875,R_10TV1zyi4yCEEkl,ABIS_BOOK,2019-07-13,1563030000
2876,R_10TV1zyi4yCEEkl,NUTRITIONAL_SUPPLEMENT,2019-07-13,1563030000
2877,R_10TV1zyi4yCEEkl,PHYSICAL_MOVIE,2019-07-13,1563030000
2878,R_10TV1zyi4yCEEkl,SHORTS,2019-07-13,1563030000
2879,R_10TV1zyi4yCEEkl,LIQUID_FUEL_CONTAINER,2019-07-13,1563030000
2880,R_10TV1zyi4yCEEkl,LIQUID_FUEL_CONTAINER,2019-07-13,1563030000
2881,R_10TV1zyi4yCEEkl,HEALTH_PERSONAL_CARE,2019-07-13,1563030000
2882,R_10TV1zyi4yCEEkl,MICROPHONE,2019-07-13,1563030000
2883,R_10TV1zyi4yCEEkl,LIQUID_FUEL_CONTAINER,2019-07-13,1563030000
2884,R_10TV1zyi4yCEEkl,HEADPHONES,2019-07-13,1563030000
2885,R_10TV1zyi4yCEEkl,ABIS_BOOK,2019-07-13,1563030000
2886,R_10TV1zyi4yCEEkl,PET_FOOD,2019-07-13,1563030000
2887,R_10TV1zyi4yCEEkl,BUCKLE,2019-07-13,1563030000
2888,R_10TV1zyi4yCEEkl,SKIN_MOISTURIZER,2019-07-13,1563030000
2889,R_10TV1zyi4yCEEkl,HEADPHONES,2019-07-13,1563030000
2890,R_10TV1zyi4yCEEkl,SKIN_MOISTURIZER,2019-07-13,1563030000
2891,R_10TV1zyi4yCEEkl,SYSTEM_POWER_DEVICE,2019-07-13,1563030000
2892,R_10TV1zyi4yCEEkl,HEALTH_PERSONAL_CARE,2019-07-13,1563030000
2893,R_10TV1zyi4yCEEkl,VITAMIN,2019-07-13,1563030000
2894,R_10TV1zyi4yCEEkl,GASKETS,2019-07-13,1563030000
2895,R_10TV1zyi4yCEEkl,PANTS,2019-07-13,1563030000
2896,R_10TV1zyi4yCEEkl,SOUND_AND_RECORDING_EQUIPMENT,2019-07-13,1563030000
2897,R_10TV1zyi4yCEEkl,HEALTH_PERSONAL_CARE,2019-07-13,1563030000
2898,R_10TV1zyi4yCEEkl,SKIN_MOISTURIZER,2019-07-13,1563030000
2899,R_10TV1zyi4yCEEkl,HEALTH_PERSONAL_CARE,2019-07-13,1563030000
2900,R_10TV1zyi4yCEEkl,CELLULAR_PHONE_CASE,2019-07-13,1563030000
2901,R_10TV1zyi4yCEEkl,MEDICATION,2019-07-13,1563030000
2902,R_128UcvT7YzJpnZv,HEALTH_PERSONAL_CARE,2019-07-13,1563030000
2903,R_1BNwZP0DdTOa4rT,PET_FOOD,2019-07-13,1563030000
2904,R_1C9YUFD8GunlGej,SHOES,2019-07-13,1563030000
2905,R_1CqGMkfiCiATbn4,HEADPHONES,2019-07-13,1563030000
2906,R_1DJdUrYA1I0QAKh,SCREEN_PROTECTOR,2019-07-13,1563030000
2907,R_1DJdUrYA1I0QAKh,SNACK_FOOD_BAR,2019-07-13,1563030000
2908,R_1DJdUrYA1I0QAKh,DRY_SHAMPOO,2019-07-13,1563030000
2909,R_1E3TJBNJVtr3tcD,MEDICATION,2019-07-13,1563030000
2910,R_1E3TJBNJVtr3tcD,GROCERY,2019-07-13,1563030000
2911,R_1GVN63HjPpVXPEx,PET_FOOD,2019-07-13,1563030000
2912,R_1GWwhndoXXJDzDA,GROCERY,2019-07-13,1563030000
2913,R_1HcpQT6Ffivx73P,PUZZLES,2019-07-13,1563030000
2914,R_1HcpQT6Ffivx73P,MOUTH_GUARD,2019-07-13,1563030000
2915,R_1HcpQT6Ffivx73P,BICYCLE_LIGHT,2019-07-13,1563030000
2916,R_1MTbVUzYEQq2MzU,PHYSICAL_MOVIE,2019-07-13,1563030000
2917,R_1NFde2vzLpu8IWT,VITAMIN,2019-07-13,1563030000
2918,R_1NFde2vzLpu8IWT,SKIN_MOISTURIZER,2019-07-13,1563030000
2919,R_1Q9JeeKncbbLcz0,GROCERY,2019-07-13,1563030000
2920,R_1Q9JeeKncbbLcz0,ABIS_BOOK,2019-07-13,1563030000
2921,R_1QLfbB3Lho273wG,SCREEN_PROTECTOR,2019-07-13,1563030000
2922,R_1QLfbB3Lho273wG,PET_FOOD,2019-07-13,1563030000
2923,R_1QLfbB3Lho273wG,NUTRITIONAL_SUPPLEMENT,2019-07-13,1563030000
2924,R_1QLfbB3Lho273wG,MEDICATION,2019-07-13,1563030000
2925,R_1QLfbB3Lho273wG,PET_PLACEMAT,2019-07-13,1563030000
2926,R_1QLfbB3Lho273wG,SCREEN_PROTECTOR,2019-07-13,1563030000
2927,R_1QLfbB3Lho273wG,SNACK_FOOD_BAR,2019-07-13,1563030000
2928,R_1QLfbB3Lho273wG,ABIS_BOOK,2019-07-13,1563030000
2929,R_1QLfbB3Lho273wG,PANTS,2019-07-13,1563030000
2930,R_1QLfbB3Lho273wG,FRUIT_SNACK,2019-07-13,1563030000
2931,R_1QLfbB3Lho273wG,PILLOW,2019-07-13,1563030000
2932,R_1QLfbB3Lho273wG,TOY_BUILDING_BLOCK,2019-07-13,1563030000
2933,R_1QLfbB3Lho273wG,HARD_DRIVE_ENCLOSURE,2019-07-13,1563030000
2934,R_1QLfbB3Lho273wG,CELLULAR_PHONE_CASE,2019-07-13,1563030000
2935,R_1gOX88nojaBXOt2,SERVEWARE,2019-07-13,1563030000
2936,R_1gq1l7L7YXNcp13,WIRELESS_SIGNAL_REPEATER,2019-07-13,1563030000
2937,R_1gq1l7L7YXNcp13,NUTRITIONAL_SUPPLEMENT,2019-07-13,1563030000
2938,R_1ig4LC2I0cwMCHk,MAGAZINES,2019-07-13,1563030000
2939,R_1jUqdfR1Zz6mZMf,VITAMIN,2019-07-13,1563030000
2940,R_1jZkLNE1JdtyVpH,GROCERY,2019-07-13,1563030000
2941,R_1jZkLNE1JdtyVpH,FISHING_NET,2019-07-13,1563030000
2942,R_1jZkLNE1JdtyVpH,LASER_PRINTER_TONER,2019-07-13,1563030000
2943,R_1jZkLNE1JdtyVpH,BOTTLE_OPENER,2019-07-13,1563030000
2944,R_1jZkLNE1JdtyVpH,CELLULAR_PHONE_CASE,2019-07-13,1563030000
2945,R_1l4zCtGUTvAWdS6,HANDBAG,2019-07-13,1563030000
2946,R_1mEmb9jWLRYCU4e,BATTERY,2019-07-13,1563030000
2947,R_1mEmb9jWLRYCU4e,SKIN_CLEANING_AGENT,2019-07-13,1563030000
2948,R_1mEmb9jWLRYCU4e,PROTEIN_SUPPLEMENT_POWDER,2019-07-13,1563030000
2949,R_1mEmb9jWLRYCU4e,SNACK_FOOD_BAR,2019-07-13,1563030000
2950,R_1mEmb9jWLRYCU4e,PANTS,2019-07-13,1563030000
2951,R_1oFRyes3ggnKU4B,HEADPHONES,2019-07-13,1563030000
2952,R_1pm2Wo5wrQSY0Gm,EXERCISE_BAND,2019-07-13,1563030000
2953,R_1pm2Wo5wrQSY0Gm,PET_FEEDER,2019-07-13,1563030000
2954,R_1r8u9f1vT8Y3HrC,UTILITY_SPONGE,2019-07-13,1563030000
2955,R_1r8u9f1vT8Y3HrC,ABIS_BOOK,2019-07-13,1563030000
2956,R_20O6baqxT4T2CbA,SKIN_MOISTURIZER,2019-07-13,1563030000
2957,R_20V73ixsOYXCBbP,PHYSICAL_MOVIE,2019-07-13,1563030000
2958,R_20Yd9DvrGselmZY,SPARK_PLUG,2019-07-13,1563030000
2959,R_21ttkGbeIL6HdlR,HEALTH_PERSONAL_CARE,2019-07-13,1563030000
2960,R_21ttkGbeIL6HdlR,BATTERY,2019-07-13,1563030000
2961,R_24MKoSmvuiLEI76,GROCERY,2019-07-13,1563030000
2962,R_24csoaO569P4Yzz,GROCERY,2019-07-13,1563030000
2963,R_24csoaO569P4Yzz,INKJET_PRINTER_INK,2019-07-13,1563030000
2964,R_24csoaO569P4Yzz,SCREEN_PROTECTOR,2019-07-13,1563030000
2965,R_24csoaO569P4Yzz,PHYSICAL_MOVIE,2019-07-13,1563030000
2966,R_25z5LHPaAsxktx7,ELECTRONIC_CABLE,2019-07-13,1563030000
2967,R_27PZcbYfPDhwHcL,DISHWARE_PLATE,2019-07-13,1563030000
2968,R_28IDNbS8mqpfyKD,WATCH_BAND,2019-07-13,1563030000
2969,R_2AGpSTOzeeHqMYd,BATTERY,2019-07-13,1563030000
2970,R_2E5XCpTY2B5ZQ1f,MOTION_DETECTOR_DEVICE,2019-07-13,1563030000
2971,R_2EglJpTWGEiwQYa,SKIN_CLEANING_AGENT,2019-07-13,1563030000
2972,R_2EglJpTWGEiwQYa,ELECTRONIC_CABLE,2019-07-13,1563030000
2973,R_2EgloEvdjU98Rhc,NUTRITIONAL_SUPPLEMENT,2019-07-13,1563030000
2974,R_2EgloEvdjU98Rhc,PET_FOOD,2019-07-13,1563030000
2975,R_2EgloEvdjU98Rhc,VEHICLE_TIRE,2019-07-13,1563030000
2976,R_2EgloEvdjU98Rhc,BOOKS_1973_AND_LATER,2019-07-13,1563030000
2977,R_2Pd2JtrvgaRUFB3,BED_LINEN_SET,2019-07-13,1563030000
2978,R_2QRS9mrQwSKNLye,ABIS_BOOK,2019-07-13,1563030000
2979,R_2SIYchF5txvb4ur,VITAMIN,2019-07-13,1563030000
2980,R_2SIYchF5txvb4ur,CELLULAR_PHONE_CASE,2019-07-13,1563030000
2981,R_2TEGPne2Cu1LmmT,SHIRT,2019-07-13,1563030000
2982,R_2TL7w44l8M5vEok,DRESS,2019-07-13,1563030000
2983,R_2TXBHPMwNAwKR7Q,ADHESIVE_TAPES,2019-07-13,1563030000
2984,R_2UctLzmpg4UJRZu,PET_FOOD,2019-07-13,1563030000
2985,R_2WVIxBGaj1uOr8S,SKIN_CLEANING_AGENT,2019-07-13,1563030000
2986,R_2WVIxBGaj1uOr8S,WIPER_BLADE,2019-07-13,1563030000
2987,R_2YVQQRVSdj7M8Va,GROCERY,2019-07-13,1563030000
2988,R_2ZHo9wnvuEIY0DH,SHIRT,2019-07-13,1563030000
2989,R_2aKrOq0DBielcig,BATTERY,2019-07-13,1563030000
2990,R_2b1XOZR0PYTA1jX,ELECTRONIC_CABLE,2019-07-13,1563030000
2991,R_2dvh9tu7PLPeipE,PANTS,2019-07-13,1563030000
2992,R_2e3bppvzM7Ynmch,DRIP_IRRIGATION_KIT,2019-07-13,1563030000
2993,R_2e3bppvzM7Ynmch,HEALTH_PERSONAL_CARE,2019-07-13,1563030000
2994,R_2ebzj3o225IisIQ,HOME_ORGANIZERS_AND_STORAGE,2019-07-13,1563030000
2995,R_2sRWbepslqKPgL7,COLLECTIBLE_COINS,2019-07-13,1563030000
2996,R_2w6Kv77UCoeyLbP,SKIN_MOISTURIZER,2019-07-13,1563030000
2997,R_2w6Kv77UCoeyLbP,SWING,2019-07-13,1563030000
2998,R_2wmLE1q4FIpfioi,VITAMIN,2019-07-13,1563030000
2999,R_2wmLE1q4FIpfioi,CONTROLLER,2019-07-13,1563030000
3000,R_2xxvsVGQ2kSdXpV,SHOES,2019-07-13,1563030000
3001,R_2xxvsVGQ2kSdXpV,MAJOR_HOME_APPLIANCES,2019-07-13,1563030000
3002,R_2xxvsVGQ2kSdXpV,CURTAIN,2019-07-13,1563030000
3003,R_2xxvsVGQ2kSdXpV,HEADPHONES,2019-07-13,1563030000
3004,R_30kp7Wf9aTgpeIN,PORTABLE_TOOL_BOX,2019-07-13,1563030000
3005,R_30kp7Wf9aTgpeIN,SKIN_MOISTURIZER,2019-07-13,1563030000
3006,R_32Mm71oAJq2K9XK,MEDICATION,2019-07-13,1563030000
3007,R_32RSCpvF0PqDFBp,CELLULAR_PHONE_CASE,2019-07-13,1563030000
3008,R_33xxVtjHgiJnNli,CLOTHES_HANGER,2019-07-13,1563030000
3009,R_3GiSNq0yPsXSvhf,SNACK_FOOD_BAR,2019-07-13,1563030000
3010,R_3GiSNq0yPsXSvhf,ABIS_BOOK,2019-07-13,1563030000
3011,R_3GiSNq0yPsXSvhf,GOURMET_FOOD,2019-07-13,1563030000
3012,R_3GiSNq0yPsXSvhf,NUTRITIONAL_SUPPLEMENT,2019-07-13,1563030000
3013,R_3GiSNq0yPsXSvhf,CAR_ELECTRONICS,2019-07-13,1563030000
3014,R_3GiSNq0yPsXSvhf,BATTERY,2019-07-13,1563030000
3015,R_3HUOVBSzChkQaNg,PHYSICAL_MOVIE,2019-07-13,1563030000
3016,R_3HUOVBSzChkQaNg,TOYS_AND_GAMES,2019-07-13,1563030000
3017,R_3JK3aP5uRxffXiy,MEDICATION,2019-07-13,1563030000
3018,R_3JjRmgOh3ZydDiW,SKIN_MOISTURIZER,2019-07-13,1563030000
3019,R_3JjRmgOh3ZydDiW,SHOES,2019-07-13,1563030000
3020,R_3JjRmgOh3ZydDiW,GROCERY,2019-07-13,1563030000
3021,R_3JjRmgOh3ZydDiW,HARDWARE_TUBING,2019-07-13,1563030000
3022,R_3JjRmgOh3ZydDiW,SHOES,2019-07-13,1563030000
3023,R_3JjRmgOh3ZydDiW,SKIN_CLEANING_AGENT,2019-07-13,1563030000
3024,R_3JjRmgOh3ZydDiW,BOOK,2019-07-13,1563030000
3025,R_3JjRmgOh3ZydDiW,SUNGLASSES,2019-07-13,1563030000
3026,R_3JjRmgOh3ZydDiW,INPUT_OUTPUT_CARD,2019-07-13,1563030000
3027,R_3JjRmgOh3ZydDiW,TOWEL,2019-07-13,1563030000
3028,R_3JjRmgOh3ZydDiW,SKIN_MOISTURIZER,2019-07-13,1563030000
3029,R_3JjRmgOh3ZydDiW,CELLULAR_PHONE_CASE,2019-07-13,1563030000
3030,R_3JjRmgOh3ZydDiW,BOTTLE_RACK,2019-07-13,1563030000
3031,R_3JnjKsPAuFGDhrx,VITAMIN,2019-07-13,1563030000
3032,R_3JnjKsPAuFGDhrx,GROCERY,2019-07-13,1563030000
3033,R_3KxaCMXQTDz1Z7P,INPUT_MOUSE,2019-07-13,1563030000
3034,R_3M4EntiuPSB1ZJO,PHYSICAL_MOVIE,2019-07-13,1563030000
3035,R_3OdXDDGsG2bvbXb,PHYSICAL_MOVIE,2019-07-13,1563030000
3036,R_3OdXDDGsG2bvbXb,COAT,2019-07-13,1563030000
3037,R_3OdXDDGsG2bvbXb,SCREEN_PROTECTOR,2019-07-13,1563030000
3038,R_3OdXDDGsG2bvbXb,SKIN_MOISTURIZER,2019-07-13,1563030000
3039,R_3OdXDDGsG2bvbXb,PHYSICAL_MOVIE,2019-07-13,1563030000
3040,R_3OdXDDGsG2bvbXb,ABIS_BOOK,2019-07-13,1563030000
3041,R_3OdXDDGsG2bvbXb,GROCERY,2019-07-13,1563030000
3042,R_3QPk8nnI1s8wilh,PET_FOOD,2019-07-13,1563030000
3043,R_3QXUWuTn4OdbNmh,GROCERY,2019-07-13,1563030000
3044,R_3QXUWuTn4OdbNmh,BACKDROP,2019-07-13,1563030000
3045,R_3R3FfvTaRKxigNl,TUNER,2019-07-13,1563030000
3046,R_3RmDOazalOu0F1L,MOP,2019-07-13,1563030000
3047,R_3hAWVPrKOvOzR1e,VITAMIN,2019-07-13,1563030000
3048,R_3hAWVPrKOvOzR1e,PANTS,2019-07-13,1563030000
3049,R_3hAWVPrKOvOzR1e,VITAMIN,2019-07-13,1563030000
3050,R_3hsFBjto7aXqKY7,SHIRT,2019-07-13,1563030000
3051,R_3hsFBjto7aXqKY7,PANTS,2019-07-13,1563030000
3052,R_3m3H4mwZ2snYFua,PHYSICAL_MOVIE,2019-07-13,1563030000
3053,R_3m3H4mwZ2snYFua,PHOTOGRAPHIC_FILM,2019-07-13,1563030000
3054,R_3m3H4mwZ2snYFua,ELECTRONIC_CABLE,2019-07-13,1563030000
3055,R_3m3H4mwZ2snYFua,MEDICATION,2019-07-13,1563030000
3056,R_3m3H4mwZ2snYFua,DAIRY_BASED_BUTTER,2019-07-13,1563030000
3057,R_3n17fNI56KA8rTV,GUN_CLEANING_KIT,2019-07-13,1563030000
3058,R_3n17fNI56KA8rTV,ELECTRONIC_CABLE,2019-07-13,1563030000
3059,R_3qPt2VOIZdr6Kio,HAIR_STYLING_AGENT,2019-07-13,1563030000
3060,R_3qPt2VOIZdr6Kio,SWORD,2019-07-13,1563030000
3061,R_3qTFp0FJqUeMhVZ,BATTERY,2019-07-13,1563030000
3062,R_3qTFp0FJqUeMhVZ,MEDICATION,2019-07-13,1563030000
3063,R_3qTFp0FJqUeMhVZ,HEADPHONES,2019-07-13,1563030000
3064,R_3qTFp0FJqUeMhVZ,PET_TOY,2019-07-13,1563030000
3065,R_3qTFp0FJqUeMhVZ,REUSABLE_INCONTINENCE_SURFACE_PROTECTOR,2019-07-13,1563030000
3066,R_3qTFp0FJqUeMhVZ,HEADPHONES,2019-07-13,1563030000
3067,R_3qTFp0FJqUeMhVZ,PHYSICAL_MOVIE,2019-07-13,1563030000
3068,R_3r26NAbVnDpIxzF,NUTRITIONAL_SUPPLEMENT,2019-07-13,1563030000
3069,R_3rV7kPHe9hVsMee,SHOES,2019-07-13,1563030000
3070,R_3rV7kPHe9hVsMee,ABIS_BOOK,2019-07-13,1563030000
3071,R_3s02y9lg8GCo9q0,HEADPHONES,2019-07-13,1563030000
3072,R_3s02y9lg8GCo9q0,SKIN_CLEANING_AGENT,2019-07-13,1563030000
3073,R_3s02y9lg8GCo9q0,MEDICAL_TEST_STRIP,2019-07-13,1563030000
3074,R_3s02y9lg8GCo9q0,VITAMIN,2019-07-13,1563030000
3075,R_3s02y9lg8GCo9q0,SKIN_CLEANING_AGENT,2019-07-13,1563030000
3076,R_3s02y9lg8GCo9q0,KNIFE,2019-07-13,1563030000
3077,R_3s02y9lg8GCo9q0,BODY_LUBRICANT,2019-07-13,1563030000
3078,R_3s02y9lg8GCo9q0,VEHICLE_TIRE,2019-07-13,1563030000
3079,R_3s02y9lg8GCo9q0,HARDWARE_HINGE,2019-07-13,1563030000
3080,R_3socPWD3wXD0iDP,MEDICATION,2019-07-13,1563030000
3081,R_3socPWD3wXD0iDP,ANIMAL_LITTER,2019-07-13,1563030000
3082,R_3sp0qsXaE11taC1,HOME,2019-07-13,1563030000
3083,R_6Jw0sPgGkHLnKkp,SHIRT,2019-07-13,1563030000
3084,R_6Jw0sPgGkHLnKkp,ITEM_CONTAINER,2019-07-13,1563030000
3085,R_6Jw0sPgGkHLnKkp,COFFEE_FILTER,2019-07-13,1563030000
3086,R_6gwxeBuC9V7nKsF,SKIN_CLEANING_AGENT,2019-07-13,1563030000
3087,R_6gwxeBuC9V7nKsF,CELLULAR_PHONE_CASE,2019-07-13,1563030000
3088,R_6gwxeBuC9V7nKsF,KITCHEN,2019-07-13,1563030000
3089,R_6gwxeBuC9V7nKsF,PHYSICAL_MOVIE,2019-07-13,1563030000
3090,R_6gwxeBuC9V7nKsF,HEALTH_PERSONAL_CARE,2019-07-13,1563030000
3091,R_6gwxeBuC9V7nKsF,GROCERY,2019-07-13,1563030000
3092,R_6gwxeBuC9V7nKsF,PET_FOOD,2019-07-13,1563030000
3093,R_6gwxeBuC9V7nKsF,GLITTER,2019-07-13,1563030000
3094,R_6gwxeBuC9V7nKsF,SKIN_MOISTURIZER,2019-07-13,1563030000
3095,R_6gwxeBuC9V7nKsF,MUSICAL_INSTRUMENT_AMPLIFIER,2019-07-13,1563030000
3096,R_6gwxeBuC9V7nKsF,TOOTH_CLEANING_AGENT,2019-07-13,1563030000
3097,R_6gwxeBuC9V7nKsF,SHIRT,2019-07-13,1563030000
3098,R_6gwxeBuC9V7nKsF,SKIN_MOISTURIZER,2019-07-13,1563030000
3099,R_6gwxeBuC9V7nKsF,TOWEL,2019-07-13,1563030000
3100,R_6gwxeBuC9V7nKsF,SAFETY_SUPPLY,2019-07-13,1563030000
3101,R_6gwxeBuC9V7nKsF,BATTERY,2019-07-13,1563030000
3102,R_6gwxeBuC9V7nKsF,SCREEN_PROTECTOR,2019-07-13,1563030000
3103,R_AEBbAiW2xdXI2at,SCREEN_PROTECTOR,2019-07-13,1563030000
3104,R_AM0OvM0F9kBvqal,MORTAR_AND_PESTLE_SET,2019-07-13,1563030000
3105,R_BWhnv4EdbhSS6rf,NETTING_COVER,2019-07-13,1563030000
3106,R_BWhnv4EdbhSS6rf,TOYS_AND_GAMES,2019-07-13,1563030000
3107,R_BWhnv4EdbhSS6rf,KETTLEBELL,2019-07-13,1563030000
3108,R_BWhnv4EdbhSS6rf,SHOES,2019-07-13,1563030000
3109,R_OdTirYYBS6ms6nn,NUTRITIONAL_SUPPLEMENT,2019-07-13,1563030000
3110,R_OdTirYYBS6ms6nn,SHOES,2019-07-13,1563030000
3111,R_OdTirYYBS6ms6nn,ELECTRONIC_CABLE,2019-07-13,1563030000
3112,R_RPruSl134deuxOh,WATCH,2019-07-13,1563030000
3113,R_RPruSl134deuxOh,SCREEN_PROTECTOR,2019-07-13,1563030000
3114,R_RPruSl134deuxOh,ABIS_BOOK,2019-07-13,1563030000
3115,R_RPruSl134deuxOh,SHIRT,2019-07-13,1563030000
3116,R_RPruSl134deuxOh,WEARABLE_COMPUTER,2019-07-13,1563030000
3117,R_Rw7CA3irllJSRH3,NUTRITIONAL_SUPPLEMENT,2019-07-13,1563030000
3118,R_Xhz81T9LodPX0KB,NUTRITIONAL_SUPPLEMENT,2019-07-13,1563030000
3119,R_XuCuybjxPer1OeJ,SHIRT,2019-07-13,1563030000
3120,R_XuCuybjxPer1OeJ,PHYSICAL_MOVIE,2019-07-13,1563030000
3121,R_XwiCirQyfwJzVtv,PET_FOOD,2019-07-13,1563030000
3122,R_Zwn68Xfx8lenBER,BATTERY,2019-07-13,1563030000
3123,R_Zwn68Xfx8lenBER,MEDICATION,2019-07-13,1563030000
3124,R_b3dSUlk76L0C6TD,SCREEN_PROTECTOR,2019-07-13,1563030000
3125,R_b8UnkZJoU93ZxEB,HEADPHONES,2019-07-13,1563030000
3126,R_b8UnkZJoU93ZxEB,PET_FOOD,2019-07-13,1563030000
3127,R_b8UnkZJoU93ZxEB,TOYS_AND_GAMES,2019-07-13,1563030000
3128,R_bJbNhR1I5NnLKb7,VITAMIN,2019-07-13,1563030000
3129,R_bJbNhR1I5NnLKb7,SKIN_CLEANING_AGENT,2019-07-13,1563030000
3130,R_bJbNhR1I5NnLKb7,DECORATIVE_PILLOW_COVER,2019-07-13,1563030000
3131,R_bJbNhR1I5NnLKb7,SHOES,2019-07-13,1563030000
3132,R_cAcAtozIWnZIbGp,LAUNDRY_DETERGENT,2019-07-13,1563030000
3133,R_r1qqClBL89aFjXP,PHYSICAL_MOVIE,2019-07-13,1563030000
3134,R_rqK6K6zDsynoZHP,GROCERY,2019-07-13,1563030000
3135,R_rqK6K6zDsynoZHP,GROCERY,2019-07-13,1563030000
3136,R_w5Z8BUS7nlDmvM5,HEALTH_PERSONAL_CARE,2019-07-13,1563030000
3137,R_x0hVvTTXGQY9FRf,MP3_PLAYER,2019-07-13,1563030000
3138,R_xcs1aVCVrBlXkgV,PORTABLE_ELECTRONIC_DEVICE_COVER,2019-07-13,1563030000
3139,R_xcs1aVCVrBlXkgV,TOYS_AND_GAMES,2019-07-13,1563030000
3140,R_xcs1aVCVrBlXkgV,ABIS_BOOK,2019-07-13,1563030000
3141,R_xcs1aVCVrBlXkgV,PANTS,2019-07-13,1563030000
3142,R_xcs1aVCVrBlXkgV,PERSONAL_FRAGRANCE,2019-07-13,1563030000
3143,R_xcs1aVCVrBlXkgV,HERBAL_SUPPLEMENT,2019-07-13,1563030000
3144,R_xcs1aVCVrBlXkgV,CAPO,2019-07-13,1563030000
3145,R_0pRmRjHkwStzNQJ,SKIN_MOISTURIZER,2019-07-14,1563116400
3146,R_0pRmRjHkwStzNQJ,SCREEN_PROTECTOR,2019-07-14,1563116400
3147,R_0pRmRjHkwStzNQJ,TOYS_AND_GAMES,2019-07-14,1563116400
3148,R_0wCTiXC54rMN0J3,HEADPHONES,2019-07-14,1563116400
3149,R_0wCTiXC54rMN0J3,BEAUTY,2019-07-14,1563116400
3150,R_10CAlrx7dbJty9R,PHYSICAL_MOVIE,2019-07-14,1563116400
3151,R_10CAlrx7dbJty9R,SCREEN_PROTECTOR,2019-07-14,1563116400
3152,R_10TA7pCDmelHi5H,COAT,2019-07-14,1563116400
3153,R_10YnFpDzlwQlmrX,CELLULAR_PHONE,2019-07-14,1563116400
3154,R_10YnFpDzlwQlmrX,SNACK_FOOD_BAR,2019-07-14,1563116400
3155,R_12QFQ7lCIls8sRd,CELLULAR_PHONE_CASE,2019-07-14,1563116400
3156,R_12QFQ7lCIls8sRd,PET_FOOD,2019-07-14,1563116400
3157,R_1DYWdbAMt6LyCZH,MEDICATION,2019-07-14,1563116400
3158,R_1DYWdbAMt6LyCZH,SMOKING_PIPE,2019-07-14,1563116400
3159,R_1DYWdbAMt6LyCZH,TOYS_AND_GAMES,2019-07-14,1563116400
3160,R_1DYWdbAMt6LyCZH,CELLULAR_PHONE_CASE,2019-07-14,1563116400
3161,R_1Fb4EL4IE75q7lf,NUTRITIONAL_SUPPLEMENT,2019-07-14,1563116400
3162,R_1Fyt6rHyiQcVOT8,ELECTRONIC_CABLE,2019-07-14,1563116400
3163,R_1Fyt6rHyiQcVOT8,ELECTRONIC_CABLE,2019-07-14,1563116400
3164,R_1GVsIStj8gTkbIE,ELECTRONIC_CABLE,2019-07-14,1563116400
3165,R_1GVsIStj8gTkbIE,ABIS_BOOK,2019-07-14,1563116400
3166,R_1GVsIStj8gTkbIE,PORTABLE_ELECTRONIC_DEVICE_ARMBAND,2019-07-14,1563116400
3167,R_1GVsIStj8gTkbIE,FLATWARE,2019-07-14,1563116400
3168,R_1GVsIStj8gTkbIE,FLATWARE,2019-07-14,1563116400
3169,R_1I6meOeB0piHEX8,MEDICATION,2019-07-14,1563116400
3170,R_1I6meOeB0piHEX8,HARDWARE_HANDLE,2019-07-14,1563116400
3171,R_1I6meOeB0piHEX8,CELLULAR_PHONE_CASE,2019-07-14,1563116400
3172,R_1IaQCAaU1CcbXWO,PHYSICAL_MOVIE,2019-07-14,1563116400
3173,R_1KqhfYKlNJg85SH,ANIMAL_WATER_DISPENSER,2019-07-14,1563116400
3174,R_1LRR1P5IQqdSvIP,HEADPHONES,2019-07-14,1563116400
3175,R_1LRR1P5IQqdSvIP,TV_TUNER_CARD,2019-07-14,1563116400
3176,R_1LRR1P5IQqdSvIP,TOYS_AND_GAMES,2019-07-14,1563116400
3177,R_1LRR1P5IQqdSvIP,VIDEO_PROJECTOR,2019-07-14,1563116400
3178,R_1LY9mbPmeG2WbfE,BAKING_PAPER,2019-07-14,1563116400
3179,R_1LY9mbPmeG2WbfE,HEALTH_PERSONAL_CARE,2019-07-14,1563116400
3180,R_1LY9mbPmeG2WbfE,ELECTRONIC_CABLE,2019-07-14,1563116400
3181,R_1Luv7PTSNMEjqFV,SHOES,2019-07-14,1563116400
3182,R_1NCzj2eSHI4QGcd,GROCERY,2019-07-14,1563116400
3183,R_1QLfbB3Lho273wG,SCREEN_PROTECTOR,2019-07-14,1563116400
3184,R_1Xhiz3TBoe2gQdH,PORTABLE_ELECTRONIC_DEVICE_MOUNT,2019-07-14,1563116400
3185,R_1jARg5bGH5uqAKW,GAME_DICE,2019-07-14,1563116400
3186,R_1jUqdfR1Zz6mZMf,SOLDERING_IRON,2019-07-14,1563116400
3187,R_1jd0U0OjvEcZEcw,SNACK_FOOD_BAR,2019-07-14,1563116400
3188,R_1jd0U0OjvEcZEcw,PET_FOOD,2019-07-14,1563116400
3189,R_1jd0U0OjvEcZEcw,RECREATION_BALL,2019-07-14,1563116400
3190,R_1l6OglubZSTYfi3,HEADPHONES,2019-07-14,1563116400
3191,R_1lxYa2W6GgcAQ19,SNACK_FOOD_BAR,2019-07-14,1563116400
3192,R_1mEmb9jWLRYCU4e,SHIRT,2019-07-14,1563116400
3193,R_1mEmb9jWLRYCU4e,WRITING_INSTRUMENT,2019-07-14,1563116400
3194,R_1mEmb9jWLRYCU4e,SNACK_FOOD_BAR,2019-07-14,1563116400
3195,R_1mEmb9jWLRYCU4e,CLOTHES_HANGER,2019-07-14,1563116400
3196,R_1mEmb9jWLRYCU4e,FOOD_BLENDER,2019-07-14,1563116400
3197,R_1obwpb6iowh7vew,SCREEN_PROTECTOR,2019-07-14,1563116400
3198,R_1obwpb6iowh7vew,GUN_SUPPORT,2019-07-14,1563116400
3199,R_1obwpb6iowh7vew,SCREEN_PROTECTOR,2019-07-14,1563116400
3200,R_1obwpb6iowh7vew,CELLULAR_PHONE_CASE,2019-07-14,1563116400
3201,R_1qdM6yLQigCFrkd,ELECTRONIC_CABLE,2019-07-14,1563116400
3202,R_20Yd9DvrGselmZY,SKIN_CLEANING_AGENT,2019-07-14,1563116400
3203,R_20Yd9DvrGselmZY,SKIN_MOISTURIZER,2019-07-14,1563116400
3204,R_210tLKdUbUZuf7O,PANTS,2019-07-14,1563116400
3205,R_210tLKdUbUZuf7O,HEADPHONES,2019-07-14,1563116400
3206,R_21GPeeqYRjC1kb1,ELECTRONIC_CABLE,2019-07-14,1563116400
3207,R_24csoaO569P4Yzz,CABLE_OR_ADAPTER,2019-07-14,1563116400
3208,R_25z5LHPaAsxktx7,TOYS_AND_GAMES,2019-07-14,1563116400
3209,R_25z5LHPaAsxktx7,WIRE,2019-07-14,1563116400
3210,R_25z5LHPaAsxktx7,PET_FOOD,2019-07-14,1563116400
3211,R_25z5LHPaAsxktx7,MEDICATION,2019-07-14,1563116400
3212,R_25z5LHPaAsxktx7,SCULPTING_MATERIAL,2019-07-14,1563116400
3213,R_25z5LHPaAsxktx7,TOYS_AND_GAMES,2019-07-14,1563116400
3214,R_25z5LHPaAsxktx7,SURFACE_CLEANING_WIPE,2019-07-14,1563116400
3215,R_25z5LHPaAsxktx7,COFFEE_FILTER,2019-07-14,1563116400
3216,R_25z5LHPaAsxktx7,SNACK_FOOD_BAR,2019-07-14,1563116400
3217,R_25z5LHPaAsxktx7,UNDERPANTS,2019-07-14,1563116400
3218,R_25z5LHPaAsxktx7,UNDERPANTS,2019-07-14,1563116400
3219,R_26nB6rfoaXIEb6Z,SKIN_EXFOLIANT,2019-07-14,1563116400
3220,R_279ENCaNyRMf98u,ITEM_STAND,2019-07-14,1563116400
3221,R_279iRKETPanvFBW,CONDITIONER,2019-07-14,1563116400
3222,R_28IDNbS8mqpfyKD,PANTS,2019-07-14,1563116400
3223,R_2DSmjafbkSAict9,TOYS_AND_GAMES,2019-07-14,1563116400
3224,R_2E5XCpTY2B5ZQ1f,SCREEN_PROTECTOR,2019-07-14,1563116400
3225,R_2E5XCpTY2B5ZQ1f,SKIN_CLEANING_AGENT,2019-07-14,1563116400
3226,R_2E5XCpTY2B5ZQ1f,SNACK_FOOD_BAR,2019-07-14,1563116400
3227,R_2OOq3ysdOS3TtBd,COFFEE,2019-07-14,1563116400
3228,R_2OOq3ysdOS3TtBd,LASER_PRINTER_TONER,2019-07-14,1563116400
3229,R_2Qu0fgUOnDpaKDH,SKIN_CLEANING_AGENT,2019-07-14,1563116400
3230,R_2RUDh7piHU7frzt,SHOELACE,2019-07-14,1563116400
3231,R_2RUDh7piHU7frzt,INCONTINENCE_PROTECTOR,2019-07-14,1563116400
3232,R_2RUDh7piHU7frzt,VITAMIN,2019-07-14,1563116400
3233,R_2RVXjEovu4Y1yen,LABEL,2019-07-14,1563116400
3234,R_2Ser7goSgo0gVBj,MENSTRUAL_CUP,2019-07-14,1563116400
3235,R_2Ser7goSgo0gVBj,WALL_ART,2019-07-14,1563116400
3236,R_2Ser7goSgo0gVBj,VITAMIN,2019-07-14,1563116400
3237,R_2SowakeS8ZQebAD,NUTS,2019-07-14,1563116400
3238,R_2TKO641FpWMebOd,HEADPHONES,2019-07-14,1563116400
3239,R_2TKO641FpWMebOd,SNACK_FOOD_BAR,2019-07-14,1563116400
3240,R_2TnuiSdfJ77v7e9,ABIS_BOOK,2019-07-14,1563116400
3241,R_2WumP0iKDvwiM2r,SHIRT,2019-07-14,1563116400
3242,R_2Y9fPhqa2Xf2QdZ,PHYSICAL_MOVIE,2019-07-14,1563116400
3243,R_2Y9fPhqa2Xf2QdZ,NUTRITIONAL_SUPPLEMENT,2019-07-14,1563116400
3244,R_2Y9fPhqa2Xf2QdZ,SKIN_CLEANING_AGENT,2019-07-14,1563116400
3245,R_2YR2Yn7wGzAeAj0,ROTATING_TRAY,2019-07-14,1563116400
3246,R_2YeJ7ZNQ5xBFmxw,CLEANING_AGENT,2019-07-14,1563116400
3247,R_2ZHo9wnvuEIY0DH,GROCERY,2019-07-14,1563116400
3248,R_2ZHo9wnvuEIY0DH,FISH,2019-07-14,1563116400
3249,R_2ZOgImZ5BSZcQoz,HEALTH_PERSONAL_CARE,2019-07-14,1563116400
3250,R_2ZOgImZ5BSZcQoz,NUTRITIONAL_SUPPLEMENT,2019-07-14,1563116400
3251,R_2b1MfkpNO4V6xMv,SKIN_PROTECTANT,2019-07-14,1563116400
3252,R_2b1XOZR0PYTA1jX,TABLET_COMPUTER,2019-07-14,1563116400
3253,R_2b1XOZR0PYTA1jX,MEDICATION,2019-07-14,1563116400
3254,R_2c0kxk2rIJClCxm,HAIR_STYLING_AGENT,2019-07-14,1563116400
3255,R_2c0kxk2rIJClCxm,ABIS_BOOK,2019-07-14,1563116400
3256,R_2dFHfsIqQ6eEtVW,POWER_CORD,2019-07-14,1563116400
3257,R_2e9e8lhWqVtpb7m,PHYSICAL_MOVIE,2019-07-14,1563116400
3258,R_2mAJniG0xVBIInL,SCREEN_PROTECTOR,2019-07-14,1563116400
3259,R_2s5YO3cdqKDFyIM,GROCERY,2019-07-14,1563116400
3260,R_2sSaxHDwxRTJZP3,GROCERY,2019-07-14,1563116400
3261,R_2tfEDXuyNRcQoWs,MATTRESS,2019-07-14,1563116400
3262,R_2vYO5d3Ry8qjf5g,GROCERY,2019-07-14,1563116400
3263,R_2wHwNZWEecJflLc,GROCERY,2019-07-14,1563116400
3264,R_2wHwNZWEecJflLc,ANIMAL_SHELTER,2019-07-14,1563116400
3265,R_2wmLE1q4FIpfioi,PANTS,2019-07-14,1563116400
3266,R_2woyYEH5qlAG264,VITAMIN,2019-07-14,1563116400
3267,R_2woyYEH5qlAG264,ONBOARD_CAMERA,2019-07-14,1563116400
3268,R_2woyYEH5qlAG264,BATTERY,2019-07-14,1563116400
3269,R_2z7rLZb69WuqDdf,BREAD,2019-07-14,1563116400
3270,R_2z7rLZb69WuqDdf,SCREEN_PROTECTOR,2019-07-14,1563116400
3271,R_31ZxYxyOSie94bK,ABIS_BOOK,2019-07-14,1563116400
3272,R_31ZxYxyOSie94bK,GROCERY,2019-07-14,1563116400
3273,R_31ZxYxyOSie94bK,PUFFED_SNACK,2019-07-14,1563116400
3274,R_31ZxYxyOSie94bK,FISHING_HOOK,2019-07-14,1563116400
3275,R_31ZxYxyOSie94bK,WEATHER_STRIPPING,2019-07-14,1563116400
3276,R_31ZxYxyOSie94bK,MEDICATION,2019-07-14,1563116400
3277,R_31ZxYxyOSie94bK,DRINK_FLAVORED,2019-07-14,1563116400
3278,R_31ZxYxyOSie94bK,SHIRT,2019-07-14,1563116400
3279,R_31ZxYxyOSie94bK,SNACK_FOOD_BAR,2019-07-14,1563116400
3280,R_31ZxYxyOSie94bK,BREAST_PUMP,2019-07-14,1563116400
3281,R_31ZxYxyOSie94bK,SNACK_CHIP_AND_CRISP,2019-07-14,1563116400
3282,R_31ZxYxyOSie94bK,CELLULAR_PHONE_CASE,2019-07-14,1563116400
3283,R_31ZxYxyOSie94bK,SKIN_MOISTURIZER,2019-07-14,1563116400
3284,R_31ZxYxyOSie94bK,SKIN_CLEANING_AGENT,2019-07-14,1563116400
3285,R_31ZxYxyOSie94bK,BREAST_PUMP,2019-07-14,1563116400
3286,R_31ZxYxyOSie94bK,INCONTINENCE_PROTECTOR,2019-07-14,1563116400
3287,R_31ZxYxyOSie94bK,BREAST_PUMP,2019-07-14,1563116400
3288,R_31ZxYxyOSie94bK,HEALTH_PERSONAL_CARE,2019-07-14,1563116400
3289,R_31ZxYxyOSie94bK,PHYSICAL_MOVIE,2019-07-14,1563116400
3290,R_31ZxYxyOSie94bK,HEADPHONES,2019-07-14,1563116400
3291,R_31ZxYxyOSie94bK,ROUTER_POWER_TOOL,2019-07-14,1563116400
3292,R_31ZxYxyOSie94bK,GIFT_CARD,2019-07-14,1563116400
3293,R_31ZxYxyOSie94bK,GROCERY,2019-07-14,1563116400
3294,R_31ZxYxyOSie94bK,SHIRT,2019-07-14,1563116400
3295,R_3DqB7pyNczSugtj,SOCKS,2019-07-14,1563116400
3296,R_3DqB7pyNczSugtj,VEHICLE_LIGHTING_CONVERSION_KIT,2019-07-14,1563116400
3297,R_3EMaONYGibovcxQ,HAIRBAND,2019-07-14,1563116400
3298,R_3EMaONYGibovcxQ,DIGITAL_DEVICE_12_ACCESSORY,2019-07-14,1563116400
3299,R_3EbttwlSceKvWpl,SKIN_MOISTURIZER,2019-07-14,1563116400
3300,R_3FRSHAzxtL6ifms,SOCKS,2019-07-14,1563116400
3301,R_3G1gYo1d23Zq8Np,JUICE_AND_JUICE_DRINK,2019-07-14,1563116400
3302,R_3GCXgWFPLgXAuFC,PET_FOOD,2019-07-14,1563116400
3303,R_3GD1CL4OyjglmbZ,ELECTRONIC_CABLE,2019-07-14,1563116400
3304,R_3GiFHVWzYKHT1F5,PORTABLE_FREESTANDING_SHELTER,2019-07-14,1563116400
3305,R_3GiFHVWzYKHT1F5,HEAT_SINK,2019-07-14,1563116400
3306,R_3GqfePl8gH1VWP1,NUTRITIONAL_SUPPLEMENT,2019-07-14,1563116400
3307,R_3GqfePl8gH1VWP1,PANTS,2019-07-14,1563116400
3308,R_3GqfePl8gH1VWP1,SHIRT,2019-07-14,1563116400
3309,R_3HgZOjGq4Ny969k,SKIN_MOISTURIZER,2019-07-14,1563116400
3310,R_3HgZOjGq4Ny969k,HEADPHONES,2019-07-14,1563116400
3311,R_3HgZOjGq4Ny969k,BOOT,2019-07-14,1563116400
3312,R_3Hphzg7zu04Hgy1,SUSPENDER,2019-07-14,1563116400
3313,R_3Hphzg7zu04Hgy1,LABEL,2019-07-14,1563116400
3314,R_3Hphzg7zu04Hgy1,INFANT_TODDLER_CAR_SEAT,2019-07-14,1563116400
3315,R_3J8UJcgwnW51IvN,PHYSICAL_MOVIE,2019-07-14,1563116400
3316,R_3J8UJcgwnW51IvN,HEADPHONES,2019-07-14,1563116400
3317,R_3NwUrzA3eAsS3xO,VITAMIN,2019-07-14,1563116400
3318,R_3NwUrzA3eAsS3xO,POOL_VACUUM,2019-07-14,1563116400
3319,R_3PAyJj7mQvMzMco,HAIR_CARE_PRODUCT,2019-07-14,1563116400
3320,R_3PAyJj7mQvMzMco,BICYCLE_PEDAL,2019-07-14,1563116400
3321,R_3PUi8o2if0JqKfl,SKIN_MOISTURIZER,2019-07-14,1563116400
3322,R_3PcameSHVD10BZP,HAIR_STYLING_AGENT,2019-07-14,1563116400
3323,R_3PcameSHVD10BZP,PROJECTION_SCREEN,2019-07-14,1563116400
3324,R_3PcameSHVD10BZP,VITAMIN,2019-07-14,1563116400
3325,R_3PcameSHVD10BZP,ELECTRONIC_CABLE,2019-07-14,1563116400
3326,R_3PcameSHVD10BZP,HEADPHONES,2019-07-14,1563116400
3327,R_3PcameSHVD10BZP,GARDEN_TOOL_SET,2019-07-14,1563116400
3328,R_3PcameSHVD10BZP,AMAZON_BOOK_READER_ACCESSORY,2019-07-14,1563116400
3329,R_3PcameSHVD10BZP,PHYSICAL_MOVIE,2019-07-14,1563116400
3330,R_3PcameSHVD10BZP,HEALTH_PERSONAL_CARE,2019-07-14,1563116400
3331,R_3PcameSHVD10BZP,SECURITY_CAMERA,2019-07-14,1563116400
3332,R_3PcameSHVD10BZP,SHOES,2019-07-14,1563116400
3333,R_3PcameSHVD10BZP,MESS_KIT,2019-07-14,1563116400
3334,R_3PcameSHVD10BZP,SKIN_MOISTURIZER,2019-07-14,1563116400
3335,R_3PcameSHVD10BZP,SUITCASE,2019-07-14,1563116400
3336,R_3PjlivvZHpECDkS,HAIR_STYLING_AGENT,2019-07-14,1563116400
3337,R_3PjlivvZHpECDkS,SNACK_FOOD_BAR,2019-07-14,1563116400
3338,R_3dVMhrjV0qUkHSh,AROMA_DIFFUSER,2019-07-14,1563116400
3339,R_3dVMhrjV0qUkHSh,TOGGLE_SWITCH,2019-07-14,1563116400
3340,R_3e82J7pYxj5XP7j,SHIRT,2019-07-14,1563116400
3341,R_3e82J7pYxj5XP7j,PHYSICAL_MOVIE,2019-07-14,1563116400
3342,R_3e82J7pYxj5XP7j,VITAMIN,2019-07-14,1563116400
3343,R_3e82J7pYxj5XP7j,SCREEN_PROTECTOR,2019-07-14,1563116400
3344,R_3e82J7pYxj5XP7j,CELLULAR_PHONE_CASE,2019-07-14,1563116400
3345,R_3ek9YZGdsDHjUZf,ABIS_BOOK,2019-07-14,1563116400
3346,R_3ek9YZGdsDHjUZf,COOKWARE_SET,2019-07-14,1563116400
3347,R_3ek9YZGdsDHjUZf,HEALTH_PERSONAL_CARE,2019-07-14,1563116400
3348,R_3ek9YZGdsDHjUZf,PANTS,2019-07-14,1563116400
3349,R_3emmbwwsXsxt4Oj,VEHICLE_RAIL,2019-07-14,1563116400
3350,R_3m3H4mwZ2snYFua,TREADMILL,2019-07-14,1563116400
3351,R_3m3H4mwZ2snYFua,DAIRY_BASED_BUTTER,2019-07-14,1563116400
3352,R_3n5zOvmozURNzXz,SHIRT,2019-07-14,1563116400
3353,R_3n5zOvmozURNzXz,DOWNLOADABLE_VIDEO_GAME,2019-07-14,1563116400
3354,R_3pm4Od2kUSXlZgY,WRITING_INSTRUMENT,2019-07-14,1563116400
3355,R_3pm4Od2kUSXlZgY,SKIN_CLEANING_AGENT,2019-07-14,1563116400
3356,R_3qTFp0FJqUeMhVZ,TOYS_AND_GAMES,2019-07-14,1563116400
3357,R_3qTFp0FJqUeMhVZ,FACIAL_TISSUE,2019-07-14,1563116400
3358,R_3qqdzQnCaBYHx9o,LIGHTED_OUTDOOR_DISPLAY,2019-07-14,1563116400
3359,R_3s02y9lg8GCo9q0,SCREEN_PROTECTOR,2019-07-14,1563116400
3360,R_3sp0qsXaE11taC1,BANNER,2019-07-14,1563116400
3361,R_40engukXSxhrtF7,CELLULAR_PHONE_CASE,2019-07-14,1563116400
3362,R_40engukXSxhrtF7,GROCERY,2019-07-14,1563116400
3363,R_8vnpSkm79W7Jsv7,SHOES,2019-07-14,1563116400
3364,R_8vnpSkm79W7Jsv7,GROCERY,2019-07-14,1563116400
3365,R_A0ZwhLeBVySdW8N,HEALTH_PERSONAL_CARE,2019-07-14,1563116400
3366,R_AKBlDprDMrv4M7v,BREAD,2019-07-14,1563116400
3367,R_AKBlDprDMrv4M7v,ELECTRONIC_CABLE,2019-07-14,1563116400
3368,R_BWhnv4EdbhSS6rf,HEALTH_PERSONAL_CARE,2019-07-14,1563116400
3369,R_BWhnv4EdbhSS6rf,MEDICATION,2019-07-14,1563116400
3370,R_BWhnv4EdbhSS6rf,MEDICATION,2019-07-14,1563116400
3371,R_D8LcojwusttCWaJ,GROCERY,2019-07-14,1563116400
3372,R_D8LcojwusttCWaJ,ELECTRONIC_CABLE,2019-07-14,1563116400
3373,R_O6ZX76mggPnAOfD,SCREEN_PROTECTOR,2019-07-14,1563116400
3374,R_O6ZX76mggPnAOfD,CLOTHES_PIN,2019-07-14,1563116400
3375,R_O6ZX76mggPnAOfD,UTILITY_HOLSTER_POUCH,2019-07-14,1563116400
3376,R_OdTirYYBS6ms6nn,SLIPPER,2019-07-14,1563116400
3377,R_PuLRXv7pUO3cLzX,PANTS,2019-07-14,1563116400
3378,R_PwlnzzccUMXV0n7,SURVIVAL_KIT,2019-07-14,1563116400
3379,R_RPruSl134deuxOh,TREADMILL,2019-07-14,1563116400
3380,R_UEke64xAaOG3mTf,SCREEN_PROTECTOR,2019-07-14,1563116400
3381,R_Uit4G2WjoT7WM6d,SKIN_BLEMISH_REMOVAL_TOOL,2019-07-14,1563116400
3382,R_Uit4G2WjoT7WM6d,SKIN_BLEMISH_REMOVAL_TOOL,2019-07-14,1563116400
3383,R_Uit4G2WjoT7WM6d,SAFETY_SUPPLY,2019-07-14,1563116400
3384,R_UlOQHrMf1EiWKQx,SPARK_PLUG,2019-07-14,1563116400
3385,R_Xt4H8BJ1Vx7ws8h,SHIRT,2019-07-14,1563116400
3386,R_Xt4H8BJ1Vx7ws8h,PHYSICAL_MOVIE,2019-07-14,1563116400
3387,R_XwiCirQyfwJzVtv,TOY_FIGURE_PLAYSET,2019-07-14,1563116400
3388,R_XwiCirQyfwJzVtv,SNACK_FOOD_BAR,2019-07-14,1563116400
3389,R_XwiCirQyfwJzVtv,SKIN_CLEANING_AGENT,2019-07-14,1563116400
3390,R_XwiCirQyfwJzVtv,ELECTRONIC_CABLE,2019-07-14,1563116400
3391,R_XwiCirQyfwJzVtv,SHOES,2019-07-14,1563116400
3392,R_bJI8lmXMZWL6oql,PANTS,2019-07-14,1563116400
3393,R_bJI8lmXMZWL6oql,CLEANING_AGENT,2019-07-14,1563116400
3394,R_swfIN0JgX72IbMl,WATER_PUMP,2019-07-14,1563116400
3395,R_tDI0MmPcVp5b2Xn,HEADPHONES,2019-07-14,1563116400
3396,R_tDI0MmPcVp5b2Xn,VITAMIN,2019-07-14,1563116400
3397,R_vcsfXNFhlnqxtYd,TEA,2019-07-14,1563116400
3398,R_xc0AiqTlV5cTvZn,SNACK_FOOD_BAR,2019-07-14,1563116400
3399,R_yrLrYUf4oFzOnjb,TURNTABLE,2019-07-14,1563116400
3400,R_yrLrYUf4oFzOnjb,TOYS_AND_GAMES,2019-07-14,1563116400
3401,R_yrLrYUf4oFzOnjb,GROCERY,2019-07-14,1563116400
3402,R_yrLrYUf4oFzOnjb,PET_APPAREL,2019-07-14,1563116400
3403,R_0Arj0ePpTnReV1v,TELESCOPE,2019-07-15,1563202800
3404,R_0D6GtQwa6VcnXpv,PORTABLE_ELECTRONIC_DEVICE_COVER,2019-07-15,1563202800
3405,R_0D6GtQwa6VcnXpv,TOYS_AND_GAMES,2019-07-15,1563202800
3406,R_0D6GtQwa6VcnXpv,ELECTRONIC_CABLE,2019-07-15,1563202800
3407,R_0pRmRjHkwStzNQJ,HEALTH_PERSONAL_CARE,2019-07-15,1563202800
3408,R_0pRmRjHkwStzNQJ,VITAMIN,2019-07-15,1563202800
3409,R_10CAlrx7dbJty9R,MEDICATION,2019-07-15,1563202800
3410,R_10CAlrx7dbJty9R,PANTS,2019-07-15,1563202800
3411,R_10CAlrx7dbJty9R,ABIS_BOOK,2019-07-15,1563202800
3412,R_10MFxyIhsIDW0nP,DIGITAL_DEVICE_4,2019-07-15,1563202800
3413,R_10MFxyIhsIDW0nP,VEHICLE_CARGO_CARRIER,2019-07-15,1563202800
3414,R_10TA7pCDmelHi5H,HEALTH_PERSONAL_CARE,2019-07-15,1563202800
3415,R_10TA7pCDmelHi5H,WEBCAM,2019-07-15,1563202800
3416,R_10TA7pCDmelHi5H,HEALTH_PERSONAL_CARE,2019-07-15,1563202800
3417,R_10TA7pCDmelHi5H,HEADPHONES,2019-07-15,1563202800
3418,R_10TA7pCDmelHi5H,ELECTRONIC_CABLE,2019-07-15,1563202800
3419,R_10uU7A3PqkL1i0o,ABIS_BOOK,2019-07-15,1563202800
3420,R_1BNwZP0DdTOa4rT,GROCERY,2019-07-15,1563202800
3421,R_1BNwZP0DdTOa4rT,UNDERWEAR,2019-07-15,1563202800
3422,R_1BNwZP0DdTOa4rT,PET_FOOD,2019-07-15,1563202800
3423,R_1BNwZP0DdTOa4rT,OUTDOOR_RECREATION_PRODUCT,2019-07-15,1563202800
3424,R_1C4nKyrv0w2thJn,GROCERY,2019-07-15,1563202800
3425,R_1C4nKyrv0w2thJn,CROCHET_HOOK,2019-07-15,1563202800
3426,R_1C4nKyrv0w2thJn,PHYSICAL_MOVIE,2019-07-15,1563202800
3427,R_1C4nKyrv0w2thJn,SNACK_FOOD_BAR,2019-07-15,1563202800
3428,R_1C75XRebT1eliL0,PANTS,2019-07-15,1563202800
3429,R_1C75XRebT1eliL0,TOYS_AND_GAMES,2019-07-15,1563202800
3430,R_1C75XRebT1eliL0,SKIN_CARE_AGENT,2019-07-15,1563202800
3431,R_1C75XRebT1eliL0,BATTERY,2019-07-15,1563202800
3432,R_1C75XRebT1eliL0,HEADPHONES,2019-07-15,1563202800
3433,R_1C75XRebT1eliL0,TOYS_AND_GAMES,2019-07-15,1563202800
3434,R_1C75XRebT1eliL0,MATTRESS_COVER,2019-07-15,1563202800
3435,R_1C75XRebT1eliL0,CRAFT_BEAD,2019-07-15,1563202800
3436,R_1C75XRebT1eliL0,TOYS_AND_GAMES,2019-07-15,1563202800
3437,R_1C75XRebT1eliL0,PERSONAL_CARE_APPLIANCE,2019-07-15,1563202800
3438,R_1C75XRebT1eliL0,MATTRESS_COVER,2019-07-15,1563202800
3439,R_1C75XRebT1eliL0,SKIN_CLEANING_AGENT,2019-07-15,1563202800
3440,R_1Cd5zmz07X5BqKa,TOYS_AND_GAMES,2019-07-15,1563202800
3441,R_1ClqO4ZMDuwGjfl,LUXURY_BEAUTY,2019-07-15,1563202800
3442,R_1ClqO4ZMDuwGjfl,NUTRITIONAL_SUPPLEMENT,2019-07-15,1563202800
3443,R_1Cx2TzfSj9KxVhR,TOY_FIGURE,2019-07-15,1563202800
3444,R_1Cx2TzfSj9KxVhR,BONDING_ADHESIVES,2019-07-15,1563202800
3445,R_1DOwHkGiX8DX7mF,ABIS_BOOK,2019-07-15,1563202800
3446,R_1DYWdbAMt6LyCZH,SKIN_MOISTURIZER,2019-07-15,1563202800
3447,R_1DYWdbAMt6LyCZH,FUEL_FILTER,2019-07-15,1563202800
3448,R_1DYWdbAMt6LyCZH,SCREEN_PROTECTOR,2019-07-15,1563202800
3449,R_1DYjkc1gJNvrzzL,GROCERY,2019-07-15,1563202800
3450,R_1DYjkc1gJNvrzzL,TELESCOPE,2019-07-15,1563202800
3451,R_1DYjkc1gJNvrzzL,HEALTH_PERSONAL_CARE,2019-07-15,1563202800
3452,R_1DYjkc1gJNvrzzL,PANTS,2019-07-15,1563202800
3453,R_1DYjkc1gJNvrzzL,CELLULAR_PHONE_CASE,2019-07-15,1563202800
3454,R_1DYjkc1gJNvrzzL,CELLULAR_PHONE_CASE,2019-07-15,1563202800
3455,R_1DYjkc1gJNvrzzL,LIP_BALM,2019-07-15,1563202800
3456,R_1DYjkc1gJNvrzzL,PANTS,2019-07-15,1563202800
3457,R_1DYjkc1gJNvrzzL,HEALTH_PERSONAL_CARE,2019-07-15,1563202800
3458,R_1DYjkc1gJNvrzzL,TRACTION_CLEAT,2019-07-15,1563202800
3459,R_1DYjkc1gJNvrzzL,HEALTH_PERSONAL_CARE,2019-07-15,1563202800
3460,R_1E3TJBNJVtr3tcD,SHIRT,2019-07-15,1563202800
3461,R_1Egu0oETMcJuIOb,BOTTLE_STOPPER,2019-07-15,1563202800
3462,R_1Egu0oETMcJuIOb,PHYSICAL_MOVIE,2019-07-15,1563202800
3463,R_1F35QiIK5csZBEC,HEADPHONES,2019-07-15,1563202800
3464,R_1F35QiIK5csZBEC,HEALTH_PERSONAL_CARE,2019-07-15,1563202800
3465,R_1Fyt6rHyiQcVOT8,PANTS,2019-07-15,1563202800
3466,R_1GVsIStj8gTkbIE,BASE_LAYER_APPAREL_SET,2019-07-15,1563202800
3467,R_1Hena1rUph3TnA3,SKIN_CLEANING_AGENT,2019-07-15,1563202800
3468,R_1Hena1rUph3TnA3,TOYS_AND_GAMES,2019-07-15,1563202800
3469,R_1Hena1rUph3TnA3,SNACK_FOOD_BAR,2019-07-15,1563202800
3470,R_1Hena1rUph3TnA3,GROCERY,2019-07-15,1563202800
3471,R_1Hena1rUph3TnA3,MEDICATION,2019-07-15,1563202800
3472,R_1IaQCAaU1CcbXWO,SHOES,2019-07-15,1563202800
3473,R_1KkFs7rgWXlWf58,ANIMAL_CARRIER,2019-07-15,1563202800
3474,R_1KkFs7rgWXlWf58,ANIMAL_CARRIER,2019-07-15,1563202800
3475,R_1KkFs7rgWXlWf58,SKIN_MOISTURIZER,2019-07-15,1563202800
3476,R_1Kru2C0Zf28ZbQ0,SANDAL,2019-07-15,1563202800
3477,R_1Kru2C0Zf28ZbQ0,SHOES,2019-07-15,1563202800
3478,R_1Kru2C0Zf28ZbQ0,ADULT_COSTUME,2019-07-15,1563202800
3479,R_1Kru2C0Zf28ZbQ0,MEDICATION,2019-07-15,1563202800
3480,R_1KxVDxZl2H0XoHS,TOY_BUILDING_BLOCK,2019-07-15,1563202800
3481,R_1KxVDxZl2H0XoHS,TOY_BUILDING_BLOCK,2019-07-15,1563202800
3482,R_1LRR1P5IQqdSvIP,ABIS_BOOK,2019-07-15,1563202800
3483,R_1LRR1P5IQqdSvIP,SKIN_MOISTURIZER,2019-07-15,1563202800
3484,R_1LRR1P5IQqdSvIP,BATTERY,2019-07-15,1563202800
3485,R_1LRR1P5IQqdSvIP,SKIN_MOISTURIZER,2019-07-15,1563202800
3486,R_1LRR1P5IQqdSvIP,MACHINE_LUBRICANT,2019-07-15,1563202800
3487,R_1LRR1P5IQqdSvIP,ELECTRONIC_CABLE,2019-07-15,1563202800
3488,R_1LRR1P5IQqdSvIP,SHOES,2019-07-15,1563202800
3489,R_1LRR1P5IQqdSvIP,CELLULAR_PHONE_CASE,2019-07-15,1563202800
3490,R_1LRR1P5IQqdSvIP,PANTS,2019-07-15,1563202800
3491,R_1LRR1P5IQqdSvIP,BATTERY,2019-07-15,1563202800
3492,R_1MTbVUzYEQq2MzU,LEASH,2019-07-15,1563202800
3493,R_1MTbVUzYEQq2MzU,SHIRT,2019-07-15,1563202800
3494,R_1NCzj2eSHI4QGcd,VITAMIN,2019-07-15,1563202800
3495,R_1NCzj2eSHI4QGcd,SKIN_CLEANING_AGENT,2019-07-15,1563202800
3496,R_1NCzj2eSHI4QGcd,SHIRT,2019-07-15,1563202800
3497,R_1NCzj2eSHI4QGcd,VITAMIN,2019-07-15,1563202800
3498,R_1NDq0rxoUSu6oyz,PET_FOOD,2019-07-15,1563202800
3499,R_1NDq0rxoUSu6oyz,ART_CRAFT_KIT,2019-07-15,1563202800
3500,R_1OlyKZYuQUE5Cgc,SHIRT,2019-07-15,1563202800
3501,R_1OlyKZYuQUE5Cgc,ENGINE_EXHAUST_PIPE,2019-07-15,1563202800
3502,R_1Oov0G05pkQnKNn,GROCERY,2019-07-15,1563202800
3503,R_1P0kCmz0zdMSEld,VACUUM_FILTER,2019-07-15,1563202800
3504,R_1P0kCmz0zdMSEld,BABY_RATTLE,2019-07-15,1563202800
3505,R_1Q9JeeKncbbLcz0,ABIS_BOOK,2019-07-15,1563202800
3506,R_1Q9JeeKncbbLcz0,SHOES,2019-07-15,1563202800
3507,R_1Q9JeeKncbbLcz0,BATTERY,2019-07-15,1563202800
3508,R_1QKu8qtvgo0d1uS,VIDEO_DVD,2019-07-15,1563202800
3509,R_1QLfbB3Lho273wG,SPRAY_BOTTLE,2019-07-15,1563202800
3510,R_1dFu7LeBJE3Wd6p,BOTTLE_STOPPER,2019-07-15,1563202800
3511,R_1dFu7LeBJE3Wd6p,HEADPHONES,2019-07-15,1563202800
3512,R_1dFu7LeBJE3Wd6p,ELECTRONIC_CABLE,2019-07-15,1563202800
3513,R_1dFu7LeBJE3Wd6p,NUTRITIONAL_SUPPLEMENT,2019-07-15,1563202800
3514,R_1dFu7LeBJE3Wd6p,SNACK_FOOD_BAR,2019-07-15,1563202800
3515,R_1dFu7LeBJE3Wd6p,MICROWAVE_OVEN,2019-07-15,1563202800
3516,R_1dFu7LeBJE3Wd6p,KNIFE_SHARPENER,2019-07-15,1563202800
3517,R_1dKBjc0UTA0ZiYb,SNACK_FOOD_BAR,2019-07-15,1563202800
3518,R_1dlSByn2AyHWx7r,POWER_BANK,2019-07-15,1563202800
3519,R_1dlSByn2AyHWx7r,SNACK_FOOD_BAR,2019-07-15,1563202800
3520,R_1dlSByn2AyHWx7r,TOYS_AND_GAMES,2019-07-15,1563202800
3521,R_1dlSByn2AyHWx7r,ART_CRAFT_KIT,2019-07-15,1563202800
3522,R_1dlSByn2AyHWx7r,PET_FOOD,2019-07-15,1563202800
3523,R_1dlSByn2AyHWx7r,SCREEN_PROTECTOR,2019-07-15,1563202800
3524,R_1eFv0mPpH4dM2mG,BOOKS_1973_AND_LATER,2019-07-15,1563202800
3525,R_1exepO2lYqHFR9q,FOOD,2019-07-15,1563202800
3526,R_1exepO2lYqHFR9q,GROCERY,2019-07-15,1563202800
3527,R_1f1PzEZw8H2N4zm,SCREEN_PROTECTOR,2019-07-15,1563202800
3528,R_1gOX88nojaBXOt2,BATTERY,2019-07-15,1563202800
3529,R_1gOX88nojaBXOt2,AUTO_BATTERY,2019-07-15,1563202800
3530,R_1gOX88nojaBXOt2,ABIS_BOOK,2019-07-15,1563202800
3531,R_1gOX88nojaBXOt2,HEADPHONES,2019-07-15,1563202800
3532,R_1gOX88nojaBXOt2,SHIRT,2019-07-15,1563202800
3533,R_1gOX88nojaBXOt2,ABIS_BOOK,2019-07-15,1563202800
3534,R_1gOX88nojaBXOt2,SHIRT,2019-07-15,1563202800
3535,R_1gOX88nojaBXOt2,HEALTH_PERSONAL_CARE,2019-07-15,1563202800
3536,R_1gcmv3lhX8iJEQb,TOYS_AND_GAMES,2019-07-15,1563202800
3537,R_1gcmv3lhX8iJEQb,CELL_PHONE_GRIP,2019-07-15,1563202800
3538,R_1gjdRVy7DXPMldc,PANTS,2019-07-15,1563202800
3539,R_1gwL8QZGzhV0g3G,SPEAKERS,2019-07-15,1563202800
3540,R_1gwL8QZGzhV0g3G,SKIN_MOISTURIZER,2019-07-15,1563202800
3541,R_1hFMTehZQIAcBvZ,VITAMIN,2019-07-15,1563202800
3542,R_1hLPyY3aamfi3xT,SAUCE,2019-07-15,1563202800
3543,R_1hLPyY3aamfi3xT,SAUCE,2019-07-15,1563202800
3544,R_1ig4LC2I0cwMCHk,KNIFE,2019-07-15,1563202800
3545,R_1jZkLNE1JdtyVpH,HAIR_CARE_AGENT,2019-07-15,1563202800
3546,R_1jZkLNE1JdtyVpH,TEA,2019-07-15,1563202800
3547,R_1kIbViWVBImEaHV,SCREEN_PROTECTOR,2019-07-15,1563202800
3548,R_1kIbViWVBImEaHV,HEADPHONES,2019-07-15,1563202800
3549,R_1kIbViWVBImEaHV,PESTICIDE,2019-07-15,1563202800
3550,R_1kIbViWVBImEaHV,AUTO_PART,2019-07-15,1563202800
3551,R_1kIbViWVBImEaHV,SHIRT,2019-07-15,1563202800
3552,R_1kLdd31W284Angd,HEADPHONES,2019-07-15,1563202800
3553,R_1kLdd31W284Angd,BED_SLATS,2019-07-15,1563202800
3554,R_1kLdd31W284Angd,MECHANICAL_BELT,2019-07-15,1563202800
3555,R_1l4zCtGUTvAWdS6,SEXUAL_STIMULATION_DEVICE,2019-07-15,1563202800
3556,R_1lsgykNxEU4BXTI,MEASURING_CUP,2019-07-15,1563202800
3557,R_1lsgykNxEU4BXTI,SHIRT,2019-07-15,1563202800
3558,R_1lsgykNxEU4BXTI,SKIN_MOISTURIZER,2019-07-15,1563202800
3559,R_1lsgykNxEU4BXTI,UNDERGARMENT_THIGH_SLIMMER,2019-07-15,1563202800
3560,R_1lxYa2W6GgcAQ19,SPORT_BAT,2019-07-15,1563202800
3561,R_1lxYa2W6GgcAQ19,SKIN_MOISTURIZER,2019-07-15,1563202800
3562,R_1lxYa2W6GgcAQ19,STRING_LIGHT,2019-07-15,1563202800
3563,R_1lxYa2W6GgcAQ19,THERMOMETER,2019-07-15,1563202800
3564,R_1lxYa2W6GgcAQ19,SKIN_CLEANING_AGENT,2019-07-15,1563202800
3565,R_1lxYa2W6GgcAQ19,ENGINE_COMPONENT_CAP,2019-07-15,1563202800
3566,R_1mEmb9jWLRYCU4e,SHIRT,2019-07-15,1563202800
3567,R_1mEmb9jWLRYCU4e,ABIS_BOOK,2019-07-15,1563202800
3568,R_1mQrQ5EFGvbBRLb,CUTTING_BOARD,2019-07-15,1563202800
3569,R_1mebUZZHsgPDgzX,ELECTRONIC_CABLE,2019-07-15,1563202800
3570,R_1mebUZZHsgPDgzX,SNACK_FOOD_BAR,2019-07-15,1563202800
3571,R_1mebUZZHsgPDgzX,SKIN_MOISTURIZER,2019-07-15,1563202800
3572,R_1oFSDeGAQcUN2v8,AREA_DEODORIZER,2019-07-15,1563202800
3573,R_1oFSDeGAQcUN2v8,CELLULAR_PHONE_CASE,2019-07-15,1563202800
3574,R_1obwpb6iowh7vew,CELLULAR_PHONE_CASE,2019-07-15,1563202800
3575,R_1obwpb6iowh7vew,GUN_SUPPORT,2019-07-15,1563202800
3576,R_1owkdABF1wNKFKI,AREA_DEODORIZER,2019-07-15,1563202800
3577,R_1pm2Wo5wrQSY0Gm,SHIRT,2019-07-15,1563202800
3578,R_1psTlOFeWx4gWdX,GROCERY,2019-07-15,1563202800
3579,R_1pu4x2PBb4LrSWk,PHYSICAL_MOVIE,2019-07-15,1563202800
3580,R_1pu4x2PBb4LrSWk,INSTALLATION_SERVICES,2019-07-15,1563202800
3581,R_1q4eVtHN10S5gPB,THREAD_CORD,2019-07-15,1563202800
3582,R_1zVJnDAfoFLamOd,CELLULAR_PHONE_CASE,2019-07-15,1563202800
3583,R_1zVJnDAfoFLamOd,TOYS_AND_GAMES,2019-07-15,1563202800
3584,R_20O6baqxT4T2CbA,SKIN_CLEANING_AGENT,2019-07-15,1563202800
3585,R_20O6baqxT4T2CbA,MEDICATION,2019-07-15,1563202800
3586,R_20O6baqxT4T2CbA,BATTERY,2019-07-15,1563202800
3587,R_20S7crqtX9XLeBx,VITAMIN,2019-07-15,1563202800
3588,R_20S7crqtX9XLeBx,CAPO,2019-07-15,1563202800
3589,R_20Yd9DvrGselmZY,HEALTH_PERSONAL_CARE,2019-07-15,1563202800
3590,R_20Z3XrmdVrFDp3r,HEALTH_PERSONAL_CARE,2019-07-15,1563202800
3591,R_20Z3XrmdVrFDp3r,ELECTRONIC_CABLE,2019-07-15,1563202800
3592,R_20Z3XrmdVrFDp3r,DUFFEL_BAG,2019-07-15,1563202800
3593,R_20Z3XrmdVrFDp3r,PHYSICAL_MOVIE,2019-07-15,1563202800
3594,R_20Z3XrmdVrFDp3r,BOXING_GLOVE,2019-07-15,1563202800
3595,R_20Z3XrmdVrFDp3r,ABIS_BOOK,2019-07-15,1563202800
3596,R_210tLKdUbUZuf7O,DECORATIVE_PILLOW_COVER,2019-07-15,1563202800
3597,R_210tLKdUbUZuf7O,BATTERY,2019-07-15,1563202800
3598,R_21GPeeqYRjC1kb1,INTEGRATED_STEREO_SYSTEM,2019-07-15,1563202800
3599,R_21GPeeqYRjC1kb1,INTEGRATED_STEREO_SYSTEM,2019-07-15,1563202800
3600,R_21uibgT9dgqRD9J,CELLULAR_PHONE,2019-07-15,1563202800
3601,R_22SxELlmhBQCe1C,VITAMIN,2019-07-15,1563202800
3602,R_22SxELlmhBQCe1C,CYCLING_COMPUTER,2019-07-15,1563202800
3603,R_22SxELlmhBQCe1C,BALLOON,2019-07-15,1563202800
3604,R_22SxELlmhBQCe1C,CELLULAR_PHONE_CASE,2019-07-15,1563202800
3605,R_22SxELlmhBQCe1C,SEASONING,2019-07-15,1563202800
3606,R_23eD9Db68xpXl0d,CHISEL,2019-07-15,1563202800
3607,R_240KbZJVsY6fEEJ,CELLULAR_PHONE_CASE,2019-07-15,1563202800
3608,R_240KbZJVsY6fEEJ,PHYSICAL_TV_SERIES,2019-07-15,1563202800
3609,R_24HjnyxNZEm32Xb,HEADPHONES,2019-07-15,1563202800
3610,R_24HjnyxNZEm32Xb,DRINKING_STRAW,2019-07-15,1563202800
3611,R_24HjnyxNZEm32Xb,LUXURY_BEAUTY,2019-07-15,1563202800
3612,R_24HjnyxNZEm32Xb,CELLULAR_PHONE_CASE,2019-07-15,1563202800
3613,R_24HjnyxNZEm32Xb,SCREEN_PROTECTOR,2019-07-15,1563202800
3614,R_24HjnyxNZEm32Xb,SKIN_CLEANING_AGENT,2019-07-15,1563202800
3615,R_24HjnyxNZEm32Xb,LUXURY_BEAUTY,2019-07-15,1563202800
3616,R_24HjnyxNZEm32Xb,HARDWARE_HANDLE,2019-07-15,1563202800
3617,R_24csoaO569P4Yzz,MEDICATION,2019-07-15,1563202800
3618,R_24csoaO569P4Yzz,ELECTRONIC_CABLE,2019-07-15,1563202800
3619,R_24csoaO569P4Yzz,INKJET_PRINTER_INK,2019-07-15,1563202800
3620,R_24csoaO569P4Yzz,NUTRITIONAL_SUPPLEMENT,2019-07-15,1563202800
3621,R_24ovSGBcJmAm7rm,HEALTH_PERSONAL_CARE,2019-07-15,1563202800
3622,R_24ovSGBcJmAm7rm,PET_FOOD,2019-07-15,1563202800
3623,R_25SbPPTyE45YzXP,SOCKS,2019-07-15,1563202800
3624,R_25SbPPTyE45YzXP,CELLULAR_PHONE,2019-07-15,1563202800
3625,R_25Wwg273Uw26jA1,CLEANING_AGENT,2019-07-15,1563202800
3626,R_25Wwg273Uw26jA1,PHYSICAL_MOVIE,2019-07-15,1563202800
3627,R_25Wwg273Uw26jA1,SNACK_FOOD_BAR,2019-07-15,1563202800
3628,R_25Wwg273Uw26jA1,PHYSICAL_MOVIE,2019-07-15,1563202800
3629,R_25Wwg273Uw26jA1,WEBCAM,2019-07-15,1563202800
3630,R_25Wwg273Uw26jA1,GROCERY,2019-07-15,1563202800
3631,R_25YqaojEWt641sK,MEDICATION,2019-07-15,1563202800
3632,R_25YqaojEWt641sK,CARD_DOCUMENT_SLEEVE,2019-07-15,1563202800
3633,R_25YqaojEWt641sK,PET_FOOD,2019-07-15,1563202800
3634,R_25YqaojEWt641sK,BANNER,2019-07-15,1563202800
3635,R_25YqaojEWt641sK,GROCERY,2019-07-15,1563202800
3636,R_25YqaojEWt641sK,TOYS_AND_GAMES,2019-07-15,1563202800
3637,R_25z5LHPaAsxktx7,ELECTRONIC_CABLE,2019-07-15,1563202800
3638,R_25z5LHPaAsxktx7,RICE_COOKERS,2019-07-15,1563202800
3639,R_265zDShpZJQSm6H,SHOES,2019-07-15,1563202800
3640,R_265zDShpZJQSm6H,SKIN_CLEANING_AGENT,2019-07-15,1563202800
3641,R_265zDShpZJQSm6H,BATTERY,2019-07-15,1563202800
3642,R_265zDShpZJQSm6H,CELLULAR_PHONE_CASE,2019-07-15,1563202800
3643,R_265zDShpZJQSm6H,SHOES,2019-07-15,1563202800
3644,R_265zDShpZJQSm6H,SURFACE_CLEANING_WIPE,2019-07-15,1563202800
3645,R_265zDShpZJQSm6H,GROCERY,2019-07-15,1563202800
3646,R_265zDShpZJQSm6H,MEDICATION,2019-07-15,1563202800
3647,R_265zDShpZJQSm6H,SURFACE_CLEANING_WIPE,2019-07-15,1563202800
3648,R_273TMGuLM3jXisi,MEDICATION,2019-07-15,1563202800
3649,R_273TMGuLM3jXisi,ROBE,2019-07-15,1563202800
3650,R_273TMGuLM3jXisi,WINDOW_SHADE,2019-07-15,1563202800
3651,R_273TMGuLM3jXisi,ABIS_BOOK,2019-07-15,1563202800
3652,R_273TMGuLM3jXisi,CONDITIONER,2019-07-15,1563202800
3653,R_273TMGuLM3jXisi,ELECTRIC_FAN,2019-07-15,1563202800
3654,R_273TMGuLM3jXisi,SHIRT,2019-07-15,1563202800
3655,R_273TMGuLM3jXisi,MEDICATION,2019-07-15,1563202800
3656,R_273TMGuLM3jXisi,ELECTRIC_FAN,2019-07-15,1563202800
3657,R_273TMGuLM3jXisi,SKIN_CLEANING_AGENT,2019-07-15,1563202800
3658,R_273TMGuLM3jXisi,NUTRITIONAL_SUPPLEMENT,2019-07-15,1563202800
3659,R_279ENCaNyRMf98u,MEDICATION,2019-07-15,1563202800
3660,R_279ENCaNyRMf98u,SCREEN_PROTECTOR,2019-07-15,1563202800
3661,R_27B5jMHYqArQV6X,COSTUME_EYEWEAR,2019-07-15,1563202800
3662,R_27Nf8ImFlWu3J9O,SKIN_CLEANING_AGENT,2019-07-15,1563202800
3663,R_27Nf8ImFlWu3J9O,BAKING_MIX,2019-07-15,1563202800
3664,R_27g6uEEgxm7kwNu,SUNSCREEN,2019-07-15,1563202800
3665,R_27g6uEEgxm7kwNu,MEDICATION,2019-07-15,1563202800
3666,R_27g6uEEgxm7kwNu,HEADPHONES,2019-07-15,1563202800
3667,R_28BST1zc80UaP2C,HEAT_PRESS,2019-07-15,1563202800
3668,R_28IDNbS8mqpfyKD,SHEET_PAN,2019-07-15,1563202800
3669,R_28IDNbS8mqpfyKD,PHYSICAL_MOVIE,2019-07-15,1563202800
3670,R_28IDNbS8mqpfyKD,EDIBLE_OIL_VEGETABLE,2019-07-15,1563202800
3671,R_29iGyG3WSmKo5Te,PROTEIN_DRINK,2019-07-15,1563202800
3672,R_29iGyG3WSmKo5Te,TOYS_AND_GAMES,2019-07-15,1563202800
3673,R_29iGyG3WSmKo5Te,GUILD_JEWELRY,2019-07-15,1563202800
3674,R_29iGyG3WSmKo5Te,MANUAL_SHAVING_RAZOR,2019-07-15,1563202800
3675,R_29uBVByYo0xAXiZ,SKIN_MOISTURIZER,2019-07-15,1563202800
3676,R_29uBVByYo0xAXiZ,SHOES,2019-07-15,1563202800
3677,R_29uBVByYo0xAXiZ,HEALTH_PERSONAL_CARE,2019-07-15,1563202800
3678,R_2AGpSTOzeeHqMYd,HEALTH_PERSONAL_CARE,2019-07-15,1563202800
3679,R_2AGpSTOzeeHqMYd,PUMP_DISPENSER,2019-07-15,1563202800
3680,R_2ASz0xBmcxqYzUJ,ABIS_BOOK,2019-07-15,1563202800
3681,R_2ASz0xBmcxqYzUJ,NUTRITIONAL_SUPPLEMENT,2019-07-15,1563202800
3682,R_2BesSIAnd7POW2C,GROCERY,2019-07-15,1563202800
3683,R_2BstrkPd4gMc6Ih,MEDICATION,2019-07-15,1563202800
3684,R_2DOWnSX3XtTVapF,STANDALONE_STREAMING_MEDIA_PLAYER,2019-07-15,1563202800
3685,R_2DOWnSX3XtTVapF,SHIRT,2019-07-15,1563202800
3686,R_2DOWnSX3XtTVapF,SCREEN_PROTECTOR,2019-07-15,1563202800
3687,R_2EglJpTWGEiwQYa,PITCHER,2019-07-15,1563202800
3688,R_2EglJpTWGEiwQYa,MEDICATION,2019-07-15,1563202800
3689,R_2EglJpTWGEiwQYa,HEALTH_PERSONAL_CARE,2019-07-15,1563202800
3690,R_2EglJpTWGEiwQYa,SHOES,2019-07-15,1563202800
3691,R_2En0sbvQ7s48ufv,WIPER_BLADE,2019-07-15,1563202800
3692,R_2En0sbvQ7s48ufv,UTILITY_SPONGE,2019-07-15,1563202800
3693,R_2En0sbvQ7s48ufv,THERMOS,2019-07-15,1563202800
3694,R_2En0sbvQ7s48ufv,ELECTRONIC_CABLE,2019-07-15,1563202800
3695,R_2En0sbvQ7s48ufv,TOYS_AND_GAMES,2019-07-15,1563202800
3696,R_2En0sbvQ7s48ufv,WIPER_BLADE,2019-07-15,1563202800
3697,R_2En0sbvQ7s48ufv,BATTERY,2019-07-15,1563202800
3698,R_2En0sbvQ7s48ufv,HEALTH_PERSONAL_CARE,2019-07-15,1563202800
3699,R_2Etc0qZ3B702xxn,SKIN_CLEANING_AGENT,2019-07-15,1563202800
3700,R_2OHgbfVLtFIinBW,CONSUMER_ELECTRONICS,2019-07-15,1563202800
3701,R_2ONDyHxQviDmrWg,VITAMIN,2019-07-15,1563202800
3702,R_2ONDyHxQviDmrWg,SHOE_INSERT,2019-07-15,1563202800
3703,R_2OOq3ysdOS3TtBd,SHIRT,2019-07-15,1563202800
3704,R_2QEQOSl4i81CHb1,SOLDERING_STATION,2019-07-15,1563202800
3705,R_2QEQOSl4i81CHb1,MEDICATION,2019-07-15,1563202800
3706,R_2QEQOSl4i81CHb1,SHOES,2019-07-15,1563202800
3707,R_2QEQOSl4i81CHb1,HAIR_BRUSH,2019-07-15,1563202800
3708,R_2QXJIE0UXBTy8wd,ELECTRONIC_CABLE,2019-07-15,1563202800
3709,R_2Qu0fgUOnDpaKDH,SNACK_FOOD_BAR,2019-07-15,1563202800
3710,R_2Qu0fgUOnDpaKDH,SNACK_FOOD_BAR,2019-07-15,1563202800
3711,R_2RUDh7piHU7frzt,ELECTRONIC_CABLE,2019-07-15,1563202800
3712,R_2RUDh7piHU7frzt,CELLULAR_PHONE_CASE,2019-07-15,1563202800
3713,R_2SksQStmmNpRaiB,VITAMIN,2019-07-15,1563202800
3714,R_2SksQStmmNpRaiB,PANTS,2019-07-15,1563202800
3715,R_2SksQStmmNpRaiB,PET_SUPPLIES,2019-07-15,1563202800
3716,R_2SksQStmmNpRaiB,PLECTRUM,2019-07-15,1563202800
3717,R_2TnuiSdfJ77v7e9,UNMANNED_AERIAL_VEHICLE,2019-07-15,1563202800
3718,R_2TnuiSdfJ77v7e9,VITAMIN,2019-07-15,1563202800
3719,R_2TnuiSdfJ77v7e9,ELECTRONIC_CABLE,2019-07-15,1563202800
3720,R_2TnuiSdfJ77v7e9,UNMANNED_AERIAL_VEHICLE,2019-07-15,1563202800
3721,R_2TnuiSdfJ77v7e9,SKIN_MOISTURIZER,2019-07-15,1563202800
3722,R_2U0l40aPYAoBJLV,CELLULAR_PHONE_CASE,2019-07-15,1563202800
3723,R_2U0l40aPYAoBJLV,NUTRITIONAL_SUPPLEMENT,2019-07-15,1563202800
3724,R_2U0l40aPYAoBJLV,SOCKS,2019-07-15,1563202800
3725,R_2UVhfjk1qQb6KI5,CELLULAR_PHONE_CASE,2019-07-15,1563202800
3726,R_2UVhfjk1qQb6KI5,PRETEND_PLAY_TOY,2019-07-15,1563202800
3727,R_2UVhfjk1qQb6KI5,SKIN_CLEANING_AGENT,2019-07-15,1563202800
3728,R_2UVhfjk1qQb6KI5,ABIS_BOOK,2019-07-15,1563202800
3729,R_2UVhfjk1qQb6KI5,OFFICE_PRODUCTS,2019-07-15,1563202800
3730,R_2WVIxBGaj1uOr8S,SKIN_MOISTURIZER,2019-07-15,1563202800
3731,R_2WVIxBGaj1uOr8S,PAINT_BRUSH,2019-07-15,1563202800
3732,R_2WVIxBGaj1uOr8S,ESSENTIAL_OIL,2019-07-15,1563202800
3733,R_2WVIxBGaj1uOr8S,TOYS_AND_GAMES,2019-07-15,1563202800
3734,R_2WumP0iKDvwiM2r,TOYS_AND_GAMES,2019-07-15,1563202800
3735,R_2WumP0iKDvwiM2r,ELECTRONIC_CABLE,2019-07-15,1563202800
3736,R_2WumP0iKDvwiM2r,ABIS_BOOK,2019-07-15,1563202800
3737,R_2WumP0iKDvwiM2r,STORAGE_BAG,2019-07-15,1563202800
3738,R_2WwzM8WiFsk4o3g,TOYS_AND_GAMES,2019-07-15,1563202800
3739,R_2WwzM8WiFsk4o3g,SAFETY_MASK,2019-07-15,1563202800
3740,R_2WwzM8WiFsk4o3g,SKIN_MOISTURIZER,2019-07-15,1563202800
3741,R_2WwzM8WiFsk4o3g,HAIR_COLORING_AGENT,2019-07-15,1563202800
3742,R_2WwzM8WiFsk4o3g,ELECTRONIC_CABLE,2019-07-15,1563202800
3743,R_2Xj7LtCe2Mt8jNi,PHYSICAL_MOVIE,2019-07-15,1563202800
3744,R_2XoI6KbLJRGFz5X,FOOD_PREPARATION_MOLD,2019-07-15,1563202800
3745,R_2XoI6KbLJRGFz5X,VITAMIN,2019-07-15,1563202800
3746,R_2XoI6KbLJRGFz5X,ELECTRONIC_CABLE,2019-07-15,1563202800
3747,R_2Y9fPhqa2Xf2QdZ,BOTTLE,2019-07-15,1563202800
3748,R_2Y9fPhqa2Xf2QdZ,SKIN_MOISTURIZER,2019-07-15,1563202800
3749,R_2Y9fPhqa2Xf2QdZ,MEDICATION,2019-07-15,1563202800
3750,R_2Y9fPhqa2Xf2QdZ,TOYS_AND_GAMES,2019-07-15,1563202800
3751,R_2Y9fPhqa2Xf2QdZ,LIQUID_FUEL_CONTAINER,2019-07-15,1563202800
3752,R_2Y9fPhqa2Xf2QdZ,SCREEN_PROTECTOR,2019-07-15,1563202800
3753,R_2YJLVqCGAyLiODQ,ORTHOPEDIC_BRACE,2019-07-15,1563202800
3754,R_2YJLVqCGAyLiODQ,NUTRITIONAL_SUPPLEMENT,2019-07-15,1563202800
3755,R_2YR2Yn7wGzAeAj0,PAPER_TOWEL,2019-07-15,1563202800
3756,R_2YbuDFbvaGnuvff,BATTERY,2019-07-15,1563202800
3757,R_2YbuDFbvaGnuvff,STORAGE_BAG,2019-07-15,1563202800
3758,R_2YbuDFbvaGnuvff,HANDLE_GRIP,2019-07-15,1563202800
3759,R_2YzwllA3OWyo30M,PANTS,2019-07-15,1563202800
3760,R_2YzwllA3OWyo30M,SHIRT,2019-07-15,1563202800
3761,R_2ZK5JH2NcMfnWuS,PRELOADED_ELECTRONIC_GAME,2019-07-15,1563202800
3762,R_2ZOgImZ5BSZcQoz,PANTS,2019-07-15,1563202800
3763,R_2aldwxmUZox7Yfd,TAPE_MEASURE,2019-07-15,1563202800
3764,R_2aldwxmUZox7Yfd,SHIRT,2019-07-15,1563202800
3765,R_2aldwxmUZox7Yfd,WASTE_BAG,2019-07-15,1563202800
3766,R_2aldwxmUZox7Yfd,CELLULAR_PHONE_CASE,2019-07-15,1563202800
3767,R_2b1MfkpNO4V6xMv,TOYS_AND_GAMES,2019-07-15,1563202800
3768,R_2b1MfkpNO4V6xMv,PET_FOOD,2019-07-15,1563202800
3769,R_2b1XOZR0PYTA1jX,SNOW_CHAIN,2019-07-15,1563202800
3770,R_2b1XOZR0PYTA1jX,VEHICLE_CARGO_CARRIER,2019-07-15,1563202800
3771,R_2bTLZFP7p4CPlTT,PHYSICAL_MOVIE,2019-07-15,1563202800
3772,R_2c0kxk2rIJClCxm,PET_SUPPLIES,2019-07-15,1563202800
3773,R_2cvmrv8q51q8yh1,FASHIONNECKLACEBRACELETANKLET,2019-07-15,1563202800
3774,R_2cvmrv8q51q8yh1,SHARP_PIN,2019-07-15,1563202800
3775,R_2dFHfsIqQ6eEtVW,VINEGAR,2019-07-15,1563202800
3776,R_2dFHfsIqQ6eEtVW,SHIRT,2019-07-15,1563202800
3777,R_2dX8oLhgW3U0Q0m,HEADPHONES,2019-07-15,1563202800
3778,R_2dX8oLhgW3U0Q0m,SCREEN_PROTECTOR,2019-07-15,1563202800
3779,R_2dX8oLhgW3U0Q0m,GLOBE,2019-07-15,1563202800
3780,R_2djaIfKORskyeuO,TOOTH_CLEANING_AGENT,2019-07-15,1563202800
3781,R_2djaIfKORskyeuO,MONEY_BANK,2019-07-15,1563202800
3782,R_2djaIfKORskyeuO,SNACK_FOOD_BAR,2019-07-15,1563202800
3783,R_2djaIfKORskyeuO,VALVE,2019-07-15,1563202800
3784,R_2djaIfKORskyeuO,SCREEN_PROTECTOR,2019-07-15,1563202800
3785,R_2djaIfKORskyeuO,GROCERY,2019-07-15,1563202800
3786,R_2djaIfKORskyeuO,SKIN_MOISTURIZER,2019-07-15,1563202800
3787,R_2djaIfKORskyeuO,CELLULAR_PHONE_CASE,2019-07-15,1563202800
3788,R_2djaIfKORskyeuO,SHOES,2019-07-15,1563202800
3789,R_2djaIfKORskyeuO,SHIRT,2019-07-15,1563202800
3790,R_2djaIfKORskyeuO,SKIN_CLEANING_AGENT,2019-07-15,1563202800
3791,R_2djaIfKORskyeuO,HEALTH_PERSONAL_CARE,2019-07-15,1563202800
3792,R_2djaIfKORskyeuO,PET_FOOD,2019-07-15,1563202800
3793,R_2djaIfKORskyeuO,BATTERY,2019-07-15,1563202800
3794,R_2djaIfKORskyeuO,PANTS,2019-07-15,1563202800
3795,R_2dvh9tu7PLPeipE,ANTENNA,2019-07-15,1563202800
3796,R_2dvh9tu7PLPeipE,ADHESIVES_AND_SEALANTS,2019-07-15,1563202800
3797,R_2e9e8lhWqVtpb7m,FOOD_SCOOP,2019-07-15,1563202800
3798,R_2ebzj3o225IisIQ,PHYSICAL_MOVIE,2019-07-15,1563202800
3799,R_2ebzj3o225IisIQ,SUNSCREEN,2019-07-15,1563202800
3800,R_2ebzj3o225IisIQ,VITAMIN,2019-07-15,1563202800
3801,R_2f7MFUqYnEv92pF,SKIN_CLEANING_AGENT,2019-07-15,1563202800
3802,R_2fQoqPD5ygeWViN,MP3_PLAYER,2019-07-15,1563202800
3803,R_2mAJniG0xVBIInL,SKIN_MOISTURIZER,2019-07-15,1563202800
3804,R_2mAJniG0xVBIInL,LIGHT_BULB,2019-07-15,1563202800
3805,R_2mKYTXpTsUEkSGt,HEALTH_PERSONAL_CARE,2019-07-15,1563202800
3806,R_2mKYTXpTsUEkSGt,SHIRT,2019-07-15,1563202800
3807,R_2mKYTXpTsUEkSGt,HEALTH_PERSONAL_CARE,2019-07-15,1563202800
3808,R_2pWAVsUj7WsZHLs,GROCERY,2019-07-15,1563202800
3809,R_2pWwhBj1ZE9iNrB,PET_FOOD,2019-07-15,1563202800
3810,R_2qD8ep8d313iLj4,PANTS,2019-07-15,1563202800
3811,R_2qD8ep8d313iLj4,TOYS_AND_GAMES,2019-07-15,1563202800
3812,R_2qD8ep8d313iLj4,PANTS,2019-07-15,1563202800
3813,R_2qjAN1lyLAdAxT2,PHYSICAL_MOVIE,2019-07-15,1563202800
3814,R_2rIQ3xPfAH7KF8A,SAFETY_GLASSES,2019-07-15,1563202800
3815,R_2rIQ3xPfAH7KF8A,PET_PEST_CONTROL,2019-07-15,1563202800
3816,R_2rIQ3xPfAH7KF8A,PHYSICAL_MOVIE,2019-07-15,1563202800
3817,R_2rIQ3xPfAH7KF8A,ELECTRONIC_CABLE,2019-07-15,1563202800
3818,R_2rVp4uDv9fYIfdd,HEALTH_PERSONAL_CARE,2019-07-15,1563202800
3819,R_2rVp4uDv9fYIfdd,DRAFT_STOPPER,2019-07-15,1563202800
3820,R_2rVp4uDv9fYIfdd,SHIRT,2019-07-15,1563202800
3821,R_2rVp4uDv9fYIfdd,MEDICATION,2019-07-15,1563202800
3822,R_2rVp4uDv9fYIfdd,PANTS,2019-07-15,1563202800
3823,R_2rVp4uDv9fYIfdd,ELECTRONIC_CABLE,2019-07-15,1563202800
3824,R_2ri4RVtvkxnZzHj,ABIS_BOOK,2019-07-15,1563202800
3825,R_2ri4RVtvkxnZzHj,PET_FOOD,2019-07-15,1563202800
3826,R_2sRWbepslqKPgL7,AUTO_OIL,2019-07-15,1563202800
3827,R_2tfEDXuyNRcQoWs,GROCERY,2019-07-15,1563202800
3828,R_2tfEDXuyNRcQoWs,ELECTRONIC_CABLE,2019-07-15,1563202800
3829,R_2uIMLcJgQmb0v3G,VITAMIN,2019-07-15,1563202800
3830,R_2uIMLcJgQmb0v3G,PHYSICAL_MOVIE,2019-07-15,1563202800
3831,R_2uIMLcJgQmb0v3G,PET_FOOD,2019-07-15,1563202800
3832,R_2uIMLcJgQmb0v3G,CELLULAR_PHONE_CASE,2019-07-15,1563202800
3833,R_2uIMLcJgQmb0v3G,NUTRITIONAL_SUPPLEMENT,2019-07-15,1563202800
3834,R_2uIMLcJgQmb0v3G,HEALTH_PERSONAL_CARE,2019-07-15,1563202800
3835,R_2uIMLcJgQmb0v3G,PROTECTIVE_GLOVE,2019-07-15,1563202800
3836,R_2uIMLcJgQmb0v3G,BICYCLE_LIGHT,2019-07-15,1563202800
3837,R_2ugDyrE1yi1FjvH,VITAMIN,2019-07-15,1563202800
3838,R_2wmCdm6ETy6g3k0,MOTOR_ENGINE_FUEL_TANK,2019-07-15,1563202800
3839,R_2wmCdm6ETy6g3k0,SKIN_CLEANING_AGENT,2019-07-15,1563202800
3840,R_2wmCdm6ETy6g3k0,MEAT,2019-07-15,1563202800
3841,R_2wtVmKidhQR0wju,HEADPHONES,2019-07-15,1563202800
3842,R_2wtVmKidhQR0wju,HARDWARE_HINGE,2019-07-15,1563202800
3843,R_2wtVmKidhQR0wju,GROCERY,2019-07-15,1563202800
3844,R_2wtVmKidhQR0wju,PET_FOOD,2019-07-15,1563202800
3845,R_2wtVmKidhQR0wju,ABIS_BOOK,2019-07-15,1563202800
3846,R_2xxvsVGQ2kSdXpV,SKIN_CLEANING_WIPE,2019-07-15,1563202800
3847,R_2xzc7JBNEgYNAqY,PET_FOOD,2019-07-15,1563202800
3848,R_2xzc7JBNEgYNAqY,PHYSICAL_MOVIE,2019-07-15,1563202800
3849,R_2xzc7JBNEgYNAqY,POOL_VACUUM,2019-07-15,1563202800
3850,R_2xzc7JBNEgYNAqY,HEADPHONES,2019-07-15,1563202800
3851,R_2y7p58Cp5veeRa6,TIRES,2019-07-15,1563202800
3852,R_2y7p58Cp5veeRa6,SHIRT,2019-07-15,1563202800
3853,R_2y8edrQ8p3nRu8v,WEIGHT_PLATE,2019-07-15,1563202800
3854,R_2z6pmWToR0TLYk2,GROCERY,2019-07-15,1563202800
3855,R_2z7rLZb69WuqDdf,CHAINSAW_CHAIN,2019-07-15,1563202800
3856,R_2z7rLZb69WuqDdf,TOYS_AND_GAMES,2019-07-15,1563202800
3857,R_2z7rLZb69WuqDdf,SEWING_BUTTON,2019-07-15,1563202800
3858,R_2z7rLZb69WuqDdf,PHYSICAL_MOVIE,2019-07-15,1563202800
3859,R_2z7rLZb69WuqDdf,CHAINSAW_CHAIN,2019-07-15,1563202800
3860,R_2z7rLZb69WuqDdf,BREAD,2019-07-15,1563202800
3861,R_2z7rLZb69WuqDdf,BATTERY,2019-07-15,1563202800
3862,R_2zD58KSXqhHfp5e,WRENCH,2019-07-15,1563202800
3863,R_2zD58KSXqhHfp5e,SCREEN_PROTECTOR,2019-07-15,1563202800
3864,R_30pLPRle51eRImG,MEDICATION,2019-07-15,1563202800
3865,R_31LAZHcaNHPvu3z,BAKEWARE_SET,2019-07-15,1563202800
3866,R_31LAZHcaNHPvu3z,COSTUME_MASK,2019-07-15,1563202800
3867,R_31ZxYxyOSie94bK,SHOES,2019-07-15,1563202800
3868,R_31n2MLk9w05iLzN,SCREEN_PROTECTOR,2019-07-15,1563202800
3869,R_31n2MLk9w05iLzN,SKIN_CLEANING_AGENT,2019-07-15,1563202800
3870,R_31n2MLk9w05iLzN,WATER_FLOTATION_DEVICE,2019-07-15,1563202800
3871,R_32LAHRoBCbjkYZj,SKIN_MOISTURIZER,2019-07-15,1563202800
3872,R_32LAHRoBCbjkYZj,PANTS,2019-07-15,1563202800
3873,R_32LAHRoBCbjkYZj,GUILD_JEWELRY,2019-07-15,1563202800
3874,R_32UZncFA03IrQwQ,MEDICATION,2019-07-15,1563202800
3875,R_32VcKmw1biSyknq,MEDICATION,2019-07-15,1563202800
3876,R_32VcKmw1biSyknq,END_MILLS,2019-07-15,1563202800
3877,R_32VcKmw1biSyknq,MASSAGE_STICK,2019-07-15,1563202800
3878,R_32VcKmw1biSyknq,PHYSICAL_MOVIE,2019-07-15,1563202800
3879,R_333cPUAJRgYXqi1,ELECTRONIC_CABLE,2019-07-15,1563202800
3880,R_33a2eGfoj5xSrE2,MEDICATION,2019-07-15,1563202800
3881,R_33kcOqAkuOfPeI1,CORD_MANAGEMENT_COVER,2019-07-15,1563202800
3882,R_33kcOqAkuOfPeI1,ABIS_BOOK,2019-07-15,1563202800
3883,R_39HhVszlqdawZPP,BATTERY,2019-07-15,1563202800
3884,R_39HhVszlqdawZPP,BATTERY,2019-07-15,1563202800
3885,R_3CKmnc9zwNPauw5,SHOES,2019-07-15,1563202800
3886,R_3D7xJuXSy25PXbg,MINERAL_SUPPLEMENT,2019-07-15,1563202800
3887,R_3D7xJuXSy25PXbg,MEAL_REPLACEMENT_BEVERAGE,2019-07-15,1563202800
3888,R_3EMaONYGibovcxQ,PORTABLE_ELECTRONIC_DEVICE_MOUNT,2019-07-15,1563202800
3889,R_3EQ2dhEXGhy72Xx,APPAREL_BELT,2019-07-15,1563202800
3890,R_3EQ2dhEXGhy72Xx,APPAREL_BELT,2019-07-15,1563202800
3891,R_3EQ2dhEXGhy72Xx,SKIN_MOISTURIZER,2019-07-15,1563202800
3892,R_3EQ2dhEXGhy72Xx,TELESCOPE,2019-07-15,1563202800
3893,R_3EQJpaOtt2aP8HS,PANTS,2019-07-15,1563202800
3894,R_3EQJpaOtt2aP8HS,ABIS_BOOK,2019-07-15,1563202800
3895,R_3EQJpaOtt2aP8HS,FLASH_MEMORY,2019-07-15,1563202800
3896,R_3EQJpaOtt2aP8HS,COUNTERTOP_OVEN,2019-07-15,1563202800
3897,R_3EQJpaOtt2aP8HS,FOOD_SERVICE_SUPPLY,2019-07-15,1563202800
3898,R_3EQJpaOtt2aP8HS,VITAMIN,2019-07-15,1563202800
3899,R_3Ebh099lpNz7iC2,SKIN_MOISTURIZER,2019-07-15,1563202800
3900,R_3Em4Q2OBHB3m5rz,SKIN_MOISTURIZER,2019-07-15,1563202800
3901,R_3Em4Q2OBHB3m5rz,CELLULAR_PHONE_CASE,2019-07-15,1563202800
3902,R_3Em4Q2OBHB3m5rz,ELECTRONIC_CABLE,2019-07-15,1563202800
3903,R_3Em4Q2OBHB3m5rz,SKIN_CLEANING_AGENT,2019-07-15,1563202800
3904,R_3Em4Q2OBHB3m5rz,GROCERY,2019-07-15,1563202800
3905,R_3EsC5YHmiHe5s54,BOOKEND,2019-07-15,1563202800
3906,R_3EsC5YHmiHe5s54,TOYS_AND_GAMES,2019-07-15,1563202800
3907,R_3G7BILj5lidHb8M,PANTS,2019-07-15,1563202800
3908,R_3G7BILj5lidHb8M,ANIMAL_COLLAR,2019-07-15,1563202800
3909,R_3GBSX5xvcH0uSyx,EYEGLASS_CASE,2019-07-15,1563202800
3910,R_3GBSX5xvcH0uSyx,CLOTH_NAPKIN,2019-07-15,1563202800
3911,R_3GBSX5xvcH0uSyx,SCREEN_PROTECTOR,2019-07-15,1563202800
3912,R_3GCXgWFPLgXAuFC,SKIN_CLEANING_AGENT,2019-07-15,1563202800
3913,R_3GCXgWFPLgXAuFC,SHOES,2019-07-15,1563202800
3914,R_3GCXgWFPLgXAuFC,PET_FOOD,2019-07-15,1563202800
3915,R_3GCXgWFPLgXAuFC,SHOES,2019-07-15,1563202800
3916,R_3GiFHVWzYKHT1F5,PORTABLE_FREESTANDING_SHELTER,2019-07-15,1563202800
3917,R_3GiFHVWzYKHT1F5,PANTS,2019-07-15,1563202800
3918,R_3GiFHVWzYKHT1F5,SCREEN_PROTECTOR,2019-07-15,1563202800
3919,R_3GiFHVWzYKHT1F5,PANTS,2019-07-15,1563202800
3920,R_3GqfePl8gH1VWP1,SHOES,2019-07-15,1563202800
3921,R_3GqfePl8gH1VWP1,PET_FOOD,2019-07-15,1563202800
3922,R_3GqfePl8gH1VWP1,SKIN_MOISTURIZER,2019-07-15,1563202800
3923,R_3GqfePl8gH1VWP1,BOOT,2019-07-15,1563202800
3924,R_3GqfePl8gH1VWP1,RUBBER_STAMP,2019-07-15,1563202800
3925,R_3GqfePl8gH1VWP1,TOYS_AND_GAMES,2019-07-15,1563202800
3926,R_3GqfePl8gH1VWP1,PET_FOOD,2019-07-15,1563202800
3927,R_3HAk4tN4hE1Arcm,FOOD_STORAGE_CONTAINER,2019-07-15,1563202800
3928,R_3HAk4tN4hE1Arcm,PHYSICAL_MOVIE,2019-07-15,1563202800
3929,R_3HAk4tN4hE1Arcm,ELECTRONIC_CABLE,2019-07-15,1563202800
3930,R_3HAk4tN4hE1Arcm,PANTS,2019-07-15,1563202800
3931,R_3HLKIA2u3ZnY9lM,SKIN_CLEANING_AGENT,2019-07-15,1563202800
3932,R_3HLKIA2u3ZnY9lM,ELECTRONIC_CABLE,2019-07-15,1563202800
3933,R_3Hphzg7zu04Hgy1,TONG_UTENSIL,2019-07-15,1563202800
3934,R_3Hphzg7zu04Hgy1,SNACK_FOOD_BAR,2019-07-15,1563202800
3935,R_3I0sWpLFEyMMVOV,TELESCOPE,2019-07-15,1563202800
3936,R_3I0sWpLFEyMMVOV,CHARGING_ADAPTER,2019-07-15,1563202800
3937,R_3IQQB0Dtvv9riqZ,CELLULAR_PHONE_CASE,2019-07-15,1563202800
3938,R_3IQQB0Dtvv9riqZ,TOYS_AND_GAMES,2019-07-15,1563202800
3939,R_3JK3aP5uRxffXiy,SHIRT,2019-07-15,1563202800
3940,R_3JK3aP5uRxffXiy,NUTRITIONAL_SUPPLEMENT,2019-07-15,1563202800
3941,R_3JK3aP5uRxffXiy,BAR_CODE_READER,2019-07-15,1563202800
3942,R_3Jl5q6tZJctgL8B,SCREEN_PROTECTOR,2019-07-15,1563202800
3943,R_3Jl5q6tZJctgL8B,TELESCOPE,2019-07-15,1563202800
3944,R_3Jl5q6tZJctgL8B,CELLULAR_PHONE_CASE,2019-07-15,1563202800
3945,R_3Jl5q6tZJctgL8B,PANTS,2019-07-15,1563202800
3946,R_3Jl5q6tZJctgL8B,SKIN_CLEANING_AGENT,2019-07-15,1563202800
3947,R_3Jl5q6tZJctgL8B,SNACK_FOOD_BAR,2019-07-15,1563202800
3948,R_3Jl5q6tZJctgL8B,VITAMIN,2019-07-15,1563202800
3949,R_3Jxiicg67etW2yt,SNACK_FOOD_BAR,2019-07-15,1563202800
3950,R_3Jxiicg67etW2yt,ELECTRONIC_CABLE,2019-07-15,1563202800
3951,R_3Jxiicg67etW2yt,VITAMIN,2019-07-15,1563202800
3952,R_3Jxiicg67etW2yt,VITAMIN,2019-07-15,1563202800
3953,R_3KpaTa6zCZitiZG,SHIRT,2019-07-15,1563202800
3954,R_3KpaTa6zCZitiZG,TELESCOPE,2019-07-15,1563202800
3955,R_3KxaCMXQTDz1Z7P,BATTERY,2019-07-15,1563202800
3956,R_3L20DbmNPSMtKUd,SYRUP,2019-07-15,1563202800
3957,R_3L8dgu12mdk2UVH,SKIN_CLEANING_AGENT,2019-07-15,1563202800
3958,R_3L8dgu12mdk2UVH,CARRYING_CASE_OR_BAG,2019-07-15,1563202800
3959,R_3L8dgu12mdk2UVH,PUFFED_SNACK,2019-07-15,1563202800
3960,R_3LXRVZSdJiqH63S,PHYSICAL_MOVIE,2019-07-15,1563202800
3961,R_3LXRVZSdJiqH63S,SKIN_CLEANING_AGENT,2019-07-15,1563202800
3962,R_3LXRVZSdJiqH63S,ABIS_BOOK,2019-07-15,1563202800
3963,R_3LXRVZSdJiqH63S,NUTRITIONAL_SUPPLEMENT,2019-07-15,1563202800
3964,R_3LXRVZSdJiqH63S,FUSE,2019-07-15,1563202800
3965,R_3LXRVZSdJiqH63S,SKIN_MOISTURIZER,2019-07-15,1563202800
3966,R_3M3RSZ7wNRSaxNx,LAUNDRY_APPLIANCE,2019-07-15,1563202800
3967,R_3M3RSZ7wNRSaxNx,HEALTH_PERSONAL_CARE,2019-07-15,1563202800
3968,R_3M3RSZ7wNRSaxNx,SKIN_CLEANING_AGENT,2019-07-15,1563202800
3969,R_3Mc9nZhk6fg7b8z,CAMERA_OTHER_ACCESSORIES,2019-07-15,1563202800
3970,R_3MhBAq6V6XHU9ln,SIGNAGE,2019-07-15,1563202800
3971,R_3MhBAq6V6XHU9ln,CELLULAR_PHONE_CASE,2019-07-15,1563202800
3972,R_3MhBAq6V6XHU9ln,HEADPHONES,2019-07-15,1563202800
3973,R_3MhBAq6V6XHU9ln,LAUNDRY_APPLIANCE,2019-07-15,1563202800
3974,R_3MhBAq6V6XHU9ln,VITAMIN,2019-07-15,1563202800
3975,R_3MhBAq6V6XHU9ln,ADULT_COSTUME,2019-07-15,1563202800
3976,R_3MhBAq6V6XHU9ln,SHOES,2019-07-15,1563202800
3977,R_3MhBAq6V6XHU9ln,ABIS_BOOK,2019-07-15,1563202800
3978,R_3MhBAq6V6XHU9ln,IRON_ON_TRANSFER_DESIGN,2019-07-15,1563202800
3979,R_3MhBAq6V6XHU9ln,IRON_ON_TRANSFER_DESIGN,2019-07-15,1563202800
3980,R_3MhBAq6V6XHU9ln,SKIN_CLEANING_AGENT,2019-07-15,1563202800
3981,R_3MhBAq6V6XHU9ln,LEG_SLEEVE,2019-07-15,1563202800
3982,R_3MhBAq6V6XHU9ln,PANTS,2019-07-15,1563202800
3983,R_3MhBAq6V6XHU9ln,CORRECTIVE_EYEGLASSES,2019-07-15,1563202800
3984,R_3MhBAq6V6XHU9ln,ABIS_BOOK,2019-07-15,1563202800
3985,R_3MnSLQdJkly3wfg,HEADPHONES,2019-07-15,1563202800
3986,R_3MncA46G8CO8juo,SKIN_MOISTURIZER,2019-07-15,1563202800
3987,R_3MncA46G8CO8juo,ORTHOPEDIC_BRACE,2019-07-15,1563202800
3988,R_3MncA46G8CO8juo,VITAMIN,2019-07-15,1563202800
3989,R_3MsY6hQO6rNgjhW,VIDEO_DISC_PLAYER,2019-07-15,1563202800
3990,R_3MyEdXOZ8P75S1V,SCREEN_PROTECTOR,2019-07-15,1563202800
3991,R_3MyEdXOZ8P75S1V,ELECTRONIC_CABLE,2019-07-15,1563202800
3992,R_3MyEdXOZ8P75S1V,BATTERY,2019-07-15,1563202800
3993,R_3MyEdXOZ8P75S1V,ELECTRONIC_CABLE,2019-07-15,1563202800
3994,R_3MyEdXOZ8P75S1V,PORTABLE_TOOL_BOX,2019-07-15,1563202800
3995,R_3NCfhSJSgGWexUL,SHOES,2019-07-15,1563202800
3996,R_3NQyjCbeWDx3POa,SKIN_SERUM,2019-07-15,1563202800
3997,R_3NQyjCbeWDx3POa,FASHIONEARRING,2019-07-15,1563202800
3998,R_3NQyjCbeWDx3POa,MOTOR_ENGINE_FUEL_TANK,2019-07-15,1563202800
3999,R_3NQyjCbeWDx3POa,KNEE_PAD,2019-07-15,1563202800
4000,R_3NwUrzA3eAsS3xO,PET_FOOD,2019-07-15,1563202800
4001,R_3P4QthjwwxEaV1m,PORTABLE_ELECTRONIC_DEVICE_STAND,2019-07-15,1563202800
4002,R_3PAyJj7mQvMzMco,ELECTRONIC_CABLE,2019-07-15,1563202800
4003,R_3PAyJj7mQvMzMco,PHYSICAL_MOVIE,2019-07-15,1563202800
4004,R_3PAyJj7mQvMzMco,SOCKS,2019-07-15,1563202800
4005,R_3PAyJj7mQvMzMco,GROCERY,2019-07-15,1563202800
4006,R_3PUi8o2if0JqKfl,COOKWARE_SET,2019-07-15,1563202800
4007,R_3PUi8o2if0JqKfl,HEADPHONES,2019-07-15,1563202800
4008,R_3PUi8o2if0JqKfl,PANTS,2019-07-15,1563202800
4009,R_3PUi8o2if0JqKfl,COAT,2019-07-15,1563202800
4010,R_3PUi8o2if0JqKfl,SKIN_CLEANING_AGENT,2019-07-15,1563202800
4011,R_3PcameSHVD10BZP,PHYSICAL_MOVIE,2019-07-15,1563202800
4012,R_3QPk8nnI1s8wilh,TOYS_AND_GAMES,2019-07-15,1563202800
4013,R_3QPk8nnI1s8wilh,SCREEN_PROTECTOR,2019-07-15,1563202800
4014,R_3QPk8nnI1s8wilh,WHEEL_CUTTER,2019-07-15,1563202800
4015,R_3QPk8nnI1s8wilh,SEXUAL_STIMULATION_DEVICE,2019-07-15,1563202800
4016,R_3QPk8nnI1s8wilh,LAP_DESK,2019-07-15,1563202800
4017,R_3QPk8nnI1s8wilh,SCREEN_PROTECTOR,2019-07-15,1563202800
4018,R_3QPk8nnI1s8wilh,WHEEL_CUTTER,2019-07-15,1563202800
4019,R_3QPk8nnI1s8wilh,PHYSICAL_MOVIE,2019-07-15,1563202800
4020,R_3R3FfvTaRKxigNl,BATTERY,2019-07-15,1563202800
4021,R_3RmDOazalOu0F1L,SEWING_PATTERN,2019-07-15,1563202800
4022,R_3dN6S4adN4KjQO1,ABIS_BOOK,2019-07-15,1563202800
4023,R_3dN6S4adN4KjQO1,SKIN_MOISTURIZER,2019-07-15,1563202800
4024,R_3dN6S4adN4KjQO1,SHIRT,2019-07-15,1563202800
4025,R_3e82J7pYxj5XP7j,HEALTH_PERSONAL_CARE,2019-07-15,1563202800
4026,R_3e82J7pYxj5XP7j,CELLULAR_PHONE_CASE,2019-07-15,1563202800
4027,R_3e82J7pYxj5XP7j,SHOES,2019-07-15,1563202800
4028,R_3e82J7pYxj5XP7j,PHYSICAL_MOVIE,2019-07-15,1563202800
4029,R_3e82J7pYxj5XP7j,BISS,2019-07-15,1563202800
4030,R_3e82J7pYxj5XP7j,MEDICATION,2019-07-15,1563202800
4031,R_3e82J7pYxj5XP7j,ELECTRONIC_CABLE,2019-07-15,1563202800
4032,R_3eehQVQNcKmEJtd,SHOES,2019-07-15,1563202800
4033,R_3eehQVQNcKmEJtd,PHYSICAL_MOVIE,2019-07-15,1563202800
4034,R_3eehQVQNcKmEJtd,VEHICLE_SPOILER,2019-07-15,1563202800
4035,R_3eehQVQNcKmEJtd,SKIN_CLEANING_AGENT,2019-07-15,1563202800
4036,R_3eehQVQNcKmEJtd,SKIN_CLEANING_AGENT,2019-07-15,1563202800
4037,R_3eehQVQNcKmEJtd,PANTS,2019-07-15,1563202800
4038,R_3eehQVQNcKmEJtd,ABIS_BOOK,2019-07-15,1563202800
4039,R_3eehQVQNcKmEJtd,VITAMIN,2019-07-15,1563202800
4040,R_3eehQVQNcKmEJtd,ABIS_BOOK,2019-07-15,1563202800
4041,R_3eehQVQNcKmEJtd,HEALTH_PERSONAL_CARE,2019-07-15,1563202800
4042,R_3ek9YZGdsDHjUZf,SURVEILLANCE_RECORDER_SYSTEM,2019-07-15,1563202800
4043,R_3enuyEOsaEVxTNX,SHOES,2019-07-15,1563202800
4044,R_3enuyEOsaEVxTNX,HEALTH_PERSONAL_CARE,2019-07-15,1563202800
4045,R_3flZSxKV8ViX1H4,SCREEN_PROTECTOR,2019-07-15,1563202800
4046,R_3gTrwWhEzAv6gzH,ANTENNA,2019-07-15,1563202800
4047,R_3gTrwWhEzAv6gzH,VITAMIN,2019-07-15,1563202800
4048,R_3gTrwWhEzAv6gzH,NUTRITIONAL_SUPPLEMENT,2019-07-15,1563202800
4049,R_3gTrwWhEzAv6gzH,SKIN_CLEANING_AGENT,2019-07-15,1563202800
4050,R_3gTrwWhEzAv6gzH,SKIN_CLEANING_AGENT,2019-07-15,1563202800
4051,R_3gTrwWhEzAv6gzH,ANTENNA,2019-07-15,1563202800
4052,R_3gTrwWhEzAv6gzH,SHOES,2019-07-15,1563202800
4053,R_3ik7mYg7wgFsyfj,SCREEN_PROTECTOR,2019-07-15,1563202800
4054,R_3ik7mYg7wgFsyfj,ABIS_BOOK,2019-07-15,1563202800
4055,R_3ixUxNOUiEYD7KJ,CARBURETOR,2019-07-15,1563202800
4056,R_3ixUxNOUiEYD7KJ,PANTS,2019-07-15,1563202800
4057,R_3ixUxNOUiEYD7KJ,NON_RIDING_TOY_VEHICLE,2019-07-15,1563202800
4058,R_3ixUxNOUiEYD7KJ,SKIN_MOISTURIZER,2019-07-15,1563202800
4059,R_3jYUg0c9puk2lgW,SHIRT,2019-07-15,1563202800
4060,R_3lXswIAy7Qq6UEZ,PANTS,2019-07-15,1563202800
4061,R_3lYUnPKDsGA54tw,BED_LINEN_SET,2019-07-15,1563202800
4062,R_3lYUnPKDsGA54tw,GROCERY,2019-07-15,1563202800
4063,R_3lt1ZPBv09u1seD,HEADBOARD,2019-07-15,1563202800
4064,R_3mm166mlwrLpf6y,SNACK_FOOD_BAR,2019-07-15,1563202800
4065,R_3mm166mlwrLpf6y,SHIRT,2019-07-15,1563202800
4066,R_3mm166mlwrLpf6y,CELLULAR_PHONE_CASE,2019-07-15,1563202800
4067,R_3mm166mlwrLpf6y,ANCHOR_STAKE,2019-07-15,1563202800
4068,R_3n0OjYgGHf96Wuh,SHOES,2019-07-15,1563202800
4069,R_3n0OjYgGHf96Wuh,GROCERY,2019-07-15,1563202800
4070,R_3n0OjYgGHf96Wuh,GROCERY,2019-07-15,1563202800
4071,R_3n0OjYgGHf96Wuh,SHIRT,2019-07-15,1563202800
4072,R_3n0OjYgGHf96Wuh,PANTS,2019-07-15,1563202800
4073,R_3n0OjYgGHf96Wuh,SCREEN_PROTECTOR,2019-07-15,1563202800
4074,R_3n0OjYgGHf96Wuh,BATTERY,2019-07-15,1563202800
4075,R_3n0OjYgGHf96Wuh,GUILD_ACCESSORIES,2019-07-15,1563202800
4076,R_3n0OjYgGHf96Wuh,PANTS,2019-07-15,1563202800
4077,R_3n0OjYgGHf96Wuh,BATTERY,2019-07-15,1563202800
4078,R_3n0OjYgGHf96Wuh,HERBAL_SUPPLEMENT,2019-07-15,1563202800
4079,R_3nA7SneXu81knN1,WINDING_REEL,2019-07-15,1563202800
4080,R_3nA7SneXu81knN1,BODY_DEODORANT,2019-07-15,1563202800
4081,R_3nA7SneXu81knN1,GROCERY,2019-07-15,1563202800
4082,R_3nA7SneXu81knN1,SKIN_MOISTURIZER,2019-07-15,1563202800
4083,R_3nH1Odp9Yjm86gN,CELLULAR_PHONE_CASE,2019-07-15,1563202800
4084,R_3nH1Odp9Yjm86gN,SHOES,2019-07-15,1563202800
4085,R_3nH1Odp9Yjm86gN,WATCH,2019-07-15,1563202800
4086,R_3nqGVGe1oo00hRC,SLEEPING_MAT,2019-07-15,1563202800
4087,R_3oB0VIIWn6ZnPjN,MEDICAL_COMPRESSION_GARMENT,2019-07-15,1563202800
4088,R_3oO3DoeTgXHrEzx,ELECTRONIC_CABLE,2019-07-15,1563202800
4089,R_3oO3DoeTgXHrEzx,SWIMMING_POOL,2019-07-15,1563202800
4090,R_3oO3DoeTgXHrEzx,SANITARY_NAPKIN,2019-07-15,1563202800
4091,R_3oO3DoeTgXHrEzx,ZIPPER_FASTENER,2019-07-15,1563202800
4092,R_3oO3DoeTgXHrEzx,ABIS_BOOK,2019-07-15,1563202800
4093,R_3oO3DoeTgXHrEzx,SCREEN_PROTECTOR,2019-07-15,1563202800
4094,R_3oO3DoeTgXHrEzx,SNACK_FOOD_BAR,2019-07-15,1563202800
4095,R_3oO3DoeTgXHrEzx,PINBOARD,2019-07-15,1563202800
4096,R_3oO3DoeTgXHrEzx,ZIPPER_FASTENER,2019-07-15,1563202800
4097,R_3oO3DoeTgXHrEzx,SANITARY_NAPKIN,2019-07-15,1563202800
4098,R_3pm4Od2kUSXlZgY,SCREEN_PROTECTOR,2019-07-15,1563202800
4099,R_3pm4Od2kUSXlZgY,SKIN_MOISTURIZER,2019-07-15,1563202800
4100,R_3qTFp0FJqUeMhVZ,CLEANING_AGENT,2019-07-15,1563202800
4101,R_3qqdzQnCaBYHx9o,SPEAKER_AMPLIFIER_STAND,2019-07-15,1563202800
4102,R_3r0AnJHzPNt6fQ2,HEADPHONES,2019-07-15,1563202800
4103,R_3r0AnJHzPNt6fQ2,HEALTH_PERSONAL_CARE,2019-07-15,1563202800
4104,R_3r26NAbVnDpIxzF,MEDICATION,2019-07-15,1563202800
4105,R_3rSVzZdjthhnCx0,SHOES,2019-07-15,1563202800
4106,R_3rSVzZdjthhnCx0,BATTERY,2019-07-15,1563202800
4107,R_3rSVzZdjthhnCx0,PET_FOOD,2019-07-15,1563202800
4108,R_3rZHdmB75jSgwhr,PHYSICAL_MOVIE,2019-07-15,1563202800
4109,R_3rZHdmB75jSgwhr,SPLASH_POOL,2019-07-15,1563202800
4110,R_3socPWD3wXD0iDP,HEADPHONES,2019-07-15,1563202800
4111,R_3socPWD3wXD0iDP,PHYSICAL_MOVIE,2019-07-15,1563202800
4112,R_3socPWD3wXD0iDP,SCREEN_PROTECTOR,2019-07-15,1563202800
4113,R_3socPWD3wXD0iDP,PHYSICAL_MOVIE,2019-07-15,1563202800
4114,R_3socPWD3wXD0iDP,WRITING_INSTRUMENT,2019-07-15,1563202800
4115,R_3socPWD3wXD0iDP,BOTTLE,2019-07-15,1563202800
4116,R_3socPWD3wXD0iDP,LITTER_BOX,2019-07-15,1563202800
4117,R_3socPWD3wXD0iDP,TOYS_AND_GAMES,2019-07-15,1563202800
4118,R_3socPWD3wXD0iDP,PHYSICAL_VIDEO_GAME_SOFTWARE,2019-07-15,1563202800
4119,R_3socPWD3wXD0iDP,PET_FOOD,2019-07-15,1563202800
4120,R_3socPWD3wXD0iDP,ELECTRONIC_CABLE,2019-07-15,1563202800
4121,R_3socPWD3wXD0iDP,BOTTLE,2019-07-15,1563202800
4122,R_3socPWD3wXD0iDP,PHYSICAL_MOVIE,2019-07-15,1563202800
4123,R_3socPWD3wXD0iDP,BATTERY,2019-07-15,1563202800
4124,R_3socPWD3wXD0iDP,LITTER_BOX,2019-07-15,1563202800
4125,R_3socPWD3wXD0iDP,HANDBAG,2019-07-15,1563202800
4126,R_3socPWD3wXD0iDP,SKIN_CLEANING_AGENT,2019-07-15,1563202800
4127,R_5uabKnJBMc7HyEN,HANGING_ORNAMENT,2019-07-15,1563202800
4128,R_6m1QCIXstgjIo4p,SNACK_FOOD_BAR,2019-07-15,1563202800
4129,R_6m1QCIXstgjIo4p,PANTS,2019-07-15,1563202800
4130,R_6m1QCIXstgjIo4p,SKIN_CLEANING_WIPE,2019-07-15,1563202800
4131,R_6yXSEznYlOrZwSB,SKIN_CLEANING_AGENT,2019-07-15,1563202800
4132,R_7ZH1uBNuL9RQ2K5,SCREEN_PROTECTOR,2019-07-15,1563202800
4133,R_7ZH1uBNuL9RQ2K5,SHIRT,2019-07-15,1563202800
4134,R_7ZH1uBNuL9RQ2K5,ORTHOPEDIC_BRACE,2019-07-15,1563202800
4135,R_85OdkeCoFP5daLL,GROCERY,2019-07-15,1563202800
4136,R_85OdkeCoFP5daLL,PANTS,2019-07-15,1563202800
4137,R_8CXcySQawXPuJwJ,FLATWARE,2019-07-15,1563202800
4138,R_8cr0J12EMKs9NND,DAILY_LIVING_AIDS,2019-07-15,1563202800
4139,R_8cr0J12EMKs9NND,ABIS_BOOK,2019-07-15,1563202800
4140,R_8piDwWBq7V7tyZb,GARMENT_STEAMER,2019-07-15,1563202800
4141,R_8vnpSkm79W7Jsv7,ELECTRONIC_SIGNAL_CONVERTER,2019-07-15,1563202800
4142,R_8vnpSkm79W7Jsv7,VITAMIN,2019-07-15,1563202800
4143,R_8vnpSkm79W7Jsv7,CELLULAR_PHONE_CASE,2019-07-15,1563202800
4144,R_8vnpSkm79W7Jsv7,GROCERY,2019-07-15,1563202800
4145,R_8vnpSkm79W7Jsv7,CELLULAR_PHONE_CASE,2019-07-15,1563202800
4146,R_8vnpSkm79W7Jsv7,SHIRT,2019-07-15,1563202800
4147,R_8vnpSkm79W7Jsv7,FIDGET_TOY_SPINNER,2019-07-15,1563202800
4148,R_8vnpSkm79W7Jsv7,SKIN_CLEANING_AGENT,2019-07-15,1563202800
4149,R_8vnpSkm79W7Jsv7,VITAMIN,2019-07-15,1563202800
4150,R_8vnpSkm79W7Jsv7,FLAVORED_DRINK_CONCENTRATE,2019-07-15,1563202800
4151,R_8vnpSkm79W7Jsv7,ELECTRONIC_SIGNAL_CONVERTER,2019-07-15,1563202800
4152,R_8vnpSkm79W7Jsv7,SNACK_FOOD_BAR,2019-07-15,1563202800
4153,R_8vnpSkm79W7Jsv7,FLASH_MEMORY,2019-07-15,1563202800
4154,R_8vnpSkm79W7Jsv7,SCREEN_PROTECTOR,2019-07-15,1563202800
4155,R_8wRttNX3JNWugRr,GROCERY,2019-07-15,1563202800
4156,R_8wRttNX3JNWugRr,TOYS_AND_GAMES,2019-07-15,1563202800
4157,R_8wRttNX3JNWugRr,SHOES,2019-07-15,1563202800
4158,R_8wRttNX3JNWugRr,DISHWARE_BOWL,2019-07-15,1563202800
4159,R_9L8Lum5AaHh6bq9,NUTRITIONAL_SUPPLEMENT,2019-07-15,1563202800
4160,R_A0ZwhLeBVySdW8N,VEHICLE_SPOILER,2019-07-15,1563202800
4161,R_A5Mg9h1PiJL0Wyd,HEALTH_PERSONAL_CARE,2019-07-15,1563202800
4162,R_A5Mg9h1PiJL0Wyd,ELECTRONIC_CABLE,2019-07-15,1563202800
4163,R_Ap2HcvpPLRDJv9L,HEADPHONES,2019-07-15,1563202800
4164,R_Ap2HcvpPLRDJv9L,AIMING_SCOPE_SIGHT,2019-07-15,1563202800
4165,R_BWAjcs1sKUc6NQl,CYCLING_TIRE,2019-07-15,1563202800
4166,R_BWAjcs1sKUc6NQl,WEED_MOSS_CONTROL_AGENT,2019-07-15,1563202800
4167,R_BWAjcs1sKUc6NQl,MACHINE_LUBRICANT,2019-07-15,1563202800
4168,R_BWAjcs1sKUc6NQl,ELECTRONIC_CABLE,2019-07-15,1563202800
4169,R_BWhnv4EdbhSS6rf,FLAVORED_DRINK_CONCENTRATE,2019-07-15,1563202800
4170,R_BWhnv4EdbhSS6rf,YO_YO,2019-07-15,1563202800
4171,R_BWhnv4EdbhSS6rf,CELLULAR_PHONE_CASE,2019-07-15,1563202800
4172,R_BWhnv4EdbhSS6rf,SHIRT,2019-07-15,1563202800
4173,R_CaF1pc8CnyWJvCp,PUZZLES,2019-07-15,1563202800
4174,R_CaF1pc8CnyWJvCp,ANIMAL_STAIR,2019-07-15,1563202800
4175,R_O6ZX76mggPnAOfD,MEDICATION,2019-07-15,1563202800
4176,R_O6ZX76mggPnAOfD,RING,2019-07-15,1563202800
4177,R_O6ZX76mggPnAOfD,ART_AND_CRAFT_SUPPLY,2019-07-15,1563202800
4178,R_Odixb15Ykmxb0Dn,SHOES,2019-07-15,1563202800
4179,R_Odixb15Ykmxb0Dn,ABIS_BOOK,2019-07-15,1563202800
4180,R_Odixb15Ykmxb0Dn,TRAY,2019-07-15,1563202800
4181,R_Odixb15Ykmxb0Dn,NUTRITIONAL_SUPPLEMENT,2019-07-15,1563202800
4182,R_Odixb15Ykmxb0Dn,GROCERY,2019-07-15,1563202800
4183,R_Odixb15Ykmxb0Dn,HEADPHONES,2019-07-15,1563202800
4184,R_Odixb15Ykmxb0Dn,HEALTH_PERSONAL_CARE,2019-07-15,1563202800
4185,R_Odixb15Ykmxb0Dn,SEASONING_MILL,2019-07-15,1563202800
4186,R_Odixb15Ykmxb0Dn,SHOES,2019-07-15,1563202800
4187,R_OkSi9IxX5ddzzl7,SKIN_SERUM,2019-07-15,1563202800
4188,R_OkSi9IxX5ddzzl7,BAKEWARE,2019-07-15,1563202800
4189,R_OkSi9IxX5ddzzl7,PHYSICAL_MOVIE,2019-07-15,1563202800
4190,R_PuLRXv7pUO3cLzX,COORDINATED_OUTFIT,2019-07-15,1563202800
4191,R_PwlnzzccUMXV0n7,HEADPHONE_EARPAD,2019-07-15,1563202800
4192,R_PwlnzzccUMXV0n7,SKIN_MOISTURIZER,2019-07-15,1563202800
4193,R_PwlnzzccUMXV0n7,VITAMIN,2019-07-15,1563202800
4194,R_PwlnzzccUMXV0n7,VACUUM_CLEANER,2019-07-15,1563202800
4195,R_PwlnzzccUMXV0n7,VITAMIN,2019-07-15,1563202800
4196,R_RK5cwWjrNzWCfLj,PET_FOOD,2019-07-15,1563202800
4197,R_RK5cwWjrNzWCfLj,SHIRT,2019-07-15,1563202800
4198,R_RK5cwWjrNzWCfLj,TEMPORARY_GATE,2019-07-15,1563202800
4199,R_RK5cwWjrNzWCfLj,PANTS,2019-07-15,1563202800
4200,R_RlYyUhsDFvyGwX7,CELLULAR_PHONE_CASE,2019-07-15,1563202800
4201,R_RlYyUhsDFvyGwX7,VITAMIN,2019-07-15,1563202800
4202,R_RlYyUhsDFvyGwX7,PANTS,2019-07-15,1563202800
4203,R_RlYyUhsDFvyGwX7,ABIS_BOOK,2019-07-15,1563202800
4204,R_RlYyUhsDFvyGwX7,TOY_FIGURE,2019-07-15,1563202800
4205,R_RlYyUhsDFvyGwX7,SKIN_MOISTURIZER,2019-07-15,1563202800
4206,R_SVHcBOlErkMEJjP,FLASK,2019-07-15,1563202800
4207,R_SVHcBOlErkMEJjP,SHIRT,2019-07-15,1563202800
4208,R_TtK3Qkb3c3EIeoV,UNDERPANTS,2019-07-15,1563202800
4209,R_TtK3Qkb3c3EIeoV,NUTRITIONAL_SUPPLEMENT,2019-07-15,1563202800
4210,R_TtK3Qkb3c3EIeoV,ABIS_BOOK,2019-07-15,1563202800
4211,R_TtK3Qkb3c3EIeoV,ELECTRONIC_CABLE,2019-07-15,1563202800
4212,R_TtK3Qkb3c3EIeoV,CELLULAR_PHONE_CASE,2019-07-15,1563202800
4213,R_TtK3Qkb3c3EIeoV,ABIS_BOOK,2019-07-15,1563202800
4214,R_UEke64xAaOG3mTf,MINERAL_SUPPLEMENT,2019-07-15,1563202800
4215,R_UEke64xAaOG3mTf,SCREEN_PROTECTOR,2019-07-15,1563202800
4216,R_UEke64xAaOG3mTf,BATTERY,2019-07-15,1563202800
4217,R_UEke64xAaOG3mTf,MEDICATION,2019-07-15,1563202800
4218,R_UlOQHrMf1EiWKQx,CELLULAR_PHONE_CASE,2019-07-15,1563202800
4219,R_UlOQHrMf1EiWKQx,PANTS,2019-07-15,1563202800
4220,R_V1EWFs6tkv2DaMN,SHIRT,2019-07-15,1563202800
4221,R_V1EWFs6tkv2DaMN,DRINK_FLAVORED,2019-07-15,1563202800
4222,R_VPWGdK1zBBekfAJ,BRACELET,2019-07-15,1563202800
4223,R_WerZwuLkMK4zfVf,MASSAGER,2019-07-15,1563202800
4224,R_Wr3OvD5tOnb6kmZ,LABEL,2019-07-15,1563202800
4225,R_Wr3OvD5tOnb6kmZ,GROCERY,2019-07-15,1563202800
4226,R_Wr3OvD5tOnb6kmZ,GROCERY,2019-07-15,1563202800
4227,R_Wr3OvD5tOnb6kmZ,GROCERY,2019-07-15,1563202800
4228,R_Wr3OvD5tOnb6kmZ,NUTRITIONAL_SUPPLEMENT,2019-07-15,1563202800
4229,R_XSu10jIDimUl5m1,CELLULAR_PHONE_CASE,2019-07-15,1563202800
4230,R_XSu10jIDimUl5m1,TOYS_AND_GAMES,2019-07-15,1563202800
4231,R_XSu10jIDimUl5m1,BOTTLE_OPENER,2019-07-15,1563202800
4232,R_XSu10jIDimUl5m1,SURFACE_CLEANING_WIPE,2019-07-15,1563202800
4233,R_XSu10jIDimUl5m1,SKIN_MOISTURIZER,2019-07-15,1563202800
4234,R_XUhit9pAXhD746B,GROCERY,2019-07-15,1563202800
4235,R_XUhit9pAXhD746B,SCREEN_PROTECTOR,2019-07-15,1563202800
4236,R_XUhit9pAXhD746B,SCREEN_PROTECTOR,2019-07-15,1563202800
4237,R_XUhit9pAXhD746B,BATTERY,2019-07-15,1563202800
4238,R_XUhit9pAXhD746B,MEDICATION,2019-07-15,1563202800
4239,R_XUhit9pAXhD746B,ELECTRONIC_ADAPTER,2019-07-15,1563202800
4240,R_XYsrPCXL5N6boad,TOYS_AND_GAMES,2019-07-15,1563202800
4241,R_XYsrPCXL5N6boad,VITAMIN,2019-07-15,1563202800
4242,R_Xt4H8BJ1Vx7ws8h,ANIMAL_LITTER,2019-07-15,1563202800
4243,R_XuCuybjxPer1OeJ,ABIS_BOOK,2019-07-15,1563202800
4244,R_XuCuybjxPer1OeJ,CARD_STOCK,2019-07-15,1563202800
4245,R_XuCuybjxPer1OeJ,CHARM,2019-07-15,1563202800
4246,R_XuCuybjxPer1OeJ,SCREEN_PROTECTOR,2019-07-15,1563202800
4247,R_XuCuybjxPer1OeJ,TOYS_AND_GAMES,2019-07-15,1563202800
4248,R_XuCuybjxPer1OeJ,HEADPHONES,2019-07-15,1563202800
4249,R_XuCuybjxPer1OeJ,ART_SUPPLIES,2019-07-15,1563202800
4250,R_Y4Y0rnYYDKTzxM5,SYSTEM_POWER_DEVICE,2019-07-15,1563202800
4251,R_Z4qMkqhWSmIbdSh,SHOES,2019-07-15,1563202800
4252,R_ZIBCd5K8oQRXdm1,GROCERY,2019-07-15,1563202800
4253,R_ZIBCd5K8oQRXdm1,PHONE,2019-07-15,1563202800
4254,R_ZkokwdIEZybYo9z,CELLULAR_PHONE_CASE,2019-07-15,1563202800
4255,R_ZkokwdIEZybYo9z,GROCERY,2019-07-15,1563202800
4256,R_ZkokwdIEZybYo9z,STOOL_SEATING,2019-07-15,1563202800
4257,R_b3NWnTBcFyWqXjH,SHOELACE,2019-07-15,1563202800
4258,R_b3NWnTBcFyWqXjH,WINDOW_SHADE,2019-07-15,1563202800
4259,R_b3NWnTBcFyWqXjH,SKIN_CLEANING_AGENT,2019-07-15,1563202800
4260,R_b3NWnTBcFyWqXjH,SHIRT,2019-07-15,1563202800
4261,R_b3dSUlk76L0C6TD,ABIS_BOOK,2019-07-15,1563202800
4262,R_b3dSUlk76L0C6TD,TOILET_SEAT,2019-07-15,1563202800
4263,R_b94CAnrDM9JIx4R,VITAMIN,2019-07-15,1563202800
4264,R_b94CAnrDM9JIx4R,TOYS_AND_GAMES,2019-07-15,1563202800
4265,R_b94CAnrDM9JIx4R,OFFICE_PRODUCTS,2019-07-15,1563202800
4266,R_b94CAnrDM9JIx4R,ELECTRONIC_CABLE,2019-07-15,1563202800
4267,R_bJI8lmXMZWL6oql,SHIRT,2019-07-15,1563202800
4268,R_bJI8lmXMZWL6oql,ELECTRONIC_CABLE,2019-07-15,1563202800
4269,R_bJI8lmXMZWL6oql,BATTERY,2019-07-15,1563202800
4270,R_bJbNhR1I5NnLKb7,ABIS_BOOK,2019-07-15,1563202800
4271,R_bJbNhR1I5NnLKb7,TOYS_AND_GAMES,2019-07-15,1563202800
4272,R_bK5PUvc46zAxoQN,FOOD_SPATULA,2019-07-15,1563202800
4273,R_bK5PUvc46zAxoQN,SKIN_MOISTURIZER,2019-07-15,1563202800
4274,R_bK5PUvc46zAxoQN,SHIRT,2019-07-15,1563202800
4275,R_bK5PUvc46zAxoQN,WALLET,2019-07-15,1563202800
4276,R_bK5PUvc46zAxoQN,HARDWARE_HINGE,2019-07-15,1563202800
4277,R_bK5PUvc46zAxoQN,NUTRITIONAL_SUPPLEMENT,2019-07-15,1563202800
4278,R_bKJcIltPwncL9uN,VITAMIN,2019-07-15,1563202800
4279,R_bKJcIltPwncL9uN,SHIRT,2019-07-15,1563202800
4280,R_bkquoGQp5VhpihP,NUTRITIONAL_SUPPLEMENT,2019-07-15,1563202800
4281,R_bkquoGQp5VhpihP,LEAVENING_AGENT,2019-07-15,1563202800
4282,R_bkquoGQp5VhpihP,SHOES,2019-07-15,1563202800
4283,R_bvB6935ZyXpoL5v,NUTRITIONAL_SUPPLEMENT,2019-07-15,1563202800
4284,R_cAcAtozIWnZIbGp,SKIN_CLEANING_AGENT,2019-07-15,1563202800
4285,R_cCucjmijTJETC6d,VITAMIN,2019-07-15,1563202800
4286,R_cCucjmijTJETC6d,EYELID_COLOR,2019-07-15,1563202800
4287,R_cCucjmijTJETC6d,PACIFIER,2019-07-15,1563202800
4288,R_cCucjmijTJETC6d,RUG,2019-07-15,1563202800
4289,R_eg0ycbZcHEfhBAd,MEDICATION,2019-07-15,1563202800
4290,R_elI733GpRi0df0J,PUMP_DISPENSER,2019-07-15,1563202800
4291,R_elI733GpRi0df0J,LAB_SUPPLY,2019-07-15,1563202800
4292,R_elI733GpRi0df0J,BATTERY,2019-07-15,1563202800
4293,R_elI733GpRi0df0J,MEDICATION,2019-07-15,1563202800
4294,R_elI733GpRi0df0J,BATTERY,2019-07-15,1563202800
4295,R_elI733GpRi0df0J,PHYSICAL_VIDEO_GAME_SOFTWARE,2019-07-15,1563202800
4296,R_elI733GpRi0df0J,PEST_CONTROL_DEVICE,2019-07-15,1563202800
4297,R_pMnqpu31myYoxy1,GROCERY,2019-07-15,1563202800
4298,R_pMnqpu31myYoxy1,SKIN_MOISTURIZER,2019-07-15,1563202800
4299,R_pMnqpu31myYoxy1,SURVEILLANCE_RECORDER_SYSTEM,2019-07-15,1563202800
4300,R_pMnqpu31myYoxy1,NUTRITIONAL_SUPPLEMENT,2019-07-15,1563202800
4301,R_pMnqpu31myYoxy1,CAMERA_FLASH,2019-07-15,1563202800
4302,R_pMnqpu31myYoxy1,SCREEN_PROTECTOR,2019-07-15,1563202800
4303,R_pMnqpu31myYoxy1,SANITARY_NAPKIN,2019-07-15,1563202800
4304,R_pMnqpu31myYoxy1,BATTERY,2019-07-15,1563202800
4305,R_pRWnSKTREPIwpSF,HEALTH_PERSONAL_CARE,2019-07-15,1563202800
4306,R_pRWnSKTREPIwpSF,PHYSICAL_MOVIE,2019-07-15,1563202800
4307,R_plnyqyltsGtao9P,TOWEL,2019-07-15,1563202800
4308,R_plnyqyltsGtao9P,PET_FOOD,2019-07-15,1563202800
4309,R_pzMCRYrC0qiSwIF,CADDY,2019-07-15,1563202800
4310,R_pzMCRYrC0qiSwIF,SKIN_CLEANING_AGENT,2019-07-15,1563202800
4311,R_pzMCRYrC0qiSwIF,HEALTH_PERSONAL_CARE,2019-07-15,1563202800
4312,R_r1oTDkv1OlGnNuN,PANTS,2019-07-15,1563202800
4313,R_sM3qX7I1tHzvU09,ELECTRONIC_CABLE,2019-07-15,1563202800
4314,R_sM3qX7I1tHzvU09,MEDICATION,2019-07-15,1563202800
4315,R_sotmrGe7Rv3U10J,SHOES,2019-07-15,1563202800
4316,R_sqjjAsz7GATggo1,SHIRT,2019-07-15,1563202800
4317,R_sqjjAsz7GATggo1,HEALTH_PERSONAL_CARE,2019-07-15,1563202800
4318,R_tXHOaasrDjYwLO9,PET_FOOD,2019-07-15,1563202800
4319,R_tXHOaasrDjYwLO9,SKIN_CLEANING_AGENT,2019-07-15,1563202800
4320,R_u2EdYogSnJBrpex,ABIS_BOOK,2019-07-15,1563202800
4321,R_u2EdYogSnJBrpex,LAMP,2019-07-15,1563202800
4322,R_u2EdYogSnJBrpex,TOOTH_CLEANING_AGENT,2019-07-15,1563202800
4323,R_u9qeol6zlUcq13j,NUTRITIONAL_SUPPLEMENT,2019-07-15,1563202800
4324,R_u9qeol6zlUcq13j,SHIRT,2019-07-15,1563202800
4325,R_u9qeol6zlUcq13j,BOTTLE_NIPPLE,2019-07-15,1563202800
4326,R_u9qeol6zlUcq13j,SKIN_CLEANING_AGENT,2019-07-15,1563202800
4327,R_u9qeol6zlUcq13j,MEASURING_CUP,2019-07-15,1563202800
4328,R_uqbcSq7y153jKmZ,GROCERY,2019-07-15,1563202800
4329,R_vBkhPDT0skiOO2J,SHIRT,2019-07-15,1563202800
4330,R_vD2O13NgdnWBXMt,BATTERY,2019-07-15,1563202800
4331,R_vV9c87xuLM7zcC5,PANTS,2019-07-15,1563202800
4332,R_vV9c87xuLM7zcC5,VITAMIN,2019-07-15,1563202800
4333,R_vV9c87xuLM7zcC5,ABIS_BOOK,2019-07-15,1563202800
4334,R_vV9c87xuLM7zcC5,CANDLE,2019-07-15,1563202800
4335,R_vYtQIbKQv9vFKuZ,SKIN_MOISTURIZER,2019-07-15,1563202800
4336,R_vYtQIbKQv9vFKuZ,FURNITURE_FLOOR_PROTECTOR,2019-07-15,1563202800
4337,R_vYtQIbKQv9vFKuZ,BABY_PRODUCT,2019-07-15,1563202800
4338,R_vYtQIbKQv9vFKuZ,LIQUID_INK,2019-07-15,1563202800
4339,R_vYtQIbKQv9vFKuZ,STATIONARY_BICYCLE,2019-07-15,1563202800
4340,R_vYtQIbKQv9vFKuZ,PHYSICAL_MOVIE,2019-07-15,1563202800
4341,R_vcsfXNFhlnqxtYd,GROCERY,2019-07-15,1563202800
4342,R_vcsfXNFhlnqxtYd,BATTERY,2019-07-15,1563202800
4343,R_vcsfXNFhlnqxtYd,SKIN_MOISTURIZER,2019-07-15,1563202800
4344,R_vibbKYNRocMGJ0t,NUTRITIONAL_SUPPLEMENT,2019-07-15,1563202800
4345,R_voSNwyVcZWdCTJv,CLOCK,2019-07-15,1563202800
4346,R_w5Z8BUS7nlDmvM5,BATTERY,2019-07-15,1563202800
4347,R_w5Z8BUS7nlDmvM5,GROCERY,2019-07-15,1563202800
4348,R_x0hVvTTXGQY9FRf,STEP_STOOL,2019-07-15,1563202800
4349,R_x0hVvTTXGQY9FRf,SHOES,2019-07-15,1563202800
4350,R_x969WzGgXuE1CuJ,PANTS,2019-07-15,1563202800
4351,R_yC5ffbdBLVi93Pz,SHOES,2019-07-15,1563202800
4352,R_yC5ffbdBLVi93Pz,LEG_SLEEVE,2019-07-15,1563202800
4353,R_yC5ffbdBLVi93Pz,CELLULAR_PHONE_CASE,2019-07-15,1563202800
4354,R_yC5ffbdBLVi93Pz,DEHUMIDIFIER,2019-07-15,1563202800
4355,R_yC5ffbdBLVi93Pz,SNACK_FOOD_BAR,2019-07-15,1563202800
4356,R_yC5ffbdBLVi93Pz,SCREWDRIVER,2019-07-15,1563202800
4357,R_yILeYEcIeCBmy2t,SKIN_CLEANING_AGENT,2019-07-15,1563202800
4358,R_yILeYEcIeCBmy2t,SHIRT,2019-07-15,1563202800
4359,R_yILeYEcIeCBmy2t,SHIRT,2019-07-15,1563202800
4360,R_yILeYEcIeCBmy2t,SKIN_MOISTURIZER,2019-07-15,1563202800
4361,R_yILeYEcIeCBmy2t,PAINT,2019-07-15,1563202800
4362,R_yILeYEcIeCBmy2t,PHYSICAL_MOVIE,2019-07-15,1563202800
4363,R_yILeYEcIeCBmy2t,CONFETTI,2019-07-15,1563202800
4364,R_yILeYEcIeCBmy2t,GUITAR_EFFECT_DEVICE,2019-07-15,1563202800
4365,R_yILeYEcIeCBmy2t,SKIN_CLEANING_AGENT,2019-07-15,1563202800
4366,R_yILeYEcIeCBmy2t,SNACK_FOOD_BAR,2019-07-15,1563202800
4367,R_yPgyGUixTuXuX5v,POWER_CORD,2019-07-15,1563202800
4368,R_yPgyGUixTuXuX5v,RUBBER_STAMP,2019-07-15,1563202800
4369,R_yrLrYUf4oFzOnjb,TURNTABLE,2019-07-15,1563202800
4370,R_z1mFB9Qp9HSTCIV,SNACK_FOOD_BAR,2019-07-15,1563202800
4371,R_z1mFB9Qp9HSTCIV,DRINKING_STRAW,2019-07-15,1563202800
4372,R_z1mFB9Qp9HSTCIV,ELECTRONIC_CABLE,2019-07-15,1563202800
4373,R_z1mFB9Qp9HSTCIV,HEADPHONES,2019-07-15,1563202800
4374,R_z1mFB9Qp9HSTCIV,SEASONING,2019-07-15,1563202800
4375,R_z1mFB9Qp9HSTCIV,SHIRT,2019-07-15,1563202800
4376,R_zTf2i6s3E2OQZQR,SNACK_FOOD_BAR,2019-07-15,1563202800
4377,R_zTf2i6s3E2OQZQR,SHOES,2019-07-15,1563202800
4378,R_zTf2i6s3E2OQZQR,NUTRITIONAL_SUPPLEMENT,2019-07-15,1563202800
4379,R_zTf2i6s3E2OQZQR,PANTS,2019-07-15,1563202800
4380,R_zTf2i6s3E2OQZQR,MEDICATION,2019-07-15,1563202800
4381,R_zTf2i6s3E2OQZQR,TOYS_AND_GAMES,2019-07-15,1563202800
4382,R_zTf2i6s3E2OQZQR,SKIN_CLEANING_AGENT,2019-07-15,1563202800
4383,R_zTf2i6s3E2OQZQR,SKIN_CLEANING_AGENT,2019-07-15,1563202800
4384,R_zTf2i6s3E2OQZQR,TEXTILE_IRON,2019-07-15,1563202800
4385,R_zfnsck2ZatnGtY5,VITAMIN,2019-07-15,1563202800
4386,R_0D6GtQwa6VcnXpv,ELECTRONIC_CABLE,2019-07-16,1563289200
4387,R_10CAlrx7dbJty9R,HEADPHONES,2019-07-16,1563289200
4388,R_10CAlrx7dbJty9R,PANTS,2019-07-16,1563289200
4389,R_10TV1zyi4yCEEkl,SHORTS,2019-07-16,1563289200
4390,R_10wSqGFumZGSTmH,SKIN_MOISTURIZER,2019-07-16,1563289200
4391,R_10wSqGFumZGSTmH,HEALTH_PERSONAL_CARE,2019-07-16,1563289200
4392,R_10wSqGFumZGSTmH,BOTTLE,2019-07-16,1563289200
4393,R_10wSqGFumZGSTmH,BOARD_GAME,2019-07-16,1563289200
4394,R_129jUlsvVcVBDur,GAMING_EQUIPMENT_ENCLOSURE,2019-07-16,1563289200
4395,R_129jUlsvVcVBDur,SCREEN_PROTECTOR,2019-07-16,1563289200
4396,R_1C4nKyrv0w2thJn,MEDICATION,2019-07-16,1563289200
4397,R_1C4nKyrv0w2thJn,NUTRITIONAL_SUPPLEMENT,2019-07-16,1563289200
4398,R_1C4nKyrv0w2thJn,BASKET,2019-07-16,1563289200
4399,R_1C4nKyrv0w2thJn,CROCHET_HOOK,2019-07-16,1563289200
4400,R_1C4nKyrv0w2thJn,ABIS_BOOK,2019-07-16,1563289200
4401,R_1C4nKyrv0w2thJn,SHIRT,2019-07-16,1563289200
4402,R_1C4nKyrv0w2thJn,ELECTRONIC_CABLE,2019-07-16,1563289200
4403,R_1C4nKyrv0w2thJn,TOYS_AND_GAMES,2019-07-16,1563289200
4404,R_1C4nKyrv0w2thJn,HUMIDITY_METER,2019-07-16,1563289200
4405,R_1C4nKyrv0w2thJn,HUMIDITY_METER,2019-07-16,1563289200
4406,R_1C4tcyEfmcsKI9X,SNACK_FOOD_BAR,2019-07-16,1563289200
4407,R_1C75XRebT1eliL0,COOKING_CONTAINER,2019-07-16,1563289200
4408,R_1C75XRebT1eliL0,CELLULAR_PHONE_CASE,2019-07-16,1563289200
4409,R_1C75XRebT1eliL0,TOYS_AND_GAMES,2019-07-16,1563289200
4410,R_1C75XRebT1eliL0,SEASONING,2019-07-16,1563289200
4411,R_1C75XRebT1eliL0,DRINKING_CUP,2019-07-16,1563289200
4412,R_1C75XRebT1eliL0,PERSONAL_CARE_APPLIANCE,2019-07-16,1563289200
4413,R_1C75XRebT1eliL0,CRAFT_BEAD,2019-07-16,1563289200
4414,R_1Cd5zmz07X5BqKa,NUTRITIONAL_SUPPLEMENT,2019-07-16,1563289200
4415,R_1Cd5zmz07X5BqKa,SHIRT,2019-07-16,1563289200
4416,R_1DYWdbAMt6LyCZH,COUNTERTOP_FOOD_STEAMER,2019-07-16,1563289200
4417,R_1E3TJBNJVtr3tcD,SCREEN_PROTECTOR,2019-07-16,1563289200
4418,R_1E3TJBNJVtr3tcD,BATTERY,2019-07-16,1563289200
4419,R_1Fyt6rHyiQcVOT8,PHYSICAL_MOVIE,2019-07-16,1563289200
4420,R_1Fyt6rHyiQcVOT8,HEALTH_PERSONAL_CARE,2019-07-16,1563289200
4421,R_1GghoTNZdgUeySl,LIP_BALM,2019-07-16,1563289200
4422,R_1GghoTNZdgUeySl,SCREEN_PROTECTOR,2019-07-16,1563289200
4423,R_1GghoTNZdgUeySl,STANDALONE_STREAMING_MEDIA_PLAYER,2019-07-16,1563289200
4424,R_1GghoTNZdgUeySl,CHARGING_ADAPTER,2019-07-16,1563289200
4425,R_1GghoTNZdgUeySl,HEALTH_PERSONAL_CARE,2019-07-16,1563289200
4426,R_1GghoTNZdgUeySl,PILLOW,2019-07-16,1563289200
4427,R_1GghoTNZdgUeySl,PUMP_SPRAYER,2019-07-16,1563289200
4428,R_1GghoTNZdgUeySl,SNACK_FOOD_BAR,2019-07-16,1563289200
4429,R_1I6meOeB0piHEX8,NUTRITIONAL_SUPPLEMENT,2019-07-16,1563289200
4430,R_1I6meOeB0piHEX8,CELLULAR_PHONE_CASE,2019-07-16,1563289200
4431,R_1I6meOeB0piHEX8,SUSPENDER,2019-07-16,1563289200
4432,R_1IN7vU4CWQnwLLx,ABIS_BOOK,2019-07-16,1563289200
4433,R_1IaYiTSaUaD2W2i,PET_FOOD,2019-07-16,1563289200
4434,R_1Kru2C0Zf28ZbQ0,HEADPHONES,2019-07-16,1563289200
4435,R_1Kru2C0Zf28ZbQ0,CALCULATOR,2019-07-16,1563289200
4436,R_1Kru2C0Zf28ZbQ0,SCREEN_PROTECTOR,2019-07-16,1563289200
4437,R_1LFmho6mBajcceh,SNACK_FOOD_BAR,2019-07-16,1563289200
4438,R_1LFmho6mBajcceh,SCREEN_PROTECTOR,2019-07-16,1563289200
4439,R_1LRR1P5IQqdSvIP,FIDGET_TOY_SPINNER,2019-07-16,1563289200
4440,R_1LRR1P5IQqdSvIP,MACHINE_LUBRICANT,2019-07-16,1563289200
4441,R_1MJSWPNY1QR0Q68,HEADPHONES,2019-07-16,1563289200
4442,R_1NDq0rxoUSu6oyz,INTERNAL_MEMORY,2019-07-16,1563289200
4443,R_1OJZKQM4ZrHncBJ,SKIN_MOISTURIZER,2019-07-16,1563289200
4444,R_1OlyKZYuQUE5Cgc,SNOW_CHAIN,2019-07-16,1563289200
4445,R_1OlyKZYuQUE5Cgc,CAMPING_EQUIPMENT,2019-07-16,1563289200
4446,R_1OlyKZYuQUE5Cgc,SHIRT,2019-07-16,1563289200
4447,R_1Q9JeeKncbbLcz0,SCREEN_PROTECTOR,2019-07-16,1563289200
4448,R_1QKu8qtvgo0d1uS,SCREEN_PROTECTOR,2019-07-16,1563289200
4449,R_1QhEPMXONBU12sq,SNORKELING_SET,2019-07-16,1563289200
4450,R_1QupmKjSh9fA4l4,SHIRT,2019-07-16,1563289200
4451,R_1Xhiz3TBoe2gQdH,SCREEN_PROTECTOR,2019-07-16,1563289200
4452,R_1eFv0mPpH4dM2mG,POWERSPORTS_VEHICLE_PART,2019-07-16,1563289200
4453,R_1exepO2lYqHFR9q,SOCKS,2019-07-16,1563289200
4454,R_1exepO2lYqHFR9q,PHYSICAL_MOVIE,2019-07-16,1563289200
4455,R_1exepO2lYqHFR9q,BATTERY,2019-07-16,1563289200
4456,R_1exepO2lYqHFR9q,MEDICAL_COMPRESSION_GARMENT,2019-07-16,1563289200
4457,R_1exepO2lYqHFR9q,SOCKS,2019-07-16,1563289200
4458,R_1exepO2lYqHFR9q,CELLULAR_PHONE_CASE,2019-07-16,1563289200
4459,R_1exepO2lYqHFR9q,GROCERY,2019-07-16,1563289200
4460,R_1exepO2lYqHFR9q,CELLULAR_PHONE_CASE,2019-07-16,1563289200
4461,R_1exepO2lYqHFR9q,SOCKS,2019-07-16,1563289200
4462,R_1exepO2lYqHFR9q,STORAGE_DRAWER,2019-07-16,1563289200
4463,R_1ez4JQNwmuGXkQX,VITAMIN,2019-07-16,1563289200
4464,R_1ez4JQNwmuGXkQX,SKIN_CLEANING_AGENT,2019-07-16,1563289200
4465,R_1ez4JQNwmuGXkQX,TOY_FIGURE,2019-07-16,1563289200
4466,R_1gcmv3lhX8iJEQb,HEALTH_PERSONAL_CARE,2019-07-16,1563289200
4467,R_1gq1l7L7YXNcp13,SOCKS,2019-07-16,1563289200
4468,R_1hFMTehZQIAcBvZ,TOYS_AND_GAMES,2019-07-16,1563289200
4469,R_1hJWB4rlc8B2yCi,NUTRITIONAL_SUPPLEMENT,2019-07-16,1563289200
4470,R_1hJWB4rlc8B2yCi,DRESS,2019-07-16,1563289200
4471,R_1hJWB4rlc8B2yCi,ABIS_BOOK,2019-07-16,1563289200
4472,R_1hJWB4rlc8B2yCi,SHOES,2019-07-16,1563289200
4473,R_1jd0U0OjvEcZEcw,APPAREL_GLOVES,2019-07-16,1563289200
4474,R_1l4zCtGUTvAWdS6,BATTERY,2019-07-16,1563289200
4475,R_1lAIBWf5Qsww7eT,CELLULAR_PHONE_CASE,2019-07-16,1563289200
4476,R_1lfNYOmsEIqOn65,DUTCH_OVENS,2019-07-16,1563289200
4477,R_1lp1fif64G1hlWf,ABIS_BOOK,2019-07-16,1563289200
4478,R_1lp1fif64G1hlWf,PRINTER,2019-07-16,1563289200
4479,R_1lp1fif64G1hlWf,MOP,2019-07-16,1563289200
4480,R_1lp1fif64G1hlWf,PRINTER,2019-07-16,1563289200
4481,R_1lp1fif64G1hlWf,BUILDING_MATERIAL,2019-07-16,1563289200
4482,R_1lp1fif64G1hlWf,PHYSICAL_MOVIE,2019-07-16,1563289200
4483,R_1lsgykNxEU4BXTI,SHIRT,2019-07-16,1563289200
4484,R_1lsgykNxEU4BXTI,CELLULAR_PHONE_CASE,2019-07-16,1563289200
4485,R_1lsgykNxEU4BXTI,GROCERY,2019-07-16,1563289200
4486,R_1lxYa2W6GgcAQ19,SHIRT,2019-07-16,1563289200
4487,R_1lxYa2W6GgcAQ19,TOYS_AND_GAMES,2019-07-16,1563289200
4488,R_1mEmb9jWLRYCU4e,SKIN_MOISTURIZER,2019-07-16,1563289200
4489,R_1mEmb9jWLRYCU4e,TOYS_AND_GAMES,2019-07-16,1563289200
4490,R_1mEmb9jWLRYCU4e,SKIN_MOISTURIZER,2019-07-16,1563289200
4491,R_1mEmb9jWLRYCU4e,WRITING_INSTRUMENT,2019-07-16,1563289200
4492,R_1mEmb9jWLRYCU4e,BATTERY,2019-07-16,1563289200
4493,R_1mEmb9jWLRYCU4e,SHIRT,2019-07-16,1563289200
4494,R_1mEmb9jWLRYCU4e,SKIN_MOISTURIZER,2019-07-16,1563289200
4495,R_1mEmb9jWLRYCU4e,SNACK_FOOD_BAR,2019-07-16,1563289200
4496,R_1mEmb9jWLRYCU4e,PHYSICAL_MOVIE,2019-07-16,1563289200
4497,R_1mEmb9jWLRYCU4e,MEDICATION,2019-07-16,1563289200
4498,R_1mEmb9jWLRYCU4e,DRESSER,2019-07-16,1563289200
4499,R_1mEmb9jWLRYCU4e,PANTS,2019-07-16,1563289200
4500,R_1mEmb9jWLRYCU4e,FOOD_BLENDER,2019-07-16,1563289200
4501,R_1mEmb9jWLRYCU4e,PHYSICAL_MOVIE,2019-07-16,1563289200
4502,R_1mEmb9jWLRYCU4e,HAIR_CLIP,2019-07-16,1563289200
4503,R_1mEmb9jWLRYCU4e,SLEEPING_BAG,2019-07-16,1563289200
4504,R_1mEmb9jWLRYCU4e,NUTRITIONAL_SUPPLEMENT,2019-07-16,1563289200
4505,R_1mQrQ5EFGvbBRLb,CARGO_STRAP,2019-07-16,1563289200
4506,R_1mQrQ5EFGvbBRLb,SYSTEM_POWER_DEVICE,2019-07-16,1563289200
4507,R_1ow0Om61pqBADXh,MEDICATION,2019-07-16,1563289200
4508,R_1pKZVLBbrpZM8bP,ANTENNA,2019-07-16,1563289200
4509,R_1pKZVLBbrpZM8bP,WALL_PLATE,2019-07-16,1563289200
4510,R_1pKZVLBbrpZM8bP,VITAMIN,2019-07-16,1563289200
4511,R_1pm2Wo5wrQSY0Gm,PET_FOOD,2019-07-16,1563289200
4512,R_1psTlOFeWx4gWdX,VEHICLE_COVER,2019-07-16,1563289200
4513,R_1psTlOFeWx4gWdX,NUTRITIONAL_SUPPLEMENT,2019-07-16,1563289200
4514,R_1psTlOFeWx4gWdX,HEADPHONES,2019-07-16,1563289200
4515,R_1psTlOFeWx4gWdX,BED_SKIRT,2019-07-16,1563289200
4516,R_1psTlOFeWx4gWdX,COOKIE,2019-07-16,1563289200
4517,R_1psTlOFeWx4gWdX,ABIS_BOOK,2019-07-16,1563289200
4518,R_1psTlOFeWx4gWdX,HEADPHONES,2019-07-16,1563289200
4519,R_1psTlOFeWx4gWdX,SKIN_MOISTURIZER,2019-07-16,1563289200
4520,R_1pu0ApV4WUQDdWW,HEALTH_PERSONAL_CARE,2019-07-16,1563289200
4521,R_1pu0ApV4WUQDdWW,SKIN_MOISTURIZER,2019-07-16,1563289200
4522,R_1pu0ApV4WUQDdWW,HANGING_ORNAMENT,2019-07-16,1563289200
4523,R_1pu0ApV4WUQDdWW,SHIRT,2019-07-16,1563289200
4524,R_1pu0ApV4WUQDdWW,HEALTH_PERSONAL_CARE,2019-07-16,1563289200
4525,R_1pu0ApV4WUQDdWW,TOYS_AND_GAMES,2019-07-16,1563289200
4526,R_1pu0ApV4WUQDdWW,SHIRT,2019-07-16,1563289200
4527,R_1pu4x2PBb4LrSWk,FIDGET_TOY_SPINNER,2019-07-16,1563289200
4528,R_1pu4x2PBb4LrSWk,LAWN_MOWER,2019-07-16,1563289200
4529,R_1pu4x2PBb4LrSWk,HARD_DRIVE_ENCLOSURE,2019-07-16,1563289200
4530,R_1pu4x2PBb4LrSWk,HEALTH_PERSONAL_CARE,2019-07-16,1563289200
4531,R_1pu4x2PBb4LrSWk,SKIN_CLEANING_AGENT,2019-07-16,1563289200
4532,R_1pu4x2PBb4LrSWk,SEXUAL_WELLNESS,2019-07-16,1563289200
4533,R_1q4eVtHN10S5gPB,SHIRT,2019-07-16,1563289200
4534,R_1q4eVtHN10S5gPB,GARMENT_PROTECTOR_COVER,2019-07-16,1563289200
4535,R_1q7AvsyRPpTSWFi,SHIRT,2019-07-16,1563289200
4536,R_1q7AvsyRPpTSWFi,JUICE_AND_JUICE_DRINK,2019-07-16,1563289200
4537,R_1q7AvsyRPpTSWFi,AUTO_ACCESSORY,2019-07-16,1563289200
4538,R_1q7AvsyRPpTSWFi,HOME_LIGHTING_AND_LAMPS,2019-07-16,1563289200
4539,R_1q7AvsyRPpTSWFi,SHIRT,2019-07-16,1563289200
4540,R_1q7AvsyRPpTSWFi,SHIRT,2019-07-16,1563289200
4541,R_1q7AvsyRPpTSWFi,SUNSCREEN,2019-07-16,1563289200
4542,R_1q7AvsyRPpTSWFi,HEALTH_PERSONAL_CARE,2019-07-16,1563289200
4543,R_1qdM6yLQigCFrkd,SKIN_MOISTURIZER,2019-07-16,1563289200
4544,R_1zVJnDAfoFLamOd,WASTE_BAG,2019-07-16,1563289200
4545,R_20Z3XrmdVrFDp3r,SCREEN_PROTECTOR,2019-07-16,1563289200
4546,R_20Z3XrmdVrFDp3r,NUTRITIONAL_SUPPLEMENT,2019-07-16,1563289200
4547,R_20Z3XrmdVrFDp3r,DUFFEL_BAG,2019-07-16,1563289200
4548,R_20Z3XrmdVrFDp3r,SNACK_FOOD_BAR,2019-07-16,1563289200
4549,R_210tLKdUbUZuf7O,PET_FOOD,2019-07-16,1563289200
4550,R_210tLKdUbUZuf7O,VITAMIN,2019-07-16,1563289200
4551,R_21ttkGbeIL6HdlR,INKJET_PRINTER_INK,2019-07-16,1563289200
4552,R_21ttkGbeIL6HdlR,PHYSICAL_MOVIE,2019-07-16,1563289200
4553,R_22SxELlmhBQCe1C,SKIN_MOISTURIZER,2019-07-16,1563289200
4554,R_22SxELlmhBQCe1C,SHIRT,2019-07-16,1563289200
4555,R_22SxELlmhBQCe1C,AUTO_PART,2019-07-16,1563289200
4556,R_22SxELlmhBQCe1C,HEADPHONES,2019-07-16,1563289200
4557,R_22nS4Bu8Q3B84gf,SYRUP,2019-07-16,1563289200
4558,R_240KbZJVsY6fEEJ,PAW_HOOF_PROTECTOR,2019-07-16,1563289200
4559,R_240KbZJVsY6fEEJ,SKIN_MOISTURIZER,2019-07-16,1563289200
4560,R_240KbZJVsY6fEEJ,SHOES,2019-07-16,1563289200
4561,R_24MKoSmvuiLEI76,ELECTRONIC_CABLE,2019-07-16,1563289200
4562,R_24MKoSmvuiLEI76,PHYSICAL_MOVIE,2019-07-16,1563289200
4563,R_24csoaO569P4Yzz,GROCERY,2019-07-16,1563289200
4564,R_25Wwg273Uw26jA1,SAUTE_FRY_PAN,2019-07-16,1563289200
4565,R_25Wwg273Uw26jA1,SECURITY_ELECTRONICS,2019-07-16,1563289200
4566,R_25Wwg273Uw26jA1,SECURITY_ELECTRONICS,2019-07-16,1563289200
4567,R_25z5LHPaAsxktx7,SCREEN_PROTECTOR,2019-07-16,1563289200
4568,R_25z5LHPaAsxktx7,RICE_COOKERS,2019-07-16,1563289200
4569,R_273TMGuLM3jXisi,ANTI_FATIGUE_FLOOR_MAT,2019-07-16,1563289200
4570,R_273TMGuLM3jXisi,SPORT_EQUIPMENT_BAG_CASE,2019-07-16,1563289200
4571,R_27ydwfqncX77Mnd,SCREEN_PROTECTOR,2019-07-16,1563289200
4572,R_29iGyG3WSmKo5Te,TOYS_AND_GAMES,2019-07-16,1563289200
4573,R_29iGyG3WSmKo5Te,VITAMIN,2019-07-16,1563289200
4574,R_29iGyG3WSmKo5Te,SUNGLASSES,2019-07-16,1563289200
4575,R_29oUfTgQ6sWbFG2,ANIMAL_LITTER,2019-07-16,1563289200
4576,R_29tZUWisKTCWczv,VEHICLE_MIRROR,2019-07-16,1563289200
4577,R_29tZUWisKTCWczv,SHIRT,2019-07-16,1563289200
4578,R_29uBVByYo0xAXiZ,RECREATION_BALL,2019-07-16,1563289200
4579,R_2ASBFgthVbaGlF3,SHOES,2019-07-16,1563289200
4580,R_2ASBFgthVbaGlF3,IRON_ON_TRANSFER_DESIGN,2019-07-16,1563289200
4581,R_2ASBFgthVbaGlF3,CABINET,2019-07-16,1563289200
4582,R_2ASBFgthVbaGlF3,SCREEN_PROTECTOR,2019-07-16,1563289200
4583,R_2ASBFgthVbaGlF3,MEDICATION,2019-07-16,1563289200
4584,R_2ASBFgthVbaGlF3,TOYS_AND_GAMES,2019-07-16,1563289200
4585,R_2BesSIAnd7POW2C,VEHICLE_SPOILER,2019-07-16,1563289200
4586,R_2BstrkPd4gMc6Ih,BLANK_STORAGE_MEDIA,2019-07-16,1563289200
4587,R_2BstrkPd4gMc6Ih,MENSTRUAL_CUP,2019-07-16,1563289200
4588,R_2BstrkPd4gMc6Ih,BATTERY,2019-07-16,1563289200
4589,R_2BstrkPd4gMc6Ih,ABIS_BOOK,2019-07-16,1563289200
4590,R_2D1zydYR5SZ0LpK,SKIN_MOISTURIZER,2019-07-16,1563289200
4591,R_2D6v6VH3RC5ZGC4,TEMPORARY_GATE,2019-07-16,1563289200
4592,R_2DSmjafbkSAict9,PANTS,2019-07-16,1563289200
4593,R_2DV0bsqugjyav1y,SHIRT,2019-07-16,1563289200
4594,R_2DV0bsqugjyav1y,VIDEO_GAME_PERIPHERAL_SET,2019-07-16,1563289200
4595,R_2DV0bsqugjyav1y,MEDICATION,2019-07-16,1563289200
4596,R_2DV0bsqugjyav1y,MOUNT_BRACKET,2019-07-16,1563289200
4597,R_2DV0bsqugjyav1y,PET_FOOD,2019-07-16,1563289200
4598,R_2DXPyU9bPnWuZPM,TABLET_COMPUTER,2019-07-16,1563289200
4599,R_2EglJpTWGEiwQYa,TOYS_AND_GAMES,2019-07-16,1563289200
4600,R_2EglJpTWGEiwQYa,PET_FOOD,2019-07-16,1563289200
4601,R_2EglJpTWGEiwQYa,PARTY_DECORATION_PACK,2019-07-16,1563289200
4602,R_2EglJpTWGEiwQYa,VITAMIN,2019-07-16,1563289200
4603,R_2EglJpTWGEiwQYa,SKIN_MOISTURIZER,2019-07-16,1563289200
4604,R_2EglJpTWGEiwQYa,SNACK_FOOD_BAR,2019-07-16,1563289200
4605,R_2EglJpTWGEiwQYa,SHIRT,2019-07-16,1563289200
4606,R_2EglJpTWGEiwQYa,MEDICATION,2019-07-16,1563289200
4607,R_2EglJpTWGEiwQYa,NUTRITIONAL_SUPPLEMENT,2019-07-16,1563289200
4608,R_2EglJpTWGEiwQYa,BREAKFAST_CEREAL,2019-07-16,1563289200
4609,R_2EglJpTWGEiwQYa,SHIRT,2019-07-16,1563289200
4610,R_2EglJpTWGEiwQYa,SHIRT,2019-07-16,1563289200
4611,R_2EglJpTWGEiwQYa,MEDICATION,2019-07-16,1563289200
4612,R_2En0sbvQ7s48ufv,HEADPHONES,2019-07-16,1563289200
4613,R_2QEQOSl4i81CHb1,SNACK_FOOD_BAR,2019-07-16,1563289200
4614,R_2QEQOSl4i81CHb1,ELECTRONIC_CABLE,2019-07-16,1563289200
4615,R_2QEQOSl4i81CHb1,AIR_COOLER,2019-07-16,1563289200
4616,R_2QM76i5yRebcpiD,DIGITAL_DEVICE_7,2019-07-16,1563289200
4617,R_2RUDh7piHU7frzt,SKIN_MOISTURIZER,2019-07-16,1563289200
4618,R_2RUDh7piHU7frzt,RUG,2019-07-16,1563289200
4619,R_2RVXjEovu4Y1yen,SCREEN_PROTECTOR,2019-07-16,1563289200
4620,R_2Ser7goSgo0gVBj,BASKET,2019-07-16,1563289200
4621,R_2Ser7goSgo0gVBj,AMAZON_TABLET_ACCESSORY,2019-07-16,1563289200
4622,R_2Ser7goSgo0gVBj,SKIN_CLEANING_AGENT,2019-07-16,1563289200
4623,R_2TL7w44l8M5vEok,UNINTERRUPTIBLE_POWER_SUPPLY,2019-07-16,1563289200
4624,R_2U0l40aPYAoBJLV,UTILITY_HOLSTER_POUCH,2019-07-16,1563289200
4625,R_2U0l40aPYAoBJLV,SHOES,2019-07-16,1563289200
4626,R_2UfTIFhpicfXgPX,SNACK_FOOD_BAR,2019-07-16,1563289200
4627,R_2UfTIFhpicfXgPX,HEALTH_PERSONAL_CARE,2019-07-16,1563289200
4628,R_2VwjXhJ5OznStEi,PASTRY_BASTING_BRUSH,2019-07-16,1563289200
4629,R_2WMQprO1e6US68f,GROCERY,2019-07-16,1563289200
4630,R_2WMQprO1e6US68f,TRAILER_HITCH_COVER,2019-07-16,1563289200
4631,R_2WMQprO1e6US68f,EXERCISE_STEP_PLATFORM,2019-07-16,1563289200
4632,R_2WumP0iKDvwiM2r,BATTERY,2019-07-16,1563289200
4633,R_2WumP0iKDvwiM2r,ELECTRONIC_CABLE,2019-07-16,1563289200
4634,R_2WwzM8WiFsk4o3g,LITTER_BOX,2019-07-16,1563289200
4635,R_2Xj7LtCe2Mt8jNi,ABIS_BOOK,2019-07-16,1563289200
4636,R_2Xj7LtCe2Mt8jNi,DISHWARE_PLATE,2019-07-16,1563289200
4637,R_2Y9fPhqa2Xf2QdZ,SKIN_TREATMENT_MASK,2019-07-16,1563289200
4638,R_2Y9fPhqa2Xf2QdZ,BRA,2019-07-16,1563289200
4639,R_2Y9fPhqa2Xf2QdZ,SKIN_CLEANING_AGENT,2019-07-16,1563289200
4640,R_2Y9fPhqa2Xf2QdZ,BICYCLE_TRAINER,2019-07-16,1563289200
4641,R_2Y9fPhqa2Xf2QdZ,SNACK_FOOD_BAR,2019-07-16,1563289200
4642,R_2ZNPweVWnwFNjiC,GRILL_SMOKER_COVER,2019-07-16,1563289200
4643,R_2ZNPweVWnwFNjiC,NUTRITIONAL_SUPPLEMENT,2019-07-16,1563289200
4644,R_2ZNPweVWnwFNjiC,MEDICAL_TEST_STRIP,2019-07-16,1563289200
4645,R_2ZNPweVWnwFNjiC,RECREATION_BALL,2019-07-16,1563289200
4646,R_2ZOgImZ5BSZcQoz,SCREEN_PROTECTOR,2019-07-16,1563289200
4647,R_2aldwxmUZox7Yfd,ABIS_BOOK,2019-07-16,1563289200
4648,R_2b1XOZR0PYTA1jX,NAIL_POLISH,2019-07-16,1563289200
4649,R_2b1XOZR0PYTA1jX,NAIL_POLISH,2019-07-16,1563289200
4650,R_2b1XOZR0PYTA1jX,HOME,2019-07-16,1563289200
4651,R_2dEe5MXA0pGB5Fr,ABIS_BOOK,2019-07-16,1563289200
4652,R_2dGCaOSuAKevfs7,HEALTH_PERSONAL_CARE,2019-07-16,1563289200
4653,R_2dX8oLhgW3U0Q0m,SOCKS,2019-07-16,1563289200
4654,R_2dX8oLhgW3U0Q0m,BATTERY,2019-07-16,1563289200
4655,R_2djaIfKORskyeuO,GROCERY,2019-07-16,1563289200
4656,R_2djaIfKORskyeuO,VALVE,2019-07-16,1563289200
4657,R_2djaIfKORskyeuO,PET_FOOD,2019-07-16,1563289200
4658,R_2dvh9tu7PLPeipE,STANDALONE_STREAMING_MEDIA_PLAYER,2019-07-16,1563289200
4659,R_2dvh9tu7PLPeipE,MEDICATION,2019-07-16,1563289200
4660,R_2dvh9tu7PLPeipE,SPORT_TARGET,2019-07-16,1563289200
4661,R_2dvh9tu7PLPeipE,SPORT_TARGET,2019-07-16,1563289200
4662,R_2dvh9tu7PLPeipE,HEADPHONES,2019-07-16,1563289200
4663,R_2ebyEGI9jY5WIax,ABIS_BOOK,2019-07-16,1563289200
4664,R_2ebyEGI9jY5WIax,SINGLE_BOARD_COMPUTER,2019-07-16,1563289200
4665,R_2ebyEGI9jY5WIax,SHOES,2019-07-16,1563289200
4666,R_2ebzj3o225IisIQ,MEDICATION,2019-07-16,1563289200
4667,R_2f7MFUqYnEv92pF,FRESH_CUT_FLOWERS_PLANTS,2019-07-16,1563289200
4668,R_2f7MFUqYnEv92pF,SHAMPOO,2019-07-16,1563289200
4669,R_2fIpcmjmR7iDqYo,SCREEN_PROTECTOR,2019-07-16,1563289200
4670,R_2fIpcmjmR7iDqYo,PIPING_TIP,2019-07-16,1563289200
4671,R_2fQoqPD5ygeWViN,BOOKS_1973_AND_LATER,2019-07-16,1563289200
4672,R_2mKYTXpTsUEkSGt,FIDGET_TOY_SPINNER,2019-07-16,1563289200
4673,R_2mKYTXpTsUEkSGt,SCREEN_PROTECTOR,2019-07-16,1563289200
4674,R_2r7Zl5CTeW1dMqd,ABRASIVES,2019-07-16,1563289200
4675,R_2r7Zl5CTeW1dMqd,ABRASIVES,2019-07-16,1563289200
4676,R_2r7Zl5CTeW1dMqd,TOYS_AND_GAMES,2019-07-16,1563289200
4677,R_2rVp4uDv9fYIfdd,GROCERY,2019-07-16,1563289200
4678,R_2taM3mpNPF0o1yf,SHOES,2019-07-16,1563289200
4679,R_2taM3mpNPF0o1yf,JEWELRY_FINDING,2019-07-16,1563289200
4680,R_2taM3mpNPF0o1yf,SCREEN_PROTECTOR,2019-07-16,1563289200
4681,R_2taM3mpNPF0o1yf,LAP_DESK,2019-07-16,1563289200
4682,R_2ugDyrE1yi1FjvH,GROCERY,2019-07-16,1563289200
4683,R_2ugDyrE1yi1FjvH,ELECTRONIC_CABLE,2019-07-16,1563289200
4684,R_2ugDyrE1yi1FjvH,TOYS_AND_GAMES,2019-07-16,1563289200
4685,R_2ugDyrE1yi1FjvH,PHYSICAL_MOVIE,2019-07-16,1563289200
4686,R_2vYO5d3Ry8qjf5g,CELLULAR_PHONE_CASE,2019-07-16,1563289200
4687,R_2vYO5d3Ry8qjf5g,CELLULAR_PHONE_CASE,2019-07-16,1563289200
4688,R_2vYeXyFdrSyrVwh,SOLID_FIRE_FUEL,2019-07-16,1563289200
4689,R_2vYeXyFdrSyrVwh,SNACK_FOOD_BAR,2019-07-16,1563289200
4690,R_2vYeXyFdrSyrVwh,BATTERY,2019-07-16,1563289200
4691,R_2vYeXyFdrSyrVwh,BATTERY,2019-07-16,1563289200
4692,R_2vkMWH10xWp7o9s,TOWEL,2019-07-16,1563289200
4693,R_2vkMWH10xWp7o9s,SNACK_FOOD_BAR,2019-07-16,1563289200
4694,R_2vkMWH10xWp7o9s,SCREEN_PROTECTOR,2019-07-16,1563289200
4695,R_2vkMWH10xWp7o9s,PET_FOOD,2019-07-16,1563289200
4696,R_2vkMWH10xWp7o9s,ABIS_BOOK,2019-07-16,1563289200
4697,R_2vkMWH10xWp7o9s,EYELID_COLOR,2019-07-16,1563289200
4698,R_2vkMWH10xWp7o9s,SKIN_CLEANING_AGENT,2019-07-16,1563289200
4699,R_2vkMWH10xWp7o9s,ELECTRONIC_CABLE,2019-07-16,1563289200
4700,R_2wHwNZWEecJflLc,SKIN_MOISTURIZER,2019-07-16,1563289200
4701,R_2wHwNZWEecJflLc,SKIN_CLEANING_AGENT,2019-07-16,1563289200
4702,R_2wHwNZWEecJflLc,SINGLE_BOARD_COMPUTER,2019-07-16,1563289200
4703,R_2wHwNZWEecJflLc,SKIN_MOISTURIZER,2019-07-16,1563289200
4704,R_2wmLE1q4FIpfioi,SNACK_FOOD_BAR,2019-07-16,1563289200
4705,R_2wmLE1q4FIpfioi,HEADPHONES,2019-07-16,1563289200
4706,R_2yme87wMCEU528h,NUTRITIONAL_SUPPLEMENT,2019-07-16,1563289200
4707,R_2yplkUxhAWZaFUL,PET_SUPPLIES,2019-07-16,1563289200
4708,R_2yplkUxhAWZaFUL,BOLTS,2019-07-16,1563289200
4709,R_2z6pmWToR0TLYk2,KEYBOARDS,2019-07-16,1563289200
4710,R_2z6pmWToR0TLYk2,SCREEN_PROTECTOR,2019-07-16,1563289200
4711,R_2z7rLZb69WuqDdf,HEALTH_PERSONAL_CARE,2019-07-16,1563289200
4712,R_2z7rLZb69WuqDdf,CHAINSAW_CHAIN,2019-07-16,1563289200
4713,R_2z7rLZb69WuqDdf,CELLULAR_PHONE_CASE,2019-07-16,1563289200
4714,R_2z7rLZb69WuqDdf,SNACK_FOOD_BAR,2019-07-16,1563289200
4715,R_2z7rLZb69WuqDdf,NUTRITIONAL_SUPPLEMENT,2019-07-16,1563289200
4716,R_2z7rLZb69WuqDdf,SNACK_FOOD_BAR,2019-07-16,1563289200
4717,R_2z7rLZb69WuqDdf,CRAFT_MOLD,2019-07-16,1563289200
4718,R_2z7rLZb69WuqDdf,PICKLE,2019-07-16,1563289200
4719,R_2z7rLZb69WuqDdf,ELECTRONIC_CABLE,2019-07-16,1563289200
4720,R_2z7rLZb69WuqDdf,CELLULAR_PHONE_CASE,2019-07-16,1563289200
4721,R_2zD58KSXqhHfp5e,HEADPHONES,2019-07-16,1563289200
4722,R_2ze9t15YGQDJxR3,FOOD_STORAGE_BAG,2019-07-16,1563289200
4723,R_2ze9t15YGQDJxR3,TRANSFORMER,2019-07-16,1563289200
4724,R_2ze9t15YGQDJxR3,RING,2019-07-16,1563289200
4725,R_3093m6Spz9VzxAK,SPEAKERS,2019-07-16,1563289200
4726,R_3093m6Spz9VzxAK,SNACK_FOOD_BAR,2019-07-16,1563289200
4727,R_31LyI2lVjeZ7OVi,PACIFIER,2019-07-16,1563289200
4728,R_31LyI2lVjeZ7OVi,SKIN_CLEANING_AGENT,2019-07-16,1563289200
4729,R_31LyI2lVjeZ7OVi,ABIS_BOOK,2019-07-16,1563289200
4730,R_31ZxYxyOSie94bK,BATTERY,2019-07-16,1563289200
4731,R_31ZxYxyOSie94bK,PET_FOOD,2019-07-16,1563289200
4732,R_31ZxYxyOSie94bK,SNACK_FOOD_BAR,2019-07-16,1563289200
4733,R_31ZxYxyOSie94bK,FOOD,2019-07-16,1563289200
4734,R_31ZxYxyOSie94bK,FISHING_HOOK,2019-07-16,1563289200
4735,R_31ixLIfyf3xt0RM,BATTERY,2019-07-16,1563289200
4736,R_31ixLIfyf3xt0RM,POTABLE_WATER_FILTER,2019-07-16,1563289200
4737,R_32Mm71oAJq2K9XK,SCREEN_PROTECTOR,2019-07-16,1563289200
4738,R_32Mm71oAJq2K9XK,SKIN_MOISTURIZER,2019-07-16,1563289200
4739,R_32Mm71oAJq2K9XK,VEHICLE_LIFT_KIT,2019-07-16,1563289200
4740,R_32Mm71oAJq2K9XK,HEADPHONES,2019-07-16,1563289200
4741,R_32Mm71oAJq2K9XK,BATTERY,2019-07-16,1563289200
4742,R_32Mm71oAJq2K9XK,BATTERY,2019-07-16,1563289200
4743,R_32UZncFA03IrQwQ,TOYS_AND_GAMES,2019-07-16,1563289200
4744,R_32UZncFA03IrQwQ,SKIN_CLEANING_AGENT,2019-07-16,1563289200
4745,R_32UZncFA03IrQwQ,DIGITAL_DEVICE_3,2019-07-16,1563289200
4746,R_32UZncFA03IrQwQ,SAW_BLADE,2019-07-16,1563289200
4747,R_32UZncFA03IrQwQ,COOKING_POT,2019-07-16,1563289200
4748,R_32UZncFA03IrQwQ,PHYSICAL_MOVIE,2019-07-16,1563289200
4749,R_32UZncFA03IrQwQ,COOKING_POT,2019-07-16,1563289200
4750,R_32UZncFA03IrQwQ,WHEEL_CUTTER,2019-07-16,1563289200
4751,R_32UZncFA03IrQwQ,SAW_BLADE,2019-07-16,1563289200
4752,R_333cPUAJRgYXqi1,MEDICATION,2019-07-16,1563289200
4753,R_33a2eGfoj5xSrE2,PHYSICAL_MOVIE,2019-07-16,1563289200
4754,R_33a2eGfoj5xSrE2,BARBELL,2019-07-16,1563289200
4755,R_33a2eGfoj5xSrE2,BATTERY,2019-07-16,1563289200
4756,R_33a2eGfoj5xSrE2,HEALTH_PERSONAL_CARE,2019-07-16,1563289200
4757,R_3EQJpaOtt2aP8HS,HEALTH_PERSONAL_CARE,2019-07-16,1563289200
4758,R_3EQJpaOtt2aP8HS,FLASH_MEMORY,2019-07-16,1563289200
4759,R_3EQJpaOtt2aP8HS,HEADPHONES,2019-07-16,1563289200
4760,R_3EQJpaOtt2aP8HS,GAS_SMOKE_FIRE_ALARM,2019-07-16,1563289200
4761,R_3EQJpaOtt2aP8HS,MEDICATION,2019-07-16,1563289200
4762,R_3Ebh099lpNz7iC2,VITAMIN,2019-07-16,1563289200
4763,R_3Ebh099lpNz7iC2,SKIN_CLEANING_AGENT,2019-07-16,1563289200
4764,R_3Ebh099lpNz7iC2,FOOTREST,2019-07-16,1563289200
4765,R_3Ebh099lpNz7iC2,SNOW_PANT,2019-07-16,1563289200
4766,R_3Ebh099lpNz7iC2,DUMBBELL,2019-07-16,1563289200
4767,R_3ElHoNUS8Tyu7RP,PANTS,2019-07-16,1563289200
4768,R_3ElHoNUS8Tyu7RP,APPAREL,2019-07-16,1563289200
4769,R_3ElHoNUS8Tyu7RP,PANTS,2019-07-16,1563289200
4770,R_3Em4Q2OBHB3m5rz,ABIS_BOOK,2019-07-16,1563289200
4771,R_3Em4Q2OBHB3m5rz,SKIN_MOISTURIZER,2019-07-16,1563289200
4772,R_3Em4Q2OBHB3m5rz,PHYSICAL_MOVIE,2019-07-16,1563289200
4773,R_3Em4Q2OBHB3m5rz,VITAMIN,2019-07-16,1563289200
4774,R_3Em4Q2OBHB3m5rz,HEADPHONES,2019-07-16,1563289200
4775,R_3Em4Q2OBHB3m5rz,SHIRT,2019-07-16,1563289200
4776,R_3EsdYJiok38Qvto,EXERCISE_BAND,2019-07-16,1563289200
4777,R_3G7BILj5lidHb8M,BLANK_BOOK,2019-07-16,1563289200
4778,R_3GCXgWFPLgXAuFC,PHOTOGRAPHIC_LIGHTING,2019-07-16,1563289200
4779,R_3GCXgWFPLgXAuFC,PANTS,2019-07-16,1563289200
4780,R_3GCXgWFPLgXAuFC,BREAD,2019-07-16,1563289200
4781,R_3GD1CL4OyjglmbZ,PET_FOOD,2019-07-16,1563289200
4782,R_3GD1CL4OyjglmbZ,GROCERY,2019-07-16,1563289200
4783,R_3GiFHVWzYKHT1F5,GROCERY,2019-07-16,1563289200
4784,R_3Hphzg7zu04Hgy1,NUT_BUTTER,2019-07-16,1563289200
4785,R_3Hphzg7zu04Hgy1,PROTEIN_DRINK,2019-07-16,1563289200
4786,R_3Hphzg7zu04Hgy1,CADDY,2019-07-16,1563289200
4787,R_3HzRfw5sNEvrFRf,VITAMIN,2019-07-16,1563289200
4788,R_3HzRfw5sNEvrFRf,BEAUTY,2019-07-16,1563289200
4789,R_3HzhKIwCcybjVbM,ABIS_BOOK,2019-07-16,1563289200
4790,R_3HzhKIwCcybjVbM,ABIS_BOOK,2019-07-16,1563289200
4791,R_3HzhKIwCcybjVbM,MOP_BUCKET_SET,2019-07-16,1563289200
4792,R_3HzhKIwCcybjVbM,NECKTIE,2019-07-16,1563289200
4793,R_3HzhKIwCcybjVbM,ABIS_BOOK,2019-07-16,1563289200
4794,R_3HzhKIwCcybjVbM,PANTS,2019-07-16,1563289200
4795,R_3HzhKIwCcybjVbM,SNACK_FOOD_BAR,2019-07-16,1563289200
4796,R_3HzhKIwCcybjVbM,HEADPHONES,2019-07-16,1563289200
4797,R_3HzhKIwCcybjVbM,NUTRITIONAL_SUPPLEMENT,2019-07-16,1563289200
4798,R_3IQQB0Dtvv9riqZ,PHYSICAL_MOVIE,2019-07-16,1563289200
4799,R_3IQQB0Dtvv9riqZ,CELLULAR_PHONE_CASE,2019-07-16,1563289200
4800,R_3IQQB0Dtvv9riqZ,TEXTILE_DEODORIZER,2019-07-16,1563289200
4801,R_3IQQB0Dtvv9riqZ,SELF_STICK_NOTE,2019-07-16,1563289200
4802,R_3J8UIMbwljBx6df,PET_FOOD,2019-07-16,1563289200
4803,R_3KxaCMXQTDz1Z7P,MEDICATION,2019-07-16,1563289200
4804,R_3KxaCMXQTDz1Z7P,DISPOSABLE_INCONTINENCE_SURFACE_PROTECTOR,2019-07-16,1563289200
4805,R_3KxaCMXQTDz1Z7P,CELLULAR_PHONE_CASE,2019-07-16,1563289200
4806,R_3L20DbmNPSMtKUd,SKIN_MOISTURIZER,2019-07-16,1563289200
4807,R_3L20DbmNPSMtKUd,ANIMAL_INCONTINENCE_PROTECTOR,2019-07-16,1563289200
4808,R_3L89g4OAN8obu49,PLUG_STOPPER,2019-07-16,1563289200
4809,R_3LXRVZSdJiqH63S,SKIN_CLEANING_AGENT,2019-07-16,1563289200
4810,R_3M0euO2kPnoHrdt,SHIRT,2019-07-16,1563289200
4811,R_3M0euO2kPnoHrdt,AQUARIUM_POND_WATER_TREATMENT,2019-07-16,1563289200
4812,R_3M0euO2kPnoHrdt,MARKING_PEN,2019-07-16,1563289200
4813,R_3M0euO2kPnoHrdt,PANTS,2019-07-16,1563289200
4814,R_3M0euO2kPnoHrdt,WILDLIFE_FEEDER,2019-07-16,1563289200
4815,R_3M0euO2kPnoHrdt,GROCERY,2019-07-16,1563289200
4816,R_3M0euO2kPnoHrdt,PET_APPAREL,2019-07-16,1563289200
4817,R_3M0euO2kPnoHrdt,SKIN_MOISTURIZER,2019-07-16,1563289200
4818,R_3M0euO2kPnoHrdt,SKIN_MOISTURIZER,2019-07-16,1563289200
4819,R_3M4EntiuPSB1ZJO,FOOD_SPATULA,2019-07-16,1563289200
4820,R_3MhBAq6V6XHU9ln,ABRASIVES,2019-07-16,1563289200
4821,R_3MhBAq6V6XHU9ln,CELLULAR_PHONE_CASE,2019-07-16,1563289200
4822,R_3MhBAq6V6XHU9ln,SNACK_FOOD_BAR,2019-07-16,1563289200
4823,R_3MhBAq6V6XHU9ln,PANTS,2019-07-16,1563289200
4824,R_3MhBAq6V6XHU9ln,HEADPHONES,2019-07-16,1563289200
4825,R_3MhBAq6V6XHU9ln,ART_AND_CRAFT_SUPPLY,2019-07-16,1563289200
4826,R_3MhBAq6V6XHU9ln,ABIS_BOOK,2019-07-16,1563289200
4827,R_3MhBAq6V6XHU9ln,TOYS_AND_GAMES,2019-07-16,1563289200
4828,R_3MhBAq6V6XHU9ln,BAKING_CUP,2019-07-16,1563289200
4829,R_3Mli97JX0WeLIos,HEADPHONES,2019-07-16,1563289200
4830,R_3Mli97JX0WeLIos,ELECTRONIC_CABLE,2019-07-16,1563289200
4831,R_3MnSLQdJkly3wfg,CYCLING_TIRE_TUBE,2019-07-16,1563289200
4832,R_3MnSLQdJkly3wfg,SCIENCE_FUNDAMENTALS_KIT,2019-07-16,1563289200
4833,R_3MnSLQdJkly3wfg,TOY_FIGURE,2019-07-16,1563289200
4834,R_3NFhCSnuJa54Jn3,GROCERY,2019-07-16,1563289200
4835,R_3NFhCSnuJa54Jn3,PANTS,2019-07-16,1563289200
4836,R_3NFhCSnuJa54Jn3,CELLULAR_PHONE_CASE,2019-07-16,1563289200
4837,R_3OcPFnYHBC8wrZe,SCREEN_PROTECTOR,2019-07-16,1563289200
4838,R_3OiAK9V155cWEsy,PET_FOOD,2019-07-16,1563289200
4839,R_3OiAK9V155cWEsy,HOT_GLUE_GUN,2019-07-16,1563289200
4840,R_3OiAK9V155cWEsy,SANDAL,2019-07-16,1563289200
4841,R_3OiAK9V155cWEsy,SAFETY_SUPPLY,2019-07-16,1563289200
4842,R_3P4QthjwwxEaV1m,ELECTRONIC_CABLE,2019-07-16,1563289200
4843,R_3P4QthjwwxEaV1m,TOYS_AND_GAMES,2019-07-16,1563289200
4844,R_3P4QthjwwxEaV1m,MEDICATION,2019-07-16,1563289200
4845,R_3P4QthjwwxEaV1m,CELLULAR_PHONE_CASE,2019-07-16,1563289200
4846,R_3P4QthjwwxEaV1m,TEMPLATE_STENCIL,2019-07-16,1563289200
4847,R_3P4QthjwwxEaV1m,SANDAL,2019-07-16,1563289200
4848,R_3P4QthjwwxEaV1m,SHOES,2019-07-16,1563289200
4849,R_3P4QthjwwxEaV1m,WEARABLE_COMPUTER,2019-07-16,1563289200
4850,R_3P4QthjwwxEaV1m,SKIN_MOISTURIZER,2019-07-16,1563289200
4851,R_3P4QthjwwxEaV1m,PET_FOOD,2019-07-16,1563289200
4852,R_3P4QthjwwxEaV1m,PORTABLE_ELECTRONIC_DEVICE_STAND,2019-07-16,1563289200
4853,R_3P4QthjwwxEaV1m,PET_FOOD,2019-07-16,1563289200
4854,R_3P4QthjwwxEaV1m,PANTS,2019-07-16,1563289200
4855,R_3PAyJj7mQvMzMco,MOTION_DETECTOR_DEVICE,2019-07-16,1563289200
4856,R_3PAyJj7mQvMzMco,SKIN_MOISTURIZER,2019-07-16,1563289200
4857,R_3PAyJj7mQvMzMco,SHOES,2019-07-16,1563289200
4858,R_3QE72T2NXn4ninT,CLEANING_AGENT,2019-07-16,1563289200
4859,R_3QPk8nnI1s8wilh,PET_FOOD,2019-07-16,1563289200
4860,R_3QWPI81N7eJPgeK,BATTERY,2019-07-16,1563289200
4861,R_3QWPI81N7eJPgeK,SHOES,2019-07-16,1563289200
4862,R_3QWPI81N7eJPgeK,PHYSICAL_MOVIE,2019-07-16,1563289200
4863,R_3QWPI81N7eJPgeK,WATER_PURIFICATION_UNIT,2019-07-16,1563289200
4864,R_3QXUWuTn4OdbNmh,IMPACT_PROTECTION_GEAR,2019-07-16,1563289200
4865,R_3R3FfvTaRKxigNl,SCREEN_PROTECTOR,2019-07-16,1563289200
4866,R_3eehQVQNcKmEJtd,COMPUTER_INPUT_DEVICE_ACCESSORY,2019-07-16,1563289200
4867,R_3eehQVQNcKmEJtd,MEDICATION,2019-07-16,1563289200
4868,R_3eehQVQNcKmEJtd,PANTS,2019-07-16,1563289200
4869,R_3eh02tn8YjYcUoE,ELECTRONIC_CABLE,2019-07-16,1563289200
4870,R_3eh02tn8YjYcUoE,VOICE_RECORDER,2019-07-16,1563289200
4871,R_3eh02tn8YjYcUoE,MEDICATION,2019-07-16,1563289200
4872,R_3eh02tn8YjYcUoE,COIN_PURSE_POUCH,2019-07-16,1563289200
4873,R_3eh02tn8YjYcUoE,ELECTRONIC_CABLE,2019-07-16,1563289200
4874,R_3eh02tn8YjYcUoE,SNACK_FOOD_BAR,2019-07-16,1563289200
4875,R_3eh02tn8YjYcUoE,HEADPHONES,2019-07-16,1563289200
4876,R_3eh02tn8YjYcUoE,SCREEN_PROTECTOR,2019-07-16,1563289200
4877,R_3eh02tn8YjYcUoE,HEADPHONES,2019-07-16,1563289200
4878,R_3eh02tn8YjYcUoE,OUTDOOR_LIVING,2019-07-16,1563289200
4879,R_3eh02tn8YjYcUoE,OUTDOOR_LIVING,2019-07-16,1563289200
4880,R_3eh02tn8YjYcUoE,NUTRITIONAL_SUPPLEMENT,2019-07-16,1563289200
4881,R_3eh02tn8YjYcUoE,GUN_CLEANING_KIT,2019-07-16,1563289200
4882,R_3eh02tn8YjYcUoE,SKIN_MOISTURIZER,2019-07-16,1563289200
4883,R_3ek9YZGdsDHjUZf,CHARGING_ADAPTER,2019-07-16,1563289200
4884,R_3ek9YZGdsDHjUZf,CELLULAR_PHONE_CASE,2019-07-16,1563289200
4885,R_3ek9YZGdsDHjUZf,GROCERY,2019-07-16,1563289200
4886,R_3ek9YZGdsDHjUZf,SKIN_MOISTURIZER,2019-07-16,1563289200
4887,R_3ek9YZGdsDHjUZf,ELECTRONIC_CABLE,2019-07-16,1563289200
4888,R_3ek9YZGdsDHjUZf,ELECTRONIC_CABLE,2019-07-16,1563289200
4889,R_3ek9YZGdsDHjUZf,POWER_CONVERTER,2019-07-16,1563289200
4890,R_3enuyEOsaEVxTNX,BATTERY,2019-07-16,1563289200
4891,R_3gTrwWhEzAv6gzH,SHOES,2019-07-16,1563289200
4892,R_3gTrwWhEzAv6gzH,SCREEN_PROTECTOR,2019-07-16,1563289200
4893,R_3hAWVPrKOvOzR1e,CARABINER,2019-07-16,1563289200
4894,R_3hAWVPrKOvOzR1e,DEHUMIDIFIER,2019-07-16,1563289200
4895,R_3hAWVPrKOvOzR1e,WASTE_BAG,2019-07-16,1563289200
4896,R_3iJyVGzX7fyajRz,PHYSICAL_MOVIE,2019-07-16,1563289200
4897,R_3iJyVGzX7fyajRz,SNACK_FOOD_BAR,2019-07-16,1563289200
4898,R_3ik7mYg7wgFsyfj,SANDBOX,2019-07-16,1563289200
4899,R_3ixOwXLuUfjiWS8,SHIRT,2019-07-16,1563289200
4900,R_3ixOwXLuUfjiWS8,CELLULAR_PHONE_CASE,2019-07-16,1563289200
4901,R_3ixOwXLuUfjiWS8,RING,2019-07-16,1563289200
4902,R_3ixOwXLuUfjiWS8,WEBCAM,2019-07-16,1563289200
4903,R_3jYVNfQkzbtT9y0,COMPUTER,2019-07-16,1563289200
4904,R_3jYVNfQkzbtT9y0,FIGURINE,2019-07-16,1563289200
4905,R_3lMPFMytHOig2HO,PUMP_SPRAYER,2019-07-16,1563289200
4906,R_3lMPFMytHOig2HO,GROCERY,2019-07-16,1563289200
4907,R_3lMPFMytHOig2HO,GROCERY,2019-07-16,1563289200
4908,R_3lMPFMytHOig2HO,TABLET_COMPUTER,2019-07-16,1563289200
4909,R_3lMPFMytHOig2HO,BLOOD_OXYGEN_MONITOR,2019-07-16,1563289200
4910,R_3lMPFMytHOig2HO,BLOOD_OXYGEN_MONITOR,2019-07-16,1563289200
4911,R_3lMPFMytHOig2HO,ABIS_BOOK,2019-07-16,1563289200
4912,R_3lMPFMytHOig2HO,PANTS,2019-07-16,1563289200
4913,R_3lMPFMytHOig2HO,SKIN_CLEANING_AGENT,2019-07-16,1563289200
4914,R_3lMPFMytHOig2HO,PLIERS,2019-07-16,1563289200
4915,R_3lYUnPKDsGA54tw,DISPLAY_ENCLOSURE,2019-07-16,1563289200
4916,R_3lYUnPKDsGA54tw,ANTI_FATIGUE_FLOOR_MAT,2019-07-16,1563289200
4917,R_3lYUnPKDsGA54tw,PET_FOOD,2019-07-16,1563289200
4918,R_3lt1ZPBv09u1seD,SNACK_FOOD_BAR,2019-07-16,1563289200
4919,R_3m3H4mwZ2snYFua,MACHINE_LUBRICANT,2019-07-16,1563289200
4920,R_3m3H4mwZ2snYFua,TOYS_AND_GAMES,2019-07-16,1563289200
4921,R_3m3H4mwZ2snYFua,MEDICATION,2019-07-16,1563289200
4922,R_3m3H4mwZ2snYFua,ROASTING_PAN,2019-07-16,1563289200
4923,R_3mm166mlwrLpf6y,HEADPHONES,2019-07-16,1563289200
4924,R_3mm166mlwrLpf6y,CELLULAR_PHONE_CASE,2019-07-16,1563289200
4925,R_3mm166mlwrLpf6y,ABIS_BOOK,2019-07-16,1563289200
4926,R_3mm166mlwrLpf6y,NUT_AND_SEED,2019-07-16,1563289200
4927,R_3mm166mlwrLpf6y,MEDICATION,2019-07-16,1563289200
4928,R_3mm166mlwrLpf6y,SPLASH_POOL,2019-07-16,1563289200
4929,R_3nH1Odp9Yjm86gN,SCREEN_PROTECTOR,2019-07-16,1563289200
4930,R_3nH1Odp9Yjm86gN,CELLULAR_PHONE_CASE,2019-07-16,1563289200
4931,R_3oB0VIIWn6ZnPjN,PHYSICAL_MOVIE,2019-07-16,1563289200
4932,R_3oO3DoeTgXHrEzx,BATTERY,2019-07-16,1563289200
4933,R_3oO3DoeTgXHrEzx,SNACK_FOOD_BAR,2019-07-16,1563289200
4934,R_3oO3DoeTgXHrEzx,CELLULAR_PHONE_CASE,2019-07-16,1563289200
4935,R_3oO3DoeTgXHrEzx,PET_FOOD,2019-07-16,1563289200
4936,R_3oO3DoeTgXHrEzx,ANIMAL_LITTER,2019-07-16,1563289200
4937,R_3oO3DoeTgXHrEzx,BAKING_PAPER,2019-07-16,1563289200
4938,R_3oO3DoeTgXHrEzx,SHIRT,2019-07-16,1563289200
4939,R_3oO3DoeTgXHrEzx,MEDICATION,2019-07-16,1563289200
4940,R_3oO3DoeTgXHrEzx,HEADPHONES,2019-07-16,1563289200
4941,R_3oO3DoeTgXHrEzx,SHIRT,2019-07-16,1563289200
4942,R_3oO3DoeTgXHrEzx,SLEEPING_BAG,2019-07-16,1563289200
4943,R_3oO3DoeTgXHrEzx,HEADPHONES,2019-07-16,1563289200
4944,R_3oWSVjKtFIw0OE8,GARDEN_EDGING,2019-07-16,1563289200
4945,R_3qmwh8eXfbMeI7U,MEDICATION,2019-07-16,1563289200
4946,R_3qmwh8eXfbMeI7U,SCREEN_PROTECTOR,2019-07-16,1563289200
4947,R_3qmwh8eXfbMeI7U,BACKPACK,2019-07-16,1563289200
4948,R_3qmwh8eXfbMeI7U,PANTS,2019-07-16,1563289200
4949,R_3qmwh8eXfbMeI7U,POPCORN,2019-07-16,1563289200
4950,R_3qmwh8eXfbMeI7U,SKIN_CLEANING_AGENT,2019-07-16,1563289200
4951,R_3s02y9lg8GCo9q0,SHIRT,2019-07-16,1563289200
4952,R_3s02y9lg8GCo9q0,PET_FOOD,2019-07-16,1563289200
4953,R_3s5NxhqKpoWo6zm,AREA_DEODORIZER,2019-07-16,1563289200
4954,R_3s5NxhqKpoWo6zm,ABIS_BOOK,2019-07-16,1563289200
4955,R_3s5NxhqKpoWo6zm,HERBAL_SUPPLEMENT,2019-07-16,1563289200
4956,R_3s5NxhqKpoWo6zm,MEDICATION,2019-07-16,1563289200
4957,R_3s5NxhqKpoWo6zm,ABIS_BOOK,2019-07-16,1563289200
4958,R_3s5NxhqKpoWo6zm,SHIRT,2019-07-16,1563289200
4959,R_3sbM1ke1qD79iaT,BATTERY,2019-07-16,1563289200
4960,R_3sbM1ke1qD79iaT,COMPUTER_DRIVE_OR_STORAGE,2019-07-16,1563289200
4961,R_3sbM1ke1qD79iaT,DAIRY_BASED_CREAM,2019-07-16,1563289200
4962,R_3sbM1ke1qD79iaT,DAIRY_BASED_CREAM,2019-07-16,1563289200
4963,R_3socPWD3wXD0iDP,DYE,2019-07-16,1563289200
4964,R_3socPWD3wXD0iDP,ANIMAL_LITTER,2019-07-16,1563289200
4965,R_3socPWD3wXD0iDP,HANDBAG,2019-07-16,1563289200
4966,R_4PhRzF4UI9ooLh7,GROCERY,2019-07-16,1563289200
4967,R_4PhRzF4UI9ooLh7,SKIN_CLEANING_AGENT,2019-07-16,1563289200
4968,R_55BKHeW1aOzYOUp,VITAMIN,2019-07-16,1563289200
4969,R_6fzbeTqbnF0kBih,OUTDOOR_LIVING,2019-07-16,1563289200
4970,R_6fzbeTqbnF0kBih,ABIS_BOOK,2019-07-16,1563289200
4971,R_85OdkeCoFP5daLL,LITTER_BOX,2019-07-16,1563289200
4972,R_85OdkeCoFP5daLL,LITTER_BOX,2019-07-16,1563289200
4973,R_85OdkeCoFP5daLL,HEADPHONES,2019-07-16,1563289200
4974,R_85OdkeCoFP5daLL,BATTERY,2019-07-16,1563289200
4975,R_85OdkeCoFP5daLL,SKIN_MOISTURIZER,2019-07-16,1563289200
4976,R_85OdkeCoFP5daLL,STORAGE_HOOK,2019-07-16,1563289200
4977,R_89aTM1JXN8SWr3b,CELLULAR_PHONE_CASE,2019-07-16,1563289200
4978,R_89aTM1JXN8SWr3b,MAGAZINES,2019-07-16,1563289200
4979,R_89aTM1JXN8SWr3b,SNACK_FOOD_BAR,2019-07-16,1563289200
4980,R_89aTM1JXN8SWr3b,STICKER_DECAL,2019-07-16,1563289200
4981,R_8CXcySQawXPuJwJ,VITAMIN,2019-07-16,1563289200
4982,R_8pMsG4P0RqzoSlz,BATTERY,2019-07-16,1563289200
4983,R_8vnpSkm79W7Jsv7,VITAMIN,2019-07-16,1563289200
4984,R_8vnpSkm79W7Jsv7,GROCERY,2019-07-16,1563289200
4985,R_8vnpSkm79W7Jsv7,SNACK_FOOD_BAR,2019-07-16,1563289200
4986,R_8vnpSkm79W7Jsv7,SHOES,2019-07-16,1563289200
4987,R_9L8Lum5AaHh6bq9,HEADPHONES,2019-07-16,1563289200
4988,R_9L8Lum5AaHh6bq9,TOYS_AND_GAMES,2019-07-16,1563289200
4989,R_9L8Lum5AaHh6bq9,PUMP_SPRAYER,2019-07-16,1563289200
4990,R_9yOmfJyU0rNZGW5,PROTECTIVE_GLOVE,2019-07-16,1563289200
4991,R_A0ZwhLeBVySdW8N,HEALTH_PERSONAL_CARE,2019-07-16,1563289200
4992,R_A5Mg9h1PiJL0Wyd,HEARING_AMPLIFIER,2019-07-16,1563289200
4993,R_A5Mg9h1PiJL0Wyd,URN,2019-07-16,1563289200
4994,R_A5Mg9h1PiJL0Wyd,BATTERY,2019-07-16,1563289200
4995,R_AKBlDprDMrv4M7v,HEALTH_PERSONAL_CARE,2019-07-16,1563289200
4996,R_AKBlDprDMrv4M7v,PERSONAL_PILL_DISPENSER,2019-07-16,1563289200
4997,R_AKBlDprDMrv4M7v,NUTRITIONAL_SUPPLEMENT,2019-07-16,1563289200
4998,R_AKBlDprDMrv4M7v,ELECTRONIC_CABLE,2019-07-16,1563289200
4999,R_Ap2HcvpPLRDJv9L,TABLET_COMPUTER,2019-07-16,1563289200
5000,R_C3LfLBkg9TFvQnD,BODY_CARE_PRODUCT,2019-07-16,1563289200
5001,R_C3LfLBkg9TFvQnD,UMBRELLA,2019-07-16,1563289200
5002,R_C3LfLBkg9TFvQnD,SKIN_CLEANING_AGENT,2019-07-16,1563289200
5003,R_C3LfLBkg9TFvQnD,TOYS_AND_GAMES,2019-07-16,1563289200
5004,R_C3LfLBkg9TFvQnD,PICTURE_FRAME,2019-07-16,1563289200
5005,R_C3LfLBkg9TFvQnD,TOYS_AND_GAMES,2019-07-16,1563289200
5006,R_Cgbr25P8IQSFnr3,SKIN_CLEANING_AGENT,2019-07-16,1563289200
5007,R_DM3u1ro7eb4ws93,SKIN_MOISTURIZER,2019-07-16,1563289200
5008,R_O9FzIlCvCxllJSN,BATHWATER_ADDITIVE,2019-07-16,1563289200
5009,R_O9FzIlCvCxllJSN,NUTRITIONAL_SUPPLEMENT,2019-07-16,1563289200
5010,R_O9FzIlCvCxllJSN,ABIS_BOOK,2019-07-16,1563289200
5011,R_O9FzIlCvCxllJSN,SHOES,2019-07-16,1563289200
5012,R_PHgbX4EoPqUsLjb,SNACK_FOOD_BAR,2019-07-16,1563289200
5013,R_PwlnzzccUMXV0n7,SCREEN_PROTECTOR,2019-07-16,1563289200
5014,R_PwlnzzccUMXV0n7,TOYS_AND_GAMES,2019-07-16,1563289200
5015,R_RK5cwWjrNzWCfLj,HUMIDIFIER,2019-07-16,1563289200
5016,R_RaeWxaWjb7z8CLT,PHYSICAL_MOVIE,2019-07-16,1563289200
5017,R_RaeWxaWjb7z8CLT,MINERAL_SUPPLEMENT,2019-07-16,1563289200
5018,R_SBiEJOUFyfjK5eF,BATTERY,2019-07-16,1563289200
5019,R_SBiEJOUFyfjK5eF,PET_FOOD,2019-07-16,1563289200
5020,R_SBiEJOUFyfjK5eF,HEADPHONES,2019-07-16,1563289200
5021,R_SBiEJOUFyfjK5eF,SHIRT,2019-07-16,1563289200
5022,R_SBiEJOUFyfjK5eF,WALKER,2019-07-16,1563289200
5023,R_SBiEJOUFyfjK5eF,VITAMIN,2019-07-16,1563289200
5024,R_T5bktxnjxE8B7ON,HEADPHONES,2019-07-16,1563289200
5025,R_T5bktxnjxE8B7ON,CRAFT_BEAD,2019-07-16,1563289200
5026,R_WerZwuLkMK4zfVf,ABIS_BOOK,2019-07-16,1563289200
5027,R_WerZwuLkMK4zfVf,ELECTRONIC_CABLE,2019-07-16,1563289200
5028,R_WerZwuLkMK4zfVf,STORAGE_BAG,2019-07-16,1563289200
5029,R_WerZwuLkMK4zfVf,SHIRT,2019-07-16,1563289200
5030,R_WerZwuLkMK4zfVf,DRYER,2019-07-16,1563289200
5031,R_WerZwuLkMK4zfVf,ANIMAL_WATER_DISPENSER,2019-07-16,1563289200
5032,R_WerZwuLkMK4zfVf,DRYER,2019-07-16,1563289200
5033,R_WerZwuLkMK4zfVf,GROCERY,2019-07-16,1563289200
5034,R_WerZwuLkMK4zfVf,ADHESIVE_TAPES,2019-07-16,1563289200
5035,R_XAphEY817eORyx3,NUTRITIONAL_SUPPLEMENT,2019-07-16,1563289200
5036,R_XAphEY817eORyx3,SHOES,2019-07-16,1563289200
5037,R_XAphEY817eORyx3,SCREEN_PROTECTOR,2019-07-16,1563289200
5038,R_XAphEY817eORyx3,CELLULAR_PHONE_CASE,2019-07-16,1563289200
5039,R_XAphEY817eORyx3,PHYSICAL_MOVIE,2019-07-16,1563289200
5040,R_XYTa0bvoaQqev3r,CARABINER,2019-07-16,1563289200
5041,R_XuCuybjxPer1OeJ,LIGHT_SOURCE,2019-07-16,1563289200
5042,R_Y4jCkfTFzvtw5SF,LANDLINE_PHONE,2019-07-16,1563289200
5043,R_Y4jCkfTFzvtw5SF,PLANTER,2019-07-16,1563289200
5044,R_Y4jCkfTFzvtw5SF,BED_FRAME,2019-07-16,1563289200
5045,R_Y4jCkfTFzvtw5SF,ELECTRIC_SHAVER,2019-07-16,1563289200
5046,R_Y4jCkfTFzvtw5SF,PANTS,2019-07-16,1563289200
5047,R_ZIBCd5K8oQRXdm1,HEALTH_PERSONAL_CARE,2019-07-16,1563289200
5048,R_ZIBCd5K8oQRXdm1,GROCERY,2019-07-16,1563289200
5049,R_ZIBCd5K8oQRXdm1,NUTRITIONAL_SUPPLEMENT,2019-07-16,1563289200
5050,R_ZkokwdIEZybYo9z,VACUUM_FILTER,2019-07-16,1563289200
5051,R_ZkokwdIEZybYo9z,SHOES,2019-07-16,1563289200
5052,R_b3NWnTBcFyWqXjH,CELLULAR_PHONE_CASE,2019-07-16,1563289200
5053,R_bJI8lmXMZWL6oql,SOUND_CARD,2019-07-16,1563289200
5054,R_bKJcIltPwncL9uN,PANTS,2019-07-16,1563289200
5055,R_bkquoGQp5VhpihP,FOOD_GLITTER_SPRINKLE,2019-07-16,1563289200
5056,R_bkquoGQp5VhpihP,SNACK_FOOD_BAR,2019-07-16,1563289200
5057,R_bvB6935ZyXpoL5v,GROCERY,2019-07-16,1563289200
5058,R_bw2nQ0iRh2wCa8p,PHYSICAL_MOVIE,2019-07-16,1563289200
5059,R_cAcAtozIWnZIbGp,NUTRITIONAL_SUPPLEMENT,2019-07-16,1563289200
5060,R_cBHNm1kpSiUUDGV,PHYSICAL_MOVIE,2019-07-16,1563289200
5061,R_cCucjmijTJETC6d,VITAMIN,2019-07-16,1563289200
5062,R_e387De1jF0gN2OB,VIVARIUM,2019-07-16,1563289200
5063,R_e387De1jF0gN2OB,SKIN_CLEANING_AGENT,2019-07-16,1563289200
5064,R_e387De1jF0gN2OB,GROCERY,2019-07-16,1563289200
5065,R_e387De1jF0gN2OB,BLAZER,2019-07-16,1563289200
5066,R_e387De1jF0gN2OB,PET_FOOD,2019-07-16,1563289200
5067,R_e387De1jF0gN2OB,PANTS,2019-07-16,1563289200
5068,R_e387De1jF0gN2OB,BATTERY,2019-07-16,1563289200
5069,R_e387De1jF0gN2OB,VITAMIN,2019-07-16,1563289200
5070,R_e387De1jF0gN2OB,CABLE_TIE,2019-07-16,1563289200
5071,R_e387De1jF0gN2OB,NUTRITIONAL_SUPPLEMENT,2019-07-16,1563289200
5072,R_e387De1jF0gN2OB,CELLULAR_PHONE_CASE,2019-07-16,1563289200
5073,R_eg0ycbZcHEfhBAd,CAMERA_LENS_ACCESSORY,2019-07-16,1563289200
5074,R_eg0ycbZcHEfhBAd,SCREEN_PROTECTOR,2019-07-16,1563289200
5075,R_elI733GpRi0df0J,SNACK_FOOD_BAR,2019-07-16,1563289200
5076,R_elI733GpRi0df0J,HEALTH_PERSONAL_CARE,2019-07-16,1563289200
5077,R_pGHKffvC4zrBtAJ,TIRE_VALVE_STEM_CAP,2019-07-16,1563289200
5078,R_pMnqpu31myYoxy1,SNACK_FOOD_BAR,2019-07-16,1563289200
5079,R_reG3llJtTwO6ccV,WATCH,2019-07-16,1563289200
5080,R_rqK6K6zDsynoZHP,SKIN_MOISTURIZER,2019-07-16,1563289200
5081,R_rqK6K6zDsynoZHP,HEADPHONES,2019-07-16,1563289200
5082,R_sM3qX7I1tHzvU09,PILLOW_PROTECTOR,2019-07-16,1563289200
5083,R_t0ccZ3CXpzqgSpr,SAUTE_FRY_PAN,2019-07-16,1563289200
5084,R_t0ccZ3CXpzqgSpr,SCREEN_PROTECTOR,2019-07-16,1563289200
5085,R_t0ccZ3CXpzqgSpr,SNACK_FOOD_BAR,2019-07-16,1563289200
5086,R_t0ccZ3CXpzqgSpr,PHYSICAL_MOVIE,2019-07-16,1563289200
5087,R_tDI0MmPcVp5b2Xn,TOYS_AND_GAMES,2019-07-16,1563289200
5088,R_tDI0MmPcVp5b2Xn,ELECTRONIC_CABLE,2019-07-16,1563289200
5089,R_tDI0MmPcVp5b2Xn,SWEATSHIRT,2019-07-16,1563289200
5090,R_tJNLenUlMH5f4el,SKIN_CLEANING_AGENT,2019-07-16,1563289200
5091,R_tJNLenUlMH5f4el,PET_SUPPLIES,2019-07-16,1563289200
5092,R_tJNLenUlMH5f4el,ELECTRONIC_CABLE,2019-07-16,1563289200
5093,R_tJNLenUlMH5f4el,ART_CRAFT_KIT,2019-07-16,1563289200
5094,R_u2EdYogSnJBrpex,BATTERY,2019-07-16,1563289200
5095,R_u2EdYogSnJBrpex,TOYS_AND_GAMES,2019-07-16,1563289200
5096,R_u2EdYogSnJBrpex,HEADPHONES,2019-07-16,1563289200
5097,R_u2EdYogSnJBrpex,BEDDING_SET,2019-07-16,1563289200
5098,R_u9qeol6zlUcq13j,PERSONAL_FRAGRANCE,2019-07-16,1563289200
5099,R_u9qeol6zlUcq13j,ELECTRONIC_CABLE,2019-07-16,1563289200
5100,R_u9qeol6zlUcq13j,ABIS_BOOK,2019-07-16,1563289200
5101,R_u9qeol6zlUcq13j,SKIN_CLEANING_AGENT,2019-07-16,1563289200
5102,R_u9qeol6zlUcq13j,SNACK_FOOD_BAR,2019-07-16,1563289200
5103,R_x969WzGgXuE1CuJ,ABIS_BOOK,2019-07-16,1563289200
5104,R_x969WzGgXuE1CuJ,UNDERPANTS,2019-07-16,1563289200
5105,R_xzt7BAlQUA8iNyh,HEALTH_PERSONAL_CARE,2019-07-16,1563289200
5106,R_xzt7BAlQUA8iNyh,ASTRINGENT_SUBSTANCE,2019-07-16,1563289200
5107,R_xzt7BAlQUA8iNyh,SNACK_FOOD_BAR,2019-07-16,1563289200
5108,R_xzt7BAlQUA8iNyh,SCREEN_PROTECTOR,2019-07-16,1563289200
5109,R_xzt7BAlQUA8iNyh,PUZZLES,2019-07-16,1563289200
5110,R_yC5ffbdBLVi93Pz,BRACELET,2019-07-16,1563289200
5111,R_yC5ffbdBLVi93Pz,PET_FOOD,2019-07-16,1563289200
5112,R_yJz6aXbKddNbgZz,ABIS_BOOK,2019-07-16,1563289200
5113,R_yJz6aXbKddNbgZz,SKIN_CLEANING_AGENT,2019-07-16,1563289200
5114,R_yJz6aXbKddNbgZz,STEAM_CLEANER,2019-07-16,1563289200
5115,R_yrLrYUf4oFzOnjb,PHYSICAL_MOVIE,2019-07-16,1563289200
5116,R_zTf2i6s3E2OQZQR,SKIN_CLEANING_AGENT,2019-07-16,1563289200
5117,R_zTi3j2QuqAzr7NL,MEDICATION,2019-07-16,1563289200
5118,R_zdLOP8JD2pe1brj,TOYS_AND_GAMES,2019-07-16,1563289200
5119,R_zdLOP8JD2pe1brj,APPAREL_PIN,2019-07-16,1563289200
5120,R_zdLOP8JD2pe1brj,HEALTH_PERSONAL_CARE,2019-07-16,1563289200
5121,R_zdLOP8JD2pe1brj,PROJECTILE_BOW,2019-07-16,1563289200
5122,R_0pRmRjHkwStzNQJ,EXERCISE_MAT,2019-07-17,1563375600
5123,R_0pRmRjHkwStzNQJ,MEDICATION,2019-07-17,1563375600
5124,R_0pRmRjHkwStzNQJ,PET_FOOD,2019-07-17,1563375600
5125,R_0pRmRjHkwStzNQJ,PHYSICAL_MOVIE,2019-07-17,1563375600
5126,R_0pRmRjHkwStzNQJ,EXERCISE_MAT,2019-07-17,1563375600
5127,R_0pRmRjHkwStzNQJ,PHYSICAL_MOVIE,2019-07-17,1563375600
5128,R_0pRmRjHkwStzNQJ,DRINKING_CUP,2019-07-17,1563375600
5129,R_129jUlsvVcVBDur,HEALTH_PERSONAL_CARE,2019-07-17,1563375600
5130,R_1C4nKyrv0w2thJn,CLIMBING_PLANT_SUPPORT_STRUCTURE,2019-07-17,1563375600
5131,R_1C4nKyrv0w2thJn,CLIMBING_PLANT_SUPPORT_STRUCTURE,2019-07-17,1563375600
5132,R_1C4nKyrv0w2thJn,SCREEN_PROTECTOR,2019-07-17,1563375600
5133,R_1C4nKyrv0w2thJn,SKIN_CLEANING_AGENT,2019-07-17,1563375600
5134,R_1C4nKyrv0w2thJn,HEALTH_PERSONAL_CARE,2019-07-17,1563375600
5135,R_1C8w4NDDQC5fcgE,SHOES,2019-07-17,1563375600
5136,R_1C8w4NDDQC5fcgE,ELECTRONIC_CABLE,2019-07-17,1563375600
5137,R_1Cd5zmz07X5BqKa,VITAMIN,2019-07-17,1563375600
5138,R_1ClqO4ZMDuwGjfl,VACUUM_CLEANER,2019-07-17,1563375600
5139,R_1ClqO4ZMDuwGjfl,PANTS,2019-07-17,1563375600
5140,R_1ClqO4ZMDuwGjfl,SKIN_CLEANING_AGENT,2019-07-17,1563375600
5141,R_1ClqO4ZMDuwGjfl,PHYSICAL_MOVIE,2019-07-17,1563375600
5142,R_1ClqO4ZMDuwGjfl,ABDOMINAL_EXERCISER,2019-07-17,1563375600
5143,R_1ClqO4ZMDuwGjfl,HEADPHONES,2019-07-17,1563375600
5144,R_1ClqO4ZMDuwGjfl,PANTS,2019-07-17,1563375600
5145,R_1ClqO4ZMDuwGjfl,WEIGH_SCALE,2019-07-17,1563375600
5146,R_1ClqO4ZMDuwGjfl,COFFEE,2019-07-17,1563375600
5147,R_1ClqO4ZMDuwGjfl,PHYSICAL_MOVIE,2019-07-17,1563375600
5148,R_1ClqO4ZMDuwGjfl,HEALTH_PERSONAL_CARE,2019-07-17,1563375600
5149,R_1DYWdbAMt6LyCZH,HEALTH_PERSONAL_CARE,2019-07-17,1563375600
5150,R_1DYWdbAMt6LyCZH,ABIS_BOOK,2019-07-17,1563375600
5151,R_1Egu0oETMcJuIOb,SWEATBAND,2019-07-17,1563375600
5152,R_1Egu0oETMcJuIOb,CLIMBING_PLANT_SUPPORT_STRUCTURE,2019-07-17,1563375600
5153,R_1Fyt6rHyiQcVOT8,DECORATIVE_MAGNET,2019-07-17,1563375600
5154,R_1Fyt6rHyiQcVOT8,ELECTRONIC_CABLE,2019-07-17,1563375600
5155,R_1Fyt6rHyiQcVOT8,HEALTH_PERSONAL_CARE,2019-07-17,1563375600
5156,R_1Fyt6rHyiQcVOT8,TARP,2019-07-17,1563375600
5157,R_1Fyt6rHyiQcVOT8,FRESH_CUT_FLOWERS_PLANTS,2019-07-17,1563375600
5158,R_1Fyt6rHyiQcVOT8,FRESH_CUT_FLOWERS_PLANTS,2019-07-17,1563375600
5159,R_1Fyt6rHyiQcVOT8,SHIRT,2019-07-17,1563375600
5160,R_1Fyt6rHyiQcVOT8,GROCERY,2019-07-17,1563375600
5161,R_1I4dnMKlrmtUP09,HEADPHONES,2019-07-17,1563375600
5162,R_1MJSWPNY1QR0Q68,O_RINGS,2019-07-17,1563375600
5163,R_1MJSWPNY1QR0Q68,MEDICATION,2019-07-17,1563375600
5164,R_1MJSWPNY1QR0Q68,SHOES,2019-07-17,1563375600
5165,R_1MJSWPNY1QR0Q68,PET_SUPPLIES,2019-07-17,1563375600
5166,R_1MJSWPNY1QR0Q68,MEDICAL_TEST_STRIP,2019-07-17,1563375600
5167,R_1MJSWPNY1QR0Q68,BIOMETRIC_MONITOR,2019-07-17,1563375600
5168,R_1MJSWPNY1QR0Q68,HEALTH_PERSONAL_CARE,2019-07-17,1563375600
5169,R_1MJSWPNY1QR0Q68,SHIRT,2019-07-17,1563375600
5170,R_1MJSWPNY1QR0Q68,O_RINGS,2019-07-17,1563375600
5171,R_1MJSWPNY1QR0Q68,DUMBBELL,2019-07-17,1563375600
5172,R_1MJSWPNY1QR0Q68,WATER_PURIFICATION_UNIT,2019-07-17,1563375600
5173,R_1MJSWPNY1QR0Q68,POWERSPORTS_VEHICLE_PART,2019-07-17,1563375600
5174,R_1MJSWPNY1QR0Q68,MEDICATION,2019-07-17,1563375600
5175,R_1MJSWPNY1QR0Q68,SKIN_CLEANING_AGENT,2019-07-17,1563375600
5176,R_1MJSWPNY1QR0Q68,PANTS,2019-07-17,1563375600
5177,R_1MJSWPNY1QR0Q68,SHOES,2019-07-17,1563375600
5178,R_1MJSWPNY1QR0Q68,HEADPHONES,2019-07-17,1563375600
5179,R_1MJSWPNY1QR0Q68,MEDICATION,2019-07-17,1563375600
5180,R_1MJSWPNY1QR0Q68,GROCERY,2019-07-17,1563375600
5181,R_1MTbVUzYEQq2MzU,VIRTUAL_REALITY_HEADSET,2019-07-17,1563375600
5182,R_1NCzj2eSHI4QGcd,VITAMIN,2019-07-17,1563375600
5183,R_1NCzj2eSHI4QGcd,MEDICATION,2019-07-17,1563375600
5184,R_1NCzj2eSHI4QGcd,SHOES,2019-07-17,1563375600
5185,R_1NCzj2eSHI4QGcd,GROCERY,2019-07-17,1563375600
5186,R_1NCzj2eSHI4QGcd,EYELID_COLOR,2019-07-17,1563375600
5187,R_1NDq0rxoUSu6oyz,VITAMIN,2019-07-17,1563375600
5188,R_1NDq0rxoUSu6oyz,HEALTH_PERSONAL_CARE,2019-07-17,1563375600
5189,R_1NDq0rxoUSu6oyz,PHYSICAL_MOVIE,2019-07-17,1563375600
5190,R_1P0kCmz0zdMSEld,HEADPHONES,2019-07-17,1563375600
5191,R_1Q9JeeKncbbLcz0,HEADPHONES,2019-07-17,1563375600
5192,R_1dAhJdFXHV5xmMG,SHARP_PIN,2019-07-17,1563375600
5193,R_1gcmv3lhX8iJEQb,BABY_BOTTLE,2019-07-17,1563375600
5194,R_1hMV4AHCk04WO5V,MEDICATION,2019-07-17,1563375600
5195,R_1hMV4AHCk04WO5V,PET_FOOD,2019-07-17,1563375600
5196,R_1hMV4AHCk04WO5V,VITAMIN,2019-07-17,1563375600
5197,R_1l4zCtGUTvAWdS6,ABIS_BOOK,2019-07-17,1563375600
5198,R_1nOCRAcsi1AU77q,FOOD,2019-07-17,1563375600
5199,R_1obwpb6iowh7vew,HEALTH_PERSONAL_CARE,2019-07-17,1563375600
5200,R_1obwpb6iowh7vew,HAIR_STYLING_AGENT,2019-07-17,1563375600
5201,R_1pm2Wo5wrQSY0Gm,HAIR_STYLING_AGENT,2019-07-17,1563375600
5202,R_1r18PD3TjJe3i53,NUTRITIONAL_SUPPLEMENT,2019-07-17,1563375600
5203,R_1r18PD3TjJe3i53,GROCERY,2019-07-17,1563375600
5204,R_1r18PD3TjJe3i53,TOYS_AND_GAMES,2019-07-17,1563375600
5205,R_20Yd9DvrGselmZY,ABIS_BOOK,2019-07-17,1563375600
5206,R_20Yd9DvrGselmZY,SKIN_MOISTURIZER,2019-07-17,1563375600
5207,R_24bE9NTxiBf6v2b,SNACK_FOOD_BAR,2019-07-17,1563375600
5208,R_24bE9NTxiBf6v2b,HEALTH_PERSONAL_CARE,2019-07-17,1563375600
5209,R_24bE9NTxiBf6v2b,OUTBOARD_MOTOR,2019-07-17,1563375600
5210,R_24bE9NTxiBf6v2b,HAIR_STYLING_AGENT,2019-07-17,1563375600
5211,R_24clqkYBai6m1Xz,CELLULAR_PHONE_CASE,2019-07-17,1563375600
5212,R_24clqkYBai6m1Xz,MILK_SUBSTITUTE,2019-07-17,1563375600
5213,R_24csoaO569P4Yzz,ABIS_BOOK,2019-07-17,1563375600
5214,R_25z5LHPaAsxktx7,ELECTRONIC_CABLE,2019-07-17,1563375600
5215,R_25z5LHPaAsxktx7,SKIN_BLEMISH_REMOVAL_TOOL,2019-07-17,1563375600
5216,R_277i50HinKYVoY9,SHIRT,2019-07-17,1563375600
5217,R_2ASz0xBmcxqYzUJ,SWEATER,2019-07-17,1563375600
5218,R_2ASz0xBmcxqYzUJ,SOIL,2019-07-17,1563375600
5219,R_2BtA3kIOBjhD26o,NUTRITIONAL_SUPPLEMENT,2019-07-17,1563375600
5220,R_2BtA3kIOBjhD26o,INKJET_PRINTER_INK,2019-07-17,1563375600
5221,R_2CVxHRKIkQ8pd1C,PHYSICAL_MOVIE,2019-07-17,1563375600
5222,R_2CVxHRKIkQ8pd1C,SKIN_MOISTURIZER,2019-07-17,1563375600
5223,R_2DOWnSX3XtTVapF,THREAD_CORD,2019-07-17,1563375600
5224,R_2DOWnSX3XtTVapF,ABIS_BOOK,2019-07-17,1563375600
5225,R_2EglJpTWGEiwQYa,SELF_DEFENSE_SPRAY,2019-07-17,1563375600
5226,R_2EglJpTWGEiwQYa,SKIN_CLEANING_AGENT,2019-07-17,1563375600
5227,R_2EglJpTWGEiwQYa,WRITING_PAPER,2019-07-17,1563375600
5228,R_2EglJpTWGEiwQYa,HEALTH_PERSONAL_CARE,2019-07-17,1563375600
5229,R_2EglJpTWGEiwQYa,SHIRT,2019-07-17,1563375600
5230,R_2EglJpTWGEiwQYa,SKIN_CLEANING_AGENT,2019-07-17,1563375600
5231,R_2EglJpTWGEiwQYa,PITCHER,2019-07-17,1563375600
5232,R_2EglJpTWGEiwQYa,ELECTRONIC_CABLE,2019-07-17,1563375600
5233,R_2EglJpTWGEiwQYa,PARTY_DECORATION_PACK,2019-07-17,1563375600
5234,R_2En0sbvQ7s48ufv,POWERSPORTS_VEHICLE_PART,2019-07-17,1563375600
5235,R_2QQl58nFfrZayxf,RAM_MEMORY,2019-07-17,1563375600
5236,R_2QXJIE0UXBTy8wd,BATTERY,2019-07-17,1563375600
5237,R_2R20tGsAciB0E9U,CARRIER_BAG_CASE,2019-07-17,1563375600
5238,R_2UgruQ1jzpNXLQZ,BATTERY,2019-07-17,1563375600
5239,R_2UgruQ1jzpNXLQZ,JUICE_AND_JUICE_DRINK,2019-07-17,1563375600
5240,R_2YeJ7ZNQ5xBFmxw,NUTRITIONAL_SUPPLEMENT,2019-07-17,1563375600
5241,R_2ZOgImZ5BSZcQoz,SIM_CARD,2019-07-17,1563375600
5242,R_2ZPqsX1an4DPSal,SKIN_MOISTURIZER,2019-07-17,1563375600
5243,R_2ZPqsX1an4DPSal,ELECTRONIC_CABLE,2019-07-17,1563375600
5244,R_2b1XOZR0PYTA1jX,AIMING_SCOPE_SIGHT,2019-07-17,1563375600
5245,R_2bTLZFP7p4CPlTT,HEADPHONES,2019-07-17,1563375600
5246,R_2bTLZFP7p4CPlTT,MEDICATION,2019-07-17,1563375600
5247,R_2bTLZFP7p4CPlTT,SKIN_CLEANING_AGENT,2019-07-17,1563375600
5248,R_2bTLZFP7p4CPlTT,PET_FOOD,2019-07-17,1563375600
5249,R_2cnNyjA4yHdU4ij,SHIRT,2019-07-17,1563375600
5250,R_2dEe5MXA0pGB5Fr,PANTS,2019-07-17,1563375600
5251,R_2dFHfsIqQ6eEtVW,NUT_AND_SEED,2019-07-17,1563375600
5252,R_2ebzj3o225IisIQ,CUFF_LINK,2019-07-17,1563375600
5253,R_2ebzj3o225IisIQ,PANTS,2019-07-17,1563375600
5254,R_2mKYTXpTsUEkSGt,SEWING_TOOL_SET,2019-07-17,1563375600
5255,R_2mKYTXpTsUEkSGt,RUG_PAD,2019-07-17,1563375600
5256,R_2tfHzrdo6EEaiWi,HAIR_TRIMMER,2019-07-17,1563375600
5257,R_2uIMLcJgQmb0v3G,HEADPHONES,2019-07-17,1563375600
5258,R_2uIMLcJgQmb0v3G,MEDICATION,2019-07-17,1563375600
5259,R_2vkMWH10xWp7o9s,MESS_KIT,2019-07-17,1563375600
5260,R_2wmCdm6ETy6g3k0,NUTRITIONAL_SUPPLEMENT,2019-07-17,1563375600
5261,R_2z7rLZb69WuqDdf,MACHINE_LUBRICANT,2019-07-17,1563375600
5262,R_2z7rLZb69WuqDdf,ORTHOPEDIC_BRACE,2019-07-17,1563375600
5263,R_2z7rLZb69WuqDdf,SNACK_FOOD_BAR,2019-07-17,1563375600
5264,R_2z7rLZb69WuqDdf,SKIN_CLEANING_AGENT,2019-07-17,1563375600
5265,R_2zCmQhJtrw3xBtV,PHYSICAL_MOVIE,2019-07-17,1563375600
5266,R_31ixLIfyf3xt0RM,MATERIAL_HANDLING_TRUCK,2019-07-17,1563375600
5267,R_31ixLIfyf3xt0RM,SKIN_CLEANING_AGENT,2019-07-17,1563375600
5268,R_31ixLIfyf3xt0RM,NUTRITIONAL_SUPPLEMENT,2019-07-17,1563375600
5269,R_31ixLIfyf3xt0RM,HEADPHONES,2019-07-17,1563375600
5270,R_31n2MLk9w05iLzN,GUN_CLEANING_KIT,2019-07-17,1563375600
5271,R_32LAHRoBCbjkYZj,BANNER,2019-07-17,1563375600
5272,R_32UZncFA03IrQwQ,SHEET_PAN,2019-07-17,1563375600
5273,R_32UZncFA03IrQwQ,SHOES,2019-07-17,1563375600
5274,R_3EQ2dhEXGhy72Xx,SKIN_CLEANING_AGENT,2019-07-17,1563375600
5275,R_3Em4Q2OBHB3m5rz,PET_FOOD,2019-07-17,1563375600
5276,R_3Em4Q2OBHB3m5rz,PHYSICAL_MOVIE,2019-07-17,1563375600
5277,R_3Em4Q2OBHB3m5rz,PANTS,2019-07-17,1563375600
5278,R_3G1gYo1d23Zq8Np,RUG,2019-07-17,1563375600
5279,R_3GCXgWFPLgXAuFC,SYRINGE,2019-07-17,1563375600
5280,R_3Ge2RzIsoM2g5lL,ELECTRONIC_CABLE,2019-07-17,1563375600
5281,R_3Ge2RzIsoM2g5lL,CELLULAR_PHONE_CASE,2019-07-17,1563375600
5282,R_3HzRfw5sNEvrFRf,SKIN_MOISTURIZER,2019-07-17,1563375600
5283,R_3HzhKIwCcybjVbM,ABIS_BOOK,2019-07-17,1563375600
5284,R_3I0sWpLFEyMMVOV,ABIS_BOOK,2019-07-17,1563375600
5285,R_3I0sWpLFEyMMVOV,TOYS_AND_GAMES,2019-07-17,1563375600
5286,R_3I0sWpLFEyMMVOV,SHIRT,2019-07-17,1563375600
5287,R_3I0sWpLFEyMMVOV,VACUUM_CLEANER,2019-07-17,1563375600
5288,R_3L20DbmNPSMtKUd,PET_FOOD,2019-07-17,1563375600
5289,R_3L8dgu12mdk2UVH,STANDALONE_STREAMING_MEDIA_PLAYER,2019-07-17,1563375600
5290,R_3L8dgu12mdk2UVH,SCREEN_PROTECTOR,2019-07-17,1563375600
5291,R_3L8dgu12mdk2UVH,VITAMIN,2019-07-17,1563375600
5292,R_3L8dgu12mdk2UVH,CELLULAR_PHONE_CASE,2019-07-17,1563375600
5293,R_3M3RSZ7wNRSaxNx,NUTRITIONAL_SUPPLEMENT,2019-07-17,1563375600
5294,R_3M3RSZ7wNRSaxNx,TABLETOP_GAME,2019-07-17,1563375600
5295,R_3M3RSZ7wNRSaxNx,CHAINSAW_CHAIN,2019-07-17,1563375600
5296,R_3MsBFFMO0AQslDO,GROCERY,2019-07-17,1563375600
5297,R_3MsBFFMO0AQslDO,TOILET_PAPER,2019-07-17,1563375600
5298,R_3MsBFFMO0AQslDO,COMPUTER,2019-07-17,1563375600
5299,R_3NwT1ZQQBtYqBaM,PHYSICAL_MOVIE,2019-07-17,1563375600
5300,R_3RmDOazalOu0F1L,CAR_ALARM,2019-07-17,1563375600
5301,R_3RmDOazalOu0F1L,SKIN_CLEANING_AGENT,2019-07-17,1563375600
5302,R_3emmbwwsXsxt4Oj,ELECTRONIC_CABLE,2019-07-17,1563375600
5303,R_3enuyEOsaEVxTNX,MEDICAL_TEST_STRIP,2019-07-17,1563375600
5304,R_3lYUnPKDsGA54tw,GROCERY,2019-07-17,1563375600
5305,R_3lYUnPKDsGA54tw,SKIN_MOISTURIZER,2019-07-17,1563375600
5306,R_3m3H4mwZ2snYFua,PANTS,2019-07-17,1563375600
5307,R_3m3H4mwZ2snYFua,PANTS,2019-07-17,1563375600
5308,R_3oO3DoeTgXHrEzx,SKIN_MOISTURIZER,2019-07-17,1563375600
5309,R_3qqdzQnCaBYHx9o,CAMERA,2019-07-17,1563375600
5310,R_3rV7kPHe9hVsMee,HEALTH_PERSONAL_CARE,2019-07-17,1563375600
5311,R_3rV7kPHe9hVsMee,CELLULAR_PHONE_CASE,2019-07-17,1563375600
5312,R_3rV7kPHe9hVsMee,SHOES,2019-07-17,1563375600
5313,R_3socPWD3wXD0iDP,SCREEN_PROTECTOR,2019-07-17,1563375600
5314,R_3socPWD3wXD0iDP,TOY_FIGURE,2019-07-17,1563375600
5315,R_3socPWD3wXD0iDP,SEXUAL_WELLNESS,2019-07-17,1563375600
5316,R_3socPWD3wXD0iDP,SNACK_FOOD_BAR,2019-07-17,1563375600
5317,R_3sp0qsXaE11taC1,SNACK_FOOD_BAR,2019-07-17,1563375600
5318,R_4PhRzF4UI9ooLh7,SCREEN_PROTECTOR,2019-07-17,1563375600
5319,R_4YnsyJn7OBPaUut,SNACK_FOOD_BAR,2019-07-17,1563375600
5320,R_4YnsyJn7OBPaUut,SHOES,2019-07-17,1563375600
5321,R_4YnsyJn7OBPaUut,CARD_DOCUMENT_SLEEVE,2019-07-17,1563375600
5322,R_4YnsyJn7OBPaUut,PHYSICAL_MOVIE,2019-07-17,1563375600
5323,R_7ZH1uBNuL9RQ2K5,SHOES,2019-07-17,1563375600
5324,R_85OdkeCoFP5daLL,JAR,2019-07-17,1563375600
5325,R_8puIA0Aj4F8MuI1,BICYCLE_TRAINER,2019-07-17,1563375600
5326,R_8puIA0Aj4F8MuI1,TOYS_AND_GAMES,2019-07-17,1563375600
5327,R_A5Mg9h1PiJL0Wyd,SKIN_CLEANING_AGENT,2019-07-17,1563375600
5328,R_A5Mg9h1PiJL0Wyd,HEALTH_PERSONAL_CARE,2019-07-17,1563375600
5329,R_BWAjcs1sKUc6NQl,PANTS,2019-07-17,1563375600
5330,R_BWhnv4EdbhSS6rf,MUFFLER,2019-07-17,1563375600
5331,R_BWhnv4EdbhSS6rf,SKIN_MOISTURIZER,2019-07-17,1563375600
5332,R_C3LfLBkg9TFvQnD,SHIRT,2019-07-17,1563375600
5333,R_C3LfLBkg9TFvQnD,INCONTINENCE_PROTECTOR,2019-07-17,1563375600
5334,R_Djcs43mP6ReoYgN,SKIN_MOISTURIZER,2019-07-17,1563375600
5335,R_O6ZX76mggPnAOfD,BOLTS,2019-07-17,1563375600
5336,R_O6ZX76mggPnAOfD,SKIN_CLEANING_AGENT,2019-07-17,1563375600
5337,R_Odixb15Ykmxb0Dn,GIFT_WRAP,2019-07-17,1563375600
5338,R_Odixb15Ykmxb0Dn,SNACK_FOOD_BAR,2019-07-17,1563375600
5339,R_Q6WPHvxgbOBjvZ7,HAND_SEWING_NEEDLE,2019-07-17,1563375600
5340,R_Ui78k1hRGuGWhln,BATTERY,2019-07-17,1563375600
5341,R_Y3PPLmdNg6NnwZz,PANTS,2019-07-17,1563375600
5342,R_Y4Y0rnYYDKTzxM5,SKIN_MOISTURIZER,2019-07-17,1563375600
5343,R_ZeqLnp8IZFNzHMt,PET_PEST_CONTROL,2019-07-17,1563375600
5344,R_b8UnkZJoU93ZxEB,TOYS_AND_GAMES,2019-07-17,1563375600
5345,R_bJI8lmXMZWL6oql,SKIN_CLEANING_AGENT,2019-07-17,1563375600
5346,R_bJI8lmXMZWL6oql,SCREEN_PROTECTOR,2019-07-17,1563375600
5347,R_bJI8lmXMZWL6oql,PET_FOOD,2019-07-17,1563375600
5348,R_bJI8lmXMZWL6oql,MEDICATION,2019-07-17,1563375600
5349,R_bJI8lmXMZWL6oql,HEADPHONES,2019-07-17,1563375600
5350,R_bJI8lmXMZWL6oql,ABIS_BOOK,2019-07-17,1563375600
5351,R_bJI8lmXMZWL6oql,GROCERY,2019-07-17,1563375600
5352,R_bJI8lmXMZWL6oql,EXERCISE_STEP_PLATFORM,2019-07-17,1563375600
5353,R_cAcAtozIWnZIbGp,VITAMIN,2019-07-17,1563375600
5354,R_cAcAtozIWnZIbGp,NUTRITIONAL_SUPPLEMENT,2019-07-17,1563375600
5355,R_cAcAtozIWnZIbGp,YARN,2019-07-17,1563375600
5356,R_e8KTElZZLWryLWp,NUTRITIONAL_SUPPLEMENT,2019-07-17,1563375600
5357,R_e8KTElZZLWryLWp,FIRE_SCREEN,2019-07-17,1563375600
5358,R_e8KTElZZLWryLWp,ELECTRONIC_CABLE,2019-07-17,1563375600
5359,R_e8KTElZZLWryLWp,SKIN_CLEANING_AGENT,2019-07-17,1563375600
5360,R_pMnqpu31myYoxy1,HOME,2019-07-17,1563375600
5361,R_pMnqpu31myYoxy1,SHOES,2019-07-17,1563375600
5362,R_pMnqpu31myYoxy1,VIDEO_GAME_ACCESSORIES,2019-07-17,1563375600
5363,R_rqK6K6zDsynoZHP,MICROPHONE_STAND,2019-07-17,1563375600
5364,R_tJNLenUlMH5f4el,BED_SKIRT,2019-07-17,1563375600
5365,R_tJNLenUlMH5f4el,ELECTRONIC_CABLE,2019-07-17,1563375600
5366,R_vYtQIbKQv9vFKuZ,FURNITURE_EDGE_BUMPER,2019-07-17,1563375600
5367,R_xcs1aVCVrBlXkgV,NUTRITIONAL_SUPPLEMENT,2019-07-17,1563375600
5368,R_xcs1aVCVrBlXkgV,CARD_STOCK,2019-07-17,1563375600
5369,R_yJz6aXbKddNbgZz,CELLULAR_PHONE_CASE,2019-07-17,1563375600
5370,R_yJz6aXbKddNbgZz,SIM_CARD,2019-07-17,1563375600
5371,R_yJz6aXbKddNbgZz,ABIS_BOOK,2019-07-17,1563375600
5372,R_yJz6aXbKddNbgZz,STEAM_CLEANER,2019-07-17,1563375600
5373,R_yJz6aXbKddNbgZz,SHOES,2019-07-17,1563375600
5374,R_yJz6aXbKddNbgZz,DIGITAL_DEVICE_3,2019-07-17,1563375600
5375,R_10CAlrx7dbJty9R,GAS_SMOKE_FIRE_ALARM,2019-07-18,1563462000
5376,R_1C4nKyrv0w2thJn,HUMIDITY_METER,2019-07-18,1563462000
5377,R_1C4nKyrv0w2thJn,TOYS_AND_GAMES,2019-07-18,1563462000
5378,R_1C4nKyrv0w2thJn,SEASONING,2019-07-18,1563462000
5379,R_1C75XRebT1eliL0,VITAMIN,2019-07-18,1563462000
5380,R_1C9YUFD8GunlGej,ABIS_BOOK,2019-07-18,1563462000
5381,R_1CqGMkfiCiATbn4,TOYS_AND_GAMES,2019-07-18,1563462000
5382,R_1DJ4QJgrJwK7g3Y,SHOES,2019-07-18,1563462000
5383,R_1NDq0rxoUSu6oyz,SUNSCREEN,2019-07-18,1563462000
5384,R_1Q62CIVb2WAS8hB,SKIN_MOISTURIZER,2019-07-18,1563462000
5385,R_1Q62CIVb2WAS8hB,FLAVORED_DRINK_CONCENTRATE,2019-07-18,1563462000
5386,R_1QoPHtffEy2UzWJ,BRASS_AND_WOODWIND_INSTRUMENTS,2019-07-18,1563462000
5387,R_1QoPHtffEy2UzWJ,CELLULAR_PHONE_CASE,2019-07-18,1563462000
5388,R_1QupmKjSh9fA4l4,TELESCOPE,2019-07-18,1563462000
5389,R_1daE3vUDxFrSw4I,ABIS_BOOK,2019-07-18,1563462000
5390,R_1daE3vUDxFrSw4I,PET_FOOD,2019-07-18,1563462000
5391,R_1daE3vUDxFrSw4I,ELECTRIC_SHAVER,2019-07-18,1563462000
5392,R_1dlSByn2AyHWx7r,SCREEN_PROTECTOR,2019-07-18,1563462000
5393,R_1dlSByn2AyHWx7r,MANNEQUIN_CLOTHING_FORM,2019-07-18,1563462000
5394,R_1dlSByn2AyHWx7r,ABIS_BOOK,2019-07-18,1563462000
5395,R_1hFMTehZQIAcBvZ,TOYS_AND_GAMES,2019-07-18,1563462000
5396,R_1hFMTehZQIAcBvZ,WATCH_BAND,2019-07-18,1563462000
5397,R_1hFMTehZQIAcBvZ,STORAGE_HOOK,2019-07-18,1563462000
5398,R_1hFMTehZQIAcBvZ,STEERING_WHEEL_COVER,2019-07-18,1563462000
5399,R_1hFMTehZQIAcBvZ,STEERING_WHEEL_COVER,2019-07-18,1563462000
5400,R_1hLPyY3aamfi3xT,DRINK_FLAVORED,2019-07-18,1563462000
5401,R_1jUqdfR1Zz6mZMf,BABY_CARRIER,2019-07-18,1563462000
5402,R_1luTSUbcBgaFCl6,TOYS_AND_GAMES,2019-07-18,1563462000
5403,R_1lxYa2W6GgcAQ19,PET_SUPPLIES,2019-07-18,1563462000
5404,R_1lxYa2W6GgcAQ19,SHOES,2019-07-18,1563462000
5405,R_1lxYa2W6GgcAQ19,MUSICAL_INSTRUMENT_TOY,2019-07-18,1563462000
5406,R_1mEmb9jWLRYCU4e,SCREEN_PROTECTOR,2019-07-18,1563462000
5407,R_1mEmb9jWLRYCU4e,NUTRITIONAL_SUPPLEMENT,2019-07-18,1563462000
5408,R_1mEmb9jWLRYCU4e,NUTRITIONAL_SUPPLEMENT,2019-07-18,1563462000
5409,R_1mEmb9jWLRYCU4e,ELECTRONIC_CABLE,2019-07-18,1563462000
5410,R_1rPQIXSf3d1wvFO,PIPET,2019-07-18,1563462000
5411,R_1rPQIXSf3d1wvFO,GROCERY,2019-07-18,1563462000
5412,R_1rPQIXSf3d1wvFO,ANIMAL_HARNESS,2019-07-18,1563462000
5413,R_20Yd9DvrGselmZY,CONDITIONER,2019-07-18,1563462000
5414,R_22XOWVbIo1lxpmy,PHYSICAL_VIDEO_GAME_SOFTWARE,2019-07-18,1563462000
5415,R_22XOWVbIo1lxpmy,SKIN_CLEANING_AGENT,2019-07-18,1563462000
5416,R_24HjnyxNZEm32Xb,SCREEN_PROTECTOR,2019-07-18,1563462000
5417,R_24csoaO569P4Yzz,DESK_PAD,2019-07-18,1563462000
5418,R_24csoaO569P4Yzz,PANTS,2019-07-18,1563462000
5419,R_25SbPPTyE45YzXP,HEALTH_PERSONAL_CARE,2019-07-18,1563462000
5420,R_279iRKETPanvFBW,MUSICAL_INSTRUMENT_AMPLIFIER,2019-07-18,1563462000
5421,R_27Nf8ImFlWu3J9O,SHIRT,2019-07-18,1563462000
5422,R_27Nf8ImFlWu3J9O,CRIMPING_PLIERS,2019-07-18,1563462000
5423,R_27Nf8ImFlWu3J9O,SHIRT,2019-07-18,1563462000
5424,R_28IDNbS8mqpfyKD,MEDICATION,2019-07-18,1563462000
5425,R_29cyBHR3PpqJiZf,SKIN_MOISTURIZER,2019-07-18,1563462000
5426,R_29cyBHR3PpqJiZf,PHYSICAL_MOVIE,2019-07-18,1563462000
5427,R_29cyBHR3PpqJiZf,BACKDROP,2019-07-18,1563462000
5428,R_29cyBHR3PpqJiZf,BACKDROP,2019-07-18,1563462000
5429,R_29cyBHR3PpqJiZf,GUITARS,2019-07-18,1563462000
5430,R_29tZUWisKTCWczv,HEADPHONES,2019-07-18,1563462000
5431,R_29tZUWisKTCWczv,PACKAGED_SOUP_AND_STEW,2019-07-18,1563462000
5432,R_2AGpSTOzeeHqMYd,PUMP_DISPENSER,2019-07-18,1563462000
5433,R_2B38co9cwVRvVZA,SKIN_MOISTURIZER,2019-07-18,1563462000
5434,R_2BstrkPd4gMc6Ih,SNACK_FOOD_BAR,2019-07-18,1563462000
5435,R_2D6v6VH3RC5ZGC4,PHYSICAL_MOVIE,2019-07-18,1563462000
5436,R_2D6v6VH3RC5ZGC4,WHEEL,2019-07-18,1563462000
5437,R_2D6v6VH3RC5ZGC4,PANTS,2019-07-18,1563462000
5438,R_2D6v6VH3RC5ZGC4,VITAMIN,2019-07-18,1563462000
5439,R_2DNtqbBKGHzSDN9,EYELID_COLOR,2019-07-18,1563462000
5440,R_2En0sbvQ7s48ufv,TOYS_AND_GAMES,2019-07-18,1563462000
5441,R_2R20tGsAciB0E9U,VITAMIN,2019-07-18,1563462000
5442,R_2TKO641FpWMebOd,DRAIN_STRAINER,2019-07-18,1563462000
5443,R_2VwjXhJ5OznStEi,GROCERY,2019-07-18,1563462000
5444,R_2VyUSFk11bbTVej,NUTRITIONAL_SUPPLEMENT,2019-07-18,1563462000
5445,R_2WAagX64hf1kdMI,TABLE,2019-07-18,1563462000
5446,R_2WwzM8WiFsk4o3g,FOOT_SCRAPER,2019-07-18,1563462000
5447,R_2WwzM8WiFsk4o3g,SHORTS,2019-07-18,1563462000
5448,R_2YVQQRVSdj7M8Va,MEDICATION,2019-07-18,1563462000
5449,R_2cvmrv8q51q8yh1,NUTRITIONAL_SUPPLEMENT,2019-07-18,1563462000
5450,R_2dY2NzAgp2digAs,PUZZLES,2019-07-18,1563462000
5451,R_2dmZyPIDedcDR2J,SHOES,2019-07-18,1563462000
5452,R_2dxMXdrOUumZV2I,OUTDOOR_LIVING,2019-07-18,1563462000
5453,R_2ebzj3o225IisIQ,CAMERA_STAGE_LIGHTING_MODIFIER,2019-07-18,1563462000
5454,R_2ebzj3o225IisIQ,CELLULAR_PHONE_CASE,2019-07-18,1563462000
5455,R_2mKYTXpTsUEkSGt,NUTRITIONAL_SUPPLEMENT,2019-07-18,1563462000
5456,R_2qjAN1lyLAdAxT2,CELLULAR_PHONE_CASE,2019-07-18,1563462000
5457,R_2rVp4uDv9fYIfdd,ELECTRONIC_CABLE,2019-07-18,1563462000
5458,R_2rVp4uDv9fYIfdd,CELLULAR_PHONE_CASE,2019-07-18,1563462000
5459,R_2vkMWH10xWp7o9s,SCREEN_PROTECTOR,2019-07-18,1563462000
5460,R_2wmLE1q4FIpfioi,SNACK_FOOD_BAR,2019-07-18,1563462000
5461,R_2wmLE1q4FIpfioi,SHIRT,2019-07-18,1563462000
5462,R_2wmLE1q4FIpfioi,HEADPHONES,2019-07-18,1563462000
5463,R_2wtVmKidhQR0wju,VEST,2019-07-18,1563462000
5464,R_2wzatCV9Z18xLF2,ABIS_BOOK,2019-07-18,1563462000
5465,R_2ze9t15YGQDJxR3,SHIRT,2019-07-18,1563462000
5466,R_31SNC0DcyjBDcq3,ELECTRONIC_CABLE,2019-07-18,1563462000
5467,R_32RSCpvF0PqDFBp,ELECTRONIC_CABLE,2019-07-18,1563462000
5468,R_333cPUAJRgYXqi1,DECORATIVE_RIBBON_TRIM,2019-07-18,1563462000
5469,R_333cPUAJRgYXqi1,VITAMIN,2019-07-18,1563462000
5470,R_333cPUAJRgYXqi1,HEADPHONES,2019-07-18,1563462000
5471,R_33a2eGfoj5xSrE2,WHISK_UTENSIL,2019-07-18,1563462000
5472,R_3GD1CL4OyjglmbZ,SKIN_MOISTURIZER,2019-07-18,1563462000
5473,R_3GD1CL4OyjglmbZ,SHIRT,2019-07-18,1563462000
5474,R_3GD1CL4OyjglmbZ,NAIL_FILE,2019-07-18,1563462000
5475,R_3GqfePl8gH1VWP1,PANTS,2019-07-18,1563462000
5476,R_3HLKIA2u3ZnY9lM,GASKETS,2019-07-18,1563462000
5477,R_3Hphzg7zu04Hgy1,HEADPHONES,2019-07-18,1563462000
5478,R_3HzhKIwCcybjVbM,SKIN_CLEANING_AGENT,2019-07-18,1563462000
5479,R_3JK3aP5uRxffXiy,HEALTH_PERSONAL_CARE,2019-07-18,1563462000
5480,R_3JK3aP5uRxffXiy,ABIS_BOOK,2019-07-18,1563462000
5481,R_3M3RSZ7wNRSaxNx,DISHWASHER,2019-07-18,1563462000
5482,R_3MhBAq6V6XHU9ln,ABIS_BOOK,2019-07-18,1563462000
5483,R_3MncA46G8CO8juo,PET_SUPPLIES,2019-07-18,1563462000
5484,R_3NCfhSJSgGWexUL,SKIN_MOISTURIZER,2019-07-18,1563462000
5485,R_3O7heagIMZY2HnD,SCREEN_PROTECTOR,2019-07-18,1563462000
5486,R_3dN6S4adN4KjQO1,VITAMIN,2019-07-18,1563462000
5487,R_3dVMhrjV0qUkHSh,SNACK_FOOD_BAR,2019-07-18,1563462000
5488,R_3dVMhrjV0qUkHSh,LEOTARD,2019-07-18,1563462000
5489,R_3dVMhrjV0qUkHSh,ABIS_BOOK,2019-07-18,1563462000
5490,R_3dVMhrjV0qUkHSh,SKIN_MOISTURIZER,2019-07-18,1563462000
5491,R_3ebnP0qUIQ7u38i,ABIS_BOOK,2019-07-18,1563462000
5492,R_3ebnP0qUIQ7u38i,SKIN_CLEANING_AGENT,2019-07-18,1563462000
5493,R_3ebnP0qUIQ7u38i,FLASH_MEMORY,2019-07-18,1563462000
5494,R_3m4y20RcmogDzZl,PET_FOOD,2019-07-18,1563462000
5495,R_3pm4Od2kUSXlZgY,SOLID_FIRE_FUEL,2019-07-18,1563462000
5496,R_3qWnPpXqudB3ETJ,SNACK_FOOD_BAR,2019-07-18,1563462000
5497,R_3s02y9lg8GCo9q0,JEWELRY_SET,2019-07-18,1563462000
5498,R_40engukXSxhrtF7,SHIRT,2019-07-18,1563462000
5499,R_40engukXSxhrtF7,CELLULAR_PHONE_CASE,2019-07-18,1563462000
5500,R_4PhRzF4UI9ooLh7,MEDICATION,2019-07-18,1563462000
5501,R_4YnsyJn7OBPaUut,HEADPHONES,2019-07-18,1563462000
5502,R_6gwxeBuC9V7nKsF,TOYS_AND_GAMES,2019-07-18,1563462000
5503,R_6gwxeBuC9V7nKsF,HEADPHONES,2019-07-18,1563462000
5504,R_6gwxeBuC9V7nKsF,MUSICAL_INSTRUMENT_AMPLIFIER,2019-07-18,1563462000
5505,R_6gwxeBuC9V7nKsF,FLOUR,2019-07-18,1563462000
5506,R_6gwxeBuC9V7nKsF,SHOES,2019-07-18,1563462000
5507,R_7ZH1uBNuL9RQ2K5,CURTAIN,2019-07-18,1563462000
5508,R_8piDwWBq7V7tyZb,TOYS_AND_GAMES,2019-07-18,1563462000
5509,R_9ppTjfBQZZs42WJ,PANTS,2019-07-18,1563462000
5510,R_9yOmfJyU0rNZGW5,STICKER_DECAL,2019-07-18,1563462000
5511,R_AKBlDprDMrv4M7v,TEA,2019-07-18,1563462000
5512,R_AM0OvM0F9kBvqal,PANTS,2019-07-18,1563462000
5513,R_AM0OvM0F9kBvqal,VITAMIN,2019-07-18,1563462000
5514,R_AM0OvM0F9kBvqal,SCREEN_PROTECTOR,2019-07-18,1563462000
5515,R_Amq2LudEdwYblXX,ORTHOPEDIC_BRACE,2019-07-18,1563462000
5516,R_Amq2LudEdwYblXX,RICE_MIX,2019-07-18,1563462000
5517,R_O6ZX76mggPnAOfD,BOLTS,2019-07-18,1563462000
5518,R_SBiEJOUFyfjK5eF,PACIFIER,2019-07-18,1563462000
5519,R_SE2qI33L0z1rw2J,HEALTH_PERSONAL_CARE,2019-07-18,1563462000
5520,R_SE2qI33L0z1rw2J,CELLULAR_PHONE_CASE,2019-07-18,1563462000
5521,R_SVHcBOlErkMEJjP,CONTACT_LENS_CLEANER,2019-07-18,1563462000
5522,R_XSu10jIDimUl5m1,ELECTRONIC_CABLE,2019-07-18,1563462000
5523,R_XSu10jIDimUl5m1,PET_FOOD,2019-07-18,1563462000
5524,R_XwiCirQyfwJzVtv,TOYS_AND_GAMES,2019-07-18,1563462000
5525,R_Y4jCkfTFzvtw5SF,NUTRITIONAL_SUPPLEMENT,2019-07-18,1563462000
5526,R_Y4jCkfTFzvtw5SF,MEDICATION,2019-07-18,1563462000
5527,R_Y4jCkfTFzvtw5SF,LANDLINE_PHONE,2019-07-18,1563462000
5528,R_Y4jCkfTFzvtw5SF,BRA,2019-07-18,1563462000
5529,R_Y4jCkfTFzvtw5SF,BICYCLE_BASKET,2019-07-18,1563462000
5530,R_Y4jCkfTFzvtw5SF,ELECTRONIC_CABLE,2019-07-18,1563462000
5531,R_Z4qMkqhWSmIbdSh,SKIN_CLEANING_WIPE,2019-07-18,1563462000
5532,R_Z4qMkqhWSmIbdSh,COSTUME_OUTFIT,2019-07-18,1563462000
5533,R_bkquoGQp5VhpihP,GROCERY,2019-07-18,1563462000
5534,R_br5a8OxAqrKRxQd,SHOES,2019-07-18,1563462000
5535,R_e387De1jF0gN2OB,SKIN_CLEANING_AGENT,2019-07-18,1563462000
5536,R_e387De1jF0gN2OB,VITAMIN,2019-07-18,1563462000
5537,R_e387De1jF0gN2OB,SHIRT,2019-07-18,1563462000
5538,R_e387De1jF0gN2OB,RAW_MATERIALS,2019-07-18,1563462000
5539,R_e387De1jF0gN2OB,SCREEN_PROTECTOR,2019-07-18,1563462000
5540,R_e387De1jF0gN2OB,HEADPHONES,2019-07-18,1563462000
5541,R_pMnqpu31myYoxy1,VITAMIN,2019-07-18,1563462000
5542,R_tJNLenUlMH5f4el,PANTS,2019-07-18,1563462000
5543,R_tJNLenUlMH5f4el,SHOES,2019-07-18,1563462000
5544,R_tJNLenUlMH5f4el,ABIS_BOOK,2019-07-18,1563462000
5545,R_tJNLenUlMH5f4el,APPAREL,2019-07-18,1563462000
5546,R_tJNLenUlMH5f4el,HEADPHONES,2019-07-18,1563462000
5547,R_tJNLenUlMH5f4el,ABIS_BOOK,2019-07-18,1563462000
5548,R_tJNLenUlMH5f4el,ELECTRONIC_CABLE,2019-07-18,1563462000
5549,R_tJNLenUlMH5f4el,SHOES,2019-07-18,1563462000
5550,R_uqbcSq7y153jKmZ,HEADPHONES,2019-07-18,1563462000
5551,R_uqbcSq7y153jKmZ,SNACK_FOOD_BAR,2019-07-18,1563462000
5552,R_yJz6aXbKddNbgZz,SHOES,2019-07-18,1563462000
5553,R_0f8u2tSB99LkgCt,SHAMPOO,2019-07-19,1563548400
5554,R_1C4nKyrv0w2thJn,SURFACE_CLEANING_WIPE,2019-07-19,1563548400
5555,R_1C4nKyrv0w2thJn,HAIR_COLORING_AGENT,2019-07-19,1563548400
5556,R_1C4nKyrv0w2thJn,NUTRITIONAL_SUPPLEMENT,2019-07-19,1563548400
5557,R_1C4nKyrv0w2thJn,ELECTRONIC_CABLE,2019-07-19,1563548400
5558,R_1C4nKyrv0w2thJn,SKIN_CLEANING_AGENT,2019-07-19,1563548400
5559,R_1Fyt6rHyiQcVOT8,GROCERY,2019-07-19,1563548400
5560,R_1GghoTNZdgUeySl,PILLOW,2019-07-19,1563548400
5561,R_1GghoTNZdgUeySl,BEDDING_SET,2019-07-19,1563548400
5562,R_1GghoTNZdgUeySl,ABIS_BOOK,2019-07-19,1563548400
5563,R_1JLBP1fFf3p8tpy,MEDICATION,2019-07-19,1563548400
5564,R_1JLBP1fFf3p8tpy,SHOES,2019-07-19,1563548400
5565,R_1JLBP1fFf3p8tpy,CELLULAR_PHONE_CASE,2019-07-19,1563548400
5566,R_1KkFs7rgWXlWf58,HEALTH_PERSONAL_CARE,2019-07-19,1563548400
5567,R_1KxVDxZl2H0XoHS,ABIS_BOOK,2019-07-19,1563548400
5568,R_1KxVDxZl2H0XoHS,UNDERPANTS,2019-07-19,1563548400
5569,R_1KxVDxZl2H0XoHS,PACKAGED_SOUP_AND_STEW,2019-07-19,1563548400
5570,R_1NDq0rxoUSu6oyz,SHOES,2019-07-19,1563548400
5571,R_1NDq0rxoUSu6oyz,SCREEN_PROTECTOR,2019-07-19,1563548400
5572,R_1ez4JQNwmuGXkQX,TOY_FIGURE,2019-07-19,1563548400
5573,R_1f1PzEZw8H2N4zm,GROCERY,2019-07-19,1563548400
5574,R_1gOX88nojaBXOt2,SKIN_MOISTURIZER,2019-07-19,1563548400
5575,R_1hFMTehZQIAcBvZ,HEALTH_PERSONAL_CARE,2019-07-19,1563548400
5576,R_1lxYa2W6GgcAQ19,HEADPHONES,2019-07-19,1563548400
5577,R_1lxYa2W6GgcAQ19,GROCERY,2019-07-19,1563548400
5578,R_1oFRyes3ggnKU4B,POTABLE_WATER_FILTER,2019-07-19,1563548400
5579,R_1oFRyes3ggnKU4B,ABIS_BOOK,2019-07-19,1563548400
5580,R_1oFRyes3ggnKU4B,SNACK_FOOD_BAR,2019-07-19,1563548400
5581,R_20Yd9DvrGselmZY,VITAMIN,2019-07-19,1563548400
5582,R_20Yd9DvrGselmZY,WEIGHT_RACK,2019-07-19,1563548400
5583,R_20Yd9DvrGselmZY,PET_TOY,2019-07-19,1563548400
5584,R_22SxELlmhBQCe1C,PORTABLE_ELECTRONIC_DEVICE_MOUNT,2019-07-19,1563548400
5585,R_22SxELlmhBQCe1C,BATTERY,2019-07-19,1563548400
5586,R_24MKoSmvuiLEI76,BATTERY,2019-07-19,1563548400
5587,R_24csoaO569P4Yzz,NUTRITIONAL_SUPPLEMENT,2019-07-19,1563548400
5588,R_279iRKETPanvFBW,SHIRT,2019-07-19,1563548400
5589,R_29uBVByYo0xAXiZ,COLLECTIBLE_COINS,2019-07-19,1563548400
5590,R_29uBVByYo0xAXiZ,SKIN_EXFOLIANT,2019-07-19,1563548400
5591,R_29uBVByYo0xAXiZ,HEADPHONES,2019-07-19,1563548400
5592,R_29uBVByYo0xAXiZ,STRINGED_INSTRUMENTS,2019-07-19,1563548400
5593,R_2BstrkPd4gMc6Ih,PET_FOOD,2019-07-19,1563548400
5594,R_2CJ9tQVGVUnaesS,WATERING_CAN,2019-07-19,1563548400
5595,R_2CJ9tQVGVUnaesS,NUTRITIONAL_SUPPLEMENT,2019-07-19,1563548400
5596,R_2CKdeuvfVrO8I49,SKIN_PROTECTANT,2019-07-19,1563548400
5597,R_2D1zydYR5SZ0LpK,SKIN_MOISTURIZER,2019-07-19,1563548400
5598,R_2D1zydYR5SZ0LpK,TOYS_AND_GAMES,2019-07-19,1563548400
5599,R_2D2K5rKv8NODIDZ,NUTRITIONAL_SUPPLEMENT,2019-07-19,1563548400
5600,R_2EglJpTWGEiwQYa,SUNSCREEN,2019-07-19,1563548400
5601,R_2QXJIE0UXBTy8wd,TOYS_AND_GAMES,2019-07-19,1563548400
5602,R_2QXJIE0UXBTy8wd,ANIMAL_WATER_DISPENSER,2019-07-19,1563548400
5603,R_2TEGPne2Cu1LmmT,SHAMPOO,2019-07-19,1563548400
5604,R_2UfTIFhpicfXgPX,BLANK_STORAGE_MEDIA,2019-07-19,1563548400
5605,R_2VwjXhJ5OznStEi,WASTE_BAG,2019-07-19,1563548400
5606,R_2WAagX64hf1kdMI,SWEATER,2019-07-19,1563548400
5607,R_2WVIxBGaj1uOr8S,PET_FOOD,2019-07-19,1563548400
5608,R_2WVIxBGaj1uOr8S,PET_DOOR,2019-07-19,1563548400
5609,R_2WVIxBGaj1uOr8S,PANTS,2019-07-19,1563548400
5610,R_2YR2Yn7wGzAeAj0,MEDICATION,2019-07-19,1563548400
5611,R_2YR2Yn7wGzAeAj0,ROTATING_TRAY,2019-07-19,1563548400
5612,R_2dX8oLhgW3U0Q0m,BATTERY,2019-07-19,1563548400
5613,R_2dY2NzAgp2digAs,ELECTRONIC_CABLE,2019-07-19,1563548400
5614,R_2dY2NzAgp2digAs,ELECTRONIC_CABLE,2019-07-19,1563548400
5615,R_2dzIuPT8QnK8NCo,CANDY,2019-07-19,1563548400
5616,R_2dzIuPT8QnK8NCo,SAUCE,2019-07-19,1563548400
5617,R_2dzIuPT8QnK8NCo,SKIN_MOISTURIZER,2019-07-19,1563548400
5618,R_2dzIuPT8QnK8NCo,SPOON_REST,2019-07-19,1563548400
5619,R_2dzIuPT8QnK8NCo,MEDICATION,2019-07-19,1563548400
5620,R_2dzIuPT8QnK8NCo,SHIRT,2019-07-19,1563548400
5621,R_2pK2zZBvbieDcxb,SCREEN_PROTECTOR,2019-07-19,1563548400
5622,R_2pWAVsUj7WsZHLs,ELECTRIC_HEATING_PAD,2019-07-19,1563548400
5623,R_2qjAN1lyLAdAxT2,SNACK_FOOD_BAR,2019-07-19,1563548400
5624,R_2qjAN1lyLAdAxT2,SKIN_CLEANING_AGENT,2019-07-19,1563548400
5625,R_2qjAN1lyLAdAxT2,GIFT_CARD,2019-07-19,1563548400
5626,R_2qjAN1lyLAdAxT2,SNACK_FOOD_BAR,2019-07-19,1563548400
5627,R_2qjAN1lyLAdAxT2,HOME_THEATER_SYSTEM_OR_HTIB,2019-07-19,1563548400
5628,R_2r7Zl5CTeW1dMqd,GROCERY,2019-07-19,1563548400
5629,R_2r7Zl5CTeW1dMqd,VITAMIN,2019-07-19,1563548400
5630,R_2r7Zl5CTeW1dMqd,VITAMIN,2019-07-19,1563548400
5631,R_2ri4RVtvkxnZzHj,DRILL,2019-07-19,1563548400
5632,R_2ri4RVtvkxnZzHj,PANTS,2019-07-19,1563548400
5633,R_2ri4RVtvkxnZzHj,DRILL,2019-07-19,1563548400
5634,R_2sSaxHDwxRTJZP3,MEDICATION,2019-07-19,1563548400
5635,R_2sSaxHDwxRTJZP3,SKIN_MOISTURIZER,2019-07-19,1563548400
5636,R_2uTysluImvxkQBY,SKIN_MOISTURIZER,2019-07-19,1563548400
5637,R_2uTysluImvxkQBY,PET_FOOD,2019-07-19,1563548400
5638,R_2uZDxTZAORBIW1o,SPORT_NET,2019-07-19,1563548400
5639,R_2vkMWH10xWp7o9s,SKIN_MOISTURIZER,2019-07-19,1563548400
5640,R_2wFa9HKdZRkx33l,PHYSICAL_MOVIE,2019-07-19,1563548400
5641,R_2wFa9HKdZRkx33l,SKIN_CLEANING_AGENT,2019-07-19,1563548400
5642,R_2wmCdm6ETy6g3k0,MEDICATION,2019-07-19,1563548400
5643,R_2yjckpDXWcsiLPz,GROCERY,2019-07-19,1563548400
5644,R_2yjckpDXWcsiLPz,PINATA,2019-07-19,1563548400
5645,R_2z7rLZb69WuqDdf,VITAMIN,2019-07-19,1563548400
5646,R_2z7rLZb69WuqDdf,PET_FOOD,2019-07-19,1563548400
5647,R_2z7rLZb69WuqDdf,FUEL_FILTER,2019-07-19,1563548400
5648,R_2zGy2Qj3ENruAYs,HEALTH_PERSONAL_CARE,2019-07-19,1563548400
5649,R_2zGy2Qj3ENruAYs,SNACK_FOOD_BAR,2019-07-19,1563548400
5650,R_39HhVszlqdawZPP,STRING_TRIMMER,2019-07-19,1563548400
5651,R_39HhVszlqdawZPP,FIREPLACE,2019-07-19,1563548400
5652,R_3EMaONYGibovcxQ,PANTS,2019-07-19,1563548400
5653,R_3Em4Q2OBHB3m5rz,CELLULAR_PHONE_CASE,2019-07-19,1563548400
5654,R_3Em4Q2OBHB3m5rz,TEA,2019-07-19,1563548400
5655,R_3Em4Q2OBHB3m5rz,CELLULAR_PHONE_CASE,2019-07-19,1563548400
5656,R_3Em4Q2OBHB3m5rz,NUTRITIONAL_SUPPLEMENT,2019-07-19,1563548400
5657,R_3Em4Q2OBHB3m5rz,HANGING_MOBILE,2019-07-19,1563548400
5658,R_3G7BILj5lidHb8M,DRYING_RACK,2019-07-19,1563548400
5659,R_3GBRRr7bndtJPU9,SHOES,2019-07-19,1563548400
5660,R_3GCXgWFPLgXAuFC,WALL_ART,2019-07-19,1563548400
5661,R_3GCXgWFPLgXAuFC,NUTRITIONAL_SUPPLEMENT,2019-07-19,1563548400
5662,R_3GD1CL4OyjglmbZ,PHYSICAL_TV_SERIES,2019-07-19,1563548400
5663,R_3HLKIA2u3ZnY9lM,BATTERY,2019-07-19,1563548400
5664,R_3HLKIA2u3ZnY9lM,SKIN_CLEANING_AGENT,2019-07-19,1563548400
5665,R_3HLKIA2u3ZnY9lM,SKIN_CLEANING_AGENT,2019-07-19,1563548400
5666,R_3HLKIA2u3ZnY9lM,PET_FOOD,2019-07-19,1563548400
5667,R_3Hphzg7zu04Hgy1,SKIN_CLEANING_AGENT,2019-07-19,1563548400
5668,R_3HzhKIwCcybjVbM,HEALTH_PERSONAL_CARE,2019-07-19,1563548400
5669,R_3IQQB0Dtvv9riqZ,LAMINATOR,2019-07-19,1563548400
5670,R_3L20DbmNPSMtKUd,MEDICATION,2019-07-19,1563548400
5671,R_3MMW2ivCFCtjHIe,SKIN_MOISTURIZER,2019-07-19,1563548400
5672,R_3MMW2ivCFCtjHIe,FITNESS_BENCH,2019-07-19,1563548400
5673,R_3MMW2ivCFCtjHIe,PANTS,2019-07-19,1563548400
5674,R_3MnSLQdJkly3wfg,SHIRT,2019-07-19,1563548400
5675,R_3O7heagIMZY2HnD,SNACK_FOOD_BAR,2019-07-19,1563548400
5676,R_3O7heagIMZY2HnD,GROCERY,2019-07-19,1563548400
5677,R_3O7heagIMZY2HnD,PORTABLE_STOVE,2019-07-19,1563548400
5678,R_3O7heagIMZY2HnD,ABIS_BOOK,2019-07-19,1563548400
5679,R_3O7heagIMZY2HnD,HAIR_REMOVAL_AGENT,2019-07-19,1563548400
5680,R_3O7heagIMZY2HnD,SHOES,2019-07-19,1563548400
5681,R_3O7heagIMZY2HnD,PITCHER,2019-07-19,1563548400
5682,R_3eh02tn8YjYcUoE,BODY_PAINT,2019-07-19,1563548400
5683,R_3p8Rjor8VyZP2Qp,GROCERY,2019-07-19,1563548400
5684,R_3qjvaF4zWZz3obB,SMALL_HOME_APPLIANCES,2019-07-19,1563548400
5685,R_3s02y9lg8GCo9q0,ELECTRIC_FOOD_MILL_GRINDER,2019-07-19,1563548400
5686,R_3s5NxhqKpoWo6zm,SNACK_FOOD_BAR,2019-07-19,1563548400
5687,R_3s5NxhqKpoWo6zm,HEALTH_PERSONAL_CARE,2019-07-19,1563548400
5688,R_3s5NxhqKpoWo6zm,SHIRT,2019-07-19,1563548400
5689,R_3s5NxhqKpoWo6zm,ELECTRIC_SHAVER,2019-07-19,1563548400
5690,R_3s5NxhqKpoWo6zm,HARDWARE_TUBING,2019-07-19,1563548400
5691,R_3s5NxhqKpoWo6zm,CLIPBOARD,2019-07-19,1563548400
5692,R_3s5NxhqKpoWo6zm,FASTENER_DRIVE_BIT,2019-07-19,1563548400
5693,R_3s5NxhqKpoWo6zm,CLIPBOARD,2019-07-19,1563548400
5694,R_3s5NxhqKpoWo6zm,HEALTH_PERSONAL_CARE,2019-07-19,1563548400
5695,R_3socPWD3wXD0iDP,SKIN_CLEANING_AGENT,2019-07-19,1563548400
5696,R_4TMdmQ1SjGtT6Ex,CEREAL,2019-07-19,1563548400
5697,R_4TMdmQ1SjGtT6Ex,SELF_STICK_NOTE,2019-07-19,1563548400
5698,R_4TMdmQ1SjGtT6Ex,PHYSICAL_VIDEO_GAME_SOFTWARE,2019-07-19,1563548400
5699,R_4TMdmQ1SjGtT6Ex,SAUNA,2019-07-19,1563548400
5700,R_85OdkeCoFP5daLL,PHYSICAL_MOVIE,2019-07-19,1563548400
5701,R_8piDwWBq7V7tyZb,GARMENT_STEAMER,2019-07-19,1563548400
5702,R_8piDwWBq7V7tyZb,HEALTH_PERSONAL_CARE,2019-07-19,1563548400
5703,R_8piDwWBq7V7tyZb,ELECTRONIC_CABLE,2019-07-19,1563548400
5704,R_8vnpSkm79W7Jsv7,SHIRT,2019-07-19,1563548400
5705,R_BWAjcs1sKUc6NQl,PANTS,2019-07-19,1563548400
5706,R_BWhnv4EdbhSS6rf,HEADPHONES,2019-07-19,1563548400
5707,R_BWhnv4EdbhSS6rf,HEADPHONES,2019-07-19,1563548400
5708,R_BWhnv4EdbhSS6rf,ABIS_BOOK,2019-07-19,1563548400
5709,R_Djcs43mP6ReoYgN,TOYS_AND_GAMES,2019-07-19,1563548400
5710,R_SIWNWQmjel55jzP,SLEEPWEAR,2019-07-19,1563548400
5711,R_SIWNWQmjel55jzP,PANTS,2019-07-19,1563548400
5712,R_Uit4G2WjoT7WM6d,PANTS,2019-07-19,1563548400
5713,R_Uit4G2WjoT7WM6d,SUGAR_SUBSTITUTE,2019-07-19,1563548400
5714,R_Uit4G2WjoT7WM6d,BABY_PRODUCT,2019-07-19,1563548400
5715,R_XSu10jIDimUl5m1,SHOES,2019-07-19,1563548400
5716,R_XsIUODlniv0lMu5,SCREEN_PROTECTOR,2019-07-19,1563548400
5717,R_XsIUODlniv0lMu5,SNACK_FOOD_BAR,2019-07-19,1563548400
5718,R_Xt4H8BJ1Vx7ws8h,WEATHER_STATION,2019-07-19,1563548400
5719,R_XwiCirQyfwJzVtv,BATTERY,2019-07-19,1563548400
5720,R_XwiCirQyfwJzVtv,SCULPTURE,2019-07-19,1563548400
5721,R_Y3PPLmdNg6NnwZz,SHIRT,2019-07-19,1563548400
5722,R_Y3PPLmdNg6NnwZz,ABIS_BOOK,2019-07-19,1563548400
5723,R_Y3PPLmdNg6NnwZz,ART_EASEL,2019-07-19,1563548400
5724,R_b8UnkZJoU93ZxEB,DRINKING_CUP,2019-07-19,1563548400
5725,R_b8UnkZJoU93ZxEB,BATTERY,2019-07-19,1563548400
5726,R_b8UnkZJoU93ZxEB,VEHICLE_MAT,2019-07-19,1563548400
5727,R_b8UnkZJoU93ZxEB,CHARGING_ADAPTER,2019-07-19,1563548400
5728,R_b94CAnrDM9JIx4R,COCKTAIL_SHAKER,2019-07-19,1563548400
5729,R_bJI8lmXMZWL6oql,NASAL_ASPIRATOR,2019-07-19,1563548400
5730,R_bJI8lmXMZWL6oql,HEADPHONES,2019-07-19,1563548400
5731,R_bJbNhR1I5NnLKb7,NETWORKING_ROUTER,2019-07-19,1563548400
5732,R_bJbNhR1I5NnLKb7,ABIS_BOOK,2019-07-19,1563548400
5733,R_bJbNhR1I5NnLKb7,SKIN_CLEANING_AGENT,2019-07-19,1563548400
5734,R_bJbNhR1I5NnLKb7,AIR_CONDITIONER,2019-07-19,1563548400
5735,R_bkquoGQp5VhpihP,SCREEN_PROTECTOR,2019-07-19,1563548400
5736,R_bkquoGQp5VhpihP,ENGINE_EXHAUST_PIPE,2019-07-19,1563548400
5737,R_cAcAtozIWnZIbGp,SCREEN_PROTECTOR,2019-07-19,1563548400
5738,R_cAcAtozIWnZIbGp,SKIN_CLEANING_AGENT,2019-07-19,1563548400
5739,R_cAcAtozIWnZIbGp,MEDICATION,2019-07-19,1563548400
5740,R_ctNHcxd3vRvndXH,GROCERY,2019-07-19,1563548400
5741,R_ctNHcxd3vRvndXH,SCREEN_PROTECTOR,2019-07-19,1563548400
5742,R_czHyAR1xMvT2FbP,SCREEN_PROTECTOR,2019-07-19,1563548400
5743,R_czHyAR1xMvT2FbP,ANIMAL_NUTRITIONAL_SUPPLEMENT,2019-07-19,1563548400
5744,R_czHyAR1xMvT2FbP,MEDICATION,2019-07-19,1563548400
5745,R_czHyAR1xMvT2FbP,SKIN_CLEANING_AGENT,2019-07-19,1563548400
5746,R_czHyAR1xMvT2FbP,SHIRT,2019-07-19,1563548400
5747,R_e8KTElZZLWryLWp,BATTERY,2019-07-19,1563548400
5748,R_r3IM83Ecq7eY7QJ,GROCERY,2019-07-19,1563548400
5749,R_sotmrGe7Rv3U10J,ELECTRONIC_DEVICE_COOLING_PAD,2019-07-19,1563548400
5750,R_t0ccZ3CXpzqgSpr,TV_TUNER_CARD,2019-07-19,1563548400
5751,R_t0ccZ3CXpzqgSpr,SCREEN_PROTECTOR,2019-07-19,1563548400
5752,R_tFf2GViNMUolxaV,HOME,2019-07-19,1563548400
5753,R_tJNLenUlMH5f4el,SANITARY_NAPKIN,2019-07-19,1563548400
5754,R_u99XwBV1boyooXT,SHOES,2019-07-19,1563548400
5755,R_u99XwBV1boyooXT,TIRE_VALVE_STEM_CAP,2019-07-19,1563548400
5756,R_u99XwBV1boyooXT,SKIN_MOISTURIZER,2019-07-19,1563548400
5757,R_uqbcSq7y153jKmZ,PANTS,2019-07-19,1563548400
5758,R_uwVFb8VFUUGbCBH,HARDWARE_CLAMP_VISE,2019-07-19,1563548400
5759,R_voSNwyVcZWdCTJv,SKIN_MOISTURIZER,2019-07-19,1563548400
5760,R_x969WzGgXuE1CuJ,SMALL_HOME_APPLIANCES,2019-07-19,1563548400
5761,R_yC5ffbdBLVi93Pz,CLEANING_AGENT,2019-07-19,1563548400
5762,R_yC5ffbdBLVi93Pz,SCREWDRIVER,2019-07-19,1563548400
5763,R_yC5ffbdBLVi93Pz,PHYSICAL_MOVIE,2019-07-19,1563548400
5764,R_yC5ffbdBLVi93Pz,SKIN_CLEANING_AGENT,2019-07-19,1563548400
5765,R_0c8VclJcriEXQqZ,MENSTRUAL_CUP,2019-07-20,1563634800
5766,R_0c8VclJcriEXQqZ,CELLULAR_PHONE_CASE,2019-07-20,1563634800
5767,R_0c8VclJcriEXQqZ,PET_FOOD,2019-07-20,1563634800
5768,R_0pRmRjHkwStzNQJ,CALENDAR,2019-07-20,1563634800
5769,R_0pRmRjHkwStzNQJ,PANTS,2019-07-20,1563634800
5770,R_0pRmRjHkwStzNQJ,SKIN_CLEANING_AGENT,2019-07-20,1563634800
5771,R_0pRmRjHkwStzNQJ,ASTRINGENT_SUBSTANCE,2019-07-20,1563634800
5772,R_1BNwZP0DdTOa4rT,SNACK_FOOD_BAR,2019-07-20,1563634800
5773,R_1BWAygjxkFXfxql,PHYSICAL_MOVIE,2019-07-20,1563634800
5774,R_1BWAygjxkFXfxql,HEADPHONES,2019-07-20,1563634800
5775,R_1BWAygjxkFXfxql,ABIS_BOOK,2019-07-20,1563634800
5776,R_1BWAygjxkFXfxql,SKIN_MOISTURIZER,2019-07-20,1563634800
5777,R_1C75XRebT1eliL0,HERBAL_SUPPLEMENT,2019-07-20,1563634800
5778,R_1C8w4NDDQC5fcgE,SHIRT,2019-07-20,1563634800
5779,R_1DJdUrYA1I0QAKh,BODY_POSITIONER,2019-07-20,1563634800
5780,R_1I6meOeB0piHEX8,THERMOMETER,2019-07-20,1563634800
5781,R_1I6meOeB0piHEX8,HEALTH_PERSONAL_CARE,2019-07-20,1563634800
5782,R_1KloshKwV8MUAx4,HEALTH_PERSONAL_CARE,2019-07-20,1563634800
5783,R_1KloshKwV8MUAx4,STORAGE_RACK,2019-07-20,1563634800
5784,R_1KloshKwV8MUAx4,STORAGE_RACK,2019-07-20,1563634800
5785,R_1KloshKwV8MUAx4,TABLET_COMPUTER,2019-07-20,1563634800
5786,R_1KloshKwV8MUAx4,SKIN_CLEANING_AGENT,2019-07-20,1563634800
5787,R_1KloshKwV8MUAx4,SKIN_CLEANING_AGENT,2019-07-20,1563634800
5788,R_1KloshKwV8MUAx4,HEALTH_PERSONAL_CARE,2019-07-20,1563634800
5789,R_1KloshKwV8MUAx4,FURNITURE_COVER,2019-07-20,1563634800
5790,R_1KloshKwV8MUAx4,SHOES,2019-07-20,1563634800
5791,R_1KloshKwV8MUAx4,POWER_STRIP,2019-07-20,1563634800
5792,R_1KloshKwV8MUAx4,NUTRITIONAL_SUPPLEMENT,2019-07-20,1563634800
5793,R_1LRR1P5IQqdSvIP,FORK,2019-07-20,1563634800
5794,R_1LRR1P5IQqdSvIP,GROCERY,2019-07-20,1563634800
5795,R_1LRR1P5IQqdSvIP,PICTURE_FRAME,2019-07-20,1563634800
5796,R_1LRR1P5IQqdSvIP,TV_TUNER_CARD,2019-07-20,1563634800
5797,R_1NCzj2eSHI4QGcd,VITAMIN,2019-07-20,1563634800
5798,R_1NDq0rxoUSu6oyz,SKIN_CLEANING_AGENT,2019-07-20,1563634800
5799,R_1Nh9okz5clSAlfl,SHOE_INSERT,2019-07-20,1563634800
5800,R_1daE3vUDxFrSw4I,FOOD_PROCESSOR,2019-07-20,1563634800
5801,R_1dppjLIFEdj7Kq5,ELECTRONIC_CABLE,2019-07-20,1563634800
5802,R_1gG5xibh48txT6f,FASHIONNECKLACEBRACELETANKLET,2019-07-20,1563634800
5803,R_1gG5xibh48txT6f,PANTS,2019-07-20,1563634800
5804,R_1gG5xibh48txT6f,NUTRITIONAL_SUPPLEMENT,2019-07-20,1563634800
5805,R_1gG5xibh48txT6f,SKIN_SERUM,2019-07-20,1563634800
5806,R_1gG5xibh48txT6f,ELECTRONIC_CABLE,2019-07-20,1563634800
5807,R_1gG5xibh48txT6f,SKIN_SERUM,2019-07-20,1563634800
5808,R_1hLPyY3aamfi3xT,VITAMIN,2019-07-20,1563634800
5809,R_1mEmb9jWLRYCU4e,SHIRT,2019-07-20,1563634800
5810,R_1mEmb9jWLRYCU4e,SHIRT,2019-07-20,1563634800
5811,R_1mEmb9jWLRYCU4e,PANTS,2019-07-20,1563634800
5812,R_1mEmb9jWLRYCU4e,NUTRITIONAL_SUPPLEMENT,2019-07-20,1563634800
5813,R_1mEmb9jWLRYCU4e,HEADPHONES,2019-07-20,1563634800
5814,R_1mEmb9jWLRYCU4e,HEALTH_PERSONAL_CARE,2019-07-20,1563634800
5815,R_1mEmb9jWLRYCU4e,WIPER_BLADE,2019-07-20,1563634800
5816,R_1mEmb9jWLRYCU4e,VITAMIN,2019-07-20,1563634800
5817,R_1mEmb9jWLRYCU4e,WRITING_PAPER,2019-07-20,1563634800
5818,R_1mebUZZHsgPDgzX,SKIN_CLEANING_AGENT,2019-07-20,1563634800
5819,R_21ttkGbeIL6HdlR,CYCLING_COMPUTER,2019-07-20,1563634800
5820,R_22QYpfx86KSwry8,COOKIE,2019-07-20,1563634800
5821,R_24csoaO569P4Yzz,GROCERY,2019-07-20,1563634800
5822,R_24csoaO569P4Yzz,TOYS_AND_GAMES,2019-07-20,1563634800
5823,R_24csoaO569P4Yzz,NUTRITIONAL_SUPPLEMENT,2019-07-20,1563634800
5824,R_24csoaO569P4Yzz,PHYSICAL_MOVIE,2019-07-20,1563634800
5825,R_24dbGLxukEKohG6,BATTERY,2019-07-20,1563634800
5826,R_24ovSGBcJmAm7rm,ABIS_BOOK,2019-07-20,1563634800
5827,R_24ovSGBcJmAm7rm,SHOES,2019-07-20,1563634800
5828,R_25Wwg273Uw26jA1,GROCERY,2019-07-20,1563634800
5829,R_25Wwg273Uw26jA1,URN,2019-07-20,1563634800
5830,R_25Wwg273Uw26jA1,WATER,2019-07-20,1563634800
5831,R_25YqaojEWt641sK,ABIS_BOOK,2019-07-20,1563634800
5832,R_25YqaojEWt641sK,PET_FOOD,2019-07-20,1563634800
5833,R_27lE2A8TyANjHWE,TOYS_AND_GAMES,2019-07-20,1563634800
5834,R_27lE2A8TyANjHWE,CELLULAR_PHONE_CASE,2019-07-20,1563634800
5835,R_2AGpSTOzeeHqMYd,PET_FOOD,2019-07-20,1563634800
5836,R_2AGpSTOzeeHqMYd,SKIN_CLEANING_AGENT,2019-07-20,1563634800
5837,R_2AGpSTOzeeHqMYd,PET_FOOD,2019-07-20,1563634800
5838,R_2AGpSTOzeeHqMYd,LEGUME,2019-07-20,1563634800
5839,R_2BtA3kIOBjhD26o,WASTE_BAG,2019-07-20,1563634800
5840,R_2CJ9tQVGVUnaesS,HEADPHONES,2019-07-20,1563634800
5841,R_2D1zydYR5SZ0LpK,SKIN_CLEANING_AGENT,2019-07-20,1563634800
5842,R_2D6v6VH3RC5ZGC4,PHYSICAL_MOVIE,2019-07-20,1563634800
5843,R_2D6v6VH3RC5ZGC4,HEALTH_PERSONAL_CARE,2019-07-20,1563634800
5844,R_2En0sbvQ7s48ufv,CURTAIN,2019-07-20,1563634800
5845,R_2En0sbvQ7s48ufv,PHYSICAL_VIDEO_GAME_SOFTWARE,2019-07-20,1563634800
5846,R_2En0sbvQ7s48ufv,MEDICATION,2019-07-20,1563634800
5847,R_2QEQOSl4i81CHb1,PANTRY,2019-07-20,1563634800
5848,R_2QXq900Df6biUD7,TOOTHBRUSH,2019-07-20,1563634800
5849,R_2QswpKsGnL3NBXE,SWIMWEAR,2019-07-20,1563634800
5850,R_2QswpKsGnL3NBXE,SKIN_CLEANING_AGENT,2019-07-20,1563634800
5851,R_2QswpKsGnL3NBXE,FOOD_STRAINER,2019-07-20,1563634800
5852,R_2QswpKsGnL3NBXE,THERAPEUTIC_THERMAL_COMPRESS,2019-07-20,1563634800
5853,R_2QswpKsGnL3NBXE,HEADPHONES,2019-07-20,1563634800
5854,R_2QswpKsGnL3NBXE,SUGAR_SUBSTITUTE,2019-07-20,1563634800
5855,R_2Uc0eY0mHq5DQgt,KNIFE_SHARPENER,2019-07-20,1563634800
5856,R_2Uc0eY0mHq5DQgt,PET_FOOD,2019-07-20,1563634800
5857,R_2UgruQ1jzpNXLQZ,PHYSICAL_MOVIE,2019-07-20,1563634800
5858,R_2WwzM8WiFsk4o3g,SNACK_FOOD_BAR,2019-07-20,1563634800
5859,R_2XoI6KbLJRGFz5X,RUG,2019-07-20,1563634800
5860,R_2XoI6KbLJRGFz5X,SKIN_TREATMENT_MASK,2019-07-20,1563634800
5861,R_2YeJ7ZNQ5xBFmxw,CELLULAR_PHONE_CASE,2019-07-20,1563634800
5862,R_2ZK5JH2NcMfnWuS,GLITTER,2019-07-20,1563634800
5863,R_2aKrOq0DBielcig,SAUTE_FRY_PAN,2019-07-20,1563634800
5864,R_2b1XOZR0PYTA1jX,HEADPHONES,2019-07-20,1563634800
5865,R_2b1XOZR0PYTA1jX,SNACK_FOOD_BAR,2019-07-20,1563634800
5866,R_2b1XOZR0PYTA1jX,SNACK_FOOD_BAR,2019-07-20,1563634800
5867,R_2b1XOZR0PYTA1jX,PORTABLE_FREESTANDING_SHELTER,2019-07-20,1563634800
5868,R_2b1XOZR0PYTA1jX,MEDICATION,2019-07-20,1563634800
5869,R_2dX8oLhgW3U0Q0m,GROCERY,2019-07-20,1563634800
5870,R_2fxhde3AmAoBQBS,PLANT_SEED,2019-07-20,1563634800
5871,R_2fxhde3AmAoBQBS,SKIN_CLEANING_AGENT,2019-07-20,1563634800
5872,R_2fxhde3AmAoBQBS,PANTS,2019-07-20,1563634800
5873,R_2qD8ep8d313iLj4,PET_FOOD,2019-07-20,1563634800
5874,R_2s5YO3cdqKDFyIM,WATER,2019-07-20,1563634800
5875,R_2uQjJxSekSWj3qM,SUGAR_CANDY,2019-07-20,1563634800
5876,R_2uQjJxSekSWj3qM,ABIS_BOOK,2019-07-20,1563634800
5877,R_2uQjJxSekSWj3qM,TOOTHBRUSH_HEAD,2019-07-20,1563634800
5878,R_2uZDxTZAORBIW1o,HEADPHONES,2019-07-20,1563634800
5879,R_2uZDxTZAORBIW1o,MEDICATION,2019-07-20,1563634800
5880,R_2uZDxTZAORBIW1o,TOYS_AND_GAMES,2019-07-20,1563634800
5881,R_2uZDxTZAORBIW1o,CELLULAR_PHONE_CASE,2019-07-20,1563634800
5882,R_2uZDxTZAORBIW1o,SPIRITS,2019-07-20,1563634800
5883,R_2vkMWH10xWp7o9s,SKIN_MOISTURIZER,2019-07-20,1563634800
5884,R_2vkMWH10xWp7o9s,TOYS_AND_GAMES,2019-07-20,1563634800
5885,R_2zl2FPoC5r6TsM6,BODY_LUBRICANT,2019-07-20,1563634800
5886,R_31SNC0DcyjBDcq3,TOYS_AND_GAMES,2019-07-20,1563634800
5887,R_31SNC0DcyjBDcq3,ABIS_BOOK,2019-07-20,1563634800
5888,R_31SNC0DcyjBDcq3,ELECTRONIC_CABLE,2019-07-20,1563634800
5889,R_31SNC0DcyjBDcq3,LAMP,2019-07-20,1563634800
5890,R_31SNC0DcyjBDcq3,ELECTRONIC_CABLE,2019-07-20,1563634800
5891,R_31SNC0DcyjBDcq3,PHYSICAL_MOVIE,2019-07-20,1563634800
5892,R_31SNC0DcyjBDcq3,CELLULAR_PHONE_CASE,2019-07-20,1563634800
5893,R_31SNC0DcyjBDcq3,NUTRITIONAL_SUPPLEMENT,2019-07-20,1563634800
5894,R_31SNC0DcyjBDcq3,TOYS_AND_GAMES,2019-07-20,1563634800
5895,R_31SNC0DcyjBDcq3,TOYS_AND_GAMES,2019-07-20,1563634800
5896,R_31SNC0DcyjBDcq3,DRY_SHAMPOO,2019-07-20,1563634800
5897,R_31SNC0DcyjBDcq3,MEDICAL_TEST_STRIP,2019-07-20,1563634800
5898,R_31n2MLk9w05iLzN,GROCERY,2019-07-20,1563634800
5899,R_31n2MLk9w05iLzN,PHYSICAL_MOVIE,2019-07-20,1563634800
5900,R_331r8PPvTyqKSoh,BLANKET,2019-07-20,1563634800
5901,R_3Ebh099lpNz7iC2,PET_FOOD,2019-07-20,1563634800
5902,R_3Em4Q2OBHB3m5rz,PET_FOOD,2019-07-20,1563634800
5903,R_3GBSX5xvcH0uSyx,TOTE_BAG,2019-07-20,1563634800
5904,R_3GBSX5xvcH0uSyx,PAINT,2019-07-20,1563634800
5905,R_3M3RSZ7wNRSaxNx,COAT,2019-07-20,1563634800
5906,R_3M3RSZ7wNRSaxNx,HEADPHONES,2019-07-20,1563634800
5907,R_3M3RSZ7wNRSaxNx,ELECTRONIC_CABLE,2019-07-20,1563634800
5908,R_3MncA46G8CO8juo,SERVEWARE,2019-07-20,1563634800
5909,R_3OdXDDGsG2bvbXb,BATTERY,2019-07-20,1563634800
5910,R_3OdXDDGsG2bvbXb,PHYSICAL_MOVIE,2019-07-20,1563634800
5911,R_3OiAK9V155cWEsy,SKIN_MOISTURIZER,2019-07-20,1563634800
5912,R_3OiAK9V155cWEsy,SKIN_CLEANING_AGENT,2019-07-20,1563634800
5913,R_3PcameSHVD10BZP,VITAMIN,2019-07-20,1563634800
5914,R_3PcameSHVD10BZP,SHAMPOO,2019-07-20,1563634800
5915,R_3PcameSHVD10BZP,BAR_CODE_READER,2019-07-20,1563634800
5916,R_3PcameSHVD10BZP,AMAZON_BOOK_READER_ACCESSORY,2019-07-20,1563634800
5917,R_3PcameSHVD10BZP,SCREEN_PROTECTOR,2019-07-20,1563634800
5918,R_3Pwa112XZRRejbA,PRESSURE_WASHER,2019-07-20,1563634800
5919,R_3Pwa112XZRRejbA,TOYS_AND_GAMES,2019-07-20,1563634800
5920,R_3Pwa112XZRRejbA,CANDLE,2019-07-20,1563634800
5921,R_3emmbwwsXsxt4Oj,PHYSICAL_MOVIE,2019-07-20,1563634800
5922,R_3iJyVGzX7fyajRz,ABIS_BOOK,2019-07-20,1563634800
5923,R_3iydBpfsKD9jRTq,JERKY,2019-07-20,1563634800
5924,R_3iydBpfsKD9jRTq,HEALTH_PERSONAL_CARE,2019-07-20,1563634800
5925,R_3iydBpfsKD9jRTq,TARP,2019-07-20,1563634800
5926,R_3iydBpfsKD9jRTq,SCREEN_PROTECTOR,2019-07-20,1563634800
5927,R_3iydBpfsKD9jRTq,CELLULAR_PHONE_CASE,2019-07-20,1563634800
5928,R_3jSAmu0UzDwnhQD,ABIS_BOOK,2019-07-20,1563634800
5929,R_3kM9FhqXba9VXRS,PHYSICAL_MOVIE,2019-07-20,1563634800
5930,R_3kM9FhqXba9VXRS,AUTO_ACCESSORY,2019-07-20,1563634800
5931,R_3n2VXT4Z99FpnEG,NUTRITIONAL_SUPPLEMENT,2019-07-20,1563634800
5932,R_3n2VXT4Z99FpnEG,TOYS_AND_GAMES,2019-07-20,1563634800
5933,R_3n2VXT4Z99FpnEG,PAINT_BRUSH,2019-07-20,1563634800
5934,R_3oO3DoeTgXHrEzx,SANITARY_NAPKIN,2019-07-20,1563634800
5935,R_3oWSVjKtFIw0OE8,STICKER_DECAL,2019-07-20,1563634800
5936,R_3qe2tDpGxexEAso,NON_RIDING_TOY_VEHICLE,2019-07-20,1563634800
5937,R_3qe2tDpGxexEAso,TOYS_AND_GAMES,2019-07-20,1563634800
5938,R_3qe2tDpGxexEAso,VIVARIUM,2019-07-20,1563634800
5939,R_3qjvaF4zWZz3obB,VITAMIN,2019-07-20,1563634800
5940,R_3qmwh8eXfbMeI7U,PHYSICAL_MOVIE,2019-07-20,1563634800
5941,R_3qmwh8eXfbMeI7U,INSTALLATION_SERVICES,2019-07-20,1563634800
5942,R_3qmwh8eXfbMeI7U,ELECTRONIC_CABLE,2019-07-20,1563634800
5943,R_3sp0qsXaE11taC1,SNACK_FOOD_BAR,2019-07-20,1563634800
5944,R_3sp0qsXaE11taC1,SHIRT,2019-07-20,1563634800
5945,R_4PhRzF4UI9ooLh7,FLASH_MEMORY,2019-07-20,1563634800
5946,R_4PhRzF4UI9ooLh7,CELLULAR_PHONE_CASE,2019-07-20,1563634800
5947,R_AKBlDprDMrv4M7v,CELLULAR_PHONE_CASE,2019-07-20,1563634800
5948,R_AM0OvM0F9kBvqal,ABIS_BOOK,2019-07-20,1563634800
5949,R_AM0OvM0F9kBvqal,TOYS_AND_GAMES,2019-07-20,1563634800
5950,R_CaF1pc8CnyWJvCp,BATTERY,2019-07-20,1563634800
5951,R_CaF1pc8CnyWJvCp,SANDBOX,2019-07-20,1563634800
5952,R_Rw7CA3irllJSRH3,LAB_SUPPLY,2019-07-20,1563634800
5953,R_V416ZQ4Q4ElD1yF,SCREW_GUN,2019-07-20,1563634800
5954,R_V416ZQ4Q4ElD1yF,VITAMIN,2019-07-20,1563634800
5955,R_XAphEY817eORyx3,CELLULAR_PHONE_CASE,2019-07-20,1563634800
5956,R_XAphEY817eORyx3,ROUTER_POWER_TOOL,2019-07-20,1563634800
5957,R_XAphEY817eORyx3,GROCERY,2019-07-20,1563634800
5958,R_XAphEY817eORyx3,VITAMIN,2019-07-20,1563634800
5959,R_XAphEY817eORyx3,APPENDAGE_WARMER,2019-07-20,1563634800
5960,R_XAphEY817eORyx3,SEAFOOD,2019-07-20,1563634800
5961,R_XAphEY817eORyx3,MEDICATION,2019-07-20,1563634800
5962,R_XSu10jIDimUl5m1,SCREEN_PROTECTOR,2019-07-20,1563634800
5963,R_Y4jCkfTFzvtw5SF,INK_OR_TONER,2019-07-20,1563634800
5964,R_Y4jCkfTFzvtw5SF,PET_FOOD,2019-07-20,1563634800
5965,R_b8UnkZJoU93ZxEB,HEALTH_PERSONAL_CARE,2019-07-20,1563634800
5966,R_b8UnkZJoU93ZxEB,GROCERY,2019-07-20,1563634800
5967,R_b8UnkZJoU93ZxEB,SNACK_FOOD_BAR,2019-07-20,1563634800
5968,R_b8UnkZJoU93ZxEB,PANTS,2019-07-20,1563634800
5969,R_bw2nQ0iRh2wCa8p,LIGHT_BULB,2019-07-20,1563634800
5970,R_cAcAtozIWnZIbGp,PHYSICAL_MOVIE,2019-07-20,1563634800
5971,R_cAcAtozIWnZIbGp,WIND_CHIME,2019-07-20,1563634800
5972,R_cAcAtozIWnZIbGp,DISHWASHER_DETERGENT,2019-07-20,1563634800
5973,R_cAcAtozIWnZIbGp,SHIRT,2019-07-20,1563634800
5974,R_cAcAtozIWnZIbGp,GRIDDLE_PLATE,2019-07-20,1563634800
5975,R_cAcAtozIWnZIbGp,GRIDDLE_PLATE,2019-07-20,1563634800
5976,R_cAcAtozIWnZIbGp,MEDICATION,2019-07-20,1563634800
5977,R_cAcAtozIWnZIbGp,SHIRT,2019-07-20,1563634800
5978,R_d5O7dqvA1EWCrPb,CELLULAR_PHONE_CASE,2019-07-20,1563634800
5979,R_d5O7dqvA1EWCrPb,LOOSE_CUT_GEM,2019-07-20,1563634800
5980,R_pMnqpu31myYoxy1,HEALTH_PERSONAL_CARE,2019-07-20,1563634800
5981,R_pMnqpu31myYoxy1,PHYSICAL_MOVIE,2019-07-20,1563634800
5982,R_pMnqpu31myYoxy1,BALLOON,2019-07-20,1563634800
5983,R_t0ccZ3CXpzqgSpr,APPAREL_HEAD_NECK_COVERING,2019-07-20,1563634800
5984,R_t0ccZ3CXpzqgSpr,PET_FOOD,2019-07-20,1563634800
5985,R_t0ccZ3CXpzqgSpr,MOUTHWASH,2019-07-20,1563634800
5986,R_tFf2GViNMUolxaV,CELLULAR_PHONE_CASE,2019-07-20,1563634800
5987,R_tFf2GViNMUolxaV,RAW_MATERIALS,2019-07-20,1563634800
5988,R_tFf2GViNMUolxaV,PET_SUPPLIES,2019-07-20,1563634800
5989,R_tSTu20YCb20zL5D,TUNIC,2019-07-20,1563634800
5990,R_u94bdSj5JBe7WZb,GROCERY,2019-07-20,1563634800
5991,R_vD2O13NgdnWBXMt,MOP_BUCKET_SET,2019-07-20,1563634800
5992,R_xrrF4kkA2JEG6OZ,TOYS_AND_GAMES,2019-07-20,1563634800
5993,R_10TV1zyi4yCEEkl,COMPUTER,2019-07-21,1563721200
5994,R_1C4nKyrv0w2thJn,HAIR_COLORING_AGENT,2019-07-21,1563721200
5995,R_1C4nKyrv0w2thJn,SHOELACE,2019-07-21,1563721200
5996,R_1C4nKyrv0w2thJn,TOYS_AND_GAMES,2019-07-21,1563721200
5997,R_1C4nKyrv0w2thJn,MEDICATION,2019-07-21,1563721200
5998,R_1C4nKyrv0w2thJn,TOYS_AND_GAMES,2019-07-21,1563721200
5999,R_1C4nKyrv0w2thJn,ELECTRONIC_CABLE,2019-07-21,1563721200
6000,R_1C4tcyEfmcsKI9X,ABIS_BOOK,2019-07-21,1563721200
6001,R_1C4tcyEfmcsKI9X,VITAMIN,2019-07-21,1563721200
6002,R_1C4tcyEfmcsKI9X,IGNITION_COIL,2019-07-21,1563721200
6003,R_1Fb4EL4IE75q7lf,KITCHEN,2019-07-21,1563721200
6004,R_1Fb4EL4IE75q7lf,PET_FEEDER,2019-07-21,1563721200
6005,R_1HcpQT6Ffivx73P,BICYCLE,2019-07-21,1563721200
6006,R_1IZBlduDFUJEphM,SWIMWEAR,2019-07-21,1563721200
6007,R_1NDq0rxoUSu6oyz,WRITING_INSTRUMENT,2019-07-21,1563721200
6008,R_1Q9JeeKncbbLcz0,DRY_SHAMPOO,2019-07-21,1563721200
6009,R_1QLfbB3Lho273wG,NUTRITIONAL_SUPPLEMENT,2019-07-21,1563721200
6010,R_1QhEPMXONBU12sq,SHOES,2019-07-21,1563721200
6011,R_1QhEPMXONBU12sq,ASHTRAY,2019-07-21,1563721200
6012,R_1QhEPMXONBU12sq,SCREEN_PROTECTOR,2019-07-21,1563721200
6013,R_1gwL8QZGzhV0g3G,NUTRITIONAL_SUPPLEMENT,2019-07-21,1563721200
6014,R_1hMV4AHCk04WO5V,SKIN_CLEANING_AGENT,2019-07-21,1563721200
6015,R_1jUqdfR1Zz6mZMf,CONSOLE_VIDEO_GAMES,2019-07-21,1563721200
6016,R_1jUqdfR1Zz6mZMf,ABIS_BOOK,2019-07-21,1563721200
6017,R_1jd0U0OjvEcZEcw,PANTS,2019-07-21,1563721200
6018,R_1l6OglubZSTYfi3,PAPER_SHREDDER,2019-07-21,1563721200
6019,R_1n8h8059UUul8Dr,SHIRT,2019-07-21,1563721200
6020,R_1q4eVtHN10S5gPB,CLEANING_BRUSH,2019-07-21,1563721200
6021,R_1q7AvsyRPpTSWFi,BOXING_GLOVE,2019-07-21,1563721200
6022,R_1qdM6yLQigCFrkd,CELLULAR_PHONE_CASE,2019-07-21,1563721200
6023,R_1qdM6yLQigCFrkd,POWER_BANK,2019-07-21,1563721200
6024,R_22DJIjS0M8yvaYO,COORDINATED_OUTFIT,2019-07-21,1563721200
6025,R_22Gj4pgXDsezuKw,SHOES,2019-07-21,1563721200
6026,R_24csoaO569P4Yzz,GROCERY,2019-07-21,1563721200
6027,R_24csoaO569P4Yzz,SCREEN_PROTECTOR,2019-07-21,1563721200
6028,R_24csoaO569P4Yzz,TOYS_AND_GAMES,2019-07-21,1563721200
6029,R_24csoaO569P4Yzz,SCREEN_PROTECTOR,2019-07-21,1563721200
6030,R_24csoaO569P4Yzz,ELECTRONIC_CABLE,2019-07-21,1563721200
6031,R_24ovSGBcJmAm7rm,SNACK_FOOD_BAR,2019-07-21,1563721200
6032,R_25thHabUddjXGzt,SKIN_CLEANING_AGENT,2019-07-21,1563721200
6033,R_279ENCaNyRMf98u,PERSONAL_FRAGRANCE,2019-07-21,1563721200
6034,R_279ENCaNyRMf98u,ABIS_BOOK,2019-07-21,1563721200
6035,R_279ENCaNyRMf98u,PET_FOOD,2019-07-21,1563721200
6036,R_279ENCaNyRMf98u,SHIRT,2019-07-21,1563721200
6037,R_2ASz0xBmcxqYzUJ,PACKING_MATERIAL,2019-07-21,1563721200
6038,R_2D1zydYR5SZ0LpK,SHOES,2019-07-21,1563721200
6039,R_2DMQ4Npnlu3WWyq,BOOKSHELF_OR_MICRO_STEREO_SYS,2019-07-21,1563721200
6040,R_2DXPyU9bPnWuZPM,PET_FOOD,2019-07-21,1563721200
6041,R_2E9JSBmmNNT5YMi,VITAMIN,2019-07-21,1563721200
6042,R_2EglJpTWGEiwQYa,TOYS_AND_GAMES,2019-07-21,1563721200
6043,R_2ONDyHxQviDmrWg,GROCERY,2019-07-21,1563721200
6044,R_2ONDyHxQviDmrWg,PANTS,2019-07-21,1563721200
6045,R_2ONDyHxQviDmrWg,SHIRT,2019-07-21,1563721200
6046,R_2TXBHPMwNAwKR7Q,SAFETY_GLASSES,2019-07-21,1563721200
6047,R_2TXBHPMwNAwKR7Q,ADHESIVE_TAPES,2019-07-21,1563721200
6048,R_2WAagX64hf1kdMI,SCREEN_PROTECTOR,2019-07-21,1563721200
6049,R_2XoI6KbLJRGFz5X,UTILITY_KNIFE,2019-07-21,1563721200
6050,R_2YVQQRVSdj7M8Va,HEADPHONES,2019-07-21,1563721200
6051,R_2YeJ7ZNQ5xBFmxw,SOIL_TILLER_CULTIVATOR,2019-07-21,1563721200
6052,R_2YzwllA3OWyo30M,FLAT_SHEET,2019-07-21,1563721200
6053,R_2YzwllA3OWyo30M,CHEMICAL_TEST_STRIP,2019-07-21,1563721200
6054,R_2YzwllA3OWyo30M,FOOD_STORAGE_CONTAINER,2019-07-21,1563721200
6055,R_2dRR9SjNrn4s7xU,HEALTH_PERSONAL_CARE,2019-07-21,1563721200
6056,R_2dRR9SjNrn4s7xU,GROCERY,2019-07-21,1563721200
6057,R_2dRR9SjNrn4s7xU,KNIFE_BLOCK_SET,2019-07-21,1563721200
6058,R_2dY2NzAgp2digAs,PET_FOOD,2019-07-21,1563721200
6059,R_2f7MFUqYnEv92pF,GROCERY,2019-07-21,1563721200
6060,R_2s5YO3cdqKDFyIM,SHIRT,2019-07-21,1563721200
6061,R_2s5YO3cdqKDFyIM,SNACK_FOOD_BAR,2019-07-21,1563721200
6062,R_2sbf0hqTGFb880u,FLASH_MEMORY,2019-07-21,1563721200
6063,R_2tEuzX0j3530EZC,SOLDERING_IRON,2019-07-21,1563721200
6064,R_2vkMWH10xWp7o9s,STORAGE_DRAWER,2019-07-21,1563721200
6065,R_2wmLE1q4FIpfioi,NUTRITIONAL_SUPPLEMENT,2019-07-21,1563721200
6066,R_2xzc7JBNEgYNAqY,SCULPTING_MATERIAL,2019-07-21,1563721200
6067,R_2z7rLZb69WuqDdf,SWEATSHIRT,2019-07-21,1563721200
6068,R_2z7rLZb69WuqDdf,BATTERY,2019-07-21,1563721200
6069,R_2z7rLZb69WuqDdf,TOYS_AND_GAMES,2019-07-21,1563721200
6070,R_2z7rLZb69WuqDdf,SKIN_MOISTURIZER,2019-07-21,1563721200
6071,R_2z7rLZb69WuqDdf,SKIN_MOISTURIZER,2019-07-21,1563721200
6072,R_2z7rLZb69WuqDdf,CHAINSAW_CHAIN,2019-07-21,1563721200
6073,R_2zUBXlqUCKqKDVI,CARD_STOCK,2019-07-21,1563721200
6074,R_32WvdLjYpicai6o,PUNCHING_BAG,2019-07-21,1563721200
6075,R_32WvdLjYpicai6o,VITAMIN,2019-07-21,1563721200
6076,R_32WvdLjYpicai6o,PUNCHING_BAG,2019-07-21,1563721200
6077,R_33jcUkAZ8knoq82,HEADPHONES,2019-07-21,1563721200
6078,R_33jcUkAZ8knoq82,BATTERY,2019-07-21,1563721200
6079,R_33jcUkAZ8knoq82,HEADPHONES,2019-07-21,1563721200
6080,R_33jcUkAZ8knoq82,DRILL_BITS,2019-07-21,1563721200
6081,R_33jcUkAZ8knoq82,DRILL_BITS,2019-07-21,1563721200
6082,R_33jcUkAZ8knoq82,SCREEN_PROTECTOR,2019-07-21,1563721200
6083,R_33jcUkAZ8knoq82,STOVETOP_KETTLE,2019-07-21,1563721200
6084,R_33xxVtjHgiJnNli,SANDER,2019-07-21,1563721200
6085,R_3D0FIkesMnTGsnm,KEYBOARDS,2019-07-21,1563721200
6086,R_3GBRRr7bndtJPU9,MEDICATION,2019-07-21,1563721200
6087,R_3HzhKIwCcybjVbM,MEDICATION,2019-07-21,1563721200
6088,R_3HzhKIwCcybjVbM,ABIS_MUSIC,2019-07-21,1563721200
6089,R_3L20DbmNPSMtKUd,ROBE,2019-07-21,1563721200
6090,R_3L20DbmNPSMtKUd,COCKTAIL_SHAKER,2019-07-21,1563721200
6091,R_3LXRVZSdJiqH63S,PACKING_MATERIAL,2019-07-21,1563721200
6092,R_3LXRVZSdJiqH63S,SKIN_CLEANING_AGENT,2019-07-21,1563721200
6093,R_3LXRVZSdJiqH63S,TOYS_AND_GAMES,2019-07-21,1563721200
6094,R_3LXRVZSdJiqH63S,O_RINGS,2019-07-21,1563721200
6095,R_3LXRVZSdJiqH63S,STORAGE_HOOK,2019-07-21,1563721200
6096,R_3NCfhSJSgGWexUL,ABIS_BOOK,2019-07-21,1563721200
6097,R_3NCfhSJSgGWexUL,ELECTRONIC_CABLE,2019-07-21,1563721200
6098,R_3NFhCSnuJa54Jn3,ABIS_BOOK,2019-07-21,1563721200
6099,R_3NwUrzA3eAsS3xO,TOY_FIGURE,2019-07-21,1563721200
6100,R_3NwUrzA3eAsS3xO,SNACK_FOOD_BAR,2019-07-21,1563721200
6101,R_3OjDexwqOJReNX2,BAKING_PAN,2019-07-21,1563721200
6102,R_3PAyJj7mQvMzMco,SKIN_CLEANING_AGENT,2019-07-21,1563721200
6103,R_3PAyJj7mQvMzMco,SNACK_FOOD_BAR,2019-07-21,1563721200
6104,R_3PUi8o2if0JqKfl,PET_FOOD,2019-07-21,1563721200
6105,R_3QJyUqWqLp8B7Jw,ELECTRONIC_SENSOR,2019-07-21,1563721200
6106,R_3QJyUqWqLp8B7Jw,PALETTE_PUTTY_KNIFE,2019-07-21,1563721200
6107,R_3e82J7pYxj5XP7j,SNACK_FOOD_BAR,2019-07-21,1563721200
6108,R_3e82J7pYxj5XP7j,MEDICATION,2019-07-21,1563721200
6109,R_3ek9YZGdsDHjUZf,GROCERY,2019-07-21,1563721200
6110,R_3lYUnPKDsGA54tw,ELECTRONIC_CABLE,2019-07-21,1563721200
6111,R_3nH1Odp9Yjm86gN,WATCH,2019-07-21,1563721200
6112,R_3nH1Odp9Yjm86gN,PANTS,2019-07-21,1563721200
6113,R_3rV7kPHe9hVsMee,BODY_LUBRICANT,2019-07-21,1563721200
6114,R_3rV7kPHe9hVsMee,SHOES,2019-07-21,1563721200
6115,R_3rV7kPHe9hVsMee,VITAMIN,2019-07-21,1563721200
6116,R_3socPWD3wXD0iDP,POOL_COVER,2019-07-21,1563721200
6117,R_3socPWD3wXD0iDP,TOY_FIGURE,2019-07-21,1563721200
6118,R_3socPWD3wXD0iDP,ANIMAL_LITTER,2019-07-21,1563721200
6119,R_3sp0qsXaE11taC1,ABIS_BOOK,2019-07-21,1563721200
6120,R_40engukXSxhrtF7,AROMA_DIFFUSER,2019-07-21,1563721200
6121,R_40engukXSxhrtF7,BASKET,2019-07-21,1563721200
6122,R_5uabKnJBMc7HyEN,SKIN_CLEANING_WIPE,2019-07-21,1563721200
6123,R_5uabKnJBMc7HyEN,ANTI_FATIGUE_FLOOR_MAT,2019-07-21,1563721200
6124,R_6SbhJD23U5a2YJX,PET_FOOD,2019-07-21,1563721200
6125,R_85OdkeCoFP5daLL,CELLULAR_PHONE_CASE,2019-07-21,1563721200
6126,R_85OdkeCoFP5daLL,SAFETY_MASK,2019-07-21,1563721200
6127,R_8CXcySQawXPuJwJ,HEADPHONES,2019-07-21,1563721200
6128,R_8cr0J12EMKs9NND,APPAREL_GLOVES,2019-07-21,1563721200
6129,R_8cr0J12EMKs9NND,HEADPHONES,2019-07-21,1563721200
6130,R_8cr0J12EMKs9NND,HEALTH_PERSONAL_CARE,2019-07-21,1563721200
6131,R_8cr0J12EMKs9NND,SKIN_CLEANING_AGENT,2019-07-21,1563721200
6132,R_8cr0J12EMKs9NND,DAILY_LIVING_AIDS,2019-07-21,1563721200
6133,R_A5Mg9h1PiJL0Wyd,MULTIPORT_HUB,2019-07-21,1563721200
6134,R_A5Mg9h1PiJL0Wyd,PHYSICAL_VIDEO_GAME_SOFTWARE,2019-07-21,1563721200
6135,R_A5Mg9h1PiJL0Wyd,HEADPHONES,2019-07-21,1563721200
6136,R_BWhnv4EdbhSS6rf,GROCERY,2019-07-21,1563721200
6137,R_BWhnv4EdbhSS6rf,GROCERY,2019-07-21,1563721200
6138,R_CaF1pc8CnyWJvCp,TOWEL,2019-07-21,1563721200
6139,R_Odixb15Ykmxb0Dn,ABIS_DVD,2019-07-21,1563721200
6140,R_PuLRXv7pUO3cLzX,PORTABLE_ELECTRONIC_DEVICE_COVER,2019-07-21,1563721200
6141,R_Ui78k1hRGuGWhln,ABIS_BOOK,2019-07-21,1563721200
6142,R_XAphEY817eORyx3,CLOTHES_RACK,2019-07-21,1563721200
6143,R_XAphEY817eORyx3,ABIS_BOOK,2019-07-21,1563721200
6144,R_XAphEY817eORyx3,PET_FOOD,2019-07-21,1563721200
6145,R_XYTa0bvoaQqev3r,HEADPHONES,2019-07-21,1563721200
6146,R_Xhz81T9LodPX0KB,DUMBBELL,2019-07-21,1563721200
6147,R_Xhz81T9LodPX0KB,SHOE_INSERT,2019-07-21,1563721200
6148,R_Xhz81T9LodPX0KB,MEDICATION,2019-07-21,1563721200
6149,R_Xhz81T9LodPX0KB,VITAMIN,2019-07-21,1563721200
6150,R_Xhz81T9LodPX0KB,GROCERY,2019-07-21,1563721200
6151,R_Zw0unpmWGOSsWEF,SKIN_CLEANING_AGENT,2019-07-21,1563721200
6152,R_Zw0unpmWGOSsWEF,GARDEN_SHEAR_SCISSORS,2019-07-21,1563721200
6153,R_b3dSUlk76L0C6TD,CHEWING_GUM,2019-07-21,1563721200
6154,R_b8UnkZJoU93ZxEB,PANTS,2019-07-21,1563721200
6155,R_b8UnkZJoU93ZxEB,SNACK_FOOD_BAR,2019-07-21,1563721200
6156,R_b8UnkZJoU93ZxEB,PORTABLE_FREESTANDING_SHELTER,2019-07-21,1563721200
6157,R_bkquoGQp5VhpihP,PINBOARD,2019-07-21,1563721200
6158,R_bkquoGQp5VhpihP,HEALTH_PERSONAL_CARE,2019-07-21,1563721200
6159,R_bkquoGQp5VhpihP,MEDICATION,2019-07-21,1563721200
6160,R_pMnqpu31myYoxy1,DISHWARE_PLATE,2019-07-21,1563721200
6161,R_pMnqpu31myYoxy1,CLEANING_AGENT,2019-07-21,1563721200
6162,R_rqK6K6zDsynoZHP,SPORT_BAT,2019-07-21,1563721200
6163,R_sM3qX7I1tHzvU09,ABIS_BOOK,2019-07-21,1563721200
6164,R_sM3qX7I1tHzvU09,IRRIGATION_SPRINKLER,2019-07-21,1563721200
6165,R_vV9c87xuLM7zcC5,CURTAIN_FASTENER,2019-07-21,1563721200
6166,R_vYtQIbKQv9vFKuZ,TABLETOP_GAME,2019-07-21,1563721200
6167,R_vYtQIbKQv9vFKuZ,PET_FOOD,2019-07-21,1563721200
6168,R_vYtQIbKQv9vFKuZ,PANTS,2019-07-21,1563721200
6169,R_vYtQIbKQv9vFKuZ,SKIN_CLEANING_AGENT,2019-07-21,1563721200
6170,R_vYtQIbKQv9vFKuZ,ELECTRONIC_CABLE,2019-07-21,1563721200
6171,R_x969WzGgXuE1CuJ,POWER_BANK,2019-07-21,1563721200
6172,R_x969WzGgXuE1CuJ,AIR_GUN,2019-07-21,1563721200
6173,R_x969WzGgXuE1CuJ,ABIS_BOOK,2019-07-21,1563721200
6174,R_x969WzGgXuE1CuJ,COFFEE,2019-07-21,1563721200
6175,R_x969WzGgXuE1CuJ,PANTS,2019-07-21,1563721200
6176,R_x969WzGgXuE1CuJ,PHYSICAL_MOVIE,2019-07-21,1563721200
6177,R_yC5ffbdBLVi93Pz,ELECTRONIC_CABLE,2019-07-21,1563721200
6178,R_10MFxyIhsIDW0nP,SKIN_MOISTURIZER,2019-07-22,1563807600
6179,R_10TA7pCDmelHi5H,HEADPHONES,2019-07-22,1563807600
6180,R_10TA7pCDmelHi5H,SHORTS,2019-07-22,1563807600
6181,R_128UcvT7YzJpnZv,SPORTING_GOODS,2019-07-22,1563807600
6182,R_128UcvT7YzJpnZv,FLASH_MEMORY,2019-07-22,1563807600
6183,R_1C4tcyEfmcsKI9X,MEDICATION,2019-07-22,1563807600
6184,R_1C75XRebT1eliL0,STORAGE_BAG,2019-07-22,1563807600
6185,R_1C75XRebT1eliL0,VITAMIN,2019-07-22,1563807600
6186,R_1Cd5zmz07X5BqKa,CELLULAR_PHONE_CASE,2019-07-22,1563807600
6187,R_1DYWdbAMt6LyCZH,RUG_PAD,2019-07-22,1563807600
6188,R_1E3TJBNJVtr3tcD,ABIS_BOOK,2019-07-22,1563807600
6189,R_1GVN63HjPpVXPEx,ABIS_BOOK,2019-07-22,1563807600
6190,R_1GVN63HjPpVXPEx,SKIN_MOISTURIZER,2019-07-22,1563807600
6191,R_1GghoTNZdgUeySl,SKIN_MOISTURIZER,2019-07-22,1563807600
6192,R_1GghoTNZdgUeySl,SKIN_CLEANING_AGENT,2019-07-22,1563807600
6193,R_1GghoTNZdgUeySl,SNACK_FOOD_BAR,2019-07-22,1563807600
6194,R_1NDq0rxoUSu6oyz,NUTRITIONAL_SUPPLEMENT,2019-07-22,1563807600
6195,R_1NDq0rxoUSu6oyz,HEALTH_PERSONAL_CARE,2019-07-22,1563807600
6196,R_1PUcgnVG2i0EBz4,MOUTHWASH,2019-07-22,1563807600
6197,R_1PUcgnVG2i0EBz4,CABINET,2019-07-22,1563807600
6198,R_1PUcgnVG2i0EBz4,GROCERY,2019-07-22,1563807600
6199,R_1PUcgnVG2i0EBz4,PANTS,2019-07-22,1563807600
6200,R_1QKu8qtvgo0d1uS,GROCERY,2019-07-22,1563807600
6201,R_1QLfbB3Lho273wG,SKILL_APPLICATION,2019-07-22,1563807600
6202,R_1QLfbB3Lho273wG,PHYSICAL_MOVIE,2019-07-22,1563807600
6203,R_1QLfbB3Lho273wG,ABIS_BOOK,2019-07-22,1563807600
6204,R_1QLfbB3Lho273wG,ELECTRONIC_CABLE,2019-07-22,1563807600
6205,R_1QLfbB3Lho273wG,ASTRINGENT_SUBSTANCE,2019-07-22,1563807600
6206,R_1QLfbB3Lho273wG,PILLOW,2019-07-22,1563807600
6207,R_1QLfbB3Lho273wG,CELLULAR_PHONE_CASE,2019-07-22,1563807600
6208,R_1QLfbB3Lho273wG,VEHICLE_LIGHTING_CONVERSION_KIT,2019-07-22,1563807600
6209,R_1QLfbB3Lho273wG,PILLOWCASE,2019-07-22,1563807600
6210,R_1QLfbB3Lho273wG,ELECTRONIC_CABLE,2019-07-22,1563807600
6211,R_1QLfbB3Lho273wG,CELLULAR_PHONE_CASE,2019-07-22,1563807600
6212,R_1QLfbB3Lho273wG,ASTRINGENT_SUBSTANCE,2019-07-22,1563807600
6213,R_1QozBaV2v9k1qO9,ORTHOPEDIC_BRACE,2019-07-22,1563807600
6214,R_1QozBaV2v9k1qO9,BATTERY,2019-07-22,1563807600
6215,R_1dKBjc0UTA0ZiYb,PET_FOOD,2019-07-22,1563807600
6216,R_1daE3vUDxFrSw4I,HEADPHONES,2019-07-22,1563807600
6217,R_1escXXhyvAgsBYq,TRASH_COMPACTOR,2019-07-22,1563807600
6218,R_1ez4JQNwmuGXkQX,OFFICE_PRODUCTS,2019-07-22,1563807600
6219,R_1f1PzEZw8H2N4zm,SMALL_HOME_APPLIANCES,2019-07-22,1563807600
6220,R_1f1PzEZw8H2N4zm,GROCERY,2019-07-22,1563807600
6221,R_1gq1l7L7YXNcp13,NUTRITIONAL_SUPPLEMENT,2019-07-22,1563807600
6222,R_1gq1l7L7YXNcp13,BUCKLE,2019-07-22,1563807600
6223,R_1l4zCtGUTvAWdS6,VITAMIN,2019-07-22,1563807600
6224,R_1lxYa2W6GgcAQ19,CELLULAR_PHONE_CASE,2019-07-22,1563807600
6225,R_1lxYa2W6GgcAQ19,SCREEN_PROTECTOR,2019-07-22,1563807600
6226,R_1lxYa2W6GgcAQ19,BATTERY,2019-07-22,1563807600
6227,R_1lxYa2W6GgcAQ19,MOTION_DETECTOR_DEVICE,2019-07-22,1563807600
6228,R_1lxYa2W6GgcAQ19,SKIN_MOISTURIZER,2019-07-22,1563807600
6229,R_1mebUZZHsgPDgzX,NUTRITIONAL_SUPPLEMENT,2019-07-22,1563807600
6230,R_1mxX9jjBSLwxiDU,PHYSICAL_TV_SERIES,2019-07-22,1563807600
6231,R_1oFSDeGAQcUN2v8,SNACK_FOOD_BAR,2019-07-22,1563807600
6232,R_20ON9TjJWV64IZO,FIGURINE,2019-07-22,1563807600
6233,R_20S7crqtX9XLeBx,SHIRT,2019-07-22,1563807600
6234,R_20S7crqtX9XLeBx,BOOKMARK,2019-07-22,1563807600
6235,R_21G54IjScAJhDAM,HEADPHONES,2019-07-22,1563807600
6236,R_21G54IjScAJhDAM,HEADPHONES,2019-07-22,1563807600
6237,R_21G54IjScAJhDAM,ABIS_BOOK,2019-07-22,1563807600
6238,R_22mMopWqAj09mQc,SKIN_PROTECTANT,2019-07-22,1563807600
6239,R_22mMopWqAj09mQc,PET_FOOD,2019-07-22,1563807600
6240,R_24csoaO569P4Yzz,PHYSICAL_MOVIE,2019-07-22,1563807600
6241,R_24csoaO569P4Yzz,SPARK_PLUG,2019-07-22,1563807600
6242,R_24csoaO569P4Yzz,OUTERWEAR,2019-07-22,1563807600
6243,R_24csoaO569P4Yzz,SCREEN_PROTECTOR,2019-07-22,1563807600
6244,R_24csoaO569P4Yzz,BATTERY,2019-07-22,1563807600
6245,R_24csoaO569P4Yzz,NUTRITIONAL_SUPPLEMENT,2019-07-22,1563807600
6246,R_25thHabUddjXGzt,BATTERY,2019-07-22,1563807600
6247,R_29tZUWisKTCWczv,SKIN_MOISTURIZER,2019-07-22,1563807600
6248,R_29tZUWisKTCWczv,SNACK_FOOD_BAR,2019-07-22,1563807600
6249,R_29uBVByYo0xAXiZ,SHOES,2019-07-22,1563807600
6250,R_29uBVByYo0xAXiZ,TOYS_AND_GAMES,2019-07-22,1563807600
6251,R_2E5XCpTY2B5ZQ1f,SCREEN_PROTECTOR,2019-07-22,1563807600
6252,R_2E5XCpTY2B5ZQ1f,BATTERY,2019-07-22,1563807600
6253,R_2E5XCpTY2B5ZQ1f,MEDICATION,2019-07-22,1563807600
6254,R_2R3ayuIYVgX07CZ,MUSICAL_INSTRUMENT_AMPLIFIER,2019-07-22,1563807600
6255,R_2R3ayuIYVgX07CZ,SHEET_PAPER,2019-07-22,1563807600
6256,R_2R3ayuIYVgX07CZ,BODY_POSITIONER,2019-07-22,1563807600
6257,R_2R3ayuIYVgX07CZ,NUTRITIONAL_SUPPLEMENT,2019-07-22,1563807600
6258,R_2R3ayuIYVgX07CZ,GROCERY,2019-07-22,1563807600
6259,R_2R3ayuIYVgX07CZ,TOYS_AND_GAMES,2019-07-22,1563807600
6260,R_2R3ayuIYVgX07CZ,SANITARY_NAPKIN,2019-07-22,1563807600
6261,R_2R3ayuIYVgX07CZ,MEDICATION,2019-07-22,1563807600
6262,R_2R3ayuIYVgX07CZ,HEADPHONES,2019-07-22,1563807600
6263,R_2UgruQ1jzpNXLQZ,SHOES,2019-07-22,1563807600
6264,R_2WMQprO1e6US68f,UTILITY_KNIFE,2019-07-22,1563807600
6265,R_2WMQprO1e6US68f,EXERCISE_STEP_PLATFORM,2019-07-22,1563807600
6266,R_2Xj7LtCe2Mt8jNi,HEADPHONES,2019-07-22,1563807600
6267,R_2Xj7LtCe2Mt8jNi,ELECTRONIC_CABLE,2019-07-22,1563807600
6268,R_2YR2Yn7wGzAeAj0,FURNITURE,2019-07-22,1563807600
6269,R_2YVQQRVSdj7M8Va,AIR_MATTRESS,2019-07-22,1563807600
6270,R_2YVQQRVSdj7M8Va,PACKING_MATERIAL,2019-07-22,1563807600
6271,R_2YeJ7ZNQ5xBFmxw,HAT,2019-07-22,1563807600
6272,R_2YeJ7ZNQ5xBFmxw,AUTO_PART,2019-07-22,1563807600
6273,R_2YeJ7ZNQ5xBFmxw,BATTERY,2019-07-22,1563807600
6274,R_2b1XOZR0PYTA1jX,HEALTH_PERSONAL_CARE,2019-07-22,1563807600
6275,R_2b1XOZR0PYTA1jX,AIR_GUN,2019-07-22,1563807600
6276,R_2cvmrv8q51q8yh1,PANTS,2019-07-22,1563807600
6277,R_2dvh9tu7PLPeipE,SAW,2019-07-22,1563807600
6278,R_2dvh9tu7PLPeipE,SCREEN_PROTECTOR,2019-07-22,1563807600
6279,R_2dvh9tu7PLPeipE,PANTS,2019-07-22,1563807600
6280,R_2dvh9tu7PLPeipE,SCREEN_PROTECTOR,2019-07-22,1563807600
6281,R_2dvh9tu7PLPeipE,PET_FOOD,2019-07-22,1563807600
6282,R_2fD6Jy2muMgaubH,ART_AND_CRAFT_SUPPLY,2019-07-22,1563807600
6283,R_2mAJniG0xVBIInL,PHYSICAL_MOVIE,2019-07-22,1563807600
6284,R_2mAJniG0xVBIInL,BABY_PRODUCT,2019-07-22,1563807600
6285,R_2mAJniG0xVBIInL,LIGHT_BULB,2019-07-22,1563807600
6286,R_2mKYTXpTsUEkSGt,MEDICATION,2019-07-22,1563807600
6287,R_2mKYTXpTsUEkSGt,COLLAPSIBLE_PLAY_STRUCTURE,2019-07-22,1563807600
6288,R_2qD8ep8d313iLj4,SWORD,2019-07-22,1563807600
6289,R_2r7Zl5CTeW1dMqd,EYEGLASS_FRAME,2019-07-22,1563807600
6290,R_2r7Zl5CTeW1dMqd,SNACK_CHIP_AND_CRISP,2019-07-22,1563807600
6291,R_2r7Zl5CTeW1dMqd,WRITING_INSTRUMENT,2019-07-22,1563807600
6292,R_2r7Zl5CTeW1dMqd,MEDICATION,2019-07-22,1563807600
6293,R_2r7Zl5CTeW1dMqd,SKIN_CLEANING_AGENT,2019-07-22,1563807600
6294,R_2r7Zl5CTeW1dMqd,VITAMIN,2019-07-22,1563807600
6295,R_2r7Zl5CTeW1dMqd,CELLULAR_PHONE_CASE,2019-07-22,1563807600
6296,R_2tfEDXuyNRcQoWs,STROLLER,2019-07-22,1563807600
6297,R_2uQjJxSekSWj3qM,SKIN_MOISTURIZER,2019-07-22,1563807600
6298,R_2uQjJxSekSWj3qM,SNACK_FOOD_BAR,2019-07-22,1563807600
6299,R_2vYeXyFdrSyrVwh,BATTERY,2019-07-22,1563807600
6300,R_2vYeXyFdrSyrVwh,HEADPHONES,2019-07-22,1563807600
6301,R_2vkMWH10xWp7o9s,MEDICATION,2019-07-22,1563807600
6302,R_2vkMWH10xWp7o9s,OFFICE_PRODUCTS,2019-07-22,1563807600
6303,R_2vkMWH10xWp7o9s,SHIRT,2019-07-22,1563807600
6304,R_2vkMWH10xWp7o9s,BED_LINEN_SET,2019-07-22,1563807600
6305,R_2z7rLZb69WuqDdf,NUTRITIONAL_SUPPLEMENT,2019-07-22,1563807600
6306,R_2z7rLZb69WuqDdf,TOYS_AND_GAMES,2019-07-22,1563807600
6307,R_31QS1Ms6iQEU3mI,AUTO_PART,2019-07-22,1563807600
6308,R_31XTJUT1qHoBGRZ,SHOES,2019-07-22,1563807600
6309,R_31XTJUT1qHoBGRZ,ABIS_BOOK,2019-07-22,1563807600
6310,R_325wNEypLBLRTf7,SOIL,2019-07-22,1563807600
6311,R_32Mm71oAJq2K9XK,ABIS_BOOK,2019-07-22,1563807600
6312,R_32Mm71oAJq2K9XK,VITAMIN,2019-07-22,1563807600
6313,R_32UZncFA03IrQwQ,DIGITAL_DEVICE_4,2019-07-22,1563807600
6314,R_32UZncFA03IrQwQ,SCREEN_PROTECTOR,2019-07-22,1563807600
6315,R_33El0GX9AkXCVDU,SHIRT,2019-07-22,1563807600
6316,R_33El0GX9AkXCVDU,GIFT_CARD,2019-07-22,1563807600
6317,R_33kcOqAkuOfPeI1,HOME_LIGHTING_ACCESSORY,2019-07-22,1563807600
6318,R_3CZ8DrIEalrYlgu,VITAMIN,2019-07-22,1563807600
6319,R_3CZ8DrIEalrYlgu,CELLULAR_PHONE_CASE,2019-07-22,1563807600
6320,R_3CZ8DrIEalrYlgu,INKJET_PRINTER_INK,2019-07-22,1563807600
6321,R_3G1gYo1d23Zq8Np,NUTRITIONAL_SUPPLEMENT,2019-07-22,1563807600
6322,R_3GD1CL4OyjglmbZ,PHYSICAL_TV_SERIES,2019-07-22,1563807600
6323,R_3Ge2RzIsoM2g5lL,BATTERY,2019-07-22,1563807600
6324,R_3Mc9nZhk6fg7b8z,VIDEO_GAME_HARDWARE,2019-07-22,1563807600
6325,R_3Mc9nZhk6fg7b8z,TOYS_AND_GAMES,2019-07-22,1563807600
6326,R_3MhBAq6V6XHU9ln,SCREEN_PROTECTOR,2019-07-22,1563807600
6327,R_3MsY6hQO6rNgjhW,VIDEO_DISC_PLAYER,2019-07-22,1563807600
6328,R_3MsY6hQO6rNgjhW,BOTTLE,2019-07-22,1563807600
6329,R_3MsY6hQO6rNgjhW,HEALTH_PERSONAL_CARE,2019-07-22,1563807600
6330,R_3Pwa112XZRRejbA,FOOD_OR_BEVERAGE_WARMER,2019-07-22,1563807600
6331,R_3R3FfvTaRKxigNl,POTABLE_WATER_FILTER,2019-07-22,1563807600
6332,R_3RmDOazalOu0F1L,CIGARETTE_CASE,2019-07-22,1563807600
6333,R_3RpTNwsri1SSxeL,HVAC_AIR_FILTER,2019-07-22,1563807600
6334,R_3enuyEOsaEVxTNX,BEVERAGE_INSULATOR,2019-07-22,1563807600
6335,R_3enuyEOsaEVxTNX,SHIRT,2019-07-22,1563807600
6336,R_3enuyEOsaEVxTNX,SKIN_CLEANING_AGENT,2019-07-22,1563807600
6337,R_3enuyEOsaEVxTNX,TOYS_AND_GAMES,2019-07-22,1563807600
6338,R_3fB1NIeE1OGUd72,SHOES,2019-07-22,1563807600
6339,R_3fB1NIeE1OGUd72,SCREEN_PROTECTOR,2019-07-22,1563807600
6340,R_3fB1NIeE1OGUd72,GROCERY,2019-07-22,1563807600
6341,R_3fB1NIeE1OGUd72,PANTS,2019-07-22,1563807600
6342,R_3fB1NIeE1OGUd72,SKIN_MOISTURIZER,2019-07-22,1563807600
6343,R_3fB1NIeE1OGUd72,ELASTIC_BAND,2019-07-22,1563807600
6344,R_3fBmKcLTAgFITMo,MOUNT_BRACKET,2019-07-22,1563807600
6345,R_3fBmKcLTAgFITMo,SNACK_FOOD_BAR,2019-07-22,1563807600
6346,R_3gTrwWhEzAv6gzH,HOOK_LOOP_FASTENER,2019-07-22,1563807600
6347,R_3ite6il7LXUvpB6,BOARD_GAME,2019-07-22,1563807600
6348,R_3jYUg0c9puk2lgW,PLACEMAT,2019-07-22,1563807600
6349,R_3jYUg0c9puk2lgW,SHOES,2019-07-22,1563807600
6350,R_3m3H4mwZ2snYFua,CELLULAR_PHONE_CASE,2019-07-22,1563807600
6351,R_3m3H4mwZ2snYFua,HEADPHONES,2019-07-22,1563807600
6352,R_3m3H4mwZ2snYFua,SHIRT,2019-07-22,1563807600
6353,R_3n2VXT4Z99FpnEG,BATTERY,2019-07-22,1563807600
6354,R_3n2VXT4Z99FpnEG,GROCERY,2019-07-22,1563807600
6355,R_3nH1Odp9Yjm86gN,MEDICATION,2019-07-22,1563807600
6356,R_3nH1Odp9Yjm86gN,HEADPHONES,2019-07-22,1563807600
6357,R_3nH1Odp9Yjm86gN,SKIN_CLEANING_AGENT,2019-07-22,1563807600
6358,R_3rV7kPHe9hVsMee,SCREEN_PROTECTOR,2019-07-22,1563807600
6359,R_3rV7kPHe9hVsMee,INKJET_PRINTER_INK,2019-07-22,1563807600
6360,R_3rV7kPHe9hVsMee,ELECTRONIC_CABLE,2019-07-22,1563807600
6361,R_3rV7kPHe9hVsMee,BATTERY,2019-07-22,1563807600
6362,R_3rV7kPHe9hVsMee,SKIN_MOISTURIZER,2019-07-22,1563807600
6363,R_3rV7kPHe9hVsMee,PET_SEAT,2019-07-22,1563807600
6364,R_3rV7kPHe9hVsMee,CRACKER,2019-07-22,1563807600
6365,R_3rV7kPHe9hVsMee,TOYS_AND_GAMES,2019-07-22,1563807600
6366,R_3rV7kPHe9hVsMee,MEDICATION,2019-07-22,1563807600
6367,R_3rV7kPHe9hVsMee,SKIN_MOISTURIZER,2019-07-22,1563807600
6368,R_3rV7kPHe9hVsMee,SKIN_MOISTURIZER,2019-07-22,1563807600
6369,R_3rV7kPHe9hVsMee,ABIS_BOOK,2019-07-22,1563807600
6370,R_3rV7kPHe9hVsMee,SKIN_MOISTURIZER,2019-07-22,1563807600
6371,R_3rV7kPHe9hVsMee,SNACK_FOOD_BAR,2019-07-22,1563807600
6372,R_3s02y9lg8GCo9q0,SCISSORS,2019-07-22,1563807600
6373,R_3s02y9lg8GCo9q0,GROCERY,2019-07-22,1563807600
6374,R_3s5NxhqKpoWo6zm,BATTERY,2019-07-22,1563807600
6375,R_3socPWD3wXD0iDP,BOTTLE,2019-07-22,1563807600
6376,R_4PhRzF4UI9ooLh7,VOICE_RECORDER,2019-07-22,1563807600
6377,R_55BKHeW1aOzYOUp,BOOT,2019-07-22,1563807600
6378,R_55BKHeW1aOzYOUp,BATTERY,2019-07-22,1563807600
6379,R_55BKHeW1aOzYOUp,PHYSICAL_MOVIE,2019-07-22,1563807600
6380,R_85OdkeCoFP5daLL,HEADPHONES,2019-07-22,1563807600
6381,R_9ppTjfBQZZs42WJ,TOYS_AND_GAMES,2019-07-22,1563807600
6382,R_9ppTjfBQZZs42WJ,GROCERY,2019-07-22,1563807600
6383,R_BWhnv4EdbhSS6rf,NUTRITIONAL_SUPPLEMENT,2019-07-22,1563807600
6384,R_DM3u1ro7eb4ws93,AUDIO_OR_VIDEO,2019-07-22,1563807600
6385,R_O6ZX76mggPnAOfD,SKIN_CLEANING_AGENT,2019-07-22,1563807600
6386,R_OdTirYYBS6ms6nn,SKIN_MOISTURIZER,2019-07-22,1563807600
6387,R_OdTirYYBS6ms6nn,MEDICATION,2019-07-22,1563807600
6388,R_OkSi9IxX5ddzzl7,TOPICAL_HAIR_REGROWTH_TREATMENT,2019-07-22,1563807600
6389,R_OkSi9IxX5ddzzl7,SHELF,2019-07-22,1563807600
6390,R_PB47lifIW2D9E65,PET_BED_MAT,2019-07-22,1563807600
6391,R_PB47lifIW2D9E65,CELLULAR_PHONE_CASE,2019-07-22,1563807600
6392,R_PwlnzzccUMXV0n7,VITAMIN,2019-07-22,1563807600
6393,R_PwlnzzccUMXV0n7,PHYSICAL_MOVIE,2019-07-22,1563807600
6394,R_RPudbSO1mm9KZSp,CELLULAR_PHONE_CASE,2019-07-22,1563807600
6395,R_RlYyUhsDFvyGwX7,SKIN_MOISTURIZER,2019-07-22,1563807600
6396,R_Rw7CA3irllJSRH3,SKIN_MOISTURIZER,2019-07-22,1563807600
6397,R_SE2qI33L0z1rw2J,REMOTE_CONTROL,2019-07-22,1563807600
6398,R_T5bktxnjxE8B7ON,STORAGE_RACK,2019-07-22,1563807600
6399,R_WerZwuLkMK4zfVf,COLLECTIBLE_CARD,2019-07-22,1563807600
6400,R_WerZwuLkMK4zfVf,BATTERY,2019-07-22,1563807600
6401,R_XsIUODlniv0lMu5,SKIN_MOISTURIZER,2019-07-22,1563807600
6402,R_Xt4H8BJ1Vx7ws8h,SCREEN_PROTECTOR,2019-07-22,1563807600
6403,R_Xt4H8BJ1Vx7ws8h,WEATHER_STATION,2019-07-22,1563807600
6404,R_Xt4H8BJ1Vx7ws8h,PET_FOOD,2019-07-22,1563807600
6405,R_XuCuybjxPer1OeJ,MEDICATION,2019-07-22,1563807600
6406,R_Z4qMkqhWSmIbdSh,SKIN_MOISTURIZER,2019-07-22,1563807600
6407,R_ZIBCd5K8oQRXdm1,SNACK_FOOD_BAR,2019-07-22,1563807600
6408,R_b8UnkZJoU93ZxEB,PHYSICAL_MOVIE,2019-07-22,1563807600
6409,R_b8UnkZJoU93ZxEB,PET_PEST_CONTROL,2019-07-22,1563807600
6410,R_bJbNhR1I5NnLKb7,HEALTH_PERSONAL_CARE,2019-07-22,1563807600
6411,R_bJbNhR1I5NnLKb7,SHOES,2019-07-22,1563807600
6412,R_bJbNhR1I5NnLKb7,PANTS,2019-07-22,1563807600
6413,R_bJbNhR1I5NnLKb7,ABIS_BOOK,2019-07-22,1563807600
6414,R_bJbNhR1I5NnLKb7,MEDICATION,2019-07-22,1563807600
6415,R_bJbNhR1I5NnLKb7,KITE,2019-07-22,1563807600
6416,R_bkquoGQp5VhpihP,MEDICATION,2019-07-22,1563807600
6417,R_bkquoGQp5VhpihP,SNACK_FOOD_BAR,2019-07-22,1563807600
6418,R_bkquoGQp5VhpihP,PINBOARD,2019-07-22,1563807600
6419,R_bkquoGQp5VhpihP,SKIN_CLEANING_AGENT,2019-07-22,1563807600
6420,R_cAcAtozIWnZIbGp,SKIN_CLEANING_AGENT,2019-07-22,1563807600
6421,R_cAcAtozIWnZIbGp,GROCERY,2019-07-22,1563807600
6422,R_cAcAtozIWnZIbGp,TABLETOP_GAME,2019-07-22,1563807600
6423,R_cAcAtozIWnZIbGp,LAMP,2019-07-22,1563807600
6424,R_cAcAtozIWnZIbGp,ABIS_BOOK,2019-07-22,1563807600
6425,R_cAcAtozIWnZIbGp,HEALTH_PERSONAL_CARE,2019-07-22,1563807600
6426,R_cAcAtozIWnZIbGp,ELECTRONIC_CABLE,2019-07-22,1563807600
6427,R_pMnqpu31myYoxy1,SHOES,2019-07-22,1563807600
6428,R_pMnqpu31myYoxy1,CELLULAR_PHONE_CASE,2019-07-22,1563807600
6429,R_t0ccZ3CXpzqgSpr,RADIO,2019-07-22,1563807600
6430,R_t0ccZ3CXpzqgSpr,PHYSICAL_MOVIE,2019-07-22,1563807600
6431,R_t0ccZ3CXpzqgSpr,APPAREL_HEAD_NECK_COVERING,2019-07-22,1563807600
6432,R_tFf2GViNMUolxaV,MEDICATION,2019-07-22,1563807600
6433,R_vYtQIbKQv9vFKuZ,PHYSICAL_MOVIE,2019-07-22,1563807600
6434,R_w5JAqptOytTan4J,OIL_FILTER,2019-07-22,1563807600
6435,R_zfnsck2ZatnGtY5,PERSONAL_CARE_APPLIANCE,2019-07-22,1563807600
6436,R_zfnsck2ZatnGtY5,SCREEN_PROTECTOR,2019-07-22,1563807600
6437,R_zfnsck2ZatnGtY5,WALKER,2019-07-22,1563807600
6438,R_10CAlrx7dbJty9R,MEDICATION,2019-07-23,1563894000
6439,R_10CAlrx7dbJty9R,HEALTH_PERSONAL_CARE,2019-07-23,1563894000
6440,R_10CAlrx7dbJty9R,WIPER_BLADE,2019-07-23,1563894000
6441,R_12QFQ7lCIls8sRd,MEDICATION,2019-07-23,1563894000
6442,R_12QFQ7lCIls8sRd,PANTS,2019-07-23,1563894000
6443,R_1C4nKyrv0w2thJn,CELLULAR_PHONE_CASE,2019-07-23,1563894000
6444,R_1C8w4NDDQC5fcgE,SCREEN_PROTECTOR,2019-07-23,1563894000
6445,R_1C8w4NDDQC5fcgE,SHIRT,2019-07-23,1563894000
6446,R_1C8w4NDDQC5fcgE,PHYSICAL_MOVIE,2019-07-23,1563894000
6447,R_1Cd5zmz07X5BqKa,SNACK_FOOD_BAR,2019-07-23,1563894000
6448,R_1ClqO4ZMDuwGjfl,SHIRT,2019-07-23,1563894000
6449,R_1ClqO4ZMDuwGjfl,SNACK_FOOD_BAR,2019-07-23,1563894000
6450,R_1ClqO4ZMDuwGjfl,VIDEO_GAME_CONTROLLER,2019-07-23,1563894000
6451,R_1ClqO4ZMDuwGjfl,ROBE,2019-07-23,1563894000
6452,R_1DJ4QJgrJwK7g3Y,UNDERGARMENT_SLIP,2019-07-23,1563894000
6453,R_1DJ4QJgrJwK7g3Y,SCREEN_PROTECTOR,2019-07-23,1563894000
6454,R_1DYjkc1gJNvrzzL,BATTERY,2019-07-23,1563894000
6455,R_1DYjkc1gJNvrzzL,LIP_BALM,2019-07-23,1563894000
6456,R_1E5RqOd5LIHJqSq,SKIN_SERUM,2019-07-23,1563894000
6457,R_1E5RqOd5LIHJqSq,SKIN_SERUM,2019-07-23,1563894000
6458,R_1E5RqOd5LIHJqSq,SECURITY_ELECTRONICS,2019-07-23,1563894000
6459,R_1E5RqOd5LIHJqSq,SKIN_CLEANING_AGENT,2019-07-23,1563894000
6460,R_1E5RqOd5LIHJqSq,SHELF,2019-07-23,1563894000
6461,R_1E5RqOd5LIHJqSq,SHELF,2019-07-23,1563894000
6462,R_1IZrt5CyqgTg2Qe,PANTS,2019-07-23,1563894000
6463,R_1IZrt5CyqgTg2Qe,HEALTH_PERSONAL_CARE,2019-07-23,1563894000
6464,R_1IaYiTSaUaD2W2i,PET_FOOD,2019-07-23,1563894000
6465,R_1JLBP1fFf3p8tpy,ABIS_BOOK,2019-07-23,1563894000
6466,R_1KkFs7rgWXlWf58,NAIL_CLIPPER,2019-07-23,1563894000
6467,R_1KkFs7rgWXlWf58,COIN_PURSE_POUCH,2019-07-23,1563894000
6468,R_1KkFs7rgWXlWf58,CELLULAR_PHONE_CASE,2019-07-23,1563894000
6469,R_1MJSWPNY1QR0Q68,SOUND_CARD,2019-07-23,1563894000
6470,R_1NDq0rxoUSu6oyz,SNACK_FOOD_BAR,2019-07-23,1563894000
6471,R_1NDq0rxoUSu6oyz,INTERNAL_MEMORY,2019-07-23,1563894000
6472,R_1Oov0G05pkQnKNn,BATTERY,2019-07-23,1563894000
6473,R_1PUcgnVG2i0EBz4,SKIN_CLEANING_AGENT,2019-07-23,1563894000
6474,R_1PUcgnVG2i0EBz4,VITAMIN,2019-07-23,1563894000
6475,R_1PUcgnVG2i0EBz4,SKIN_CLEANING_AGENT,2019-07-23,1563894000
6476,R_1PUcgnVG2i0EBz4,HEADPHONES,2019-07-23,1563894000
6477,R_1PUcgnVG2i0EBz4,PET_FOOD,2019-07-23,1563894000
6478,R_1PUcgnVG2i0EBz4,ANIMAL_RECOVERY_COLLAR_CONE,2019-07-23,1563894000
6479,R_1Q62CIVb2WAS8hB,DIGITAL_DEVICE_3,2019-07-23,1563894000
6480,R_1Q62CIVb2WAS8hB,HEALTH_PERSONAL_CARE,2019-07-23,1563894000
6481,R_1QKu8qtvgo0d1uS,SCREEN_PROTECTOR,2019-07-23,1563894000
6482,R_1QozBaV2v9k1qO9,GROCERY,2019-07-23,1563894000
6483,R_1cYxarQPFQxNRHB,TEETHER,2019-07-23,1563894000
6484,R_1cYxarQPFQxNRHB,SHOES,2019-07-23,1563894000
6485,R_1dyqbVnXomwItTl,CAMERA_DIGITAL,2019-07-23,1563894000
6486,R_1dyqbVnXomwItTl,VITAMIN,2019-07-23,1563894000
6487,R_1dyqbVnXomwItTl,PLACEMAT,2019-07-23,1563894000
6488,R_1dyqbVnXomwItTl,MEDICATION,2019-07-23,1563894000
6489,R_1f1PzEZw8H2N4zm,VEHICLE_LIFT_KIT,2019-07-23,1563894000
6490,R_1gG5xibh48txT6f,ELECTRONIC_CABLE,2019-07-23,1563894000
6491,R_1gq1l7L7YXNcp13,MEDICATION,2019-07-23,1563894000
6492,R_1gq1l7L7YXNcp13,VITAMIN,2019-07-23,1563894000
6493,R_1gq1l7L7YXNcp13,SKIN_CLEANING_AGENT,2019-07-23,1563894000
6494,R_1hMV4AHCk04WO5V,MAJOR_HOME_APPLIANCES,2019-07-23,1563894000
6495,R_1hMV4AHCk04WO5V,LEGUME,2019-07-23,1563894000
6496,R_1hMV4AHCk04WO5V,HEALTH_PERSONAL_CARE,2019-07-23,1563894000
6497,R_1hMV4AHCk04WO5V,ELECTRONIC_CABLE,2019-07-23,1563894000
6498,R_1jUqdfR1Zz6mZMf,SKIN_MOISTURIZER,2019-07-23,1563894000
6499,R_1jUqdfR1Zz6mZMf,SCULPTING_MATERIAL,2019-07-23,1563894000
6500,R_1jUqdfR1Zz6mZMf,SHIRT,2019-07-23,1563894000
6501,R_1jUqdfR1Zz6mZMf,SNACK_FOOD_BAR,2019-07-23,1563894000
6502,R_1jd0U0OjvEcZEcw,MEDICATION,2019-07-23,1563894000
6503,R_1lsgykNxEU4BXTI,VITAMIN,2019-07-23,1563894000
6504,R_1lsgykNxEU4BXTI,GROCERY,2019-07-23,1563894000
6505,R_1mEmb9jWLRYCU4e,ABIS_BOOK,2019-07-23,1563894000
6506,R_1mEmb9jWLRYCU4e,VITAMIN,2019-07-23,1563894000
6507,R_1mEmb9jWLRYCU4e,GUILD_HOME,2019-07-23,1563894000
6508,R_1mQrQ5EFGvbBRLb,ELECTRONIC_CABLE,2019-07-23,1563894000
6509,R_1n8h8059UUul8Dr,MEDICATION,2019-07-23,1563894000
6510,R_1ps5hYxMGQuqcuP,DENTAL_FLOSS,2019-07-23,1563894000
6511,R_20Yd9DvrGselmZY,COFFEE,2019-07-23,1563894000
6512,R_210tLKdUbUZuf7O,SNACK_FOOD_BAR,2019-07-23,1563894000
6513,R_22XOWVbIo1lxpmy,SCREEN_PROTECTOR,2019-07-23,1563894000
6514,R_22XOWVbIo1lxpmy,WINDING_REEL,2019-07-23,1563894000
6515,R_22XOWVbIo1lxpmy,NUTRITIONAL_SUPPLEMENT,2019-07-23,1563894000
6516,R_22XOWVbIo1lxpmy,ABIS_BOOK,2019-07-23,1563894000
6517,R_24csoaO569P4Yzz,SHOES,2019-07-23,1563894000
6518,R_25Wwg273Uw26jA1,GROCERY,2019-07-23,1563894000
6519,R_25Wwg273Uw26jA1,SHIRT,2019-07-23,1563894000
6520,R_25Wwg273Uw26jA1,WATER,2019-07-23,1563894000
6521,R_25Wwg273Uw26jA1,SUGAR_SUBSTITUTE,2019-07-23,1563894000
6522,R_25Wwg273Uw26jA1,WEBCAM,2019-07-23,1563894000
6523,R_25z5LHPaAsxktx7,RICE_COOKERS,2019-07-23,1563894000
6524,R_277i50HinKYVoY9,ABIS_BOOK,2019-07-23,1563894000
6525,R_279iRKETPanvFBW,ELECTRONIC_SIGNAL_CONVERTER,2019-07-23,1563894000
6526,R_27B5jMHYqArQV6X,MAJOR_HOME_APPLIANCES,2019-07-23,1563894000
6527,R_29iGyG3WSmKo5Te,WIG,2019-07-23,1563894000
6528,R_29iGyG3WSmKo5Te,CELLULAR_PHONE_CASE,2019-07-23,1563894000
6529,R_29oUfTgQ6sWbFG2,HEALTH_PERSONAL_CARE,2019-07-23,1563894000
6530,R_29oUfTgQ6sWbFG2,ELECTRONIC_CABLE,2019-07-23,1563894000
6531,R_29uBVByYo0xAXiZ,STRINGED_INSTRUMENTS,2019-07-23,1563894000
6532,R_2ASz0xBmcxqYzUJ,APRON,2019-07-23,1563894000
6533,R_2D2K5rKv8NODIDZ,FOOD_SERVICE_SUPPLY,2019-07-23,1563894000
6534,R_2D6v6VH3RC5ZGC4,PHYSICAL_MOVIE,2019-07-23,1563894000
6535,R_2DSIdH6iUv9yJ8V,ANIMAL_LITTER,2019-07-23,1563894000
6536,R_2QEQOSl4i81CHb1,ELECTRONIC_CABLE,2019-07-23,1563894000
6537,R_2QM76i5yRebcpiD,BATTERY,2019-07-23,1563894000
6538,R_2R3ayuIYVgX07CZ,SANITARY_NAPKIN,2019-07-23,1563894000
6539,R_2R3ayuIYVgX07CZ,ART_EASEL,2019-07-23,1563894000
6540,R_2RVXjEovu4Y1yen,HEADPHONES,2019-07-23,1563894000
6541,R_2SksQStmmNpRaiB,ART_CRAFT_KIT,2019-07-23,1563894000
6542,R_2SowakeS8ZQebAD,SHOES,2019-07-23,1563894000
6543,R_2TL7w44l8M5vEok,AIMING_SCOPE_SIGHT,2019-07-23,1563894000
6544,R_2TL7w44l8M5vEok,BODY_STRAP,2019-07-23,1563894000
6545,R_2U8TbRGvfB10UAt,JERKY,2019-07-23,1563894000
6546,R_2VyUSFk11bbTVej,STORAGE_BINDER,2019-07-23,1563894000
6547,R_2WAagX64hf1kdMI,CELLULAR_PHONE_CASE,2019-07-23,1563894000
6548,R_2WVIxBGaj1uOr8S,NUTRITIONAL_SUPPLEMENT,2019-07-23,1563894000
6549,R_2YzwllA3OWyo30M,ABIS_BOOK,2019-07-23,1563894000
6550,R_2YzwllA3OWyo30M,SHOES,2019-07-23,1563894000
6551,R_2YzwllA3OWyo30M,SNACK_FOOD_BAR,2019-07-23,1563894000
6552,R_2YzwllA3OWyo30M,SKIN_MOISTURIZER,2019-07-23,1563894000
6553,R_2ZNPweVWnwFNjiC,CELLULAR_PHONE_CASE,2019-07-23,1563894000
6554,R_2aldwxmUZox7Yfd,VITAMIN,2019-07-23,1563894000
6555,R_2ceL9KN7HJm0e43,SKIN_MOISTURIZER,2019-07-23,1563894000
6556,R_2dFHfsIqQ6eEtVW,CELLULAR_PHONE_CASE,2019-07-23,1563894000
6557,R_2dFHfsIqQ6eEtVW,SHIRT,2019-07-23,1563894000
6558,R_2dvh9tu7PLPeipE,GROCERY,2019-07-23,1563894000
6559,R_2dz21GRV17aGMQ6,SNACK_FOOD_BAR,2019-07-23,1563894000
6560,R_2ebzj3o225IisIQ,SKIN_MOISTURIZER,2019-07-23,1563894000
6561,R_2ebzj3o225IisIQ,SCREEN_PROTECTOR,2019-07-23,1563894000
6562,R_2mAJniG0xVBIInL,NUTRITIONAL_SUPPLEMENT,2019-07-23,1563894000
6563,R_2pK2zZBvbieDcxb,MEDICATION,2019-07-23,1563894000
6564,R_2pWwhBj1ZE9iNrB,MONITOR,2019-07-23,1563894000
6565,R_2pWwhBj1ZE9iNrB,FURNITURE_FLOOR_PROTECTOR,2019-07-23,1563894000
6566,R_2pWwhBj1ZE9iNrB,SCREEN_PROTECTOR,2019-07-23,1563894000
6567,R_2pWwhBj1ZE9iNrB,MEDICATION,2019-07-23,1563894000
6568,R_2rIQ3xPfAH7KF8A,VITAMIN,2019-07-23,1563894000
6569,R_2ri4RVtvkxnZzHj,SHOES,2019-07-23,1563894000
6570,R_2sYn1oXcE5aaeU5,VITAMIN,2019-07-23,1563894000
6571,R_2tEuzX0j3530EZC,BRACELET,2019-07-23,1563894000
6572,R_2tEuzX0j3530EZC,SHOES,2019-07-23,1563894000
6573,R_2uIMLcJgQmb0v3G,HEADPHONES,2019-07-23,1563894000
6574,R_2xzc7JBNEgYNAqY,SHIRT,2019-07-23,1563894000
6575,R_2xzc7JBNEgYNAqY,CELLULAR_PHONE_CASE,2019-07-23,1563894000
6576,R_2xzc7JBNEgYNAqY,ABIS_BOOK,2019-07-23,1563894000
6577,R_2y8edrQ8p3nRu8v,DRINKING_CUP,2019-07-23,1563894000
6578,R_2y8edrQ8p3nRu8v,SKIN_CLEANING_AGENT,2019-07-23,1563894000
6579,R_2z7rLZb69WuqDdf,CHAINSAW_CHAIN,2019-07-23,1563894000
6580,R_2z7rLZb69WuqDdf,SKIN_CLEANING_AGENT,2019-07-23,1563894000
6581,R_2z7rLZb69WuqDdf,NUTRITIONAL_SUPPLEMENT,2019-07-23,1563894000
6582,R_2z7rLZb69WuqDdf,FITTED_SHEET,2019-07-23,1563894000
6583,R_2z7rLZb69WuqDdf,SKIN_MOISTURIZER,2019-07-23,1563894000
6584,R_2zD58KSXqhHfp5e,WATER_PUMP,2019-07-23,1563894000
6585,R_2zD58KSXqhHfp5e,SHIRT,2019-07-23,1563894000
6586,R_2zD58KSXqhHfp5e,SKIN_CLEANING_AGENT,2019-07-23,1563894000
6587,R_2zSlTKG9lhZH3r9,PADDLEBOARD,2019-07-23,1563894000
6588,R_31QS1Ms6iQEU3mI,HEADPHONES,2019-07-23,1563894000
6589,R_32UZncFA03IrQwQ,PHYSICAL_MOVIE,2019-07-23,1563894000
6590,R_331r8PPvTyqKSoh,HEADPHONES,2019-07-23,1563894000
6591,R_331r8PPvTyqKSoh,SOFA,2019-07-23,1563894000
6592,R_33kcOqAkuOfPeI1,WATCH_BAND,2019-07-23,1563894000
6593,R_3D7xJuXSy25PXbg,PRESSURE_COOKER,2019-07-23,1563894000
6594,R_3EMaONYGibovcxQ,BATTERY,2019-07-23,1563894000
6595,R_3EMaONYGibovcxQ,CLOTHES_HANGER,2019-07-23,1563894000
6596,R_3EMaONYGibovcxQ,TOYS_AND_GAMES,2019-07-23,1563894000
6597,R_3EQ2dhEXGhy72Xx,SWIMWEAR,2019-07-23,1563894000
6598,R_3EQ2dhEXGhy72Xx,HEADPHONES,2019-07-23,1563894000
6599,R_3Em4Q2OBHB3m5rz,SCREEN_PROTECTOR,2019-07-23,1563894000
6600,R_3GBSX5xvcH0uSyx,PET_FOOD,2019-07-23,1563894000
6601,R_3GBSX5xvcH0uSyx,MOUTH_GUARD,2019-07-23,1563894000
6602,R_3GBSX5xvcH0uSyx,HEADPHONES,2019-07-23,1563894000
6603,R_3GBSX5xvcH0uSyx,NUTRITIONAL_SUPPLEMENT,2019-07-23,1563894000
6604,R_3GBSX5xvcH0uSyx,DOOR,2019-07-23,1563894000
6605,R_3GBSX5xvcH0uSyx,SCREEN_PROTECTOR,2019-07-23,1563894000
6606,R_3GBSX5xvcH0uSyx,HEALTH_PERSONAL_CARE,2019-07-23,1563894000
6607,R_3GBSX5xvcH0uSyx,EYEGLASS_CASE,2019-07-23,1563894000
6608,R_3GBSX5xvcH0uSyx,DIGITAL_PICTURE_FRAME,2019-07-23,1563894000
6609,R_3GBSX5xvcH0uSyx,MOUTH_GUARD,2019-07-23,1563894000
6610,R_3GBSX5xvcH0uSyx,MEAL_HOLDER,2019-07-23,1563894000
6611,R_3GBSX5xvcH0uSyx,MEAL_HOLDER,2019-07-23,1563894000
6612,R_3GBSX5xvcH0uSyx,CLOTHES_RACK,2019-07-23,1563894000
6613,R_3GBSX5xvcH0uSyx,OIL_FILTER,2019-07-23,1563894000
6614,R_3GBSX5xvcH0uSyx,SHOES,2019-07-23,1563894000
6615,R_3GBSX5xvcH0uSyx,CLOTHES_RACK,2019-07-23,1563894000
6616,R_3GBSX5xvcH0uSyx,PHYSICAL_MOVIE,2019-07-23,1563894000
6617,R_3GBSX5xvcH0uSyx,HEADPHONES,2019-07-23,1563894000
6618,R_3GBSX5xvcH0uSyx,ELECTRONIC_CABLE,2019-07-23,1563894000
6619,R_3GBSX5xvcH0uSyx,PANTS,2019-07-23,1563894000
6620,R_3GBSX5xvcH0uSyx,HANGING_ROD,2019-07-23,1563894000
6621,R_3GBSX5xvcH0uSyx,SKIN_MOISTURIZER,2019-07-23,1563894000
6622,R_3GBSX5xvcH0uSyx,REINFORCED_ART_SURFACE,2019-07-23,1563894000
6623,R_3GBSX5xvcH0uSyx,EYEGLASS_CASE,2019-07-23,1563894000
6624,R_3GBSX5xvcH0uSyx,BONDING_ADHESIVES,2019-07-23,1563894000
6625,R_3GqfePl8gH1VWP1,RUBBER_STAMP,2019-07-23,1563894000
6626,R_3GqfePl8gH1VWP1,GROMMETS,2019-07-23,1563894000
6627,R_3GqfePl8gH1VWP1,ELECTRONIC_CABLE,2019-07-23,1563894000
6628,R_3GqfePl8gH1VWP1,BATTERY,2019-07-23,1563894000
6629,R_3HvPXLfubbb9a6G,CARD_STOCK,2019-07-23,1563894000
6630,R_3HvPXLfubbb9a6G,VITAMIN,2019-07-23,1563894000
6631,R_3HvPXLfubbb9a6G,SNACK_FOOD_BAR,2019-07-23,1563894000
6632,R_3HvPXLfubbb9a6G,ABIS_BOOK,2019-07-23,1563894000
6633,R_3HvPXLfubbb9a6G,PHYSICAL_MOVIE,2019-07-23,1563894000
6634,R_3HvPXLfubbb9a6G,PHYSICAL_MOVIE,2019-07-23,1563894000
6635,R_3HvPXLfubbb9a6G,PET_FEEDER,2019-07-23,1563894000
6636,R_3HvPXLfubbb9a6G,NON_DAIRY_CREAM,2019-07-23,1563894000
6637,R_3HzRfw5sNEvrFRf,SIGNAGE,2019-07-23,1563894000
6638,R_3JK3aP5uRxffXiy,FLASH_DRIVE,2019-07-23,1563894000
6639,R_3Jl5q6tZJctgL8B,SURFACE_CLEANING_WIPE,2019-07-23,1563894000
6640,R_3Jl5q6tZJctgL8B,PHYSICAL_VIDEO_GAME_SOFTWARE,2019-07-23,1563894000
6641,R_3Jl5q6tZJctgL8B,SKIN_CLEANING_AGENT,2019-07-23,1563894000
6642,R_3Jl5q6tZJctgL8B,TOILET_PAPER,2019-07-23,1563894000
6643,R_3Jl5q6tZJctgL8B,VITAMIN,2019-07-23,1563894000
6644,R_3Jl5q6tZJctgL8B,SHOES,2019-07-23,1563894000
6645,R_3Jl5q6tZJctgL8B,NUTRITIONAL_SUPPLEMENT,2019-07-23,1563894000
6646,R_3Jl5q6tZJctgL8B,NETWORK_INTERFACE_CONTROLLER_ADAPTER,2019-07-23,1563894000
6647,R_3Jl5q6tZJctgL8B,MATTRESS,2019-07-23,1563894000
6648,R_3Jl5q6tZJctgL8B,SHIRT,2019-07-23,1563894000
6649,R_3JnjKsPAuFGDhrx,SNACK_FOOD_BAR,2019-07-23,1563894000
6650,R_3KpaTa6zCZitiZG,SKIN_MOISTURIZER,2019-07-23,1563894000
6651,R_3L8dgu12mdk2UVH,SHOES,2019-07-23,1563894000
6652,R_3L8dgu12mdk2UVH,CARRIER_BAG_CASE,2019-07-23,1563894000
6653,R_3L8dgu12mdk2UVH,SCREEN_PROTECTOR,2019-07-23,1563894000
6654,R_3L8dgu12mdk2UVH,SPRAY_BOTTLE,2019-07-23,1563894000
6655,R_3Pc1ZZfNy58AvgE,BATTERY,2019-07-23,1563894000
6656,R_3QPk8nnI1s8wilh,SHIRT,2019-07-23,1563894000
6657,R_3QPk8nnI1s8wilh,NUTRITIONAL_SUPPLEMENT,2019-07-23,1563894000
6658,R_3RmDOazalOu0F1L,WINDING_REEL,2019-07-23,1563894000
6659,R_3ek9YZGdsDHjUZf,HEALTH_PERSONAL_CARE,2019-07-23,1563894000
6660,R_3emmbwwsXsxt4Oj,ELECTRONIC_CABLE,2019-07-23,1563894000
6661,R_3ennfkrsSdTlmrJ,HEALTH_PERSONAL_CARE,2019-07-23,1563894000
6662,R_3ennfkrsSdTlmrJ,LIQUID_INK,2019-07-23,1563894000
6663,R_3exlTi02vMuoy59,CELLULAR_PHONE_CASE,2019-07-23,1563894000
6664,R_3h4JnsfebywTUxX,FASTENER_DRIVE_BIT,2019-07-23,1563894000
6665,R_3h4JnsfebywTUxX,BOTTLE_STOPPER,2019-07-23,1563894000
6666,R_3h4JnsfebywTUxX,SHOES,2019-07-23,1563894000
6667,R_3n0OjYgGHf96Wuh,ELECTRONIC_CABLE,2019-07-23,1563894000
6668,R_3pm4Od2kUSXlZgY,SKIN_CLEANING_AGENT,2019-07-23,1563894000
6669,R_3qjvaF4zWZz3obB,GROCERY,2019-07-23,1563894000
6670,R_3qjvaF4zWZz3obB,SHIRT,2019-07-23,1563894000
6671,R_3qjvaF4zWZz3obB,HEADPHONES,2019-07-23,1563894000
6672,R_3r26NAbVnDpIxzF,TWEEZER,2019-07-23,1563894000
6673,R_6Jw0sPgGkHLnKkp,SCREEN_PROTECTOR,2019-07-23,1563894000
6674,R_6SbhJD23U5a2YJX,HAND_SEWING_NEEDLE,2019-07-23,1563894000
6675,R_85OdkeCoFP5daLL,SHIRT,2019-07-23,1563894000
6676,R_9yOmfJyU0rNZGW5,GROCERY,2019-07-23,1563894000
6677,R_Ap2HcvpPLRDJv9L,TOOTHBRUSH,2019-07-23,1563894000
6678,R_Ap2HcvpPLRDJv9L,HEADPHONES,2019-07-23,1563894000
6679,R_BWhnv4EdbhSS6rf,PHYSICAL_MOVIE,2019-07-23,1563894000
6680,R_O6ZX76mggPnAOfD,SNACK_FOOD_BAR,2019-07-23,1563894000
6681,R_O6ZX76mggPnAOfD,HEALTH_PERSONAL_CARE,2019-07-23,1563894000
6682,R_OGN3QDO9930tfAl,FOOD_PREPARATION_MOLD,2019-07-23,1563894000
6683,R_RaeWxaWjb7z8CLT,LUGGAGE,2019-07-23,1563894000
6684,R_RaeWxaWjb7z8CLT,GROCERY,2019-07-23,1563894000
6685,R_RaeWxaWjb7z8CLT,PET_FOOD,2019-07-23,1563894000
6686,R_RaeWxaWjb7z8CLT,SCREEN_PROTECTOR,2019-07-23,1563894000
6687,R_RlYyUhsDFvyGwX7,SKIN_CLEANING_WIPE,2019-07-23,1563894000
6688,R_XYsrPCXL5N6boad,CHEMICAL_TEST_STRIP,2019-07-23,1563894000
6689,R_XYsrPCXL5N6boad,CELLULAR_PHONE_CASE,2019-07-23,1563894000
6690,R_Xhz81T9LodPX0KB,SCREEN_PROTECTOR,2019-07-23,1563894000
6691,R_Xhz81T9LodPX0KB,SHIRT,2019-07-23,1563894000
6692,R_Xhz81T9LodPX0KB,BATTERY,2019-07-23,1563894000
6693,R_Xhz81T9LodPX0KB,ABIS_BOOK,2019-07-23,1563894000
6694,R_Y4jCkfTFzvtw5SF,HEADPHONES,2019-07-23,1563894000
6695,R_Y4jCkfTFzvtw5SF,POWER_SUPPLIES_OR_PROTECTION,2019-07-23,1563894000
6696,R_bJI8lmXMZWL6oql,HEALTH_PERSONAL_CARE,2019-07-23,1563894000
6697,R_bJbNhR1I5NnLKb7,AIR_CONDITIONER,2019-07-23,1563894000
6698,R_eOMCliqYqUD4oOR,HEAT_TRANSFER_MATERIAL,2019-07-23,1563894000
6699,R_eOMCliqYqUD4oOR,VITAMIN,2019-07-23,1563894000
6700,R_pMnqpu31myYoxy1,BATTERY,2019-07-23,1563894000
6701,R_pMnqpu31myYoxy1,SURVEILLANCE_RECORDER_SYSTEM,2019-07-23,1563894000
6702,R_pMnqpu31myYoxy1,BALLOON,2019-07-23,1563894000
6703,R_pMnqpu31myYoxy1,GROCERY,2019-07-23,1563894000
6704,R_pMnqpu31myYoxy1,MEDICATION,2019-07-23,1563894000
6705,R_pMnqpu31myYoxy1,SANITARY_NAPKIN,2019-07-23,1563894000
6706,R_r1oTDkv1OlGnNuN,CUFF_LINK,2019-07-23,1563894000
6707,R_r1oTDkv1OlGnNuN,SKIN_MOISTURIZER,2019-07-23,1563894000
6708,R_r1oTDkv1OlGnNuN,MEDICATION,2019-07-23,1563894000
6709,R_xzt7BAlQUA8iNyh,ELECTRONIC_CABLE,2019-07-23,1563894000
6710,R_xzt7BAlQUA8iNyh,BACKDROP,2019-07-23,1563894000
6711,R_xzt7BAlQUA8iNyh,SPORT_BOARD_SKI,2019-07-23,1563894000
6712,R_1C75XRebT1eliL0,SCREEN_PROTECTOR,2019-07-24,1563980400
6713,R_1C9YUFD8GunlGej,SWIMWEAR,2019-07-24,1563980400
6714,R_1DJdUrYA1I0QAKh,SKIN_MOISTURIZER,2019-07-24,1563980400
6715,R_1IN7vU4CWQnwLLx,CELLULAR_PHONE_CASE,2019-07-24,1563980400
6716,R_1IN7vU4CWQnwLLx,OUTBUILDING,2019-07-24,1563980400
6717,R_1IN7vU4CWQnwLLx,SNACK_FOOD_BAR,2019-07-24,1563980400
6718,R_1IZBlduDFUJEphM,SKIN_MOISTURIZER,2019-07-24,1563980400
6719,R_1IZBlduDFUJEphM,SCREEN_PROTECTOR,2019-07-24,1563980400
6720,R_1IaYiTSaUaD2W2i,BABY_JUMPER_WALKER,2019-07-24,1563980400
6721,R_1JLBP1fFf3p8tpy,VIDEO_GAME_ACCESSORIES,2019-07-24,1563980400
6722,R_1LRR1P5IQqdSvIP,SHIRT,2019-07-24,1563980400
6723,R_1LRR1P5IQqdSvIP,PROTEIN_SUPPLEMENT_POWDER,2019-07-24,1563980400
6724,R_1Luv7PTSNMEjqFV,ELECTRONIC_CABLE,2019-07-24,1563980400
6725,R_1Luv7PTSNMEjqFV,PHYSICAL_MOVIE,2019-07-24,1563980400
6726,R_1Luv7PTSNMEjqFV,SKIN_CLEANING_AGENT,2019-07-24,1563980400
6727,R_1Luv7PTSNMEjqFV,PHYSICAL_MOVIE,2019-07-24,1563980400
6728,R_1Luv7PTSNMEjqFV,APPAREL,2019-07-24,1563980400
6729,R_1Luv7PTSNMEjqFV,CELLULAR_PHONE_CASE,2019-07-24,1563980400
6730,R_1Luv7PTSNMEjqFV,GROCERY,2019-07-24,1563980400
6731,R_1Luv7PTSNMEjqFV,BREAST_PUMP,2019-07-24,1563980400
6732,R_1Luv7PTSNMEjqFV,TOOTHBRUSH_HEAD,2019-07-24,1563980400
6733,R_1NgAWSeub1pgOGj,SKIN_MOISTURIZER,2019-07-24,1563980400
6734,R_1dKBjc0UTA0ZiYb,BATTERY,2019-07-24,1563980400
6735,R_1esG9Jlh9NISLaO,ABIS_BOOK,2019-07-24,1563980400
6736,R_1gwL8QZGzhV0g3G,CLOTHES_PIN,2019-07-24,1563980400
6737,R_1jd0U0OjvEcZEcw,REINFORCED_ART_SURFACE,2019-07-24,1563980400
6738,R_1mQrQ5EFGvbBRLb,BATTERY,2019-07-24,1563980400
6739,R_1mQrQ5EFGvbBRLb,SWORD,2019-07-24,1563980400
6740,R_1n8h8059UUul8Dr,SNOWSUIT,2019-07-24,1563980400
6741,R_1n8h8059UUul8Dr,NUTRITIONAL_SUPPLEMENT,2019-07-24,1563980400
6742,R_1nZzu0Kj9WQ8P4x,SKIN_CLEANING_AGENT,2019-07-24,1563980400
6743,R_1nZzu0Kj9WQ8P4x,TOYS_AND_GAMES,2019-07-24,1563980400
6744,R_1nZzu0Kj9WQ8P4x,VITAMIN,2019-07-24,1563980400
6745,R_1nZzu0Kj9WQ8P4x,MEDIA_STORAGE,2019-07-24,1563980400
6746,R_1qdM6yLQigCFrkd,BATTERY,2019-07-24,1563980400
6747,R_1qdM6yLQigCFrkd,HEALTH_PERSONAL_CARE,2019-07-24,1563980400
6748,R_1qdM6yLQigCFrkd,HEALTH_PERSONAL_CARE,2019-07-24,1563980400
6749,R_1qdM6yLQigCFrkd,SCREEN_PROTECTOR,2019-07-24,1563980400
6750,R_1roTOelTygZr5G8,BICYCLE_SEATPOST,2019-07-24,1563980400
6751,R_1roTOelTygZr5G8,ADHESIVES_AND_SEALANTS,2019-07-24,1563980400
6752,R_1roTOelTygZr5G8,INSTRUMENT_PARTS_AND_ACCESSORIES,2019-07-24,1563980400
6753,R_1roTOelTygZr5G8,HEALTH_PERSONAL_CARE,2019-07-24,1563980400
6754,R_1roTOelTygZr5G8,TOYS_AND_GAMES,2019-07-24,1563980400
6755,R_1roTOelTygZr5G8,HEALTH_PERSONAL_CARE,2019-07-24,1563980400
6756,R_1zVJnDAfoFLamOd,HEALTH_PERSONAL_CARE,2019-07-24,1563980400
6757,R_1zVJnDAfoFLamOd,TOYS_AND_GAMES,2019-07-24,1563980400
6758,R_21ttkGbeIL6HdlR,SCREEN_PROTECTOR,2019-07-24,1563980400
6759,R_22SxELlmhBQCe1C,DIGITAL_PICTURE_FRAME,2019-07-24,1563980400
6760,R_22SxELlmhBQCe1C,HEALTH_PERSONAL_CARE,2019-07-24,1563980400
6761,R_22SxELlmhBQCe1C,CELLULAR_PHONE_CASE,2019-07-24,1563980400
6762,R_22XOWVbIo1lxpmy,VEHICLE_SEAT_COVER,2019-07-24,1563980400
6763,R_22XOWVbIo1lxpmy,HAIR_CARE_AGENT,2019-07-24,1563980400
6764,R_22XOWVbIo1lxpmy,PERSONAL_COMPUTER,2019-07-24,1563980400
6765,R_22mMopWqAj09mQc,PET_FOOD,2019-07-24,1563980400
6766,R_23enipHqTsjcQfN,SHIRT,2019-07-24,1563980400
6767,R_23enipHqTsjcQfN,SKIN_CLEANING_AGENT,2019-07-24,1563980400
6768,R_248HEjiUt8tw60V,BATH_SAFETY_SEATING,2019-07-24,1563980400
6769,R_248HEjiUt8tw60V,PANTS,2019-07-24,1563980400
6770,R_24csoaO569P4Yzz,SHIRT,2019-07-24,1563980400
6771,R_24csoaO569P4Yzz,PHYSICAL_MOVIE,2019-07-24,1563980400
6772,R_24csoaO569P4Yzz,SHOE_INSERT,2019-07-24,1563980400
6773,R_24csoaO569P4Yzz,SHIRT,2019-07-24,1563980400
6774,R_25SbPPTyE45YzXP,HEALTH_PERSONAL_CARE,2019-07-24,1563980400
6775,R_25SbPPTyE45YzXP,SKIN_CLEANING_AGENT,2019-07-24,1563980400
6776,R_25Wwg273Uw26jA1,FLAVORED_DRINK_CONCENTRATE,2019-07-24,1563980400
6777,R_277i50HinKYVoY9,SHOES,2019-07-24,1563980400
6778,R_2ASz0xBmcxqYzUJ,ABIS_BOOK,2019-07-24,1563980400
6779,R_2BstrkPd4gMc6Ih,VITAMIN,2019-07-24,1563980400
6780,R_2D2K5rKv8NODIDZ,TOYS_AND_GAMES,2019-07-24,1563980400
6781,R_2DXPyU9bPnWuZPM,CALENDAR,2019-07-24,1563980400
6782,R_2EglJpTWGEiwQYa,BATTERY,2019-07-24,1563980400
6783,R_2En0sbvQ7s48ufv,UTILITY_SPONGE,2019-07-24,1563980400
6784,R_2En0sbvQ7s48ufv,UTILITY_SPONGE,2019-07-24,1563980400
6785,R_2Etc0qZ3B702xxn,CORRECTION_MATERIAL,2019-07-24,1563980400
6786,R_2QEQOSl4i81CHb1,NUTRITIONAL_SUPPLEMENT,2019-07-24,1563980400
6787,R_2Qu0fgUOnDpaKDH,CELLULAR_PHONE_CASE,2019-07-24,1563980400
6788,R_2Qu0fgUOnDpaKDH,SNACK_FOOD_BAR,2019-07-24,1563980400
6789,R_2Qu0fgUOnDpaKDH,HEALTH_PERSONAL_CARE,2019-07-24,1563980400
6790,R_2SksQStmmNpRaiB,PHYSICAL_MOVIE,2019-07-24,1563980400
6791,R_2VkFzKtUReuEWm9,KEYBOARD_INSTRUMENTS,2019-07-24,1563980400
6792,R_2VkFzKtUReuEWm9,SCREEN_PROTECTOR,2019-07-24,1563980400
6793,R_2WAagX64hf1kdMI,NOODLE,2019-07-24,1563980400
6794,R_2WMQprO1e6US68f,MASSAGER,2019-07-24,1563980400
6795,R_2WMQprO1e6US68f,CELLULAR_PHONE_CASE,2019-07-24,1563980400
6796,R_2WMQprO1e6US68f,PET_TOY,2019-07-24,1563980400
6797,R_2WMQprO1e6US68f,ABIS_BOOK,2019-07-24,1563980400
6798,R_2XoI6KbLJRGFz5X,WALLPAPER,2019-07-24,1563980400
6799,R_2XoI6KbLJRGFz5X,SHOES,2019-07-24,1563980400
6800,R_2XoI6KbLJRGFz5X,SCREEN_PROTECTOR,2019-07-24,1563980400
6801,R_2YR2Yn7wGzAeAj0,ABIS_BOOK,2019-07-24,1563980400
6802,R_2b1MfkpNO4V6xMv,HEADPHONES,2019-07-24,1563980400
6803,R_2b1MfkpNO4V6xMv,GROCERY,2019-07-24,1563980400
6804,R_2b1MfkpNO4V6xMv,HYDRATION_PACK,2019-07-24,1563980400
6805,R_2b1XOZR0PYTA1jX,SHIRT,2019-07-24,1563980400
6806,R_2b1XOZR0PYTA1jX,HEADPHONES,2019-07-24,1563980400
6807,R_2b1XOZR0PYTA1jX,STROLLER,2019-07-24,1563980400
6808,R_2b1XOZR0PYTA1jX,SHIRT,2019-07-24,1563980400
6809,R_2b1XOZR0PYTA1jX,PET_FOOD,2019-07-24,1563980400
6810,R_2cnNyjA4yHdU4ij,FRUIT_SNACK,2019-07-24,1563980400
6811,R_2fD6Jy2muMgaubH,PET_FOOD,2019-07-24,1563980400
6812,R_2pWwhBj1ZE9iNrB,STORAGE_COVER,2019-07-24,1563980400
6813,R_2pWwhBj1ZE9iNrB,PHYSICAL_MOVIE,2019-07-24,1563980400
6814,R_2qD8ep8d313iLj4,CONTAINER_LID,2019-07-24,1563980400
6815,R_2qD8ep8d313iLj4,MEDICATION,2019-07-24,1563980400
6816,R_2ugDyrE1yi1FjvH,SNACK_FOOD_BAR,2019-07-24,1563980400
6817,R_2vkMWH10xWp7o9s,SHOES,2019-07-24,1563980400
6818,R_2vkMWH10xWp7o9s,SHIRT,2019-07-24,1563980400
6819,R_2wmLE1q4FIpfioi,ELECTRONIC_CABLE,2019-07-24,1563980400
6820,R_2yplkUxhAWZaFUL,NUTRITIONAL_SUPPLEMENT,2019-07-24,1563980400
6821,R_2z7rLZb69WuqDdf,BREAD,2019-07-24,1563980400
6822,R_2z7rLZb69WuqDdf,FUEL_FILTER,2019-07-24,1563980400
6823,R_31SNC0DcyjBDcq3,PET_FOOD,2019-07-24,1563980400
6824,R_325B8uB2XOflUvO,SNACK_FOOD_BAR,2019-07-24,1563980400
6825,R_3D8fwycJF7eksBo,CHANGING_PAD,2019-07-24,1563980400
6826,R_3GBSX5xvcH0uSyx,HEADPHONES,2019-07-24,1563980400
6827,R_3GBSX5xvcH0uSyx,SNACK_FOOD_BAR,2019-07-24,1563980400
6828,R_3GBSX5xvcH0uSyx,SHIRT,2019-07-24,1563980400
6829,R_3GBSX5xvcH0uSyx,PET_FOOD,2019-07-24,1563980400
6830,R_3GBSX5xvcH0uSyx,SKIN_CLEANING_AGENT,2019-07-24,1563980400
6831,R_3Hphzg7zu04Hgy1,PHYSICAL_MOVIE,2019-07-24,1563980400
6832,R_3JK3aP5uRxffXiy,PORTABLE_ELECTRONIC_DEVICE_ARMBAND,2019-07-24,1563980400
6833,R_3Jl5q6tZJctgL8B,NETWORK_INTERFACE_CONTROLLER_ADAPTER,2019-07-24,1563980400
6834,R_3Jl5q6tZJctgL8B,CHANGING_PAD_COVER,2019-07-24,1563980400
6835,R_3Jxiicg67etW2yt,CUTLERY,2019-07-24,1563980400
6836,R_3Jxiicg67etW2yt,TOYS_AND_GAMES,2019-07-24,1563980400
6837,R_3L20DbmNPSMtKUd,BATTERY,2019-07-24,1563980400
6838,R_3L20DbmNPSMtKUd,MEDICATION,2019-07-24,1563980400
6839,R_3L89g4OAN8obu49,DRYING_RACK,2019-07-24,1563980400
6840,R_3MyEdXOZ8P75S1V,RUG_PAD,2019-07-24,1563980400
6841,R_3PAyJj7mQvMzMco,MEDICATION,2019-07-24,1563980400
6842,R_3PAyJj7mQvMzMco,HAIR_CARE_PRODUCT,2019-07-24,1563980400
6843,R_3Pwa112XZRRejbA,CELLULAR_PHONE_CASE,2019-07-24,1563980400
6844,R_3Pwa112XZRRejbA,TOYS_AND_GAMES,2019-07-24,1563980400
6845,R_3Pwa112XZRRejbA,CANDLE,2019-07-24,1563980400
6846,R_3Pwa112XZRRejbA,JUMP_ROPE,2019-07-24,1563980400
6847,R_3R3FfvTaRKxigNl,TUNER,2019-07-24,1563980400
6848,R_3e82J7pYxj5XP7j,SHOES,2019-07-24,1563980400
6849,R_3enuyEOsaEVxTNX,HEALTH_PERSONAL_CARE,2019-07-24,1563980400
6850,R_3enuyEOsaEVxTNX,HEADPHONES,2019-07-24,1563980400
6851,R_3enuyEOsaEVxTNX,PHYSICAL_MOVIE,2019-07-24,1563980400
6852,R_3fBmKcLTAgFITMo,ROLLER_CHAIN,2019-07-24,1563980400
6853,R_3fBmKcLTAgFITMo,HEADPHONES,2019-07-24,1563980400
6854,R_3fBmKcLTAgFITMo,AUTO_ACCESSORY,2019-07-24,1563980400
6855,R_3fBmKcLTAgFITMo,SCREEN_PROTECTOR,2019-07-24,1563980400
6856,R_3fBmKcLTAgFITMo,PANTS,2019-07-24,1563980400
6857,R_3ik7mYg7wgFsyfj,SKIN_CLEANING_AGENT,2019-07-24,1563980400
6858,R_3ik7mYg7wgFsyfj,HAMMER_MALLET,2019-07-24,1563980400
6859,R_3jSAmu0UzDwnhQD,MANUAL_SHAVING_RAZOR,2019-07-24,1563980400
6860,R_3jSAmu0UzDwnhQD,VITAMIN,2019-07-24,1563980400
6861,R_3jSvX9tw2goV083,CELLULAR_PHONE_CASE,2019-07-24,1563980400
6862,R_3lYUnPKDsGA54tw,GROCERY,2019-07-24,1563980400
6863,R_3m3H4mwZ2snYFua,SHOES,2019-07-24,1563980400
6864,R_3m3H4mwZ2snYFua,CARRIER_BAG_CASE,2019-07-24,1563980400
6865,R_3peWF42INuePUWA,FIGURINE,2019-07-24,1563980400
6866,R_3qjvaF4zWZz3obB,SNACK_FOOD_BAR,2019-07-24,1563980400
6867,R_3qpxa4Aw8i6qG91,CORRECTION_MATERIAL,2019-07-24,1563980400
6868,R_3qpxa4Aw8i6qG91,VITAMIN,2019-07-24,1563980400
6869,R_3qpxa4Aw8i6qG91,PANTS,2019-07-24,1563980400
6870,R_3qpxa4Aw8i6qG91,FOOD_BIB,2019-07-24,1563980400
6871,R_3qqdzQnCaBYHx9o,HEADPHONES,2019-07-24,1563980400
6872,R_3r26NAbVnDpIxzF,VITAMIN,2019-07-24,1563980400
6873,R_3s60LmlFm5fAEP5,TOYS_AND_GAMES,2019-07-24,1563980400
6874,R_3s60LmlFm5fAEP5,FOUNTAIN,2019-07-24,1563980400
6875,R_4PhRzF4UI9ooLh7,BATTERY,2019-07-24,1563980400
6876,R_5uabKnJBMc7HyEN,PRINTER,2019-07-24,1563980400
6877,R_9yOmfJyU0rNZGW5,PHONE_ACCESSORY,2019-07-24,1563980400
6878,R_AEBbAiW2xdXI2at,SKIN_MOISTURIZER,2019-07-24,1563980400
6879,R_AEBbAiW2xdXI2at,PANTS,2019-07-24,1563980400
6880,R_DBhzVeGIG4SLSYV,FISHING_ROD,2019-07-24,1563980400
6881,R_OdTirYYBS6ms6nn,ELECTRONIC_CABLE,2019-07-24,1563980400
6882,R_OdTirYYBS6ms6nn,CELLULAR_PHONE_CASE,2019-07-24,1563980400
6883,R_Q4ZjTFeyiC5kgQV,CELLULAR_PHONE_CASE,2019-07-24,1563980400
6884,R_Q4ZjTFeyiC5kgQV,SNACK_FOOD_BAR,2019-07-24,1563980400
6885,R_Q4ZjTFeyiC5kgQV,SKIN_CLEANING_AGENT,2019-07-24,1563980400
6886,R_Q4ZjTFeyiC5kgQV,VITAMIN,2019-07-24,1563980400
6887,R_Q4ZjTFeyiC5kgQV,POOL_SPA_WATER_TREATMENT,2019-07-24,1563980400
6888,R_Q4ZjTFeyiC5kgQV,SHOES,2019-07-24,1563980400
6889,R_QcV7uVxb8myM0lb,PHYSICAL_MOVIE,2019-07-24,1563980400
6890,R_RK5cwWjrNzWCfLj,HEALTH_PERSONAL_CARE,2019-07-24,1563980400
6891,R_RK5cwWjrNzWCfLj,HEALTH_PERSONAL_CARE,2019-07-24,1563980400
6892,R_RK5cwWjrNzWCfLj,TOY_FIGURE,2019-07-24,1563980400
6893,R_RK5cwWjrNzWCfLj,TOY_GUN,2019-07-24,1563980400
6894,R_Rw7CA3irllJSRH3,SPOON_REST,2019-07-24,1563980400
6895,R_Rw7CA3irllJSRH3,CELLULAR_PHONE_CASE,2019-07-24,1563980400
6896,R_Rw7CA3irllJSRH3,LAB_SUPPLY,2019-07-24,1563980400
6897,R_Rw7CA3irllJSRH3,PHYSICAL_MOVIE,2019-07-24,1563980400
6898,R_Rw7CA3irllJSRH3,HARDWARE_HANDLE,2019-07-24,1563980400
6899,R_Rw7CA3irllJSRH3,PHYSICAL_MOVIE,2019-07-24,1563980400
6900,R_Rw7CA3irllJSRH3,LAB_SUPPLY,2019-07-24,1563980400
6901,R_Rw7CA3irllJSRH3,SKIN_CLEANING_AGENT,2019-07-24,1563980400
6902,R_Rw7CA3irllJSRH3,FURNITURE_LINER,2019-07-24,1563980400
6903,R_Rw7CA3irllJSRH3,SKIN_MOISTURIZER,2019-07-24,1563980400
6904,R_Rw7CA3irllJSRH3,HEADPHONES,2019-07-24,1563980400
6905,R_Rw7CA3irllJSRH3,BEVERAGE,2019-07-24,1563980400
6906,R_Rw7CA3irllJSRH3,SPOON_REST,2019-07-24,1563980400
6907,R_Rw7CA3irllJSRH3,MEDICATION,2019-07-24,1563980400
6908,R_Rw7CA3irllJSRH3,COOKIE_CUTTER,2019-07-24,1563980400
6909,R_Rw7CA3irllJSRH3,TOOTH_CLEANING_AGENT,2019-07-24,1563980400
6910,R_Rw7CA3irllJSRH3,NUTRITIONAL_SUPPLEMENT,2019-07-24,1563980400
6911,R_Rw7CA3irllJSRH3,TOOTH_CLEANING_AGENT,2019-07-24,1563980400
6912,R_Rw7CA3irllJSRH3,ELECTRONIC_CABLE,2019-07-24,1563980400
6913,R_Rw7CA3irllJSRH3,SKIN_CLEANING_AGENT,2019-07-24,1563980400
6914,R_Rw7CA3irllJSRH3,HEALTH_PERSONAL_CARE,2019-07-24,1563980400
6915,R_Rw7CA3irllJSRH3,CELLULAR_PHONE_CASE,2019-07-24,1563980400
6916,R_Rw7CA3irllJSRH3,HEALTH_PERSONAL_CARE,2019-07-24,1563980400
6917,R_Rw7CA3irllJSRH3,NUTRITIONAL_SUPPLEMENT,2019-07-24,1563980400
6918,R_Rw7CA3irllJSRH3,VITAMIN,2019-07-24,1563980400
6919,R_Rw7CA3irllJSRH3,PANTS,2019-07-24,1563980400
6920,R_Rw7CA3irllJSRH3,SKIN_MOISTURIZER,2019-07-24,1563980400
6921,R_Rw7CA3irllJSRH3,HEADPHONES,2019-07-24,1563980400
6922,R_Rw7CA3irllJSRH3,AROMA_DIFFUSER,2019-07-24,1563980400
6923,R_Rw7CA3irllJSRH3,PANTS,2019-07-24,1563980400
6924,R_Rw7CA3irllJSRH3,PHYSICAL_MOVIE,2019-07-24,1563980400
6925,R_Rw7CA3irllJSRH3,TOYS_AND_GAMES,2019-07-24,1563980400
6926,R_Rw7CA3irllJSRH3,MEDICATION,2019-07-24,1563980400
6927,R_Rw7CA3irllJSRH3,CELLULAR_PHONE_CASE,2019-07-24,1563980400
6928,R_Rw7CA3irllJSRH3,FREESTANDING_SHELTER,2019-07-24,1563980400
6929,R_Rw7CA3irllJSRH3,TOYS_AND_GAMES,2019-07-24,1563980400
6930,R_Rw7CA3irllJSRH3,BOTTLE,2019-07-24,1563980400
6931,R_Rw7CA3irllJSRH3,NUTRITIONAL_SUPPLEMENT,2019-07-24,1563980400
6932,R_Rw7CA3irllJSRH3,CELLULAR_PHONE_CASE,2019-07-24,1563980400
6933,R_Rw7CA3irllJSRH3,PET_FOOD,2019-07-24,1563980400
6934,R_Rw7CA3irllJSRH3,ABIS_BOOK,2019-07-24,1563980400
6935,R_Rw7CA3irllJSRH3,VITAMIN,2019-07-24,1563980400
6936,R_TtK3Qkb3c3EIeoV,HEALTH_PERSONAL_CARE,2019-07-24,1563980400
6937,R_TtK3Qkb3c3EIeoV,FIREPLACE,2019-07-24,1563980400
6938,R_XAphEY817eORyx3,SHOES,2019-07-24,1563980400
6939,R_XUhit9pAXhD746B,SHOES,2019-07-24,1563980400
6940,R_Xt4H8BJ1Vx7ws8h,GROCERY,2019-07-24,1563980400
6941,R_YS4MPsfM1Neg0RH,PIPING_TIP,2019-07-24,1563980400
6942,R_YS4MPsfM1Neg0RH,HVAC_AIR_FILTER,2019-07-24,1563980400
6943,R_YS4MPsfM1Neg0RH,SKIN_CLEANING_AGENT,2019-07-24,1563980400
6944,R_Z4qMkqhWSmIbdSh,MEDICATION,2019-07-24,1563980400
6945,R_ZkokwdIEZybYo9z,CHARGING_ADAPTER,2019-07-24,1563980400
6946,R_ZkokwdIEZybYo9z,MEDICATION,2019-07-24,1563980400
6947,R_ZkokwdIEZybYo9z,SNACK_FOOD_BAR,2019-07-24,1563980400
6948,R_ZkokwdIEZybYo9z,PHYSICAL_MOVIE,2019-07-24,1563980400
6949,R_ZkokwdIEZybYo9z,DRINK_FLAVORED,2019-07-24,1563980400
6950,R_ZkokwdIEZybYo9z,ABIS_BOOK,2019-07-24,1563980400
6951,R_ZkokwdIEZybYo9z,HEALTH_PERSONAL_CARE,2019-07-24,1563980400
6952,R_ZkokwdIEZybYo9z,VITAMIN,2019-07-24,1563980400
6953,R_ZkokwdIEZybYo9z,MEDICATION,2019-07-24,1563980400
6954,R_Zwn68Xfx8lenBER,WEIGHT_RACK,2019-07-24,1563980400
6955,R_b3NWnTBcFyWqXjH,FOOD_BLENDER,2019-07-24,1563980400
6956,R_b8UnkZJoU93ZxEB,GROCERY,2019-07-24,1563980400
6957,R_b8UnkZJoU93ZxEB,NUTRITIONAL_SUPPLEMENT,2019-07-24,1563980400
6958,R_b8UnkZJoU93ZxEB,TOYS_AND_GAMES,2019-07-24,1563980400
6959,R_bJbNhR1I5NnLKb7,ELECTRONIC_CABLE,2019-07-24,1563980400
6960,R_bJbNhR1I5NnLKb7,HERB,2019-07-24,1563980400
6961,R_bkquoGQp5VhpihP,PHYSICAL_MOVIE,2019-07-24,1563980400
6962,R_bkquoGQp5VhpihP,WEIGHT_RACK,2019-07-24,1563980400
6963,R_bkquoGQp5VhpihP,PHYSICAL_MOVIE,2019-07-24,1563980400
6964,R_e8KTElZZLWryLWp,ICE_CHEST,2019-07-24,1563980400
6965,R_e8KTElZZLWryLWp,PET_FOOD,2019-07-24,1563980400
6966,R_eg0ycbZcHEfhBAd,GROCERY,2019-07-24,1563980400
6967,R_eg0ycbZcHEfhBAd,HEADPHONES,2019-07-24,1563980400
6968,R_qxTrp3qz2YCQAnv,ROLLER_CHAIN,2019-07-24,1563980400
6969,R_sH8W9PyBq2swyLn,SNACK_FOOD_BAR,2019-07-24,1563980400
6970,R_sH8W9PyBq2swyLn,CLOTHES_HANGER,2019-07-24,1563980400
6971,R_sH8W9PyBq2swyLn,BATTERY,2019-07-24,1563980400
6972,R_sqjjAsz7GATggo1,ABIS_BOOK,2019-07-24,1563980400
6973,R_tDI0MmPcVp5b2Xn,ABIS_LAWN_AND_GARDEN,2019-07-24,1563980400
6974,R_uqbcSq7y153jKmZ,SCREEN_PROTECTOR,2019-07-24,1563980400
6975,R_vV9c87xuLM7zcC5,GUILD_ACCESSORIES,2019-07-24,1563980400
6976,R_10TV1zyi4yCEEkl,SPORT_MITT,2019-07-25,1564066800
6977,R_10TV1zyi4yCEEkl,GASKETS,2019-07-25,1564066800
6978,R_10wSqGFumZGSTmH,ABIS_BOOK,2019-07-25,1564066800
6979,R_10wSqGFumZGSTmH,HEALTH_PERSONAL_CARE,2019-07-25,1564066800
6980,R_128UcvT7YzJpnZv,AMAZON_TABLET_ACCESSORY,2019-07-25,1564066800
6981,R_128UcvT7YzJpnZv,COMPUTER_DRIVE_OR_STORAGE,2019-07-25,1564066800
6982,R_128UcvT7YzJpnZv,SKIN_CLEANING_AGENT,2019-07-25,1564066800
6983,R_128UcvT7YzJpnZv,PET_FOOD,2019-07-25,1564066800
6984,R_1BWAygjxkFXfxql,CAULKS,2019-07-25,1564066800
6985,R_1C4nKyrv0w2thJn,SCREEN_PROTECTOR,2019-07-25,1564066800
6986,R_1C4tcyEfmcsKI9X,SHIRT,2019-07-25,1564066800
6987,R_1C4tcyEfmcsKI9X,TOYS_AND_GAMES,2019-07-25,1564066800
6988,R_1C4tcyEfmcsKI9X,SHIRT,2019-07-25,1564066800
6989,R_1C9YUFD8GunlGej,SCREEN_PROTECTOR,2019-07-25,1564066800
6990,R_1ClqO4ZMDuwGjfl,CELLULAR_PHONE_CASE,2019-07-25,1564066800
6991,R_1DJdUrYA1I0QAKh,ABIS_DVD,2019-07-25,1564066800
6992,R_1Fyt6rHyiQcVOT8,SKIN_CLEANING_AGENT,2019-07-25,1564066800
6993,R_1GghoTNZdgUeySl,NUTRITIONAL_SUPPLEMENT,2019-07-25,1564066800
6994,R_1I6meOeB0piHEX8,CELLULAR_PHONE_CASE,2019-07-25,1564066800
6995,R_1I6meOeB0piHEX8,TEACHING_EQUIPMENT,2019-07-25,1564066800
6996,R_1IZBlduDFUJEphM,CARRIER_BAG_CASE,2019-07-25,1564066800
6997,R_1IZBlduDFUJEphM,CARRIER_BAG_CASE,2019-07-25,1564066800
6998,R_1IZBlduDFUJEphM,ABIS_BOOK,2019-07-25,1564066800
6999,R_1IZrt5CyqgTg2Qe,PET_SUPPLIES,2019-07-25,1564066800
7000,R_1KxVDxZl2H0XoHS,SHOES,2019-07-25,1564066800
7001,R_1MJSWPNY1QR0Q68,POTABLE_WATER_FILTER,2019-07-25,1564066800
7002,R_1MY7yxvExjQWTkv,GROCERY,2019-07-25,1564066800
7003,R_1MY7yxvExjQWTkv,MEDICATION,2019-07-25,1564066800
7004,R_1OJZKQM4ZrHncBJ,PET_FOOD,2019-07-25,1564066800
7005,R_1PUcgnVG2i0EBz4,MOUTHWASH,2019-07-25,1564066800
7006,R_1PUcgnVG2i0EBz4,SNACK_FOOD_BAR,2019-07-25,1564066800
7007,R_1PUcgnVG2i0EBz4,TOOTH_CLEANING_AGENT,2019-07-25,1564066800
7008,R_1PUcgnVG2i0EBz4,BATTERY,2019-07-25,1564066800
7009,R_1PUcgnVG2i0EBz4,HEADPHONES,2019-07-25,1564066800
7010,R_1PUcgnVG2i0EBz4,PANTS,2019-07-25,1564066800
7011,R_1PUcgnVG2i0EBz4,MEDICATION,2019-07-25,1564066800
7012,R_1Q9JeeKncbbLcz0,SWEATSHIRT,2019-07-25,1564066800
7013,R_1QLfbB3Lho273wG,NUTRITIONAL_SUPPLEMENT,2019-07-25,1564066800
7014,R_1QLfbB3Lho273wG,TOYS_AND_GAMES,2019-07-25,1564066800
7015,R_1QLfbB3Lho273wG,CELLULAR_PHONE_CASE,2019-07-25,1564066800
7016,R_1QhEPMXONBU12sq,TOYS_AND_GAMES,2019-07-25,1564066800
7017,R_1exepO2lYqHFR9q,MEDICAL_COMPRESSION_GARMENT,2019-07-25,1564066800
7018,R_1exepO2lYqHFR9q,PANTS,2019-07-25,1564066800
7019,R_1gOX88nojaBXOt2,NUTRITIONAL_SUPPLEMENT,2019-07-25,1564066800
7020,R_1gOX88nojaBXOt2,ABIS_BOOK,2019-07-25,1564066800
7021,R_1gOX88nojaBXOt2,HEADPHONES,2019-07-25,1564066800
7022,R_1gOX88nojaBXOt2,TEAPOT,2019-07-25,1564066800
7023,R_1hLPyY3aamfi3xT,SHEET_PAPER,2019-07-25,1564066800
7024,R_1hLPyY3aamfi3xT,ABIS_BOOK,2019-07-25,1564066800
7025,R_1hMV4AHCk04WO5V,MAJOR_HOME_APPLIANCES,2019-07-25,1564066800
7026,R_1ig4LC2I0cwMCHk,ABIS_BOOK,2019-07-25,1564066800
7027,R_1mxX9jjBSLwxiDU,TOYS_AND_GAMES,2019-07-25,1564066800
7028,R_1n8h8059UUul8Dr,MEDICATION,2019-07-25,1564066800
7029,R_1oFSDeGAQcUN2v8,VITAMIN,2019-07-25,1564066800
7030,R_1q4eVtHN10S5gPB,SNACK_FOOD_BAR,2019-07-25,1564066800
7031,R_1q4eVtHN10S5gPB,ABIS_BOOK,2019-07-25,1564066800
7032,R_1qdM6yLQigCFrkd,BLOOD_LANCET,2019-07-25,1564066800
7033,R_1qdM6yLQigCFrkd,PHYSICAL_MOVIE,2019-07-25,1564066800
7034,R_1qdM6yLQigCFrkd,NUTS,2019-07-25,1564066800
7035,R_1zVJnDAfoFLamOd,SHIRT,2019-07-25,1564066800
7036,R_20S7crqtX9XLeBx,VITAMIN,2019-07-25,1564066800
7037,R_248HEjiUt8tw60V,SKIN_MOISTURIZER,2019-07-25,1564066800
7038,R_24HjnyxNZEm32Xb,LUXURY_BEAUTY,2019-07-25,1564066800
7039,R_24MKoSmvuiLEI76,SNACK_FOOD_BAR,2019-07-25,1564066800
7040,R_24MKoSmvuiLEI76,CLIMBING_PLANT_SUPPORT_STRUCTURE,2019-07-25,1564066800
7041,R_24csoaO569P4Yzz,TOY_FIGURE,2019-07-25,1564066800
7042,R_24csoaO569P4Yzz,AUTO_KEY_SHELL,2019-07-25,1564066800
7043,R_24csoaO569P4Yzz,DESK_PAD,2019-07-25,1564066800
7044,R_25SbPPTyE45YzXP,SNACK_FOOD_BAR,2019-07-25,1564066800
7045,R_25YqaojEWt641sK,PANTS,2019-07-25,1564066800
7046,R_25YqaojEWt641sK,LIGHT_FIXTURE,2019-07-25,1564066800
7047,R_25YqaojEWt641sK,SKIN_MOISTURIZER,2019-07-25,1564066800
7048,R_25z5LHPaAsxktx7,SKIN_MOISTURIZER,2019-07-25,1564066800
7049,R_277i50HinKYVoY9,VITAMIN,2019-07-25,1564066800
7050,R_27PZcbYfPDhwHcL,SCREEN_PROTECTOR,2019-07-25,1564066800
7051,R_2ASBFgthVbaGlF3,SHOES,2019-07-25,1564066800
7052,R_2ASBFgthVbaGlF3,CAMERA_FILM,2019-07-25,1564066800
7053,R_2DSmjafbkSAict9,ABIS_BOOK,2019-07-25,1564066800
7054,R_2EglJpTWGEiwQYa,ELECTRONIC_CABLE,2019-07-25,1564066800
7055,R_2EglJpTWGEiwQYa,TOYS_AND_GAMES,2019-07-25,1564066800
7056,R_2EglJpTWGEiwQYa,CAMERA_OTHER_ACCESSORIES,2019-07-25,1564066800
7057,R_2OOq3ysdOS3TtBd,VITAMIN,2019-07-25,1564066800
7058,R_2QM76i5yRebcpiD,NUTRITIONAL_SUPPLEMENT,2019-07-25,1564066800
7059,R_2QXJIE0UXBTy8wd,TOYS_AND_GAMES,2019-07-25,1564066800
7060,R_2RUDh7piHU7frzt,SHIRT,2019-07-25,1564066800
7061,R_2RUDh7piHU7frzt,SCREEN_PROTECTOR,2019-07-25,1564066800
7062,R_2RUDh7piHU7frzt,SHOES,2019-07-25,1564066800
7063,R_2SowakeS8ZQebAD,HEADPHONES,2019-07-25,1564066800
7064,R_2TKO641FpWMebOd,PET_FEEDER,2019-07-25,1564066800
7065,R_2TKO641FpWMebOd,ELECTRONIC_CABLE,2019-07-25,1564066800
7066,R_2TKO641FpWMebOd,CELLULAR_PHONE_CASE,2019-07-25,1564066800
7067,R_2TL7w44l8M5vEok,ABIS_BOOK,2019-07-25,1564066800
7068,R_2TL7w44l8M5vEok,SKIN_CLEANING_AGENT,2019-07-25,1564066800
7069,R_2TL7w44l8M5vEok,PORTABLE_ELECTRONIC_DEVICE_MOUNT,2019-07-25,1564066800
7070,R_2UVhfjk1qQb6KI5,ORAL_IRRIGATOR,2019-07-25,1564066800
7071,R_2UVhfjk1qQb6KI5,ELECTRONIC_CABLE,2019-07-25,1564066800
7072,R_2UVhfjk1qQb6KI5,CELLULAR_PHONE_CASE,2019-07-25,1564066800
7073,R_2WAagX64hf1kdMI,VITAMIN,2019-07-25,1564066800
7074,R_2YJLVqCGAyLiODQ,PROTEIN_SUPPLEMENT_POWDER,2019-07-25,1564066800
7075,R_2YR2Yn7wGzAeAj0,WRITING_INSTRUMENT,2019-07-25,1564066800
7076,R_2ZEoREY3x7s7zEM,SKIN_TREATMENT_MASK,2019-07-25,1564066800
7077,R_2aKrOq0DBielcig,PET_FOOD,2019-07-25,1564066800
7078,R_2ebzj3o225IisIQ,SUNSCREEN,2019-07-25,1564066800
7079,R_2mAJniG0xVBIInL,SHIRT,2019-07-25,1564066800
7080,R_2mAJniG0xVBIInL,SCREEN_PROTECTOR,2019-07-25,1564066800
7081,R_2s5YO3cdqKDFyIM,HEALTH_PERSONAL_CARE,2019-07-25,1564066800
7082,R_2tfh4rvpUWWJndF,FURNITURE_LINER,2019-07-25,1564066800
7083,R_2tfh4rvpUWWJndF,SEASONING,2019-07-25,1564066800
7084,R_2tfh4rvpUWWJndF,SCREEN_PROTECTOR,2019-07-25,1564066800
7085,R_2tfh4rvpUWWJndF,VITAMIN,2019-07-25,1564066800
7086,R_2uZDxTZAORBIW1o,GROCERY,2019-07-25,1564066800
7087,R_2uZDxTZAORBIW1o,PERSONAL_PILL_DISPENSER,2019-07-25,1564066800
7088,R_2uZDxTZAORBIW1o,PET_FOOD,2019-07-25,1564066800
7089,R_2viT92732GnahDd,SNACK_FOOD_BAR,2019-07-25,1564066800
7090,R_2vkMWH10xWp7o9s,SNACK_FOOD_BAR,2019-07-25,1564066800
7091,R_2wmLE1q4FIpfioi,BATTERY,2019-07-25,1564066800
7092,R_2wmLE1q4FIpfioi,SNACK_FOOD_BAR,2019-07-25,1564066800
7093,R_2wtVmKidhQR0wju,SCREEN_PROTECTOR,2019-07-25,1564066800
7094,R_2wtVmKidhQR0wju,HEALTH_PERSONAL_CARE,2019-07-25,1564066800
7095,R_2wtVmKidhQR0wju,ELECTRONIC_CABLE,2019-07-25,1564066800
7096,R_2wtVmKidhQR0wju,CELLULAR_PHONE_CASE,2019-07-25,1564066800
7097,R_2wzatCV9Z18xLF2,SIGNAGE,2019-07-25,1564066800
7098,R_2wzatCV9Z18xLF2,CELLULAR_PHONE_CASE,2019-07-25,1564066800
7099,R_2wzatCV9Z18xLF2,PET_FOOD,2019-07-25,1564066800
7100,R_2yjckpDXWcsiLPz,PET_FOOD,2019-07-25,1564066800
7101,R_2yplkUxhAWZaFUL,HEALTH_PERSONAL_CARE,2019-07-25,1564066800
7102,R_2z7rLZb69WuqDdf,SHIRT,2019-07-25,1564066800
7103,R_2z7rLZb69WuqDdf,MATTRESS,2019-07-25,1564066800
7104,R_2z7rLZb69WuqDdf,ABIS_BOOK,2019-07-25,1564066800
7105,R_2z7rLZb69WuqDdf,VITAMIN,2019-07-25,1564066800
7106,R_2z7rLZb69WuqDdf,ELECTRONIC_CABLE,2019-07-25,1564066800
7107,R_2z7rLZb69WuqDdf,PICKLE,2019-07-25,1564066800
7108,R_2z7rLZb69WuqDdf,SKIN_MOISTURIZER,2019-07-25,1564066800
7109,R_2z7rLZb69WuqDdf,ORTHOPEDIC_BRACE,2019-07-25,1564066800
7110,R_30pLPRle51eRImG,REUSABLE_INCONTINENCE_SURFACE_PROTECTOR,2019-07-25,1564066800
7111,R_31LAZHcaNHPvu3z,BOTTLE_RACK,2019-07-25,1564066800
7112,R_31LAZHcaNHPvu3z,VITAMIN,2019-07-25,1564066800
7113,R_3EbttwlSceKvWpl,NIGHTGOWN_NIGHTSHIRT,2019-07-25,1564066800
7114,R_3GCXgWFPLgXAuFC,SKIN_CLEANING_AGENT,2019-07-25,1564066800
7115,R_3GD1CL4OyjglmbZ,PHYSICAL_MOVIE,2019-07-25,1564066800
7116,R_3Hphzg7zu04Hgy1,TOYS_AND_GAMES,2019-07-25,1564066800
7117,R_3Hphzg7zu04Hgy1,HEALTH_PERSONAL_CARE,2019-07-25,1564066800
7118,R_3Hphzg7zu04Hgy1,GROCERY,2019-07-25,1564066800
7119,R_3JK3aP5uRxffXiy,SKIN_MOISTURIZER,2019-07-25,1564066800
7120,R_3Jxiicg67etW2yt,SHIRT,2019-07-25,1564066800
7121,R_3Jxiicg67etW2yt,PANTS,2019-07-25,1564066800
7122,R_3Jxiicg67etW2yt,SHOES,2019-07-25,1564066800
7123,R_3Jxiicg67etW2yt,HEADPHONES,2019-07-25,1564066800
7124,R_3Jxiicg67etW2yt,SNACK_FOOD_BAR,2019-07-25,1564066800
7125,R_3Jxiicg67etW2yt,HEADPHONES,2019-07-25,1564066800
7126,R_3Jxiicg67etW2yt,TOYS_AND_GAMES,2019-07-25,1564066800
7127,R_3Jxiicg67etW2yt,NUTRITIONAL_SUPPLEMENT,2019-07-25,1564066800
7128,R_3Jxiicg67etW2yt,SNACK_FOOD_BAR,2019-07-25,1564066800
7129,R_3Jxiicg67etW2yt,TOYS_AND_GAMES,2019-07-25,1564066800
7130,R_3Jxiicg67etW2yt,BOTTLE_NIPPLE,2019-07-25,1564066800
7131,R_3Jxiicg67etW2yt,PANTS,2019-07-25,1564066800
7132,R_3Jxiicg67etW2yt,PANTS,2019-07-25,1564066800
7133,R_3Jxiicg67etW2yt,ABIS_BOOK,2019-07-25,1564066800
7134,R_3Jxiicg67etW2yt,GROCERY,2019-07-25,1564066800
7135,R_3KxaCMXQTDz1Z7P,PANTS,2019-07-25,1564066800
7136,R_3LXRVZSdJiqH63S,SHOES,2019-07-25,1564066800
7137,R_3M4EntiuPSB1ZJO,HEADPHONES,2019-07-25,1564066800
7138,R_3Mc9nZhk6fg7b8z,GROCERY,2019-07-25,1564066800
7139,R_3NCfhSJSgGWexUL,PANTS,2019-07-25,1564066800
7140,R_3NCfhSJSgGWexUL,TOYS_AND_GAMES,2019-07-25,1564066800
7141,R_3PUi8o2if0JqKfl,HEADPHONES,2019-07-25,1564066800
7142,R_3PUi8o2if0JqKfl,OUTDOOR_RECREATION_PRODUCT,2019-07-25,1564066800
7143,R_3R3FfvTaRKxigNl,CELLULAR_PHONE_CASE,2019-07-25,1564066800
7144,R_3RmDOazalOu0F1L,ABIS_BOOK,2019-07-25,1564066800
7145,R_3RpTNwsri1SSxeL,HAIR_COLORING_AGENT,2019-07-25,1564066800
7146,R_3enuyEOsaEVxTNX,MEDICATION,2019-07-25,1564066800
7147,R_3fBmKcLTAgFITMo,MACHINE_LUBRICANT,2019-07-25,1564066800
7148,R_3fcOMdQm2jGBLKm,HEALTH_PERSONAL_CARE,2019-07-25,1564066800
7149,R_3fcOMdQm2jGBLKm,NUTRITIONAL_SUPPLEMENT,2019-07-25,1564066800
7150,R_3jSvX9tw2goV083,HVAC_AIR_FILTER,2019-07-25,1564066800
7151,R_3jYUg0c9puk2lgW,SKIN_CLEANING_AGENT,2019-07-25,1564066800
7152,R_3jYUg0c9puk2lgW,SHOES,2019-07-25,1564066800
7153,R_3jYUg0c9puk2lgW,CELLULAR_PHONE_CASE,2019-07-25,1564066800
7154,R_3lYUnPKDsGA54tw,WIG,2019-07-25,1564066800
7155,R_3n2VXT4Z99FpnEG,SHIRT,2019-07-25,1564066800
7156,R_3n2VXT4Z99FpnEG,MILK_SUBSTITUTE,2019-07-25,1564066800
7157,R_3oO3DoeTgXHrEzx,HEALTH_PERSONAL_CARE,2019-07-25,1564066800
7158,R_3oO3DoeTgXHrEzx,SCREEN_PROTECTOR,2019-07-25,1564066800
7159,R_3pmeuOmzM4r5gMS,NUTRITIONAL_SUPPLEMENT,2019-07-25,1564066800
7160,R_3qlnIILTEuzSyGe,PHYSICAL_MOVIE,2019-07-25,1564066800
7161,R_3qlnIILTEuzSyGe,HEADPHONES,2019-07-25,1564066800
7162,R_3qrqbddZ7eR9KW8,ABIS_BOOK,2019-07-25,1564066800
7163,R_3qrqbddZ7eR9KW8,SHIRT,2019-07-25,1564066800
7164,R_3qrqbddZ7eR9KW8,BRAKE_ROTOR,2019-07-25,1564066800
7165,R_3s02y9lg8GCo9q0,HARDWARE_HINGE,2019-07-25,1564066800
7166,R_3s02y9lg8GCo9q0,BATTERY,2019-07-25,1564066800
7167,R_3s02y9lg8GCo9q0,BODY_DEODORANT,2019-07-25,1564066800
7168,R_3sp0qsXaE11taC1,ELECTRONIC_CABLE,2019-07-25,1564066800
7169,R_4YnsyJn7OBPaUut,KNIFE,2019-07-25,1564066800
7170,R_4YnsyJn7OBPaUut,CRIMPING_PLIERS,2019-07-25,1564066800
7171,R_4YnsyJn7OBPaUut,NUTRITIONAL_SUPPLEMENT,2019-07-25,1564066800
7172,R_55BKHeW1aOzYOUp,NIGHTGOWN_NIGHTSHIRT,2019-07-25,1564066800
7173,R_55BKHeW1aOzYOUp,PET_FOOD,2019-07-25,1564066800
7174,R_6Jw0sPgGkHLnKkp,ELECTRONIC_CABLE,2019-07-25,1564066800
7175,R_6Jw0sPgGkHLnKkp,SCREEN_PROTECTOR,2019-07-25,1564066800
7176,R_6Jw0sPgGkHLnKkp,NUTRITIONAL_SUPPLEMENT,2019-07-25,1564066800
7177,R_6Y8B3R1iIUjRAXv,PET_FOOD,2019-07-25,1564066800
7178,R_A5Mg9h1PiJL0Wyd,SCREEN_PROTECTOR,2019-07-25,1564066800
7179,R_A5Mg9h1PiJL0Wyd,ABIS_BOOK,2019-07-25,1564066800
7180,R_AM0OvM0F9kBvqal,CLEANING_AGENT,2019-07-25,1564066800
7181,R_AM0OvM0F9kBvqal,MEDICATION,2019-07-25,1564066800
7182,R_AM0OvM0F9kBvqal,BISS,2019-07-25,1564066800
7183,R_AM0OvM0F9kBvqal,ELECTRONIC_CABLE,2019-07-25,1564066800
7184,R_PwlnzzccUMXV0n7,VITAMIN,2019-07-25,1564066800
7185,R_Q6WPHvxgbOBjvZ7,SHIRT,2019-07-25,1564066800
7186,R_V1EWFs6tkv2DaMN,AROMA_DIFFUSER,2019-07-25,1564066800
7187,R_XwiCirQyfwJzVtv,SNACK_FOOD_BAR,2019-07-25,1564066800
7188,R_XwiCirQyfwJzVtv,OUTBOARD_MOTOR,2019-07-25,1564066800
7189,R_XwiCirQyfwJzVtv,BATTERY,2019-07-25,1564066800
7190,R_XwiCirQyfwJzVtv,ART_MEDIA_PAPER,2019-07-25,1564066800
7191,R_XwiCirQyfwJzVtv,MEDICATION,2019-07-25,1564066800
7192,R_b8UnkZJoU93ZxEB,PHYSICAL_MOVIE,2019-07-25,1564066800
7193,R_b8UnkZJoU93ZxEB,NUTRITIONAL_SUPPLEMENT,2019-07-25,1564066800
7194,R_bJI8lmXMZWL6oql,SCREEN_PROTECTOR,2019-07-25,1564066800
7195,R_bJI8lmXMZWL6oql,HEADPHONES,2019-07-25,1564066800
7196,R_bJI8lmXMZWL6oql,GROCERY,2019-07-25,1564066800
7197,R_bJI8lmXMZWL6oql,CULINARY_MUSHROOM,2019-07-25,1564066800
7198,R_bJI8lmXMZWL6oql,SNACK_FOOD_BAR,2019-07-25,1564066800
7199,R_bkquoGQp5VhpihP,CELLULAR_PHONE_CASE,2019-07-25,1564066800
7200,R_bkquoGQp5VhpihP,SKIN_CLEANING_AGENT,2019-07-25,1564066800
7201,R_qxTrp3qz2YCQAnv,THERMOS,2019-07-25,1564066800
7202,R_qxTrp3qz2YCQAnv,NUTRITIONAL_SUPPLEMENT,2019-07-25,1564066800
7203,R_rqK6K6zDsynoZHP,PHYSICAL_MOVIE,2019-07-25,1564066800
7204,R_rqK6K6zDsynoZHP,VACUUM_FILTER,2019-07-25,1564066800
7205,R_tFf2GViNMUolxaV,GARLIC_PRESS,2019-07-25,1564066800
7206,R_tJNLenUlMH5f4el,YARN,2019-07-25,1564066800
7207,R_tJNLenUlMH5f4el,HEALTH_PERSONAL_CARE,2019-07-25,1564066800
7208,R_u2EdYogSnJBrpex,GUN_HOLSTER,2019-07-25,1564066800
7209,R_u2EdYogSnJBrpex,BATTERY,2019-07-25,1564066800
7210,R_u2EdYogSnJBrpex,MEDICATION,2019-07-25,1564066800
7211,R_u2EdYogSnJBrpex,GROCERY,2019-07-25,1564066800
7212,R_u2EdYogSnJBrpex,MEDICATION,2019-07-25,1564066800
7213,R_u2EdYogSnJBrpex,BATTERY,2019-07-25,1564066800
7214,R_u2EdYogSnJBrpex,MEDICATION,2019-07-25,1564066800
7215,R_u2EdYogSnJBrpex,SNACK_FOOD_BAR,2019-07-25,1564066800
7216,R_u2EdYogSnJBrpex,TOYS_AND_GAMES,2019-07-25,1564066800
7217,R_u2EdYogSnJBrpex,SKIN_CLEANING_AGENT,2019-07-25,1564066800
7218,R_u2EdYogSnJBrpex,CELLULAR_PHONE_CASE,2019-07-25,1564066800
7219,R_u2EdYogSnJBrpex,LAMP,2019-07-25,1564066800
7220,R_x969WzGgXuE1CuJ,SNACK_FOOD_BAR,2019-07-25,1564066800
7221,R_x969WzGgXuE1CuJ,ELECTRONIC_CABLE,2019-07-25,1564066800
7222,R_x969WzGgXuE1CuJ,HEADPHONE_EARPAD,2019-07-25,1564066800
7223,R_x969WzGgXuE1CuJ,ELECTRONIC_CABLE,2019-07-25,1564066800
7224,R_x969WzGgXuE1CuJ,ABIS_BOOK,2019-07-25,1564066800
7225,R_0D6GtQwa6VcnXpv,CHEMICAL_TEST_STRIP,2019-07-26,1564153200
7226,R_10CAlrx7dbJty9R,VITAMIN,2019-07-26,1564153200
7227,R_10CAlrx7dbJty9R,POWER_INVERTER,2019-07-26,1564153200
7228,R_10CAlrx7dbJty9R,PET_FOOD,2019-07-26,1564153200
7229,R_10TA7pCDmelHi5H,SHOES,2019-07-26,1564153200
7230,R_10TA7pCDmelHi5H,LAMPSHADE,2019-07-26,1564153200
7231,R_128UcvT7YzJpnZv,HEADPHONES,2019-07-26,1564153200
7232,R_128UcvT7YzJpnZv,SCREEN_PROTECTOR,2019-07-26,1564153200
7233,R_1C4tcyEfmcsKI9X,MEDICATION,2019-07-26,1564153200
7234,R_1C9YUFD8GunlGej,SKIN_MOISTURIZER,2019-07-26,1564153200
7235,R_1FrdQkXjcUod40Z,HEALTH_PERSONAL_CARE,2019-07-26,1564153200
7236,R_1FrdQkXjcUod40Z,ICE_CHEST,2019-07-26,1564153200
7237,R_1FrdQkXjcUod40Z,HEADPHONES,2019-07-26,1564153200
7238,R_1GVsIStj8gTkbIE,SCREEN_PROTECTOR,2019-07-26,1564153200
7239,R_1IN7vU4CWQnwLLx,SHOES,2019-07-26,1564153200
7240,R_1IN7vU4CWQnwLLx,OUTBUILDING,2019-07-26,1564153200
7241,R_1IZBlduDFUJEphM,SKIN_MOISTURIZER,2019-07-26,1564153200
7242,R_1IZBlduDFUJEphM,SHOES,2019-07-26,1564153200
7243,R_1IZBlduDFUJEphM,SNACK_FOOD_BAR,2019-07-26,1564153200
7244,R_1KkFs7rgWXlWf58,SHEET_PAN,2019-07-26,1564153200
7245,R_1LRR1P5IQqdSvIP,CLEANING_AGENT,2019-07-26,1564153200
7246,R_1NCzj2eSHI4QGcd,SCREEN_PROTECTOR,2019-07-26,1564153200
7247,R_1NCzj2eSHI4QGcd,PHYSICAL_MOVIE,2019-07-26,1564153200
7248,R_1NCzj2eSHI4QGcd,PHYSICAL_MOVIE,2019-07-26,1564153200
7249,R_1NCzj2eSHI4QGcd,TOYS_AND_GAMES,2019-07-26,1564153200
7250,R_1Q9JeeKncbbLcz0,MEDICATION,2019-07-26,1564153200
7251,R_1dlSByn2AyHWx7r,PANTS,2019-07-26,1564153200
7252,R_1gOX88nojaBXOt2,TOYS_AND_GAMES,2019-07-26,1564153200
7253,R_1hLPyY3aamfi3xT,PET_SUPPLIES,2019-07-26,1564153200
7254,R_1lxYa2W6GgcAQ19,PET_FOOD,2019-07-26,1564153200
7255,R_1mEmb9jWLRYCU4e,SKIN_MOISTURIZER,2019-07-26,1564153200
7256,R_1mEmb9jWLRYCU4e,VITAMIN,2019-07-26,1564153200
7257,R_1mEmb9jWLRYCU4e,ELECTRONIC_CABLE,2019-07-26,1564153200
7258,R_1oFSDeGAQcUN2v8,PHYSICAL_MOVIE,2019-07-26,1564153200
7259,R_1oFSDeGAQcUN2v8,CELLULAR_PHONE_CASE,2019-07-26,1564153200
7260,R_1rq9oimamSF6rsF,HEALTH_PERSONAL_CARE,2019-07-26,1564153200
7261,R_1rq9oimamSF6rsF,ABIS_BOOK,2019-07-26,1564153200
7262,R_1rq9oimamSF6rsF,HEALTH_PERSONAL_CARE,2019-07-26,1564153200
7263,R_1rr9XOz2pHFyWi3,SHOES,2019-07-26,1564153200
7264,R_1rr9XOz2pHFyWi3,SKIN_MOISTURIZER,2019-07-26,1564153200
7265,R_1rr9XOz2pHFyWi3,SKIN_MOISTURIZER,2019-07-26,1564153200
7266,R_21uibgT9dgqRD9J,ELECTRICAL_PLUG,2019-07-26,1564153200
7267,R_22mMopWqAj09mQc,CORSET,2019-07-26,1564153200
7268,R_248HEjiUt8tw60V,POWER_SUPPLY,2019-07-26,1564153200
7269,R_24HjnyxNZEm32Xb,LUXURY_BEAUTY,2019-07-26,1564153200
7270,R_277i50HinKYVoY9,TOYS_AND_GAMES,2019-07-26,1564153200
7271,R_279iRKETPanvFBW,BODY_PAINT,2019-07-26,1564153200
7272,R_2D1zydYR5SZ0LpK,PET_FOOD,2019-07-26,1564153200
7273,R_2DSmjafbkSAict9,SHOES,2019-07-26,1564153200
7274,R_2DSmjafbkSAict9,AIMING_SCOPE_SIGHT,2019-07-26,1564153200
7275,R_2OOq3ysdOS3TtBd,CELLULAR_PHONE_CASE,2019-07-26,1564153200
7276,R_2QRtVOQUzfFxAg0,FLASH_MEMORY,2019-07-26,1564153200
7277,R_2QRtVOQUzfFxAg0,THERAPEUTIC_THERMAL_COMPRESS,2019-07-26,1564153200
7278,R_2QXJIE0UXBTy8wd,PORTABLE_ELECTRONIC_DEVICE_STAND,2019-07-26,1564153200
7279,R_2QXJIE0UXBTy8wd,PORTABLE_ELECTRONIC_DEVICE_STAND,2019-07-26,1564153200
7280,R_2RVXjEovu4Y1yen,OTTOMAN,2019-07-26,1564153200
7281,R_2SoygRRucWXdLxT,TOYS_AND_GAMES,2019-07-26,1564153200
7282,R_2SoygRRucWXdLxT,PET_FOOD,2019-07-26,1564153200
7283,R_2SoygRRucWXdLxT,SKIN_MOISTURIZER,2019-07-26,1564153200
7284,R_2SoygRRucWXdLxT,SCREEN_PROTECTOR,2019-07-26,1564153200
7285,R_2SoygRRucWXdLxT,TOPICAL_HAIR_REGROWTH_TREATMENT,2019-07-26,1564153200
7286,R_2VaWg2jhtCG6zmh,HEALTH_PERSONAL_CARE,2019-07-26,1564153200
7287,R_2VaWg2jhtCG6zmh,VITAMIN,2019-07-26,1564153200
7288,R_2WVIxBGaj1uOr8S,CELLULAR_PHONE_CASE,2019-07-26,1564153200
7289,R_2WVIxBGaj1uOr8S,KAYAK,2019-07-26,1564153200
7290,R_2WVIxBGaj1uOr8S,TOYS_AND_GAMES,2019-07-26,1564153200
7291,R_2ZEQSnRGlS7ZscC,SWING,2019-07-26,1564153200
7292,R_2b1XOZR0PYTA1jX,ABIS_BOOK,2019-07-26,1564153200
7293,R_2c0kxk2rIJClCxm,PANTS,2019-07-26,1564153200
7294,R_2cnNyjA4yHdU4ij,BICYCLE_BASKET,2019-07-26,1564153200
7295,R_2cnNyjA4yHdU4ij,GROCERY,2019-07-26,1564153200
7296,R_2e9e8lhWqVtpb7m,PANTS,2019-07-26,1564153200
7297,R_2e9e8lhWqVtpb7m,WRITING_PAPER,2019-07-26,1564153200
7298,R_2mAJniG0xVBIInL,HEALTH_PERSONAL_CARE,2019-07-26,1564153200
7299,R_2mAJniG0xVBIInL,VITAMIN,2019-07-26,1564153200
7300,R_2mAJniG0xVBIInL,ADHESIVE_TAPES,2019-07-26,1564153200
7301,R_2q2hekIiutgInrE,BATTERY,2019-07-26,1564153200
7302,R_2q2hekIiutgInrE,PHYSICAL_MOVIE,2019-07-26,1564153200
7303,R_2uIMLcJgQmb0v3G,CELLULAR_PHONE_CASE,2019-07-26,1564153200
7304,R_2uIMLcJgQmb0v3G,CELLULAR_PHONE_CASE,2019-07-26,1564153200
7305,R_2uTysluImvxkQBY,BATTERY,2019-07-26,1564153200
7306,R_2vkMWH10xWp7o9s,PHYSICAL_MOVIE,2019-07-26,1564153200
7307,R_2wHwNZWEecJflLc,VITAMIN,2019-07-26,1564153200
7308,R_2wHwNZWEecJflLc,PET_FOOD,2019-07-26,1564153200
7309,R_2wHwNZWEecJflLc,VITAMIN,2019-07-26,1564153200
7310,R_2wtVmKidhQR0wju,EPILATOR,2019-07-26,1564153200
7311,R_2wtVmKidhQR0wju,ELECTRONIC_CABLE,2019-07-26,1564153200
7312,R_2wtVmKidhQR0wju,AUTO_PART,2019-07-26,1564153200
7313,R_2wtVmKidhQR0wju,VEST,2019-07-26,1564153200
7314,R_2wtVmKidhQR0wju,HEADPHONES,2019-07-26,1564153200
7315,R_2wtVmKidhQR0wju,CELLULAR_PHONE_CASE,2019-07-26,1564153200
7316,R_2wtVmKidhQR0wju,MEDICATION,2019-07-26,1564153200
7317,R_2wtVmKidhQR0wju,HARDWARE_HINGE,2019-07-26,1564153200
7318,R_2wtVmKidhQR0wju,PET_FOOD,2019-07-26,1564153200
7319,R_2wtVmKidhQR0wju,NUTRITIONAL_SUPPLEMENT,2019-07-26,1564153200
7320,R_2wtVmKidhQR0wju,STORAGE_BOX,2019-07-26,1564153200
7321,R_2wtVmKidhQR0wju,HEADPHONES,2019-07-26,1564153200
7322,R_2wtVmKidhQR0wju,SHIRT,2019-07-26,1564153200
7323,R_2wtVmKidhQR0wju,SHIRT,2019-07-26,1564153200
7324,R_2wtVmKidhQR0wju,PHYSICAL_MOVIE,2019-07-26,1564153200
7325,R_2wtVmKidhQR0wju,MACHINE_LUBRICANT,2019-07-26,1564153200
7326,R_2wtVmKidhQR0wju,HEADPHONE_EARPAD,2019-07-26,1564153200
7327,R_2wtVmKidhQR0wju,END_MILLS,2019-07-26,1564153200
7328,R_2wtVmKidhQR0wju,SCREEN_PROTECTOR,2019-07-26,1564153200
7329,R_2wtVmKidhQR0wju,SNACK_FOOD_BAR,2019-07-26,1564153200
7330,R_2wtVmKidhQR0wju,CELLULAR_PHONE_CASE,2019-07-26,1564153200
7331,R_2wtVmKidhQR0wju,ART_MEDIA_PAPER,2019-07-26,1564153200
7332,R_2wtVmKidhQR0wju,VITAMIN,2019-07-26,1564153200
7333,R_2wtVmKidhQR0wju,EPILATOR,2019-07-26,1564153200
7334,R_2wtVmKidhQR0wju,PET_FOOD,2019-07-26,1564153200
7335,R_2wtVmKidhQR0wju,MEDICATION,2019-07-26,1564153200
7336,R_2wtVmKidhQR0wju,SHIRT,2019-07-26,1564153200
7337,R_2wtVmKidhQR0wju,HAIR_EXTENSION,2019-07-26,1564153200
7338,R_2wzatCV9Z18xLF2,SIGNAGE,2019-07-26,1564153200
7339,R_2yplkUxhAWZaFUL,TRASH_CAN,2019-07-26,1564153200
7340,R_3093m6Spz9VzxAK,CELLULAR_PHONE_CASE,2019-07-26,1564153200
7341,R_3093m6Spz9VzxAK,SKIN_MOISTURIZER,2019-07-26,1564153200
7342,R_31XTJUT1qHoBGRZ,HEALTH_PERSONAL_CARE,2019-07-26,1564153200
7343,R_31ZxYxyOSie94bK,NUTRITIONAL_SUPPLEMENT,2019-07-26,1564153200
7344,R_31ZxYxyOSie94bK,ABIS_BOOK,2019-07-26,1564153200
7345,R_31ZxYxyOSie94bK,TOYS_AND_GAMES,2019-07-26,1564153200
7346,R_31ZxYxyOSie94bK,HEALTH_PERSONAL_CARE,2019-07-26,1564153200
7347,R_31ZxYxyOSie94bK,ELECTRONIC_CABLE,2019-07-26,1564153200
7348,R_31ZxYxyOSie94bK,PUFFED_SNACK,2019-07-26,1564153200
7349,R_31ZxYxyOSie94bK,ELECTRONIC_CABLE,2019-07-26,1564153200
7350,R_31ZxYxyOSie94bK,COOKIE,2019-07-26,1564153200
7351,R_31ZxYxyOSie94bK,DRINK_FLAVORED,2019-07-26,1564153200
7352,R_31ZxYxyOSie94bK,PUFFED_SNACK,2019-07-26,1564153200
7353,R_31ZxYxyOSie94bK,COOKIE,2019-07-26,1564153200
7354,R_31ZxYxyOSie94bK,GROCERY,2019-07-26,1564153200
7355,R_31ZxYxyOSie94bK,CELLULAR_PHONE_CASE,2019-07-26,1564153200
7356,R_31ZxYxyOSie94bK,SNACK_FOOD_BAR,2019-07-26,1564153200
7357,R_31ZxYxyOSie94bK,HEALTH_PERSONAL_CARE,2019-07-26,1564153200
7358,R_31ZxYxyOSie94bK,VITAMIN,2019-07-26,1564153200
7359,R_31ZxYxyOSie94bK,SKIN_MOISTURIZER,2019-07-26,1564153200
7360,R_31ZxYxyOSie94bK,SNACK_CHIP_AND_CRISP,2019-07-26,1564153200
7361,R_31ZxYxyOSie94bK,PUFFED_SNACK,2019-07-26,1564153200
7362,R_31ZxYxyOSie94bK,CELLULAR_PHONE_CASE,2019-07-26,1564153200
7363,R_3GBRRr7bndtJPU9,LEASH,2019-07-26,1564153200
7364,R_3GiFHVWzYKHT1F5,STORAGE_COVER,2019-07-26,1564153200
7365,R_3GiFHVWzYKHT1F5,PET_PLACEMAT,2019-07-26,1564153200
7366,R_3GqfePl8gH1VWP1,CELLULAR_PHONE_CASE,2019-07-26,1564153200
7367,R_3GqfePl8gH1VWP1,TOYS_AND_GAMES,2019-07-26,1564153200
7368,R_3HigTq4itishziE,SKIN_MOISTURIZER,2019-07-26,1564153200
7369,R_3HzRfw5sNEvrFRf,FOOD_BIB,2019-07-26,1564153200
7370,R_3HzRfw5sNEvrFRf,SEAFOOD,2019-07-26,1564153200
7371,R_3IQQB0Dtvv9riqZ,PANTS,2019-07-26,1564153200
7372,R_3IQQB0Dtvv9riqZ,VITAMIN,2019-07-26,1564153200
7373,R_3IQQB0Dtvv9riqZ,PORTABLE_AUDIO,2019-07-26,1564153200
7374,R_3JJfhp7Z7vUO8K2,VITAMIN,2019-07-26,1564153200
7375,R_3JJfhp7Z7vUO8K2,SHIRT,2019-07-26,1564153200
7376,R_3JK3aP5uRxffXiy,PHYSICAL_MOVIE,2019-07-26,1564153200
7377,R_3L20DbmNPSMtKUd,COCKTAIL_SHAKER,2019-07-26,1564153200
7378,R_3L8dgu12mdk2UVH,PANTS,2019-07-26,1564153200
7379,R_3MtDVQQzrp3Cm8d,SCREEN_PROTECTOR,2019-07-26,1564153200
7380,R_3MyEdXOZ8P75S1V,SKIN_CLEANING_AGENT,2019-07-26,1564153200
7381,R_3MyEdXOZ8P75S1V,LEVEL,2019-07-26,1564153200
7382,R_3OfwQrDNFhWjGWG,HEALTH_PERSONAL_CARE,2019-07-26,1564153200
7383,R_3OfwQrDNFhWjGWG,VITAMIN,2019-07-26,1564153200
7384,R_3PUi8o2if0JqKfl,SKIN_MOISTURIZER,2019-07-26,1564153200
7385,R_3PUi8o2if0JqKfl,ABIS_KITCHEN,2019-07-26,1564153200
7386,R_3ebnP0qUIQ7u38i,SKIN_MOISTURIZER,2019-07-26,1564153200
7387,R_3ebnP0qUIQ7u38i,SOUND_CARD,2019-07-26,1564153200
7388,R_3ebnP0qUIQ7u38i,GROCERY,2019-07-26,1564153200
7389,R_3ebnP0qUIQ7u38i,UNDERPANTS,2019-07-26,1564153200
7390,R_3eh02tn8YjYcUoE,PHYSICAL_MOVIE,2019-07-26,1564153200
7391,R_3enuyEOsaEVxTNX,SNACK_FOOD_BAR,2019-07-26,1564153200
7392,R_3enuyEOsaEVxTNX,BATTERY,2019-07-26,1564153200
7393,R_3enuyEOsaEVxTNX,SHIRT,2019-07-26,1564153200
7394,R_3enuyEOsaEVxTNX,BATTERY,2019-07-26,1564153200
7395,R_3exlTi02vMuoy59,MEDICATION,2019-07-26,1564153200
7396,R_3g1vpqtwzgBUs93,VITAMIN,2019-07-26,1564153200
7397,R_3ixUxNOUiEYD7KJ,SHOES,2019-07-26,1564153200
7398,R_3ixUxNOUiEYD7KJ,HEADPHONES,2019-07-26,1564153200
7399,R_3ixUxNOUiEYD7KJ,VITAMIN,2019-07-26,1564153200
7400,R_3ixUxNOUiEYD7KJ,SKIN_CLEANING_AGENT,2019-07-26,1564153200
7401,R_3jSAmu0UzDwnhQD,GROCERY,2019-07-26,1564153200
7402,R_3oO3DoeTgXHrEzx,SURVIVAL_KIT,2019-07-26,1564153200
7403,R_3oO3DoeTgXHrEzx,MEDICATION,2019-07-26,1564153200
7404,R_3r26NAbVnDpIxzF,PORTABLE_ELECTRONIC_DEVICE_MOUNT,2019-07-26,1564153200
7405,R_3r26NAbVnDpIxzF,VITAMIN,2019-07-26,1564153200
7406,R_3s02y9lg8GCo9q0,WREATH,2019-07-26,1564153200
7407,R_3s02y9lg8GCo9q0,ELECTRONIC_CABLE,2019-07-26,1564153200
7408,R_3socPWD3wXD0iDP,ELECTRONIC_CABLE,2019-07-26,1564153200
7409,R_3socPWD3wXD0iDP,HEADPHONES,2019-07-26,1564153200
7410,R_4TMdmQ1SjGtT6Ex,GROCERY,2019-07-26,1564153200
7411,R_4TMdmQ1SjGtT6Ex,ABIS_BOOK,2019-07-26,1564153200
7412,R_4TMdmQ1SjGtT6Ex,PET_FOOD,2019-07-26,1564153200
7413,R_7ZH1uBNuL9RQ2K5,ICE_MAKER,2019-07-26,1564153200
7414,R_7ZH1uBNuL9RQ2K5,AROMA_DIFFUSER,2019-07-26,1564153200
7415,R_7ZH1uBNuL9RQ2K5,ASTRINGENT_SUBSTANCE,2019-07-26,1564153200
7416,R_85OdkeCoFP5daLL,UNDERPANTS,2019-07-26,1564153200
7417,R_85OdkeCoFP5daLL,HEADPHONES,2019-07-26,1564153200
7418,R_8pMsG4P0RqzoSlz,BLOOD_PRESSURE_MONITOR,2019-07-26,1564153200
7419,R_8vnpSkm79W7Jsv7,TOYS_AND_GAMES,2019-07-26,1564153200
7420,R_AM0OvM0F9kBvqal,SKIN_CLEANING_AGENT,2019-07-26,1564153200
7421,R_BWhnv4EdbhSS6rf,WASTE_BAG,2019-07-26,1564153200
7422,R_BWhnv4EdbhSS6rf,ROTARY_TOOL,2019-07-26,1564153200
7423,R_O6ZX76mggPnAOfD,SKIN_MOISTURIZER,2019-07-26,1564153200
7424,R_O6ZX76mggPnAOfD,PANTS,2019-07-26,1564153200
7425,R_O6ZX76mggPnAOfD,BOLTS,2019-07-26,1564153200
7426,R_O6ZX76mggPnAOfD,DENTAL_FLOSS,2019-07-26,1564153200
7427,R_O6ZX76mggPnAOfD,MEDICATION,2019-07-26,1564153200
7428,R_O6ZX76mggPnAOfD,MEDICATION,2019-07-26,1564153200
7429,R_O6ZX76mggPnAOfD,BOLTS,2019-07-26,1564153200
7430,R_OkSi9IxX5ddzzl7,MICROPHONE_STAND,2019-07-26,1564153200
7431,R_PHgbX4EoPqUsLjb,BLANK_MEDIA,2019-07-26,1564153200
7432,R_PHgbX4EoPqUsLjb,BATTERY,2019-07-26,1564153200
7433,R_Ui78k1hRGuGWhln,OFFICE_ELECTRONICS,2019-07-26,1564153200
7434,R_V416ZQ4Q4ElD1yF,HUMIDIFIER,2019-07-26,1564153200
7435,R_XAphEY817eORyx3,SEAFOOD,2019-07-26,1564153200
7436,R_XAphEY817eORyx3,CELLULAR_PHONE_CASE,2019-07-26,1564153200
7437,R_Y4jCkfTFzvtw5SF,TELEVISION,2019-07-26,1564153200
7438,R_b8UnkZJoU93ZxEB,POWER_SUPPLY,2019-07-26,1564153200
7439,R_bHPddsX5H49vNL3,NUT_AND_SEED,2019-07-26,1564153200
7440,R_bHPddsX5H49vNL3,MEDICATION,2019-07-26,1564153200
7441,R_bw2nQ0iRh2wCa8p,PROTEIN_SUPPLEMENT_POWDER,2019-07-26,1564153200
7442,R_bw2nQ0iRh2wCa8p,CELLULAR_PHONE_CASE,2019-07-26,1564153200
7443,R_bw2nQ0iRh2wCa8p,PHYSICAL_MOVIE,2019-07-26,1564153200
7444,R_bw2nQ0iRh2wCa8p,ABIS_BOOK,2019-07-26,1564153200
7445,R_pMnqpu31myYoxy1,SKIN_CLEANING_AGENT,2019-07-26,1564153200
7446,R_snaR9M3EsTpcPi9,ABIS_BOOK,2019-07-26,1564153200
7447,R_snaR9M3EsTpcPi9,PANTS,2019-07-26,1564153200
7448,R_tJNLenUlMH5f4el,APPAREL,2019-07-26,1564153200
7449,R_u99XwBV1boyooXT,GROCERY,2019-07-26,1564153200
7450,R_u99XwBV1boyooXT,SNACK_FOOD_BAR,2019-07-26,1564153200
7451,R_vcsfXNFhlnqxtYd,CALENDAR,2019-07-26,1564153200
7452,R_w5bE96azoKnM6Ih,GROCERY,2019-07-26,1564153200
7453,R_w5bE96azoKnM6Ih,AIR_MATTRESS,2019-07-26,1564153200
7454,R_yrLrYUf4oFzOnjb,BATTERY,2019-07-26,1564153200
7455,R_zTf2i6s3E2OQZQR,ABIS_BOOK,2019-07-26,1564153200
7456,R_zfnsck2ZatnGtY5,PIERCING_JEWELRY,2019-07-26,1564153200
7457,R_0pRmRjHkwStzNQJ,MEDICATION,2019-07-27,1564239600
7458,R_0pRmRjHkwStzNQJ,HEALTH_PERSONAL_CARE,2019-07-27,1564239600
7459,R_10MFxyIhsIDW0nP,SKIN_MOISTURIZER,2019-07-27,1564239600
7460,R_10YnFpDzlwQlmrX,SKIN_CLEANING_AGENT,2019-07-27,1564239600
7461,R_1BNwZP0DdTOa4rT,PHYSICAL_MOVIE,2019-07-27,1564239600
7462,R_1DOwHkGiX8DX7mF,HEADPHONES,2019-07-27,1564239600
7463,R_1DOwHkGiX8DX7mF,SKIN_MOISTURIZER,2019-07-27,1564239600
7464,R_1DYWdbAMt6LyCZH,STORAGE_RACK,2019-07-27,1564239600
7465,R_1DYWdbAMt6LyCZH,RUG_PAD,2019-07-27,1564239600
7466,R_1Egu0oETMcJuIOb,HOT_GLUE_GUN,2019-07-27,1564239600
7467,R_1Fyt6rHyiQcVOT8,HEALTH_PERSONAL_CARE,2019-07-27,1564239600
7468,R_1GVN63HjPpVXPEx,HEALTH_PERSONAL_CARE,2019-07-27,1564239600
7469,R_1IZBlduDFUJEphM,TOOL_CHUCK,2019-07-27,1564239600
7470,R_1IZBlduDFUJEphM,ELECTRONIC_CABLE,2019-07-27,1564239600
7471,R_1IZBlduDFUJEphM,ABIS_HOME_IMPROVEMENT,2019-07-27,1564239600
7472,R_1JDhRjAMiEkIuKT,SHIRT,2019-07-27,1564239600
7473,R_1KloshKwV8MUAx4,APPAREL,2019-07-27,1564239600
7474,R_1KloshKwV8MUAx4,PET_FOOD,2019-07-27,1564239600
7475,R_1KloshKwV8MUAx4,TOYS_AND_GAMES,2019-07-27,1564239600
7476,R_1LRR1P5IQqdSvIP,VIDEO_PROJECTOR,2019-07-27,1564239600
7477,R_1MY7yxvExjQWTkv,SKIN_MOISTURIZER,2019-07-27,1564239600
7478,R_1Q9JeeKncbbLcz0,FISHING_HOOK,2019-07-27,1564239600
7479,R_1Q9JeeKncbbLcz0,PANTS,2019-07-27,1564239600
7480,R_1Q9JeeKncbbLcz0,NUTRITIONAL_SUPPLEMENT,2019-07-27,1564239600
7481,R_1QKu8qtvgo0d1uS,VEHICLE_MOLDING,2019-07-27,1564239600
7482,R_1QKu8qtvgo0d1uS,PERSONAL_FLOTATION_DEVICE,2019-07-27,1564239600
7483,R_1Qyzwfx5HrXdw4U,RADIO,2019-07-27,1564239600
7484,R_1daE3vUDxFrSw4I,TOYS_AND_GAMES,2019-07-27,1564239600
7485,R_1eEsLZ6SYLsIG0s,DRESS,2019-07-27,1564239600
7486,R_1hFMTehZQIAcBvZ,GROCERY,2019-07-27,1564239600
7487,R_1jARg5bGH5uqAKW,PROTEIN_DRINK,2019-07-27,1564239600
7488,R_1oFRyes3ggnKU4B,PET_FOOD,2019-07-27,1564239600
7489,R_1oFRyes3ggnKU4B,NUTRITIONAL_SUPPLEMENT,2019-07-27,1564239600
7490,R_1pKZVLBbrpZM8bP,PHYSICAL_MOVIE,2019-07-27,1564239600
7491,R_1pKZVLBbrpZM8bP,CELLULAR_PHONE_CASE,2019-07-27,1564239600
7492,R_1pKZVLBbrpZM8bP,WALL_PLATE,2019-07-27,1564239600
7493,R_1pm2Wo5wrQSY0Gm,BLOWER_INFLATED_DECORATION,2019-07-27,1564239600
7494,R_1pm2Wo5wrQSY0Gm,IGNITION_COIL,2019-07-27,1564239600
7495,R_1q7AvsyRPpTSWFi,SHOES,2019-07-27,1564239600
7496,R_1q7AvsyRPpTSWFi,FOOD_DEHYDRATOR,2019-07-27,1564239600
7497,R_1q7AvsyRPpTSWFi,HEADPHONES,2019-07-27,1564239600
7498,R_1q7AvsyRPpTSWFi,ELECTRONIC_CABLE,2019-07-27,1564239600
7499,R_1q7AvsyRPpTSWFi,GROCERY,2019-07-27,1564239600
7500,R_1q7AvsyRPpTSWFi,RAW_MATERIALS,2019-07-27,1564239600
7501,R_1rNf6ssFroMth4I,SKIN_CLEANING_AGENT,2019-07-27,1564239600
7502,R_22nS4Bu8Q3B84gf,MAPS,2019-07-27,1564239600
7503,R_24dbGLxukEKohG6,FOOD_SPATULA,2019-07-27,1564239600
7504,R_25thHabUddjXGzt,FOOD,2019-07-27,1564239600
7505,R_25thHabUddjXGzt,SHOES,2019-07-27,1564239600
7506,R_25thHabUddjXGzt,SCREEN_PROTECTOR,2019-07-27,1564239600
7507,R_25thHabUddjXGzt,PET_PEST_CONTROL,2019-07-27,1564239600
7508,R_25thHabUddjXGzt,SKIN_MOISTURIZER,2019-07-27,1564239600
7509,R_25thHabUddjXGzt,BODY_DEODORANT,2019-07-27,1564239600
7510,R_2CUG0NuB8UE98kw,TRIVET,2019-07-27,1564239600
7511,R_2DXPyU9bPnWuZPM,PILLOW,2019-07-27,1564239600
7512,R_2EglJpTWGEiwQYa,BATTERY,2019-07-27,1564239600
7513,R_2XoI6KbLJRGFz5X,TEMPORARY_HANGER_HOOK,2019-07-27,1564239600
7514,R_2XoI6KbLJRGFz5X,SUNGLASSES,2019-07-27,1564239600
7515,R_2YCU6JHbCzus4zy,GROCERY,2019-07-27,1564239600
7516,R_2YCU6JHbCzus4zy,SKIN_CLEANING_AGENT,2019-07-27,1564239600
7517,R_2YR2Yn7wGzAeAj0,MULTITOOL,2019-07-27,1564239600
7518,R_2YVQQRVSdj7M8Va,SCREEN_PROTECTOR,2019-07-27,1564239600
7519,R_2YVQQRVSdj7M8Va,TOYS_AND_GAMES,2019-07-27,1564239600
7520,R_2dY2NzAgp2digAs,PET_FOOD,2019-07-27,1564239600
7521,R_2dmZyPIDedcDR2J,HEADPHONES,2019-07-27,1564239600
7522,R_2e9e8lhWqVtpb7m,BATTERY,2019-07-27,1564239600
7523,R_2e9e8lhWqVtpb7m,MEDICATION,2019-07-27,1564239600
7524,R_2ebzj3o225IisIQ,POWERSPORTS_VEHICLE_PART,2019-07-27,1564239600
7525,R_2ebzj3o225IisIQ,GROCERY,2019-07-27,1564239600
7526,R_2fQoqPD5ygeWViN,HEALTH_PERSONAL_CARE,2019-07-27,1564239600
7527,R_2fQoqPD5ygeWViN,SPOON,2019-07-27,1564239600
7528,R_2fQoqPD5ygeWViN,KITCHEN_KNIFE,2019-07-27,1564239600
7529,R_2fQoqPD5ygeWViN,SCREEN_PROTECTOR,2019-07-27,1564239600
7530,R_2fQoqPD5ygeWViN,ELECTRONIC_CABLE,2019-07-27,1564239600
7531,R_2fQoqPD5ygeWViN,HEALTH_PERSONAL_CARE,2019-07-27,1564239600
7532,R_2fQoqPD5ygeWViN,BOARD_GAME,2019-07-27,1564239600
7533,R_2rVp4uDv9fYIfdd,SHIRT,2019-07-27,1564239600
7534,R_2sYn1oXcE5aaeU5,SHOES,2019-07-27,1564239600
7535,R_2t3ifk3xBqzIWG9,ABIS_BOOK,2019-07-27,1564239600
7536,R_2tfh4rvpUWWJndF,PHOTOGRAPHIC_FILM,2019-07-27,1564239600
7537,R_2tfh4rvpUWWJndF,SHOES,2019-07-27,1564239600
7538,R_2tfh4rvpUWWJndF,HEADPHONES,2019-07-27,1564239600
7539,R_2uIMLcJgQmb0v3G,PACKAGED_SOUP_AND_STEW,2019-07-27,1564239600
7540,R_2uIMLcJgQmb0v3G,VITAMIN,2019-07-27,1564239600
7541,R_2vkMWH10xWp7o9s,PHOTOGRAPHIC_FILM,2019-07-27,1564239600
7542,R_2wHwNZWEecJflLc,HEADPHONES,2019-07-27,1564239600
7543,R_2wHwNZWEecJflLc,SCREEN_PROTECTOR,2019-07-27,1564239600
7544,R_2wmLE1q4FIpfioi,HEALTH_PERSONAL_CARE,2019-07-27,1564239600
7545,R_2zGy2Qj3ENruAYs,HEARING_AMPLIFIER,2019-07-27,1564239600
7546,R_2zGy2Qj3ENruAYs,SCREEN_PROTECTOR,2019-07-27,1564239600
7547,R_2zGy2Qj3ENruAYs,MEDICATION,2019-07-27,1564239600
7548,R_31SNC0DcyjBDcq3,NETTING_COVER,2019-07-27,1564239600
7549,R_31SNC0DcyjBDcq3,PANTS,2019-07-27,1564239600
7550,R_325B8uB2XOflUvO,RICE_COOKERS,2019-07-27,1564239600
7551,R_32Mm71oAJq2K9XK,BINOCULAR,2019-07-27,1564239600
7552,R_32Mm71oAJq2K9XK,PET_FOOD,2019-07-27,1564239600
7553,R_32Mm71oAJq2K9XK,HOME,2019-07-27,1564239600
7554,R_32Mm71oAJq2K9XK,SHIRT,2019-07-27,1564239600
7555,R_32Mm71oAJq2K9XK,SUNSCREEN,2019-07-27,1564239600
7556,R_32UZncFA03IrQwQ,HARDWARE_CLAMP_VISE,2019-07-27,1564239600
7557,R_3GBSX5xvcH0uSyx,PET_FOOD,2019-07-27,1564239600
7558,R_3GBSX5xvcH0uSyx,CLOTH_NAPKIN,2019-07-27,1564239600
7559,R_3GBSX5xvcH0uSyx,PHYSICAL_MOVIE,2019-07-27,1564239600
7560,R_3GBSX5xvcH0uSyx,ANCHOR_STAKE,2019-07-27,1564239600
7561,R_3GBSX5xvcH0uSyx,BONDING_ADHESIVES,2019-07-27,1564239600
7562,R_3GBSX5xvcH0uSyx,CELLULAR_PHONE_CASE,2019-07-27,1564239600
7563,R_3GBSX5xvcH0uSyx,DOOR,2019-07-27,1564239600
7564,R_3HzRfw5sNEvrFRf,ELECTRONIC_CABLE,2019-07-27,1564239600
7565,R_3HzRfw5sNEvrFRf,SCREEN_PROTECTOR,2019-07-27,1564239600
7566,R_3Jxiicg67etW2yt,WEARABLE_WEIGHT,2019-07-27,1564239600
7567,R_3KxaCMXQTDz1Z7P,LEG_SLEEVE,2019-07-27,1564239600
7568,R_3KxaCMXQTDz1Z7P,MODEM,2019-07-27,1564239600
7569,R_3MMW2ivCFCtjHIe,MEDICATION,2019-07-27,1564239600
7570,R_3PUi8o2if0JqKfl,ELECTRONIC_CABLE,2019-07-27,1564239600
7571,R_3PUi8o2if0JqKfl,POWER_BANK,2019-07-27,1564239600
7572,R_3PUi8o2if0JqKfl,ABIS_BOOK,2019-07-27,1564239600
7573,R_3PUi8o2if0JqKfl,PHYSICAL_MOVIE,2019-07-27,1564239600
7574,R_3PUi8o2if0JqKfl,HOME_LIGHTING_ACCESSORY,2019-07-27,1564239600
7575,R_3PaGuwKhYPfHa15,SHEET_PAN,2019-07-27,1564239600
7576,R_3QE72T2NXn4ninT,PROTECTIVE_GLOVE,2019-07-27,1564239600
7577,R_3QE72T2NXn4ninT,ROBE,2019-07-27,1564239600
7578,R_3R3FfvTaRKxigNl,BATTERY,2019-07-27,1564239600
7579,R_3R3FfvTaRKxigNl,ABIS_BOOK,2019-07-27,1564239600
7580,R_3R3FfvTaRKxigNl,POTABLE_WATER_FILTER,2019-07-27,1564239600
7581,R_3R3FfvTaRKxigNl,MEDICATION,2019-07-27,1564239600
7582,R_3R3FfvTaRKxigNl,VEHICLE_BRAKE_PAD,2019-07-27,1564239600
7583,R_3R3FfvTaRKxigNl,CELL_PHONE_HOLSTER,2019-07-27,1564239600
7584,R_3R3FfvTaRKxigNl,NUTRITIONAL_SUPPLEMENT,2019-07-27,1564239600
7585,R_3R3FfvTaRKxigNl,FOOD_OR_BEVERAGE_WARMER,2019-07-27,1564239600
7586,R_3RpTNwsri1SSxeL,VITAMIN,2019-07-27,1564239600
7587,R_3RpTNwsri1SSxeL,BEAUTY,2019-07-27,1564239600
7588,R_3ek9YZGdsDHjUZf,HEALTH_PERSONAL_CARE,2019-07-27,1564239600
7589,R_3enuyEOsaEVxTNX,SHIRT,2019-07-27,1564239600
7590,R_3enuyEOsaEVxTNX,HEADPHONES,2019-07-27,1564239600
7591,R_3fBmKcLTAgFITMo,WASHERS,2019-07-27,1564239600
7592,R_3fJXgeZMDEMzirc,SKIN_CLEANING_AGENT,2019-07-27,1564239600
7593,R_3ixUxNOUiEYD7KJ,YARN,2019-07-27,1564239600
7594,R_3ixUxNOUiEYD7KJ,HEADPHONES,2019-07-27,1564239600
7595,R_3lXswIAy7Qq6UEZ,SEWING_MACHINE,2019-07-27,1564239600
7596,R_3nH1Odp9Yjm86gN,HEADPHONES,2019-07-27,1564239600
7597,R_3qWnPpXqudB3ETJ,TIGHTS,2019-07-27,1564239600
7598,R_3rV7kPHe9hVsMee,HEALTH_PERSONAL_CARE,2019-07-27,1564239600
7599,R_7ZH1uBNuL9RQ2K5,HEALTH_PERSONAL_CARE,2019-07-27,1564239600
7600,R_7ZH1uBNuL9RQ2K5,HEALTH_PERSONAL_CARE,2019-07-27,1564239600
7601,R_7ZH1uBNuL9RQ2K5,VITAMIN,2019-07-27,1564239600
7602,R_7ZH1uBNuL9RQ2K5,PHYSICAL_MOVIE,2019-07-27,1564239600
7603,R_85OdkeCoFP5daLL,SHOES,2019-07-27,1564239600
7604,R_85OdkeCoFP5daLL,SHIRT,2019-07-27,1564239600
7605,R_85OdkeCoFP5daLL,TOYS_AND_GAMES,2019-07-27,1564239600
7606,R_ApVmIUhdKhewFtn,SKIN_CLEANING_AGENT,2019-07-27,1564239600
7607,R_BWhnv4EdbhSS6rf,WASTE_BAG,2019-07-27,1564239600
7608,R_OkSi9IxX5ddzzl7,ABIS_BOOK,2019-07-27,1564239600
7609,R_OkSi9IxX5ddzzl7,SKIN_MOISTURIZER,2019-07-27,1564239600
7610,R_OkSi9IxX5ddzzl7,SCREEN_PROTECTOR,2019-07-27,1564239600
7611,R_PwlnzzccUMXV0n7,SHIRT,2019-07-27,1564239600
7612,R_PwlnzzccUMXV0n7,ABIS_BOOK,2019-07-27,1564239600
7613,R_Q6WPHvxgbOBjvZ7,PHYSICAL_MOVIE,2019-07-27,1564239600
7614,R_Q6WPHvxgbOBjvZ7,LAUNDRY_DETERGENT,2019-07-27,1564239600
7615,R_RfThNEyjDIX9xwl,HOME,2019-07-27,1564239600
7616,R_RfThNEyjDIX9xwl,SCULPTING_MATERIAL,2019-07-27,1564239600
7617,R_Rw7CA3irllJSRH3,SKIN_MOISTURIZER,2019-07-27,1564239600
7618,R_Rw7CA3irllJSRH3,FURNITURE_LINER,2019-07-27,1564239600
7619,R_SBiEJOUFyfjK5eF,SKIN_CLEANING_AGENT,2019-07-27,1564239600
7620,R_SBiEJOUFyfjK5eF,PANTS,2019-07-27,1564239600
7621,R_SBiEJOUFyfjK5eF,ABIS_BOOK,2019-07-27,1564239600
7622,R_SBiEJOUFyfjK5eF,BARBELL,2019-07-27,1564239600
7623,R_SBiEJOUFyfjK5eF,SUSPENSION_LIFT_SUPPORT,2019-07-27,1564239600
7624,R_SVHcBOlErkMEJjP,POTABLE_WATER_FILTER,2019-07-27,1564239600
7625,R_UVM6YBvaArzpRjb,SHOES,2019-07-27,1564239600
7626,R_UVM6YBvaArzpRjb,ELECTRONIC_CABLE,2019-07-27,1564239600
7627,R_UlOQHrMf1EiWKQx,ELASTIC_BAND,2019-07-27,1564239600
7628,R_XAphEY817eORyx3,BATTERY,2019-07-27,1564239600
7629,R_XAphEY817eORyx3,GROCERY,2019-07-27,1564239600
7630,R_ZkokwdIEZybYo9z,PHYSICAL_MOVIE,2019-07-27,1564239600
7631,R_ZkokwdIEZybYo9z,SHOES,2019-07-27,1564239600
7632,R_ZkokwdIEZybYo9z,PHYSICAL_MOVIE,2019-07-27,1564239600
7633,R_ZkokwdIEZybYo9z,WALLET,2019-07-27,1564239600
7634,R_ZkokwdIEZybYo9z,PERSONAL_FRAGRANCE,2019-07-27,1564239600
7635,R_ZkokwdIEZybYo9z,GAMING_EQUIPMENT_ENCLOSURE,2019-07-27,1564239600
7636,R_ZkokwdIEZybYo9z,BATTERY,2019-07-27,1564239600
7637,R_ZkokwdIEZybYo9z,PHYSICAL_VIDEO_GAME_SOFTWARE,2019-07-27,1564239600
7638,R_ZkokwdIEZybYo9z,JERKY,2019-07-27,1564239600
7639,R_ZkokwdIEZybYo9z,GROCERY,2019-07-27,1564239600
7640,R_b94CAnrDM9JIx4R,SNACK_FOOD_BAR,2019-07-27,1564239600
7641,R_br5a8OxAqrKRxQd,NUTRITIONAL_SUPPLEMENT,2019-07-27,1564239600
7642,R_bw2nQ0iRh2wCa8p,MISC_OTHER,2019-07-27,1564239600
7643,R_bw2nQ0iRh2wCa8p,VEHICLE_SCAN_TOOL,2019-07-27,1564239600
7644,R_bw2nQ0iRh2wCa8p,PROTEIN_SUPPLEMENT_POWDER,2019-07-27,1564239600
7645,R_bw2nQ0iRh2wCa8p,PHYSICAL_TV_SERIES,2019-07-27,1564239600
7646,R_bw2nQ0iRh2wCa8p,MOUNT_BRACKET,2019-07-27,1564239600
7647,R_pMnqpu31myYoxy1,GUN_CLEANING_KIT,2019-07-27,1564239600
7648,R_qxTrp3qz2YCQAnv,ROLLER_CHAIN,2019-07-27,1564239600
7649,R_r1qqClBL89aFjXP,HEADPHONES,2019-07-27,1564239600
7650,R_sRSLCxzK04aJvhL,SKIN_CLEANING_AGENT,2019-07-27,1564239600
7651,R_sRSLCxzK04aJvhL,SNACK_FOOD_BAR,2019-07-27,1564239600
7652,R_swfIN0JgX72IbMl,BAKING_CHOCOLATE,2019-07-27,1564239600
7653,R_swfIN0JgX72IbMl,BATTERY,2019-07-27,1564239600
7654,R_w5Z8BUS7nlDmvM5,CELLULAR_PHONE_CASE,2019-07-27,1564239600
7655,R_w5Z8BUS7nlDmvM5,POULTRY,2019-07-27,1564239600
7656,R_w5bE96azoKnM6Ih,SHOES,2019-07-27,1564239600
7657,R_w5bE96azoKnM6Ih,NUTRITIONAL_SUPPLEMENT,2019-07-27,1564239600
7658,R_w5bE96azoKnM6Ih,SWIMWEAR,2019-07-27,1564239600
7659,R_10CAlrx7dbJty9R,CARGO_NET,2019-07-28,1564326000
7660,R_10CAlrx7dbJty9R,MEDICATION,2019-07-28,1564326000
7661,R_10YnFpDzlwQlmrX,COSMETIC_POWDER,2019-07-28,1564326000
7662,R_1BNwZP0DdTOa4rT,CELLULAR_PHONE_CASE,2019-07-28,1564326000
7663,R_1BNwZP0DdTOa4rT,MEDICATION,2019-07-28,1564326000
7664,R_1C4nKyrv0w2thJn,GROCERY,2019-07-28,1564326000
7665,R_1C4tcyEfmcsKI9X,ABIS_BOOK,2019-07-28,1564326000
7666,R_1C4tcyEfmcsKI9X,ELECTRONIC_ADAPTER,2019-07-28,1564326000
7667,R_1C75XRebT1eliL0,SHIRT,2019-07-28,1564326000
7668,R_1ClqO4ZMDuwGjfl,SHIRT,2019-07-28,1564326000
7669,R_1ClqO4ZMDuwGjfl,SHOES,2019-07-28,1564326000
7670,R_1ClqO4ZMDuwGjfl,UNDERPANTS,2019-07-28,1564326000
7671,R_1F35QiIK5csZBEC,MEDICATION,2019-07-28,1564326000
7672,R_1HcpQT6Ffivx73P,MOUTH_GUARD,2019-07-28,1564326000
7673,R_1HcpQT6Ffivx73P,SPORT_TABLE_GAME,2019-07-28,1564326000
7674,R_1HcpQT6Ffivx73P,BATTERY,2019-07-28,1564326000
7675,R_1I6meOeB0piHEX8,JEWELRY_SET,2019-07-28,1564326000
7676,R_1I6meOeB0piHEX8,SWEATBAND,2019-07-28,1564326000
7677,R_1JLBP1fFf3p8tpy,VEHICLE_CARGO_CARRIER,2019-07-28,1564326000
7678,R_1KkFs7rgWXlWf58,SHOES,2019-07-28,1564326000
7679,R_1MY7yxvExjQWTkv,IRON_ON_TRANSFER_DESIGN,2019-07-28,1564326000
7680,R_1NDq0rxoUSu6oyz,BATTERY,2019-07-28,1564326000
7681,R_1NDq0rxoUSu6oyz,FURNITURE_EDGE_BUMPER,2019-07-28,1564326000
7682,R_1QoPHtffEy2UzWJ,SUGAR,2019-07-28,1564326000
7683,R_1dKBjc0UTA0ZiYb,VITAMIN,2019-07-28,1564326000
7684,R_1dKBjc0UTA0ZiYb,VITAMIN,2019-07-28,1564326000
7685,R_1goV1AJmLMRsVRE,SHOES,2019-07-28,1564326000
7686,R_1goV1AJmLMRsVRE,PANTS,2019-07-28,1564326000
7687,R_1goV1AJmLMRsVRE,SCREEN_PROTECTOR,2019-07-28,1564326000
7688,R_1hMV4AHCk04WO5V,SKIN_MOISTURIZER,2019-07-28,1564326000
7689,R_1jARg5bGH5uqAKW,PHYSICAL_MOVIE,2019-07-28,1564326000
7690,R_1lxYa2W6GgcAQ19,NUTRITIONAL_SUPPLEMENT,2019-07-28,1564326000
7691,R_1mEmb9jWLRYCU4e,HEALTH_PERSONAL_CARE,2019-07-28,1564326000
7692,R_1oFSDeGAQcUN2v8,SHOES,2019-07-28,1564326000
7693,R_1pm2Wo5wrQSY0Gm,SCREEN_PROTECTOR,2019-07-28,1564326000
7694,R_1pm2Wo5wrQSY0Gm,SHOES,2019-07-28,1564326000
7695,R_1zVJnDAfoFLamOd,MEDICATION,2019-07-28,1564326000
7696,R_20O6baqxT4T2CbA,SHOES,2019-07-28,1564326000
7697,R_20S7crqtX9XLeBx,UTILITY_SPONGE,2019-07-28,1564326000
7698,R_21ttkGbeIL6HdlR,HEALTH_PERSONAL_CARE,2019-07-28,1564326000
7699,R_23enipHqTsjcQfN,SKIN_MOISTURIZER,2019-07-28,1564326000
7700,R_23enipHqTsjcQfN,SKIN_CLEANING_AGENT,2019-07-28,1564326000
7701,R_24HjnyxNZEm32Xb,NUTRITIONAL_SUPPLEMENT,2019-07-28,1564326000
7702,R_24HjnyxNZEm32Xb,WINDOW_FILM,2019-07-28,1564326000
7703,R_24HjnyxNZEm32Xb,ELECTRONIC_CABLE,2019-07-28,1564326000
7704,R_24HjnyxNZEm32Xb,PANTS,2019-07-28,1564326000
7705,R_277i50HinKYVoY9,HEALTH_PERSONAL_CARE,2019-07-28,1564326000
7706,R_279iRKETPanvFBW,SHOES,2019-07-28,1564326000
7707,R_27PZcbYfPDhwHcL,BREAST_PUMP,2019-07-28,1564326000
7708,R_28IDNbS8mqpfyKD,PILLOWCASE,2019-07-28,1564326000
7709,R_2QM76i5yRebcpiD,HEALTH_PERSONAL_CARE,2019-07-28,1564326000
7710,R_2RVXjEovu4Y1yen,HEALTH_PERSONAL_CARE,2019-07-28,1564326000
7711,R_2UVhfjk1qQb6KI5,TOYS_AND_GAMES,2019-07-28,1564326000
7712,R_2UVhfjk1qQb6KI5,UTILITY_HOLSTER_POUCH,2019-07-28,1564326000
7713,R_2UVhfjk1qQb6KI5,SKIN_CLEANING_AGENT,2019-07-28,1564326000
7714,R_2UVhfjk1qQb6KI5,MEDICATION,2019-07-28,1564326000
7715,R_2UVhfjk1qQb6KI5,HEADPHONES,2019-07-28,1564326000
7716,R_2UfTIFhpicfXgPX,PROTEIN_SUPPLEMENT_POWDER,2019-07-28,1564326000
7717,R_2UfTIFhpicfXgPX,UMBRELLA,2019-07-28,1564326000
7718,R_2UfTIFhpicfXgPX,ELECTRONIC_CABLE,2019-07-28,1564326000
7719,R_2VaWg2jhtCG6zmh,CABLE_TIE,2019-07-28,1564326000
7720,R_2VaWg2jhtCG6zmh,NUTRITIONAL_SUPPLEMENT,2019-07-28,1564326000
7721,R_2VwjXhJ5OznStEi,PET_FOOD,2019-07-28,1564326000
7722,R_2XoI6KbLJRGFz5X,RUG,2019-07-28,1564326000
7723,R_2XoI6KbLJRGFz5X,BATTERY,2019-07-28,1564326000
7724,R_2XoI6KbLJRGFz5X,VITAMIN,2019-07-28,1564326000
7725,R_2XoI6KbLJRGFz5X,SCREEN_PROTECTOR,2019-07-28,1564326000
7726,R_2XoI6KbLJRGFz5X,SHIRT,2019-07-28,1564326000
7727,R_2XoI6KbLJRGFz5X,PANTS,2019-07-28,1564326000
7728,R_2XoI6KbLJRGFz5X,TEMPORARY_HANGER_HOOK,2019-07-28,1564326000
7729,R_2ZTFfLAcuwm22Yh,SNACK_FOOD_BAR,2019-07-28,1564326000
7730,R_2ZTFfLAcuwm22Yh,SKIN_CLEANING_AGENT,2019-07-28,1564326000
7731,R_2ZTFfLAcuwm22Yh,ADHESIVE_TAPES,2019-07-28,1564326000
7732,R_2ZTFfLAcuwm22Yh,PHYSICAL_MOVIE,2019-07-28,1564326000
7733,R_2bTLZFP7p4CPlTT,VIDEO_DVD,2019-07-28,1564326000
7734,R_2cd9jCAamQMAsxe,BATTERY,2019-07-28,1564326000
7735,R_2cnNyjA4yHdU4ij,INCONTINENCE_PROTECTOR,2019-07-28,1564326000
7736,R_2cnNyjA4yHdU4ij,BICYCLE_BASKET,2019-07-28,1564326000
7737,R_2dRR9SjNrn4s7xU,POTABLE_WATER_FILTER,2019-07-28,1564326000
7738,R_2dRR9SjNrn4s7xU,SHOES,2019-07-28,1564326000
7739,R_2dRR9SjNrn4s7xU,COCKTAIL_SHAKER,2019-07-28,1564326000
7740,R_2dRR9SjNrn4s7xU,RICE_MIX,2019-07-28,1564326000
7741,R_2dRR9SjNrn4s7xU,MEDICATION,2019-07-28,1564326000
7742,R_2dRR9SjNrn4s7xU,SPOON,2019-07-28,1564326000
7743,R_2fQoqPD5ygeWViN,GROCERY,2019-07-28,1564326000
7744,R_2fQoqPD5ygeWViN,BATTERY,2019-07-28,1564326000
7745,R_2fQoqPD5ygeWViN,TEA,2019-07-28,1564326000
7746,R_2fQoqPD5ygeWViN,BOARD_GAME,2019-07-28,1564326000
7747,R_2qD8ep8d313iLj4,UNMANNED_AERIAL_VEHICLE,2019-07-28,1564326000
7748,R_2qD8ep8d313iLj4,COFFEE,2019-07-28,1564326000
7749,R_2s5YO3cdqKDFyIM,SLEEPING_MAT,2019-07-28,1564326000
7750,R_2sYHDhT6DJy2U6q,CULINARY_SALT,2019-07-28,1564326000
7751,R_2sYHDhT6DJy2U6q,GASKETS,2019-07-28,1564326000
7752,R_2tEuzX0j3530EZC,SNACK_FOOD_BAR,2019-07-28,1564326000
7753,R_2taM3mpNPF0o1yf,SUNSCREEN,2019-07-28,1564326000
7754,R_2tfHzrdo6EEaiWi,PANTS,2019-07-28,1564326000
7755,R_2tfHzrdo6EEaiWi,COUNTERTOP_GRIDDLE_APPLIANCE,2019-07-28,1564326000
7756,R_2tfHzrdo6EEaiWi,BATTERY,2019-07-28,1564326000
7757,R_2uTysluImvxkQBY,MEDICATION,2019-07-28,1564326000
7758,R_2ugDyrE1yi1FjvH,ELECTRONIC_CABLE,2019-07-28,1564326000
7759,R_2vkMWH10xWp7o9s,PANTS,2019-07-28,1564326000
7760,R_2wagDt0ZaSu1p8q,VITAMIN,2019-07-28,1564326000
7761,R_2wmLE1q4FIpfioi,SKIN_MOISTURIZER,2019-07-28,1564326000
7762,R_2xzc7JBNEgYNAqY,FLAVORED_DRINK_CONCENTRATE,2019-07-28,1564326000
7763,R_31n2MLk9w05iLzN,GROCERY,2019-07-28,1564326000
7764,R_31n2MLk9w05iLzN,STATIONARY_BICYCLE,2019-07-28,1564326000
7765,R_33dxSOlpYwYOjFE,SKIN_MOISTURIZER,2019-07-28,1564326000
7766,R_33dxSOlpYwYOjFE,PLANTER,2019-07-28,1564326000
7767,R_33dxSOlpYwYOjFE,ELECTRONIC_CABLE,2019-07-28,1564326000
7768,R_3CKmnc9zwNPauw5,STORAGE_BINDER,2019-07-28,1564326000
7769,R_3D7xJuXSy25PXbg,HEALTH_PERSONAL_CARE,2019-07-28,1564326000
7770,R_3FRSHAzxtL6ifms,VITAMIN,2019-07-28,1564326000
7771,R_3Ge2RzIsoM2g5lL,SKIN_MOISTURIZER,2019-07-28,1564326000
7772,R_3Ge2RzIsoM2g5lL,BLANK_BOOK,2019-07-28,1564326000
7773,R_3GiSNq0yPsXSvhf,BATTERY,2019-07-28,1564326000
7774,R_3HigTq4itishziE,VITAMIN,2019-07-28,1564326000
7775,R_3HigTq4itishziE,SCREEN_PROTECTOR,2019-07-28,1564326000
7776,R_3HigTq4itishziE,HEADPHONES,2019-07-28,1564326000
7777,R_3HigTq4itishziE,PANTS,2019-07-28,1564326000
7778,R_3IQQB0Dtvv9riqZ,ELECTRONIC_CABLE,2019-07-28,1564326000
7779,R_3IQQB0Dtvv9riqZ,HEALTH_PERSONAL_CARE,2019-07-28,1564326000
7780,R_3JK3aP5uRxffXiy,SHOE_ACCESSORY,2019-07-28,1564326000
7781,R_3M3RSZ7wNRSaxNx,ELECTRONIC_CABLE,2019-07-28,1564326000
7782,R_3MlHi1BP6irqitk,TRACK_SUIT,2019-07-28,1564326000
7783,R_3MsY6hQO6rNgjhW,PET_FOOD,2019-07-28,1564326000
7784,R_3NwUrzA3eAsS3xO,LIQUID_INK,2019-07-28,1564326000
7785,R_3NwUrzA3eAsS3xO,SAUCE,2019-07-28,1564326000
7786,R_3eehQVQNcKmEJtd,BATTERY,2019-07-28,1564326000
7787,R_3eehQVQNcKmEJtd,ABIS_BOOK,2019-07-28,1564326000
7788,R_3eehQVQNcKmEJtd,FLASK,2019-07-28,1564326000
7789,R_3eehQVQNcKmEJtd,SCREEN_PROTECTOR,2019-07-28,1564326000
7790,R_3eehQVQNcKmEJtd,VEHICLE_SPOILER,2019-07-28,1564326000
7791,R_3eehQVQNcKmEJtd,GROCERY,2019-07-28,1564326000
7792,R_3eehQVQNcKmEJtd,WIND_CHIME,2019-07-28,1564326000
7793,R_3eehQVQNcKmEJtd,SCREEN_PROTECTOR,2019-07-28,1564326000
7794,R_3eehQVQNcKmEJtd,VITAMIN,2019-07-28,1564326000
7795,R_3eehQVQNcKmEJtd,WRITING_INSTRUMENT,2019-07-28,1564326000
7796,R_3eehQVQNcKmEJtd,SKIN_MOISTURIZER,2019-07-28,1564326000
7797,R_3eehQVQNcKmEJtd,SKIN_MOISTURIZER,2019-07-28,1564326000
7798,R_3eehQVQNcKmEJtd,COMPUTER_INPUT_DEVICE_ACCESSORY,2019-07-28,1564326000
7799,R_3eehQVQNcKmEJtd,BATTERY,2019-07-28,1564326000
7800,R_3eehQVQNcKmEJtd,SHAMPOO,2019-07-28,1564326000
7801,R_3eehQVQNcKmEJtd,ABIS_BOOK,2019-07-28,1564326000
7802,R_3eehQVQNcKmEJtd,VITAMIN,2019-07-28,1564326000
7803,R_3eehQVQNcKmEJtd,CONDITIONER,2019-07-28,1564326000
7804,R_3elUFVVZ7XBmRkE,VITAMIN,2019-07-28,1564326000
7805,R_3elUFVVZ7XBmRkE,SCREEN_PROTECTOR,2019-07-28,1564326000
7806,R_3emmbwwsXsxt4Oj,SAFETY_SUPPLY,2019-07-28,1564326000
7807,R_3enuyEOsaEVxTNX,TOYS_AND_GAMES,2019-07-28,1564326000
7808,R_3enuyEOsaEVxTNX,PICTURE_FRAME,2019-07-28,1564326000
7809,R_3enuyEOsaEVxTNX,BATTERY,2019-07-28,1564326000
7810,R_3flZSxKV8ViX1H4,SCREEN_PROTECTOR,2019-07-28,1564326000
7811,R_3hAWVPrKOvOzR1e,SHOES,2019-07-28,1564326000
7812,R_3hAWVPrKOvOzR1e,SNACK_FOOD_BAR,2019-07-28,1564326000
7813,R_3hAWVPrKOvOzR1e,SHIRT,2019-07-28,1564326000
7814,R_3hAWVPrKOvOzR1e,CARABINER,2019-07-28,1564326000
7815,R_3hAWVPrKOvOzR1e,GROCERY,2019-07-28,1564326000
7816,R_3hAWVPrKOvOzR1e,PHYSICAL_MOVIE,2019-07-28,1564326000
7817,R_3hAWVPrKOvOzR1e,DEHUMIDIFIER,2019-07-28,1564326000
7818,R_3hAWVPrKOvOzR1e,BICYCLE_BRAKE_PAD,2019-07-28,1564326000
7819,R_3hAWVPrKOvOzR1e,NUTRITIONAL_SUPPLEMENT,2019-07-28,1564326000
7820,R_3ixUxNOUiEYD7KJ,SAFETY_SUPPLY,2019-07-28,1564326000
7821,R_3jSAmu0UzDwnhQD,WINDOW_FILM,2019-07-28,1564326000
7822,R_3jYUg0c9puk2lgW,BATTERY,2019-07-28,1564326000
7823,R_3jYUg0c9puk2lgW,SKIN_MOISTURIZER,2019-07-28,1564326000
7824,R_3lXswIAy7Qq6UEZ,SKIN_MOISTURIZER,2019-07-28,1564326000
7825,R_3nAdXXqYg1JqHOf,ELECTRONIC_CABLE,2019-07-28,1564326000
7826,R_3pm4Od2kUSXlZgY,WRITING_INSTRUMENT,2019-07-28,1564326000
7827,R_3pm4Od2kUSXlZgY,ELECTRONIC_CABLE,2019-07-28,1564326000
7828,R_3pm4Od2kUSXlZgY,ABIS_DVD,2019-07-28,1564326000
7829,R_3pm4Od2kUSXlZgY,SHOES,2019-07-28,1564326000
7830,R_3pm4Od2kUSXlZgY,NOODLE,2019-07-28,1564326000
7831,R_3qTFp0FJqUeMhVZ,HEADPHONES,2019-07-28,1564326000
7832,R_3qqdzQnCaBYHx9o,ANIMAL_COLLAR,2019-07-28,1564326000
7833,R_3qqdzQnCaBYHx9o,RUG,2019-07-28,1564326000
7834,R_3sbM1ke1qD79iaT,ABIS_BOOK,2019-07-28,1564326000
7835,R_3sbM1ke1qD79iaT,DAIRY_BASED_CREAM,2019-07-28,1564326000
7836,R_3sbM1ke1qD79iaT,SHIRT,2019-07-28,1564326000
7837,R_3sbM1ke1qD79iaT,GROCERY,2019-07-28,1564326000
7838,R_3sbM1ke1qD79iaT,SNACK_FOOD_BAR,2019-07-28,1564326000
7839,R_3sp0qsXaE11taC1,ELECTRONIC_CABLE,2019-07-28,1564326000
7840,R_4ONrU60VenuwARr,OFFICE_PRODUCTS,2019-07-28,1564326000
7841,R_4ONrU60VenuwARr,BATTERY,2019-07-28,1564326000
7842,R_4PhRzF4UI9ooLh7,PROTEIN_DRINK,2019-07-28,1564326000
7843,R_4PhRzF4UI9ooLh7,VEHICLE_BRAKE_PAD,2019-07-28,1564326000
7844,R_4PhRzF4UI9ooLh7,SOCKS,2019-07-28,1564326000
7845,R_4PhRzF4UI9ooLh7,MAJOR_HOME_APPLIANCES,2019-07-28,1564326000
7846,R_4PhRzF4UI9ooLh7,CELLULAR_PHONE_CASE,2019-07-28,1564326000
7847,R_4PhRzF4UI9ooLh7,SINGLE_BOARD_COMPUTER,2019-07-28,1564326000
7848,R_6yXSEznYlOrZwSB,COLLECTIBLE_COINS,2019-07-28,1564326000
7849,R_8pMsG4P0RqzoSlz,GARBAGE_DISPOSAL_UNIT,2019-07-28,1564326000
7850,R_AM0OvM0F9kBvqal,SHOES,2019-07-28,1564326000
7851,R_AM0OvM0F9kBvqal,PET_FOOD,2019-07-28,1564326000
7852,R_AM0OvM0F9kBvqal,HEALTH_PERSONAL_CARE,2019-07-28,1564326000
7853,R_AM0OvM0F9kBvqal,VEHICLE_BAG,2019-07-28,1564326000
7854,R_AM0OvM0F9kBvqal,SNACK_FOOD_BAR,2019-07-28,1564326000
7855,R_AM0OvM0F9kBvqal,NUTRITIONAL_SUPPLEMENT,2019-07-28,1564326000
7856,R_AM0OvM0F9kBvqal,SKIN_MOISTURIZER,2019-07-28,1564326000
7857,R_AM0OvM0F9kBvqal,VITAMIN,2019-07-28,1564326000
7858,R_AM0OvM0F9kBvqal,ESSENTIAL_OIL,2019-07-28,1564326000
7859,R_AM0OvM0F9kBvqal,ANIMAL_RECOVERY_COLLAR_CONE,2019-07-28,1564326000
7860,R_AM0OvM0F9kBvqal,SHOES,2019-07-28,1564326000
7861,R_AM0OvM0F9kBvqal,ABIS_BOOK,2019-07-28,1564326000
7862,R_AM0OvM0F9kBvqal,SKIN_CLEANING_AGENT,2019-07-28,1564326000
7863,R_AM0OvM0F9kBvqal,SNACK_FOOD_BAR,2019-07-28,1564326000
7864,R_ApVmIUhdKhewFtn,LIGHT_BULB,2019-07-28,1564326000
7865,R_BWhnv4EdbhSS6rf,SKIN_MOISTURIZER,2019-07-28,1564326000
7866,R_BWhnv4EdbhSS6rf,PHYSICAL_MOVIE,2019-07-28,1564326000
7867,R_BWhnv4EdbhSS6rf,MEDICATION,2019-07-28,1564326000
7868,R_BWhnv4EdbhSS6rf,SKIN_CLEANING_AGENT,2019-07-28,1564326000
7869,R_BWhnv4EdbhSS6rf,HEADPHONES,2019-07-28,1564326000
7870,R_OdTirYYBS6ms6nn,SKIN_CLEANING_AGENT,2019-07-28,1564326000
7871,R_PwlnzzccUMXV0n7,SKIN_MOISTURIZER,2019-07-28,1564326000
7872,R_PwlnzzccUMXV0n7,PET_FOOD,2019-07-28,1564326000
7873,R_PwlnzzccUMXV0n7,NUTRITIONAL_SUPPLEMENT,2019-07-28,1564326000
7874,R_Rw7CA3irllJSRH3,SPOON_REST,2019-07-28,1564326000
7875,R_Rw7CA3irllJSRH3,PANTS,2019-07-28,1564326000
7876,R_Rw7CA3irllJSRH3,BATHWATER_ADDITIVE,2019-07-28,1564326000
7877,R_UVM6YBvaArzpRjb,ABIS_BOOK,2019-07-28,1564326000
7878,R_UVM6YBvaArzpRjb,ELECTRONIC_CABLE,2019-07-28,1564326000
7879,R_UVM6YBvaArzpRjb,MOUTHWASH,2019-07-28,1564326000
7880,R_UVM6YBvaArzpRjb,WATER_PUMP,2019-07-28,1564326000
7881,R_UVM6YBvaArzpRjb,MEDICATION,2019-07-28,1564326000
7882,R_UVM6YBvaArzpRjb,SKIN_CLEANING_AGENT,2019-07-28,1564326000
7883,R_UVM6YBvaArzpRjb,SNACK_FOOD_BAR,2019-07-28,1564326000
7884,R_VKZzr77ll29A1iN,GROCERY,2019-07-28,1564326000
7885,R_W80kzJbCa8CD9UB,SKIN_MOISTURIZER,2019-07-28,1564326000
7886,R_YS4MPsfM1Neg0RH,FLAT_SHEET,2019-07-28,1564326000
7887,R_YS4MPsfM1Neg0RH,CHARGING_ADAPTER,2019-07-28,1564326000
7888,R_YS4MPsfM1Neg0RH,FOOD_SPATULA,2019-07-28,1564326000
7889,R_YS4MPsfM1Neg0RH,FOOD_SPATULA,2019-07-28,1564326000
7890,R_cCucjmijTJETC6d,PANTS,2019-07-28,1564326000
7891,R_d5O7dqvA1EWCrPb,SCREEN_PROTECTOR,2019-07-28,1564326000
7892,R_d5O7dqvA1EWCrPb,ABIS_BOOK,2019-07-28,1564326000
7893,R_e8KTElZZLWryLWp,PHYSICAL_MOVIE,2019-07-28,1564326000
7894,R_etgq3mVPgoz8CyZ,TEMPORARY_TATTOO,2019-07-28,1564326000
7895,R_r3IM83Ecq7eY7QJ,TOYS_AND_GAMES,2019-07-28,1564326000
7896,R_r3IM83Ecq7eY7QJ,ELECTRONIC_CABLE,2019-07-28,1564326000
7897,R_r3IM83Ecq7eY7QJ,SNACK_FOOD_BAR,2019-07-28,1564326000
7898,R_r3IM83Ecq7eY7QJ,CHAINSAW_CHAIN,2019-07-28,1564326000
7899,R_r3IM83Ecq7eY7QJ,SOAP_DISH,2019-07-28,1564326000
7900,R_r3IM83Ecq7eY7QJ,OVERALLS,2019-07-28,1564326000
7901,R_r3IM83Ecq7eY7QJ,NUTRITIONAL_SUPPLEMENT,2019-07-28,1564326000
7902,R_r3IM83Ecq7eY7QJ,SKIN_CLEANING_WIPE,2019-07-28,1564326000
7903,R_r3IM83Ecq7eY7QJ,STOVETOP_KETTLE,2019-07-28,1564326000
7904,R_r3IM83Ecq7eY7QJ,SKIRT,2019-07-28,1564326000
7905,R_r3IM83Ecq7eY7QJ,MEDICATION,2019-07-28,1564326000
7906,R_r3IM83Ecq7eY7QJ,CANNED_AIR,2019-07-28,1564326000
7907,R_r3IM83Ecq7eY7QJ,HEADPHONES,2019-07-28,1564326000
7908,R_r3IM83Ecq7eY7QJ,HEADPHONES,2019-07-28,1564326000
7909,R_r3IM83Ecq7eY7QJ,DIGITAL_DEVICE_7,2019-07-28,1564326000
7910,R_r3IM83Ecq7eY7QJ,BATTERY,2019-07-28,1564326000
7911,R_r3IM83Ecq7eY7QJ,TOYS_AND_GAMES,2019-07-28,1564326000
7912,R_r3IM83Ecq7eY7QJ,TOYS_AND_GAMES,2019-07-28,1564326000
7913,R_r3IM83Ecq7eY7QJ,ABIS_BOOK,2019-07-28,1564326000
7914,R_r3IM83Ecq7eY7QJ,PHYSICAL_MOVIE,2019-07-28,1564326000
7915,R_r3IM83Ecq7eY7QJ,PHYSICAL_MOVIE,2019-07-28,1564326000
7916,R_r3IM83Ecq7eY7QJ,SHOES,2019-07-28,1564326000
7917,R_r3IM83Ecq7eY7QJ,SKIN_CLEANING_AGENT,2019-07-28,1564326000
7918,R_rqK6K6zDsynoZHP,PET_FOOD,2019-07-28,1564326000
7919,R_rqK6K6zDsynoZHP,HOME_LIGHTING_AND_LAMPS,2019-07-28,1564326000
7920,R_sRSLCxzK04aJvhL,DRESS,2019-07-28,1564326000
7921,R_sRSLCxzK04aJvhL,DIGITAL_DEVICE_12_ACCESSORY,2019-07-28,1564326000
7922,R_sRSLCxzK04aJvhL,TOY_VEHICLE_SET,2019-07-28,1564326000
7923,R_sRSLCxzK04aJvhL,VITAMIN,2019-07-28,1564326000
7924,R_swfIN0JgX72IbMl,HVAC_CONTROL_THERMOSTAT,2019-07-28,1564326000
7925,R_tJNLenUlMH5f4el,PET_FEEDER,2019-07-28,1564326000
7926,R_tJNLenUlMH5f4el,CELLULAR_PHONE_CASE,2019-07-28,1564326000
7927,R_u99XwBV1boyooXT,SKIN_MOISTURIZER,2019-07-28,1564326000
7928,R_voSNwyVcZWdCTJv,THERAPEUTIC_THERMAL_COMPRESS,2019-07-28,1564326000
7929,R_w7a7YDkfvtMXJ8l,MEDICATION,2019-07-28,1564326000
7930,R_xrrF4kkA2JEG6OZ,BATTERY,2019-07-28,1564326000
7931,R_xrrF4kkA2JEG6OZ,PANTS,2019-07-28,1564326000
7932,R_xrrF4kkA2JEG6OZ,VITAMIN,2019-07-28,1564326000
7933,R_xsyCKTazvY4vHbz,SKIN_MOISTURIZER,2019-07-28,1564326000
7934,R_xsyCKTazvY4vHbz,SCREEN_PROTECTOR,2019-07-28,1564326000
7935,R_xsyCKTazvY4vHbz,VITAMIN,2019-07-28,1564326000
7936,R_0wCTiXC54rMN0J3,SCULPTING_MATERIAL,2019-07-29,1564412400
7937,R_0wCTiXC54rMN0J3,SKIN_CLEANING_WIPE,2019-07-29,1564412400
7938,R_10uU7A3PqkL1i0o,SKIN_CLEANING_AGENT,2019-07-29,1564412400
7939,R_128UcvT7YzJpnZv,SNACK_FOOD_BAR,2019-07-29,1564412400
7940,R_128UcvT7YzJpnZv,COMPUTER_DRIVE_OR_STORAGE,2019-07-29,1564412400
7941,R_128UcvT7YzJpnZv,GROCERY,2019-07-29,1564412400
7942,R_128UcvT7YzJpnZv,BICYCLE_BRAKE_PAD,2019-07-29,1564412400
7943,R_128UcvT7YzJpnZv,PET_FOOD,2019-07-29,1564412400
7944,R_128UcvT7YzJpnZv,ELECTRONIC_CABLE,2019-07-29,1564412400
7945,R_128UcvT7YzJpnZv,CISTERN,2019-07-29,1564412400
7946,R_128UcvT7YzJpnZv,OUTDOOR_LIVING,2019-07-29,1564412400
7947,R_128UcvT7YzJpnZv,LIGHT_FIXTURE,2019-07-29,1564412400
7948,R_128UcvT7YzJpnZv,FLASH_MEMORY,2019-07-29,1564412400
7949,R_1C8t1JAe5Wo7sSl,SECURITY_ELECTRONICS,2019-07-29,1564412400
7950,R_1C8t1JAe5Wo7sSl,GROCERY,2019-07-29,1564412400
7951,R_1DYWdbAMt6LyCZH,SANDER,2019-07-29,1564412400
7952,R_1Egu0oETMcJuIOb,TOYS_AND_GAMES,2019-07-29,1564412400
7953,R_1Egu0oETMcJuIOb,HEADPHONES,2019-07-29,1564412400
7954,R_1Egu0oETMcJuIOb,VITAMIN,2019-07-29,1564412400
7955,R_1Fyt6rHyiQcVOT8,PET_FOOD,2019-07-29,1564412400
7956,R_1Fyt6rHyiQcVOT8,PANTS,2019-07-29,1564412400
7957,R_1GVsIStj8gTkbIE,MEDICATION,2019-07-29,1564412400
7958,R_1Hena1rUph3TnA3,SHOES,2019-07-29,1564412400
7959,R_1IZBlduDFUJEphM,SKIN_CLEANING_AGENT,2019-07-29,1564412400
7960,R_1IZBlduDFUJEphM,CARRIER_BAG_CASE,2019-07-29,1564412400
7961,R_1JDhRjAMiEkIuKT,GROCERY,2019-07-29,1564412400
7962,R_1KkFs7rgWXlWf58,CELLULAR_PHONE_CASE,2019-07-29,1564412400
7963,R_1KkFs7rgWXlWf58,ABIS_BOOK,2019-07-29,1564412400
7964,R_1LMa9REuvUok05j,SKIN_CLEANING_AGENT,2019-07-29,1564412400
7965,R_1LRR1P5IQqdSvIP,AUTO_ACCESSORY,2019-07-29,1564412400
7966,R_1LRR1P5IQqdSvIP,SNACK_FOOD_BAR,2019-07-29,1564412400
7967,R_1OJZKQM4ZrHncBJ,SKIN_CLEANING_WIPE,2019-07-29,1564412400
7968,R_1OJZKQM4ZrHncBJ,HEALTH_PERSONAL_CARE,2019-07-29,1564412400
7969,R_1PcttxbjmIpzZ9t,SODA_MAKER,2019-07-29,1564412400
7970,R_1QupmKjSh9fA4l4,HEALTH_PERSONAL_CARE,2019-07-29,1564412400
7971,R_1QupmKjSh9fA4l4,LABEL,2019-07-29,1564412400
7972,R_1QupmKjSh9fA4l4,GARDEN_EDGING,2019-07-29,1564412400
7973,R_1QupmKjSh9fA4l4,SHOE_ACCESSORY,2019-07-29,1564412400
7974,R_1QupmKjSh9fA4l4,SHIRT,2019-07-29,1564412400
7975,R_1QutEVkZz69QFR7,SKIN_MOISTURIZER,2019-07-29,1564412400
7976,R_1dlSByn2AyHWx7r,ELECTRONIC_CABLE,2019-07-29,1564412400
7977,R_1hFMTehZQIAcBvZ,SKIN_CLEANING_AGENT,2019-07-29,1564412400
7978,R_1hLPyY3aamfi3xT,SOCKS,2019-07-29,1564412400
7979,R_1hLPyY3aamfi3xT,SOCKS,2019-07-29,1564412400
7980,R_1hLPyY3aamfi3xT,SAUCE,2019-07-29,1564412400
7981,R_1jARg5bGH5uqAKW,SKIN_CLEANING_AGENT,2019-07-29,1564412400
7982,R_1pm2Wo5wrQSY0Gm,PESTICIDE,2019-07-29,1564412400
7983,R_1q4eVtHN10S5gPB,CABLE_TIE,2019-07-29,1564412400
7984,R_1q4eVtHN10S5gPB,PANTS,2019-07-29,1564412400
7985,R_20Yd9DvrGselmZY,PHYSICAL_MOVIE,2019-07-29,1564412400
7986,R_210tLKdUbUZuf7O,SCREEN_PROTECTOR,2019-07-29,1564412400
7987,R_210tLKdUbUZuf7O,ELECTRONIC_CABLE,2019-07-29,1564412400
7988,R_22SxELlmhBQCe1C,HARDWARE_CLAMP_VISE,2019-07-29,1564412400
7989,R_22SxELlmhBQCe1C,VITAMIN,2019-07-29,1564412400
7990,R_24HjnyxNZEm32Xb,MAJOR_HOME_APPLIANCES,2019-07-29,1564412400
7991,R_25SbPPTyE45YzXP,SKIN_MOISTURIZER,2019-07-29,1564412400
7992,R_28BST1zc80UaP2C,SKIN_CLEANING_AGENT,2019-07-29,1564412400
7993,R_29tYnNf049lSPEe,SPEAKERS,2019-07-29,1564412400
7994,R_29tYnNf049lSPEe,MEDICATION,2019-07-29,1564412400
7995,R_29tYnNf049lSPEe,ABIS_BOOK,2019-07-29,1564412400
7996,R_29tYnNf049lSPEe,PANTS,2019-07-29,1564412400
7997,R_2ASz0xBmcxqYzUJ,HEALTH_PERSONAL_CARE,2019-07-29,1564412400
7998,R_2ASz0xBmcxqYzUJ,TOYS_AND_GAMES,2019-07-29,1564412400
7999,R_2BstrkPd4gMc6Ih,SYRUP,2019-07-29,1564412400
8000,R_2CKdeuvfVrO8I49,DISPLAY_ENCLOSURE,2019-07-29,1564412400
8001,R_2EglJpTWGEiwQYa,BATTERY,2019-07-29,1564412400
8002,R_2EglJpTWGEiwQYa,FOOD_MIXER,2019-07-29,1564412400
8003,R_2En0sbvQ7s48ufv,UTILITY_SPONGE,2019-07-29,1564412400
8004,R_2QX9bXWJvSVIbXl,SKIN_TREATMENT_MASK,2019-07-29,1564412400
8005,R_2RVXjEovu4Y1yen,VITAMIN,2019-07-29,1564412400
8006,R_2SIYchF5txvb4ur,OUTDOOR_LIVING,2019-07-29,1564412400
8007,R_2SowakeS8ZQebAD,HEALTH_PERSONAL_CARE,2019-07-29,1564412400
8008,R_2SowakeS8ZQebAD,PET_FOOD,2019-07-29,1564412400
8009,R_2SowakeS8ZQebAD,PHYSICAL_MOVIE,2019-07-29,1564412400
8010,R_2Uc0eY0mHq5DQgt,CELLULAR_PHONE_CASE,2019-07-29,1564412400
8011,R_2WAagX64hf1kdMI,SNACK_FOOD_BAR,2019-07-29,1564412400
8012,R_2WAagX64hf1kdMI,NUTRITIONAL_SUPPLEMENT,2019-07-29,1564412400
8013,R_2WVIxBGaj1uOr8S,SCISSORS,2019-07-29,1564412400
8014,R_2WVIxBGaj1uOr8S,BATTERY,2019-07-29,1564412400
8015,R_2WVIxBGaj1uOr8S,PLANNER,2019-07-29,1564412400
8016,R_2WVIxBGaj1uOr8S,TOYS_AND_GAMES,2019-07-29,1564412400
8017,R_2YlhHzEptxRGFBL,BATTERY,2019-07-29,1564412400
8018,R_2YlhHzEptxRGFBL,SHOES,2019-07-29,1564412400
8019,R_2b1XOZR0PYTA1jX,CELLULAR_PHONE_CASE,2019-07-29,1564412400
8020,R_2b1XOZR0PYTA1jX,SKIN_CLEANING_AGENT,2019-07-29,1564412400
8021,R_2dY2NzAgp2digAs,INDOOR_GROW_ENCLOSURE,2019-07-29,1564412400
8022,R_2ebzj3o225IisIQ,ELECTRONIC_CABLE,2019-07-29,1564412400
8023,R_2ebzj3o225IisIQ,MOUSE_PAD,2019-07-29,1564412400
8024,R_2ebzj3o225IisIQ,MEDICATION,2019-07-29,1564412400
8025,R_2ebzj3o225IisIQ,HEADPHONES,2019-07-29,1564412400
8026,R_2fQoqPD5ygeWViN,SHADE_SAIL,2019-07-29,1564412400
8027,R_2fQoqPD5ygeWViN,NAIL_POLISH_REMOVER,2019-07-29,1564412400
8028,R_2mAJniG0xVBIInL,VEHICLE_LIGHT_ASSEMBLY,2019-07-29,1564412400
8029,R_2mAJniG0xVBIInL,ABIS_BOOK,2019-07-29,1564412400
8030,R_2mKYTXpTsUEkSGt,WEARABLE_COMPUTER,2019-07-29,1564412400
8031,R_2qD8ep8d313iLj4,MEDICATION,2019-07-29,1564412400
8032,R_2qD8ep8d313iLj4,STROLLER_PROTECTION_SHIELD,2019-07-29,1564412400
8033,R_2rIQ3xPfAH7KF8A,ELECTRONIC_CABLE,2019-07-29,1564412400
8034,R_2rIQ3xPfAH7KF8A,COMPUTER,2019-07-29,1564412400
8035,R_2rIQ3xPfAH7KF8A,HEADPHONES,2019-07-29,1564412400
8036,R_2rIQ3xPfAH7KF8A,GROCERY,2019-07-29,1564412400
8037,R_2tEuzX0j3530EZC,TOYS_AND_GAMES,2019-07-29,1564412400
8038,R_2tfHzrdo6EEaiWi,SKIN_MOISTURIZER,2019-07-29,1564412400
8039,R_2woyYEH5qlAG264,SWEATER,2019-07-29,1564412400
8040,R_2zCmQhJtrw3xBtV,CELLULAR_PHONE_CASE,2019-07-29,1564412400
8041,R_2ze9t15YGQDJxR3,MEDICATION,2019-07-29,1564412400
8042,R_32UZncFA03IrQwQ,ELECTRONIC_CABLE,2019-07-29,1564412400
8043,R_32UZncFA03IrQwQ,COOKING_POT,2019-07-29,1564412400
8044,R_32UZncFA03IrQwQ,SKIN_CLEANING_AGENT,2019-07-29,1564412400
8045,R_32UZncFA03IrQwQ,CELLULAR_PHONE_CASE,2019-07-29,1564412400
8046,R_32UZncFA03IrQwQ,ABIS_BOOK,2019-07-29,1564412400
8047,R_32UZncFA03IrQwQ,SKIN_MOISTURIZER,2019-07-29,1564412400
8048,R_3FRSHAzxtL6ifms,ELECTRONIC_CABLE,2019-07-29,1564412400
8049,R_3FRSHAzxtL6ifms,GROCERY,2019-07-29,1564412400
8050,R_3FRSHAzxtL6ifms,PAINT,2019-07-29,1564412400
8051,R_3FRSHAzxtL6ifms,HAIR_ROLLER,2019-07-29,1564412400
8052,R_3FRSHAzxtL6ifms,NUTRITIONAL_SUPPLEMENT,2019-07-29,1564412400
8053,R_3Hphzg7zu04Hgy1,WRITING_BOARD,2019-07-29,1564412400
8054,R_3Hphzg7zu04Hgy1,PHYSICAL_MOVIE,2019-07-29,1564412400
8055,R_3HvPXLfubbb9a6G,ENVELOPE,2019-07-29,1564412400
8056,R_3IaGUIs83jpQZU4,PORTABLE_ELECTRONIC_DEVICE_MOUNT,2019-07-29,1564412400
8057,R_3JK3aP5uRxffXiy,HEADPHONES,2019-07-29,1564412400
8058,R_3JK3aP5uRxffXiy,MEDICATION,2019-07-29,1564412400
8059,R_3JK3aP5uRxffXiy,ASTRINGENT_SUBSTANCE,2019-07-29,1564412400
8060,R_3JnjKsPAuFGDhrx,SNACK_FOOD_BAR,2019-07-29,1564412400
8061,R_3KCUnPI9FEz7vTo,PROJECTILE_BOW,2019-07-29,1564412400
8062,R_3KxaCMXQTDz1Z7P,EARMUFF,2019-07-29,1564412400
8063,R_3L8dgu12mdk2UVH,SNACK_FOOD_BAR,2019-07-29,1564412400
8064,R_3L8dgu12mdk2UVH,MEDICATION,2019-07-29,1564412400
8065,R_3M3RSZ7wNRSaxNx,CELLULAR_PHONE_CASE,2019-07-29,1564412400
8066,R_3M3RSZ7wNRSaxNx,GROCERY,2019-07-29,1564412400
8067,R_3OcPFnYHBC8wrZe,NETWORK_INTERFACE_CONTROLLER_ADAPTER,2019-07-29,1564412400
8068,R_3Pwa112XZRRejbA,CELLULAR_PHONE_CASE,2019-07-29,1564412400
8069,R_3Pwa112XZRRejbA,SCREEN_PROTECTOR,2019-07-29,1564412400
8070,R_3ebnP0qUIQ7u38i,SYSTEM_POWER_DEVICE,2019-07-29,1564412400
8071,R_3ebnP0qUIQ7u38i,SHIPPING_BOX,2019-07-29,1564412400
8072,R_3ebnP0qUIQ7u38i,VITAMIN,2019-07-29,1564412400
8073,R_3ebnP0qUIQ7u38i,SYSTEM_POWER_DEVICE,2019-07-29,1564412400
8074,R_3ebnP0qUIQ7u38i,HEADPHONES,2019-07-29,1564412400
8075,R_3ebnP0qUIQ7u38i,SHIRT,2019-07-29,1564412400
8076,R_3ebnP0qUIQ7u38i,FLASH_MEMORY,2019-07-29,1564412400
8077,R_3ebnP0qUIQ7u38i,TIGHTS,2019-07-29,1564412400
8078,R_3ebnP0qUIQ7u38i,SHIRT,2019-07-29,1564412400
8079,R_3ebnP0qUIQ7u38i,SHIRT,2019-07-29,1564412400
8080,R_3ek9YZGdsDHjUZf,MOUSE_PAD,2019-07-29,1564412400
8081,R_3ek9YZGdsDHjUZf,SCREEN_PROTECTOR,2019-07-29,1564412400
8082,R_3ek9YZGdsDHjUZf,SKIN_MOISTURIZER,2019-07-29,1564412400
8083,R_3ek9YZGdsDHjUZf,SHOES,2019-07-29,1564412400
8084,R_3ek9YZGdsDHjUZf,SNACK_FOOD_BAR,2019-07-29,1564412400
8085,R_3ek9YZGdsDHjUZf,CELLULAR_PHONE_CASE,2019-07-29,1564412400
8086,R_3ek9YZGdsDHjUZf,TOYS_AND_GAMES,2019-07-29,1564412400
8087,R_3m3H4mwZ2snYFua,SHOES,2019-07-29,1564412400
8088,R_3m3H4mwZ2snYFua,SHIRT,2019-07-29,1564412400
8089,R_3m3H4mwZ2snYFua,HEALTH_PERSONAL_CARE,2019-07-29,1564412400
8090,R_3m3H4mwZ2snYFua,HEALTH_PERSONAL_CARE,2019-07-29,1564412400
8091,R_3m3H4mwZ2snYFua,PET_FOOD,2019-07-29,1564412400
8092,R_3m3H4mwZ2snYFua,SHIRT,2019-07-29,1564412400
8093,R_3m3H4mwZ2snYFua,DAIRY_BASED_BUTTER,2019-07-29,1564412400
8094,R_3m3H4mwZ2snYFua,TOYS_AND_GAMES,2019-07-29,1564412400
8095,R_3m3H4mwZ2snYFua,BOTTLE_OPENER,2019-07-29,1564412400
8096,R_3m3H4mwZ2snYFua,ABIS_BOOK,2019-07-29,1564412400
8097,R_3m3H4mwZ2snYFua,COFFEE_FILTER,2019-07-29,1564412400
8098,R_3n0OjYgGHf96Wuh,BATTERY,2019-07-29,1564412400
8099,R_3n17fNI56KA8rTV,ELECTRONIC_CABLE,2019-07-29,1564412400
8100,R_3pm4Od2kUSXlZgY,HEADPHONES,2019-07-29,1564412400
8101,R_3qPt2VOIZdr6Kio,TOYS_AND_GAMES,2019-07-29,1564412400
8102,R_3qlnIILTEuzSyGe,CABLE_TIE,2019-07-29,1564412400
8103,R_3qlnIILTEuzSyGe,CELLULAR_PHONE_CASE,2019-07-29,1564412400
8104,R_3qlnIILTEuzSyGe,VACUUM_CLEANER,2019-07-29,1564412400
8105,R_3qlnIILTEuzSyGe,HEADPHONES,2019-07-29,1564412400
8106,R_3qlnIILTEuzSyGe,SKIN_MOISTURIZER,2019-07-29,1564412400
8107,R_3qlnIILTEuzSyGe,ANIMAL_LITTER,2019-07-29,1564412400
8108,R_3qlnIILTEuzSyGe,DOORSTOP,2019-07-29,1564412400
8109,R_3qlnIILTEuzSyGe,HEALTH_PERSONAL_CARE,2019-07-29,1564412400
8110,R_3qlnIILTEuzSyGe,TOYS_AND_GAMES,2019-07-29,1564412400
8111,R_3qlnIILTEuzSyGe,VITAMIN,2019-07-29,1564412400
8112,R_3qlnIILTEuzSyGe,HEALTH_PERSONAL_CARE,2019-07-29,1564412400
8113,R_3qlnIILTEuzSyGe,PET_FOOD,2019-07-29,1564412400
8114,R_3qlnIILTEuzSyGe,BOOT,2019-07-29,1564412400
8115,R_3qlnIILTEuzSyGe,TOYS_AND_GAMES,2019-07-29,1564412400
8116,R_3qlnIILTEuzSyGe,SHIRT,2019-07-29,1564412400
8117,R_3qlnIILTEuzSyGe,SHOES,2019-07-29,1564412400
8118,R_3qlnIILTEuzSyGe,BOOT,2019-07-29,1564412400
8119,R_3qlnIILTEuzSyGe,VITAMIN,2019-07-29,1564412400
8120,R_3qqdzQnCaBYHx9o,PET_FOOD,2019-07-29,1564412400
8121,R_3qqdzQnCaBYHx9o,SHOES,2019-07-29,1564412400
8122,R_3qqdzQnCaBYHx9o,HEALTH_PERSONAL_CARE,2019-07-29,1564412400
8123,R_3qqdzQnCaBYHx9o,AMAZON_BOOK_READER,2019-07-29,1564412400
8124,R_3qqdzQnCaBYHx9o,CELLULAR_PHONE_CASE,2019-07-29,1564412400
8125,R_3rYUVmCplPiAoJh,SIM_CARD,2019-07-29,1564412400
8126,R_3rYUVmCplPiAoJh,HEALTH_PERSONAL_CARE,2019-07-29,1564412400
8127,R_3s02y9lg8GCo9q0,SKIN_MOISTURIZER,2019-07-29,1564412400
8128,R_3s07B19Gl5Ix56W,SNACK_FOOD_BAR,2019-07-29,1564412400
8129,R_3s60LmlFm5fAEP5,SHOES,2019-07-29,1564412400
8130,R_3socPWD3wXD0iDP,SHOES,2019-07-29,1564412400
8131,R_4PhRzF4UI9ooLh7,ELECTRONIC_CABLE,2019-07-29,1564412400
8132,R_4PhRzF4UI9ooLh7,SHOES,2019-07-29,1564412400
8133,R_9ppTjfBQZZs42WJ,SCREEN_PROTECTOR,2019-07-29,1564412400
8134,R_9ppTjfBQZZs42WJ,MORTAR_AND_PESTLE_SET,2019-07-29,1564412400
8135,R_Ap2HcvpPLRDJv9L,NUTRITIONAL_SUPPLEMENT,2019-07-29,1564412400
8136,R_Djcs43mP6ReoYgN,VITAMIN,2019-07-29,1564412400
8137,R_O6ZX76mggPnAOfD,ADHESIVE_TAPES,2019-07-29,1564412400
8138,R_PwlnzzccUMXV0n7,HEALTH_PERSONAL_CARE,2019-07-29,1564412400
8139,R_Q4ZjTFeyiC5kgQV,BATTERY,2019-07-29,1564412400
8140,R_RPudbSO1mm9KZSp,HEALTH_PERSONAL_CARE,2019-07-29,1564412400
8141,R_Rw7CA3irllJSRH3,SNACK_FOOD_BAR,2019-07-29,1564412400
8142,R_Rw7CA3irllJSRH3,PHYSICAL_MOVIE,2019-07-29,1564412400
8143,R_Rw7CA3irllJSRH3,TOYS_AND_GAMES,2019-07-29,1564412400
8144,R_Rw7CA3irllJSRH3,STORAGE_BOX,2019-07-29,1564412400
8145,R_Rw7CA3irllJSRH3,AROMA_DIFFUSER,2019-07-29,1564412400
8146,R_Rw7CA3irllJSRH3,AROMA_DIFFUSER,2019-07-29,1564412400
8147,R_Rw7CA3irllJSRH3,LIP_BALM,2019-07-29,1564412400
8148,R_Rw7CA3irllJSRH3,NUTRITIONAL_SUPPLEMENT,2019-07-29,1564412400
8149,R_Rw7CA3irllJSRH3,HEADPHONES,2019-07-29,1564412400
8150,R_Rw7CA3irllJSRH3,MEDICATION,2019-07-29,1564412400
8151,R_Rw7CA3irllJSRH3,SKIN_CLEANING_AGENT,2019-07-29,1564412400
8152,R_Rw7CA3irllJSRH3,VITAMIN,2019-07-29,1564412400
8153,R_TtK3Qkb3c3EIeoV,SHIRT,2019-07-29,1564412400
8154,R_TtjiPpPxtkd5Vnz,SNACK_FOOD_BAR,2019-07-29,1564412400
8155,R_UEke64xAaOG3mTf,SHIRT,2019-07-29,1564412400
8156,R_UVM6YBvaArzpRjb,SHADE_SAIL,2019-07-29,1564412400
8157,R_W80kzJbCa8CD9UB,SKIN_CLEANING_AGENT,2019-07-29,1564412400
8158,R_W80kzJbCa8CD9UB,ELECTRONIC_CABLE,2019-07-29,1564412400
8159,R_WerZwuLkMK4zfVf,PET_FOOD,2019-07-29,1564412400
8160,R_WerZwuLkMK4zfVf,MEDICATION,2019-07-29,1564412400
8161,R_WerZwuLkMK4zfVf,SWEATER,2019-07-29,1564412400
8162,R_WerZwuLkMK4zfVf,HEALTH_PERSONAL_CARE,2019-07-29,1564412400
8163,R_XSu10jIDimUl5m1,SNACK_FOOD_BAR,2019-07-29,1564412400
8164,R_XSu10jIDimUl5m1,STORAGE_DRAWER,2019-07-29,1564412400
8165,R_XSu10jIDimUl5m1,SKATEBOARD,2019-07-29,1564412400
8166,R_XwiCirQyfwJzVtv,SPORT_HELMET,2019-07-29,1564412400
8167,R_XwiCirQyfwJzVtv,DIGITAL_DEVICE_4_ACCESSORY,2019-07-29,1564412400
8168,R_XwiCirQyfwJzVtv,GROCERY,2019-07-29,1564412400
8169,R_bBgIkZfU6RwGLWF,SHAMPOO,2019-07-29,1564412400
8170,R_bBgIkZfU6RwGLWF,SHIRT,2019-07-29,1564412400
8171,R_e8KTElZZLWryLWp,MAGNIFIER,2019-07-29,1564412400
8172,R_e8KTElZZLWryLWp,ELECTRONIC_CABLE,2019-07-29,1564412400
8173,R_e8KTElZZLWryLWp,ELECTRONIC_CABLE,2019-07-29,1564412400
8174,R_e8KTElZZLWryLWp,ABIS_BOOK,2019-07-29,1564412400
8175,R_elI733GpRi0df0J,VIDEO_GAME_CONTROLLER,2019-07-29,1564412400
8176,R_elI733GpRi0df0J,SUNSCREEN,2019-07-29,1564412400
8177,R_pMnqpu31myYoxy1,SKIN_CLEANING_AGENT,2019-07-29,1564412400
8178,R_r1oTDkv1OlGnNuN,BUCKET,2019-07-29,1564412400
8179,R_r1oTDkv1OlGnNuN,TOYS_AND_GAMES,2019-07-29,1564412400
8180,R_sRSLCxzK04aJvhL,MEDICATION,2019-07-29,1564412400
8181,R_sRSLCxzK04aJvhL,VITAMIN,2019-07-29,1564412400
8182,R_tDI0MmPcVp5b2Xn,PET_FOOD,2019-07-29,1564412400
8183,R_tDI0MmPcVp5b2Xn,NOODLE,2019-07-29,1564412400
8184,R_tDI0MmPcVp5b2Xn,POWER_CORD,2019-07-29,1564412400
8185,R_tDI0MmPcVp5b2Xn,ABIS_BOOK,2019-07-29,1564412400
8186,R_tDI0MmPcVp5b2Xn,ABIS_BOOK,2019-07-29,1564412400
8187,R_tFf2GViNMUolxaV,SKIN_CLEANING_AGENT,2019-07-29,1564412400
8188,R_tJNLenUlMH5f4el,SHIRT,2019-07-29,1564412400
8189,R_tJNLenUlMH5f4el,BALLOON,2019-07-29,1564412400
8190,R_w5JAqptOytTan4J,SHOES,2019-07-29,1564412400
8191,R_w7a7YDkfvtMXJ8l,CALCULATOR,2019-07-29,1564412400
8192,R_xDvEzzSGeDDkvU5,ENGINE_EXHAUST_PIPE,2019-07-29,1564412400
8193,R_xc0AiqTlV5cTvZn,VIDEO_GAME_CONTROLLER,2019-07-29,1564412400
8194,R_xmW6sCBJmFDlI8V,SHIRT,2019-07-29,1564412400
8195,R_yPgyGUixTuXuX5v,SNACK_FOOD_BAR,2019-07-29,1564412400
8196,R_yPgyGUixTuXuX5v,HEALTH_PERSONAL_CARE,2019-07-29,1564412400
8197,R_0pRmRjHkwStzNQJ,RAKE,2019-07-30,1564498800
8198,R_10YnFpDzlwQlmrX,ELECTRONIC_CABLE,2019-07-30,1564498800
8199,R_10uU7A3PqkL1i0o,NUTRITIONAL_SUPPLEMENT,2019-07-30,1564498800
8200,R_128SoytOm4LO2kk,PORTABLE_FREESTANDING_SHELTER,2019-07-30,1564498800
8201,R_128SoytOm4LO2kk,CELLULAR_PHONE_CASE,2019-07-30,1564498800
8202,R_128SoytOm4LO2kk,PHYSICAL_MOVIE,2019-07-30,1564498800
8203,R_128UcvT7YzJpnZv,BATTERY,2019-07-30,1564498800
8204,R_1C9YUFD8GunlGej,SKIN_MOISTURIZER,2019-07-30,1564498800
8205,R_1E5RqOd5LIHJqSq,REINFORCED_ART_SURFACE,2019-07-30,1564498800
8206,R_1GghoTNZdgUeySl,PANTS,2019-07-30,1564498800
8207,R_1GghoTNZdgUeySl,HEADPHONES,2019-07-30,1564498800
8208,R_1IZrt5CyqgTg2Qe,NUTRITIONAL_SUPPLEMENT,2019-07-30,1564498800
8209,R_1KkFs7rgWXlWf58,CAN_OPENER,2019-07-30,1564498800
8210,R_1KloshKwV8MUAx4,FURNITURE_COVER,2019-07-30,1564498800
8211,R_1KxVDxZl2H0XoHS,VDO_DEVICES,2019-07-30,1564498800
8212,R_1KxVDxZl2H0XoHS,NUTRITIONAL_SUPPLEMENT,2019-07-30,1564498800
8213,R_1MY7yxvExjQWTkv,SKIN_MOISTURIZER,2019-07-30,1564498800
8214,R_1NCzj2eSHI4QGcd,VITAMIN,2019-07-30,1564498800
8215,R_1NCzj2eSHI4QGcd,ELECTRONIC_CABLE,2019-07-30,1564498800
8216,R_1NCzj2eSHI4QGcd,SHIRT,2019-07-30,1564498800
8217,R_1NFde2vzLpu8IWT,PUPPET,2019-07-30,1564498800
8218,R_1NgAWSeub1pgOGj,MODEM,2019-07-30,1564498800
8219,R_1OlyKZYuQUE5Cgc,HEALTH_PERSONAL_CARE,2019-07-30,1564498800
8220,R_1Oov0G05pkQnKNn,PANTS,2019-07-30,1564498800
8221,R_1Oov0G05pkQnKNn,SHOES,2019-07-30,1564498800
8222,R_1Oov0G05pkQnKNn,NOISE_MACHINE,2019-07-30,1564498800
8223,R_1Oov0G05pkQnKNn,CELLULAR_PHONE_CASE,2019-07-30,1564498800
8224,R_1Oov0G05pkQnKNn,BATTERY,2019-07-30,1564498800
8225,R_1Oov0G05pkQnKNn,HEADPHONES,2019-07-30,1564498800
8226,R_1PUcgnVG2i0EBz4,GROCERY,2019-07-30,1564498800
8227,R_1PUcgnVG2i0EBz4,ANIMAL_RECOVERY_COLLAR_CONE,2019-07-30,1564498800
8228,R_1PUcgnVG2i0EBz4,PUZZLES,2019-07-30,1564498800
8229,R_1PUcgnVG2i0EBz4,BATTERY,2019-07-30,1564498800
8230,R_1PUcgnVG2i0EBz4,ABIS_BOOK,2019-07-30,1564498800
8231,R_1PUcgnVG2i0EBz4,PANTS,2019-07-30,1564498800
8232,R_1Q9JeeKncbbLcz0,ELECTRONIC_CABLE,2019-07-30,1564498800
8233,R_1QKu8qtvgo0d1uS,ANTENNA,2019-07-30,1564498800
8234,R_1QLfbB3Lho273wG,FURNITURE,2019-07-30,1564498800
8235,R_1QLfbB3Lho273wG,SHOES,2019-07-30,1564498800
8236,R_1QLfbB3Lho273wG,TOYS_AND_GAMES,2019-07-30,1564498800
8237,R_1QLfbB3Lho273wG,DAIRY_BASED_CHEESE,2019-07-30,1564498800
8238,R_1QLfbB3Lho273wG,SKIN_MOISTURIZER,2019-07-30,1564498800
8239,R_1QozBaV2v9k1qO9,BATTERY,2019-07-30,1564498800
8240,R_1QozBaV2v9k1qO9,TOYS_AND_GAMES,2019-07-30,1564498800
8241,R_1QozBaV2v9k1qO9,MEDICATION,2019-07-30,1564498800
8242,R_1QozBaV2v9k1qO9,HOME_LIGHTING_AND_LAMPS,2019-07-30,1564498800
8243,R_1QupmKjSh9fA4l4,LIGHT_FIXTURE,2019-07-30,1564498800
8244,R_1QupmKjSh9fA4l4,FLASH_DRIVE,2019-07-30,1564498800
8245,R_1Qyzwfx5HrXdw4U,SKIN_MOISTURIZER,2019-07-30,1564498800
8246,R_1dAhJdFXHV5xmMG,BOTTLE_RACK,2019-07-30,1564498800
8247,R_1dKBjc0UTA0ZiYb,CELLULAR_PHONE_CASE,2019-07-30,1564498800
8248,R_1eLARPfQt7BNOE7,NUTRITIONAL_SUPPLEMENT,2019-07-30,1564498800
8249,R_1gG5xibh48txT6f,SHIRT,2019-07-30,1564498800
8250,R_1gG5xibh48txT6f,MAKE_UP,2019-07-30,1564498800
8251,R_1gG5xibh48txT6f,SHIRT,2019-07-30,1564498800
8252,R_1gG5xibh48txT6f,BATTERY,2019-07-30,1564498800
8253,R_1gq1l7L7YXNcp13,WASHER,2019-07-30,1564498800
8254,R_1gq1l7L7YXNcp13,NUT_AND_SEED,2019-07-30,1564498800
8255,R_1gq1l7L7YXNcp13,PANTS,2019-07-30,1564498800
8256,R_1hLPyY3aamfi3xT,TOW_HITCH,2019-07-30,1564498800
8257,R_1hLPyY3aamfi3xT,TOYS_AND_GAMES,2019-07-30,1564498800
8258,R_1jZkLNE1JdtyVpH,PHYSICAL_MOVIE,2019-07-30,1564498800
8259,R_1lfNYOmsEIqOn65,PET_APPAREL,2019-07-30,1564498800
8260,R_1lfNYOmsEIqOn65,SNACK_FOOD_BAR,2019-07-30,1564498800
8261,R_1oFRyes3ggnKU4B,CELLULAR_PHONE_CASE,2019-07-30,1564498800
8262,R_1pm2Wo5wrQSY0Gm,BATTERY,2019-07-30,1564498800
8263,R_23enipHqTsjcQfN,SHIRT,2019-07-30,1564498800
8264,R_24csoaO569P4Yzz,HEADPHONES,2019-07-30,1564498800
8265,R_25KMnVsE9ynaHcA,SCREEN_PROTECTOR,2019-07-30,1564498800
8266,R_25KMnVsE9ynaHcA,CELLULAR_PHONE_CASE,2019-07-30,1564498800
8267,R_25KMnVsE9ynaHcA,SKIN_MOISTURIZER,2019-07-30,1564498800
8268,R_25YqaojEWt641sK,SKIN_CLEANING_AGENT,2019-07-30,1564498800
8269,R_25YqaojEWt641sK,GROCERY,2019-07-30,1564498800
8270,R_25YqaojEWt641sK,BANNER,2019-07-30,1564498800
8271,R_27Nf8ImFlWu3J9O,CANDLE_HOLDER,2019-07-30,1564498800
8272,R_27Nf8ImFlWu3J9O,BAKING_MIX,2019-07-30,1564498800
8273,R_27Nf8ImFlWu3J9O,PANTS,2019-07-30,1564498800
8274,R_28BST1zc80UaP2C,NUTRITIONAL_SUPPLEMENT,2019-07-30,1564498800
8275,R_29uBVByYo0xAXiZ,CAMERA_SUPPORT,2019-07-30,1564498800
8276,R_29uBVByYo0xAXiZ,NUTRITIONAL_SUPPLEMENT,2019-07-30,1564498800
8277,R_2Bljhn8FOxqwglz,ABIS_VIDEO,2019-07-30,1564498800
8278,R_2Bljhn8FOxqwglz,POWER_CONVERTER,2019-07-30,1564498800
8279,R_2Bljhn8FOxqwglz,WAIST_PACK,2019-07-30,1564498800
8280,R_2BtA3kIOBjhD26o,PET_FOOD,2019-07-30,1564498800
8281,R_2BtA3kIOBjhD26o,TIRES,2019-07-30,1564498800
8282,R_2DXPyU9bPnWuZPM,TEA,2019-07-30,1564498800
8283,R_2EglJpTWGEiwQYa,ELECTRONIC_CABLE,2019-07-30,1564498800
8284,R_2EglJpTWGEiwQYa,ABIS_BOOK,2019-07-30,1564498800
8285,R_2En0sbvQ7s48ufv,ABIS_BOOK,2019-07-30,1564498800
8286,R_2En0sbvQ7s48ufv,POWERSPORTS_VEHICLE_PART,2019-07-30,1564498800
8287,R_2QEQOSl4i81CHb1,TOYS_AND_GAMES,2019-07-30,1564498800
8288,R_2QM76i5yRebcpiD,WATCH,2019-07-30,1564498800
8289,R_2QRtVOQUzfFxAg0,UNDERGARMENT_SLIP,2019-07-30,1564498800
8290,R_2QRtVOQUzfFxAg0,SKIN_MOISTURIZER,2019-07-30,1564498800
8291,R_2Qu0fgUOnDpaKDH,OUTDOOR_LIVING,2019-07-30,1564498800
8292,R_2RVXjEovu4Y1yen,BATTERY,2019-07-30,1564498800
8293,R_2TKO641FpWMebOd,WIND_SPINNER,2019-07-30,1564498800
8294,R_2TKO641FpWMebOd,TOPICAL_HAIR_REGROWTH_TREATMENT,2019-07-30,1564498800
8295,R_2U0l40aPYAoBJLV,SKIN_CLEANING_AGENT,2019-07-30,1564498800
8296,R_2VkFzKtUReuEWm9,SHOES,2019-07-30,1564498800
8297,R_2VkFzKtUReuEWm9,SKIN_CLEANING_AGENT,2019-07-30,1564498800
8298,R_2VwjXhJ5OznStEi,HOLE_PUNCH,2019-07-30,1564498800
8299,R_2WAagX64hf1kdMI,NUTRITIONAL_SUPPLEMENT,2019-07-30,1564498800
8300,R_2WAagX64hf1kdMI,MEDICATION,2019-07-30,1564498800
8301,R_2WMQprO1e6US68f,PET_TOY,2019-07-30,1564498800
8302,R_2WMQprO1e6US68f,SKIN_CLEANING_AGENT,2019-07-30,1564498800
8303,R_2WMQprO1e6US68f,TOYS_AND_GAMES,2019-07-30,1564498800
8304,R_2WMQprO1e6US68f,ELECTRONIC_CABLE,2019-07-30,1564498800
8305,R_2WSDyKoVDJhO1Os,NUTRITIONAL_SUPPLEMENT,2019-07-30,1564498800
8306,R_2WumP0iKDvwiM2r,HEADPHONES,2019-07-30,1564498800
8307,R_2WumP0iKDvwiM2r,MEDICATION,2019-07-30,1564498800
8308,R_2XoI6KbLJRGFz5X,SHOES,2019-07-30,1564498800
8309,R_2XoI6KbLJRGFz5X,BEAUTY,2019-07-30,1564498800
8310,R_2XoI6KbLJRGFz5X,ABIS_BOOK,2019-07-30,1564498800
8311,R_2XoI6KbLJRGFz5X,HEALTH_PERSONAL_CARE,2019-07-30,1564498800
8312,R_2XoI6KbLJRGFz5X,HEALTH_PERSONAL_CARE,2019-07-30,1564498800
8313,R_2XoI6KbLJRGFz5X,SCREEN_PROTECTOR,2019-07-30,1564498800
8314,R_2XoI6KbLJRGFz5X,ABIS_BOOK,2019-07-30,1564498800
8315,R_2XoI6KbLJRGFz5X,UTILITY_KNIFE,2019-07-30,1564498800
8316,R_2XoI6KbLJRGFz5X,ABIS_BOOK,2019-07-30,1564498800
8317,R_2XoI6KbLJRGFz5X,PANTS,2019-07-30,1564498800
8318,R_2XoI6KbLJRGFz5X,HEALTH_PERSONAL_CARE,2019-07-30,1564498800
8319,R_2XoI6KbLJRGFz5X,TOOTHBRUSH_HOLDER,2019-07-30,1564498800
8320,R_2XoI6KbLJRGFz5X,PET_FOOD,2019-07-30,1564498800
8321,R_2YVQQRVSdj7M8Va,VITAMIN,2019-07-30,1564498800
8322,R_2YVQQRVSdj7M8Va,MEDICATION,2019-07-30,1564498800
8323,R_2YVQQRVSdj7M8Va,VITAMIN,2019-07-30,1564498800
8324,R_2aKrOq0DBielcig,PANTS,2019-07-30,1564498800
8325,R_2aldwxmUZox7Yfd,BATTERY,2019-07-30,1564498800
8326,R_2c0kxk2rIJClCxm,GROCERY,2019-07-30,1564498800
8327,R_2cd9jCAamQMAsxe,SCREEN_PROTECTOR,2019-07-30,1564498800
8328,R_2cd9jCAamQMAsxe,PET_SUPPLIES,2019-07-30,1564498800
8329,R_2cd9jCAamQMAsxe,HEALTH_PERSONAL_CARE,2019-07-30,1564498800
8330,R_2cd9jCAamQMAsxe,BATTERY,2019-07-30,1564498800
8331,R_2dFHfsIqQ6eEtVW,NUTRITIONAL_SUPPLEMENT,2019-07-30,1564498800
8332,R_2dY2NzAgp2digAs,SURFACE_CLEANING_WIPE,2019-07-30,1564498800
8333,R_2dvh9tu7PLPeipE,CISTERN,2019-07-30,1564498800
8334,R_2fuPf0OEnWfOjjm,GROCERY,2019-07-30,1564498800
8335,R_2fxhde3AmAoBQBS,BICYCLE_LIGHT,2019-07-30,1564498800
8336,R_2fxhde3AmAoBQBS,SHOE_POLISH,2019-07-30,1564498800
8337,R_2mKYTXpTsUEkSGt,CLOCK,2019-07-30,1564498800
8338,R_2mKYTXpTsUEkSGt,ELECTRONIC_SENSOR,2019-07-30,1564498800
8339,R_2rIQ3xPfAH7KF8A,PET_PEST_CONTROL,2019-07-30,1564498800
8340,R_2rIQ3xPfAH7KF8A,PHYSICAL_MOVIE,2019-07-30,1564498800
8341,R_2rIQ3xPfAH7KF8A,HEALTH_PERSONAL_CARE,2019-07-30,1564498800
8342,R_2sRqLYPSneIHZfJ,BAKING_PAN,2019-07-30,1564498800
8343,R_2sRqLYPSneIHZfJ,NUTRITIONAL_SUPPLEMENT,2019-07-30,1564498800
8344,R_2tEuzX0j3530EZC,ELECTRONIC_CABLE,2019-07-30,1564498800
8345,R_2tfh4rvpUWWJndF,SYSTEM_CABINET,2019-07-30,1564498800
8346,R_2tfh4rvpUWWJndF,MEAL_HOLDER,2019-07-30,1564498800
8347,R_2wHwNZWEecJflLc,SHOES,2019-07-30,1564498800
8348,R_2wmLE1q4FIpfioi,SNACK_FOOD_BAR,2019-07-30,1564498800
8349,R_2wzatCV9Z18xLF2,SUNSCREEN,2019-07-30,1564498800
8350,R_2yplkUxhAWZaFUL,SKIN_CLEANING_AGENT,2019-07-30,1564498800
8351,R_2yplkUxhAWZaFUL,SNACK_FOOD_BAR,2019-07-30,1564498800
8352,R_2yplkUxhAWZaFUL,ELECTRONIC_CABLE,2019-07-30,1564498800
8353,R_2z7rLZb69WuqDdf,ABIS_BOOK,2019-07-30,1564498800
8354,R_2z7rLZb69WuqDdf,HEADPHONES,2019-07-30,1564498800
8355,R_2z7rLZb69WuqDdf,PET_FOOD,2019-07-30,1564498800
8356,R_2zUBXlqUCKqKDVI,BATHTUB_SHOWER_TRIM_KIT,2019-07-30,1564498800
8357,R_2ze9t15YGQDJxR3,SPORT_RACKET,2019-07-30,1564498800
8358,R_2ze9t15YGQDJxR3,MOUTHWASH,2019-07-30,1564498800
8359,R_2ze9t15YGQDJxR3,HEALTH_PERSONAL_CARE,2019-07-30,1564498800
8360,R_2ze9t15YGQDJxR3,PROTEIN_SUPPLEMENT_POWDER,2019-07-30,1564498800
8361,R_2ze9t15YGQDJxR3,BATTERY,2019-07-30,1564498800
8362,R_2ze9t15YGQDJxR3,HEADPHONES,2019-07-30,1564498800
8363,R_2ze9t15YGQDJxR3,SHOES,2019-07-30,1564498800
8364,R_2ze9t15YGQDJxR3,FOOD,2019-07-30,1564498800
8365,R_2ze9t15YGQDJxR3,SKIN_MOISTURIZER,2019-07-30,1564498800
8366,R_301uq7vv7YTe7qQ,PAJAMAS,2019-07-30,1564498800
8367,R_325B8uB2XOflUvO,ANIMAL_INCONTINENCE_PROTECTOR,2019-07-30,1564498800
8368,R_325B8uB2XOflUvO,SKIN_EXFOLIANT,2019-07-30,1564498800
8369,R_325B8uB2XOflUvO,HAND_STRENGTHENER,2019-07-30,1564498800
8370,R_325B8uB2XOflUvO,PET_FOOD,2019-07-30,1564498800
8371,R_32UZncFA03IrQwQ,HEALTH_PERSONAL_CARE,2019-07-30,1564498800
8372,R_32UZncFA03IrQwQ,SNACK_FOOD_BAR,2019-07-30,1564498800
8373,R_32UZncFA03IrQwQ,TOYS_AND_GAMES,2019-07-30,1564498800
8374,R_32UZncFA03IrQwQ,PHYSICAL_MOVIE,2019-07-30,1564498800
8375,R_32UZncFA03IrQwQ,CELLULAR_PHONE_CASE,2019-07-30,1564498800
8376,R_32UZncFA03IrQwQ,SCREEN_PROTECTOR,2019-07-30,1564498800
8377,R_32UZncFA03IrQwQ,SKIN_MOISTURIZER,2019-07-30,1564498800
8378,R_3GD1CL4OyjglmbZ,PET_FOOD,2019-07-30,1564498800
8379,R_3GD1CL4OyjglmbZ,PHYSICAL_TV_SERIES,2019-07-30,1564498800
8380,R_3GiSNq0yPsXSvhf,SNACK_FOOD_BAR,2019-07-30,1564498800
8381,R_3GqfePl8gH1VWP1,TOYS_AND_GAMES,2019-07-30,1564498800
8382,R_3Hphzg7zu04Hgy1,WRITING_BOARD,2019-07-30,1564498800
8383,R_3JK3aP5uRxffXiy,HEADPHONES,2019-07-30,1564498800
8384,R_3L20DbmNPSMtKUd,CELLULAR_PHONE_CASE,2019-07-30,1564498800
8385,R_3M0euO2kPnoHrdt,AUTO_ACCESSORY,2019-07-30,1564498800
8386,R_3M0euO2kPnoHrdt,WILDLIFE_FEEDER,2019-07-30,1564498800
8387,R_3M0euO2kPnoHrdt,BATTERY,2019-07-30,1564498800
8388,R_3M0euO2kPnoHrdt,TOYS_AND_GAMES,2019-07-30,1564498800
8389,R_3M0euO2kPnoHrdt,SNACK_FOOD_BAR,2019-07-30,1564498800
8390,R_3M0euO2kPnoHrdt,WOUND_DRESSING,2019-07-30,1564498800
8391,R_3M0euO2kPnoHrdt,HEADPHONES,2019-07-30,1564498800
8392,R_3M0euO2kPnoHrdt,HEADPHONES,2019-07-30,1564498800
8393,R_3M0euO2kPnoHrdt,CELLULAR_PHONE_CASE,2019-07-30,1564498800
8394,R_3M0euO2kPnoHrdt,GROCERY,2019-07-30,1564498800
8395,R_3M0euO2kPnoHrdt,SKIN_CLEANING_AGENT,2019-07-30,1564498800
8396,R_3M0euO2kPnoHrdt,AUTO_ACCESSORY,2019-07-30,1564498800
8397,R_3M0euO2kPnoHrdt,GROCERY,2019-07-30,1564498800
8398,R_3M0euO2kPnoHrdt,SCREEN_PROTECTOR,2019-07-30,1564498800
8399,R_3M0euO2kPnoHrdt,ABIS_BOOK,2019-07-30,1564498800
8400,R_3M0euO2kPnoHrdt,SAUCE,2019-07-30,1564498800
8401,R_3M0euO2kPnoHrdt,WEIGH_SCALE,2019-07-30,1564498800
8402,R_3M0euO2kPnoHrdt,PET_SUPPLIES,2019-07-30,1564498800
8403,R_3M0euO2kPnoHrdt,PUNCHING_BAG,2019-07-30,1564498800
8404,R_3M0euO2kPnoHrdt,WILDLIFE_FEEDER,2019-07-30,1564498800
8405,R_3R3FfvTaRKxigNl,SELF_DEFENSE_SPRAY,2019-07-30,1564498800
8406,R_3fcOMdQm2jGBLKm,HEALTH_PERSONAL_CARE,2019-07-30,1564498800
8407,R_3gTrwWhEzAv6gzH,SCREEN_PROTECTOR,2019-07-30,1564498800
8408,R_3gTrwWhEzAv6gzH,CLIMBING_PLANT_SUPPORT_STRUCTURE,2019-07-30,1564498800
8409,R_3ik7mYg7wgFsyfj,SHIRT,2019-07-30,1564498800
8410,R_3jYUg0c9puk2lgW,PET_FOOD,2019-07-30,1564498800
8411,R_3n5zOvmozURNzXz,PET_FOOD,2019-07-30,1564498800
8412,R_3n5zOvmozURNzXz,MENSTRUAL_CUP,2019-07-30,1564498800
8413,R_3nqGVGe1oo00hRC,HEALTH_PERSONAL_CARE,2019-07-30,1564498800
8414,R_3oO3DoeTgXHrEzx,MEDICATION,2019-07-30,1564498800
8415,R_3qqdzQnCaBYHx9o,NUTRITIONAL_SUPPLEMENT,2019-07-30,1564498800
8416,R_3rV7kPHe9hVsMee,GROCERY,2019-07-30,1564498800
8417,R_3rV7kPHe9hVsMee,FLASH_CARD,2019-07-30,1564498800
8418,R_3s5NxhqKpoWo6zm,HARDWARE_TUBING,2019-07-30,1564498800
8419,R_3socPWD3wXD0iDP,ABIS_BOOK,2019-07-30,1564498800
8420,R_6Y8B3R1iIUjRAXv,VEHICLE_TIRE,2019-07-30,1564498800
8421,R_6gwxeBuC9V7nKsF,SCREEN_PROTECTOR,2019-07-30,1564498800
8422,R_6gwxeBuC9V7nKsF,PET_FOOD,2019-07-30,1564498800
8423,R_6gwxeBuC9V7nKsF,TOOTH_CLEANING_AGENT,2019-07-30,1564498800
8424,R_89aTM1JXN8SWr3b,ABIS_BOOK,2019-07-30,1564498800
8425,R_89aTM1JXN8SWr3b,BATTERY,2019-07-30,1564498800
8426,R_A0ZwhLeBVySdW8N,WILDLIFE_FEEDER,2019-07-30,1564498800
8427,R_A0ZwhLeBVySdW8N,HEALTH_PERSONAL_CARE,2019-07-30,1564498800
8428,R_BWhnv4EdbhSS6rf,MUFFLER,2019-07-30,1564498800
8429,R_BWhnv4EdbhSS6rf,ABRASIVES,2019-07-30,1564498800
8430,R_DqTqoF539jfSsLf,ASHTRAY,2019-07-30,1564498800
8431,R_O6ZX76mggPnAOfD,ELECTRONIC_CABLE,2019-07-30,1564498800
8432,R_O6ZX76mggPnAOfD,ABIS_BOOK,2019-07-30,1564498800
8433,R_O6ZX76mggPnAOfD,SHOES,2019-07-30,1564498800
8434,R_PwlnzzccUMXV0n7,HEADPHONE_EARPAD,2019-07-30,1564498800
8435,R_PwlnzzccUMXV0n7,MEDICATION,2019-07-30,1564498800
8436,R_Qp7pqfzWe3Qmcrn,SIGNAGE,2019-07-30,1564498800
8437,R_Qp7pqfzWe3Qmcrn,DESK,2019-07-30,1564498800
8438,R_Qp7pqfzWe3Qmcrn,PARTY_SUPPLIES,2019-07-30,1564498800
8439,R_Qp7pqfzWe3Qmcrn,SHOES,2019-07-30,1564498800
8440,R_SBiEJOUFyfjK5eF,TEMPLATE_STENCIL,2019-07-30,1564498800
8441,R_SBiEJOUFyfjK5eF,ELECTRONIC_CABLE,2019-07-30,1564498800
8442,R_SBiEJOUFyfjK5eF,PHYSICAL_MOVIE,2019-07-30,1564498800
8443,R_TmUTipQ7flj3x5f,NUTRITIONAL_SUPPLEMENT,2019-07-30,1564498800
8444,R_TmUTipQ7flj3x5f,BAKEWARE_SET,2019-07-30,1564498800
8445,R_TmUTipQ7flj3x5f,SKIN_MOISTURIZER,2019-07-30,1564498800
8446,R_TmUTipQ7flj3x5f,SHIRT,2019-07-30,1564498800
8447,R_TtK3Qkb3c3EIeoV,TOASTER,2019-07-30,1564498800
8448,R_TtK3Qkb3c3EIeoV,GARDEN_SHEAR_SCISSORS,2019-07-30,1564498800
8449,R_TtK3Qkb3c3EIeoV,CELLULAR_PHONE_CASE,2019-07-30,1564498800
8450,R_UFrfTy7RlXqKDOV,SHOES,2019-07-30,1564498800
8451,R_UVM6YBvaArzpRjb,SKIN_CLEANING_AGENT,2019-07-30,1564498800
8452,R_UVM6YBvaArzpRjb,SCREEN_PROTECTOR,2019-07-30,1564498800
8453,R_UWlLZdb69GeLobf,SKIN_MOISTURIZER,2019-07-30,1564498800
8454,R_UWlLZdb69GeLobf,SHOES,2019-07-30,1564498800
8455,R_Wr3OvD5tOnb6kmZ,SHOES,2019-07-30,1564498800
8456,R_Wr3OvD5tOnb6kmZ,BATTERY,2019-07-30,1564498800
8457,R_XAphEY817eORyx3,SOCKS,2019-07-30,1564498800
8458,R_XSu10jIDimUl5m1,SURFACE_CLEANING_WIPE,2019-07-30,1564498800
8459,R_XSu10jIDimUl5m1,UTILITY_SPONGE,2019-07-30,1564498800
8460,R_Xt4H8BJ1Vx7ws8h,SURFACE_PROTECTION_WAX,2019-07-30,1564498800
8461,R_Xt4H8BJ1Vx7ws8h,INPUT_PEN,2019-07-30,1564498800
8462,R_Xt4H8BJ1Vx7ws8h,VITAMIN,2019-07-30,1564498800
8463,R_Xt4H8BJ1Vx7ws8h,SNACK_FOOD_BAR,2019-07-30,1564498800
8464,R_Xt4H8BJ1Vx7ws8h,CONTACT_LENS_CLEANER,2019-07-30,1564498800
8465,R_Xt4H8BJ1Vx7ws8h,SHIRT,2019-07-30,1564498800
8466,R_Xt4H8BJ1Vx7ws8h,SHIRT,2019-07-30,1564498800
8467,R_Xt4H8BJ1Vx7ws8h,EYELID_COLOR,2019-07-30,1564498800
8468,R_Xt4H8BJ1Vx7ws8h,PHYSICAL_MOVIE,2019-07-30,1564498800
8469,R_Xt4H8BJ1Vx7ws8h,HARD_DRIVE_ENCLOSURE,2019-07-30,1564498800
8470,R_Xt4H8BJ1Vx7ws8h,ANIMAL_SHELTER,2019-07-30,1564498800
8471,R_XwiCirQyfwJzVtv,SKIN_CLEANING_AGENT,2019-07-30,1564498800
8472,R_Y4jCkfTFzvtw5SF,BODY_STRAP,2019-07-30,1564498800
8473,R_Y4jCkfTFzvtw5SF,TOYS_AND_GAMES,2019-07-30,1564498800
8474,R_Y4jCkfTFzvtw5SF,NUTRITIONAL_SUPPLEMENT,2019-07-30,1564498800
8475,R_bJI8lmXMZWL6oql,GROCERY,2019-07-30,1564498800
8476,R_bkquoGQp5VhpihP,SHIRT,2019-07-30,1564498800
8477,R_e8KTElZZLWryLWp,BATTERY,2019-07-30,1564498800
8478,R_e8KTElZZLWryLWp,TOGGLE_SWITCH,2019-07-30,1564498800
8479,R_e8KTElZZLWryLWp,VITAMIN,2019-07-30,1564498800
8480,R_e8KTElZZLWryLWp,ELECTRIC_FAN,2019-07-30,1564498800
8481,R_e8KTElZZLWryLWp,VITAMIN,2019-07-30,1564498800
8482,R_e8KTElZZLWryLWp,MAGNIFIER,2019-07-30,1564498800
8483,R_e8KTElZZLWryLWp,SKIN_CLEANING_AGENT,2019-07-30,1564498800
8484,R_e8KTElZZLWryLWp,PHYSICAL_MOVIE,2019-07-30,1564498800
8485,R_e8KTElZZLWryLWp,COFFEE_MAKER,2019-07-30,1564498800
8486,R_puS9dcuNnDHSZ8Z,VITAMIN,2019-07-30,1564498800
8487,R_puS9dcuNnDHSZ8Z,ABIS_BOOK,2019-07-30,1564498800
8488,R_tFf2GViNMUolxaV,SCREEN_PROTECTOR,2019-07-30,1564498800
8489,R_tFf2GViNMUolxaV,CAULKS,2019-07-30,1564498800
8490,R_vcsfXNFhlnqxtYd,SWIMWEAR,2019-07-30,1564498800
8491,R_vcsfXNFhlnqxtYd,PHYSICAL_MOVIE,2019-07-30,1564498800
8492,R_w5JAqptOytTan4J,ELECTRONIC_CABLE,2019-07-30,1564498800
8493,R_w5bE96azoKnM6Ih,VITAMIN,2019-07-30,1564498800
8494,R_yJz6aXbKddNbgZz,SNACK_FOOD_BAR,2019-07-30,1564498800
8495,R_yJz6aXbKddNbgZz,ELECTRONIC_CABLE,2019-07-30,1564498800
8496,R_zdLOP8JD2pe1brj,TOYS_AND_GAMES,2019-07-30,1564498800
8497,R_0D6GtQwa6VcnXpv,TOYS_AND_GAMES,2019-07-31,1564585200
8498,R_1C4tcyEfmcsKI9X,VITAMIN,2019-07-31,1564585200
8499,R_1C75XRebT1eliL0,NUTRITIONAL_SUPPLEMENT,2019-07-31,1564585200
8500,R_1Fyt6rHyiQcVOT8,CUFF_LINK,2019-07-31,1564585200
8501,R_1Fyt6rHyiQcVOT8,VITAMIN,2019-07-31,1564585200
8502,R_1Fyt6rHyiQcVOT8,CELLULAR_PHONE_CASE,2019-07-31,1564585200
8503,R_1Fyt6rHyiQcVOT8,ABIS_BOOK,2019-07-31,1564585200
8504,R_1HcpQT6Ffivx73P,PUZZLES,2019-07-31,1564585200
8505,R_1I4dnMKlrmtUP09,SKIN_MOISTURIZER,2019-07-31,1564585200
8506,R_1I4dnMKlrmtUP09,ABIS_BOOK,2019-07-31,1564585200
8507,R_1KloshKwV8MUAx4,HEALTH_PERSONAL_CARE,2019-07-31,1564585200
8508,R_1LMa9REuvUok05j,PHYSICAL_MOVIE,2019-07-31,1564585200
8509,R_1LY9mbPmeG2WbfE,BAKING_PAPER,2019-07-31,1564585200
8510,R_1MTbVUzYEQq2MzU,ABIS_BOOK,2019-07-31,1564585200
8511,R_1MTbVUzYEQq2MzU,FIDGET_TOY_SPINNER,2019-07-31,1564585200
8512,R_1Oov0G05pkQnKNn,ELECTRONIC_CABLE,2019-07-31,1564585200
8513,R_1PUcgnVG2i0EBz4,CELLULAR_PHONE_CASE,2019-07-31,1564585200
8514,R_1PUcgnVG2i0EBz4,ABIS_BOOK,2019-07-31,1564585200
8515,R_1PUcgnVG2i0EBz4,PANTS,2019-07-31,1564585200
8516,R_1cYxarQPFQxNRHB,ABDOMINAL_EXERCISER,2019-07-31,1564585200
8517,R_1dAhJdFXHV5xmMG,HEALTH_PERSONAL_CARE,2019-07-31,1564585200
8518,R_1dppjLIFEdj7Kq5,GROCERY,2019-07-31,1564585200
8519,R_1dppjLIFEdj7Kq5,SHIRT,2019-07-31,1564585200
8520,R_1dppjLIFEdj7Kq5,HEALTH_PERSONAL_CARE,2019-07-31,1564585200
8521,R_1dyqbVnXomwItTl,LOCK,2019-07-31,1564585200
8522,R_1hFMTehZQIAcBvZ,MOUTHWASH,2019-07-31,1564585200
8523,R_1hMV4AHCk04WO5V,SHOES,2019-07-31,1564585200
8524,R_1hMV4AHCk04WO5V,PET_FOOD,2019-07-31,1564585200
8525,R_1jARg5bGH5uqAKW,PET_FOOD,2019-07-31,1564585200
8526,R_1l4zCtGUTvAWdS6,ABIS_BOOK,2019-07-31,1564585200
8527,R_1l4zCtGUTvAWdS6,HANDBAG,2019-07-31,1564585200
8528,R_1l4zCtGUTvAWdS6,DOWNLOADABLE_VIDEO_GAME,2019-07-31,1564585200
8529,R_1l4zCtGUTvAWdS6,CELLULAR_PHONE_CASE,2019-07-31,1564585200
8530,R_1l4zCtGUTvAWdS6,BABY_BOTTLE,2019-07-31,1564585200
8531,R_1l4zCtGUTvAWdS6,HANDBAG,2019-07-31,1564585200
8532,R_1mEmb9jWLRYCU4e,PET_FOOD,2019-07-31,1564585200
8533,R_1mEmb9jWLRYCU4e,HEALTH_PERSONAL_CARE,2019-07-31,1564585200
8534,R_1oFSDeGAQcUN2v8,TOOTH_WHITENER,2019-07-31,1564585200
8535,R_1zVJnDAfoFLamOd,PHYSICAL_MOVIE,2019-07-31,1564585200
8536,R_1zVJnDAfoFLamOd,MASCARA,2019-07-31,1564585200
8537,R_20O6baqxT4T2CbA,VITAMIN,2019-07-31,1564585200
8538,R_20Yd9DvrGselmZY,CONDITIONER,2019-07-31,1564585200
8539,R_20Z3XrmdVrFDp3r,BOXING_GLOVE,2019-07-31,1564585200
8540,R_20Z3XrmdVrFDp3r,SCREEN_PROTECTOR,2019-07-31,1564585200
8541,R_20Z3XrmdVrFDp3r,RULER,2019-07-31,1564585200
8542,R_21ttkGbeIL6HdlR,CYCLING_COMPUTER,2019-07-31,1564585200
8543,R_22AmuBuGI7iFD1n,PET_FOOD,2019-07-31,1564585200
8544,R_22AmuBuGI7iFD1n,CALENDAR,2019-07-31,1564585200
8545,R_24HjnyxNZEm32Xb,MAJOR_HOME_APPLIANCES,2019-07-31,1564585200
8546,R_24HjnyxNZEm32Xb,TOILET_PAPER_HOLDER,2019-07-31,1564585200
8547,R_24HjnyxNZEm32Xb,HEADPHONES,2019-07-31,1564585200
8548,R_273TMGuLM3jXisi,HEADPHONES,2019-07-31,1564585200
8549,R_2ASBFgthVbaGlF3,HEADPHONES,2019-07-31,1564585200
8550,R_2ASBFgthVbaGlF3,SNACK_FOOD_BAR,2019-07-31,1564585200
8551,R_2CJ9tQVGVUnaesS,TOGGLE_SWITCH,2019-07-31,1564585200
8552,R_2CJ9tQVGVUnaesS,BED_LINEN_SET,2019-07-31,1564585200
8553,R_2D6v6VH3RC5ZGC4,ELECTRONIC_CABLE,2019-07-31,1564585200
8554,R_2DSIdH6iUv9yJ8V,COFFEE,2019-07-31,1564585200
8555,R_2DSIdH6iUv9yJ8V,ANIMAL_LITTER,2019-07-31,1564585200
8556,R_2DSIdH6iUv9yJ8V,TOYS_AND_GAMES,2019-07-31,1564585200
8557,R_2DSIdH6iUv9yJ8V,COFFEE,2019-07-31,1564585200
8558,R_2DSIdH6iUv9yJ8V,CRIMPING_PLIERS,2019-07-31,1564585200
8559,R_2DSIdH6iUv9yJ8V,MINERAL_SUPPLEMENT,2019-07-31,1564585200
8560,R_2DSIdH6iUv9yJ8V,CRIMPING_PLIERS,2019-07-31,1564585200
8561,R_2DSIdH6iUv9yJ8V,MINERAL_SUPPLEMENT,2019-07-31,1564585200
8562,R_2DSIdH6iUv9yJ8V,SHIRT,2019-07-31,1564585200
8563,R_2DSIdH6iUv9yJ8V,CELLULAR_PHONE_CASE,2019-07-31,1564585200
8564,R_2DSIdH6iUv9yJ8V,PET_FOOD,2019-07-31,1564585200
8565,R_2DSIdH6iUv9yJ8V,SHIRT,2019-07-31,1564585200
8566,R_2DXPyU9bPnWuZPM,FISHING_REEL,2019-07-31,1564585200
8567,R_2EglJpTWGEiwQYa,BATTERY,2019-07-31,1564585200
8568,R_2EglJpTWGEiwQYa,UNDERPANTS,2019-07-31,1564585200
8569,R_2EglJpTWGEiwQYa,GROCERY,2019-07-31,1564585200
8570,R_2QM76i5yRebcpiD,SKIN_MOISTURIZER,2019-07-31,1564585200
8571,R_2QXJIE0UXBTy8wd,ABIS_BOOK,2019-07-31,1564585200
8572,R_2QXJIE0UXBTy8wd,VITAMIN,2019-07-31,1564585200
8573,R_2QXJIE0UXBTy8wd,HAIR_BRUSH,2019-07-31,1564585200
8574,R_2QXJIE0UXBTy8wd,ELECTRONIC_CABLE,2019-07-31,1564585200
8575,R_2QXJIE0UXBTy8wd,DAIRY_BASED_ICE_CREAM,2019-07-31,1564585200
8576,R_2RUDh7piHU7frzt,UTILITY_CART_WAGON,2019-07-31,1564585200
8577,R_2RUDh7piHU7frzt,SKIN_MOISTURIZER,2019-07-31,1564585200
8578,R_2SIYchF5txvb4ur,SHOES,2019-07-31,1564585200
8579,R_2Ser7goSgo0gVBj,SPORTING_GOODS,2019-07-31,1564585200
8580,R_2Ser7goSgo0gVBj,ABIS_BOOK,2019-07-31,1564585200
8581,R_2TXBHPMwNAwKR7Q,SHOES,2019-07-31,1564585200
8582,R_2WMQprO1e6US68f,VITAMIN,2019-07-31,1564585200
8583,R_2WumP0iKDvwiM2r,CAPACITOR,2019-07-31,1564585200
8584,R_2WumP0iKDvwiM2r,SKIN_CLEANING_AGENT,2019-07-31,1564585200
8585,R_2XoI6KbLJRGFz5X,GROCERY,2019-07-31,1564585200
8586,R_2XoI6KbLJRGFz5X,BATTERY,2019-07-31,1564585200
8587,R_2XoI6KbLJRGFz5X,MEDICATION,2019-07-31,1564585200
8588,R_2XoI6KbLJRGFz5X,TEMPORARY_HANGER_HOOK,2019-07-31,1564585200
8589,R_2XoI6KbLJRGFz5X,BEAUTY,2019-07-31,1564585200
8590,R_2XoI6KbLJRGFz5X,SKIN_TREATMENT_MASK,2019-07-31,1564585200
8591,R_2XoI6KbLJRGFz5X,SCREEN_PROTECTOR,2019-07-31,1564585200
8592,R_2XoI6KbLJRGFz5X,VITAMIN,2019-07-31,1564585200
8593,R_2YzwllA3OWyo30M,COFFEE_FILTER,2019-07-31,1564585200
8594,R_2YzwllA3OWyo30M,PHYSICAL_MOVIE,2019-07-31,1564585200
8595,R_2YzwllA3OWyo30M,SHIRT,2019-07-31,1564585200
8596,R_2YzwllA3OWyo30M,SHIRT,2019-07-31,1564585200
8597,R_2YzwllA3OWyo30M,VITAMIN,2019-07-31,1564585200
8598,R_2YzwllA3OWyo30M,PITCHER,2019-07-31,1564585200
8599,R_2cd9jCAamQMAsxe,SHOES,2019-07-31,1564585200
8600,R_2cd9jCAamQMAsxe,GROCERY,2019-07-31,1564585200
8601,R_2cd9jCAamQMAsxe,NAIL_FILE,2019-07-31,1564585200
8602,R_2cd9jCAamQMAsxe,HEADPHONES,2019-07-31,1564585200
8603,R_2dFHfsIqQ6eEtVW,HEADPHONES,2019-07-31,1564585200
8604,R_2ebzj3o225IisIQ,SHIRT,2019-07-31,1564585200
8605,R_2ebzj3o225IisIQ,PHYSICAL_MOVIE,2019-07-31,1564585200
8606,R_2ebzj3o225IisIQ,WALLET,2019-07-31,1564585200
8607,R_2fQoqPD5ygeWViN,GROCERY,2019-07-31,1564585200
8608,R_2fQoqPD5ygeWViN,SKIN_CLEANING_AGENT,2019-07-31,1564585200
8609,R_2fQoqPD5ygeWViN,MP3_PLAYER,2019-07-31,1564585200
8610,R_2fQoqPD5ygeWViN,BAKING_CHOCOLATE,2019-07-31,1564585200
8611,R_2fQoqPD5ygeWViN,HEADPHONES,2019-07-31,1564585200
8612,R_2mAJniG0xVBIInL,VIVARIUM,2019-07-31,1564585200
8613,R_2mAJniG0xVBIInL,GROCERY,2019-07-31,1564585200
8614,R_2mAJniG0xVBIInL,ABIS_BOOK,2019-07-31,1564585200
8615,R_2qD8ep8d313iLj4,ORTHOPEDIC_BRACE,2019-07-31,1564585200
8616,R_2tfHzrdo6EEaiWi,PHYSICAL_MOVIE,2019-07-31,1564585200
8617,R_2tfHzrdo6EEaiWi,ANIMAL_STAIR,2019-07-31,1564585200
8618,R_2uIMLcJgQmb0v3G,NUTRITIONAL_SUPPLEMENT,2019-07-31,1564585200
8619,R_2viT92732GnahDd,SELF_STICK_NOTE,2019-07-31,1564585200
8620,R_2vkMWH10xWp7o9s,GROCERY,2019-07-31,1564585200
8621,R_2vkMWH10xWp7o9s,OFFICE_PRODUCTS,2019-07-31,1564585200
8622,R_2vkMWH10xWp7o9s,ABIS_BOOK,2019-07-31,1564585200
8623,R_2zGy2Qj3ENruAYs,NUTRITIONAL_SUPPLEMENT,2019-07-31,1564585200
8624,R_31n2MLk9w05iLzN,GROCERY,2019-07-31,1564585200
8625,R_31n2MLk9w05iLzN,ABIS_BOOK,2019-07-31,1564585200
8626,R_32RSCpvF0PqDFBp,HANDLEBAR_GRIP,2019-07-31,1564585200
8627,R_32RSCpvF0PqDFBp,GROCERY,2019-07-31,1564585200
8628,R_32UZncFA03IrQwQ,TOYS_AND_GAMES,2019-07-31,1564585200
8629,R_32UZncFA03IrQwQ,DIGITAL_DEVICE_4,2019-07-31,1564585200
8630,R_32UZncFA03IrQwQ,BATTERY,2019-07-31,1564585200
8631,R_32UZncFA03IrQwQ,ELECTRONIC_CABLE,2019-07-31,1564585200
8632,R_33xxVtjHgiJnNli,ROASTING_PAN,2019-07-31,1564585200
8633,R_33xxVtjHgiJnNli,CLOTHES_HANGER,2019-07-31,1564585200
8634,R_3G1gYo1d23Zq8Np,JUICE_AND_JUICE_DRINK,2019-07-31,1564585200
8635,R_3G1gYo1d23Zq8Np,SURFACE_CLEANING_WIPE,2019-07-31,1564585200
8636,R_3GD1CL4OyjglmbZ,PANTS,2019-07-31,1564585200
8637,R_3Ge2RzIsoM2g5lL,MEDICATION,2019-07-31,1564585200
8638,R_3GiFHVWzYKHT1F5,MUSICAL_INSTRUMENT_TOY,2019-07-31,1564585200
8639,R_3GiFHVWzYKHT1F5,GROCERY,2019-07-31,1564585200
8640,R_3HLKIA2u3ZnY9lM,POWERSPORTS_VEHICLE_PART,2019-07-31,1564585200
8641,R_3JFAj4jTW4qftb2,BOTTLE,2019-07-31,1564585200
8642,R_3JFAj4jTW4qftb2,SKIN_CLEANING_AGENT,2019-07-31,1564585200
8643,R_3JK3aP5uRxffXiy,SHIRT,2019-07-31,1564585200
8644,R_3JK3aP5uRxffXiy,PANTS,2019-07-31,1564585200
8645,R_3KpaTa6zCZitiZG,SKIN_SERUM,2019-07-31,1564585200
8646,R_3M3RSZ7wNRSaxNx,TOYS_AND_GAMES,2019-07-31,1564585200
8647,R_3M3RSZ7wNRSaxNx,ABIS_BOOK,2019-07-31,1564585200
8648,R_3M3RSZ7wNRSaxNx,SKIN_CLEANING_AGENT,2019-07-31,1564585200
8649,R_3M3RSZ7wNRSaxNx,WRITING_INSTRUMENT,2019-07-31,1564585200
8650,R_3M3RSZ7wNRSaxNx,SHOELACE,2019-07-31,1564585200
8651,R_3M3RSZ7wNRSaxNx,HEADPHONES,2019-07-31,1564585200
8652,R_3M4EntiuPSB1ZJO,FOOD_SPATULA,2019-07-31,1564585200
8653,R_3Mc9nZhk6fg7b8z,HEALTH_PERSONAL_CARE,2019-07-31,1564585200
8654,R_3PcameSHVD10BZP,AMAZON_BOOK_READER_ACCESSORY,2019-07-31,1564585200
8655,R_3PcameSHVD10BZP,ELECTRONIC_CABLE,2019-07-31,1564585200
8656,R_3Pwa112XZRRejbA,WEARABLE_WEIGHT,2019-07-31,1564585200
8657,R_3Pwa112XZRRejbA,SCREWDRIVER,2019-07-31,1564585200
8658,R_3R3FfvTaRKxigNl,CELL_PHONE_HOLSTER,2019-07-31,1564585200
8659,R_3R3FfvTaRKxigNl,HEADPHONES,2019-07-31,1564585200
8660,R_3R3FfvTaRKxigNl,SKIN_MOISTURIZER,2019-07-31,1564585200
8661,R_3R3FfvTaRKxigNl,INDUSTRIAL_CASTERS,2019-07-31,1564585200
8662,R_3R3FfvTaRKxigNl,TOYS_AND_GAMES,2019-07-31,1564585200
8663,R_3R3FfvTaRKxigNl,CARRIER_BAG_CASE,2019-07-31,1564585200
8664,R_3R3FfvTaRKxigNl,CELL_PHONE_HOLSTER,2019-07-31,1564585200
8665,R_3ebnP0qUIQ7u38i,SNACK_FOOD_BAR,2019-07-31,1564585200
8666,R_3emmbwwsXsxt4Oj,HEALTH_PERSONAL_CARE,2019-07-31,1564585200
8667,R_3gTrwWhEzAv6gzH,TOYS_AND_GAMES,2019-07-31,1564585200
8668,R_3iJyVGzX7fyajRz,BATTERY,2019-07-31,1564585200
8669,R_3ik7mYg7wgFsyfj,HARDWARE_PLANER,2019-07-31,1564585200
8670,R_3jSvX9tw2goV083,HOOKAH,2019-07-31,1564585200
8671,R_3lMPFMytHOig2HO,PANTS,2019-07-31,1564585200
8672,R_3lMPFMytHOig2HO,LAUNDRY_DETERGENT,2019-07-31,1564585200
8673,R_3lYUnPKDsGA54tw,RUBBER_STAMP,2019-07-31,1564585200
8674,R_3lYUnPKDsGA54tw,VITAMIN,2019-07-31,1564585200
8675,R_3nH1Odp9Yjm86gN,TOOL_BELT,2019-07-31,1564585200
8676,R_3oO3DoeTgXHrEzx,MEDICATION,2019-07-31,1564585200
8677,R_3oO3DoeTgXHrEzx,GROCERY,2019-07-31,1564585200
8678,R_3oO3DoeTgXHrEzx,HEADPHONES,2019-07-31,1564585200
8679,R_3oO3DoeTgXHrEzx,PINBOARD,2019-07-31,1564585200
8680,R_3oO3DoeTgXHrEzx,SHIRT,2019-07-31,1564585200
8681,R_3oO3DoeTgXHrEzx,NUTRITIONAL_SUPPLEMENT,2019-07-31,1564585200
8682,R_3socPWD3wXD0iDP,TOYS_AND_GAMES,2019-07-31,1564585200
8683,R_4PhRzF4UI9ooLh7,SKIN_CLEANING_AGENT,2019-07-31,1564585200
8684,R_4PhRzF4UI9ooLh7,MICROWAVE_OVEN,2019-07-31,1564585200
8685,R_6SbhJD23U5a2YJX,PHYSICAL_MOVIE,2019-07-31,1564585200
8686,R_6SbhJD23U5a2YJX,FISH,2019-07-31,1564585200
8687,R_6SbhJD23U5a2YJX,ELECTRONIC_CABLE,2019-07-31,1564585200
8688,R_6m1QCIXstgjIo4p,PANTS,2019-07-31,1564585200
8689,R_9ppTjfBQZZs42WJ,SKIN_CLEANING_AGENT,2019-07-31,1564585200
8690,R_9ppTjfBQZZs42WJ,CELLULAR_PHONE_CASE,2019-07-31,1564585200
8691,R_9ppTjfBQZZs42WJ,VITAMIN,2019-07-31,1564585200
8692,R_9ppTjfBQZZs42WJ,ELECTRONIC_CABLE,2019-07-31,1564585200
8693,R_9ppTjfBQZZs42WJ,PANTS,2019-07-31,1564585200
8694,R_AKBlDprDMrv4M7v,CELLULAR_PHONE_CASE,2019-07-31,1564585200
8695,R_AM0OvM0F9kBvqal,CELLULAR_PHONE_CASE,2019-07-31,1564585200
8696,R_AM0OvM0F9kBvqal,CELLULAR_PHONE_CASE,2019-07-31,1564585200
8697,R_C3LfLBkg9TFvQnD,SKIN_MOISTURIZER,2019-07-31,1564585200
8698,R_C3LfLBkg9TFvQnD,SHOES,2019-07-31,1564585200
8699,R_C3LfLBkg9TFvQnD,PHYSICAL_MOVIE,2019-07-31,1564585200
8700,R_DBhzVeGIG4SLSYV,PHYSICAL_MOVIE,2019-07-31,1564585200
8701,R_O6ZX76mggPnAOfD,TOYS_AND_GAMES,2019-07-31,1564585200
8702,R_O6ZX76mggPnAOfD,SPROCKETS,2019-07-31,1564585200
8703,R_OkSi9IxX5ddzzl7,PILLOWCASE,2019-07-31,1564585200
8704,R_OkSi9IxX5ddzzl7,STORAGE_RACK,2019-07-31,1564585200
8705,R_PXSF6lxCnUB8Pg5,SCISSORS,2019-07-31,1564585200
8706,R_PXSF6lxCnUB8Pg5,ELECTRONIC_CABLE,2019-07-31,1564585200
8707,R_PXSF6lxCnUB8Pg5,SHOES,2019-07-31,1564585200
8708,R_PXSF6lxCnUB8Pg5,TRACK_SUIT,2019-07-31,1564585200
8709,R_PwlnzzccUMXV0n7,CELLULAR_PHONE_CASE,2019-07-31,1564585200
8710,R_PwlnzzccUMXV0n7,HEADPHONE_EARPAD,2019-07-31,1564585200
8711,R_PwlnzzccUMXV0n7,MOTOR_ENGINE_FUEL_TANK,2019-07-31,1564585200
8712,R_Qp7pqfzWe3Qmcrn,ABIS_BOOK,2019-07-31,1564585200
8713,R_Qp7pqfzWe3Qmcrn,HEADPHONES,2019-07-31,1564585200
8714,R_Qp7pqfzWe3Qmcrn,BATHTUB_SHOWER_TRIM_KIT,2019-07-31,1564585200
8715,R_RPudbSO1mm9KZSp,FLAME_WICK,2019-07-31,1564585200
8716,R_RlYyUhsDFvyGwX7,HEALTH_PERSONAL_CARE,2019-07-31,1564585200
8717,R_RlYyUhsDFvyGwX7,SKIN_CLEANING_AGENT,2019-07-31,1564585200
8718,R_RlYyUhsDFvyGwX7,ABIS_BOOK,2019-07-31,1564585200
8719,R_Rw7CA3irllJSRH3,SCREEN_PROTECTOR,2019-07-31,1564585200
8720,R_Rw7CA3irllJSRH3,SPOON_REST,2019-07-31,1564585200
8721,R_Rw7CA3irllJSRH3,AROMA_DIFFUSER,2019-07-31,1564585200
8722,R_Rw7CA3irllJSRH3,NUTRITIONAL_SUPPLEMENT,2019-07-31,1564585200
8723,R_Rw7CA3irllJSRH3,SWORD,2019-07-31,1564585200
8724,R_SE2qI33L0z1rw2J,HEALTH_PERSONAL_CARE,2019-07-31,1564585200
8725,R_UEke64xAaOG3mTf,LIGHTED_OUTDOOR_DISPLAY,2019-07-31,1564585200
8726,R_UEke64xAaOG3mTf,POWERSPORTS_PROTECTIVE_GEAR,2019-07-31,1564585200
8727,R_UEke64xAaOG3mTf,HEALTH_PERSONAL_CARE,2019-07-31,1564585200
8728,R_UEke64xAaOG3mTf,TOYS_AND_GAMES,2019-07-31,1564585200
8729,R_UEke64xAaOG3mTf,SCREWDRIVER,2019-07-31,1564585200
8730,R_UEke64xAaOG3mTf,LIGHTED_OUTDOOR_DISPLAY,2019-07-31,1564585200
8731,R_UEke64xAaOG3mTf,PET_FOOD,2019-07-31,1564585200
8732,R_UEke64xAaOG3mTf,CULINARY_SALT,2019-07-31,1564585200
8733,R_UVM6YBvaArzpRjb,GROCERY,2019-07-31,1564585200
8734,R_Ui78k1hRGuGWhln,SCREEN_PROTECTOR,2019-07-31,1564585200
8735,R_XSu10jIDimUl5m1,CHEWING_GUM,2019-07-31,1564585200
8736,R_XSu10jIDimUl5m1,PHYSICAL_MOVIE,2019-07-31,1564585200
8737,R_XuCuybjxPer1OeJ,SHOES,2019-07-31,1564585200
8738,R_Y4jCkfTFzvtw5SF,ABIS_BOOK,2019-07-31,1564585200
8739,R_b8UnkZJoU93ZxEB,SNACK_FOOD_BAR,2019-07-31,1564585200
8740,R_b8UnkZJoU93ZxEB,GROCERY,2019-07-31,1564585200
8741,R_b8UnkZJoU93ZxEB,MEDICATION,2019-07-31,1564585200
8742,R_bkquoGQp5VhpihP,BEVERAGE,2019-07-31,1564585200
8743,R_e8KTElZZLWryLWp,COSMETIC_SPONGE,2019-07-31,1564585200
8744,R_e8KTElZZLWryLWp,SNACK_FOOD_BAR,2019-07-31,1564585200
8745,R_e8KTElZZLWryLWp,SCREEN_PROTECTOR,2019-07-31,1564585200
8746,R_pMnqpu31myYoxy1,PHYSICAL_MOVIE,2019-07-31,1564585200
8747,R_pMnqpu31myYoxy1,CHEMICAL_TEST_STRIP,2019-07-31,1564585200
8748,R_pRWnSKTREPIwpSF,VITAMIN,2019-07-31,1564585200
8749,R_pRWnSKTREPIwpSF,VITAMIN,2019-07-31,1564585200
8750,R_pRWnSKTREPIwpSF,CLIMBING_PLANT_SUPPORT_STRUCTURE,2019-07-31,1564585200
8751,R_qxTrp3qz2YCQAnv,RAZOR_BLADE_CARTRIDGE,2019-07-31,1564585200
8752,R_reG3llJtTwO6ccV,SNACK_FOOD_BAR,2019-07-31,1564585200
8753,R_snaR9M3EsTpcPi9,SKIN_MOISTURIZER,2019-07-31,1564585200
8754,R_snaR9M3EsTpcPi9,NUTRITIONAL_SUPPLEMENT,2019-07-31,1564585200
8755,R_snaR9M3EsTpcPi9,HEALTH_PERSONAL_CARE,2019-07-31,1564585200
8756,R_swfIN0JgX72IbMl,SKIN_CLEANING_AGENT,2019-07-31,1564585200
8757,R_tJNLenUlMH5f4el,NUTRITIONAL_SUPPLEMENT,2019-07-31,1564585200
8758,R_xcs1aVCVrBlXkgV,SOLID_FIRE_FUEL,2019-07-31,1564585200
8759,R_xcs1aVCVrBlXkgV,GUITARS,2019-07-31,1564585200
8760,R_xcs1aVCVrBlXkgV,VITAMIN,2019-07-31,1564585200
8761,R_xmW6sCBJmFDlI8V,CELLULAR_PHONE_CASE,2019-07-31,1564585200
8762,R_xmW6sCBJmFDlI8V,VEHICLE_EMBLEM,2019-07-31,1564585200
8763,R_yC5ffbdBLVi93Pz,SNACK_FOOD_BAR,2019-07-31,1564585200
8764,R_yJz6aXbKddNbgZz,MEDICATION,2019-07-31,1564585200
8765,R_yJz6aXbKddNbgZz,MEDICATION,2019-07-31,1564585200
8766,R_yPgyGUixTuXuX5v,SEWING_MACHINE,2019-07-31,1564585200
8767,R_z1mFB9Qp9HSTCIV,BATTERY,2019-07-31,1564585200
8768,R_z1mFB9Qp9HSTCIV,SELF_STICK_NOTE,2019-07-31,1564585200
8769,R_zfnsck2ZatnGtY5,SCREEN_PROTECTOR,2019-07-31,1564585200
