,user_id,item_id,date,timestamp
0,R_0f8u2tSB99LkgCt,FOOD_SMOKER,2020-02-01,1580569200
1,R_10CAlrx7dbJty9R,WIRE_STRIPPER,2020-02-01,1580569200
2,R_10TA7pCDmelHi5H,FOOD_SCOOP,2020-02-01,1580569200
3,R_10TV1zyi4yCEEkl,SCULPTURE,2020-02-01,1580569200
4,R_129jUlsvVcVBDur,NUTRITIONAL_SUPPLEMENT,2020-02-01,1580569200
5,R_129jUlsvVcVBDur,HEALTH_PERSONAL_CARE,2020-02-01,1580569200
6,R_129jUlsvVcVBDur,SKIN_MOISTURIZER,2020-02-01,1580569200
7,R_129jUlsvVcVBDur,SHOES,2020-02-01,1580569200
8,R_12QFQ7lCIls8sRd,TOYS_AND_GAMES,2020-02-01,1580569200
9,R_12QFQ7lCIls8sRd,TOYS_AND_GAMES,2020-02-01,1580569200
10,R_1C9YUFD8GunlGej,SKIN_CLEANING_AGENT,2020-02-01,1580569200
11,R_1C9YUFD8GunlGej,TOY_FIGURE,2020-02-01,1580569200
12,R_1CDqTWLWIk642Vp,PET_FOOD,2020-02-01,1580569200
13,R_1DJ4QJgrJwK7g3Y,PANTS,2020-02-01,1580569200
14,R_1DJ4QJgrJwK7g3Y,VDO_DEVICES,2020-02-01,1580569200
15,R_1DJ4QJgrJwK7g3Y,PET_FOOD,2020-02-01,1580569200
16,R_1DJ4QJgrJwK7g3Y,UNDERGARMENT_THIGH_SLIMMER,2020-02-01,1580569200
17,R_1DJ4QJgrJwK7g3Y,GROCERY,2020-02-01,1580569200
18,R_1DJ4QJgrJwK7g3Y,HEALTH_PERSONAL_CARE,2020-02-01,1580569200
19,R_1DJ4QJgrJwK7g3Y,SCREEN_PROTECTOR,2020-02-01,1580569200
20,R_1DYWdbAMt6LyCZH,CELLULAR_PHONE_CASE,2020-02-01,1580569200
21,R_1E3TJBNJVtr3tcD,BATTERY,2020-02-01,1580569200
22,R_1E3TJBNJVtr3tcD,BATTERY,2020-02-01,1580569200
23,R_1Fyt6rHyiQcVOT8,SHIRT,2020-02-01,1580569200
24,R_1Fyt6rHyiQcVOT8,GROCERY,2020-02-01,1580569200
25,R_1Fyt6rHyiQcVOT8,ABIS_BOOK,2020-02-01,1580569200
26,R_1Fyt6rHyiQcVOT8,GROCERY,2020-02-01,1580569200
27,R_1Fyt6rHyiQcVOT8,PET_FOOD,2020-02-01,1580569200
28,R_1IZrt5CyqgTg2Qe,SKIN_CARE_AGENT,2020-02-01,1580569200
29,R_1IZrt5CyqgTg2Qe,HOUSEHOLD_VARNISH,2020-02-01,1580569200
30,R_1KxVDxZl2H0XoHS,SHOES,2020-02-01,1580569200
31,R_1KxVDxZl2H0XoHS,VACUUM_FILTER,2020-02-01,1580569200
32,R_1KxVDxZl2H0XoHS,SHOES,2020-02-01,1580569200
33,R_1LMa9REuvUok05j,TOYS_AND_GAMES,2020-02-01,1580569200
34,R_1MJSWPNY1QR0Q68,GROCERY,2020-02-01,1580569200
35,R_1NCzj2eSHI4QGcd,EYELID_COLOR,2020-02-01,1580569200
36,R_1NlGZCWpxXc8mjn,SCREEN_PROTECTOR,2020-02-01,1580569200
37,R_1Q62CIVb2WAS8hB,MECHANICAL_BELT,2020-02-01,1580569200
38,R_1Q62CIVb2WAS8hB,BATTERY,2020-02-01,1580569200
39,R_1Q9JeeKncbbLcz0,PET_FOOD,2020-02-01,1580569200
40,R_1Q9JeeKncbbLcz0,ABIS_BOOK,2020-02-01,1580569200
41,R_1Q9JeeKncbbLcz0,ABIS_BOOK,2020-02-01,1580569200
42,R_1QKu8qtvgo0d1uS,TOYS_AND_GAMES,2020-02-01,1580569200
43,R_1QKu8qtvgo0d1uS,CAN_OPENER,2020-02-01,1580569200
44,R_1dKBjc0UTA0ZiYb,ABIS_BOOK,2020-02-01,1580569200
45,R_1dKBjc0UTA0ZiYb,PHYSICAL_MOVIE,2020-02-01,1580569200
46,R_1dKBjc0UTA0ZiYb,HEALTH_PERSONAL_CARE,2020-02-01,1580569200
47,R_1dKBjc0UTA0ZiYb,NUTRITIONAL_SUPPLEMENT,2020-02-01,1580569200
48,R_1dKBjc0UTA0ZiYb,PET_FOOD,2020-02-01,1580569200
49,R_1dKBjc0UTA0ZiYb,LASER_PRINTER_TONER,2020-02-01,1580569200
50,R_1escXXhyvAgsBYq,SOCKS,2020-02-01,1580569200
51,R_1escXXhyvAgsBYq,SPORTING_GOODS,2020-02-01,1580569200
52,R_1jARg5bGH5uqAKW,HEALTH_PERSONAL_CARE,2020-02-01,1580569200
53,R_1jARg5bGH5uqAKW,LADDER,2020-02-01,1580569200
54,R_1jARg5bGH5uqAKW,ELECTRONIC_CABLE,2020-02-01,1580569200
55,R_1kIbViWVBImEaHV,ABIS_BOOK,2020-02-01,1580569200
56,R_1kIbViWVBImEaHV,HOUSEHOLD_STAIN,2020-02-01,1580569200
57,R_1kLdd31W284Angd,MEDICATION,2020-02-01,1580569200
58,R_1mxX9jjBSLwxiDU,ZIPPER_FASTENER,2020-02-01,1580569200
59,R_1obwpb6iowh7vew,NUTRITIONAL_SUPPLEMENT,2020-02-01,1580569200
60,R_1pm2Wo5wrQSY0Gm,SHIRT,2020-02-01,1580569200
61,R_1pm2Wo5wrQSY0Gm,SKIN_CLEANING_AGENT,2020-02-01,1580569200
62,R_1q4eVtHN10S5gPB,SWIM_CAP,2020-02-01,1580569200
63,R_20O6baqxT4T2CbA,GROCERY,2020-02-01,1580569200
64,R_20O6baqxT4T2CbA,SKIN_MOISTURIZER,2020-02-01,1580569200
65,R_210tLKdUbUZuf7O,SKIN_CLEANING_AGENT,2020-02-01,1580569200
66,R_23enipHqTsjcQfN,SHOES,2020-02-01,1580569200
67,R_24MKoSmvuiLEI76,ELECTROMECHANICAL_GAUGE,2020-02-01,1580569200
68,R_24MKoSmvuiLEI76,PET_FOOD,2020-02-01,1580569200
69,R_24csoaO569P4Yzz,SHOES,2020-02-01,1580569200
70,R_25thHabUddjXGzt,CELLULAR_PHONE_CASE,2020-02-01,1580569200
71,R_26nB6rfoaXIEb6Z,VITAMIN,2020-02-01,1580569200
72,R_273TMGuLM3jXisi,BATH_SAFETY_SEATING,2020-02-01,1580569200
73,R_277i50HinKYVoY9,OIL_FILTER,2020-02-01,1580569200
74,R_28BST1zc80UaP2C,SHIRT,2020-02-01,1580569200
75,R_28BST1zc80UaP2C,NUTRITIONAL_SUPPLEMENT,2020-02-01,1580569200
76,R_28SckJ1LanzFPvD,HEALTH_PERSONAL_CARE,2020-02-01,1580569200
77,R_29tYnNf049lSPEe,VITAMIN,2020-02-01,1580569200
78,R_29tZUWisKTCWczv,PHYSICAL_MOVIE,2020-02-01,1580569200
79,R_2B38co9cwVRvVZA,SEASONING_MILL,2020-02-01,1580569200
80,R_2BtA3kIOBjhD26o,WASTE_BAG,2020-02-01,1580569200
81,R_2BtA3kIOBjhD26o,MOUNT_BRACKET,2020-02-01,1580569200
82,R_2D1zydYR5SZ0LpK,PROTEIN_DRINK,2020-02-01,1580569200
83,R_2DSIdH6iUv9yJ8V,NUTRITIONAL_SUPPLEMENT,2020-02-01,1580569200
84,R_2DSIdH6iUv9yJ8V,PAPER_PRODUCT,2020-02-01,1580569200
85,R_2DSIdH6iUv9yJ8V,SKIN_CLEANING_AGENT,2020-02-01,1580569200
86,R_2DSIdH6iUv9yJ8V,SNACK_FOOD_BAR,2020-02-01,1580569200
87,R_2DSIdH6iUv9yJ8V,COFFEE,2020-02-01,1580569200
88,R_2DSIdH6iUv9yJ8V,PET_FOOD,2020-02-01,1580569200
89,R_2DSIdH6iUv9yJ8V,GROCERY,2020-02-01,1580569200
90,R_2DSIdH6iUv9yJ8V,HERBAL_SUPPLEMENT,2020-02-01,1580569200
91,R_2DSIdH6iUv9yJ8V,SCREEN_PROTECTOR,2020-02-01,1580569200
92,R_2DSIdH6iUv9yJ8V,SOUS_VIDE_MACHINE,2020-02-01,1580569200
93,R_2DSIdH6iUv9yJ8V,HEADPHONES,2020-02-01,1580569200
94,R_2DSmjafbkSAict9,SKIN_CLEANING_AGENT,2020-02-01,1580569200
95,R_2E9JSBmmNNT5YMi,PERSONAL_FLOTATION_DEVICE,2020-02-01,1580569200
96,R_2E9JSBmmNNT5YMi,PRINT_COPY_PAPER,2020-02-01,1580569200
97,R_2EglJpTWGEiwQYa,HEALTH_PERSONAL_CARE,2020-02-01,1580569200
98,R_2QEQOSl4i81CHb1,HEADPHONES,2020-02-01,1580569200
99,R_2VaWg2jhtCG6zmh,BAKING_MAT,2020-02-01,1580569200
100,R_2VaWg2jhtCG6zmh,HEALTH_PERSONAL_CARE,2020-02-01,1580569200
101,R_2VaWg2jhtCG6zmh,GROCERY,2020-02-01,1580569200
102,R_2WAagX64hf1kdMI,SHIRT,2020-02-01,1580569200
103,R_2XoI6KbLJRGFz5X,HAIR_STYLING_AGENT,2020-02-01,1580569200
104,R_2XoI6KbLJRGFz5X,CELLULAR_PHONE_CASE,2020-02-01,1580569200
105,R_2YVQQRVSdj7M8Va,TOYS_AND_GAMES,2020-02-01,1580569200
106,R_2YVQQRVSdj7M8Va,VITAMIN,2020-02-01,1580569200
107,R_2YVQQRVSdj7M8Va,SHORTS,2020-02-01,1580569200
108,R_2YVQQRVSdj7M8Va,VITAMIN,2020-02-01,1580569200
109,R_2q2hekIiutgInrE,PET_FOOD,2020-02-01,1580569200
110,R_2q2hekIiutgInrE,BATTERY,2020-02-01,1580569200
111,R_2q2hekIiutgInrE,PHYSICAL_MOVIE,2020-02-01,1580569200
112,R_2q2hekIiutgInrE,BATTERY,2020-02-01,1580569200
113,R_2q2hekIiutgInrE,SHIRT,2020-02-01,1580569200
114,R_2q2hekIiutgInrE,MEDICATION,2020-02-01,1580569200
115,R_2ri4RVtvkxnZzHj,NUT_BUTTER,2020-02-01,1580569200
116,R_2ri4RVtvkxnZzHj,PET_FOOD,2020-02-01,1580569200
117,R_2tEuzX0j3530EZC,FACE_SHIELD,2020-02-01,1580569200
118,R_2wHwNZWEecJflLc,MEDICATION,2020-02-01,1580569200
119,R_2wHwNZWEecJflLc,OUTBOARD_MOTOR,2020-02-01,1580569200
120,R_2yplkUxhAWZaFUL,VITAMIN,2020-02-01,1580569200
121,R_2zD58KSXqhHfp5e,CAPACITOR,2020-02-01,1580569200
122,R_2zx8WHXVF7bHyh3,ELECTRONIC_CABLE,2020-02-01,1580569200
123,R_2zx8WHXVF7bHyh3,CISTERN,2020-02-01,1580569200
124,R_2zx8WHXVF7bHyh3,STAPLER,2020-02-01,1580569200
125,R_2zx8WHXVF7bHyh3,SHIRT,2020-02-01,1580569200
126,R_2zx8WHXVF7bHyh3,SCREEN_PROTECTOR,2020-02-01,1580569200
127,R_30kPg5opkenrGPb,PHYSICAL_MOVIE,2020-02-01,1580569200
128,R_30pLPRle51eRImG,SKIN_CLEANING_AGENT,2020-02-01,1580569200
129,R_31ixLIfyf3xt0RM,SKIN_CLEANING_AGENT,2020-02-01,1580569200
130,R_33jcUkAZ8knoq82,SKIN_CLEANING_AGENT,2020-02-01,1580569200
131,R_33jcUkAZ8knoq82,SNACK_FOOD_BAR,2020-02-01,1580569200
132,R_3EF2sOVmTNA4e3u,BEAUTY,2020-02-01,1580569200
133,R_3EF2sOVmTNA4e3u,HEADPHONES,2020-02-01,1580569200
134,R_3EF2sOVmTNA4e3u,STORAGE_BAG,2020-02-01,1580569200
135,R_3EF2sOVmTNA4e3u,HEADPHONES,2020-02-01,1580569200
136,R_3EF2sOVmTNA4e3u,WRITING_INSTRUMENT,2020-02-01,1580569200
137,R_3G1gYo1d23Zq8Np,SKIN_MOISTURIZER,2020-02-01,1580569200
138,R_3G1gYo1d23Zq8Np,COOLING_RACK,2020-02-01,1580569200
139,R_3G1gYo1d23Zq8Np,CELLULAR_PHONE_CASE,2020-02-01,1580569200
140,R_3G1gYo1d23Zq8Np,ADHESIVE_TAPES,2020-02-01,1580569200
141,R_3GD1CL4OyjglmbZ,INKJET_PRINTER_INK,2020-02-01,1580569200
142,R_3GD1CL4OyjglmbZ,SNACK_FOOD_BAR,2020-02-01,1580569200
143,R_3HLKIA2u3ZnY9lM,SKIN_MOISTURIZER,2020-02-01,1580569200
144,R_3HLKIA2u3ZnY9lM,NUTRITIONAL_SUPPLEMENT,2020-02-01,1580569200
145,R_3HUOVBSzChkQaNg,COSMETIC_CASE,2020-02-01,1580569200
146,R_3HgZOjGq4Ny969k,DRYER,2020-02-01,1580569200
147,R_3Hphzg7zu04Hgy1,INFANT_TODDLER_CAR_SEAT,2020-02-01,1580569200
148,R_3HzRfw5sNEvrFRf,SHIRT,2020-02-01,1580569200
149,R_3J8UIMbwljBx6df,HEADPHONES,2020-02-01,1580569200
150,R_3J8UIMbwljBx6df,SHIPPING_BOX,2020-02-01,1580569200
151,R_3J8UIMbwljBx6df,AUTO_ACCESSORY,2020-02-01,1580569200
152,R_3J8UIMbwljBx6df,TOYS_AND_GAMES,2020-02-01,1580569200
153,R_3Jxiicg67etW2yt,HEADPHONES,2020-02-01,1580569200
154,R_3L8dgu12mdk2UVH,SKIN_MOISTURIZER,2020-02-01,1580569200
155,R_3LXRVZSdJiqH63S,HEADPHONES,2020-02-01,1580569200
156,R_3LXRVZSdJiqH63S,SCREEN_PROTECTOR,2020-02-01,1580569200
157,R_3MMW2ivCFCtjHIe,SKIN_MOISTURIZER,2020-02-01,1580569200
158,R_3MMW2ivCFCtjHIe,POTABLE_WATER_FILTER,2020-02-01,1580569200
159,R_3MyEdXOZ8P75S1V,SOCKS,2020-02-01,1580569200
160,R_3NwUrzA3eAsS3xO,PANTS,2020-02-01,1580569200
161,R_3NwUrzA3eAsS3xO,POWER_STRIP,2020-02-01,1580569200
162,R_3OiAK9V155cWEsy,ABRASIVE_BRUSH,2020-02-01,1580569200
163,R_3OiAK9V155cWEsy,MEDICATION,2020-02-01,1580569200
164,R_3PUi8o2if0JqKfl,PHYSICAL_MOVIE,2020-02-01,1580569200
165,R_3PUi8o2if0JqKfl,TRIVET,2020-02-01,1580569200
166,R_3Pwa112XZRRejbA,NUTRITIONAL_SUPPLEMENT,2020-02-01,1580569200
167,R_3Pwa112XZRRejbA,BATTERY,2020-02-01,1580569200
168,R_3Pwa112XZRRejbA,HEALTH_PERSONAL_CARE,2020-02-01,1580569200
169,R_3Pwa112XZRRejbA,HEALTH_PERSONAL_CARE,2020-02-01,1580569200
170,R_3Pwa112XZRRejbA,TOYS_AND_GAMES,2020-02-01,1580569200
171,R_3QE72T2NXn4ninT,MEDICATION,2020-02-01,1580569200
172,R_3QE72T2NXn4ninT,TOYS_AND_GAMES,2020-02-01,1580569200
173,R_3R3FfvTaRKxigNl,SHOES,2020-02-01,1580569200
174,R_3R3FfvTaRKxigNl,SCREEN_PROTECTOR,2020-02-01,1580569200
175,R_3R3FfvTaRKxigNl,SKIN_MOISTURIZER,2020-02-01,1580569200
176,R_3R3FfvTaRKxigNl,SWEATBAND,2020-02-01,1580569200
177,R_3enuyEOsaEVxTNX,CELLULAR_PHONE_CASE,2020-02-01,1580569200
178,R_3enuyEOsaEVxTNX,CELLULAR_PHONE_CASE,2020-02-01,1580569200
179,R_3ez7TNnB78XtMa7,SHIRT,2020-02-01,1580569200
180,R_3flZSxKV8ViX1H4,EDIBLE_OIL_VEGETABLE,2020-02-01,1580569200
181,R_3h3VYxug5MmQXfO,CRAFT_WOOD,2020-02-01,1580569200
182,R_3m4y20RcmogDzZl,BODY_POSITIONER,2020-02-01,1580569200
183,R_3m4y20RcmogDzZl,LICENSE_PLATE_ATTACHMENT,2020-02-01,1580569200
184,R_3m4y20RcmogDzZl,MEDICATION,2020-02-01,1580569200
185,R_3m4y20RcmogDzZl,NUTRITIONAL_SUPPLEMENT,2020-02-01,1580569200
186,R_3m4y20RcmogDzZl,LICENSE_PLATE_ATTACHMENT,2020-02-01,1580569200
187,R_3mm166mlwrLpf6y,SUGAR_CANDY,2020-02-01,1580569200
188,R_3mm166mlwrLpf6y,CYCLING_TIRE,2020-02-01,1580569200
189,R_3nA7SneXu81knN1,SKIN_MOISTURIZER,2020-02-01,1580569200
190,R_3nA7SneXu81knN1,COOLING_RACK,2020-02-01,1580569200
191,R_3nN7gDrlTTNu9A9,BAR_CODE_READER,2020-02-01,1580569200
192,R_3no1gEkp3pV72Nn,CELLULAR_PHONE_CASE,2020-02-01,1580569200
193,R_3no1gEkp3pV72Nn,SHIRT,2020-02-01,1580569200
194,R_3no1gEkp3pV72Nn,PHYSICAL_MOVIE,2020-02-01,1580569200
195,R_3qTFp0FJqUeMhVZ,GROCERY,2020-02-01,1580569200
196,R_3qTFp0FJqUeMhVZ,VITAMIN,2020-02-01,1580569200
197,R_3qTFp0FJqUeMhVZ,SHOES,2020-02-01,1580569200
198,R_3qTFp0FJqUeMhVZ,BATTERY,2020-02-01,1580569200
199,R_3qTFp0FJqUeMhVZ,CAMERA_CONTINUOUS_LIGHT,2020-02-01,1580569200
200,R_3qlnIILTEuzSyGe,HEADPHONES,2020-02-01,1580569200
201,R_3qrqbddZ7eR9KW8,SHOES,2020-02-01,1580569200
202,R_3rSVzZdjthhnCx0,SKIN_CLEANING_AGENT,2020-02-01,1580569200
203,R_3rSVzZdjthhnCx0,SHELLFISH,2020-02-01,1580569200
204,R_3socPWD3wXD0iDP,PUNCHING_BAG,2020-02-01,1580569200
205,R_4PhRzF4UI9ooLh7,SHOES,2020-02-01,1580569200
206,R_6gwxeBuC9V7nKsF,SCREEN_PROTECTOR,2020-02-01,1580569200
207,R_8CXcySQawXPuJwJ,SKIN_MOISTURIZER,2020-02-01,1580569200
208,R_8pMsG4P0RqzoSlz,SKIN_CLEANING_AGENT,2020-02-01,1580569200
209,R_8pMsG4P0RqzoSlz,PET_FOOD,2020-02-01,1580569200
210,R_8pMsG4P0RqzoSlz,NUTRITIONAL_SUPPLEMENT,2020-02-01,1580569200
211,R_AEBbAiW2xdXI2at,BATTERY,2020-02-01,1580569200
212,R_AKBlDprDMrv4M7v,MEDICATION,2020-02-01,1580569200
213,R_BWAjcs1sKUc6NQl,HANDBAG,2020-02-01,1580569200
214,R_BWhnv4EdbhSS6rf,FRUIT_SNACK,2020-02-01,1580569200
215,R_BWhnv4EdbhSS6rf,ELECTRONIC_CABLE,2020-02-01,1580569200
216,R_O6ZX76mggPnAOfD,BOLTS,2020-02-01,1580569200
217,R_O6ZX76mggPnAOfD,BOLTS,2020-02-01,1580569200
218,R_O9FzIlCvCxllJSN,SOCKSHOSIERY,2020-02-01,1580569200
219,R_OdTirYYBS6ms6nn,LUXURY_BEAUTY,2020-02-01,1580569200
220,R_OdTirYYBS6ms6nn,PORTABLE_ELECTRONIC_DEVICE_MOUNT,2020-02-01,1580569200
221,R_OdTirYYBS6ms6nn,MEDICATION,2020-02-01,1580569200
222,R_OdTirYYBS6ms6nn,SHIRT,2020-02-01,1580569200
223,R_OdTirYYBS6ms6nn,BATTERY,2020-02-01,1580569200
224,R_OdTirYYBS6ms6nn,NUTRITIONAL_SUPPLEMENT,2020-02-01,1580569200
225,R_PHgbX4EoPqUsLjb,LAMP,2020-02-01,1580569200
226,R_XYsrPCXL5N6boad,CELLULAR_PHONE_CASE,2020-02-01,1580569200
227,R_XYsrPCXL5N6boad,PET_FOOD,2020-02-01,1580569200
228,R_XYsrPCXL5N6boad,DAILY_LIVING_AIDS,2020-02-01,1580569200
229,R_XYsrPCXL5N6boad,WILDLIFE_FEEDER,2020-02-01,1580569200
230,R_XYsrPCXL5N6boad,PHYSICAL_MOVIE,2020-02-01,1580569200
231,R_XYsrPCXL5N6boad,SKIN_MOISTURIZER,2020-02-01,1580569200
232,R_XYsrPCXL5N6boad,SCREEN_PROTECTOR,2020-02-01,1580569200
233,R_Z4qMkqhWSmIbdSh,HEALTH_PERSONAL_CARE,2020-02-01,1580569200
234,R_ZIBCd5K8oQRXdm1,MEDICAL_COMPRESSION_GARMENT,2020-02-01,1580569200
235,R_b3NWnTBcFyWqXjH,GROCERY,2020-02-01,1580569200
236,R_b3NWnTBcFyWqXjH,TOYS_AND_GAMES,2020-02-01,1580569200
237,R_b3NWnTBcFyWqXjH,NUTRITIONAL_SUPPLEMENT,2020-02-01,1580569200
238,R_b8UnkZJoU93ZxEB,ABIS_BOOK,2020-02-01,1580569200
239,R_b8UnkZJoU93ZxEB,CELLULAR_PHONE_CASE,2020-02-01,1580569200
240,R_b8UnkZJoU93ZxEB,PHOTOGRAPHIC_FILM,2020-02-01,1580569200
241,R_b94CAnrDM9JIx4R,ELECTRONIC_CABLE,2020-02-01,1580569200
242,R_blmQEhOrCwpqG4x,MONITOR,2020-02-01,1580569200
243,R_blmQEhOrCwpqG4x,SCREEN_PROTECTOR,2020-02-01,1580569200
244,R_blmQEhOrCwpqG4x,SKIN_MOISTURIZER,2020-02-01,1580569200
245,R_blmQEhOrCwpqG4x,ONE_PIECE_OUTFIT,2020-02-01,1580569200
246,R_blmQEhOrCwpqG4x,PET_FOOD,2020-02-01,1580569200
247,R_blmQEhOrCwpqG4x,PET_SUPPLIES,2020-02-01,1580569200
248,R_bvB6935ZyXpoL5v,SCREEN_PROTECTOR,2020-02-01,1580569200
249,R_bw2nQ0iRh2wCa8p,BATTERY,2020-02-01,1580569200
250,R_cAcAtozIWnZIbGp,SHOES,2020-02-01,1580569200
251,R_d5O7dqvA1EWCrPb,ELECTRONIC_CABLE,2020-02-01,1580569200
252,R_e8KTElZZLWryLWp,SKIN_CLEANING_AGENT,2020-02-01,1580569200
253,R_pMnqpu31myYoxy1,JUICE_AND_JUICE_DRINK,2020-02-01,1580569200
254,R_pMnqpu31myYoxy1,SKIN_MOISTURIZER,2020-02-01,1580569200
255,R_pMnqpu31myYoxy1,GROCERY,2020-02-01,1580569200
256,R_pMnqpu31myYoxy1,GROCERY,2020-02-01,1580569200
257,R_pMnqpu31myYoxy1,SKIN_MOISTURIZER,2020-02-01,1580569200
258,R_pMnqpu31myYoxy1,HOME,2020-02-01,1580569200
259,R_pMnqpu31myYoxy1,PANTS,2020-02-01,1580569200
260,R_plnyqyltsGtao9P,SKIN_CLEANING_AGENT,2020-02-01,1580569200
261,R_r1oTDkv1OlGnNuN,SNACK_FOOD_BAR,2020-02-01,1580569200
262,R_r1oTDkv1OlGnNuN,TOYS_AND_GAMES,2020-02-01,1580569200
263,R_uqbcSq7y153jKmZ,CAN_OPENER,2020-02-01,1580569200
264,R_x969WzGgXuE1CuJ,PANTS,2020-02-01,1580569200
265,R_x969WzGgXuE1CuJ,BRA,2020-02-01,1580569200
266,R_x969WzGgXuE1CuJ,PET_FOOD,2020-02-01,1580569200
267,R_yRaAO89bhwJb9xD,ABIS_VIDEO,2020-02-01,1580569200
268,R_yrLrYUf4oFzOnjb,VITAMIN,2020-02-01,1580569200
269,R_z1mFB9Qp9HSTCIV,SKIN_MOISTURIZER,2020-02-01,1580569200
270,R_zTf2i6s3E2OQZQR,ELECTRONIC_CABLE,2020-02-01,1580569200
271,R_zdLOP8JD2pe1brj,FOOD_GLITTER_SPRINKLE,2020-02-01,1580569200
272,R_0f8u2tSB99LkgCt,GLITTER,2020-02-02,1580655600
273,R_10TV1zyi4yCEEkl,NUTRITIONAL_SUPPLEMENT,2020-02-02,1580655600
274,R_10YnFpDzlwQlmrX,SNACK_FOOD_BAR,2020-02-02,1580655600
275,R_129jUlsvVcVBDur,ABIS_BOOK,2020-02-02,1580655600
276,R_1BWAygjxkFXfxql,ABIS_BOOK,2020-02-02,1580655600
277,R_1BWAygjxkFXfxql,WEATHER_STRIPPING,2020-02-02,1580655600
278,R_1BWAygjxkFXfxql,SKIN_CLEANING_AGENT,2020-02-02,1580655600
279,R_1C4nKyrv0w2thJn,BICYCLE_TRAINER,2020-02-02,1580655600
280,R_1C4nKyrv0w2thJn,NUTRITIONAL_SUPPLEMENT,2020-02-02,1580655600
281,R_1C4nKyrv0w2thJn,SHIRT,2020-02-02,1580655600
282,R_1C4nKyrv0w2thJn,VITAMIN,2020-02-02,1580655600
283,R_1C4nKyrv0w2thJn,PANTS,2020-02-02,1580655600
284,R_1C4nKyrv0w2thJn,SHOES,2020-02-02,1580655600
285,R_1C4nKyrv0w2thJn,CELLULAR_PHONE_CASE,2020-02-02,1580655600
286,R_1C9YUFD8GunlGej,SCREEN_PROTECTOR,2020-02-02,1580655600
287,R_1DYWdbAMt6LyCZH,ELECTRONIC_CABLE,2020-02-02,1580655600
288,R_1DYWdbAMt6LyCZH,ABIS_BOOK,2020-02-02,1580655600
289,R_1GVN63HjPpVXPEx,HEADPHONES,2020-02-02,1580655600
290,R_1Kru2C0Zf28ZbQ0,SKIN_MOISTURIZER,2020-02-02,1580655600
291,R_1LRR1P5IQqdSvIP,PHYSICAL_MOVIE,2020-02-02,1580655600
292,R_1MTbVUzYEQq2MzU,SKIN_CLEANING_AGENT,2020-02-02,1580655600
293,R_1MTbVUzYEQq2MzU,WATER_DISPENSER,2020-02-02,1580655600
294,R_1MTbVUzYEQq2MzU,MEDICATION,2020-02-02,1580655600
295,R_1MTbVUzYEQq2MzU,SCANNER,2020-02-02,1580655600
296,R_1MTbVUzYEQq2MzU,SKIN_MOISTURIZER,2020-02-02,1580655600
297,R_1MTbVUzYEQq2MzU,MINIATURE_TOY_FURNISHING,2020-02-02,1580655600
298,R_1MY7yxvExjQWTkv,ABIS_BOOK,2020-02-02,1580655600
299,R_1MY7yxvExjQWTkv,SHOES,2020-02-02,1580655600
300,R_1MY7yxvExjQWTkv,SKIN_CLEANING_AGENT,2020-02-02,1580655600
301,R_1MY7yxvExjQWTkv,SCREEN_PROTECTOR,2020-02-02,1580655600
302,R_1NCzj2eSHI4QGcd,ELECTRONIC_CABLE,2020-02-02,1580655600
303,R_1NCzj2eSHI4QGcd,SKIN_MOISTURIZER,2020-02-02,1580655600
304,R_1NCzj2eSHI4QGcd,HEADPHONES,2020-02-02,1580655600
305,R_1NCzj2eSHI4QGcd,ARTIFICIAL_PLANT,2020-02-02,1580655600
306,R_1OJZKQM4ZrHncBJ,CELLULAR_PHONE_CASE,2020-02-02,1580655600
307,R_1Oov0G05pkQnKNn,ABIS_BOOK,2020-02-02,1580655600
308,R_1PUcgnVG2i0EBz4,SHOES,2020-02-02,1580655600
309,R_1QKu8qtvgo0d1uS,SHOES,2020-02-02,1580655600
310,R_1QKu8qtvgo0d1uS,POOL_VACUUM,2020-02-02,1580655600
311,R_1QKu8qtvgo0d1uS,VITAMIN,2020-02-02,1580655600
312,R_1QKu8qtvgo0d1uS,SKIN_CLEANING_AGENT,2020-02-02,1580655600
313,R_1QKu8qtvgo0d1uS,SKIN_MOISTURIZER,2020-02-02,1580655600
314,R_1QKu8qtvgo0d1uS,CELLULAR_PHONE_CASE,2020-02-02,1580655600
315,R_1QKu8qtvgo0d1uS,GROCERY,2020-02-02,1580655600
316,R_1QKu8qtvgo0d1uS,BATTERY,2020-02-02,1580655600
317,R_1QKu8qtvgo0d1uS,BARBECUE_TOOL_SET,2020-02-02,1580655600
318,R_1QKu8qtvgo0d1uS,ORTHOPEDIC_BRACE,2020-02-02,1580655600
319,R_1QKu8qtvgo0d1uS,CAN_OPENER,2020-02-02,1580655600
320,R_1QKu8qtvgo0d1uS,BARBECUE_TOOL_SET,2020-02-02,1580655600
321,R_1QKu8qtvgo0d1uS,SKIN_CLEANING_AGENT,2020-02-02,1580655600
322,R_1dKBjc0UTA0ZiYb,MARKING_PEN,2020-02-02,1580655600
323,R_1dKBjc0UTA0ZiYb,GROCERY,2020-02-02,1580655600
324,R_1dKBjc0UTA0ZiYb,LEVEL,2020-02-02,1580655600
325,R_1dKBjc0UTA0ZiYb,SPORTS_MEMORABILIA,2020-02-02,1580655600
326,R_1dKBjc0UTA0ZiYb,SHIRT,2020-02-02,1580655600
327,R_1dKBjc0UTA0ZiYb,PLAYARD,2020-02-02,1580655600
328,R_1dKBjc0UTA0ZiYb,BATHTUB_SHOWER_MAT,2020-02-02,1580655600
329,R_1dKBjc0UTA0ZiYb,SNACK_FOOD_BAR,2020-02-02,1580655600
330,R_1dKBjc0UTA0ZiYb,PANTS,2020-02-02,1580655600
331,R_1dKBjc0UTA0ZiYb,BATTERY,2020-02-02,1580655600
332,R_1dKBjc0UTA0ZiYb,SHOES,2020-02-02,1580655600
333,R_1dKBjc0UTA0ZiYb,BATTERY,2020-02-02,1580655600
334,R_1dKBjc0UTA0ZiYb,BATTERY,2020-02-02,1580655600
335,R_1daE3vUDxFrSw4I,CELLULAR_PHONE_CASE,2020-02-02,1580655600
336,R_1dlSByn2AyHWx7r,FASTENER_DRIVE_BIT,2020-02-02,1580655600
337,R_1dlSByn2AyHWx7r,POWER_STRIP,2020-02-02,1580655600
338,R_1escXXhyvAgsBYq,BATTERY,2020-02-02,1580655600
339,R_1nZzu0Kj9WQ8P4x,PANTS,2020-02-02,1580655600
340,R_1r18PD3TjJe3i53,VITAMIN,2020-02-02,1580655600
341,R_1r18PD3TjJe3i53,HEADPHONES,2020-02-02,1580655600
342,R_20TAzxGcUSMw2Gy,CHARGING_ADAPTER,2020-02-02,1580655600
343,R_21ttkGbeIL6HdlR,CELLULAR_PHONE_CASE,2020-02-02,1580655600
344,R_21ttkGbeIL6HdlR,TABLE,2020-02-02,1580655600
345,R_22DJIjS0M8yvaYO,VEHICLE_BODY_PANEL,2020-02-02,1580655600
346,R_22DJIjS0M8yvaYO,ELECTRONIC_CABLE,2020-02-02,1580655600
347,R_22DJIjS0M8yvaYO,NAIL_TREATMENT,2020-02-02,1580655600
348,R_22DJIjS0M8yvaYO,SHOES,2020-02-02,1580655600
349,R_22DJIjS0M8yvaYO,ABIS_BOOK,2020-02-02,1580655600
350,R_22SxELlmhBQCe1C,VITAMIN,2020-02-02,1580655600
351,R_22SxELlmhBQCe1C,AREA_DEODORIZER,2020-02-02,1580655600
352,R_22SxELlmhBQCe1C,BALLOON,2020-02-02,1580655600
353,R_24csoaO569P4Yzz,PANTS,2020-02-02,1580655600
354,R_24csoaO569P4Yzz,DAIRY_BASED_YOGURT,2020-02-02,1580655600
355,R_25SbPPTyE45YzXP,FURNITURE_SLIDER,2020-02-02,1580655600
356,R_25SbPPTyE45YzXP,ELECTRONIC_CABLE,2020-02-02,1580655600
357,R_25SbPPTyE45YzXP,PET_FOOD,2020-02-02,1580655600
358,R_25SbPPTyE45YzXP,RING,2020-02-02,1580655600
359,R_25SbPPTyE45YzXP,HEADPHONES,2020-02-02,1580655600
360,R_25z5LHPaAsxktx7,SHIRT,2020-02-02,1580655600
361,R_265zDShpZJQSm6H,MEDICATION,2020-02-02,1580655600
362,R_26nB6rfoaXIEb6Z,BED_SKIRT,2020-02-02,1580655600
363,R_27B5jMHYqArQV6X,PET_FOOD,2020-02-02,1580655600
364,R_27Nf8ImFlWu3J9O,HEALTH_PERSONAL_CARE,2020-02-02,1580655600
365,R_28IDNbS8mqpfyKD,CELLULAR_PHONE_CASE,2020-02-02,1580655600
366,R_28IDNbS8mqpfyKD,AIMING_SCOPE_SIGHT,2020-02-02,1580655600
367,R_2D2HATrOKH8Rrns,SHIRT,2020-02-02,1580655600
368,R_2E9JSBmmNNT5YMi,HERBAL_SUPPLEMENT,2020-02-02,1580655600
369,R_2EglJpTWGEiwQYa,SNACK_FOOD_BAR,2020-02-02,1580655600
370,R_2QRtVOQUzfFxAg0,HEADPHONES,2020-02-02,1580655600
371,R_2Qu0fgUOnDpaKDH,MEDICATION,2020-02-02,1580655600
372,R_2Qu0fgUOnDpaKDH,HEADBOARD,2020-02-02,1580655600
373,R_2Qu0fgUOnDpaKDH,CONSOLE_VIDEO_GAMES,2020-02-02,1580655600
374,R_2UfTIFhpicfXgPX,PHYSICAL_MOVIE,2020-02-02,1580655600
375,R_2UfTIFhpicfXgPX,HEADPHONES,2020-02-02,1580655600
376,R_2VL8e1BX9FsuiCT,SHIRT,2020-02-02,1580655600
377,R_2VaWg2jhtCG6zmh,CELLULAR_PHONE_CASE,2020-02-02,1580655600
378,R_2WMQprO1e6US68f,VACUUM_FILTER,2020-02-02,1580655600
379,R_2WMQprO1e6US68f,ABIS_BOOK,2020-02-02,1580655600
380,R_2WVIxBGaj1uOr8S,PET_FOOD,2020-02-02,1580655600
381,R_2WVIxBGaj1uOr8S,PIPING_TIP,2020-02-02,1580655600
382,R_2WVIxBGaj1uOr8S,SKIN_CLEANING_AGENT,2020-02-02,1580655600
383,R_2WVIxBGaj1uOr8S,NUTRITIONAL_SUPPLEMENT,2020-02-02,1580655600
384,R_2ZEoREY3x7s7zEM,ABIS_BOOK,2020-02-02,1580655600
385,R_2c0kxk2rIJClCxm,COTTON_PAD,2020-02-02,1580655600
386,R_2cBADxleVyzT89z,GROCERY,2020-02-02,1580655600
387,R_2cBADxleVyzT89z,SNACK_FOOD_BAR,2020-02-02,1580655600
388,R_2cvmrv8q51q8yh1,PANTS,2020-02-02,1580655600
389,R_2cvmrv8q51q8yh1,SKIN_CLEANING_AGENT,2020-02-02,1580655600
390,R_2dMef2oXr2I6RKU,PHYSICAL_MOVIE,2020-02-02,1580655600
391,R_2fD6Jy2muMgaubH,PET_FOOD,2020-02-02,1580655600
392,R_2fQoqPD5ygeWViN,TABLETOP_GAME,2020-02-02,1580655600
393,R_2fQoqPD5ygeWViN,MANNEQUIN_CLOTHING_FORM,2020-02-02,1580655600
394,R_2foIkyims4WyyYQ,WEIGH_SCALE,2020-02-02,1580655600
395,R_2qjAN1lyLAdAxT2,TOYS_AND_GAMES,2020-02-02,1580655600
396,R_2sRqLYPSneIHZfJ,HEADPHONES,2020-02-02,1580655600
397,R_2sRqLYPSneIHZfJ,GROCERY,2020-02-02,1580655600
398,R_2uIMLcJgQmb0v3G,SCREEN_PROTECTOR,2020-02-02,1580655600
399,R_2ugDyrE1yi1FjvH,SHOE_INSERT,2020-02-02,1580655600
400,R_2wmLE1q4FIpfioi,SNACK_FOOD_BAR,2020-02-02,1580655600
401,R_2wmLE1q4FIpfioi,WIPER_BLADE,2020-02-02,1580655600
402,R_2wmLE1q4FIpfioi,TOYS_AND_GAMES,2020-02-02,1580655600
403,R_2wmLE1q4FIpfioi,PANTS,2020-02-02,1580655600
404,R_2wtVmKidhQR0wju,CELLULAR_PHONE_CASE,2020-02-02,1580655600
405,R_2xxvsVGQ2kSdXpV,HEALTH_PERSONAL_CARE,2020-02-02,1580655600
406,R_2xxvsVGQ2kSdXpV,CURTAIN,2020-02-02,1580655600
407,R_2xxvsVGQ2kSdXpV,NUTRITIONAL_SUPPLEMENT,2020-02-02,1580655600
408,R_2xxvsVGQ2kSdXpV,TV_TUNER_CARD,2020-02-02,1580655600
409,R_2xxvsVGQ2kSdXpV,EARPLUG,2020-02-02,1580655600
410,R_2xxvsVGQ2kSdXpV,SCREEN_PROTECTOR,2020-02-02,1580655600
411,R_2xxvsVGQ2kSdXpV,TRAMPOLINE,2020-02-02,1580655600
412,R_2xxvsVGQ2kSdXpV,DECORATIVE_MAGNET,2020-02-02,1580655600
413,R_2xxvsVGQ2kSdXpV,SNACK_FOOD_BAR,2020-02-02,1580655600
414,R_2xxvsVGQ2kSdXpV,SKIN_CLEANING_WIPE,2020-02-02,1580655600
415,R_2xxvsVGQ2kSdXpV,TIMER,2020-02-02,1580655600
416,R_2xxvsVGQ2kSdXpV,WRITING_INSTRUMENT,2020-02-02,1580655600
417,R_2xxvsVGQ2kSdXpV,PET_FOOD,2020-02-02,1580655600
418,R_2xxvsVGQ2kSdXpV,ABIS_BOOK,2020-02-02,1580655600
419,R_2yplkUxhAWZaFUL,BATTERY,2020-02-02,1580655600
420,R_2yplkUxhAWZaFUL,SOLID_FIRE_FUEL,2020-02-02,1580655600
421,R_2yplkUxhAWZaFUL,HOT_GLUE_GUN,2020-02-02,1580655600
422,R_2yplkUxhAWZaFUL,LICENSE_PLATE_ATTACHMENT,2020-02-02,1580655600
423,R_301uq7vv7YTe7qQ,SHOES,2020-02-02,1580655600
424,R_301uq7vv7YTe7qQ,ELECTRONIC_CABLE,2020-02-02,1580655600
425,R_301uq7vv7YTe7qQ,FACIAL_TISSUE,2020-02-02,1580655600
426,R_301uq7vv7YTe7qQ,SHIRT,2020-02-02,1580655600
427,R_301uq7vv7YTe7qQ,HEAT_TRANSFER_MATERIAL,2020-02-02,1580655600
428,R_333cPUAJRgYXqi1,NUTRITIONAL_SUPPLEMENT,2020-02-02,1580655600
429,R_333cPUAJRgYXqi1,ELECTRONIC_CABLE,2020-02-02,1580655600
430,R_3CZ8DrIEalrYlgu,CELLULAR_PHONE_CASE,2020-02-02,1580655600
431,R_3CZ8DrIEalrYlgu,HEADPHONES,2020-02-02,1580655600
432,R_3CZ8DrIEalrYlgu,WRENCH,2020-02-02,1580655600
433,R_3HgZOjGq4Ny969k,SNACK_FOOD_BAR,2020-02-02,1580655600
434,R_3Hphzg7zu04Hgy1,TOY_FIGURE,2020-02-02,1580655600
435,R_3IQQB0Dtvv9riqZ,SHIRT,2020-02-02,1580655600
436,R_3J8UIMbwljBx6df,HEADPHONES,2020-02-02,1580655600
437,R_3Jxiicg67etW2yt,ELECTRONIC_CABLE,2020-02-02,1580655600
438,R_3L8dgu12mdk2UVH,BATTERY,2020-02-02,1580655600
439,R_3NwUrzA3eAsS3xO,SKIN_CLEANING_AGENT,2020-02-02,1580655600
440,R_3OdXDDGsG2bvbXb,SCREEN_PROTECTOR,2020-02-02,1580655600
441,R_3eh02tn8YjYcUoE,SKIN_MOISTURIZER,2020-02-02,1580655600
442,R_3eh02tn8YjYcUoE,SKIN_MOISTURIZER,2020-02-02,1580655600
443,R_3eh02tn8YjYcUoE,ELECTRONIC_CABLE,2020-02-02,1580655600
444,R_3enuyEOsaEVxTNX,BATTERY,2020-02-02,1580655600
445,R_3exlTi02vMuoy59,CELLULAR_PHONE_CASE,2020-02-02,1580655600
446,R_3flZSxKV8ViX1H4,SHIRT,2020-02-02,1580655600
447,R_3flZSxKV8ViX1H4,MEDICATION,2020-02-02,1580655600
448,R_3g1vpqtwzgBUs93,STAPLER,2020-02-02,1580655600
449,R_3g1vpqtwzgBUs93,OFFICE_PRODUCTS,2020-02-02,1580655600
450,R_3g1vpqtwzgBUs93,GROCERY,2020-02-02,1580655600
451,R_3lXswIAy7Qq6UEZ,PHYSICAL_MOVIE,2020-02-02,1580655600
452,R_3lXswIAy7Qq6UEZ,WIRELESS_SIGNAL_REPEATER,2020-02-02,1580655600
453,R_3lXswIAy7Qq6UEZ,BATTERY,2020-02-02,1580655600
454,R_3lXswIAy7Qq6UEZ,GROCERY,2020-02-02,1580655600
455,R_3m3H4mwZ2snYFua,PET_FOOD,2020-02-02,1580655600
456,R_3pm4Od2kUSXlZgY,VITAMIN,2020-02-02,1580655600
457,R_3pmeuOmzM4r5gMS,SCREEN_PROTECTOR,2020-02-02,1580655600
458,R_3qTFp0FJqUeMhVZ,TOYS_AND_GAMES,2020-02-02,1580655600
459,R_3qTFp0FJqUeMhVZ,BAKING_CUP,2020-02-02,1580655600
460,R_3socPWD3wXD0iDP,DISHWARE_BOWL,2020-02-02,1580655600
461,R_3socPWD3wXD0iDP,SCREEN_PROTECTOR,2020-02-02,1580655600
462,R_6RpwKYK0Mr2zKBH,SNACK_FOOD_BAR,2020-02-02,1580655600
463,R_8vnpSkm79W7Jsv7,GROCERY,2020-02-02,1580655600
464,R_AKBlDprDMrv4M7v,HEADPHONES,2020-02-02,1580655600
465,R_AKBlDprDMrv4M7v,PICKLE,2020-02-02,1580655600
466,R_AM0OvM0F9kBvqal,PET_FOOD,2020-02-02,1580655600
467,R_BWhnv4EdbhSS6rf,WASTE_BAG,2020-02-02,1580655600
468,R_OPfbKZtf2Azgit3,TOYS_AND_GAMES,2020-02-02,1580655600
469,R_OPfbKZtf2Azgit3,PANTS,2020-02-02,1580655600
470,R_OPfbKZtf2Azgit3,GROCERY,2020-02-02,1580655600
471,R_OPfbKZtf2Azgit3,BATTERY,2020-02-02,1580655600
472,R_OPfbKZtf2Azgit3,SKIN_CLEANING_AGENT,2020-02-02,1580655600
473,R_OPfbKZtf2Azgit3,BED_CURTAIN,2020-02-02,1580655600
474,R_OPfbKZtf2Azgit3,SHOCK_ABSORBER,2020-02-02,1580655600
475,R_OPfbKZtf2Azgit3,PUMP_DISPENSER,2020-02-02,1580655600
476,R_OPfbKZtf2Azgit3,PET_FOOD,2020-02-02,1580655600
477,R_OPfbKZtf2Azgit3,GPS_OR_NAVIGATION_SYSTEM,2020-02-02,1580655600
478,R_OPfbKZtf2Azgit3,TOYS_AND_GAMES,2020-02-02,1580655600
479,R_OPfbKZtf2Azgit3,FOOTREST,2020-02-02,1580655600
480,R_Og8Cqd3iUgldHRn,HEALTH_PERSONAL_CARE,2020-02-02,1580655600
481,R_Og8Cqd3iUgldHRn,MARBLE_TRACK,2020-02-02,1580655600
482,R_Og8Cqd3iUgldHRn,GROCERY,2020-02-02,1580655600
483,R_Og8Cqd3iUgldHRn,MARBLE_TRACK,2020-02-02,1580655600
484,R_PHgbX4EoPqUsLjb,SHOES,2020-02-02,1580655600
485,R_PwlnzzccUMXV0n7,CELLULAR_PHONE_CASE,2020-02-02,1580655600
486,R_SVHcBOlErkMEJjP,NUTRITIONAL_SUPPLEMENT,2020-02-02,1580655600
487,R_SVHcBOlErkMEJjP,NUTRITIONAL_SUPPLEMENT,2020-02-02,1580655600
488,R_SVHcBOlErkMEJjP,ELECTRONIC_CABLE,2020-02-02,1580655600
489,R_SVHcBOlErkMEJjP,ABIS_BOOK,2020-02-02,1580655600
490,R_V1EWFs6tkv2DaMN,SANDBOX,2020-02-02,1580655600
491,R_V1EWFs6tkv2DaMN,SKIN_MOISTURIZER,2020-02-02,1580655600
492,R_V1EWFs6tkv2DaMN,DRINK_FLAVORED,2020-02-02,1580655600
493,R_V1EWFs6tkv2DaMN,TOW_HITCH,2020-02-02,1580655600
494,R_V1EWFs6tkv2DaMN,STORAGE_BAG,2020-02-02,1580655600
495,R_XYTa0bvoaQqev3r,VEGETABLE,2020-02-02,1580655600
496,R_Y3TdYiBodZOLXlT,COMPUTER,2020-02-02,1580655600
497,R_Y3TdYiBodZOLXlT,SKIN_MOISTURIZER,2020-02-02,1580655600
498,R_ZkokwdIEZybYo9z,SKIN_MOISTURIZER,2020-02-02,1580655600
499,R_b3dSUlk76L0C6TD,NUTRITIONAL_SUPPLEMENT,2020-02-02,1580655600
500,R_bBgIkZfU6RwGLWF,AIR_MATTRESS,2020-02-02,1580655600
501,R_bJI8lmXMZWL6oql,BATTERY,2020-02-02,1580655600
502,R_bJI8lmXMZWL6oql,SCREEN_PROTECTOR,2020-02-02,1580655600
503,R_e8KTElZZLWryLWp,SHIRT,2020-02-02,1580655600
504,R_ebblotCCh8G6Ddf,SHOES,2020-02-02,1580655600
505,R_plnyqyltsGtao9P,CELLULAR_PHONE_CASE,2020-02-02,1580655600
506,R_plnyqyltsGtao9P,GARLIC_PRESS,2020-02-02,1580655600
507,R_sGohXmtT8TjLibT,SCREEN_PROTECTOR,2020-02-02,1580655600
508,R_sGohXmtT8TjLibT,SKIN_MOISTURIZER,2020-02-02,1580655600
509,R_sGohXmtT8TjLibT,SHARPS_DISPOSAL_CONTAINER,2020-02-02,1580655600
510,R_sGohXmtT8TjLibT,GROCERY,2020-02-02,1580655600
511,R_sqjjAsz7GATggo1,THERAPEUTIC_THERMAL_COMPRESS,2020-02-02,1580655600
512,R_sqjjAsz7GATggo1,BATTERY,2020-02-02,1580655600
513,R_tJNLenUlMH5f4el,PET_FEEDER,2020-02-02,1580655600
514,R_tJNLenUlMH5f4el,WATER,2020-02-02,1580655600
515,R_u2EdYogSnJBrpex,CLEANING_AGENT,2020-02-02,1580655600
516,R_u2EdYogSnJBrpex,TOYS_AND_GAMES,2020-02-02,1580655600
517,R_u2EdYogSnJBrpex,TOYS_AND_GAMES,2020-02-02,1580655600
518,R_u2EdYogSnJBrpex,MEDICATION,2020-02-02,1580655600
519,R_u2EdYogSnJBrpex,PANTS,2020-02-02,1580655600
520,R_u2EdYogSnJBrpex,ABIS_BOOK,2020-02-02,1580655600
521,R_u2EdYogSnJBrpex,NUTRITIONAL_SUPPLEMENT,2020-02-02,1580655600
522,R_u2EdYogSnJBrpex,SKIN_CLEANING_AGENT,2020-02-02,1580655600
523,R_u2EdYogSnJBrpex,SHARP_PIN,2020-02-02,1580655600
524,R_u2EdYogSnJBrpex,HEALTH_PERSONAL_CARE,2020-02-02,1580655600
525,R_u2EdYogSnJBrpex,PET_FOOD,2020-02-02,1580655600
526,R_u2EdYogSnJBrpex,MATTRESS_COVER,2020-02-02,1580655600
527,R_x0hVvTTXGQY9FRf,TOYS_AND_GAMES,2020-02-02,1580655600
528,R_xGwDp6qu8JCFdIJ,SAFE,2020-02-02,1580655600
529,R_xGwDp6qu8JCFdIJ,HEALTH_PERSONAL_CARE,2020-02-02,1580655600
530,R_yJz6aXbKddNbgZz,SHIRT,2020-02-02,1580655600
531,R_0f8u2tSB99LkgCt,PANTS,2020-02-03,1580742000
532,R_1C9YUFD8GunlGej,SHIRT,2020-02-03,1580742000
533,R_1DOwHkGiX8DX7mF,SKIN_EXFOLIANT,2020-02-03,1580742000
534,R_1Fyt6rHyiQcVOT8,CHOPSTICK,2020-02-03,1580742000
535,R_1GWwhndoXXJDzDA,PESTICIDE,2020-02-03,1580742000
536,R_1GWwhndoXXJDzDA,FACE_SHIELD,2020-02-03,1580742000
537,R_1I4dnMKlrmtUP09,ABIS_BOOK,2020-02-03,1580742000
538,R_1IZBlduDFUJEphM,ELECTRONIC_CABLE,2020-02-03,1580742000
539,R_1KxVDxZl2H0XoHS,SKIN_MOISTURIZER,2020-02-03,1580742000
540,R_1KxVDxZl2H0XoHS,UNDERPANTS,2020-02-03,1580742000
541,R_1LRR1P5IQqdSvIP,LINT_REMOVER,2020-02-03,1580742000
542,R_1NgAWSeub1pgOGj,PET_FOOD,2020-02-03,1580742000
543,R_1PcttxbjmIpzZ9t,CUTTING_BOARD,2020-02-03,1580742000
544,R_1Xhiz3TBoe2gQdH,PANTS,2020-02-03,1580742000
545,R_1dFu7LeBJE3Wd6p,SHOES,2020-02-03,1580742000
546,R_1dFu7LeBJE3Wd6p,WOUND_DRESSING,2020-02-03,1580742000
547,R_1dFu7LeBJE3Wd6p,GROCERY,2020-02-03,1580742000
548,R_1dFu7LeBJE3Wd6p,SKIN_MOISTURIZER,2020-02-03,1580742000
549,R_1dFu7LeBJE3Wd6p,SHOCK_ABSORBER,2020-02-03,1580742000
550,R_1dFu7LeBJE3Wd6p,RICE_COOKERS,2020-02-03,1580742000
551,R_1dFu7LeBJE3Wd6p,WOUND_DRESSING,2020-02-03,1580742000
552,R_1dFu7LeBJE3Wd6p,NUTRITIONAL_SUPPLEMENT,2020-02-03,1580742000
553,R_1dFu7LeBJE3Wd6p,SHOCK_ABSORBER,2020-02-03,1580742000
554,R_1dlSByn2AyHWx7r,HVAC_CONTROL_THERMOSTAT,2020-02-03,1580742000
555,R_1dlSByn2AyHWx7r,SHOES,2020-02-03,1580742000
556,R_1dlSByn2AyHWx7r,SNACK_FOOD_BAR,2020-02-03,1580742000
557,R_1dlSByn2AyHWx7r,ELECTRIC_FAN,2020-02-03,1580742000
558,R_1dlSByn2AyHWx7r,PET_FOOD,2020-02-03,1580742000
559,R_1dlSByn2AyHWx7r,SKIN_MOISTURIZER,2020-02-03,1580742000
560,R_1dlSByn2AyHWx7r,MANNEQUIN_CLOTHING_FORM,2020-02-03,1580742000
561,R_1dlSByn2AyHWx7r,SNACK_FOOD_BAR,2020-02-03,1580742000
562,R_1dlSByn2AyHWx7r,BOLTS,2020-02-03,1580742000
563,R_1dlSByn2AyHWx7r,MOTHERBOARD,2020-02-03,1580742000
564,R_1dlSByn2AyHWx7r,POWER_STRIP,2020-02-03,1580742000
565,R_1eFv0mPpH4dM2mG,RECIPROCATING_HEDGE_TRIMMER,2020-02-03,1580742000
566,R_1eLARPfQt7BNOE7,POWERSPORTS_VEHICLE_PART,2020-02-03,1580742000
567,R_1eLARPfQt7BNOE7,SKIN_CLEANING_AGENT,2020-02-03,1580742000
568,R_1eLARPfQt7BNOE7,NAIL_POLISH,2020-02-03,1580742000
569,R_1eLARPfQt7BNOE7,TOYS_AND_GAMES,2020-02-03,1580742000
570,R_1eLARPfQt7BNOE7,SOCKS,2020-02-03,1580742000
571,R_1gdxq5ThtPhD06I,VACUUM_FILTER,2020-02-03,1580742000
572,R_1gdxq5ThtPhD06I,VITAMIN,2020-02-03,1580742000
573,R_1hFMTehZQIAcBvZ,MEDICATION,2020-02-03,1580742000
574,R_1hFMTehZQIAcBvZ,HEALTH_PERSONAL_CARE,2020-02-03,1580742000
575,R_1jARg5bGH5uqAKW,LADDER,2020-02-03,1580742000
576,R_1jZkLNE1JdtyVpH,WEARABLE_WEIGHT,2020-02-03,1580742000
577,R_1jZkLNE1JdtyVpH,MEDICATION,2020-02-03,1580742000
578,R_1jZkLNE1JdtyVpH,ANIMAL_NUTRITIONAL_SUPPLEMENT,2020-02-03,1580742000
579,R_1jZkLNE1JdtyVpH,TEA,2020-02-03,1580742000
580,R_1jZkLNE1JdtyVpH,ABIS_BOOK,2020-02-03,1580742000
581,R_1jZkLNE1JdtyVpH,MENSTRUAL_CUP,2020-02-03,1580742000
582,R_1jZkLNE1JdtyVpH,HARDWARE_STAPLE,2020-02-03,1580742000
583,R_1jZkLNE1JdtyVpH,PHYSICAL_MOVIE,2020-02-03,1580742000
584,R_1jZkLNE1JdtyVpH,MEDICATION,2020-02-03,1580742000
585,R_1jZkLNE1JdtyVpH,EYEGLASS_CASE,2020-02-03,1580742000
586,R_1l4zCtGUTvAWdS6,GUILD_JEWELRY,2020-02-03,1580742000
587,R_1l4zCtGUTvAWdS6,HEADPHONES,2020-02-03,1580742000
588,R_1l4zCtGUTvAWdS6,TOYS_AND_GAMES,2020-02-03,1580742000
589,R_1l4zCtGUTvAWdS6,HEALTH_PERSONAL_CARE,2020-02-03,1580742000
590,R_1l4zCtGUTvAWdS6,SCREEN_PROTECTOR,2020-02-03,1580742000
591,R_1ps5hYxMGQuqcuP,STORAGE_BAG,2020-02-03,1580742000
592,R_1ps5hYxMGQuqcuP,APPENDAGE_WARMER,2020-02-03,1580742000
593,R_1ps5hYxMGQuqcuP,PHYSICAL_MOVIE,2020-02-03,1580742000
594,R_1q4eVtHN10S5gPB,PHYSICAL_VIDEO_GAME_SOFTWARE,2020-02-03,1580742000
595,R_20O6baqxT4T2CbA,SHOES,2020-02-03,1580742000
596,R_20Yd9DvrGselmZY,VITAMIN,2020-02-03,1580742000
597,R_22DJIjS0M8yvaYO,CHOCOLATE_CANDY,2020-02-03,1580742000
598,R_22SxELlmhBQCe1C,HEALTH_PERSONAL_CARE,2020-02-03,1580742000
599,R_25z5LHPaAsxktx7,PET_FOOD,2020-02-03,1580742000
600,R_25z5LHPaAsxktx7,PANTS,2020-02-03,1580742000
601,R_25z5LHPaAsxktx7,COFFEE_FILTER,2020-02-03,1580742000
602,R_25z5LHPaAsxktx7,NUTRITIONAL_SUPPLEMENT,2020-02-03,1580742000
603,R_277i50HinKYVoY9,VITAMIN,2020-02-03,1580742000
604,R_277i50HinKYVoY9,CELLULAR_PHONE_CASE,2020-02-03,1580742000
605,R_279ENCaNyRMf98u,PERSONAL_FRAGRANCE,2020-02-03,1580742000
606,R_27DL80quzRiSEmq,FISHING_NET,2020-02-03,1580742000
607,R_27DL80quzRiSEmq,BICYCLE,2020-02-03,1580742000
608,R_27DL80quzRiSEmq,SHIRT,2020-02-03,1580742000
609,R_27DL80quzRiSEmq,VITAMIN,2020-02-03,1580742000
610,R_2AGpSTOzeeHqMYd,BATTERY,2020-02-03,1580742000
611,R_2ASBFgthVbaGlF3,PHYSICAL_MOVIE,2020-02-03,1580742000
612,R_2ASBFgthVbaGlF3,SKIN_CLEANING_AGENT,2020-02-03,1580742000
613,R_2ASz0xBmcxqYzUJ,ABIS_BOOK,2020-02-03,1580742000
614,R_2BstrkPd4gMc6Ih,SHIRT,2020-02-03,1580742000
615,R_2BstrkPd4gMc6Ih,HOME_ORGANIZERS_AND_STORAGE,2020-02-03,1580742000
616,R_2BtA3kIOBjhD26o,HAIRBAND,2020-02-03,1580742000
617,R_2D1zydYR5SZ0LpK,SNACK_CHIP_AND_CRISP,2020-02-03,1580742000
618,R_2DSIdH6iUv9yJ8V,SHOES,2020-02-03,1580742000
619,R_2QRS9mrQwSKNLye,GROCERY,2020-02-03,1580742000
620,R_2SIYchF5txvb4ur,MOP_BUCKET_SET,2020-02-03,1580742000
621,R_2VaWg2jhtCG6zmh,HEALTH_PERSONAL_CARE,2020-02-03,1580742000
622,R_2VkFzKtUReuEWm9,PANTS,2020-02-03,1580742000
623,R_2VkFzKtUReuEWm9,SKIN_CLEANING_AGENT,2020-02-03,1580742000
624,R_2WAagX64hf1kdMI,NUTRITIONAL_SUPPLEMENT,2020-02-03,1580742000
625,R_2WAagX64hf1kdMI,TABLE,2020-02-03,1580742000
626,R_2WMQprO1e6US68f,FENCE_PANEL,2020-02-03,1580742000
627,R_2Y9fPhqa2Xf2QdZ,ELECTRONIC_CABLE,2020-02-03,1580742000
628,R_2ZOgImZ5BSZcQoz,PHYSICAL_MOVIE,2020-02-03,1580742000
629,R_2cBADxleVyzT89z,ORTHOPEDIC_BRACE,2020-02-03,1580742000
630,R_2cBADxleVyzT89z,KITCHEN_KNIFE,2020-02-03,1580742000
631,R_2cvmrv8q51q8yh1,SKIN_MOISTURIZER,2020-02-03,1580742000
632,R_2cvmrv8q51q8yh1,PANTS,2020-02-03,1580742000
633,R_2dvh9tu7PLPeipE,NUTRITIONAL_SUPPLEMENT,2020-02-03,1580742000
634,R_2dvh9tu7PLPeipE,NUTRITIONAL_SUPPLEMENT,2020-02-03,1580742000
635,R_2dvh9tu7PLPeipE,GROCERY,2020-02-03,1580742000
636,R_2fD6Jy2muMgaubH,PARTY_SUPPLIES,2020-02-03,1580742000
637,R_2fD6Jy2muMgaubH,PET_FOOD,2020-02-03,1580742000
638,R_2fD6Jy2muMgaubH,CELLULAR_PHONE_CASE,2020-02-03,1580742000
639,R_2r7Zl5CTeW1dMqd,WRITING_INSTRUMENT,2020-02-03,1580742000
640,R_2rVp4uDv9fYIfdd,ABIS_BOOK,2020-02-03,1580742000
641,R_2ri4RVtvkxnZzHj,SEASONING_MILL,2020-02-03,1580742000
642,R_2ri4RVtvkxnZzHj,SHOES,2020-02-03,1580742000
643,R_2ri4RVtvkxnZzHj,MEDICATION,2020-02-03,1580742000
644,R_2ri4RVtvkxnZzHj,SOCKSHOSIERY,2020-02-03,1580742000
645,R_2ri4RVtvkxnZzHj,NUTRITIONAL_SUPPLEMENT,2020-02-03,1580742000
646,R_2ri4RVtvkxnZzHj,VEHICLE_LIFT_KIT,2020-02-03,1580742000
647,R_2ri4RVtvkxnZzHj,PORTABLE_ELECTRONIC_DEVICE_COVER,2020-02-03,1580742000
648,R_2ri4RVtvkxnZzHj,VITAMIN,2020-02-03,1580742000
649,R_2ri4RVtvkxnZzHj,PHYSICAL_MOVIE,2020-02-03,1580742000
650,R_2ri4RVtvkxnZzHj,SURVEILANCE_SYSTEMS,2020-02-03,1580742000
651,R_2ri4RVtvkxnZzHj,VEHICLE_LIFT_KIT,2020-02-03,1580742000
652,R_2ri4RVtvkxnZzHj,BATTERY,2020-02-03,1580742000
653,R_2tEuzX0j3530EZC,HEADPHONES,2020-02-03,1580742000
654,R_2tfh4rvpUWWJndF,PHYSICAL_MOVIE,2020-02-03,1580742000
655,R_2tfh4rvpUWWJndF,SHOES,2020-02-03,1580742000
656,R_2vkMWH10xWp7o9s,FISHING_LINE,2020-02-03,1580742000
657,R_2wmLE1q4FIpfioi,NUTRITIONAL_SUPPLEMENT,2020-02-03,1580742000
658,R_2wmLE1q4FIpfioi,MEDICATION,2020-02-03,1580742000
659,R_2wmLE1q4FIpfioi,BATTERY,2020-02-03,1580742000
660,R_2xLvxRKX2448l9k,TOYS_AND_GAMES,2020-02-03,1580742000
661,R_2xLvxRKX2448l9k,UTILITY_MAGNET,2020-02-03,1580742000
662,R_2xLvxRKX2448l9k,PET_FOOD,2020-02-03,1580742000
663,R_2yjckpDXWcsiLPz,SCREEN_PROTECTOR,2020-02-03,1580742000
664,R_2yjckpDXWcsiLPz,INPUT_PEN,2020-02-03,1580742000
665,R_2yjckpDXWcsiLPz,PHYSICAL_MOVIE,2020-02-03,1580742000
666,R_2yjckpDXWcsiLPz,CELLULAR_PHONE_CASE,2020-02-03,1580742000
667,R_2yjckpDXWcsiLPz,GROCERY,2020-02-03,1580742000
668,R_2ze9t15YGQDJxR3,NUTRITIONAL_SUPPLEMENT,2020-02-03,1580742000
669,R_32VcKmw1biSyknq,GROCERY,2020-02-03,1580742000
670,R_32VcKmw1biSyknq,ANIMAL_LITTER,2020-02-03,1580742000
671,R_32VcKmw1biSyknq,AUTO_BATTERY,2020-02-03,1580742000
672,R_3Em4Q2OBHB3m5rz,JUICE_AND_JUICE_DRINK,2020-02-03,1580742000
673,R_3G1gYo1d23Zq8Np,SKIN_MOISTURIZER,2020-02-03,1580742000
674,R_3G1gYo1d23Zq8Np,SKIN_CLEANING_AGENT,2020-02-03,1580742000
675,R_3G1gYo1d23Zq8Np,PANTS,2020-02-03,1580742000
676,R_3G1gYo1d23Zq8Np,TOYS_AND_GAMES,2020-02-03,1580742000
677,R_3G1gYo1d23Zq8Np,PET_FOOD,2020-02-03,1580742000
678,R_3G1gYo1d23Zq8Np,COOLING_RACK,2020-02-03,1580742000
679,R_3G1gYo1d23Zq8Np,NUTRITIONAL_SUPPLEMENT,2020-02-03,1580742000
680,R_3G1gYo1d23Zq8Np,SHOES,2020-02-03,1580742000
681,R_3G1gYo1d23Zq8Np,TOYS_AND_GAMES,2020-02-03,1580742000
682,R_3G1gYo1d23Zq8Np,CELLULAR_PHONE_CASE,2020-02-03,1580742000
683,R_3G1gYo1d23Zq8Np,ABIS_BOOK,2020-02-03,1580742000
684,R_3GBRRr7bndtJPU9,PLANT_SEED,2020-02-03,1580742000
685,R_3HgZOjGq4Ny969k,SMALL_HOME_APPLIANCES,2020-02-03,1580742000
686,R_3L8dgu12mdk2UVH,SCREEN_PROTECTOR,2020-02-03,1580742000
687,R_3L8dgu12mdk2UVH,SCREEN_PROTECTOR,2020-02-03,1580742000
688,R_3M0euO2kPnoHrdt,SKIN_MOISTURIZER,2020-02-03,1580742000
689,R_3Mc9nZhk6fg7b8z,TOYS_AND_GAMES,2020-02-03,1580742000
690,R_3MhBAq6V6XHU9ln,SHIRT,2020-02-03,1580742000
691,R_3Mli97JX0WeLIos,TOYS_AND_GAMES,2020-02-03,1580742000
692,R_3PAyJj7mQvMzMco,ROTARY_TOOL,2020-02-03,1580742000
693,R_3PZvezr4ITRkiKV,SKIN_FOUNDATION_CONCEALER,2020-02-03,1580742000
694,R_3PZvezr4ITRkiKV,SHOES,2020-02-03,1580742000
695,R_3PZvezr4ITRkiKV,SHIRT,2020-02-03,1580742000
696,R_3PZvezr4ITRkiKV,HEALTH_PERSONAL_CARE,2020-02-03,1580742000
697,R_3PZvezr4ITRkiKV,CELLULAR_PHONE_CASE,2020-02-03,1580742000
698,R_3PZvezr4ITRkiKV,PANTS,2020-02-03,1580742000
699,R_3PZvezr4ITRkiKV,SKIN_CLEANING_AGENT,2020-02-03,1580742000
700,R_3PZvezr4ITRkiKV,PALETTE_PUTTY_KNIFE,2020-02-03,1580742000
701,R_3PZvezr4ITRkiKV,LIGHT_FIXTURE,2020-02-03,1580742000
702,R_3PZvezr4ITRkiKV,PHYSICAL_MOVIE,2020-02-03,1580742000
703,R_3PZvezr4ITRkiKV,ABIS_BOOK,2020-02-03,1580742000
704,R_3Pc1ZZfNy58AvgE,WRITING_INSTRUMENT,2020-02-03,1580742000
705,R_3QXUWuTn4OdbNmh,ICE_CREAM_MAKER,2020-02-03,1580742000
706,R_3VRB9w5rAtqNoWt,SKIN_CLEANING_AGENT,2020-02-03,1580742000
707,R_3VRB9w5rAtqNoWt,LOOSE_CUT_GEM,2020-02-03,1580742000
708,R_3VRB9w5rAtqNoWt,PET_FOOD,2020-02-03,1580742000
709,R_3e82J7pYxj5XP7j,MEDICATION,2020-02-03,1580742000
710,R_3e82J7pYxj5XP7j,BATTERY,2020-02-03,1580742000
711,R_3ek9YZGdsDHjUZf,PANTS,2020-02-03,1580742000
712,R_3oO3DoeTgXHrEzx,SKIN_CLEANING_AGENT,2020-02-03,1580742000
713,R_3p8Rjor8VyZP2Qp,CELLULAR_PHONE_CASE,2020-02-03,1580742000
714,R_3p8Rjor8VyZP2Qp,SKIN_MOISTURIZER,2020-02-03,1580742000
715,R_3p8Rjor8VyZP2Qp,OUTBOARD_MOTOR,2020-02-03,1580742000
716,R_3p8Rjor8VyZP2Qp,OUTBOARD_MOTOR,2020-02-03,1580742000
717,R_3qe2tDpGxexEAso,SNACK_FOOD_BAR,2020-02-03,1580742000
718,R_3qlnIILTEuzSyGe,TOYS_AND_GAMES,2020-02-03,1580742000
719,R_3s60LmlFm5fAEP5,HEALTH_PERSONAL_CARE,2020-02-03,1580742000
720,R_3s60LmlFm5fAEP5,VEHICLE_ACCENT_LIGHT,2020-02-03,1580742000
721,R_3socPWD3wXD0iDP,TOYS_AND_GAMES,2020-02-03,1580742000
722,R_4PhRzF4UI9ooLh7,TABLETOP_GAME,2020-02-03,1580742000
723,R_5uabKnJBMc7HyEN,COMPUTER_SPEAKER,2020-02-03,1580742000
724,R_7ZH1uBNuL9RQ2K5,ASTRINGENT_SUBSTANCE,2020-02-03,1580742000
725,R_7ZH1uBNuL9RQ2K5,PEST_CONTROL_DEVICE,2020-02-03,1580742000
726,R_7ZH1uBNuL9RQ2K5,SNACK_FOOD_BAR,2020-02-03,1580742000
727,R_7ZH1uBNuL9RQ2K5,ABRASIVES,2020-02-03,1580742000
728,R_7ZH1uBNuL9RQ2K5,PET_FOOD,2020-02-03,1580742000
729,R_8vnpSkm79W7Jsv7,ELECTRONIC_CABLE,2020-02-03,1580742000
730,R_8vnpSkm79W7Jsv7,PHYSICAL_MOVIE,2020-02-03,1580742000
731,R_8vnpSkm79W7Jsv7,CARPET_UPHOLSTERY_CLEANING_MACHINE,2020-02-03,1580742000
732,R_8vnpSkm79W7Jsv7,NUTRITIONAL_SUPPLEMENT,2020-02-03,1580742000
733,R_8vnpSkm79W7Jsv7,TOYS_AND_GAMES,2020-02-03,1580742000
734,R_8vnpSkm79W7Jsv7,SNACK_FOOD_BAR,2020-02-03,1580742000
735,R_8vnpSkm79W7Jsv7,VITAMIN,2020-02-03,1580742000
736,R_8vnpSkm79W7Jsv7,SHIRT,2020-02-03,1580742000
737,R_BWhnv4EdbhSS6rf,SKIN_CLEANING_AGENT,2020-02-03,1580742000
738,R_D8LcojwusttCWaJ,VEHICLE_BUMPER,2020-02-03,1580742000
739,R_D8LcojwusttCWaJ,SUGAR_SUBSTITUTE,2020-02-03,1580742000
740,R_D8LcojwusttCWaJ,FLOUR,2020-02-03,1580742000
741,R_D8LcojwusttCWaJ,SURVEILANCE_SYSTEMS,2020-02-03,1580742000
742,R_D8LcojwusttCWaJ,SCREEN_PROTECTOR,2020-02-03,1580742000
743,R_Q4ZjTFeyiC5kgQV,SHAVING_BRUSH,2020-02-03,1580742000
744,R_Q4ZjTFeyiC5kgQV,PHYSICAL_MOVIE,2020-02-03,1580742000
745,R_Q4ZjTFeyiC5kgQV,MEDICATION,2020-02-03,1580742000
746,R_Q4ZjTFeyiC5kgQV,BATTERY,2020-02-03,1580742000
747,R_Q4ZjTFeyiC5kgQV,PANTS,2020-02-03,1580742000
748,R_Q4ZjTFeyiC5kgQV,WRITING_INSTRUMENT,2020-02-03,1580742000
749,R_Q4ZjTFeyiC5kgQV,FURNITURE_COVER,2020-02-03,1580742000
750,R_TtjiPpPxtkd5Vnz,HERBAL_SUPPLEMENT,2020-02-03,1580742000
751,R_TtjiPpPxtkd5Vnz,MEDICATION,2020-02-03,1580742000
752,R_TtjiPpPxtkd5Vnz,PANTS,2020-02-03,1580742000
753,R_TtjiPpPxtkd5Vnz,MEDICATION,2020-02-03,1580742000
754,R_UiGJcgWtDtZPfih,PRETZEL,2020-02-03,1580742000
755,R_XYTa0bvoaQqev3r,VITAMIN,2020-02-03,1580742000
756,R_Xhz81T9LodPX0KB,ELECTRONIC_CABLE,2020-02-03,1580742000
757,R_Y3TdYiBodZOLXlT,HEALTH_PERSONAL_CARE,2020-02-03,1580742000
758,R_Z4qMkqhWSmIbdSh,SCREEN_PROTECTOR,2020-02-03,1580742000
759,R_Zw0unpmWGOSsWEF,TOYS_AND_GAMES,2020-02-03,1580742000
760,R_Zw0unpmWGOSsWEF,FOOD_WRAP,2020-02-03,1580742000
761,R_Zw0unpmWGOSsWEF,SHOES,2020-02-03,1580742000
762,R_Zw0unpmWGOSsWEF,MEDICATION,2020-02-03,1580742000
763,R_b3NWnTBcFyWqXjH,SNACK_FOOD_BAR,2020-02-03,1580742000
764,R_b3NWnTBcFyWqXjH,HEALTH_PERSONAL_CARE,2020-02-03,1580742000
765,R_b3dSUlk76L0C6TD,PANTS,2020-02-03,1580742000
766,R_b3dSUlk76L0C6TD,BATTERY,2020-02-03,1580742000
767,R_b8UnkZJoU93ZxEB,SKIN_CLEANING_AGENT,2020-02-03,1580742000
768,R_b8UnkZJoU93ZxEB,BASKET,2020-02-03,1580742000
769,R_e8KTElZZLWryLWp,PET_FOOD,2020-02-03,1580742000
770,R_e8KTElZZLWryLWp,SKIN_FOUNDATION_CONCEALER,2020-02-03,1580742000
771,R_pMnqpu31myYoxy1,BATTERY,2020-02-03,1580742000
772,R_pMnqpu31myYoxy1,WRITING_INSTRUMENT,2020-02-03,1580742000
773,R_pMnqpu31myYoxy1,VITAMIN,2020-02-03,1580742000
774,R_pzMCRYrC0qiSwIF,SHIRT,2020-02-03,1580742000
775,R_pzMCRYrC0qiSwIF,WIRELESS_ACCESSORY,2020-02-03,1580742000
776,R_pzMCRYrC0qiSwIF,ABIS_BOOK,2020-02-03,1580742000
777,R_swfIN0JgX72IbMl,ABIS_BOOK,2020-02-03,1580742000
778,R_u9qeol6zlUcq13j,SNACK_FOOD_BAR,2020-02-03,1580742000
779,R_xrrF4kkA2JEG6OZ,SKIN_CLEANING_AGENT,2020-02-03,1580742000
780,R_xrrF4kkA2JEG6OZ,NUTRITIONAL_SUPPLEMENT,2020-02-03,1580742000
781,R_xsyCKTazvY4vHbz,SHOES,2020-02-03,1580742000
782,R_xsyCKTazvY4vHbz,FLOUR,2020-02-03,1580742000
783,R_yJz6aXbKddNbgZz,PHYSICAL_MOVIE,2020-02-03,1580742000
784,R_0D6GtQwa6VcnXpv,PET_FOOD,2020-02-04,1580828400
785,R_0D6GtQwa6VcnXpv,SHIRT,2020-02-04,1580828400
786,R_0InTWTWokrqzy3n,FIDGET_TOY,2020-02-04,1580828400
787,R_0InTWTWokrqzy3n,SKIN_CLEANING_AGENT,2020-02-04,1580828400
788,R_0f8u2tSB99LkgCt,WEARABLE_COMPUTER,2020-02-04,1580828400
789,R_129jUlsvVcVBDur,TIGHTS,2020-02-04,1580828400
790,R_1DJdUrYA1I0QAKh,CELLULAR_PHONE_CASE,2020-02-04,1580828400
791,R_1Fyt6rHyiQcVOT8,SKIN_CLEANING_AGENT,2020-02-04,1580828400
792,R_1GVN63HjPpVXPEx,TEXTILE_DEODORIZER,2020-02-04,1580828400
793,R_1GVN63HjPpVXPEx,HEALTH_PERSONAL_CARE,2020-02-04,1580828400
794,R_1GVN63HjPpVXPEx,ABIS_BOOK,2020-02-04,1580828400
795,R_1GVsIStj8gTkbIE,ABIS_BOOK,2020-02-04,1580828400
796,R_1GVsIStj8gTkbIE,GROCERY,2020-02-04,1580828400
797,R_1I6meOeB0piHEX8,NUTRITIONAL_SUPPLEMENT,2020-02-04,1580828400
798,R_1I6meOeB0piHEX8,SNACK_FOOD_BAR,2020-02-04,1580828400
799,R_1I6meOeB0piHEX8,PHYSICAL_MOVIE,2020-02-04,1580828400
800,R_1I6meOeB0piHEX8,THERMOMETER,2020-02-04,1580828400
801,R_1IaYiTSaUaD2W2i,SKIN_CLEANING_AGENT,2020-02-04,1580828400
802,R_1IaYiTSaUaD2W2i,ABIS_BOOK,2020-02-04,1580828400
803,R_1Kru2C0Zf28ZbQ0,PAW_HOOF_PROTECTOR,2020-02-04,1580828400
804,R_1Kru2C0Zf28ZbQ0,CELLULAR_PHONE_CASE,2020-02-04,1580828400
805,R_1NDq0rxoUSu6oyz,STICKER_DECAL,2020-02-04,1580828400
806,R_1NDq0rxoUSu6oyz,PROTECTIVE_GLOVE,2020-02-04,1580828400
807,R_1NDq0rxoUSu6oyz,NUTRITIONAL_SUPPLEMENT,2020-02-04,1580828400
808,R_1NDq0rxoUSu6oyz,WATER_FLOTATION_DEVICE,2020-02-04,1580828400
809,R_1NDq0rxoUSu6oyz,TOYS_AND_GAMES,2020-02-04,1580828400
810,R_1NDq0rxoUSu6oyz,SKIN_CLEANING_AGENT,2020-02-04,1580828400
811,R_1NDq0rxoUSu6oyz,GLUCOSE_METER,2020-02-04,1580828400
812,R_1Oov0G05pkQnKNn,STRINGED_INSTRUMENTS,2020-02-04,1580828400
813,R_1P0kCmz0zdMSEld,THERMOMETER,2020-02-04,1580828400
814,R_1P0kCmz0zdMSEld,MOTORCYCLE_PART,2020-02-04,1580828400
815,R_1QG7SsKpYQgSIAF,ABIS_BOOK,2020-02-04,1580828400
816,R_1QG7SsKpYQgSIAF,DRINKING_CUP,2020-02-04,1580828400
817,R_1QG7SsKpYQgSIAF,SCREEN_PROTECTOR,2020-02-04,1580828400
818,R_1QKu8qtvgo0d1uS,SHOES,2020-02-04,1580828400
819,R_1QKu8qtvgo0d1uS,SNACK_FOOD_BAR,2020-02-04,1580828400
820,R_1QKu8qtvgo0d1uS,SHARP_PIN,2020-02-04,1580828400
821,R_1QKu8qtvgo0d1uS,HEADPHONES,2020-02-04,1580828400
822,R_1QhEPMXONBU12sq,NUTRITIONAL_SUPPLEMENT,2020-02-04,1580828400
823,R_1dKBjc0UTA0ZiYb,SHIRT,2020-02-04,1580828400
824,R_1dKBjc0UTA0ZiYb,INCONTINENCE_PROTECTOR,2020-02-04,1580828400
825,R_1dKBjc0UTA0ZiYb,ABIS_BOOK,2020-02-04,1580828400
826,R_1dKBjc0UTA0ZiYb,PET_FOOD,2020-02-04,1580828400
827,R_1dKBjc0UTA0ZiYb,VITAMIN,2020-02-04,1580828400
828,R_1dKBjc0UTA0ZiYb,PET_FOOD,2020-02-04,1580828400
829,R_1dKBjc0UTA0ZiYb,LEVEL,2020-02-04,1580828400
830,R_1dKBjc0UTA0ZiYb,PANTS,2020-02-04,1580828400
831,R_1f1PzEZw8H2N4zm,TOYS_AND_GAMES,2020-02-04,1580828400
832,R_1hLPyY3aamfi3xT,BATTERY,2020-02-04,1580828400
833,R_1hLPyY3aamfi3xT,SKIN_CLEANING_AGENT,2020-02-04,1580828400
834,R_1hMV4AHCk04WO5V,SHIRT,2020-02-04,1580828400
835,R_1hMV4AHCk04WO5V,PHYSICAL_MOVIE,2020-02-04,1580828400
836,R_1hMV4AHCk04WO5V,ELECTRONIC_CABLE,2020-02-04,1580828400
837,R_1jARg5bGH5uqAKW,SURFACE_CLEANING_WIPE,2020-02-04,1580828400
838,R_1l4zCtGUTvAWdS6,WIRE,2020-02-04,1580828400
839,R_1l4zCtGUTvAWdS6,CELLULAR_PHONE_CASE,2020-02-04,1580828400
840,R_1l4zCtGUTvAWdS6,NUTRITIONAL_SUPPLEMENT,2020-02-04,1580828400
841,R_1lxYa2W6GgcAQ19,TUNIC,2020-02-04,1580828400
842,R_1nOCRAcsi1AU77q,ELECTRONIC_CABLE,2020-02-04,1580828400
843,R_1nOCRAcsi1AU77q,BREAKFAST_CEREAL,2020-02-04,1580828400
844,R_1pm2Wo5wrQSY0Gm,PET_FOOD,2020-02-04,1580828400
845,R_1pm2Wo5wrQSY0Gm,SHOES,2020-02-04,1580828400
846,R_1pm2Wo5wrQSY0Gm,SCREEN_PROTECTOR,2020-02-04,1580828400
847,R_1q4eVtHN10S5gPB,SPEAKERS,2020-02-04,1580828400
848,R_1q4eVtHN10S5gPB,PILLOW,2020-02-04,1580828400
849,R_20Yd9DvrGselmZY,HEADPHONES,2020-02-04,1580828400
850,R_20Z3XrmdVrFDp3r,ELECTRONIC_CABLE,2020-02-04,1580828400
851,R_20Z3XrmdVrFDp3r,GROCERY,2020-02-04,1580828400
852,R_22DJIjS0M8yvaYO,OUTERWEAR,2020-02-04,1580828400
853,R_24csoaO569P4Yzz,NUTRITIONAL_SUPPLEMENT,2020-02-04,1580828400
854,R_24csoaO569P4Yzz,HANDLE_GRIP,2020-02-04,1580828400
855,R_25thHabUddjXGzt,SHOES,2020-02-04,1580828400
856,R_25thHabUddjXGzt,PET_FOOD,2020-02-04,1580828400
857,R_25z5LHPaAsxktx7,PANTS,2020-02-04,1580828400
858,R_279ENCaNyRMf98u,MEDICATION,2020-02-04,1580828400
859,R_29uBVByYo0xAXiZ,PHYSICAL_MOVIE,2020-02-04,1580828400
860,R_2CKdeuvfVrO8I49,PET_FOOD,2020-02-04,1580828400
861,R_2CKdeuvfVrO8I49,FURNITURE,2020-02-04,1580828400
862,R_2E9JSBmmNNT5YMi,DRESS,2020-02-04,1580828400
863,R_2E9JSBmmNNT5YMi,PUZZLES,2020-02-04,1580828400
864,R_2EglJpTWGEiwQYa,PANTS,2020-02-04,1580828400
865,R_2SIYchF5txvb4ur,TOYS_AND_GAMES,2020-02-04,1580828400
866,R_2UctLzmpg4UJRZu,FLATWARE,2020-02-04,1580828400
867,R_2UfTIFhpicfXgPX,LAUNDRY_DETERGENT,2020-02-04,1580828400
868,R_2UgruQ1jzpNXLQZ,GROCERY,2020-02-04,1580828400
869,R_2UgruQ1jzpNXLQZ,SNACK_CHIP_AND_CRISP,2020-02-04,1580828400
870,R_2UgruQ1jzpNXLQZ,VITAMIN,2020-02-04,1580828400
871,R_2VyUSFk11bbTVej,TOYS_AND_GAMES,2020-02-04,1580828400
872,R_2VyUSFk11bbTVej,HEALTH_PERSONAL_CARE,2020-02-04,1580828400
873,R_2VyUSFk11bbTVej,SCREEN_PROTECTOR,2020-02-04,1580828400
874,R_2WVIxBGaj1uOr8S,VITAMIN,2020-02-04,1580828400
875,R_2WVIxBGaj1uOr8S,TOYS_AND_GAMES,2020-02-04,1580828400
876,R_2WVIxBGaj1uOr8S,HEALTH_PERSONAL_CARE,2020-02-04,1580828400
877,R_2WVIxBGaj1uOr8S,SEAFOOD,2020-02-04,1580828400
878,R_2WVIxBGaj1uOr8S,HEALTH_PERSONAL_CARE,2020-02-04,1580828400
879,R_2WVIxBGaj1uOr8S,COOKING_POT,2020-02-04,1580828400
880,R_2WVIxBGaj1uOr8S,HEALTH_PERSONAL_CARE,2020-02-04,1580828400
881,R_2WVIxBGaj1uOr8S,PET_FOOD,2020-02-04,1580828400
882,R_2XoI6KbLJRGFz5X,SKIN_CLEANING_AGENT,2020-02-04,1580828400
883,R_2Y9fPhqa2Xf2QdZ,SHIRT,2020-02-04,1580828400
884,R_2cBADxleVyzT89z,SNACK_FOOD_BAR,2020-02-04,1580828400
885,R_2dY2NzAgp2digAs,CELLULAR_PHONE_CASE,2020-02-04,1580828400
886,R_2dmZyPIDedcDR2J,SNACK_FOOD_BAR,2020-02-04,1580828400
887,R_2dmZyPIDedcDR2J,PANTS,2020-02-04,1580828400
888,R_2dvh9tu7PLPeipE,TOYS_AND_GAMES,2020-02-04,1580828400
889,R_2eaIHfPqBAh3Zqa,TOYS_AND_GAMES,2020-02-04,1580828400
890,R_2eaIHfPqBAh3Zqa,PANTS,2020-02-04,1580828400
891,R_2fD6Jy2muMgaubH,MEDICATION,2020-02-04,1580828400
892,R_2q2hekIiutgInrE,SKIN_CLEANING_AGENT,2020-02-04,1580828400
893,R_2q2hekIiutgInrE,VITAMIN,2020-02-04,1580828400
894,R_2q2hekIiutgInrE,SCREEN_PROTECTOR,2020-02-04,1580828400
895,R_2qjAN1lyLAdAxT2,SNACK_FOOD_BAR,2020-02-04,1580828400
896,R_2qjAN1lyLAdAxT2,HEALTH_PERSONAL_CARE,2020-02-04,1580828400
897,R_2r7Zl5CTeW1dMqd,TOYS_AND_GAMES,2020-02-04,1580828400
898,R_2tEuzX0j3530EZC,NECKLACE,2020-02-04,1580828400
899,R_2uZDxTZAORBIW1o,EDUCATIONAL_SUPPLIES,2020-02-04,1580828400
900,R_2wHwNZWEecJflLc,NUT_AND_SEED,2020-02-04,1580828400
901,R_2wmCdm6ETy6g3k0,SHOES,2020-02-04,1580828400
902,R_2wtVmKidhQR0wju,VITAMIN,2020-02-04,1580828400
903,R_2wtVmKidhQR0wju,LANDLINE_PHONE,2020-02-04,1580828400
904,R_2wtVmKidhQR0wju,APPENDAGE_WARMER,2020-02-04,1580828400
905,R_2wzatCV9Z18xLF2,ELECTRONIC_CABLE,2020-02-04,1580828400
906,R_2wzatCV9Z18xLF2,SKIN_CLEANING_AGENT,2020-02-04,1580828400
907,R_2yplkUxhAWZaFUL,LICENSE_PLATE_ATTACHMENT,2020-02-04,1580828400
908,R_2yplkUxhAWZaFUL,SKIN_MOISTURIZER,2020-02-04,1580828400
909,R_2yplkUxhAWZaFUL,HEALTH_PERSONAL_CARE,2020-02-04,1580828400
910,R_2yplkUxhAWZaFUL,HEALTH_PERSONAL_CARE,2020-02-04,1580828400
911,R_2yplkUxhAWZaFUL,VITAMIN,2020-02-04,1580828400
912,R_2zCmQhJtrw3xBtV,PANTS,2020-02-04,1580828400
913,R_2zCmQhJtrw3xBtV,SCREEN_PROTECTOR,2020-02-04,1580828400
914,R_2zD58KSXqhHfp5e,GROCERY,2020-02-04,1580828400
915,R_2zl2FPoC5r6TsM6,ELECTRONIC_CABLE,2020-02-04,1580828400
916,R_31ZxYxyOSie94bK,SHIRT,2020-02-04,1580828400
917,R_31ZxYxyOSie94bK,MATERIAL_HANDLING_TRUCK,2020-02-04,1580828400
918,R_31ZxYxyOSie94bK,HEALTH_PERSONAL_CARE,2020-02-04,1580828400
919,R_31ZxYxyOSie94bK,PET_FOOD,2020-02-04,1580828400
920,R_31ZxYxyOSie94bK,PET_FOOD,2020-02-04,1580828400
921,R_325wPQDFbzpv3zZ,ABIS_BOOK,2020-02-04,1580828400
922,R_325wPQDFbzpv3zZ,ABIS_BOOK,2020-02-04,1580828400
923,R_325wPQDFbzpv3zZ,BATTERY,2020-02-04,1580828400
924,R_325wPQDFbzpv3zZ,SHOES,2020-02-04,1580828400
925,R_325wPQDFbzpv3zZ,SKIN_MOISTURIZER,2020-02-04,1580828400
926,R_325wPQDFbzpv3zZ,GROCERY,2020-02-04,1580828400
927,R_325wPQDFbzpv3zZ,SHIRT,2020-02-04,1580828400
928,R_331r8PPvTyqKSoh,HEADPHONES,2020-02-04,1580828400
929,R_33El0GX9AkXCVDU,SKIN_CLEANING_AGENT,2020-02-04,1580828400
930,R_33El0GX9AkXCVDU,VITAMIN,2020-02-04,1580828400
931,R_33El0GX9AkXCVDU,SKIN_MOISTURIZER,2020-02-04,1580828400
932,R_3D7xJuXSy25PXbg,SKIN_MOISTURIZER,2020-02-04,1580828400
933,R_3EF2sOVmTNA4e3u,PHYSICAL_VIDEO_GAME_SOFTWARE,2020-02-04,1580828400
934,R_3EQ2dhEXGhy72Xx,SKIN_MOISTURIZER,2020-02-04,1580828400
935,R_3GBRRr7bndtJPU9,BEAN_BAG_CHAIR,2020-02-04,1580828400
936,R_3HgZOjGq4Ny969k,DISHWARE_PLATE,2020-02-04,1580828400
937,R_3HgZOjGq4Ny969k,EARMUFF,2020-02-04,1580828400
938,R_3Hphzg7zu04Hgy1,FOOD_BLENDER,2020-02-04,1580828400
939,R_3Hphzg7zu04Hgy1,CELLULAR_PHONE_CASE,2020-02-04,1580828400
940,R_3LXRVZSdJiqH63S,GUITARS,2020-02-04,1580828400
941,R_3LXRVZSdJiqH63S,ELECTRONIC_CABLE,2020-02-04,1580828400
942,R_3LXRVZSdJiqH63S,LABEL,2020-02-04,1580828400
943,R_3M3RSZ7wNRSaxNx,SKIN_CLEANING_AGENT,2020-02-04,1580828400
944,R_3MnSLQdJkly3wfg,WALKER,2020-02-04,1580828400
945,R_3NwUrzA3eAsS3xO,ELECTRONIC_CABLE,2020-02-04,1580828400
946,R_3O9aPnM7ixjsbYK,SCREEN_PROTECTOR,2020-02-04,1580828400
947,R_3O9aPnM7ixjsbYK,ELECTRONIC_SWITCH,2020-02-04,1580828400
948,R_3OiAK9V155cWEsy,GROCERY,2020-02-04,1580828400
949,R_3PUi8o2if0JqKfl,HEALTH_PERSONAL_CARE,2020-02-04,1580828400
950,R_3PUi8o2if0JqKfl,NUTRITIONAL_SUPPLEMENT,2020-02-04,1580828400
951,R_3PUi8o2if0JqKfl,HAMMER_MALLET,2020-02-04,1580828400
952,R_3ebnP0qUIQ7u38i,ABIS_BOOK,2020-02-04,1580828400
953,R_3ebnP0qUIQ7u38i,GROCERY,2020-02-04,1580828400
954,R_3ek9YZGdsDHjUZf,CROCHET_HOOK,2020-02-04,1580828400
955,R_3ez7TNnB78XtMa7,KETTLEBELL,2020-02-04,1580828400
956,R_3ez7TNnB78XtMa7,HEADPHONES,2020-02-04,1580828400
957,R_3gTrwWhEzAv6gzH,ELECTRONIC_CABLE,2020-02-04,1580828400
958,R_3gTrwWhEzAv6gzH,SCREEN_PROTECTOR,2020-02-04,1580828400
959,R_3gTrwWhEzAv6gzH,SCREEN_PROTECTOR,2020-02-04,1580828400
960,R_3lXswIAy7Qq6UEZ,SHOES,2020-02-04,1580828400
961,R_3m3H4mwZ2snYFua,SCREEN_PROTECTOR,2020-02-04,1580828400
962,R_3m3H4mwZ2snYFua,SHIRT,2020-02-04,1580828400
963,R_3m3H4mwZ2snYFua,SHOES,2020-02-04,1580828400
964,R_3m3H4mwZ2snYFua,MAKEUP_PRIMER,2020-02-04,1580828400
965,R_3peWF42INuePUWA,VITAMIN,2020-02-04,1580828400
966,R_3peWF42INuePUWA,PAW_HOOF_PROTECTOR,2020-02-04,1580828400
967,R_3peWF42INuePUWA,OUTDOOR_LIVING,2020-02-04,1580828400
968,R_3pm4Od2kUSXlZgY,GROCERY,2020-02-04,1580828400
969,R_3qe2tDpGxexEAso,SKIN_MOISTURIZER,2020-02-04,1580828400
970,R_3qe2tDpGxexEAso,SHIRT,2020-02-04,1580828400
971,R_3qe2tDpGxexEAso,SAUNA,2020-02-04,1580828400
972,R_3qqdzQnCaBYHx9o,CLEANING_AGENT,2020-02-04,1580828400
973,R_3s60LmlFm5fAEP5,VEHICLE_ACCENT_LIGHT,2020-02-04,1580828400
974,R_3socPWD3wXD0iDP,PANTS,2020-02-04,1580828400
975,R_3socPWD3wXD0iDP,POWER_CORD,2020-02-04,1580828400
976,R_3socPWD3wXD0iDP,SCREEN_PROTECTOR,2020-02-04,1580828400
977,R_5uabKnJBMc7HyEN,SHIRT,2020-02-04,1580828400
978,R_6fzbeTqbnF0kBih,CELLULAR_PHONE_CASE,2020-02-04,1580828400
979,R_9ppTjfBQZZs42WJ,HEADPHONES,2020-02-04,1580828400
980,R_9ppTjfBQZZs42WJ,PANTS,2020-02-04,1580828400
981,R_O6ZX76mggPnAOfD,TOYS_AND_GAMES,2020-02-04,1580828400
982,R_O6ZX76mggPnAOfD,CELLULAR_PHONE_CASE,2020-02-04,1580828400
983,R_Odixb15Ykmxb0Dn,SHIRT,2020-02-04,1580828400
984,R_PHgbX4EoPqUsLjb,SHIRT,2020-02-04,1580828400
985,R_PHgbX4EoPqUsLjb,ABIS_BOOK,2020-02-04,1580828400
986,R_PHgbX4EoPqUsLjb,NUTRITIONAL_SUPPLEMENT,2020-02-04,1580828400
987,R_RPudbSO1mm9KZSp,NUTRITIONAL_SUPPLEMENT,2020-02-04,1580828400
988,R_Rw7CA3irllJSRH3,PANTS,2020-02-04,1580828400
989,R_T5bktxnjxE8B7ON,PET_SUPPLIES,2020-02-04,1580828400
990,R_Y3PPLmdNg6NnwZz,NUTRITIONAL_SUPPLEMENT,2020-02-04,1580828400
991,R_b8UnkZJoU93ZxEB,TOYS_AND_GAMES,2020-02-04,1580828400
992,R_b8UnkZJoU93ZxEB,PHONE,2020-02-04,1580828400
993,R_cCucjmijTJETC6d,PET_FOOD,2020-02-04,1580828400
994,R_d5O7dqvA1EWCrPb,PET_FOOD,2020-02-04,1580828400
995,R_e8KTElZZLWryLWp,HEALTH_PERSONAL_CARE,2020-02-04,1580828400
996,R_e8KTElZZLWryLWp,PET_FOOD,2020-02-04,1580828400
997,R_e8KTElZZLWryLWp,BATTERY,2020-02-04,1580828400
998,R_e8KTElZZLWryLWp,SHOES,2020-02-04,1580828400
999,R_eOMCliqYqUD4oOR,MEDICATION,2020-02-04,1580828400
1000,R_pMnqpu31myYoxy1,SCREEN_PROTECTOR,2020-02-04,1580828400
1001,R_pMnqpu31myYoxy1,HOME,2020-02-04,1580828400
1002,R_pMnqpu31myYoxy1,MEDICATION,2020-02-04,1580828400
1003,R_pRWnSKTREPIwpSF,HEADPHONES,2020-02-04,1580828400
1004,R_pRWnSKTREPIwpSF,SKIN_CLEANING_AGENT,2020-02-04,1580828400
1005,R_tSTu20YCb20zL5D,PANTS,2020-02-04,1580828400
1006,R_tSTu20YCb20zL5D,HEALTH_PERSONAL_CARE,2020-02-04,1580828400
1007,R_tSTu20YCb20zL5D,SCARF,2020-02-04,1580828400
1008,R_tSTu20YCb20zL5D,SNACK_FOOD_BAR,2020-02-04,1580828400
1009,R_tSTu20YCb20zL5D,MEDICATION,2020-02-04,1580828400
1010,R_tSTu20YCb20zL5D,BATTERY,2020-02-04,1580828400
1011,R_u94bdSj5JBe7WZb,OUTERWEAR,2020-02-04,1580828400
1012,R_u94bdSj5JBe7WZb,PASTRY,2020-02-04,1580828400
1013,R_vBkhPDT0skiOO2J,NUTRITIONAL_SUPPLEMENT,2020-02-04,1580828400
1014,R_vBkhPDT0skiOO2J,LEAVENING_AGENT,2020-02-04,1580828400
1015,R_vBkhPDT0skiOO2J,ELECTRONIC_CABLE,2020-02-04,1580828400
1016,R_vCykMx1wpGTjjTb,VEHICLE_BAG,2020-02-04,1580828400
1017,R_x0hVvTTXGQY9FRf,CELLULAR_PHONE_CASE,2020-02-04,1580828400
1018,R_xDvEzzSGeDDkvU5,ABIS_BOOK,2020-02-04,1580828400
1019,R_yC5ffbdBLVi93Pz,PANTS,2020-02-04,1580828400
1020,R_0f8u2tSB99LkgCt,PHYSICAL_MOVIE,2020-02-05,1580914800
1021,R_10wSqGFumZGSTmH,HEALTH_PERSONAL_CARE,2020-02-05,1580914800
1022,R_10wSqGFumZGSTmH,GROCERY,2020-02-05,1580914800
1023,R_10wSqGFumZGSTmH,BARBECUE_TOOL_SET,2020-02-05,1580914800
1024,R_10wSqGFumZGSTmH,NUTRITIONAL_SUPPLEMENT,2020-02-05,1580914800
1025,R_10wSqGFumZGSTmH,GROCERY,2020-02-05,1580914800
1026,R_10wSqGFumZGSTmH,NUTRITIONAL_SUPPLEMENT,2020-02-05,1580914800
1027,R_10wSqGFumZGSTmH,NAIL_POWDER,2020-02-05,1580914800
1028,R_10wSqGFumZGSTmH,PANTS,2020-02-05,1580914800
1029,R_10wSqGFumZGSTmH,NAIL_POWDER,2020-02-05,1580914800
1030,R_10wSqGFumZGSTmH,HEADPHONES,2020-02-05,1580914800
1031,R_10wSqGFumZGSTmH,BATTERY,2020-02-05,1580914800
1032,R_10wSqGFumZGSTmH,MANUAL_SHAVING_RAZOR,2020-02-05,1580914800
1033,R_129jUlsvVcVBDur,VITAMIN,2020-02-05,1580914800
1034,R_12QFQ7lCIls8sRd,GROCERY,2020-02-05,1580914800
1035,R_1C4tcyEfmcsKI9X,MEDICATION,2020-02-05,1580914800
1036,R_1Cx2TzfSj9KxVhR,ABIS_BOOK,2020-02-05,1580914800
1037,R_1Cx2TzfSj9KxVhR,HEALTH_PERSONAL_CARE,2020-02-05,1580914800
1038,R_1Cx2TzfSj9KxVhR,PET_FOOD,2020-02-05,1580914800
1039,R_1Fyt6rHyiQcVOT8,VITAMIN,2020-02-05,1580914800
1040,R_1Fyt6rHyiQcVOT8,SCREEN_PROTECTOR,2020-02-05,1580914800
1041,R_1Fyt6rHyiQcVOT8,SKIN_MOISTURIZER,2020-02-05,1580914800
1042,R_1Fyt6rHyiQcVOT8,SHOES,2020-02-05,1580914800
1043,R_1GVN63HjPpVXPEx,FABRIC_APPLIQUE_PATCH,2020-02-05,1580914800
1044,R_1Kru2C0Zf28ZbQ0,PET_FOOD,2020-02-05,1580914800
1045,R_1Kru2C0Zf28ZbQ0,HEADPHONES,2020-02-05,1580914800
1046,R_1KxVDxZl2H0XoHS,HEADPHONES,2020-02-05,1580914800
1047,R_1MJSWPNY1QR0Q68,CELLULAR_PHONE_CASE,2020-02-05,1580914800
1048,R_1daE3vUDxFrSw4I,YO_YO,2020-02-05,1580914800
1049,R_1dlSByn2AyHWx7r,BOLTS,2020-02-05,1580914800
1050,R_1ig4LC2I0cwMCHk,SKIN_CLEANING_AGENT,2020-02-05,1580914800
1051,R_1jARg5bGH5uqAKW,SCREEN_PROTECTOR,2020-02-05,1580914800
1052,R_1jARg5bGH5uqAKW,PHYSICAL_MOVIE,2020-02-05,1580914800
1053,R_1jARg5bGH5uqAKW,PET_FOOD,2020-02-05,1580914800
1054,R_1jZkLNE1JdtyVpH,BICYCLE_TRAILER,2020-02-05,1580914800
1055,R_1lfNYOmsEIqOn65,JEWELRY_STORAGE,2020-02-05,1580914800
1056,R_1lfNYOmsEIqOn65,PHYSICAL_MOVIE,2020-02-05,1580914800
1057,R_1lp1fif64G1hlWf,BUILDING_MATERIAL,2020-02-05,1580914800
1058,R_1mCoq1CQXRu1pPq,TOYS_AND_GAMES,2020-02-05,1580914800
1059,R_1pm2Wo5wrQSY0Gm,EGG,2020-02-05,1580914800
1060,R_1pu6yYPsuymsIIz,BATTERY,2020-02-05,1580914800
1061,R_1pu6yYPsuymsIIz,SHOES,2020-02-05,1580914800
1062,R_1q4eVtHN10S5gPB,CELLULAR_PHONE_CASE,2020-02-05,1580914800
1063,R_1rq9oimamSF6rsF,GIFT_CARD,2020-02-05,1580914800
1064,R_20ON9TjJWV64IZO,SPORTS_MEMORABILIA,2020-02-05,1580914800
1065,R_20ON9TjJWV64IZO,CELLULAR_PHONE_CASE,2020-02-05,1580914800
1066,R_20ON9TjJWV64IZO,SHIRT,2020-02-05,1580914800
1067,R_210tLKdUbUZuf7O,SKIN_CLEANING_AGENT,2020-02-05,1580914800
1068,R_21uibgT9dgqRD9J,HARDWARE,2020-02-05,1580914800
1069,R_21uibgT9dgqRD9J,MEDICATION,2020-02-05,1580914800
1070,R_24csoaO569P4Yzz,NUTRITIONAL_SUPPLEMENT,2020-02-05,1580914800
1071,R_24csoaO569P4Yzz,PEST_CONTROL_DEVICE,2020-02-05,1580914800
1072,R_24csoaO569P4Yzz,TABLETOP_GAME,2020-02-05,1580914800
1073,R_24csoaO569P4Yzz,GROCERY,2020-02-05,1580914800
1074,R_24csoaO569P4Yzz,SKIN_CLEANING_AGENT,2020-02-05,1580914800
1075,R_24vf4xIuT0kGsZ3,BATH_PILLOW,2020-02-05,1580914800
1076,R_25KMnVsE9ynaHcA,SKIN_CLEANING_AGENT,2020-02-05,1580914800
1077,R_26nB6rfoaXIEb6Z,SHOWERHEAD,2020-02-05,1580914800
1078,R_27llfKLBUotowNk,PEST_CONTROL_DEVICE,2020-02-05,1580914800
1079,R_2BesSIAnd7POW2C,PLANNER,2020-02-05,1580914800
1080,R_2BesSIAnd7POW2C,DISHWARE_PLACE_SETTING,2020-02-05,1580914800
1081,R_2CKdeuvfVrO8I49,FURNITURE,2020-02-05,1580914800
1082,R_2DSIdH6iUv9yJ8V,CHOCOLATE_CANDY,2020-02-05,1580914800
1083,R_2DXPyU9bPnWuZPM,TOYS_AND_GAMES,2020-02-05,1580914800
1084,R_2DXPyU9bPnWuZPM,SKIN_CLEANING_AGENT,2020-02-05,1580914800
1085,R_2DXPyU9bPnWuZPM,APRON,2020-02-05,1580914800
1086,R_2DXPyU9bPnWuZPM,TOYS_AND_GAMES,2020-02-05,1580914800
1087,R_2DXPyU9bPnWuZPM,RIDE_ON_TOY,2020-02-05,1580914800
1088,R_2E5XCpTY2B5ZQ1f,HEALTH_PERSONAL_CARE,2020-02-05,1580914800
1089,R_2E5XCpTY2B5ZQ1f,FOOD_GRATER,2020-02-05,1580914800
1090,R_2E5XCpTY2B5ZQ1f,VITAMIN,2020-02-05,1580914800
1091,R_2E5XCpTY2B5ZQ1f,ANTENNA,2020-02-05,1580914800
1092,R_2E5XCpTY2B5ZQ1f,SKIN_CLEANING_AGENT,2020-02-05,1580914800
1093,R_2E5XCpTY2B5ZQ1f,SKIN_MOISTURIZER,2020-02-05,1580914800
1094,R_2E9JSBmmNNT5YMi,GROCERY,2020-02-05,1580914800
1095,R_2E9JSBmmNNT5YMi,MONITOR,2020-02-05,1580914800
1096,R_2E9JSBmmNNT5YMi,NUTRITIONAL_SUPPLEMENT,2020-02-05,1580914800
1097,R_2E9JSBmmNNT5YMi,GROCERY,2020-02-05,1580914800
1098,R_2E9JSBmmNNT5YMi,MEDICATION,2020-02-05,1580914800
1099,R_2E9JSBmmNNT5YMi,PHYSICAL_MOVIE,2020-02-05,1580914800
1100,R_2E9JSBmmNNT5YMi,PUZZLES,2020-02-05,1580914800
1101,R_2EglJpTWGEiwQYa,VITAMIN,2020-02-05,1580914800
1102,R_2EglJpTWGEiwQYa,HEALTH_PERSONAL_CARE,2020-02-05,1580914800
1103,R_2EglJpTWGEiwQYa,BATTERY,2020-02-05,1580914800
1104,R_2EglJpTWGEiwQYa,UNDERPANTS,2020-02-05,1580914800
1105,R_2Etc0qZ3B702xxn,MONITOR,2020-02-05,1580914800
1106,R_2Etc0qZ3B702xxn,NUTRITIONAL_SUPPLEMENT,2020-02-05,1580914800
1107,R_2Etc0qZ3B702xxn,COSTUME_HEADWEAR,2020-02-05,1580914800
1108,R_2QRtVOQUzfFxAg0,BIOMETRIC_MONITOR,2020-02-05,1580914800
1109,R_2QRtVOQUzfFxAg0,PANTS,2020-02-05,1580914800
1110,R_2QRtVOQUzfFxAg0,SKIN_MOISTURIZER,2020-02-05,1580914800
1111,R_2QXJIE0UXBTy8wd,SWIMWEAR,2020-02-05,1580914800
1112,R_2QXJIE0UXBTy8wd,SCREEN_PROTECTOR,2020-02-05,1580914800
1113,R_2R3ayuIYVgX07CZ,BROOM,2020-02-05,1580914800
1114,R_2R3ayuIYVgX07CZ,MEDICATION,2020-02-05,1580914800
1115,R_2R3ayuIYVgX07CZ,SNACK_FOOD_BAR,2020-02-05,1580914800
1116,R_2RVXjEovu4Y1yen,BUBBLE_MAKER,2020-02-05,1580914800
1117,R_2SksQStmmNpRaiB,GARMENT_STEAMER,2020-02-05,1580914800
1118,R_2SksQStmmNpRaiB,SHOES,2020-02-05,1580914800
1119,R_2SksQStmmNpRaiB,MINERAL_SUPPLEMENT,2020-02-05,1580914800
1120,R_2SowakeS8ZQebAD,VITAMIN,2020-02-05,1580914800
1121,R_2SowakeS8ZQebAD,PANTS,2020-02-05,1580914800
1122,R_2SowakeS8ZQebAD,LAMP,2020-02-05,1580914800
1123,R_2VyUSFk11bbTVej,BARBELL,2020-02-05,1580914800
1124,R_2VyUSFk11bbTVej,SKIN_MOISTURIZER,2020-02-05,1580914800
1125,R_2WMQprO1e6US68f,SHOES,2020-02-05,1580914800
1126,R_2WMQprO1e6US68f,HEADPHONES,2020-02-05,1580914800
1127,R_2WVIxBGaj1uOr8S,BONDING_ADHESIVES,2020-02-05,1580914800
1128,R_2Y9fPhqa2Xf2QdZ,SCREEN_PROTECTOR,2020-02-05,1580914800
1129,R_2YR2Yn7wGzAeAj0,PAPER_TOWEL,2020-02-05,1580914800
1130,R_2YR2Yn7wGzAeAj0,CELLULAR_PHONE_CASE,2020-02-05,1580914800
1131,R_2ZTFfLAcuwm22Yh,PINBOARD,2020-02-05,1580914800
1132,R_2b1MfkpNO4V6xMv,SHIRT,2020-02-05,1580914800
1133,R_2b1MfkpNO4V6xMv,SCREEN_PROTECTOR,2020-02-05,1580914800
1134,R_2b1MfkpNO4V6xMv,SKIN_PROTECTANT,2020-02-05,1580914800
1135,R_2b1XOZR0PYTA1jX,MEDICATION,2020-02-05,1580914800
1136,R_2b1XOZR0PYTA1jX,PET_FOOD,2020-02-05,1580914800
1137,R_2b1XOZR0PYTA1jX,TABLET_COMPUTER,2020-02-05,1580914800
1138,R_2cd9jCAamQMAsxe,BEVERAGE_INSULATOR,2020-02-05,1580914800
1139,R_2cd9jCAamQMAsxe,BONDING_ADHESIVES,2020-02-05,1580914800
1140,R_2cd9jCAamQMAsxe,BEVERAGE_INSULATOR,2020-02-05,1580914800
1141,R_2cd9jCAamQMAsxe,BEVERAGE_INSULATOR,2020-02-05,1580914800
1142,R_2cd9jCAamQMAsxe,GROCERY,2020-02-05,1580914800
1143,R_2dRR9SjNrn4s7xU,PET_FOOD,2020-02-05,1580914800
1144,R_2e9e8lhWqVtpb7m,TOYS_AND_GAMES,2020-02-05,1580914800
1145,R_2fD6Jy2muMgaubH,MEDICATION,2020-02-05,1580914800
1146,R_2fy7JSBbIRNQKLb,PET_SUPPLIES,2020-02-05,1580914800
1147,R_2mAJniG0xVBIInL,BICYCLE_CARGO_RACK,2020-02-05,1580914800
1148,R_2mAJniG0xVBIInL,PHYSICAL_MOVIE,2020-02-05,1580914800
1149,R_2mKYTXpTsUEkSGt,ELECTRONIC_CABLE,2020-02-05,1580914800
1150,R_2qD8ep8d313iLj4,SHIRT,2020-02-05,1580914800
1151,R_2qD8ep8d313iLj4,BATTERY,2020-02-05,1580914800
1152,R_2s5OzoDX56gIWr0,HOME_ORGANIZERS_AND_STORAGE,2020-02-05,1580914800
1153,R_2s5OzoDX56gIWr0,ADHESIVE_TAPES,2020-02-05,1580914800
1154,R_2s5YO3cdqKDFyIM,PANTS,2020-02-05,1580914800
1155,R_2tfh4rvpUWWJndF,PET_FOOD,2020-02-05,1580914800
1156,R_2tfh4rvpUWWJndF,SNACK_FOOD_BAR,2020-02-05,1580914800
1157,R_2tfh4rvpUWWJndF,PET_FOOD,2020-02-05,1580914800
1158,R_2tfh4rvpUWWJndF,HEADPHONES,2020-02-05,1580914800
1159,R_2tfh4rvpUWWJndF,PORTABLE_ELECTRONIC_DEVICE_COVER,2020-02-05,1580914800
1160,R_2tfh4rvpUWWJndF,MOTOR_STARTER,2020-02-05,1580914800
1161,R_2uIMLcJgQmb0v3G,SHOES,2020-02-05,1580914800
1162,R_2uIMLcJgQmb0v3G,TIRE_COVER,2020-02-05,1580914800
1163,R_2woyYEH5qlAG264,SNACK_FOOD_BAR,2020-02-05,1580914800
1164,R_2yplkUxhAWZaFUL,CAMERA_CLEANER,2020-02-05,1580914800
1165,R_2ze9t15YGQDJxR3,SCREEN_PROTECTOR,2020-02-05,1580914800
1166,R_2ze9t15YGQDJxR3,SNACK_FOOD_BAR,2020-02-05,1580914800
1167,R_2ze9t15YGQDJxR3,COORDINATED_OUTFIT,2020-02-05,1580914800
1168,R_2ze9t15YGQDJxR3,TOYS_AND_GAMES,2020-02-05,1580914800
1169,R_2ze9t15YGQDJxR3,SWEATSHIRT,2020-02-05,1580914800
1170,R_2ze9t15YGQDJxR3,SHIRT,2020-02-05,1580914800
1171,R_2ze9t15YGQDJxR3,EXERCISE_BLOCK,2020-02-05,1580914800
1172,R_2ze9t15YGQDJxR3,SHOES,2020-02-05,1580914800
1173,R_2ze9t15YGQDJxR3,VITAMIN,2020-02-05,1580914800
1174,R_2ze9t15YGQDJxR3,CELLULAR_PHONE_CASE,2020-02-05,1580914800
1175,R_2ze9t15YGQDJxR3,PET_FOOD,2020-02-05,1580914800
1176,R_2ze9t15YGQDJxR3,SHOWERHEAD,2020-02-05,1580914800
1177,R_2ze9t15YGQDJxR3,HEALTH_PERSONAL_CARE,2020-02-05,1580914800
1178,R_2ze9t15YGQDJxR3,ELECTRONIC_CABLE,2020-02-05,1580914800
1179,R_3093m6Spz9VzxAK,HEADPHONES,2020-02-05,1580914800
1180,R_32RSCpvF0PqDFBp,MEDICATION,2020-02-05,1580914800
1181,R_32UZncFA03IrQwQ,STORAGE_BOX,2020-02-05,1580914800
1182,R_32UZncFA03IrQwQ,ABIS_BOOK,2020-02-05,1580914800
1183,R_32UZncFA03IrQwQ,SCREEN_PROTECTOR,2020-02-05,1580914800
1184,R_32UZncFA03IrQwQ,BATTERY,2020-02-05,1580914800
1185,R_32UZncFA03IrQwQ,APPENDAGE_WARMER,2020-02-05,1580914800
1186,R_333cPUAJRgYXqi1,ABIS_BOOK,2020-02-05,1580914800
1187,R_33El0GX9AkXCVDU,PANTS,2020-02-05,1580914800
1188,R_39HhVszlqdawZPP,CONSOLE_VIDEO_GAMES,2020-02-05,1580914800
1189,R_3G1gYo1d23Zq8Np,ORTHOPEDIC_BRACE,2020-02-05,1580914800
1190,R_3G1gYo1d23Zq8Np,SKIN_MOISTURIZER,2020-02-05,1580914800
1191,R_3G1gYo1d23Zq8Np,TOOTH_CLEANING_AGENT,2020-02-05,1580914800
1192,R_3GBRRr7bndtJPU9,SCREEN_PROTECTOR,2020-02-05,1580914800
1193,R_3GCXgWFPLgXAuFC,TRAMPOLINE,2020-02-05,1580914800
1194,R_3GCXgWFPLgXAuFC,PHYSICAL_MOVIE,2020-02-05,1580914800
1195,R_3GCXgWFPLgXAuFC,SYRINGE,2020-02-05,1580914800
1196,R_3MnSLQdJkly3wfg,ROLLER_CHAIN,2020-02-05,1580914800
1197,R_3O7heagIMZY2HnD,TOY_STROLLER,2020-02-05,1580914800
1198,R_3P4QthjwwxEaV1m,GROCERY,2020-02-05,1580914800
1199,R_3PUi8o2if0JqKfl,HEADPHONES,2020-02-05,1580914800
1200,R_3Pc1ZZfNy58AvgE,PET_FOOD,2020-02-05,1580914800
1201,R_3ek9YZGdsDHjUZf,CELLULAR_PHONE_CASE,2020-02-05,1580914800
1202,R_3eqS2JnufvMcjz6,BISS,2020-02-05,1580914800
1203,R_3ez7TNnB78XtMa7,LEOTARD,2020-02-05,1580914800
1204,R_3ez7TNnB78XtMa7,PET_FOOD,2020-02-05,1580914800
1205,R_3hAWVPrKOvOzR1e,CLINICAL_DIAGNOSTIC_TESTING_KIT,2020-02-05,1580914800
1206,R_3hAWVPrKOvOzR1e,JERKY,2020-02-05,1580914800
1207,R_3hAWVPrKOvOzR1e,SKIN_MOISTURIZER,2020-02-05,1580914800
1208,R_3jYVNfQkzbtT9y0,BATTERY,2020-02-05,1580914800
1209,R_3jYVNfQkzbtT9y0,SKIN_MOISTURIZER,2020-02-05,1580914800
1210,R_3jYVNfQkzbtT9y0,SKIN_MOISTURIZER,2020-02-05,1580914800
1211,R_3lXswIAy7Qq6UEZ,NUTRITIONAL_SUPPLEMENT,2020-02-05,1580914800
1212,R_3m3H4mwZ2snYFua,SCREEN_PROTECTOR,2020-02-05,1580914800
1213,R_3mm166mlwrLpf6y,GROCERY,2020-02-05,1580914800
1214,R_3mm166mlwrLpf6y,BATTERY,2020-02-05,1580914800
1215,R_3mm166mlwrLpf6y,PUFFED_SNACK,2020-02-05,1580914800
1216,R_3mm166mlwrLpf6y,PUFFED_SNACK,2020-02-05,1580914800
1217,R_3r0AnJHzPNt6fQ2,REFRIGERATOR,2020-02-05,1580914800
1218,R_3r0AnJHzPNt6fQ2,TOYS_AND_GAMES,2020-02-05,1580914800
1219,R_3rZHdmB75jSgwhr,MEDICATION,2020-02-05,1580914800
1220,R_3rZHdmB75jSgwhr,PANTS,2020-02-05,1580914800
1221,R_3rZHdmB75jSgwhr,GIFT_CARD,2020-02-05,1580914800
1222,R_3rZHdmB75jSgwhr,SHIRT,2020-02-05,1580914800
1223,R_3rZHdmB75jSgwhr,VITAMIN,2020-02-05,1580914800
1224,R_3rZHdmB75jSgwhr,AIR_MATTRESS,2020-02-05,1580914800
1225,R_3rZHdmB75jSgwhr,AXE,2020-02-05,1580914800
1226,R_3rZHdmB75jSgwhr,SKIN_MOISTURIZER,2020-02-05,1580914800
1227,R_3rZHdmB75jSgwhr,SKIN_MOISTURIZER,2020-02-05,1580914800
1228,R_3rZHdmB75jSgwhr,MEDICATION,2020-02-05,1580914800
1229,R_3rZHdmB75jSgwhr,NUTRITIONAL_SUPPLEMENT,2020-02-05,1580914800
1230,R_3rZHdmB75jSgwhr,BATTERY,2020-02-05,1580914800
1231,R_3rZHdmB75jSgwhr,HEADPHONE_EARPAD,2020-02-05,1580914800
1232,R_3rZHdmB75jSgwhr,AXE,2020-02-05,1580914800
1233,R_3rZHdmB75jSgwhr,MEDICATION,2020-02-05,1580914800
1234,R_3rZHdmB75jSgwhr,HEADPHONES,2020-02-05,1580914800
1235,R_3rZHdmB75jSgwhr,HEALTH_PERSONAL_CARE,2020-02-05,1580914800
1236,R_3rZHdmB75jSgwhr,WRITING_INSTRUMENT,2020-02-05,1580914800
1237,R_3rZHdmB75jSgwhr,VACUUM_CLEANER,2020-02-05,1580914800
1238,R_3rZHdmB75jSgwhr,SHOES,2020-02-05,1580914800
1239,R_3rZHdmB75jSgwhr,TOYS_AND_GAMES,2020-02-05,1580914800
1240,R_3rZHdmB75jSgwhr,AIR_MATTRESS,2020-02-05,1580914800
1241,R_3socPWD3wXD0iDP,PANTS,2020-02-05,1580914800
1242,R_4YjfHl0af8gN30Z,GROCERY,2020-02-05,1580914800
1243,R_5uabKnJBMc7HyEN,RUG,2020-02-05,1580914800
1244,R_5uabKnJBMc7HyEN,TOYS_AND_GAMES,2020-02-05,1580914800
1245,R_5uabKnJBMc7HyEN,SNACK_FOOD_BAR,2020-02-05,1580914800
1246,R_5uabKnJBMc7HyEN,MUSICAL_INSTRUMENT_TOY,2020-02-05,1580914800
1247,R_7ZH1uBNuL9RQ2K5,CELLULAR_PHONE_CASE,2020-02-05,1580914800
1248,R_89aTM1JXN8SWr3b,MAGAZINES,2020-02-05,1580914800
1249,R_8pMsG4P0RqzoSlz,HEADPHONES,2020-02-05,1580914800
1250,R_AEBbAiW2xdXI2at,SYSTEM_POWER_DEVICE,2020-02-05,1580914800
1251,R_Amq2LudEdwYblXX,MEDICATION,2020-02-05,1580914800
1252,R_Amq2LudEdwYblXX,SCREEN_PROTECTOR,2020-02-05,1580914800
1253,R_Amq2LudEdwYblXX,DAIRY_BASED_DRINK,2020-02-05,1580914800
1254,R_Ap2HcvpPLRDJv9L,TOYS_AND_GAMES,2020-02-05,1580914800
1255,R_Ap2HcvpPLRDJv9L,GROCERY,2020-02-05,1580914800
1256,R_BWAjcs1sKUc6NQl,CADDY,2020-02-05,1580914800
1257,R_BWhnv4EdbhSS6rf,PET_FOOD,2020-02-05,1580914800
1258,R_Djcs43mP6ReoYgN,PET_FOOD,2020-02-05,1580914800
1259,R_OPfbKZtf2Azgit3,SHOES,2020-02-05,1580914800
1260,R_OPfbKZtf2Azgit3,DEEP_FRYER,2020-02-05,1580914800
1261,R_OPfbKZtf2Azgit3,COLLECTIBLE_COINS,2020-02-05,1580914800
1262,R_Odixb15Ykmxb0Dn,SNACK_FOOD_BAR,2020-02-05,1580914800
1263,R_Odixb15Ykmxb0Dn,FLOUR,2020-02-05,1580914800
1264,R_PwlnzzccUMXV0n7,VITAMIN,2020-02-05,1580914800
1265,R_Q4ZjTFeyiC5kgQV,WRITING_INSTRUMENT,2020-02-05,1580914800
1266,R_Q4ZjTFeyiC5kgQV,FOOD,2020-02-05,1580914800
1267,R_Q4ZjTFeyiC5kgQV,PACKING_MATERIAL,2020-02-05,1580914800
1268,R_T4THXKAQCwg9ZXb,TOILET_PAPER,2020-02-05,1580914800
1269,R_XSu10jIDimUl5m1,PET_FOOD,2020-02-05,1580914800
1270,R_XUhit9pAXhD746B,ABIS_MUSIC,2020-02-05,1580914800
1271,R_Z4qMkqhWSmIbdSh,MEDICATION,2020-02-05,1580914800
1272,R_ZegAOoGxHgKdVIZ,COMPUTER,2020-02-05,1580914800
1273,R_ZegAOoGxHgKdVIZ,WINDING_REEL,2020-02-05,1580914800
1274,R_ZkokwdIEZybYo9z,MEDICATION,2020-02-05,1580914800
1275,R_ZkokwdIEZybYo9z,SHIRT,2020-02-05,1580914800
1276,R_b8UnkZJoU93ZxEB,MEDICATION,2020-02-05,1580914800
1277,R_b8UnkZJoU93ZxEB,TOYS_AND_GAMES,2020-02-05,1580914800
1278,R_dnb5fN79bJTa6Up,ELECTRONIC_CABLE,2020-02-05,1580914800
1279,R_e8KTElZZLWryLWp,APPAREL_HEAD_NECK_COVERING,2020-02-05,1580914800
1280,R_e8KTElZZLWryLWp,ELECTRIC_FAN,2020-02-05,1580914800
1281,R_pMnqpu31myYoxy1,HEALTH_PERSONAL_CARE,2020-02-05,1580914800
1282,R_qxTrp3qz2YCQAnv,HAIR_TIE,2020-02-05,1580914800
1283,R_tDI0MmPcVp5b2Xn,SKIN_CLEANING_AGENT,2020-02-05,1580914800
1284,R_tDI0MmPcVp5b2Xn,SOCKS,2020-02-05,1580914800
1285,R_tFf2GViNMUolxaV,NUTRITIONAL_SUPPLEMENT,2020-02-05,1580914800
1286,R_tFf2GViNMUolxaV,SHOES,2020-02-05,1580914800
1287,R_tXHOaasrDjYwLO9,MEDICATION,2020-02-05,1580914800
1288,R_voSNwyVcZWdCTJv,CALISTHENICS_STAND,2020-02-05,1580914800
1289,R_yC5ffbdBLVi93Pz,EYEWEAR,2020-02-05,1580914800
1290,R_yJz6aXbKddNbgZz,SCREEN_PROTECTOR,2020-02-05,1580914800
1291,R_zTi3j2QuqAzr7NL,ABIS_BOOK,2020-02-05,1580914800
1292,R_0c8VclJcriEXQqZ,SNACK_FOOD_BAR,2020-02-06,1581001200
1293,R_0c8VclJcriEXQqZ,SHOES,2020-02-06,1581001200
1294,R_0f8u2tSB99LkgCt,GROCERY,2020-02-06,1581001200
1295,R_10AtO7bUfe8iWYK,TOYS_AND_GAMES,2020-02-06,1581001200
1296,R_1C4nKyrv0w2thJn,CELLULAR_PHONE_CASE,2020-02-06,1581001200
1297,R_1C4nKyrv0w2thJn,MEDICATION,2020-02-06,1581001200
1298,R_1C4nKyrv0w2thJn,PANTS,2020-02-06,1581001200
1299,R_1C4nKyrv0w2thJn,SWIMWEAR,2020-02-06,1581001200
1300,R_1C4nKyrv0w2thJn,NUTRITIONAL_SUPPLEMENT,2020-02-06,1581001200
1301,R_1C4nKyrv0w2thJn,PET_FOOD,2020-02-06,1581001200
1302,R_1C4nKyrv0w2thJn,HAIR_COLORING_AGENT,2020-02-06,1581001200
1303,R_1C4nKyrv0w2thJn,MEDICATION,2020-02-06,1581001200
1304,R_1C4nKyrv0w2thJn,TOYS_AND_GAMES,2020-02-06,1581001200
1305,R_1C4tcyEfmcsKI9X,VITAMIN,2020-02-06,1581001200
1306,R_1C4tcyEfmcsKI9X,MEDICATION,2020-02-06,1581001200
1307,R_1C8w4NDDQC5fcgE,SKIN_CLEANING_AGENT,2020-02-06,1581001200
1308,R_1C8w4NDDQC5fcgE,SNACK_FOOD_BAR,2020-02-06,1581001200
1309,R_1C9YUFD8GunlGej,PANTS,2020-02-06,1581001200
1310,R_1C9YUFD8GunlGej,ABIS_BOOK,2020-02-06,1581001200
1311,R_1Cd5zmz07X5BqKa,SCREEN_PROTECTOR,2020-02-06,1581001200
1312,R_1Cx2TzfSj9KxVhR,SKIN_CLEANING_AGENT,2020-02-06,1581001200
1313,R_1Cx2TzfSj9KxVhR,BED_CURTAIN,2020-02-06,1581001200
1314,R_1Cx2TzfSj9KxVhR,ABIS_BOOK,2020-02-06,1581001200
1315,R_1DOwHkGiX8DX7mF,SKIN_EXFOLIANT,2020-02-06,1581001200
1316,R_1E3TJBNJVtr3tcD,SNACK_FOOD_BAR,2020-02-06,1581001200
1317,R_1E3TJBNJVtr3tcD,NUTRITIONAL_SUPPLEMENT,2020-02-06,1581001200
1318,R_1GVN63HjPpVXPEx,BATTERY,2020-02-06,1581001200
1319,R_1GVN63HjPpVXPEx,MEDICATION,2020-02-06,1581001200
1320,R_1IaYiTSaUaD2W2i,CELLULAR_PHONE_CASE,2020-02-06,1581001200
1321,R_1NDq0rxoUSu6oyz,BATTERY,2020-02-06,1581001200
1322,R_1Nh9okz5clSAlfl,TOYS_AND_GAMES,2020-02-06,1581001200
1323,R_1Nh9okz5clSAlfl,SHIRT,2020-02-06,1581001200
1324,R_1NlGZCWpxXc8mjn,PHYSICAL_MOVIE,2020-02-06,1581001200
1325,R_1NlGZCWpxXc8mjn,SHIRT,2020-02-06,1581001200
1326,R_1NlGZCWpxXc8mjn,WALKING_STICK,2020-02-06,1581001200
1327,R_1QKu8qtvgo0d1uS,BARBECUE_TOOL_SET,2020-02-06,1581001200
1328,R_1QutEVkZz69QFR7,ABIS_BOOK,2020-02-06,1581001200
1329,R_1QutEVkZz69QFR7,BATTERY,2020-02-06,1581001200
1330,R_1dAhJdFXHV5xmMG,CONDITIONER,2020-02-06,1581001200
1331,R_1dppjLIFEdj7Kq5,TOYS_AND_GAMES,2020-02-06,1581001200
1332,R_1dppjLIFEdj7Kq5,SHOES,2020-02-06,1581001200
1333,R_1dppjLIFEdj7Kq5,MILK_FROTHER,2020-02-06,1581001200
1334,R_1escXXhyvAgsBYq,MULTIPORT_HUB,2020-02-06,1581001200
1335,R_1escXXhyvAgsBYq,WALKING_STICK,2020-02-06,1581001200
1336,R_1escXXhyvAgsBYq,PACIFIER,2020-02-06,1581001200
1337,R_1escXXhyvAgsBYq,MEDICATION,2020-02-06,1581001200
1338,R_1exepO2lYqHFR9q,SOCKS,2020-02-06,1581001200
1339,R_1exepO2lYqHFR9q,REUSABLE_INCONTINENCE_SURFACE_PROTECTOR,2020-02-06,1581001200
1340,R_1exepO2lYqHFR9q,SOCKS,2020-02-06,1581001200
1341,R_1exepO2lYqHFR9q,BINDER_DIVIDER,2020-02-06,1581001200
1342,R_1jd0U0OjvEcZEcw,HEADPHONES,2020-02-06,1581001200
1343,R_1lfNYOmsEIqOn65,RUG_PAD,2020-02-06,1581001200
1344,R_1lxYa2W6GgcAQ19,PET_SUPPLIES,2020-02-06,1581001200
1345,R_1lxYa2W6GgcAQ19,SCREEN_PROTECTOR,2020-02-06,1581001200
1346,R_1mEmb9jWLRYCU4e,MEDICATION,2020-02-06,1581001200
1347,R_1r18PD3TjJe3i53,ABIS_BOOK,2020-02-06,1581001200
1348,R_1r18PD3TjJe3i53,NUTRITIONAL_SUPPLEMENT,2020-02-06,1581001200
1349,R_20TAzxGcUSMw2Gy,BATTERY,2020-02-06,1581001200
1350,R_20TAzxGcUSMw2Gy,NUTRITIONAL_SUPPLEMENT,2020-02-06,1581001200
1351,R_20Yd9DvrGselmZY,WRITING_INSTRUMENT,2020-02-06,1581001200
1352,R_21GPeeqYRjC1kb1,PERSONAL_FLOTATION_DEVICE,2020-02-06,1581001200
1353,R_21ttkGbeIL6HdlR,SKIN_FOUNDATION_CONCEALER,2020-02-06,1581001200
1354,R_21uibgT9dgqRD9J,PLAY_SLIDE,2020-02-06,1581001200
1355,R_24csoaO569P4Yzz,SHOES,2020-02-06,1581001200
1356,R_24csoaO569P4Yzz,PEST_CONTROL_DEVICE,2020-02-06,1581001200
1357,R_24csoaO569P4Yzz,HEADPHONES,2020-02-06,1581001200
1358,R_25z5LHPaAsxktx7,GROCERY,2020-02-06,1581001200
1359,R_27DL80quzRiSEmq,MULTIPORT_HUB,2020-02-06,1581001200
1360,R_27g6uEEgxm7kwNu,GROCERY,2020-02-06,1581001200
1361,R_29tYnNf049lSPEe,NUTRITIONAL_SUPPLEMENT,2020-02-06,1581001200
1362,R_29tYnNf049lSPEe,APRON,2020-02-06,1581001200
1363,R_2AGpSTOzeeHqMYd,PHYSICAL_MOVIE,2020-02-06,1581001200
1364,R_2AGpSTOzeeHqMYd,PORTABLE_ELECTRONIC_DEVICE_ARMBAND,2020-02-06,1581001200
1365,R_2AGpSTOzeeHqMYd,WASTE_BAG,2020-02-06,1581001200
1366,R_2ASBFgthVbaGlF3,CELLULAR_PHONE_CASE,2020-02-06,1581001200
1367,R_2ASBFgthVbaGlF3,UTILITY_SPONGE,2020-02-06,1581001200
1368,R_2ASBFgthVbaGlF3,GROCERY,2020-02-06,1581001200
1369,R_2ASBFgthVbaGlF3,GROCERY,2020-02-06,1581001200
1370,R_2ASz0xBmcxqYzUJ,ABIS_BOOK,2020-02-06,1581001200
1371,R_2CpozrevorP48sb,SHIRT,2020-02-06,1581001200
1372,R_2CpozrevorP48sb,GROCERY,2020-02-06,1581001200
1373,R_2CpozrevorP48sb,SKIN_CLEANING_AGENT,2020-02-06,1581001200
1374,R_2CpozrevorP48sb,GROCERY,2020-02-06,1581001200
1375,R_2QXJIE0UXBTy8wd,SKIN_MOISTURIZER,2020-02-06,1581001200
1376,R_2QXJIE0UXBTy8wd,TOY_BUILDING_BLOCK,2020-02-06,1581001200
1377,R_2QXJIE0UXBTy8wd,PICTURE_FRAME,2020-02-06,1581001200
1378,R_2QXJIE0UXBTy8wd,CELLULAR_PHONE_CASE,2020-02-06,1581001200
1379,R_2QXJIE0UXBTy8wd,GROCERY,2020-02-06,1581001200
1380,R_2QXJIE0UXBTy8wd,BOTTLE,2020-02-06,1581001200
1381,R_2QXJIE0UXBTy8wd,NAIL_POLISH_REMOVER,2020-02-06,1581001200
1382,R_2QXJIE0UXBTy8wd,GROCERY,2020-02-06,1581001200
1383,R_2QXJIE0UXBTy8wd,VITAMIN,2020-02-06,1581001200
1384,R_2QXJIE0UXBTy8wd,PAJAMAS,2020-02-06,1581001200
1385,R_2QXJIE0UXBTy8wd,PHYSICAL_MOVIE,2020-02-06,1581001200
1386,R_2QXJIE0UXBTy8wd,CAMERA_LENSES,2020-02-06,1581001200
1387,R_2QXJIE0UXBTy8wd,HAIR_ROLLER,2020-02-06,1581001200
1388,R_2QXJIE0UXBTy8wd,SKIN_CLEANING_AGENT,2020-02-06,1581001200
1389,R_2QXJIE0UXBTy8wd,NAIL_POLISH_REMOVER,2020-02-06,1581001200
1390,R_2QXJIE0UXBTy8wd,NAIL_POLISH_REMOVER,2020-02-06,1581001200
1391,R_2QXJIE0UXBTy8wd,CUFF_LINK,2020-02-06,1581001200
1392,R_2QXJIE0UXBTy8wd,ELECTRONIC_CABLE,2020-02-06,1581001200
1393,R_2QXJIE0UXBTy8wd,TONG_UTENSIL,2020-02-06,1581001200
1394,R_2QXJIE0UXBTy8wd,MEDICATION,2020-02-06,1581001200
1395,R_2QXJIE0UXBTy8wd,PET_FOOD,2020-02-06,1581001200
1396,R_2QXJIE0UXBTy8wd,ELECTRONIC_CABLE,2020-02-06,1581001200
1397,R_2QXJIE0UXBTy8wd,ABIS_BOOK,2020-02-06,1581001200
1398,R_2QXJIE0UXBTy8wd,ELECTRONIC_CABLE,2020-02-06,1581001200
1399,R_2QXJIE0UXBTy8wd,HEADPHONES,2020-02-06,1581001200
1400,R_2QXJIE0UXBTy8wd,VITAMIN,2020-02-06,1581001200
1401,R_2QXJIE0UXBTy8wd,CUFF_LINK,2020-02-06,1581001200
1402,R_2QXJIE0UXBTy8wd,SKIN_CLEANING_AGENT,2020-02-06,1581001200
1403,R_2QXJIE0UXBTy8wd,TOY_BUILDING_BLOCK,2020-02-06,1581001200
1404,R_2QXJIE0UXBTy8wd,ELECTRONIC_CABLE,2020-02-06,1581001200
1405,R_2QXJIE0UXBTy8wd,MEDICATION,2020-02-06,1581001200
1406,R_2QXJIE0UXBTy8wd,VEHICLE_ACCENT_LIGHT,2020-02-06,1581001200
1407,R_2QXJIE0UXBTy8wd,SWIMWEAR,2020-02-06,1581001200
1408,R_2QXJIE0UXBTy8wd,HAIR_ROLLER,2020-02-06,1581001200
1409,R_2R20tGsAciB0E9U,SHOES,2020-02-06,1581001200
1410,R_2R20tGsAciB0E9U,HEALTH_PERSONAL_CARE,2020-02-06,1581001200
1411,R_2R20tGsAciB0E9U,PICNIC_HOLDER,2020-02-06,1581001200
1412,R_2R20tGsAciB0E9U,MECHANICAL_BELT,2020-02-06,1581001200
1413,R_2R3ayuIYVgX07CZ,PANTS,2020-02-06,1581001200
1414,R_2R3ayuIYVgX07CZ,VITAMIN,2020-02-06,1581001200
1415,R_2R3ayuIYVgX07CZ,CELLULAR_PHONE_CASE,2020-02-06,1581001200
1416,R_2R3ayuIYVgX07CZ,MEDICATION,2020-02-06,1581001200
1417,R_2R3ayuIYVgX07CZ,SHIRT,2020-02-06,1581001200
1418,R_2RUDh7piHU7frzt,RUG,2020-02-06,1581001200
1419,R_2RUDh7piHU7frzt,MONEY_BANK,2020-02-06,1581001200
1420,R_2VwjXhJ5OznStEi,SHIRT,2020-02-06,1581001200
1421,R_2VyUSFk11bbTVej,NUTRITIONAL_SUPPLEMENT,2020-02-06,1581001200
1422,R_2WVIxBGaj1uOr8S,ELECTRONIC_CABLE,2020-02-06,1581001200
1423,R_2XoI6KbLJRGFz5X,WATCH_BAND,2020-02-06,1581001200
1424,R_2XoI6KbLJRGFz5X,BREAST_PUMP,2020-02-06,1581001200
1425,R_2XoI6KbLJRGFz5X,BATTERY,2020-02-06,1581001200
1426,R_2XoI6KbLJRGFz5X,SKIN_MOISTURIZER,2020-02-06,1581001200
1427,R_2XoI6KbLJRGFz5X,PET_FOOD,2020-02-06,1581001200
1428,R_2XoI6KbLJRGFz5X,FLAME_WICK,2020-02-06,1581001200
1429,R_2XoI6KbLJRGFz5X,MEDICATION,2020-02-06,1581001200
1430,R_2YVQQRVSdj7M8Va,VITAMIN,2020-02-06,1581001200
1431,R_2ZK5JH2NcMfnWuS,ABIS_BOOK,2020-02-06,1581001200
1432,R_2ZK5JH2NcMfnWuS,TOYS_AND_GAMES,2020-02-06,1581001200
1433,R_2b1XOZR0PYTA1jX,TOYS_AND_GAMES,2020-02-06,1581001200
1434,R_2bTLZFP7p4CPlTT,CADDY,2020-02-06,1581001200
1435,R_2cvmrv8q51q8yh1,LAB_SUPPLY,2020-02-06,1581001200
1436,R_2dX8oLhgW3U0Q0m,BATTERY,2020-02-06,1581001200
1437,R_2dX8oLhgW3U0Q0m,SHOES,2020-02-06,1581001200
1438,R_2dvk9UuFSRtf7aJ,VITAMIN,2020-02-06,1581001200
1439,R_2dvk9UuFSRtf7aJ,DUTCH_OVENS,2020-02-06,1581001200
1440,R_2dvk9UuFSRtf7aJ,ELECTRONIC_CABLE,2020-02-06,1581001200
1441,R_2q2hekIiutgInrE,VIDEO_GAME_CONTROLLER,2020-02-06,1581001200
1442,R_2rIQ3xPfAH7KF8A,CANDLE,2020-02-06,1581001200
1443,R_2sSaxHDwxRTJZP3,SNACK_FOOD_BAR,2020-02-06,1581001200
1444,R_2tEuzX0j3530EZC,SNACK_FOOD_BAR,2020-02-06,1581001200
1445,R_2tEuzX0j3530EZC,CELLULAR_PHONE,2020-02-06,1581001200
1446,R_2tfEDXuyNRcQoWs,TOYS_AND_GAMES,2020-02-06,1581001200
1447,R_2uIMLcJgQmb0v3G,HEALTH_PERSONAL_CARE,2020-02-06,1581001200
1448,R_2vYeXyFdrSyrVwh,BATTERY,2020-02-06,1581001200
1449,R_2w4cgTg4Pio3rhs,ELECTRONIC_CABLE,2020-02-06,1581001200
1450,R_2w4cgTg4Pio3rhs,SKIN_CLEANING_AGENT,2020-02-06,1581001200
1451,R_2w4cgTg4Pio3rhs,SHOES,2020-02-06,1581001200
1452,R_2wmCdm6ETy6g3k0,TOYS_AND_GAMES,2020-02-06,1581001200
1453,R_2wmLE1q4FIpfioi,TEMPORARY_HANGER_HOOK,2020-02-06,1581001200
1454,R_2wmLE1q4FIpfioi,HEADPHONES,2020-02-06,1581001200
1455,R_2wmLE1q4FIpfioi,NUTRITIONAL_SUPPLEMENT,2020-02-06,1581001200
1456,R_2wmLE1q4FIpfioi,TEMPORARY_HANGER_HOOK,2020-02-06,1581001200
1457,R_2wmLE1q4FIpfioi,VITAMIN,2020-02-06,1581001200
1458,R_2wmLE1q4FIpfioi,TEMPORARY_HANGER_HOOK,2020-02-06,1581001200
1459,R_2z7rLZb69WuqDdf,ELECTRONIC_CABLE,2020-02-06,1581001200
1460,R_3093m6Spz9VzxAK,COORDINATED_OUTFIT,2020-02-06,1581001200
1461,R_3093m6Spz9VzxAK,ABIS_BOOK,2020-02-06,1581001200
1462,R_3093m6Spz9VzxAK,SKIN_CLEANING_WIPE,2020-02-06,1581001200
1463,R_31XTJUT1qHoBGRZ,BATTERY,2020-02-06,1581001200
1464,R_31XTJUT1qHoBGRZ,COSTUME_MASK,2020-02-06,1581001200
1465,R_325B8uB2XOflUvO,PANTS,2020-02-06,1581001200
1466,R_32Mm71oAJq2K9XK,HOME,2020-02-06,1581001200
1467,R_32Mm71oAJq2K9XK,LAMP,2020-02-06,1581001200
1468,R_32Mm71oAJq2K9XK,SKIN_CLEANING_AGENT,2020-02-06,1581001200
1469,R_32Mm71oAJq2K9XK,BATTERY,2020-02-06,1581001200
1470,R_32Mm71oAJq2K9XK,HOME,2020-02-06,1581001200
1471,R_32Mm71oAJq2K9XK,GROCERY,2020-02-06,1581001200
1472,R_3D8fwycJF7eksBo,TOPICAL_HAIR_REGROWTH_TREATMENT,2020-02-06,1581001200
1473,R_3D8fwycJF7eksBo,ABIS_BOOK,2020-02-06,1581001200
1474,R_3EMaONYGibovcxQ,FOOD_SCOOP,2020-02-06,1581001200
1475,R_3G1gYo1d23Zq8Np,SKIN_CLEANING_AGENT,2020-02-06,1581001200
1476,R_3G1gYo1d23Zq8Np,TOOTH_CLEANING_AGENT,2020-02-06,1581001200
1477,R_3G7BILj5lidHb8M,TOYS_AND_GAMES,2020-02-06,1581001200
1478,R_3G7BILj5lidHb8M,ABIS_BEAUTY,2020-02-06,1581001200
1479,R_3G7BILj5lidHb8M,SAFE,2020-02-06,1581001200
1480,R_3G7BILj5lidHb8M,ABIS_BOOK,2020-02-06,1581001200
1481,R_3G7BILj5lidHb8M,BLANK_BOOK,2020-02-06,1581001200
1482,R_3G7BILj5lidHb8M,CELLULAR_PHONE_CASE,2020-02-06,1581001200
1483,R_3HigTq4itishziE,CELLULAR_PHONE_CASE,2020-02-06,1581001200
1484,R_3HigTq4itishziE,MEAT,2020-02-06,1581001200
1485,R_3HigTq4itishziE,NUTRITIONAL_SUPPLEMENT,2020-02-06,1581001200
1486,R_3HigTq4itishziE,SHOES,2020-02-06,1581001200
1487,R_3HigTq4itishziE,SCREEN_PROTECTOR,2020-02-06,1581001200
1488,R_3Hphzg7zu04Hgy1,NUTRITIONAL_SUPPLEMENT,2020-02-06,1581001200
1489,R_3Hphzg7zu04Hgy1,PHYSICAL_MOVIE,2020-02-06,1581001200
1490,R_3Hphzg7zu04Hgy1,ABIS_BOOK,2020-02-06,1581001200
1491,R_3IaGUIs83jpQZU4,CELLULAR_PHONE_CASE,2020-02-06,1581001200
1492,R_3JnjKsPAuFGDhrx,PHYSICAL_MOVIE,2020-02-06,1581001200
1493,R_3KpaTa6zCZitiZG,PANTS,2020-02-06,1581001200
1494,R_3KpaTa6zCZitiZG,GROCERY,2020-02-06,1581001200
1495,R_3KpaTa6zCZitiZG,LAMINATOR,2020-02-06,1581001200
1496,R_3L89g4OAN8obu49,SKIN_CLEANING_AGENT,2020-02-06,1581001200
1497,R_3L89g4OAN8obu49,PET_FOOD,2020-02-06,1581001200
1498,R_3LXRVZSdJiqH63S,SHOES,2020-02-06,1581001200
1499,R_3MgSphhiCDCqZgD,HEADPHONES,2020-02-06,1581001200
1500,R_3MgSphhiCDCqZgD,PLAY_SLIDE,2020-02-06,1581001200
1501,R_3NwUrzA3eAsS3xO,SHIRT,2020-02-06,1581001200
1502,R_3OiAK9V155cWEsy,PANTS,2020-02-06,1581001200
1503,R_3P4QthjwwxEaV1m,SANDAL,2020-02-06,1581001200
1504,R_3PUi8o2if0JqKfl,SCREEN_PROTECTOR,2020-02-06,1581001200
1505,R_3QJyUqWqLp8B7Jw,ELECTRONIC_CABLE,2020-02-06,1581001200
1506,R_3QJyUqWqLp8B7Jw,ELECTRONIC_CABLE,2020-02-06,1581001200
1507,R_3QJyUqWqLp8B7Jw,SNACK_FOOD_BAR,2020-02-06,1581001200
1508,R_3R3FfvTaRKxigNl,HEADPHONES,2020-02-06,1581001200
1509,R_3e82J7pYxj5XP7j,BATTERY,2020-02-06,1581001200
1510,R_3eh02tn8YjYcUoE,HEALTH_PERSONAL_CARE,2020-02-06,1581001200
1511,R_3ek9YZGdsDHjUZf,CROCHET_HOOK,2020-02-06,1581001200
1512,R_3fBmKcLTAgFITMo,GROCERY,2020-02-06,1581001200
1513,R_3fcOMdQm2jGBLKm,DISHWARE_PLATE,2020-02-06,1581001200
1514,R_3fcOMdQm2jGBLKm,DISHWARE_PLATE,2020-02-06,1581001200
1515,R_3fcOMdQm2jGBLKm,BED_LINEN_SET,2020-02-06,1581001200
1516,R_3flZSxKV8ViX1H4,PET_FOOD,2020-02-06,1581001200
1517,R_3flZSxKV8ViX1H4,NUTRITIONAL_SUPPLEMENT,2020-02-06,1581001200
1518,R_3flZSxKV8ViX1H4,PHYSICAL_MOVIE,2020-02-06,1581001200
1519,R_3kAg3F3SGS36qHc,VEHICLE_LIGHTING_CONVERSION_KIT,2020-02-06,1581001200
1520,R_3kAg3F3SGS36qHc,MILK_SUBSTITUTE,2020-02-06,1581001200
1521,R_3kAg3F3SGS36qHc,VEHICLE_LIGHT_ASSEMBLY,2020-02-06,1581001200
1522,R_3kAg3F3SGS36qHc,SNACK_FOOD_BAR,2020-02-06,1581001200
1523,R_3kAg3F3SGS36qHc,ABIS_BOOK,2020-02-06,1581001200
1524,R_3kAg3F3SGS36qHc,ABIS_BOOK,2020-02-06,1581001200
1525,R_3kAg3F3SGS36qHc,TOYS_AND_GAMES,2020-02-06,1581001200
1526,R_3kAg3F3SGS36qHc,SHOES,2020-02-06,1581001200
1527,R_3kAg3F3SGS36qHc,PHYSICAL_MOVIE,2020-02-06,1581001200
1528,R_3kAg3F3SGS36qHc,TOYS_AND_GAMES,2020-02-06,1581001200
1529,R_3kAg3F3SGS36qHc,TOYS_AND_GAMES,2020-02-06,1581001200
1530,R_3m3H4mwZ2snYFua,CARRIER_BAG_CASE,2020-02-06,1581001200
1531,R_3nH1Odp9Yjm86gN,GROCERY,2020-02-06,1581001200
1532,R_3oB0VIIWn6ZnPjN,PHYSICAL_MOVIE,2020-02-06,1581001200
1533,R_3oB0VIIWn6ZnPjN,VITAMIN,2020-02-06,1581001200
1534,R_3oO3DoeTgXHrEzx,ELECTRONIC_CABLE,2020-02-06,1581001200
1535,R_3qTFp0FJqUeMhVZ,BAKING_CUP,2020-02-06,1581001200
1536,R_3qTFp0FJqUeMhVZ,PHYSICAL_MOVIE,2020-02-06,1581001200
1537,R_3qmwh8eXfbMeI7U,FOOD_BLENDER,2020-02-06,1581001200
1538,R_3qqdzQnCaBYHx9o,TOYS_AND_GAMES,2020-02-06,1581001200
1539,R_3rSVzZdjthhnCx0,LIQUID_INK,2020-02-06,1581001200
1540,R_3s60LmlFm5fAEP5,SKIN_CLEANING_AGENT,2020-02-06,1581001200
1541,R_3s60LmlFm5fAEP5,ELECTRONIC_CABLE,2020-02-06,1581001200
1542,R_3socPWD3wXD0iDP,NUTRITIONAL_SUPPLEMENT,2020-02-06,1581001200
1543,R_3socPWD3wXD0iDP,MEDICATION,2020-02-06,1581001200
1544,R_5oK9SmlCA2Td9rb,MEDICATION,2020-02-06,1581001200
1545,R_6SbhJD23U5a2YJX,ELECTRONIC_SENSOR,2020-02-06,1581001200
1546,R_6SbhJD23U5a2YJX,GROCERY,2020-02-06,1581001200
1547,R_6SbhJD23U5a2YJX,ELECTRONIC_SENSOR,2020-02-06,1581001200
1548,R_6SbhJD23U5a2YJX,MEDICATION,2020-02-06,1581001200
1549,R_6SbhJD23U5a2YJX,MEDICATION,2020-02-06,1581001200
1550,R_6SbhJD23U5a2YJX,SKIN_MOISTURIZER,2020-02-06,1581001200
1551,R_6SbhJD23U5a2YJX,PHYSICAL_MOVIE,2020-02-06,1581001200
1552,R_6SbhJD23U5a2YJX,SHOES,2020-02-06,1581001200
1553,R_6SbhJD23U5a2YJX,SCREEN_PROTECTOR,2020-02-06,1581001200
1554,R_6gwxeBuC9V7nKsF,NIGHTGOWN_NIGHTSHIRT,2020-02-06,1581001200
1555,R_8vnpSkm79W7Jsv7,MEDICATION,2020-02-06,1581001200
1556,R_AM0OvM0F9kBvqal,SNACK_CHIP_AND_CRISP,2020-02-06,1581001200
1557,R_AM0OvM0F9kBvqal,SHIRT,2020-02-06,1581001200
1558,R_AM0OvM0F9kBvqal,PANTS,2020-02-06,1581001200
1559,R_AM0OvM0F9kBvqal,HEALTH_PERSONAL_CARE,2020-02-06,1581001200
1560,R_AM0OvM0F9kBvqal,SKIN_MOISTURIZER,2020-02-06,1581001200
1561,R_Amq2LudEdwYblXX,HEADPHONES,2020-02-06,1581001200
1562,R_Amq2LudEdwYblXX,SKIN_CLEANING_AGENT,2020-02-06,1581001200
1563,R_Ap2HcvpPLRDJv9L,SKIN_MOISTURIZER,2020-02-06,1581001200
1564,R_D8LcojwusttCWaJ,SHIRT,2020-02-06,1581001200
1565,R_D8LcojwusttCWaJ,VITAMIN,2020-02-06,1581001200
1566,R_DqTqoF539jfSsLf,SUNGLASSES,2020-02-06,1581001200
1567,R_DqTqoF539jfSsLf,WIRELESS_ACCESSORY,2020-02-06,1581001200
1568,R_OGN3QDO9930tfAl,SNACK_FOOD_BAR,2020-02-06,1581001200
1569,R_Ui78k1hRGuGWhln,SKIN_CLEANING_AGENT,2020-02-06,1581001200
1570,R_UiGJcgWtDtZPfih,HEALTH_PERSONAL_CARE,2020-02-06,1581001200
1571,R_XSu10jIDimUl5m1,SURFACE_CLEANING_WIPE,2020-02-06,1581001200
1572,R_XSu10jIDimUl5m1,TRANSPORT_RACK,2020-02-06,1581001200
1573,R_Z4qMkqhWSmIbdSh,AMAZON_BOOK_READER_ACCESSORY,2020-02-06,1581001200
1574,R_ZkokwdIEZybYo9z,ABIS_BOOK,2020-02-06,1581001200
1575,R_bJI8lmXMZWL6oql,PHYSICAL_MOVIE,2020-02-06,1581001200
1576,R_bJI8lmXMZWL6oql,CALCULATOR,2020-02-06,1581001200
1577,R_cAcAtozIWnZIbGp,ABIS_BOOK,2020-02-06,1581001200
1578,R_czHyAR1xMvT2FbP,ABIS_BOOK,2020-02-06,1581001200
1579,R_czHyAR1xMvT2FbP,BATTERY,2020-02-06,1581001200
1580,R_e8KTElZZLWryLWp,GROCERY,2020-02-06,1581001200
1581,R_e8KTElZZLWryLWp,NUTRITIONAL_SUPPLEMENT,2020-02-06,1581001200
1582,R_e8KTElZZLWryLWp,SWEATER,2020-02-06,1581001200
1583,R_e8KTElZZLWryLWp,SPEAKER_AMPLIFIER_STAND,2020-02-06,1581001200
1584,R_e8KTElZZLWryLWp,BATTERY,2020-02-06,1581001200
1585,R_e8KTElZZLWryLWp,SNACK_FOOD_BAR,2020-02-06,1581001200
1586,R_e8KTElZZLWryLWp,MASSAGER,2020-02-06,1581001200
1587,R_pGDKh38nCQ4KsMx,SKIN_CLEANING_AGENT,2020-02-06,1581001200
1588,R_qxTrp3qz2YCQAnv,BABY_FORMULA,2020-02-06,1581001200
1589,R_reG3llJtTwO6ccV,OUTDOOR_RECREATION_PRODUCT,2020-02-06,1581001200
1590,R_reG3llJtTwO6ccV,STRING_LIGHT,2020-02-06,1581001200
1591,R_reG3llJtTwO6ccV,SCREEN_PROTECTOR,2020-02-06,1581001200
1592,R_reG3llJtTwO6ccV,BICYCLE_LIGHT,2020-02-06,1581001200
1593,R_t0ccZ3CXpzqgSpr,WATER_PURIFICATION_UNIT,2020-02-06,1581001200
1594,R_tFf2GViNMUolxaV,ABIS_BOOK,2020-02-06,1581001200
1595,R_tFf2GViNMUolxaV,BATTERY,2020-02-06,1581001200
1596,R_tFf2GViNMUolxaV,POPCORN,2020-02-06,1581001200
1597,R_tFf2GViNMUolxaV,VITAMIN,2020-02-06,1581001200
1598,R_u2EdYogSnJBrpex,ELECTRONIC_CABLE,2020-02-06,1581001200
1599,R_u2EdYogSnJBrpex,SHARP_PIN,2020-02-06,1581001200
1600,R_u2EdYogSnJBrpex,ELECTRONIC_CABLE,2020-02-06,1581001200
1601,R_u2EdYogSnJBrpex,NUTRITIONAL_SUPPLEMENT,2020-02-06,1581001200
1602,R_vYtQIbKQv9vFKuZ,TABLETOP_GAME,2020-02-06,1581001200
1603,R_x0hVvTTXGQY9FRf,ELECTRIC_MOTOR,2020-02-06,1581001200
1604,R_yC5ffbdBLVi93Pz,SHIRT,2020-02-06,1581001200
1605,R_0f8u2tSB99LkgCt,ABIS_BOOK,2020-02-07,1581087600
1606,R_1C4nKyrv0w2thJn,SKIN_CLEANING_AGENT,2020-02-07,1581087600
1607,R_1C8w4NDDQC5fcgE,PLANT_SEED,2020-02-07,1581087600
1608,R_1ClqO4ZMDuwGjfl,CANDLE,2020-02-07,1581087600
1609,R_1E5RqOd5LIHJqSq,TOYS_AND_GAMES,2020-02-07,1581087600
1610,R_1E5RqOd5LIHJqSq,SKIN_SERUM,2020-02-07,1581087600
1611,R_1E5RqOd5LIHJqSq,STEP_STOOL,2020-02-07,1581087600
1612,R_1E5RqOd5LIHJqSq,PHYSICAL_MOVIE,2020-02-07,1581087600
1613,R_1E5RqOd5LIHJqSq,SKIN_CLEANING_AGENT,2020-02-07,1581087600
1614,R_1E5RqOd5LIHJqSq,SKIN_CLEANING_AGENT,2020-02-07,1581087600
1615,R_1F35QiIK5csZBEC,SHOES,2020-02-07,1581087600
1616,R_1F35QiIK5csZBEC,SPARK_PLUG,2020-02-07,1581087600
1617,R_1F35QiIK5csZBEC,GUILD_JEWELRY,2020-02-07,1581087600
1618,R_1F35QiIK5csZBEC,STANDALONE_STREAMING_MEDIA_PLAYER,2020-02-07,1581087600
1619,R_1GVN63HjPpVXPEx,SNACK_FOOD_BAR,2020-02-07,1581087600
1620,R_1GVN63HjPpVXPEx,TOYS_AND_GAMES,2020-02-07,1581087600
1621,R_1GghoTNZdgUeySl,CALCULATOR,2020-02-07,1581087600
1622,R_1GghoTNZdgUeySl,WALLET,2020-02-07,1581087600
1623,R_1Kru2C0Zf28ZbQ0,PHYSICAL_MOVIE,2020-02-07,1581087600
1624,R_1NlGZCWpxXc8mjn,PHYSICAL_MOVIE,2020-02-07,1581087600
1625,R_1OlyKZYuQUE5Cgc,PANTS,2020-02-07,1581087600
1626,R_1OlyKZYuQUE5Cgc,PANTS,2020-02-07,1581087600
1627,R_1Oov0G05pkQnKNn,TELEVISION,2020-02-07,1581087600
1628,R_1PUcgnVG2i0EBz4,SKIN_FOUNDATION_CONCEALER,2020-02-07,1581087600
1629,R_1PUcgnVG2i0EBz4,PANTS,2020-02-07,1581087600
1630,R_1PUcgnVG2i0EBz4,VITAMIN,2020-02-07,1581087600
1631,R_1Q9JeeKncbbLcz0,SHIRT,2020-02-07,1581087600
1632,R_1daE3vUDxFrSw4I,HEALTH_PERSONAL_CARE,2020-02-07,1581087600
1633,R_1daE3vUDxFrSw4I,NUTRITIONAL_SUPPLEMENT,2020-02-07,1581087600
1634,R_1exepO2lYqHFR9q,SKIN_MOISTURIZER,2020-02-07,1581087600
1635,R_1hJWB4rlc8B2yCi,ELECTRONIC_CABLE,2020-02-07,1581087600
1636,R_1hJWB4rlc8B2yCi,VITAMIN,2020-02-07,1581087600
1637,R_1jd0U0OjvEcZEcw,SCREEN_PROTECTOR,2020-02-07,1581087600
1638,R_1lxYa2W6GgcAQ19,DESK,2020-02-07,1581087600
1639,R_1oFSDeGAQcUN2v8,SCREEN_PROTECTOR,2020-02-07,1581087600
1640,R_1oFSDeGAQcUN2v8,UNDERPANTS,2020-02-07,1581087600
1641,R_1oFSDeGAQcUN2v8,SHAMPOO,2020-02-07,1581087600
1642,R_1oFSDeGAQcUN2v8,SCREEN_PROTECTOR,2020-02-07,1581087600
1643,R_1pu6yYPsuymsIIz,BLADED_FOOD_PEELER,2020-02-07,1581087600
1644,R_1rPQIXSf3d1wvFO,TOYS_AND_GAMES,2020-02-07,1581087600
1645,R_1rPQIXSf3d1wvFO,MULTITOOL,2020-02-07,1581087600
1646,R_1rPQIXSf3d1wvFO,VITAMIN,2020-02-07,1581087600
1647,R_1rPQIXSf3d1wvFO,HEADPHONES,2020-02-07,1581087600
1648,R_1roTOelTygZr5G8,SHIRT,2020-02-07,1581087600
1649,R_1roTOelTygZr5G8,SNACK_CHIP_AND_CRISP,2020-02-07,1581087600
1650,R_1roTOelTygZr5G8,WRITING_INSTRUMENT,2020-02-07,1581087600
1651,R_1roTOelTygZr5G8,BATTERY,2020-02-07,1581087600
1652,R_20ON9TjJWV64IZO,SHIRT,2020-02-07,1581087600
1653,R_20ON9TjJWV64IZO,PET_FOOD,2020-02-07,1581087600
1654,R_20TAzxGcUSMw2Gy,CONTROLLER,2020-02-07,1581087600
1655,R_20V73ixsOYXCBbP,ABRASIVES,2020-02-07,1581087600
1656,R_20V73ixsOYXCBbP,PET_SUPPLIES,2020-02-07,1581087600
1657,R_20V73ixsOYXCBbP,MEDICATION,2020-02-07,1581087600
1658,R_20V73ixsOYXCBbP,TOYS_AND_GAMES,2020-02-07,1581087600
1659,R_210tLKdUbUZuf7O,GIFT_CARD,2020-02-07,1581087600
1660,R_210tLKdUbUZuf7O,PERSONAL_CARE_APPLIANCE,2020-02-07,1581087600
1661,R_24csoaO569P4Yzz,BATTERY,2020-02-07,1581087600
1662,R_24csoaO569P4Yzz,SHOES,2020-02-07,1581087600
1663,R_24csoaO569P4Yzz,SCREEN_PROTECTOR,2020-02-07,1581087600
1664,R_24vf4xIuT0kGsZ3,SKIN_MOISTURIZER,2020-02-07,1581087600
1665,R_277i50HinKYVoY9,NUTRITIONAL_SUPPLEMENT,2020-02-07,1581087600
1666,R_277i50HinKYVoY9,SCREEN_PROTECTOR,2020-02-07,1581087600
1667,R_27DL80quzRiSEmq,BUCKET,2020-02-07,1581087600
1668,R_28BST1zc80UaP2C,FAUCET,2020-02-07,1581087600
1669,R_29iGyG3WSmKo5Te,VITAMIN,2020-02-07,1581087600
1670,R_29iGyG3WSmKo5Te,SHIRT,2020-02-07,1581087600
1671,R_29iGyG3WSmKo5Te,HEALTH_PERSONAL_CARE,2020-02-07,1581087600
1672,R_29iGyG3WSmKo5Te,CELLULAR_PHONE_CASE,2020-02-07,1581087600
1673,R_29iGyG3WSmKo5Te,HANDLEBAR_GRIP,2020-02-07,1581087600
1674,R_29tZUWisKTCWczv,TOYS_AND_GAMES,2020-02-07,1581087600
1675,R_29tZUWisKTCWczv,GIFT_CARD,2020-02-07,1581087600
1676,R_29tZUWisKTCWczv,ASTRINGENT_SUBSTANCE,2020-02-07,1581087600
1677,R_29tZUWisKTCWczv,PLANNER,2020-02-07,1581087600
1678,R_29tZUWisKTCWczv,GIFT_CARD,2020-02-07,1581087600
1679,R_29tZUWisKTCWczv,BATTERY,2020-02-07,1581087600
1680,R_29tZUWisKTCWczv,CELLULAR_PHONE_CASE,2020-02-07,1581087600
1681,R_2CpozrevorP48sb,CLOTHES_PIN,2020-02-07,1581087600
1682,R_2CpozrevorP48sb,HAIR_ROLLER,2020-02-07,1581087600
1683,R_2CpozrevorP48sb,COOKIE,2020-02-07,1581087600
1684,R_2CpozrevorP48sb,VITAMIN,2020-02-07,1581087600
1685,R_2DV0bsqugjyav1y,HEADPHONES,2020-02-07,1581087600
1686,R_2DV0bsqugjyav1y,GROCERY,2020-02-07,1581087600
1687,R_2ONDyHxQviDmrWg,ANIMAL_NUTRITIONAL_SUPPLEMENT,2020-02-07,1581087600
1688,R_2QEQOSl4i81CHb1,PERSONAL_FRAGRANCE,2020-02-07,1581087600
1689,R_2Qu0fgUOnDpaKDH,HOME_FURNITURE_AND_DECOR,2020-02-07,1581087600
1690,R_2RUDh7piHU7frzt,PET_FOOD,2020-02-07,1581087600
1691,R_2RUDh7piHU7frzt,ART_SUPPLIES,2020-02-07,1581087600
1692,R_2RUDh7piHU7frzt,CELLULAR_PHONE_CASE,2020-02-07,1581087600
1693,R_2RUDh7piHU7frzt,NUTRITIONAL_SUPPLEMENT,2020-02-07,1581087600
1694,R_2RUDh7piHU7frzt,SKIN_CLEANING_AGENT,2020-02-07,1581087600
1695,R_2TL7w44l8M5vEok,VIDEO_GAME_CONTROLLER,2020-02-07,1581087600
1696,R_2UVhfjk1qQb6KI5,TOYS_AND_GAMES,2020-02-07,1581087600
1697,R_2UVhfjk1qQb6KI5,COMPUTER_COMPONENT,2020-02-07,1581087600
1698,R_2UVhfjk1qQb6KI5,SPORTING_GOODS,2020-02-07,1581087600
1699,R_2Uc0eY0mHq5DQgt,NUTRITIONAL_SUPPLEMENT,2020-02-07,1581087600
1700,R_2Uc0eY0mHq5DQgt,PHYSICAL_MOVIE,2020-02-07,1581087600
1701,R_2Uc0eY0mHq5DQgt,PET_FOOD,2020-02-07,1581087600
1702,R_2VaWg2jhtCG6zmh,TONNEAU_COVER,2020-02-07,1581087600
1703,R_2VwjXhJ5OznStEi,HEALTH_PERSONAL_CARE,2020-02-07,1581087600
1704,R_2VwjXhJ5OznStEi,CELLULAR_PHONE_CASE,2020-02-07,1581087600
1705,R_2WAagX64hf1kdMI,MEDICATION,2020-02-07,1581087600
1706,R_2WAagX64hf1kdMI,GROCERY,2020-02-07,1581087600
1707,R_2WAagX64hf1kdMI,BUTTER_DISH,2020-02-07,1581087600
1708,R_2WAagX64hf1kdMI,SNACK_FOOD_BAR,2020-02-07,1581087600
1709,R_2WAagX64hf1kdMI,VITAMIN,2020-02-07,1581087600
1710,R_2WAagX64hf1kdMI,ABIS_BOOK,2020-02-07,1581087600
1711,R_2WAagX64hf1kdMI,SHIRT,2020-02-07,1581087600
1712,R_2WVIxBGaj1uOr8S,SEAFOOD,2020-02-07,1581087600
1713,R_2XoI6KbLJRGFz5X,HEALTH_PERSONAL_CARE,2020-02-07,1581087600
1714,R_2XoI6KbLJRGFz5X,ABIS_BOOK,2020-02-07,1581087600
1715,R_2XoI6KbLJRGFz5X,CELLULAR_PHONE_CASE,2020-02-07,1581087600
1716,R_2XoI6KbLJRGFz5X,SCREEN_PROTECTOR,2020-02-07,1581087600
1717,R_2XoI6KbLJRGFz5X,CELLULAR_PHONE_CASE,2020-02-07,1581087600
1718,R_2ZEQSnRGlS7ZscC,CYCLING_TIRE_TUBE,2020-02-07,1581087600
1719,R_2ZEQSnRGlS7ZscC,SWING,2020-02-07,1581087600
1720,R_2ZHo9wnvuEIY0DH,GROCERY,2020-02-07,1581087600
1721,R_2b1XOZR0PYTA1jX,COFFEE,2020-02-07,1581087600
1722,R_2b1XOZR0PYTA1jX,MP3_PLAYER,2020-02-07,1581087600
1723,R_2cBADxleVyzT89z,PET_FOOD,2020-02-07,1581087600
1724,R_2dvh9tu7PLPeipE,MEDICATION,2020-02-07,1581087600
1725,R_2dvh9tu7PLPeipE,SHOES,2020-02-07,1581087600
1726,R_2dvh9tu7PLPeipE,HEALTH_PERSONAL_CARE,2020-02-07,1581087600
1727,R_2dvh9tu7PLPeipE,ELECTRONIC_CABLE,2020-02-07,1581087600
1728,R_2dvh9tu7PLPeipE,SHIRT,2020-02-07,1581087600
1729,R_2dxMXdrOUumZV2I,GROCERY,2020-02-07,1581087600
1730,R_2dxMXdrOUumZV2I,SHOWERHEAD,2020-02-07,1581087600
1731,R_2e9e8lhWqVtpb7m,COMPUTER_COOLING_DEVICE,2020-02-07,1581087600
1732,R_2e9e8lhWqVtpb7m,NUTRITIONAL_SUPPLEMENT,2020-02-07,1581087600
1733,R_2fxhde3AmAoBQBS,PHYSICAL_MOVIE,2020-02-07,1581087600
1734,R_2r7Zl5CTeW1dMqd,PET_FOOD,2020-02-07,1581087600
1735,R_2r7Zl5CTeW1dMqd,ABIS_BOOK,2020-02-07,1581087600
1736,R_2rVp4uDv9fYIfdd,SHIRT,2020-02-07,1581087600
1737,R_2rVp4uDv9fYIfdd,SKIN_MOISTURIZER,2020-02-07,1581087600
1738,R_2rVp4uDv9fYIfdd,VITAMIN,2020-02-07,1581087600
1739,R_2sbf0hqTGFb880u,OUTBOARD_MOTOR,2020-02-07,1581087600
1740,R_2sbf0hqTGFb880u,GROCERY,2020-02-07,1581087600
1741,R_2sbf0hqTGFb880u,SHIRT,2020-02-07,1581087600
1742,R_2sbf0hqTGFb880u,HEALTH_PERSONAL_CARE,2020-02-07,1581087600
1743,R_2wmLE1q4FIpfioi,TEMPORARY_HANGER_HOOK,2020-02-07,1581087600
1744,R_2wmLE1q4FIpfioi,PHYSICAL_MOVIE,2020-02-07,1581087600
1745,R_2wzatCV9Z18xLF2,MEDICATION,2020-02-07,1581087600
1746,R_2ze9t15YGQDJxR3,TOYS_AND_GAMES,2020-02-07,1581087600
1747,R_2ze9t15YGQDJxR3,SWEATSHIRT,2020-02-07,1581087600
1748,R_301uq7vv7YTe7qQ,HEADPHONES,2020-02-07,1581087600
1749,R_30pLPRle51eRImG,MEDICATION,2020-02-07,1581087600
1750,R_30pLPRle51eRImG,ABIS_DVD,2020-02-07,1581087600
1751,R_31aclNgWw4mxrPd,PHYSICAL_MOVIE,2020-02-07,1581087600
1752,R_31n2MLk9w05iLzN,VITAMIN,2020-02-07,1581087600
1753,R_31n2MLk9w05iLzN,CELLULAR_PHONE_CASE,2020-02-07,1581087600
1754,R_32Mm71oAJq2K9XK,SKIN_CLEANING_AGENT,2020-02-07,1581087600
1755,R_32Mm71oAJq2K9XK,PANTS,2020-02-07,1581087600
1756,R_32UZncFA03IrQwQ,BATTERY_CHARGER,2020-02-07,1581087600
1757,R_32UZncFA03IrQwQ,BABY_PRODUCT,2020-02-07,1581087600
1758,R_3EQ2dhEXGhy72Xx,SKIN_CLEANING_AGENT,2020-02-07,1581087600
1759,R_3Em4Q2OBHB3m5rz,PANTS,2020-02-07,1581087600
1760,R_3EsC5YHmiHe5s54,PHYSICAL_MOVIE,2020-02-07,1581087600
1761,R_3GCXgWFPLgXAuFC,NUTRITIONAL_SUPPLEMENT,2020-02-07,1581087600
1762,R_3GD1CL4OyjglmbZ,PANTS,2020-02-07,1581087600
1763,R_3GD1CL4OyjglmbZ,PAJAMAS,2020-02-07,1581087600
1764,R_3GD1CL4OyjglmbZ,HEALTH_PERSONAL_CARE,2020-02-07,1581087600
1765,R_3GD1CL4OyjglmbZ,ABIS_BOOK,2020-02-07,1581087600
1766,R_3OiAK9V155cWEsy,SHIRT,2020-02-07,1581087600
1767,R_3VRB9w5rAtqNoWt,CHOCOLATE_CANDY,2020-02-07,1581087600
1768,R_3VRB9w5rAtqNoWt,VITAMIN,2020-02-07,1581087600
1769,R_3VRB9w5rAtqNoWt,MODEM,2020-02-07,1581087600
1770,R_3VRB9w5rAtqNoWt,ABIS_BOOK,2020-02-07,1581087600
1771,R_3VRB9w5rAtqNoWt,VITAMIN,2020-02-07,1581087600
1772,R_3VRB9w5rAtqNoWt,SPEAKERS,2020-02-07,1581087600
1773,R_3VRB9w5rAtqNoWt,HEADPHONES,2020-02-07,1581087600
1774,R_3VRB9w5rAtqNoWt,ITEM_STAND,2020-02-07,1581087600
1775,R_3VRB9w5rAtqNoWt,ABIS_BOOK,2020-02-07,1581087600
1776,R_3VRB9w5rAtqNoWt,CAKE_TOPPER,2020-02-07,1581087600
1777,R_3VRB9w5rAtqNoWt,PHYSICAL_MOVIE,2020-02-07,1581087600
1778,R_3VRB9w5rAtqNoWt,JEWELRY_FINDING,2020-02-07,1581087600
1779,R_3VRB9w5rAtqNoWt,HEADPHONES,2020-02-07,1581087600
1780,R_3VRB9w5rAtqNoWt,ELECTRONIC_DEVICE_COOLING_PAD,2020-02-07,1581087600
1781,R_3VRB9w5rAtqNoWt,FISH,2020-02-07,1581087600
1782,R_3VRB9w5rAtqNoWt,CHANGING_PAD,2020-02-07,1581087600
1783,R_3VRB9w5rAtqNoWt,CONDOM,2020-02-07,1581087600
1784,R_3VRB9w5rAtqNoWt,SNACK_FOOD_BAR,2020-02-07,1581087600
1785,R_3VRB9w5rAtqNoWt,NOODLE,2020-02-07,1581087600
1786,R_3VRB9w5rAtqNoWt,PANTS,2020-02-07,1581087600
1787,R_3VRB9w5rAtqNoWt,SHOES,2020-02-07,1581087600
1788,R_3VRB9w5rAtqNoWt,MODEM,2020-02-07,1581087600
1789,R_3VRB9w5rAtqNoWt,MEDICATION,2020-02-07,1581087600
1790,R_3VRB9w5rAtqNoWt,HEALTH_PERSONAL_CARE,2020-02-07,1581087600
1791,R_3VRB9w5rAtqNoWt,APPAREL_BELT,2020-02-07,1581087600
1792,R_3VRB9w5rAtqNoWt,SNACK_FOOD_BAR,2020-02-07,1581087600
1793,R_3VRB9w5rAtqNoWt,PET_FOOD,2020-02-07,1581087600
1794,R_3VRB9w5rAtqNoWt,MODEM,2020-02-07,1581087600
1795,R_3ek9YZGdsDHjUZf,SKIN_CLEANING_AGENT,2020-02-07,1581087600
1796,R_3ek9YZGdsDHjUZf,SKIN_MOISTURIZER,2020-02-07,1581087600
1797,R_3ek9YZGdsDHjUZf,ANIMAL_NUTRITIONAL_SUPPLEMENT,2020-02-07,1581087600
1798,R_3enuyEOsaEVxTNX,BATTERY,2020-02-07,1581087600
1799,R_3gTrwWhEzAv6gzH,SKIN_CLEANING_AGENT,2020-02-07,1581087600
1800,R_3ik7mYg7wgFsyfj,COLLECTIBLE_CARD,2020-02-07,1581087600
1801,R_3ik7mYg7wgFsyfj,SKIN_CLEANING_AGENT,2020-02-07,1581087600
1802,R_3ik7mYg7wgFsyfj,HEALTH_PERSONAL_CARE,2020-02-07,1581087600
1803,R_3ik7mYg7wgFsyfj,ABIS_BOOK,2020-02-07,1581087600
1804,R_3ik7mYg7wgFsyfj,CORD_ROPE,2020-02-07,1581087600
1805,R_3ixUxNOUiEYD7KJ,SKIN_MOISTURIZER,2020-02-07,1581087600
1806,R_3jSAmu0UzDwnhQD,WIRE_STRIPPER,2020-02-07,1581087600
1807,R_3jYUg0c9puk2lgW,GROCERY,2020-02-07,1581087600
1808,R_3kAg3F3SGS36qHc,SKIN_MOISTURIZER,2020-02-07,1581087600
1809,R_3lXswIAy7Qq6UEZ,TEA,2020-02-07,1581087600
1810,R_3mm166mlwrLpf6y,NUTRITIONAL_SUPPLEMENT,2020-02-07,1581087600
1811,R_3mm166mlwrLpf6y,NUT_AND_SEED,2020-02-07,1581087600
1812,R_3n17fNI56KA8rTV,PHYSICAL_MOVIE,2020-02-07,1581087600
1813,R_3oO3DoeTgXHrEzx,MEDICATION,2020-02-07,1581087600
1814,R_3oO3DoeTgXHrEzx,PINBOARD,2020-02-07,1581087600
1815,R_3oO3DoeTgXHrEzx,SKIN_MOISTURIZER,2020-02-07,1581087600
1816,R_3qTFp0FJqUeMhVZ,VEHICLE_MAT,2020-02-07,1581087600
1817,R_3r0AnJHzPNt6fQ2,BATTERY,2020-02-07,1581087600
1818,R_3rZHdmB75jSgwhr,SHOES,2020-02-07,1581087600
1819,R_3rZHdmB75jSgwhr,GROCERY,2020-02-07,1581087600
1820,R_3rZHdmB75jSgwhr,SWEATER,2020-02-07,1581087600
1821,R_55BKHeW1aOzYOUp,HEALTH_PERSONAL_CARE,2020-02-07,1581087600
1822,R_55BKHeW1aOzYOUp,SKIN_CLEANING_AGENT,2020-02-07,1581087600
1823,R_55BKHeW1aOzYOUp,PHYSICAL_MOVIE,2020-02-07,1581087600
1824,R_55BKHeW1aOzYOUp,CRAFT_WRAPPING_TISSUE_PAPER,2020-02-07,1581087600
1825,R_5oK9SmlCA2Td9rb,TOYS_AND_GAMES,2020-02-07,1581087600
1826,R_5oK9SmlCA2Td9rb,PANTS,2020-02-07,1581087600
1827,R_5oK9SmlCA2Td9rb,BATTERY,2020-02-07,1581087600
1828,R_5uabKnJBMc7HyEN,MEDICATION,2020-02-07,1581087600
1829,R_AM0OvM0F9kBvqal,PUPPET,2020-02-07,1581087600
1830,R_Amq2LudEdwYblXX,PANTS,2020-02-07,1581087600
1831,R_Amq2LudEdwYblXX,CALENDAR,2020-02-07,1581087600
1832,R_Amq2LudEdwYblXX,MEDICATION,2020-02-07,1581087600
1833,R_BYr5WwayMBf66SR,SNACK_FOOD_BAR,2020-02-07,1581087600
1834,R_C3LfLBkg9TFvQnD,FRUIT_SNACK,2020-02-07,1581087600
1835,R_C3LfLBkg9TFvQnD,GROCERY,2020-02-07,1581087600
1836,R_C3LfLBkg9TFvQnD,ELECTRIC_MOTOR,2020-02-07,1581087600
1837,R_C3LfLBkg9TFvQnD,SKIN_MOISTURIZER,2020-02-07,1581087600
1838,R_OGN3QDO9930tfAl,CLIPBOARD,2020-02-07,1581087600
1839,R_OkSi9IxX5ddzzl7,TOYS_AND_GAMES,2020-02-07,1581087600
1840,R_PwlnzzccUMXV0n7,PET_FOOD,2020-02-07,1581087600
1841,R_PwlnzzccUMXV0n7,MEDICATION,2020-02-07,1581087600
1842,R_PwlnzzccUMXV0n7,SKIN_MOISTURIZER,2020-02-07,1581087600
1843,R_PwlnzzccUMXV0n7,SHOES,2020-02-07,1581087600
1844,R_PwlnzzccUMXV0n7,SHOES,2020-02-07,1581087600
1845,R_PwlnzzccUMXV0n7,ABIS_BOOK,2020-02-07,1581087600
1846,R_PwlnzzccUMXV0n7,BATTERY,2020-02-07,1581087600
1847,R_VPWGdK1zBBekfAJ,PACKAGED_SOUP_AND_STEW,2020-02-07,1581087600
1848,R_XAphEY817eORyx3,CELLULAR_PHONE_CASE,2020-02-07,1581087600
1849,R_b8UnkZJoU93ZxEB,SHIRT,2020-02-07,1581087600
1850,R_b8UnkZJoU93ZxEB,HEALTH_PERSONAL_CARE,2020-02-07,1581087600
1851,R_bw2nQ0iRh2wCa8p,CELLULAR_PHONE_CASE,2020-02-07,1581087600
1852,R_bw2nQ0iRh2wCa8p,SNACK_FOOD_BAR,2020-02-07,1581087600
1853,R_bw2nQ0iRh2wCa8p,CELLULAR_PHONE_CASE,2020-02-07,1581087600
1854,R_ctNHcxd3vRvndXH,TRASH_COMPACTOR,2020-02-07,1581087600
1855,R_puS9dcuNnDHSZ8Z,OUTDOOR_LIVING,2020-02-07,1581087600
1856,R_puS9dcuNnDHSZ8Z,SKIN_CLEANING_AGENT,2020-02-07,1581087600
1857,R_sGohXmtT8TjLibT,ELECTRONIC_CABLE,2020-02-07,1581087600
1858,R_sGohXmtT8TjLibT,TOYS_AND_GAMES,2020-02-07,1581087600
1859,R_sGohXmtT8TjLibT,HEALTH_PERSONAL_CARE,2020-02-07,1581087600
1860,R_sGohXmtT8TjLibT,ELECTRONIC_CABLE,2020-02-07,1581087600
1861,R_sotmrGe7Rv3U10J,PET_SUPPLIES,2020-02-07,1581087600
1862,R_xcs1aVCVrBlXkgV,CHEWING_GUM,2020-02-07,1581087600
1863,R_xcs1aVCVrBlXkgV,ABIS_BOOK,2020-02-07,1581087600
1864,R_xrrF4kkA2JEG6OZ,CONTAINER_LID,2020-02-07,1581087600
1865,R_zfnsck2ZatnGtY5,GASKETS,2020-02-07,1581087600
1866,R_zfnsck2ZatnGtY5,BATTERY,2020-02-07,1581087600
1867,R_0D6GtQwa6VcnXpv,BINDER_DIVIDER,2020-02-08,1581174000
1868,R_0f8u2tSB99LkgCt,VITAMIN,2020-02-08,1581174000
1869,R_10CAlrx7dbJty9R,HERBAL_SUPPLEMENT,2020-02-08,1581174000
1870,R_12QFQ7lCIls8sRd,PHYSICAL_MOVIE,2020-02-08,1581174000
1871,R_12QFQ7lCIls8sRd,MEDICATION,2020-02-08,1581174000
1872,R_1BWAygjxkFXfxql,SNACK_FOOD_BAR,2020-02-08,1581174000
1873,R_1C8t1JAe5Wo7sSl,SNACK_FOOD_BAR,2020-02-08,1581174000
1874,R_1C8t1JAe5Wo7sSl,PANTS,2020-02-08,1581174000
1875,R_1ClqO4ZMDuwGjfl,ABIS_BOOK,2020-02-08,1581174000
1876,R_1ClqO4ZMDuwGjfl,GROCERY,2020-02-08,1581174000
1877,R_1ClqO4ZMDuwGjfl,ABIS_BOOK,2020-02-08,1581174000
1878,R_1FrdQkXjcUod40Z,BOOKSHELF_OR_MICRO_STEREO_SYS,2020-02-08,1581174000
1879,R_1FrdQkXjcUod40Z,PHYSICAL_MOVIE,2020-02-08,1581174000
1880,R_1FrdQkXjcUod40Z,CELLULAR_PHONE_CASE,2020-02-08,1581174000
1881,R_1NCzj2eSHI4QGcd,HAIR_COLORING_AGENT,2020-02-08,1581174000
1882,R_1Nh9okz5clSAlfl,MICROWAVE_OVEN,2020-02-08,1581174000
1883,R_1Oov0G05pkQnKNn,VACUUM_SEALER_MACHINE,2020-02-08,1581174000
1884,R_1Oov0G05pkQnKNn,HEALTH_PERSONAL_CARE,2020-02-08,1581174000
1885,R_1Oov0G05pkQnKNn,HEALTH_PERSONAL_CARE,2020-02-08,1581174000
1886,R_1PUcgnVG2i0EBz4,HAIR_CARE_PRODUCT,2020-02-08,1581174000
1887,R_1PUcgnVG2i0EBz4,PHYSICAL_MOVIE,2020-02-08,1581174000
1888,R_1PUcgnVG2i0EBz4,TOOTH_CLEANING_AGENT,2020-02-08,1581174000
1889,R_1PUcgnVG2i0EBz4,SHIRT,2020-02-08,1581174000
1890,R_1PUcgnVG2i0EBz4,SCREEN_PROTECTOR,2020-02-08,1581174000
1891,R_1PUcgnVG2i0EBz4,SKIN_MOISTURIZER,2020-02-08,1581174000
1892,R_1QKu8qtvgo0d1uS,HIP_FLASK,2020-02-08,1581174000
1893,R_1QKu8qtvgo0d1uS,SCREEN_PROTECTOR,2020-02-08,1581174000
1894,R_1QKu8qtvgo0d1uS,CELLULAR_PHONE_CASE,2020-02-08,1581174000
1895,R_1QLfbB3Lho273wG,TOYS_AND_GAMES,2020-02-08,1581174000
1896,R_1QLfbB3Lho273wG,HEADPHONES,2020-02-08,1581174000
1897,R_1Qyzwfx5HrXdw4U,SNACK_FOOD_BAR,2020-02-08,1581174000
1898,R_1f1PzEZw8H2N4zm,SNACK_FOOD_BAR,2020-02-08,1581174000
1899,R_1hFMTehZQIAcBvZ,BABY_RATTLE,2020-02-08,1581174000
1900,R_1hMV4AHCk04WO5V,MEDICATION,2020-02-08,1581174000
1901,R_1lxYa2W6GgcAQ19,TOYS_AND_GAMES,2020-02-08,1581174000
1902,R_1meX9dBVU2swMtm,FITTED_SHEET,2020-02-08,1581174000
1903,R_1meX9dBVU2swMtm,BATTERY,2020-02-08,1581174000
1904,R_1meX9dBVU2swMtm,MONITOR,2020-02-08,1581174000
1905,R_1meX9dBVU2swMtm,SKIN_CARE_AGENT,2020-02-08,1581174000
1906,R_1meX9dBVU2swMtm,SNACK_FOOD_BAR,2020-02-08,1581174000
1907,R_1meX9dBVU2swMtm,SKIN_MOISTURIZER,2020-02-08,1581174000
1908,R_1meX9dBVU2swMtm,UMBRELLA,2020-02-08,1581174000
1909,R_1pu4x2PBb4LrSWk,NUTRITIONAL_SUPPLEMENT,2020-02-08,1581174000
1910,R_1pu4x2PBb4LrSWk,NON_RIDING_TOY_VEHICLE,2020-02-08,1581174000
1911,R_1pu4x2PBb4LrSWk,MILK_FROTHER,2020-02-08,1581174000
1912,R_1pu4x2PBb4LrSWk,CLEANING_AGENT,2020-02-08,1581174000
1913,R_1pu4x2PBb4LrSWk,TOYS_AND_GAMES,2020-02-08,1581174000
1914,R_1r18PD3TjJe3i53,AMAZON_TABLET_ACCESSORY,2020-02-08,1581174000
1915,R_1r18PD3TjJe3i53,NOODLE,2020-02-08,1581174000
1916,R_1r18PD3TjJe3i53,VITAMIN,2020-02-08,1581174000
1917,R_20O6baqxT4T2CbA,FURNITURE,2020-02-08,1581174000
1918,R_20O6baqxT4T2CbA,GUILD_HOME,2020-02-08,1581174000
1919,R_20O6baqxT4T2CbA,MEDICATION,2020-02-08,1581174000
1920,R_20Yd9DvrGselmZY,SHIRT,2020-02-08,1581174000
1921,R_210tLKdUbUZuf7O,SHOES,2020-02-08,1581174000
1922,R_21G54IjScAJhDAM,SKIN_CLEANING_AGENT,2020-02-08,1581174000
1923,R_21GPeeqYRjC1kb1,PANTS,2020-02-08,1581174000
1924,R_21uibgT9dgqRD9J,TABLE,2020-02-08,1581174000
1925,R_21uibgT9dgqRD9J,BLOOD_OXYGEN_MONITOR,2020-02-08,1581174000
1926,R_21uibgT9dgqRD9J,SKIN_CLEANING_AGENT,2020-02-08,1581174000
1927,R_22QYpfx86KSwry8,ABIS_BOOK,2020-02-08,1581174000
1928,R_22QYpfx86KSwry8,SKIN_CLEANING_AGENT,2020-02-08,1581174000
1929,R_240KbZJVsY6fEEJ,ABIS_BOOK,2020-02-08,1581174000
1930,R_24HjnyxNZEm32Xb,SHOES,2020-02-08,1581174000
1931,R_24HjnyxNZEm32Xb,SCREEN_PROTECTOR,2020-02-08,1581174000
1932,R_24dbGLxukEKohG6,PANTS,2020-02-08,1581174000
1933,R_25SbPPTyE45YzXP,ABIS_BOOK,2020-02-08,1581174000
1934,R_25SbPPTyE45YzXP,SKIN_CLEANING_AGENT,2020-02-08,1581174000
1935,R_25SbPPTyE45YzXP,NUTRITIONAL_SUPPLEMENT,2020-02-08,1581174000
1936,R_25SbPPTyE45YzXP,VITAMIN,2020-02-08,1581174000
1937,R_26nB6rfoaXIEb6Z,ANIMAL_VITAMIN,2020-02-08,1581174000
1938,R_29cyBHR3PpqJiZf,CONDITIONER,2020-02-08,1581174000
1939,R_29cyBHR3PpqJiZf,MOP_BUCKET_SET,2020-02-08,1581174000
1940,R_29cyBHR3PpqJiZf,HEALTH_PERSONAL_CARE,2020-02-08,1581174000
1941,R_29cyBHR3PpqJiZf,SHOES,2020-02-08,1581174000
1942,R_29oUfTgQ6sWbFG2,TOYS_AND_GAMES,2020-02-08,1581174000
1943,R_29oUfTgQ6sWbFG2,SHIRT,2020-02-08,1581174000
1944,R_29oUfTgQ6sWbFG2,LIP_COLOR,2020-02-08,1581174000
1945,R_29oUfTgQ6sWbFG2,SPORT_HELMET,2020-02-08,1581174000
1946,R_29oUfTgQ6sWbFG2,LIP_COLOR,2020-02-08,1581174000
1947,R_29oUfTgQ6sWbFG2,SHIRT,2020-02-08,1581174000
1948,R_2B38co9cwVRvVZA,SKIN_CLEANING_AGENT,2020-02-08,1581174000
1949,R_2Bljhn8FOxqwglz,FENCE_PANEL,2020-02-08,1581174000
1950,R_2Bljhn8FOxqwglz,SUITCASE,2020-02-08,1581174000
1951,R_2Bljhn8FOxqwglz,HANDBAG,2020-02-08,1581174000
1952,R_2Bljhn8FOxqwglz,SUITCASE,2020-02-08,1581174000
1953,R_2BstrkPd4gMc6Ih,SKIN_MOISTURIZER,2020-02-08,1581174000
1954,R_2BstrkPd4gMc6Ih,MEDICATION,2020-02-08,1581174000
1955,R_2BstrkPd4gMc6Ih,HAIR_IRON,2020-02-08,1581174000
1956,R_2CJ9tQVGVUnaesS,BATTERY,2020-02-08,1581174000
1957,R_2CJ9tQVGVUnaesS,SHOES,2020-02-08,1581174000
1958,R_2CJ9tQVGVUnaesS,PANTS,2020-02-08,1581174000
1959,R_2CJ9tQVGVUnaesS,PET_FOOD,2020-02-08,1581174000
1960,R_2CJ9tQVGVUnaesS,BATTERY,2020-02-08,1581174000
1961,R_2CpozrevorP48sb,SCREEN_PROTECTOR,2020-02-08,1581174000
1962,R_2CpozrevorP48sb,HAIR_ROLLER,2020-02-08,1581174000
1963,R_2D1zydYR5SZ0LpK,SCREEN_PROTECTOR,2020-02-08,1581174000
1964,R_2D1zydYR5SZ0LpK,SNACK_FOOD_BAR,2020-02-08,1581174000
1965,R_2DMQ4Npnlu3WWyq,SKIN_CLEANING_AGENT,2020-02-08,1581174000
1966,R_2EglJpTWGEiwQYa,SHIRT,2020-02-08,1581174000
1967,R_2EglJpTWGEiwQYa,SKIN_MOISTURIZER,2020-02-08,1581174000
1968,R_2EglJpTWGEiwQYa,PHYSICAL_MOVIE,2020-02-08,1581174000
1969,R_2EglJpTWGEiwQYa,ABIS_BOOK,2020-02-08,1581174000
1970,R_2EglJpTWGEiwQYa,GROCERY,2020-02-08,1581174000
1971,R_2EglJpTWGEiwQYa,SKIN_MOISTURIZER,2020-02-08,1581174000
1972,R_2EglJpTWGEiwQYa,TOYS_AND_GAMES,2020-02-08,1581174000
1973,R_2P50Iq3Uo8HiCwT,PHYSICAL_MOVIE,2020-02-08,1581174000
1974,R_2SIYchF5txvb4ur,VITAMIN,2020-02-08,1581174000
1975,R_2SksQStmmNpRaiB,ART_CRAFT_KIT,2020-02-08,1581174000
1976,R_2TL7w44l8M5vEok,SAFETY_GLASSES,2020-02-08,1581174000
1977,R_2TL7w44l8M5vEok,BATTERY,2020-02-08,1581174000
1978,R_2TL7w44l8M5vEok,PET_FOOD,2020-02-08,1581174000
1979,R_2TL7w44l8M5vEok,PET_FOOD,2020-02-08,1581174000
1980,R_2UctLzmpg4UJRZu,SNACK_FOOD_BAR,2020-02-08,1581174000
1981,R_2YVQQRVSdj7M8Va,BATTERY,2020-02-08,1581174000
1982,R_2YVQQRVSdj7M8Va,GROCERY,2020-02-08,1581174000
1983,R_2YYB0ZXHHFsMn1o,DRAFT_STOPPER,2020-02-08,1581174000
1984,R_2YYB0ZXHHFsMn1o,ABIS_BOOK,2020-02-08,1581174000
1985,R_2YbuDFbvaGnuvff,TOYS_AND_GAMES,2020-02-08,1581174000
1986,R_2YbuDFbvaGnuvff,ELECTRONIC_CABLE,2020-02-08,1581174000
1987,R_2YzwllA3OWyo30M,ABIS_BOOK,2020-02-08,1581174000
1988,R_2ZEoREY3x7s7zEM,ABIS_BOOK,2020-02-08,1581174000
1989,R_2b1XOZR0PYTA1jX,HEALTH_PERSONAL_CARE,2020-02-08,1581174000
1990,R_2b1XOZR0PYTA1jX,SHIRT,2020-02-08,1581174000
1991,R_2b1XOZR0PYTA1jX,NUTRITIONAL_SUPPLEMENT,2020-02-08,1581174000
1992,R_2cmFD4NTF42JLfH,MONITOR,2020-02-08,1581174000
1993,R_2cmFD4NTF42JLfH,ABIS_BOOK,2020-02-08,1581174000
1994,R_2cnNyjA4yHdU4ij,HEALTH_PERSONAL_CARE,2020-02-08,1581174000
1995,R_2cvmrv8q51q8yh1,WRITING_INSTRUMENT,2020-02-08,1581174000
1996,R_2cvmrv8q51q8yh1,SKIN_CARE_AGENT,2020-02-08,1581174000
1997,R_2cvmrv8q51q8yh1,TARP,2020-02-08,1581174000
1998,R_2dyITPHbbfmCXJn,HEALTH_PERSONAL_CARE,2020-02-08,1581174000
1999,R_2dyITPHbbfmCXJn,WIPER_BLADE,2020-02-08,1581174000
2000,R_2dyITPHbbfmCXJn,BATTERY,2020-02-08,1581174000
2001,R_2fD6Jy2muMgaubH,HEADPHONES,2020-02-08,1581174000
2002,R_2fD6Jy2muMgaubH,HEALTH_PERSONAL_CARE,2020-02-08,1581174000
2003,R_2sbf0hqTGFb880u,PANTS,2020-02-08,1581174000
2004,R_2tfHzrdo6EEaiWi,PET_FOOD,2020-02-08,1581174000
2005,R_2tfHzrdo6EEaiWi,PHYSICAL_MOVIE,2020-02-08,1581174000
2006,R_2tfHzrdo6EEaiWi,PET_TOY,2020-02-08,1581174000
2007,R_2tfHzrdo6EEaiWi,PANTS,2020-02-08,1581174000
2008,R_2tfHzrdo6EEaiWi,PHYSICAL_MOVIE,2020-02-08,1581174000
2009,R_2tfHzrdo6EEaiWi,SYSTEM_POWER_DEVICE,2020-02-08,1581174000
2010,R_2uIMLcJgQmb0v3G,PET_FOOD,2020-02-08,1581174000
2011,R_2viT92732GnahDd,SKIN_CLEANING_AGENT,2020-02-08,1581174000
2012,R_2viT92732GnahDd,SNACK_FOOD_BAR,2020-02-08,1581174000
2013,R_2woyYEH5qlAG264,VITAMIN,2020-02-08,1581174000
2014,R_2wtVmKidhQR0wju,BATTERY,2020-02-08,1581174000
2015,R_2wzatCV9Z18xLF2,WASHER,2020-02-08,1581174000
2016,R_2yme87wMCEU528h,PHYSICAL_MOVIE,2020-02-08,1581174000
2017,R_30pLPRle51eRImG,CARD_STOCK,2020-02-08,1581174000
2018,R_31T8fMuMzphe1sL,HEADPHONES,2020-02-08,1581174000
2019,R_31aclNgWw4mxrPd,ART_EASEL,2020-02-08,1581174000
2020,R_31aclNgWw4mxrPd,SKIN_CLEANING_AGENT,2020-02-08,1581174000
2021,R_31n2MLk9w05iLzN,IMMERSION_HEATER,2020-02-08,1581174000
2022,R_32VcKmw1biSyknq,PANTS,2020-02-08,1581174000
2023,R_32VcKmw1biSyknq,ELECTRONIC_CABLE,2020-02-08,1581174000
2024,R_32VcKmw1biSyknq,SHEET_PAPER,2020-02-08,1581174000
2025,R_32VcKmw1biSyknq,END_MILLS,2020-02-08,1581174000
2026,R_331r8PPvTyqKSoh,ABIS_BOOK,2020-02-08,1581174000
2027,R_333cPUAJRgYXqi1,CELLULAR_PHONE_CASE,2020-02-08,1581174000
2028,R_33a2eGfoj5xSrE2,ELECTRICITY_GENERATOR,2020-02-08,1581174000
2029,R_33a2eGfoj5xSrE2,CELLULAR_PHONE_CASE,2020-02-08,1581174000
2030,R_33a2eGfoj5xSrE2,SPORT_TARGET,2020-02-08,1581174000
2031,R_3EPQZIIC10dWrjT,JEWELRY,2020-02-08,1581174000
2032,R_3EPQZIIC10dWrjT,BICYCLE_LIGHT,2020-02-08,1581174000
2033,R_3EQ2dhEXGhy72Xx,SKIN_CLEANING_AGENT,2020-02-08,1581174000
2034,R_3G1gYo1d23Zq8Np,CRAFT_MOLD,2020-02-08,1581174000
2035,R_3G1gYo1d23Zq8Np,ELECTRIC_MOTOR,2020-02-08,1581174000
2036,R_3G1gYo1d23Zq8Np,GROCERY,2020-02-08,1581174000
2037,R_3G1gYo1d23Zq8Np,SPOON,2020-02-08,1581174000
2038,R_3G1gYo1d23Zq8Np,MEDICATION,2020-02-08,1581174000
2039,R_3G1gYo1d23Zq8Np,PIERCING_JEWELRY,2020-02-08,1581174000
2040,R_3HzRfw5sNEvrFRf,NUTRITIONAL_SUPPLEMENT,2020-02-08,1581174000
2041,R_3J8UIMbwljBx6df,MEDICATION,2020-02-08,1581174000
2042,R_3J8UIMbwljBx6df,HEALTH_PERSONAL_CARE,2020-02-08,1581174000
2043,R_3J8UIMbwljBx6df,BEAUTY,2020-02-08,1581174000
2044,R_3JJfhp7Z7vUO8K2,SKIN_MOISTURIZER,2020-02-08,1581174000
2045,R_3JJfhp7Z7vUO8K2,PET_FOOD,2020-02-08,1581174000
2046,R_3Jxiicg67etW2yt,MEDICATION,2020-02-08,1581174000
2047,R_3L20DbmNPSMtKUd,PET_FOOD,2020-02-08,1581174000
2048,R_3L20DbmNPSMtKUd,SYRUP,2020-02-08,1581174000
2049,R_3Mc9nZhk6fg7b8z,COMPOST_BIN,2020-02-08,1581174000
2050,R_3NE7ETo2UoCbnsE,PET_FOOD,2020-02-08,1581174000
2051,R_3PUi8o2if0JqKfl,NUTRITIONAL_SUPPLEMENT,2020-02-08,1581174000
2052,R_3PcameSHVD10BZP,SAUCE,2020-02-08,1581174000
2053,R_3PcameSHVD10BZP,PET_FOOD,2020-02-08,1581174000
2054,R_3ek9YZGdsDHjUZf,SKIN_CLEANING_AGENT,2020-02-08,1581174000
2055,R_3ek9YZGdsDHjUZf,SHOELACE,2020-02-08,1581174000
2056,R_3ek9YZGdsDHjUZf,SUGAR_SUBSTITUTE,2020-02-08,1581174000
2057,R_3ek9YZGdsDHjUZf,TOYS_AND_GAMES,2020-02-08,1581174000
2058,R_3enuyEOsaEVxTNX,ELECTRONIC_LEARNING_TOY,2020-02-08,1581174000
2059,R_3enuyEOsaEVxTNX,TOYS_AND_GAMES,2020-02-08,1581174000
2060,R_3enuyEOsaEVxTNX,SKIN_CLEANING_AGENT,2020-02-08,1581174000
2061,R_3enuyEOsaEVxTNX,PICTURE_FRAME,2020-02-08,1581174000
2062,R_3enuyEOsaEVxTNX,PICTURE_FRAME,2020-02-08,1581174000
2063,R_3flZSxKV8ViX1H4,SIM_CARD,2020-02-08,1581174000
2064,R_3flZSxKV8ViX1H4,KEYBOARDS,2020-02-08,1581174000
2065,R_3gTrwWhEzAv6gzH,ABIS_BOOK,2020-02-08,1581174000
2066,R_3gTrwWhEzAv6gzH,SHOES,2020-02-08,1581174000
2067,R_3ik7mYg7wgFsyfj,ELECTRONIC_CABLE,2020-02-08,1581174000
2068,R_3ik7mYg7wgFsyfj,ABIS_BOOK,2020-02-08,1581174000
2069,R_3ik7mYg7wgFsyfj,CONSOLE_VIDEO_GAMES,2020-02-08,1581174000
2070,R_3ik7mYg7wgFsyfj,NUTRITIONAL_SUPPLEMENT,2020-02-08,1581174000
2071,R_3jSAmu0UzDwnhQD,DAIRY_BASED_YOGURT,2020-02-08,1581174000
2072,R_3jYVNfQkzbtT9y0,WALLET,2020-02-08,1581174000
2073,R_3nH1Odp9Yjm86gN,HAIRBAND,2020-02-08,1581174000
2074,R_3qe2tDpGxexEAso,BATTERY,2020-02-08,1581174000
2075,R_3rZHdmB75jSgwhr,BATTERY,2020-02-08,1581174000
2076,R_3socPWD3wXD0iDP,MOUTH_GUARD,2020-02-08,1581174000
2077,R_3socPWD3wXD0iDP,PANTS,2020-02-08,1581174000
2078,R_3socPWD3wXD0iDP,SHOES,2020-02-08,1581174000
2079,R_3socPWD3wXD0iDP,PANTS,2020-02-08,1581174000
2080,R_3socPWD3wXD0iDP,PET_FOOD,2020-02-08,1581174000
2081,R_4HmF6WnGLnnWuLD,SCREEN_PROTECTOR,2020-02-08,1581174000
2082,R_4PhRzF4UI9ooLh7,VITAMIN,2020-02-08,1581174000
2083,R_4PhRzF4UI9ooLh7,CELLULAR_PHONE_CASE,2020-02-08,1581174000
2084,R_4PhRzF4UI9ooLh7,POWER_CONVERTER,2020-02-08,1581174000
2085,R_5uabKnJBMc7HyEN,SHAMPOO,2020-02-08,1581174000
2086,R_5uabKnJBMc7HyEN,SKIN_MOISTURIZER,2020-02-08,1581174000
2087,R_8wRttNX3JNWugRr,NUTRITIONAL_SUPPLEMENT,2020-02-08,1581174000
2088,R_8wRttNX3JNWugRr,ABRASIVE_WHEELS,2020-02-08,1581174000
2089,R_8wRttNX3JNWugRr,ONBOARD_CAMERA,2020-02-08,1581174000
2090,R_A5Mg9h1PiJL0Wyd,PHYSICAL_MOVIE,2020-02-08,1581174000
2091,R_A5Mg9h1PiJL0Wyd,CELLULAR_PHONE_CASE,2020-02-08,1581174000
2092,R_A5Mg9h1PiJL0Wyd,SHOES,2020-02-08,1581174000
2093,R_A5Mg9h1PiJL0Wyd,ITEM_CONTAINER,2020-02-08,1581174000
2094,R_ApVmIUhdKhewFtn,ABIS_BOOK,2020-02-08,1581174000
2095,R_BWAjcs1sKUc6NQl,SHIRT,2020-02-08,1581174000
2096,R_Djcs43mP6ReoYgN,CELLULAR_PHONE_CASE,2020-02-08,1581174000
2097,R_O6ZX76mggPnAOfD,SKIN_CLEANING_AGENT,2020-02-08,1581174000
2098,R_OdTirYYBS6ms6nn,SHIRT,2020-02-08,1581174000
2099,R_OdTirYYBS6ms6nn,NUTRITIONAL_SUPPLEMENT,2020-02-08,1581174000
2100,R_OdTirYYBS6ms6nn,MACHINE_LUBRICANT,2020-02-08,1581174000
2101,R_OdTirYYBS6ms6nn,CELLULAR_PHONE_CASE,2020-02-08,1581174000
2102,R_PuLRXv7pUO3cLzX,SHIRT,2020-02-08,1581174000
2103,R_PwlnzzccUMXV0n7,ELASTIC_BAND,2020-02-08,1581174000
2104,R_T4THXKAQCwg9ZXb,TABLETOP_GAME,2020-02-08,1581174000
2105,R_UEke64xAaOG3mTf,SHOES,2020-02-08,1581174000
2106,R_UEke64xAaOG3mTf,PET_FOOD,2020-02-08,1581174000
2107,R_UEke64xAaOG3mTf,VITAMIN,2020-02-08,1581174000
2108,R_WerZwuLkMK4zfVf,SHIRT,2020-02-08,1581174000
2109,R_XYsrPCXL5N6boad,SKIN_MOISTURIZER,2020-02-08,1581174000
2110,R_Xhz81T9LodPX0KB,WATER_DISPENSER,2020-02-08,1581174000
2111,R_Xhz81T9LodPX0KB,CELLULAR_PHONE_CASE,2020-02-08,1581174000
2112,R_Xhz81T9LodPX0KB,PHYSICAL_MOVIE,2020-02-08,1581174000
2113,R_Xhz81T9LodPX0KB,WATER_DISPENSER,2020-02-08,1581174000
2114,R_Xhz81T9LodPX0KB,SKIN_MOISTURIZER,2020-02-08,1581174000
2115,R_Z4qMkqhWSmIbdSh,ABIS_BOOK,2020-02-08,1581174000
2116,R_Z4qMkqhWSmIbdSh,VITAMIN,2020-02-08,1581174000
2117,R_b3dSUlk76L0C6TD,VASE,2020-02-08,1581174000
2118,R_b3dSUlk76L0C6TD,HEADPHONES,2020-02-08,1581174000
2119,R_b3dSUlk76L0C6TD,NUTRITIONAL_SUPPLEMENT,2020-02-08,1581174000
2120,R_b3dSUlk76L0C6TD,PANTS,2020-02-08,1581174000
2121,R_b3dSUlk76L0C6TD,MANNEQUIN_CLOTHING_FORM,2020-02-08,1581174000
2122,R_b8UnkZJoU93ZxEB,PET_PLACEMAT,2020-02-08,1581174000
2123,R_b8UnkZJoU93ZxEB,MEAL_HOLDER,2020-02-08,1581174000
2124,R_bkquoGQp5VhpihP,SKIN_MOISTURIZER,2020-02-08,1581174000
2125,R_bkquoGQp5VhpihP,SCREEN_PROTECTOR,2020-02-08,1581174000
2126,R_bkquoGQp5VhpihP,SHIRT,2020-02-08,1581174000
2127,R_bkquoGQp5VhpihP,MEDICATION,2020-02-08,1581174000
2128,R_bkquoGQp5VhpihP,VITAMIN,2020-02-08,1581174000
2129,R_cAcAtozIWnZIbGp,PHYSICAL_MOVIE,2020-02-08,1581174000
2130,R_cAcAtozIWnZIbGp,PANTS,2020-02-08,1581174000
2131,R_cAcAtozIWnZIbGp,TOYS_AND_GAMES,2020-02-08,1581174000
2132,R_cCucjmijTJETC6d,NUTRITIONAL_SUPPLEMENT,2020-02-08,1581174000
2133,R_cCucjmijTJETC6d,SNACK_FOOD_BAR,2020-02-08,1581174000
2134,R_cCucjmijTJETC6d,SHOES,2020-02-08,1581174000
2135,R_cCucjmijTJETC6d,SHOES,2020-02-08,1581174000
2136,R_cCucjmijTJETC6d,POTPOURRI_SACHET,2020-02-08,1581174000
2137,R_cCucjmijTJETC6d,TOYS_AND_GAMES,2020-02-08,1581174000
2138,R_e8KTElZZLWryLWp,HEALTH_PERSONAL_CARE,2020-02-08,1581174000
2139,R_pRWnSKTREPIwpSF,SHOES,2020-02-08,1581174000
2140,R_pRWnSKTREPIwpSF,SKIN_CLEANING_WIPE,2020-02-08,1581174000
2141,R_pRWnSKTREPIwpSF,PHOTOGRAPHIC_LIGHTING,2020-02-08,1581174000
2142,R_pRWnSKTREPIwpSF,MEDICATION,2020-02-08,1581174000
2143,R_pzMCRYrC0qiSwIF,PET_FOOD,2020-02-08,1581174000
2144,R_qxTrp3qz2YCQAnv,HEADPHONES,2020-02-08,1581174000
2145,R_qxTrp3qz2YCQAnv,PLANT_SEED,2020-02-08,1581174000
2146,R_rcId0AtM417vPGN,MARKING_PEN,2020-02-08,1581174000
2147,R_vBkhPDT0skiOO2J,MATERIAL_HANDLING_TRUCK,2020-02-08,1581174000
2148,R_vBkhPDT0skiOO2J,BENCH,2020-02-08,1581174000
2149,R_vBkhPDT0skiOO2J,PANTS,2020-02-08,1581174000
2150,R_x0hVvTTXGQY9FRf,TOYS_AND_GAMES,2020-02-08,1581174000
2151,R_x0hVvTTXGQY9FRf,TOILET_PAPER_HOLDER,2020-02-08,1581174000
2152,R_xcs1aVCVrBlXkgV,HEALTH_PERSONAL_CARE,2020-02-08,1581174000
2153,R_xrrF4kkA2JEG6OZ,DIGITAL_DEVICE_3,2020-02-08,1581174000
2154,R_xrrF4kkA2JEG6OZ,NUTRITIONAL_SUPPLEMENT,2020-02-08,1581174000
2155,R_xrrF4kkA2JEG6OZ,BONDING_ADHESIVES,2020-02-08,1581174000
2156,R_0c8VclJcriEXQqZ,COUNTERTOP_OVEN,2020-02-09,1581260400
2157,R_12QFQ7lCIls8sRd,VITAMIN,2020-02-09,1581260400
2158,R_12QFQ7lCIls8sRd,ABIS_BOOK,2020-02-09,1581260400
2159,R_1BNwZP0DdTOa4rT,PET_FOOD,2020-02-09,1581260400
2160,R_1BNwZP0DdTOa4rT,PHYSICAL_MOVIE,2020-02-09,1581260400
2161,R_1C4nKyrv0w2thJn,BICYCLE_TRAINER,2020-02-09,1581260400
2162,R_1C4nKyrv0w2thJn,SHOES,2020-02-09,1581260400
2163,R_1C8w4NDDQC5fcgE,ELECTRONIC_CABLE,2020-02-09,1581260400
2164,R_1CjWIsByjtP0GxZ,TOY_FIGURE,2020-02-09,1581260400
2165,R_1CjWIsByjtP0GxZ,PET_FOOD,2020-02-09,1581260400
2166,R_1CjWIsByjtP0GxZ,HEALTH_PERSONAL_CARE,2020-02-09,1581260400
2167,R_1CjWIsByjtP0GxZ,SWORD,2020-02-09,1581260400
2168,R_1CjWIsByjtP0GxZ,SNACK_FOOD_BAR,2020-02-09,1581260400
2169,R_1CjWIsByjtP0GxZ,HEADPHONES,2020-02-09,1581260400
2170,R_1CjWIsByjtP0GxZ,PHYSICAL_MOVIE,2020-02-09,1581260400
2171,R_1CjWIsByjtP0GxZ,FOOD_SMOKER,2020-02-09,1581260400
2172,R_1CjWIsByjtP0GxZ,GROCERY,2020-02-09,1581260400
2173,R_1CjWIsByjtP0GxZ,SHIRT,2020-02-09,1581260400
2174,R_1ClqO4ZMDuwGjfl,BATTERY,2020-02-09,1581260400
2175,R_1ClqO4ZMDuwGjfl,LITTER_BOX,2020-02-09,1581260400
2176,R_1ClqO4ZMDuwGjfl,SNACK_FOOD_BAR,2020-02-09,1581260400
2177,R_1ClqO4ZMDuwGjfl,MASCARA,2020-02-09,1581260400
2178,R_1DYWdbAMt6LyCZH,HEALTH_PERSONAL_CARE,2020-02-09,1581260400
2179,R_1DYWdbAMt6LyCZH,INTERNAL_MEMORY,2020-02-09,1581260400
2180,R_1DYWdbAMt6LyCZH,SNACK_FOOD_BAR,2020-02-09,1581260400
2181,R_1F35QiIK5csZBEC,SURVIVAL_KIT,2020-02-09,1581260400
2182,R_1FWSWSjBuPMvSgx,TOPICAL_HAIR_REGROWTH_TREATMENT,2020-02-09,1581260400
2183,R_1Fyt6rHyiQcVOT8,PANTS,2020-02-09,1581260400
2184,R_1Fyt6rHyiQcVOT8,SKIN_MOISTURIZER,2020-02-09,1581260400
2185,R_1GVN63HjPpVXPEx,SHIRT,2020-02-09,1581260400
2186,R_1GVsIStj8gTkbIE,HEADPHONES,2020-02-09,1581260400
2187,R_1GVsIStj8gTkbIE,NUTRITIONAL_SUPPLEMENT,2020-02-09,1581260400
2188,R_1ImFLLGALT606WO,PET_PEST_CONTROL,2020-02-09,1581260400
2189,R_1ImFLLGALT606WO,CELLULAR_PHONE_CASE,2020-02-09,1581260400
2190,R_1KkFs7rgWXlWf58,NUTRITIONAL_SUPPLEMENT,2020-02-09,1581260400
2191,R_1KkFs7rgWXlWf58,NUTRITIONAL_SUPPLEMENT,2020-02-09,1581260400
2192,R_1KloshKwV8MUAx4,VITAMIN,2020-02-09,1581260400
2193,R_1LFmho6mBajcceh,SCREEN_PROTECTOR,2020-02-09,1581260400
2194,R_1LMa9REuvUok05j,WIPER_BLADE,2020-02-09,1581260400
2195,R_1LMa9REuvUok05j,NUTRITIONAL_SUPPLEMENT,2020-02-09,1581260400
2196,R_1LMa9REuvUok05j,CELLULAR_PHONE_CASE,2020-02-09,1581260400
2197,R_1LMa9REuvUok05j,GROCERY,2020-02-09,1581260400
2198,R_1NCzj2eSHI4QGcd,ABIS_BOOK,2020-02-09,1581260400
2199,R_1P0kCmz0zdMSEld,BATTERY,2020-02-09,1581260400
2200,R_1P0kCmz0zdMSEld,COFFEE,2020-02-09,1581260400
2201,R_1P0kCmz0zdMSEld,PET_FOOD,2020-02-09,1581260400
2202,R_1PUcgnVG2i0EBz4,SHIRT,2020-02-09,1581260400
2203,R_1PUcgnVG2i0EBz4,PANTS,2020-02-09,1581260400
2204,R_1PUcgnVG2i0EBz4,CABINET,2020-02-09,1581260400
2205,R_1QKu8qtvgo0d1uS,SCREEN_PROTECTOR,2020-02-09,1581260400
2206,R_1cYxarQPFQxNRHB,NOISE_MACHINE,2020-02-09,1581260400
2207,R_1cYxarQPFQxNRHB,VITAMIN,2020-02-09,1581260400
2208,R_1dKBjc0UTA0ZiYb,SHIRT,2020-02-09,1581260400
2209,R_1dKBjc0UTA0ZiYb,SNACK_FOOD_BAR,2020-02-09,1581260400
2210,R_1dKBjc0UTA0ZiYb,VITAMIN,2020-02-09,1581260400
2211,R_1dKBjc0UTA0ZiYb,BATTERY,2020-02-09,1581260400
2212,R_1dKBjc0UTA0ZiYb,MEDICATION,2020-02-09,1581260400
2213,R_1dKBjc0UTA0ZiYb,LEVEL,2020-02-09,1581260400
2214,R_1daE3vUDxFrSw4I,SKIN_CLEANING_AGENT,2020-02-09,1581260400
2215,R_1daE3vUDxFrSw4I,SHOES,2020-02-09,1581260400
2216,R_1dlSByn2AyHWx7r,PET_FOOD,2020-02-09,1581260400
2217,R_1dlSByn2AyHWx7r,TOYS_AND_GAMES,2020-02-09,1581260400
2218,R_1dlSByn2AyHWx7r,SEWING_MACHINE,2020-02-09,1581260400
2219,R_1dlSByn2AyHWx7r,SKIN_CLEANING_AGENT,2020-02-09,1581260400
2220,R_1dyqbVnXomwItTl,SKIN_MOISTURIZER,2020-02-09,1581260400
2221,R_1escXXhyvAgsBYq,BATTERY,2020-02-09,1581260400
2222,R_1gjdRVy7DXPMldc,ELECTRONIC_CABLE,2020-02-09,1581260400
2223,R_1gjdRVy7DXPMldc,MEDICATION,2020-02-09,1581260400
2224,R_1hJWB4rlc8B2yCi,REINFORCED_ART_SURFACE,2020-02-09,1581260400
2225,R_1hJWB4rlc8B2yCi,EARPLUG,2020-02-09,1581260400
2226,R_1hMV4AHCk04WO5V,SKIN_MOISTURIZER,2020-02-09,1581260400
2227,R_1j6t5KhjtwDhdKa,MEDICATION,2020-02-09,1581260400
2228,R_1j6t5KhjtwDhdKa,GROCERY,2020-02-09,1581260400
2229,R_1jZkLNE1JdtyVpH,WEARABLE_WEIGHT,2020-02-09,1581260400
2230,R_1jZkLNE1JdtyVpH,MEDICATION,2020-02-09,1581260400
2231,R_1jZkLNE1JdtyVpH,WEARABLE_WEIGHT,2020-02-09,1581260400
2232,R_1jZkLNE1JdtyVpH,BATTERY,2020-02-09,1581260400
2233,R_1jZkLNE1JdtyVpH,SCREEN_PROTECTOR,2020-02-09,1581260400
2234,R_1jd0U0OjvEcZEcw,MEDICATION,2020-02-09,1581260400
2235,R_1lfNYOmsEIqOn65,SOIL,2020-02-09,1581260400
2236,R_1lsgykNxEU4BXTI,HEALTH_PERSONAL_CARE,2020-02-09,1581260400
2237,R_1lsgykNxEU4BXTI,SKIN_MOISTURIZER,2020-02-09,1581260400
2238,R_1mxX9jjBSLwxiDU,COAT,2020-02-09,1581260400
2239,R_1mxX9jjBSLwxiDU,SKIN_MOISTURIZER,2020-02-09,1581260400
2240,R_1pKZVLBbrpZM8bP,CELLULAR_PHONE_CASE,2020-02-09,1581260400
2241,R_1pKZVLBbrpZM8bP,BATTERY,2020-02-09,1581260400
2242,R_1pKZVLBbrpZM8bP,SKIN_CLEANING_AGENT,2020-02-09,1581260400
2243,R_1pm2Wo5wrQSY0Gm,NUTRITIONAL_SUPPLEMENT,2020-02-09,1581260400
2244,R_1pm2Wo5wrQSY0Gm,PET_FOOD,2020-02-09,1581260400
2245,R_1pu4x2PBb4LrSWk,CLEANING_AGENT,2020-02-09,1581260400
2246,R_1roTOelTygZr5G8,SKIN_MOISTURIZER,2020-02-09,1581260400
2247,R_1roTOelTygZr5G8,SNACK_FOOD_BAR,2020-02-09,1581260400
2248,R_20O6baqxT4T2CbA,GUILD_HOME,2020-02-09,1581260400
2249,R_21ttkGbeIL6HdlR,PANTS,2020-02-09,1581260400
2250,R_21uibgT9dgqRD9J,HAT,2020-02-09,1581260400
2251,R_23enipHqTsjcQfN,SNACK_FOOD_BAR,2020-02-09,1581260400
2252,R_23enipHqTsjcQfN,SHOES,2020-02-09,1581260400
2253,R_24MKoSmvuiLEI76,LAB_SUPPLY,2020-02-09,1581260400
2254,R_25SbPPTyE45YzXP,VITAMIN,2020-02-09,1581260400
2255,R_25SbPPTyE45YzXP,ELECTRONIC_CABLE,2020-02-09,1581260400
2256,R_25SbPPTyE45YzXP,GROCERY,2020-02-09,1581260400
2257,R_25Wwg273Uw26jA1,PANTS,2020-02-09,1581260400
2258,R_25Wwg273Uw26jA1,SHOES,2020-02-09,1581260400
2259,R_25Wwg273Uw26jA1,STOOL_SEATING,2020-02-09,1581260400
2260,R_26nB6rfoaXIEb6Z,PORTABLE_ELECTRONIC_DEVICE_COVER,2020-02-09,1581260400
2261,R_26nB6rfoaXIEb6Z,MUSCLE_ROLLER,2020-02-09,1581260400
2262,R_26nB6rfoaXIEb6Z,PHYSICAL_MOVIE,2020-02-09,1581260400
2263,R_273TMGuLM3jXisi,BATH_SAFETY_SEATING,2020-02-09,1581260400
2264,R_2DOWnSX3XtTVapF,ELECTRONIC_CABLE,2020-02-09,1581260400
2265,R_2DOWnSX3XtTVapF,HEALTH_PERSONAL_CARE,2020-02-09,1581260400
2266,R_2ONDyHxQviDmrWg,ABIS_BOOK,2020-02-09,1581260400
2267,R_2Qu0fgUOnDpaKDH,PHYSICAL_MOVIE,2020-02-09,1581260400
2268,R_2Qu0fgUOnDpaKDH,PET_PEST_CONTROL,2020-02-09,1581260400
2269,R_2R4boYTdbWuqO7J,VITAMIN,2020-02-09,1581260400
2270,R_2TEGPne2Cu1LmmT,MAJOR_HOME_APPLIANCES,2020-02-09,1581260400
2271,R_2ToRb0eNQrFNM3u,TOYS_AND_GAMES,2020-02-09,1581260400
2272,R_2UaV2vSZDxrE35n,SNACK_FOOD_BAR,2020-02-09,1581260400
2273,R_2VC0DIxeSbfkTsv,BLANKET,2020-02-09,1581260400
2274,R_2VC0DIxeSbfkTsv,NUTRITIONAL_SUPPLEMENT,2020-02-09,1581260400
2275,R_2WAagX64hf1kdMI,BUTTER_DISH,2020-02-09,1581260400
2276,R_2WAagX64hf1kdMI,ELECTRONIC_CABLE,2020-02-09,1581260400
2277,R_2XoI6KbLJRGFz5X,SKIN_TREATMENT_MASK,2020-02-09,1581260400
2278,R_2XoI6KbLJRGFz5X,HEALTH_PERSONAL_CARE,2020-02-09,1581260400
2279,R_2XoI6KbLJRGFz5X,SKIN_CLEANING_AGENT,2020-02-09,1581260400
2280,R_2ZEoREY3x7s7zEM,SKIN_MOISTURIZER,2020-02-09,1581260400
2281,R_2ZTFfLAcuwm22Yh,SNACK_FOOD_BAR,2020-02-09,1581260400
2282,R_2ZTFfLAcuwm22Yh,PROTEIN_DRINK,2020-02-09,1581260400
2283,R_2ZTFfLAcuwm22Yh,URN,2020-02-09,1581260400
2284,R_2ZTFfLAcuwm22Yh,FLAT_SCREEN_DISPLAY_MOUNT,2020-02-09,1581260400
2285,R_2aOUTzNgkEajgjw,BARBELL,2020-02-09,1581260400
2286,R_2aOUTzNgkEajgjw,AMAZON_TABLET,2020-02-09,1581260400
2287,R_2b1XOZR0PYTA1jX,TOYS_AND_GAMES,2020-02-09,1581260400
2288,R_2b1XOZR0PYTA1jX,WHEEL_CUTTER,2020-02-09,1581260400
2289,R_2b1XOZR0PYTA1jX,ABIS_BOOK,2020-02-09,1581260400
2290,R_2b1XOZR0PYTA1jX,DESK_PAD,2020-02-09,1581260400
2291,R_2b1XOZR0PYTA1jX,SHIRT,2020-02-09,1581260400
2292,R_2b1XOZR0PYTA1jX,HEALTH_PERSONAL_CARE,2020-02-09,1581260400
2293,R_2b1XOZR0PYTA1jX,SKIN_MOISTURIZER,2020-02-09,1581260400
2294,R_2cBADxleVyzT89z,PROJECTION_SCREEN,2020-02-09,1581260400
2295,R_2cBADxleVyzT89z,CRAFT_BEAD,2020-02-09,1581260400
2296,R_2djaIfKORskyeuO,NAIL_POLISH,2020-02-09,1581260400
2297,R_2djaIfKORskyeuO,CELLULAR_PHONE_CASE,2020-02-09,1581260400
2298,R_2dvh9tu7PLPeipE,NUTRITIONAL_SUPPLEMENT,2020-02-09,1581260400
2299,R_2dvh9tu7PLPeipE,PET_TOY,2020-02-09,1581260400
2300,R_2dvh9tu7PLPeipE,FLAT_SHEET,2020-02-09,1581260400
2301,R_2ebzj3o225IisIQ,ASTRINGENT_SUBSTANCE,2020-02-09,1581260400
2302,R_2ebzj3o225IisIQ,TOYS_AND_GAMES,2020-02-09,1581260400
2303,R_2ebzj3o225IisIQ,SCREEN_PROTECTOR,2020-02-09,1581260400
2304,R_2f7MFUqYnEv92pF,SKIN_CLEANING_AGENT,2020-02-09,1581260400
2305,R_2foIkyims4WyyYQ,PET_TOY,2020-02-09,1581260400
2306,R_2mKYTXpTsUEkSGt,ABIS_MUSIC,2020-02-09,1581260400
2307,R_2ri4RVtvkxnZzHj,SHOES,2020-02-09,1581260400
2308,R_2s5YO3cdqKDFyIM,SHIRT,2020-02-09,1581260400
2309,R_2s5YO3cdqKDFyIM,SKIN_CLEANING_AGENT,2020-02-09,1581260400
2310,R_2s5YO3cdqKDFyIM,WATER,2020-02-09,1581260400
2311,R_2tfEDXuyNRcQoWs,COFFEE_FILTER,2020-02-09,1581260400
2312,R_2tfEDXuyNRcQoWs,SKIN_CLEANING_AGENT,2020-02-09,1581260400
2313,R_2uIMLcJgQmb0v3G,SHOES,2020-02-09,1581260400
2314,R_2uIMLcJgQmb0v3G,MEDICATION,2020-02-09,1581260400
2315,R_2uIMLcJgQmb0v3G,PHYSICAL_MOVIE,2020-02-09,1581260400
2316,R_2uIMLcJgQmb0v3G,SHOES,2020-02-09,1581260400
2317,R_2wmLE1q4FIpfioi,VITAMIN,2020-02-09,1581260400
2318,R_2wmLE1q4FIpfioi,COIN_PURSE_POUCH,2020-02-09,1581260400
2319,R_2yplkUxhAWZaFUL,DART_FLIGHT,2020-02-09,1581260400
2320,R_2z6ASEYEd1PP5Hu,SKIN_CLEANING_AGENT,2020-02-09,1581260400
2321,R_2z7rLZb69WuqDdf,VITAMIN,2020-02-09,1581260400
2322,R_2z7rLZb69WuqDdf,SCREEN_PROTECTOR,2020-02-09,1581260400
2323,R_2z7rLZb69WuqDdf,SKIN_MOISTURIZER,2020-02-09,1581260400
2324,R_3093m6Spz9VzxAK,GROCERY,2020-02-09,1581260400
2325,R_3093m6Spz9VzxAK,VITAMIN,2020-02-09,1581260400
2326,R_31LAZHcaNHPvu3z,BOTTLE_RACK,2020-02-09,1581260400
2327,R_31ycQ8SiOEF1cUN,BATTERY,2020-02-09,1581260400
2328,R_31ycQ8SiOEF1cUN,TOYS_AND_GAMES,2020-02-09,1581260400
2329,R_325wPQDFbzpv3zZ,VITAMIN,2020-02-09,1581260400
2330,R_32UZncFA03IrQwQ,ABIS_BOOK,2020-02-09,1581260400
2331,R_33jcUkAZ8knoq82,PANTS,2020-02-09,1581260400
2332,R_33jcUkAZ8knoq82,ELECTRONIC_CABLE,2020-02-09,1581260400
2333,R_33jcUkAZ8knoq82,GROCERY,2020-02-09,1581260400
2334,R_33jcUkAZ8knoq82,VITAMIN,2020-02-09,1581260400
2335,R_33jcUkAZ8knoq82,PESTICIDE,2020-02-09,1581260400
2336,R_3EsC5YHmiHe5s54,PHYSICAL_MOVIE,2020-02-09,1581260400
2337,R_3FRSHAzxtL6ifms,BATTERY,2020-02-09,1581260400
2338,R_3FRSHAzxtL6ifms,SWEATER,2020-02-09,1581260400
2339,R_3G1gYo1d23Zq8Np,SKIN_MOISTURIZER,2020-02-09,1581260400
2340,R_3G1gYo1d23Zq8Np,SNACK_FOOD_BAR,2020-02-09,1581260400
2341,R_3G1gYo1d23Zq8Np,SKIN_CLEANING_WIPE,2020-02-09,1581260400
2342,R_3GiFHVWzYKHT1F5,SKIN_MOISTURIZER,2020-02-09,1581260400
2343,R_3GiFHVWzYKHT1F5,ABIS_BOOK,2020-02-09,1581260400
2344,R_3GiFHVWzYKHT1F5,BICYCLE,2020-02-09,1581260400
2345,R_3HigTq4itishziE,NUTRITIONAL_SUPPLEMENT,2020-02-09,1581260400
2346,R_3HigTq4itishziE,ELECTRONIC_CABLE,2020-02-09,1581260400
2347,R_3IQQB0Dtvv9riqZ,AUTO_KEY_SHELL,2020-02-09,1581260400
2348,R_3L20DbmNPSMtKUd,MEDICATION,2020-02-09,1581260400
2349,R_3MhBAq6V6XHU9ln,SHOES,2020-02-09,1581260400
2350,R_3MhBAq6V6XHU9ln,SKIN_CLEANING_AGENT,2020-02-09,1581260400
2351,R_3MhBAq6V6XHU9ln,SHOES,2020-02-09,1581260400
2352,R_3MhBAq6V6XHU9ln,PANTS,2020-02-09,1581260400
2353,R_3O9aPnM7ixjsbYK,HEADPHONES,2020-02-09,1581260400
2354,R_3P4QthjwwxEaV1m,CELLULAR_PHONE_CASE,2020-02-09,1581260400
2355,R_3PZvezr4ITRkiKV,MEDICATION,2020-02-09,1581260400
2356,R_3PZvezr4ITRkiKV,NUTRITIONAL_SUPPLEMENT,2020-02-09,1581260400
2357,R_3PZvezr4ITRkiKV,CELLULAR_PHONE_CASE,2020-02-09,1581260400
2358,R_3PZvezr4ITRkiKV,HEALTH_PERSONAL_CARE,2020-02-09,1581260400
2359,R_3PZvezr4ITRkiKV,TOILET_SEAT,2020-02-09,1581260400
2360,R_3PZvezr4ITRkiKV,PASTRY,2020-02-09,1581260400
2361,R_3PZvezr4ITRkiKV,SKIN_MOISTURIZER,2020-02-09,1581260400
2362,R_3PZvezr4ITRkiKV,MASCARA,2020-02-09,1581260400
2363,R_3PZvezr4ITRkiKV,RICE_MIX,2020-02-09,1581260400
2364,R_3PZvezr4ITRkiKV,PASTA_MAKER,2020-02-09,1581260400
2365,R_3PZvezr4ITRkiKV,MEDICATION,2020-02-09,1581260400
2366,R_3PZvezr4ITRkiKV,ELECTRONIC_CABLE,2020-02-09,1581260400
2367,R_3PZvezr4ITRkiKV,NAIL_CLIPPER,2020-02-09,1581260400
2368,R_3PZvezr4ITRkiKV,HEALTH_PERSONAL_CARE,2020-02-09,1581260400
2369,R_3PZvezr4ITRkiKV,HEADPHONES,2020-02-09,1581260400
2370,R_3PZvezr4ITRkiKV,SHIRT,2020-02-09,1581260400
2371,R_3PZvezr4ITRkiKV,PET_FOOD,2020-02-09,1581260400
2372,R_3PZvezr4ITRkiKV,SEEDS_AND_PLANTS,2020-02-09,1581260400
2373,R_3PZvezr4ITRkiKV,EYEGLASS_FRAME,2020-02-09,1581260400
2374,R_3PZvezr4ITRkiKV,SNACK_FOOD_BAR,2020-02-09,1581260400
2375,R_3PZvezr4ITRkiKV,PHYSICAL_MOVIE,2020-02-09,1581260400
2376,R_3PZvezr4ITRkiKV,BATTERY,2020-02-09,1581260400
2377,R_3PZvezr4ITRkiKV,BEAUTY,2020-02-09,1581260400
2378,R_3PZvezr4ITRkiKV,MASCARA,2020-02-09,1581260400
2379,R_3PZvezr4ITRkiKV,HEADPHONES,2020-02-09,1581260400
2380,R_3Pc1ZZfNy58AvgE,LAMP,2020-02-09,1581260400
2381,R_3Pc1ZZfNy58AvgE,NUTRITIONAL_SUPPLEMENT,2020-02-09,1581260400
2382,R_3PjlivvZHpECDkS,SHOES,2020-02-09,1581260400
2383,R_3QPk8nnI1s8wilh,HEALTH_PERSONAL_CARE,2020-02-09,1581260400
2384,R_3RpTNwsri1SSxeL,CELLULAR_PHONE_CASE,2020-02-09,1581260400
2385,R_3RpTNwsri1SSxeL,VITAMIN,2020-02-09,1581260400
2386,R_3dN6S4adN4KjQO1,ELECTRONIC_CABLE,2020-02-09,1581260400
2387,R_3enuyEOsaEVxTNX,TOYS_AND_GAMES,2020-02-09,1581260400
2388,R_3fB1NIeE1OGUd72,BOARD_GAME,2020-02-09,1581260400
2389,R_3fB1NIeE1OGUd72,BRA,2020-02-09,1581260400
2390,R_3fB1NIeE1OGUd72,HEADPHONES,2020-02-09,1581260400
2391,R_3g1vpqtwzgBUs93,GROCERY,2020-02-09,1581260400
2392,R_3g1vpqtwzgBUs93,ELECTRIC_HEATING_PAD,2020-02-09,1581260400
2393,R_3g1vpqtwzgBUs93,EXERCISE_BLOCK,2020-02-09,1581260400
2394,R_3gTrwWhEzAv6gzH,SKIN_CLEANING_AGENT,2020-02-09,1581260400
2395,R_3iJyVGzX7fyajRz,VIVARIUM,2020-02-09,1581260400
2396,R_3lYUnPKDsGA54tw,GLUCOSE_METER,2020-02-09,1581260400
2397,R_3lYUnPKDsGA54tw,SKIN_MOISTURIZER,2020-02-09,1581260400
2398,R_3lYUnPKDsGA54tw,PHYSICAL_MOVIE,2020-02-09,1581260400
2399,R_3nA7SneXu81knN1,IGNITION_COIL,2020-02-09,1581260400
2400,R_3nA7SneXu81knN1,NAIL_FILE,2020-02-09,1581260400
2401,R_3nA7SneXu81knN1,NAIL_FILE,2020-02-09,1581260400
2402,R_3nA7SneXu81knN1,CELL_PHONE_HOLSTER,2020-02-09,1581260400
2403,R_3oO3DoeTgXHrEzx,HEADPHONES,2020-02-09,1581260400
2404,R_3qTFp0FJqUeMhVZ,ELECTRONIC_CABLE,2020-02-09,1581260400
2405,R_3qTFp0FJqUeMhVZ,CLEANING_AGENT,2020-02-09,1581260400
2406,R_3qTFp0FJqUeMhVZ,SKIN_MOISTURIZER,2020-02-09,1581260400
2407,R_3qTFp0FJqUeMhVZ,PET_FOOD,2020-02-09,1581260400
2408,R_3qTFp0FJqUeMhVZ,SNACK_FOOD_BAR,2020-02-09,1581260400
2409,R_3rV7kPHe9hVsMee,TOYS_AND_GAMES,2020-02-09,1581260400
2410,R_3socPWD3wXD0iDP,ANIMAL_LITTER,2020-02-09,1581260400
2411,R_4ONrU60VenuwARr,TOYS_AND_GAMES,2020-02-09,1581260400
2412,R_4ONrU60VenuwARr,PERSONAL_FRAGRANCE,2020-02-09,1581260400
2413,R_8cr0J12EMKs9NND,MEDICATION,2020-02-09,1581260400
2414,R_8cr0J12EMKs9NND,SNACK_FOOD_BAR,2020-02-09,1581260400
2415,R_8cr0J12EMKs9NND,HEALTH_PERSONAL_CARE,2020-02-09,1581260400
2416,R_AKBlDprDMrv4M7v,HEADPHONES,2020-02-09,1581260400
2417,R_Amq2LudEdwYblXX,TOYS_AND_GAMES,2020-02-09,1581260400
2418,R_Amq2LudEdwYblXX,PET_PLAYPEN,2020-02-09,1581260400
2419,R_BWhnv4EdbhSS6rf,HEADPHONES,2020-02-09,1581260400
2420,R_C1gEwoKxaLBh0eR,BOTTLE,2020-02-09,1581260400
2421,R_C1gEwoKxaLBh0eR,BICYCLE_TRAILER,2020-02-09,1581260400
2422,R_CaF1pc8CnyWJvCp,HEADPHONES,2020-02-09,1581260400
2423,R_OPfbKZtf2Azgit3,PUMP_DISPENSER,2020-02-09,1581260400
2424,R_OPfbKZtf2Azgit3,SKIN_CLEANING_AGENT,2020-02-09,1581260400
2425,R_OPfbKZtf2Azgit3,SKIN_CLEANING_AGENT,2020-02-09,1581260400
2426,R_OdTirYYBS6ms6nn,MEDICATION,2020-02-09,1581260400
2427,R_OdTirYYBS6ms6nn,SCREEN_PROTECTOR,2020-02-09,1581260400
2428,R_Og8Cqd3iUgldHRn,GROCERY,2020-02-09,1581260400
2429,R_Og8Cqd3iUgldHRn,HEADPHONES,2020-02-09,1581260400
2430,R_Og8Cqd3iUgldHRn,SHOES,2020-02-09,1581260400
2431,R_RlYyUhsDFvyGwX7,ITEM_CONTAINER,2020-02-09,1581260400
2432,R_Wj4UUQUNrJKEYKJ,SKIN_MOISTURIZER,2020-02-09,1581260400
2433,R_Wj4UUQUNrJKEYKJ,SHOCK_ABSORBER,2020-02-09,1581260400
2434,R_Wj4UUQUNrJKEYKJ,SHIRT,2020-02-09,1581260400
2435,R_XwiCirQyfwJzVtv,HEALTH_PERSONAL_CARE,2020-02-09,1581260400
2436,R_XwiCirQyfwJzVtv,HEADPHONES,2020-02-09,1581260400
2437,R_XwiCirQyfwJzVtv,WASTE_BAG,2020-02-09,1581260400
2438,R_Y3TdYiBodZOLXlT,DRINKING_STRAW,2020-02-09,1581260400
2439,R_Y3TdYiBodZOLXlT,FILE_FOLDER,2020-02-09,1581260400
2440,R_Zz495Ir7AjUbSCJ,SHIRT,2020-02-09,1581260400
2441,R_b3dSUlk76L0C6TD,PASTRY_BASTING_BRUSH,2020-02-09,1581260400
2442,R_b3dSUlk76L0C6TD,SKIN_CLEANING_AGENT,2020-02-09,1581260400
2443,R_b3dSUlk76L0C6TD,TOILET_SEAT,2020-02-09,1581260400
2444,R_b3dSUlk76L0C6TD,CELLULAR_PHONE_CASE,2020-02-09,1581260400
2445,R_b3dSUlk76L0C6TD,TOYS_AND_GAMES,2020-02-09,1581260400
2446,R_b3dSUlk76L0C6TD,CELLULAR_PHONE_CASE,2020-02-09,1581260400
2447,R_b3dSUlk76L0C6TD,SCREEN_PROTECTOR,2020-02-09,1581260400
2448,R_b8UnkZJoU93ZxEB,SHIRT,2020-02-09,1581260400
2449,R_b8UnkZJoU93ZxEB,PET_FOOD,2020-02-09,1581260400
2450,R_b8UnkZJoU93ZxEB,SKIN_MOISTURIZER,2020-02-09,1581260400
2451,R_b8UnkZJoU93ZxEB,PET_FOOD,2020-02-09,1581260400
2452,R_b8UnkZJoU93ZxEB,MEDICATION,2020-02-09,1581260400
2453,R_bJI8lmXMZWL6oql,MANUAL_SHAVING_RAZOR,2020-02-09,1581260400
2454,R_d5O7dqvA1EWCrPb,HAIR_CLIP,2020-02-09,1581260400
2455,R_d5O7dqvA1EWCrPb,SHOES,2020-02-09,1581260400
2456,R_e387De1jF0gN2OB,VITAMIN,2020-02-09,1581260400
2457,R_plnyqyltsGtao9P,SHOES,2020-02-09,1581260400
2458,R_sotmrGe7Rv3U10J,SNACK_FOOD_BAR,2020-02-09,1581260400
2459,R_xc0AiqTlV5cTvZn,VEHICLE_BUMPER,2020-02-09,1581260400
2460,R_xc0AiqTlV5cTvZn,SKIN_CLEANING_AGENT,2020-02-09,1581260400
2461,R_yrLrYUf4oFzOnjb,SNACK_FOOD_BAR,2020-02-09,1581260400
2462,R_yrLrYUf4oFzOnjb,SCREEN_PROTECTOR,2020-02-09,1581260400
2463,R_yrLrYUf4oFzOnjb,DISHWASHER_DETERGENT,2020-02-09,1581260400
2464,R_yrLrYUf4oFzOnjb,SKIN_MOISTURIZER,2020-02-09,1581260400
2465,R_10uU7A3PqkL1i0o,HEALTH_PERSONAL_CARE,2020-02-10,1581346800
2466,R_10uU7A3PqkL1i0o,WINDOW_SHADE,2020-02-10,1581346800
2467,R_129jUlsvVcVBDur,MEDICATION,2020-02-10,1581346800
2468,R_129jUlsvVcVBDur,VALVE,2020-02-10,1581346800
2469,R_129jUlsvVcVBDur,AV_SIGNAL_SWITCH,2020-02-10,1581346800
2470,R_1C4nKyrv0w2thJn,ABIS_BOOK,2020-02-10,1581346800
2471,R_1C4nKyrv0w2thJn,TRACTION_CLEAT,2020-02-10,1581346800
2472,R_1C4nKyrv0w2thJn,TRACTION_CLEAT,2020-02-10,1581346800
2473,R_1C4nKyrv0w2thJn,SEASONING,2020-02-10,1581346800
2474,R_1DOwHkGiX8DX7mF,TABLECLOTH,2020-02-10,1581346800
2475,R_1GVN63HjPpVXPEx,SHIRT,2020-02-10,1581346800
2476,R_1GVsIStj8gTkbIE,CELLULAR_PHONE_CASE,2020-02-10,1581346800
2477,R_1GVsIStj8gTkbIE,NUTRITIONAL_SUPPLEMENT,2020-02-10,1581346800
2478,R_1GWHQwmLGiIkYBH,PANTS,2020-02-10,1581346800
2479,R_1Hena1rUph3TnA3,VITAMIN,2020-02-10,1581346800
2480,R_1I6meOeB0piHEX8,VITAMIN,2020-02-10,1581346800
2481,R_1IaYiTSaUaD2W2i,FOOD_WRAP,2020-02-10,1581346800
2482,R_1KxVDxZl2H0XoHS,GROCERY,2020-02-10,1581346800
2483,R_1KxVDxZl2H0XoHS,SKIN_CLEANING_AGENT,2020-02-10,1581346800
2484,R_1MTbVUzYEQq2MzU,GUN_CLEANING_KIT,2020-02-10,1581346800
2485,R_1MY7yxvExjQWTkv,BATTERY,2020-02-10,1581346800
2486,R_1OlyKZYuQUE5Cgc,PET_SUPPLIES,2020-02-10,1581346800
2487,R_1PUcgnVG2i0EBz4,SHOES,2020-02-10,1581346800
2488,R_1PUcgnVG2i0EBz4,VEHICLE_SCAN_TOOL,2020-02-10,1581346800
2489,R_1PUcgnVG2i0EBz4,SHIRT,2020-02-10,1581346800
2490,R_1PUcgnVG2i0EBz4,SKIN_CLEANING_AGENT,2020-02-10,1581346800
2491,R_1PUcgnVG2i0EBz4,HEADPHONES,2020-02-10,1581346800
2492,R_1QKu8qtvgo0d1uS,HEALTH_PERSONAL_CARE,2020-02-10,1581346800
2493,R_1gjdRVy7DXPMldc,ELECTRONIC_CABLE,2020-02-10,1581346800
2494,R_1gjdRVy7DXPMldc,PET_FOOD,2020-02-10,1581346800
2495,R_1hMV4AHCk04WO5V,PHYSICAL_MOVIE,2020-02-10,1581346800
2496,R_1hMV4AHCk04WO5V,MEDICATION,2020-02-10,1581346800
2497,R_1ig4LC2I0cwMCHk,NUTRITIONAL_SUPPLEMENT,2020-02-10,1581346800
2498,R_1jARg5bGH5uqAKW,TEXTILE_DEODORIZER,2020-02-10,1581346800
2499,R_1jZkLNE1JdtyVpH,PET_FOOD,2020-02-10,1581346800
2500,R_1jZkLNE1JdtyVpH,ANIMAL_NUTRITIONAL_SUPPLEMENT,2020-02-10,1581346800
2501,R_1jZkLNE1JdtyVpH,ELECTRONIC_CABLE,2020-02-10,1581346800
2502,R_1jZkLNE1JdtyVpH,GROCERY,2020-02-10,1581346800
2503,R_1jZkLNE1JdtyVpH,PANTS,2020-02-10,1581346800
2504,R_1jZkLNE1JdtyVpH,LASER_PRINTER_TONER,2020-02-10,1581346800
2505,R_1jZkLNE1JdtyVpH,SHOES,2020-02-10,1581346800
2506,R_1jZkLNE1JdtyVpH,TRAMPOLINE,2020-02-10,1581346800
2507,R_1mQrQ5EFGvbBRLb,HEADPHONES,2020-02-10,1581346800
2508,R_1mQrQ5EFGvbBRLb,ABIS_BOOK,2020-02-10,1581346800
2509,R_1mQrQ5EFGvbBRLb,GROCERY,2020-02-10,1581346800
2510,R_1oFSDeGAQcUN2v8,MANUAL_SHAVING_RAZOR,2020-02-10,1581346800
2511,R_1obwpb6iowh7vew,TOYS_AND_GAMES,2020-02-10,1581346800
2512,R_1obwpb6iowh7vew,SKIN_MOISTURIZER,2020-02-10,1581346800
2513,R_1obwpb6iowh7vew,FOOD_MASHER,2020-02-10,1581346800
2514,R_1pu4x2PBb4LrSWk,BATTERY,2020-02-10,1581346800
2515,R_21uibgT9dgqRD9J,GROCERY,2020-02-10,1581346800
2516,R_22DJIjS0M8yvaYO,SNACK_FOOD_BAR,2020-02-10,1581346800
2517,R_22DJIjS0M8yvaYO,HEADPHONES,2020-02-10,1581346800
2518,R_22DJIjS0M8yvaYO,VITAMIN,2020-02-10,1581346800
2519,R_22DJIjS0M8yvaYO,SCREEN_PROTECTOR,2020-02-10,1581346800
2520,R_22DJIjS0M8yvaYO,VEHICLE_BODY_PANEL,2020-02-10,1581346800
2521,R_22DJIjS0M8yvaYO,HEALTH_PERSONAL_CARE,2020-02-10,1581346800
2522,R_22SxELlmhBQCe1C,HEADPHONES,2020-02-10,1581346800
2523,R_22SxELlmhBQCe1C,SCREEN_PROTECTOR,2020-02-10,1581346800
2524,R_22nS4Bu8Q3B84gf,SYRUP,2020-02-10,1581346800
2525,R_248iRXgLLXgwGMZ,MEDICATION,2020-02-10,1581346800
2526,R_248iRXgLLXgwGMZ,NUTRITIONAL_SUPPLEMENT,2020-02-10,1581346800
2527,R_24MKoSmvuiLEI76,GROCERY,2020-02-10,1581346800
2528,R_24csoaO569P4Yzz,PANTS,2020-02-10,1581346800
2529,R_24csoaO569P4Yzz,PANTS,2020-02-10,1581346800
2530,R_24csoaO569P4Yzz,GROCERY,2020-02-10,1581346800
2531,R_25z5LHPaAsxktx7,HEADPHONES,2020-02-10,1581346800
2532,R_26nB6rfoaXIEb6Z,SWEATBAND,2020-02-10,1581346800
2533,R_29oUfTgQ6sWbFG2,COFFEE,2020-02-10,1581346800
2534,R_29oUfTgQ6sWbFG2,MEDICATION,2020-02-10,1581346800
2535,R_29oUfTgQ6sWbFG2,SCREEN_PROTECTOR,2020-02-10,1581346800
2536,R_2ASBFgthVbaGlF3,UTILITY_SPONGE,2020-02-10,1581346800
2537,R_2ASBFgthVbaGlF3,GARMENT_PROTECTOR_COVER,2020-02-10,1581346800
2538,R_2BsOEd1kkGunQti,HEALTH_PERSONAL_CARE,2020-02-10,1581346800
2539,R_2BsOEd1kkGunQti,HEADPHONES,2020-02-10,1581346800
2540,R_2CJ9tQVGVUnaesS,PERSONAL_PILL_DISPENSER,2020-02-10,1581346800
2541,R_2EgloEvdjU98Rhc,SAFETY_MASK_REPLACEMENT_FILTER,2020-02-10,1581346800
2542,R_2En0sbvQ7s48ufv,ENGINE_COMPONENT_CAP,2020-02-10,1581346800
2543,R_2En0sbvQ7s48ufv,SKIN_CLEANING_AGENT,2020-02-10,1581346800
2544,R_2En0sbvQ7s48ufv,SHORTS,2020-02-10,1581346800
2545,R_2QQl58nFfrZayxf,DIGITAL_DEVICE_7,2020-02-10,1581346800
2546,R_2QQl58nFfrZayxf,RAM_MEMORY,2020-02-10,1581346800
2547,R_2QQl58nFfrZayxf,GROCERY,2020-02-10,1581346800
2548,R_2QQl58nFfrZayxf,ABIS_BOOK,2020-02-10,1581346800
2549,R_2QQl58nFfrZayxf,SHIRT,2020-02-10,1581346800
2550,R_2QX9bXWJvSVIbXl,ABIS_BOOK,2020-02-10,1581346800
2551,R_2QX9bXWJvSVIbXl,SCREEN_PROTECTOR,2020-02-10,1581346800
2552,R_2RUDh7piHU7frzt,VITAMIN,2020-02-10,1581346800
2553,R_2RUDh7piHU7frzt,HAMMOCK,2020-02-10,1581346800
2554,R_2RVXjEovu4Y1yen,ELECTRONIC_CABLE,2020-02-10,1581346800
2555,R_2TL7w44l8M5vEok,GARBAGE_DISPOSAL_UNIT,2020-02-10,1581346800
2556,R_2UaV2vSZDxrE35n,VEHICLE_MIRROR,2020-02-10,1581346800
2557,R_2UaV2vSZDxrE35n,COFFEE,2020-02-10,1581346800
2558,R_2VyUSFk11bbTVej,HEADPHONES,2020-02-10,1581346800
2559,R_2WumP0iKDvwiM2r,MEDICATION,2020-02-10,1581346800
2560,R_2WumP0iKDvwiM2r,TOYS_AND_GAMES,2020-02-10,1581346800
2561,R_2WumP0iKDvwiM2r,ELECTRONIC_CABLE,2020-02-10,1581346800
2562,R_2WumP0iKDvwiM2r,SHIRT,2020-02-10,1581346800
2563,R_2YKPfnktaDrPIYT,COFFEE,2020-02-10,1581346800
2564,R_2YKPfnktaDrPIYT,HEADPHONES,2020-02-10,1581346800
2565,R_2YKPfnktaDrPIYT,TOPICAL_HAIR_REGROWTH_TREATMENT,2020-02-10,1581346800
2566,R_2YKPfnktaDrPIYT,PANTS,2020-02-10,1581346800
2567,R_2YKPfnktaDrPIYT,SKIN_MOISTURIZER,2020-02-10,1581346800
2568,R_2YKPfnktaDrPIYT,PROFESSIONAL_HEALTHCARE,2020-02-10,1581346800
2569,R_2YKPfnktaDrPIYT,BATTERY,2020-02-10,1581346800
2570,R_2YKPfnktaDrPIYT,PHYSICAL_MOVIE,2020-02-10,1581346800
2571,R_2YKPfnktaDrPIYT,HEALTH_PERSONAL_CARE,2020-02-10,1581346800
2572,R_2aldwxmUZox7Yfd,SKIN_CLEANING_AGENT,2020-02-10,1581346800
2573,R_2aldwxmUZox7Yfd,SONAR_FATHOMETER,2020-02-10,1581346800
2574,R_2aldwxmUZox7Yfd,PHYSICAL_MOVIE,2020-02-10,1581346800
2575,R_2aldwxmUZox7Yfd,ELECTRONIC_CABLE,2020-02-10,1581346800
2576,R_2dFHfsIqQ6eEtVW,SPOON_REST,2020-02-10,1581346800
2577,R_2e9e8lhWqVtpb7m,SCREEN_PROTECTOR,2020-02-10,1581346800
2578,R_2e9e8lhWqVtpb7m,SCREEN_PROTECTOR,2020-02-10,1581346800
2579,R_2e9e8lhWqVtpb7m,COFFEE_MAKER,2020-02-10,1581346800
2580,R_2mAJniG0xVBIInL,BATTERY,2020-02-10,1581346800
2581,R_2mAJniG0xVBIInL,SKIN_CLEANING_AGENT,2020-02-10,1581346800
2582,R_2mAJniG0xVBIInL,LIGHT_BULB,2020-02-10,1581346800
2583,R_2q2hekIiutgInrE,GROCERY,2020-02-10,1581346800
2584,R_2q2hekIiutgInrE,NUT_AND_SEED,2020-02-10,1581346800
2585,R_2sbf0hqTGFb880u,HEADPHONES,2020-02-10,1581346800
2586,R_2sbf0hqTGFb880u,BAR_CODE_READER,2020-02-10,1581346800
2587,R_2sbf0hqTGFb880u,GROCERY,2020-02-10,1581346800
2588,R_2ugDyrE1yi1FjvH,SHOES,2020-02-10,1581346800
2589,R_2vYO5d3Ry8qjf5g,HAIR_COMB,2020-02-10,1581346800
2590,R_2vYO5d3Ry8qjf5g,DOORSTOP,2020-02-10,1581346800
2591,R_2vYO5d3Ry8qjf5g,SNACK_FOOD_BAR,2020-02-10,1581346800
2592,R_2w6Kv77UCoeyLbP,NUTRITIONAL_SUPPLEMENT,2020-02-10,1581346800
2593,R_2wmCdm6ETy6g3k0,SHOES,2020-02-10,1581346800
2594,R_2xzc7JBNEgYNAqY,SKIN_MOISTURIZER,2020-02-10,1581346800
2595,R_2xzc7JBNEgYNAqY,VEHICLE_MOLDING,2020-02-10,1581346800
2596,R_2xzc7JBNEgYNAqY,SNACK_FOOD_BAR,2020-02-10,1581346800
2597,R_2xzc7JBNEgYNAqY,PEN_MARKER_INK_CARTRIDGE_REFILL,2020-02-10,1581346800
2598,R_2xzc7JBNEgYNAqY,NUTRITIONAL_SUPPLEMENT,2020-02-10,1581346800
2599,R_2xzc7JBNEgYNAqY,STEP_STOOL,2020-02-10,1581346800
2600,R_2xzc7JBNEgYNAqY,SCULPTING_MATERIAL,2020-02-10,1581346800
2601,R_2zD58KSXqhHfp5e,WRENCH,2020-02-10,1581346800
2602,R_301uq7vv7YTe7qQ,CELLULAR_PHONE_CASE,2020-02-10,1581346800
2603,R_301uq7vv7YTe7qQ,ABIS_HOME_IMPROVEMENT,2020-02-10,1581346800
2604,R_3093m6Spz9VzxAK,ABIS_BOOK,2020-02-10,1581346800
2605,R_3093m6Spz9VzxAK,HEADPHONES,2020-02-10,1581346800
2606,R_3093m6Spz9VzxAK,ABIS_BOOK,2020-02-10,1581346800
2607,R_31T8fMuMzphe1sL,CELLULAR_PHONE_CASE,2020-02-10,1581346800
2608,R_31XTJUT1qHoBGRZ,BATTERY,2020-02-10,1581346800
2609,R_31ZxYxyOSie94bK,PHYSICAL_MOVIE,2020-02-10,1581346800
2610,R_31ZxYxyOSie94bK,COOKIE,2020-02-10,1581346800
2611,R_31ZxYxyOSie94bK,HEALTH_PERSONAL_CARE,2020-02-10,1581346800
2612,R_31ZxYxyOSie94bK,BATTERY,2020-02-10,1581346800
2613,R_31n2MLk9w05iLzN,BOTTLE_OPENER,2020-02-10,1581346800
2614,R_325wPQDFbzpv3zZ,SKIN_CLEANING_AGENT,2020-02-10,1581346800
2615,R_325wPQDFbzpv3zZ,PHYSICAL_MOVIE,2020-02-10,1581346800
2616,R_33dxSOlpYwYOjFE,FAUCET,2020-02-10,1581346800
2617,R_3Em4Q2OBHB3m5rz,PET_FOOD,2020-02-10,1581346800
2618,R_3FRSHAzxtL6ifms,HAIR_COLORING_AGENT,2020-02-10,1581346800
2619,R_3FRSHAzxtL6ifms,SHOES,2020-02-10,1581346800
2620,R_3G1gYo1d23Zq8Np,ADHESIVE_TAPES,2020-02-10,1581346800
2621,R_3G1gYo1d23Zq8Np,WIRELESS_ACCESSORY,2020-02-10,1581346800
2622,R_3G1gYo1d23Zq8Np,SKIN_MOISTURIZER,2020-02-10,1581346800
2623,R_3G1gYo1d23Zq8Np,ADHESIVE_TAPES,2020-02-10,1581346800
2624,R_3GD1CL4OyjglmbZ,MEDICATION,2020-02-10,1581346800
2625,R_3JFAj4jTW4qftb2,CELLULAR_PHONE_CASE,2020-02-10,1581346800
2626,R_3JFAj4jTW4qftb2,DAIRY_BASED_YOGURT,2020-02-10,1581346800
2627,R_3JFAj4jTW4qftb2,SCREEN_PROTECTOR,2020-02-10,1581346800
2628,R_3JFAj4jTW4qftb2,TILE,2020-02-10,1581346800
2629,R_3JFAj4jTW4qftb2,SKIN_CLEANING_AGENT,2020-02-10,1581346800
2630,R_3JFAj4jTW4qftb2,LAB_SUPPLY,2020-02-10,1581346800
2631,R_3L8dgu12mdk2UVH,PHYSICAL_MOVIE,2020-02-10,1581346800
2632,R_3L8dgu12mdk2UVH,CELLULAR_PHONE_CASE,2020-02-10,1581346800
2633,R_3L8dgu12mdk2UVH,SHOWERHEAD,2020-02-10,1581346800
2634,R_3MnSLQdJkly3wfg,VACUUM_FILTER,2020-02-10,1581346800
2635,R_3PAyJj7mQvMzMco,ANIMAL_NUTRITIONAL_SUPPLEMENT,2020-02-10,1581346800
2636,R_3dN6S4adN4KjQO1,GROCERY,2020-02-10,1581346800
2637,R_3e82J7pYxj5XP7j,TILE,2020-02-10,1581346800
2638,R_3e82J7pYxj5XP7j,SNACK_FOOD_BAR,2020-02-10,1581346800
2639,R_3e82J7pYxj5XP7j,TILE,2020-02-10,1581346800
2640,R_3e82J7pYxj5XP7j,ELECTRONIC_CABLE,2020-02-10,1581346800
2641,R_3iJyVGzX7fyajRz,FOOD_STORAGE_BAG,2020-02-10,1581346800
2642,R_3iJyVGzX7fyajRz,ABIS_BOOK,2020-02-10,1581346800
2643,R_3iJyVGzX7fyajRz,KITCHEN,2020-02-10,1581346800
2644,R_3iJyVGzX7fyajRz,SKIN_PROTECTANT,2020-02-10,1581346800
2645,R_3jSAmu0UzDwnhQD,SKIN_CLEANING_AGENT,2020-02-10,1581346800
2646,R_3lt1ZPBv09u1seD,HEALTH_PERSONAL_CARE,2020-02-10,1581346800
2647,R_3lt1ZPBv09u1seD,CAR_ALARM,2020-02-10,1581346800
2648,R_3lt1ZPBv09u1seD,EARRING,2020-02-10,1581346800
2649,R_3lt1ZPBv09u1seD,SNOW_PANT,2020-02-10,1581346800
2650,R_3n5zOvmozURNzXz,HEADPHONES,2020-02-10,1581346800
2651,R_3n5zOvmozURNzXz,HEALTH_PERSONAL_CARE,2020-02-10,1581346800
2652,R_3nqGVGe1oo00hRC,SNACK_FOOD_BAR,2020-02-10,1581346800
2653,R_3oO3DoeTgXHrEzx,BATTERY,2020-02-10,1581346800
2654,R_3oO3DoeTgXHrEzx,MEDICATION,2020-02-10,1581346800
2655,R_3oO3DoeTgXHrEzx,FILE_FOLDER,2020-02-10,1581346800
2656,R_3pm4Od2kUSXlZgY,ELECTRONIC_CABLE,2020-02-10,1581346800
2657,R_3pm4Od2kUSXlZgY,REINFORCED_ART_SURFACE,2020-02-10,1581346800
2658,R_3pm4Od2kUSXlZgY,BRAKE_ROTOR,2020-02-10,1581346800
2659,R_3rV7kPHe9hVsMee,VITAMIN,2020-02-10,1581346800
2660,R_3rV7kPHe9hVsMee,SNACK_FOOD_BAR,2020-02-10,1581346800
2661,R_3s60LmlFm5fAEP5,TAPE_MEASURE,2020-02-10,1581346800
2662,R_3s60LmlFm5fAEP5,HEALTH_PERSONAL_CARE,2020-02-10,1581346800
2663,R_3socPWD3wXD0iDP,ABIS_BOOK,2020-02-10,1581346800
2664,R_4PhRzF4UI9ooLh7,TOGGLE_SWITCH,2020-02-10,1581346800
2665,R_4YjfHl0af8gN30Z,PHYSICAL_MOVIE,2020-02-10,1581346800
2666,R_6Jw0sPgGkHLnKkp,TOYS_AND_GAMES,2020-02-10,1581346800
2667,R_6Jw0sPgGkHLnKkp,CELLULAR_PHONE_CASE,2020-02-10,1581346800
2668,R_6RpwKYK0Mr2zKBH,BREAKFAST_CEREAL,2020-02-10,1581346800
2669,R_6RpwKYK0Mr2zKBH,CLEANING_AGENT,2020-02-10,1581346800
2670,R_8cr0J12EMKs9NND,SHOES,2020-02-10,1581346800
2671,R_8cr0J12EMKs9NND,TOYS_AND_GAMES,2020-02-10,1581346800
2672,R_8cr0J12EMKs9NND,BATTERY,2020-02-10,1581346800
2673,R_8cr0J12EMKs9NND,GROCERY,2020-02-10,1581346800
2674,R_8pMsG4P0RqzoSlz,SHOES,2020-02-10,1581346800
2675,R_8vnpSkm79W7Jsv7,ELECTRONIC_SIGNAL_CONVERTER,2020-02-10,1581346800
2676,R_9L8Lum5AaHh6bq9,SNACK_FOOD_BAR,2020-02-10,1581346800
2677,R_9L8Lum5AaHh6bq9,CHARM,2020-02-10,1581346800
2678,R_9ppTjfBQZZs42WJ,ABIS_BOOK,2020-02-10,1581346800
2679,R_AEBbAiW2xdXI2at,SKIN_CLEANING_AGENT,2020-02-10,1581346800
2680,R_AEBbAiW2xdXI2at,ANIMAL_VITAMIN,2020-02-10,1581346800
2681,R_Ap2HcvpPLRDJv9L,TIRE_VALVE_STEM_CAP,2020-02-10,1581346800
2682,R_Ap2HcvpPLRDJv9L,HEADPHONES,2020-02-10,1581346800
2683,R_Ap2HcvpPLRDJv9L,CURTAIN,2020-02-10,1581346800
2684,R_ApVmIUhdKhewFtn,UTILITY_SPONGE,2020-02-10,1581346800
2685,R_OdTirYYBS6ms6nn,PANTS,2020-02-10,1581346800
2686,R_OkSi9IxX5ddzzl7,PHYSICAL_MOVIE,2020-02-10,1581346800
2687,R_OkSi9IxX5ddzzl7,HEADPHONES,2020-02-10,1581346800
2688,R_PwlnzzccUMXV0n7,HEADPHONES,2020-02-10,1581346800
2689,R_RlYyUhsDFvyGwX7,SKIN_MOISTURIZER,2020-02-10,1581346800
2690,R_Y4jCkfTFzvtw5SF,GROCERY,2020-02-10,1581346800
2691,R_ZkokwdIEZybYo9z,FOOD_WRAP,2020-02-10,1581346800
2692,R_bw2nQ0iRh2wCa8p,LIGHT_BULB,2020-02-10,1581346800
2693,R_pMnqpu31myYoxy1,ABIS_BOOK,2020-02-10,1581346800
2694,R_pRWnSKTREPIwpSF,SCREEN_PROTECTOR,2020-02-10,1581346800
2695,R_puS9dcuNnDHSZ8Z,GROCERY,2020-02-10,1581346800
2696,R_puS9dcuNnDHSZ8Z,GROCERY,2020-02-10,1581346800
2697,R_sM3qX7I1tHzvU09,TOOTHBRUSH,2020-02-10,1581346800
2698,R_sM3qX7I1tHzvU09,FERTILIZER,2020-02-10,1581346800
2699,R_sM3qX7I1tHzvU09,TOOTHBRUSH,2020-02-10,1581346800
2700,R_sotmrGe7Rv3U10J,SKIN_CLEANING_AGENT,2020-02-10,1581346800
2701,R_sotmrGe7Rv3U10J,CELLULAR_PHONE_CASE,2020-02-10,1581346800
2702,R_sotmrGe7Rv3U10J,PANTS,2020-02-10,1581346800
2703,R_u99XwBV1boyooXT,STANDALONE_STREAMING_MEDIA_PLAYER,2020-02-10,1581346800
2704,R_vBkhPDT0skiOO2J,PHYSICAL_MOVIE,2020-02-10,1581346800
2705,R_vBkhPDT0skiOO2J,ELECTRONIC_CABLE,2020-02-10,1581346800
2706,R_yC5ffbdBLVi93Pz,NUTRITIONAL_SUPPLEMENT,2020-02-10,1581346800
2707,R_yRaAO89bhwJb9xD,SINGLE_BOARD_COMPUTER,2020-02-10,1581346800
2708,R_zfnsck2ZatnGtY5,SKIN_MOISTURIZER,2020-02-10,1581346800
2709,R_0pRmRjHkwStzNQJ,PHYSICAL_MOVIE,2020-02-11,1581433200
2710,R_10CAlrx7dbJty9R,PET_FOOD,2020-02-11,1581433200
2711,R_10TA7pCDmelHi5H,PET_FOOD,2020-02-11,1581433200
2712,R_10TV1zyi4yCEEkl,VITAMIN,2020-02-11,1581433200
2713,R_10TV1zyi4yCEEkl,SOUND_AND_RECORDING_EQUIPMENT,2020-02-11,1581433200
2714,R_10TV1zyi4yCEEkl,SHIRT,2020-02-11,1581433200
2715,R_10wSqGFumZGSTmH,HAIR_STYLING_AGENT,2020-02-11,1581433200
2716,R_1C4nKyrv0w2thJn,CELLULAR_PHONE_CASE,2020-02-11,1581433200
2717,R_1C4nKyrv0w2thJn,OTTOMAN,2020-02-11,1581433200
2718,R_1C4nKyrv0w2thJn,SHOES,2020-02-11,1581433200
2719,R_1C4tcyEfmcsKI9X,ABIS_BOOK,2020-02-11,1581433200
2720,R_1C4tcyEfmcsKI9X,APPAREL_BELT,2020-02-11,1581433200
2721,R_1C4tcyEfmcsKI9X,SKIN_MOISTURIZER,2020-02-11,1581433200
2722,R_1C4tcyEfmcsKI9X,ABIS_BOOK,2020-02-11,1581433200
2723,R_1Cd5zmz07X5BqKa,SCREEN_PROTECTOR,2020-02-11,1581433200
2724,R_1Cd5zmz07X5BqKa,ELECTRONIC_SENSOR,2020-02-11,1581433200
2725,R_1Cd5zmz07X5BqKa,NUTRITIONAL_SUPPLEMENT,2020-02-11,1581433200
2726,R_1CjWIsByjtP0GxZ,BODY_CARE_PRODUCT,2020-02-11,1581433200
2727,R_1DJdUrYA1I0QAKh,ELECTRONIC_CABLE,2020-02-11,1581433200
2728,R_1DYjkc1gJNvrzzL,SYRINGE,2020-02-11,1581433200
2729,R_1E3TJBNJVtr3tcD,PET_FOOD,2020-02-11,1581433200
2730,R_1E3TJBNJVtr3tcD,PANTS,2020-02-11,1581433200
2731,R_1IZBlduDFUJEphM,HANGING_ROD,2020-02-11,1581433200
2732,R_1IZBlduDFUJEphM,PARTY_DECORATION_PACK,2020-02-11,1581433200
2733,R_1IZBlduDFUJEphM,BATTERY,2020-02-11,1581433200
2734,R_1KxVDxZl2H0XoHS,SNACK_FOOD_BAR,2020-02-11,1581433200
2735,R_1LFmho6mBajcceh,HOME_BED_AND_BATH,2020-02-11,1581433200
2736,R_1MTbVUzYEQq2MzU,PROTEIN_SUPPLEMENT_POWDER,2020-02-11,1581433200
2737,R_1MTbVUzYEQq2MzU,BOOT,2020-02-11,1581433200
2738,R_1MTbVUzYEQq2MzU,ELECTRONIC_CABLE,2020-02-11,1581433200
2739,R_1OlyKZYuQUE5Cgc,UTILITY_SPONGE,2020-02-11,1581433200
2740,R_1Oov0G05pkQnKNn,HEADPHONES,2020-02-11,1581433200
2741,R_1Oov0G05pkQnKNn,LOCK,2020-02-11,1581433200
2742,R_1P0kCmz0zdMSEld,SCREEN_PROTECTOR,2020-02-11,1581433200
2743,R_1Q9JeeKncbbLcz0,SNACK_FOOD_BAR,2020-02-11,1581433200
2744,R_1Q9JeeKncbbLcz0,CHEWING_GUM,2020-02-11,1581433200
2745,R_1dFu7LeBJE3Wd6p,SHOCK_ABSORBER,2020-02-11,1581433200
2746,R_1dKBjc0UTA0ZiYb,HEALTH_PERSONAL_CARE,2020-02-11,1581433200
2747,R_1daE3vUDxFrSw4I,FOOD_GLITTER_SPRINKLE,2020-02-11,1581433200
2748,R_1eEsLZ6SYLsIG0s,PANTS,2020-02-11,1581433200
2749,R_1gU6N4NRSwc9ONd,SCREEN_PROTECTOR,2020-02-11,1581433200
2750,R_1gdxq5ThtPhD06I,HEADPHONES,2020-02-11,1581433200
2751,R_1gjdRVy7DXPMldc,PHYSICAL_MOVIE,2020-02-11,1581433200
2752,R_1gq1l7L7YXNcp13,ABIS_BOOK,2020-02-11,1581433200
2753,R_1jUqdfR1Zz6mZMf,SOLDERING_IRON,2020-02-11,1581433200
2754,R_1jUqdfR1Zz6mZMf,HEADPHONES,2020-02-11,1581433200
2755,R_1jUqdfR1Zz6mZMf,MULTIPORT_HUB,2020-02-11,1581433200
2756,R_1jd0U0OjvEcZEcw,COOLING_RACK,2020-02-11,1581433200
2757,R_1lxYa2W6GgcAQ19,CELLULAR_PHONE_CASE,2020-02-11,1581433200
2758,R_1meX9dBVU2swMtm,SKIN_CARE_AGENT,2020-02-11,1581433200
2759,R_1meX9dBVU2swMtm,SCREEN_PROTECTOR,2020-02-11,1581433200
2760,R_1meX9dBVU2swMtm,WATER_PUMP,2020-02-11,1581433200
2761,R_1mxX9jjBSLwxiDU,VITAMIN,2020-02-11,1581433200
2762,R_1oFRyes3ggnKU4B,HEALTH_PERSONAL_CARE,2020-02-11,1581433200
2763,R_1oFRyes3ggnKU4B,NUTRITIONAL_SUPPLEMENT,2020-02-11,1581433200
2764,R_1oFRyes3ggnKU4B,CELLULAR_PHONE_CASE,2020-02-11,1581433200
2765,R_1oFRyes3ggnKU4B,ORTHOPEDIC_BRACE,2020-02-11,1581433200
2766,R_1q4eVtHN10S5gPB,SECURITY_ELECTRONICS,2020-02-11,1581433200
2767,R_1qdM6yLQigCFrkd,GROCERY,2020-02-11,1581433200
2768,R_1qdM6yLQigCFrkd,PANTS,2020-02-11,1581433200
2769,R_1qdM6yLQigCFrkd,SEXUAL_STIMULATION_DEVICE,2020-02-11,1581433200
2770,R_1qdM6yLQigCFrkd,PET_FOOD,2020-02-11,1581433200
2771,R_1qdM6yLQigCFrkd,CELLULAR_PHONE_CASE,2020-02-11,1581433200
2772,R_1rr9XOz2pHFyWi3,PANTS,2020-02-11,1581433200
2773,R_1rr9XOz2pHFyWi3,ABIS_BOOK,2020-02-11,1581433200
2774,R_20TAzxGcUSMw2Gy,PET_TOY,2020-02-11,1581433200
2775,R_23enipHqTsjcQfN,NUTS,2020-02-11,1581433200
2776,R_23enipHqTsjcQfN,MECHANICAL_LIGHTER,2020-02-11,1581433200
2777,R_23enipHqTsjcQfN,MECHANICAL_LIGHTER,2020-02-11,1581433200
2778,R_23enipHqTsjcQfN,PHYSICAL_MOVIE,2020-02-11,1581433200
2779,R_23enipHqTsjcQfN,PHYSICAL_MOVIE,2020-02-11,1581433200
2780,R_248iRXgLLXgwGMZ,SEASONING_MILL,2020-02-11,1581433200
2781,R_248iRXgLLXgwGMZ,FABRIC,2020-02-11,1581433200
2782,R_248iRXgLLXgwGMZ,ABIS_BOOK,2020-02-11,1581433200
2783,R_24MKoSmvuiLEI76,SHOES,2020-02-11,1581433200
2784,R_24MKoSmvuiLEI76,TOOTHBRUSH,2020-02-11,1581433200
2785,R_24bE9NTxiBf6v2b,FLAT_SHEET,2020-02-11,1581433200
2786,R_24bE9NTxiBf6v2b,GROCERY,2020-02-11,1581433200
2787,R_24bE9NTxiBf6v2b,BATTERY,2020-02-11,1581433200
2788,R_24bE9NTxiBf6v2b,BARBECUE_GRILL,2020-02-11,1581433200
2789,R_24vf4xIuT0kGsZ3,HOME_LIGHTING_ACCESSORY,2020-02-11,1581433200
2790,R_25KMnVsE9ynaHcA,BISS,2020-02-11,1581433200
2791,R_277i50HinKYVoY9,ABIS_BOOK,2020-02-11,1581433200
2792,R_279ENCaNyRMf98u,CELLULAR_PHONE_CASE,2020-02-11,1581433200
2793,R_27DL80quzRiSEmq,SHOES,2020-02-11,1581433200
2794,R_28ANyXf1czOlXey,PET_FOOD,2020-02-11,1581433200
2795,R_28ANyXf1czOlXey,CELLULAR_PHONE_CASE,2020-02-11,1581433200
2796,R_28ANyXf1czOlXey,MOTOR_ENGINE_FUEL_TANK,2020-02-11,1581433200
2797,R_28SckJ1LanzFPvD,COSMETIC_NAIL_SET,2020-02-11,1581433200
2798,R_2AXrxS8YlU9cken,ABIS_BOOK,2020-02-11,1581433200
2799,R_2AXrxS8YlU9cken,SNACK_FOOD_BAR,2020-02-11,1581433200
2800,R_2AXrxS8YlU9cken,CAMERA_STAGE_LIGHTING_MODIFIER,2020-02-11,1581433200
2801,R_2B38co9cwVRvVZA,BATTERY,2020-02-11,1581433200
2802,R_2CVxHRKIkQ8pd1C,HEALTH_PERSONAL_CARE,2020-02-11,1581433200
2803,R_2E9JSBmmNNT5YMi,SHIRT,2020-02-11,1581433200
2804,R_2EglJpTWGEiwQYa,PET_FOOD,2020-02-11,1581433200
2805,R_2R3ayuIYVgX07CZ,TOILET_PAPER,2020-02-11,1581433200
2806,R_2R3ayuIYVgX07CZ,SHIRT,2020-02-11,1581433200
2807,R_2R3ayuIYVgX07CZ,MEDICATION,2020-02-11,1581433200
2808,R_2R3ayuIYVgX07CZ,GROCERY,2020-02-11,1581433200
2809,R_2R3ayuIYVgX07CZ,TOILET_PAPER,2020-02-11,1581433200
2810,R_2Ser7goSgo0gVBj,SECURITY_CAMERA,2020-02-11,1581433200
2811,R_2VC0DIxeSbfkTsv,SELF_DEFENSE_SPRAY,2020-02-11,1581433200
2812,R_2WAagX64hf1kdMI,CELLULAR_PHONE_CASE,2020-02-11,1581433200
2813,R_2WAagX64hf1kdMI,ELECTRONIC_CABLE,2020-02-11,1581433200
2814,R_2WAagX64hf1kdMI,MEDICATION,2020-02-11,1581433200
2815,R_2WAagX64hf1kdMI,MEDICATION,2020-02-11,1581433200
2816,R_2WAagX64hf1kdMI,ELECTRONIC_CABLE,2020-02-11,1581433200
2817,R_2WAagX64hf1kdMI,HEADPHONES,2020-02-11,1581433200
2818,R_2Xj7LtCe2Mt8jNi,UTILITY_MAGNET,2020-02-11,1581433200
2819,R_2XoI6KbLJRGFz5X,FLAME_WICK,2020-02-11,1581433200
2820,R_2XoI6KbLJRGFz5X,BICYCLE,2020-02-11,1581433200
2821,R_2YKPfnktaDrPIYT,NETWORK_SWITCH,2020-02-11,1581433200
2822,R_2ZTFfLAcuwm22Yh,BATTERY,2020-02-11,1581433200
2823,R_2ZTFfLAcuwm22Yh,SKIN_CLEANING_AGENT,2020-02-11,1581433200
2824,R_2aldwxmUZox7Yfd,ADHESIVE_TAPES,2020-02-11,1581433200
2825,R_2aldwxmUZox7Yfd,MICROSCOPES,2020-02-11,1581433200
2826,R_2aldwxmUZox7Yfd,SCARF,2020-02-11,1581433200
2827,R_2cvmrv8q51q8yh1,SHIRT,2020-02-11,1581433200
2828,R_2dvh9tu7PLPeipE,PANTS,2020-02-11,1581433200
2829,R_2dvh9tu7PLPeipE,NUTRITIONAL_SUPPLEMENT,2020-02-11,1581433200
2830,R_2e9e8lhWqVtpb7m,DUFFEL_BAG,2020-02-11,1581433200
2831,R_2e9e8lhWqVtpb7m,PAW_HOOF_PROTECTOR,2020-02-11,1581433200
2832,R_2fxhde3AmAoBQBS,TOY_SLIME,2020-02-11,1581433200
2833,R_2fxhde3AmAoBQBS,TOYS_AND_GAMES,2020-02-11,1581433200
2834,R_2fxhde3AmAoBQBS,SHOE_POLISH,2020-02-11,1581433200
2835,R_2fxhde3AmAoBQBS,PHYSICAL_MOVIE,2020-02-11,1581433200
2836,R_2qjAN1lyLAdAxT2,SNACK_FOOD_BAR,2020-02-11,1581433200
2837,R_2rIQ3xPfAH7KF8A,CELLULAR_PHONE_CASE,2020-02-11,1581433200
2838,R_2rVp4uDv9fYIfdd,SHOES,2020-02-11,1581433200
2839,R_2uIMLcJgQmb0v3G,FRESH_CUT_FLOWERS_PLANTS,2020-02-11,1581433200
2840,R_2uQjJxSekSWj3qM,TOYS_AND_GAMES,2020-02-11,1581433200
2841,R_2wmLE1q4FIpfioi,TOYS_AND_GAMES,2020-02-11,1581433200
2842,R_2wzatCV9Z18xLF2,SKIN_CLEANING_AGENT,2020-02-11,1581433200
2843,R_2wzatCV9Z18xLF2,MECHANICAL_COMPONENTS,2020-02-11,1581433200
2844,R_2wzatCV9Z18xLF2,BATTERY,2020-02-11,1581433200
2845,R_2wzatCV9Z18xLF2,SKIN_CLEANING_AGENT,2020-02-11,1581433200
2846,R_2yplkUxhAWZaFUL,BOLTS,2020-02-11,1581433200
2847,R_2yplkUxhAWZaFUL,ANIMAL_WATER_DISPENSER,2020-02-11,1581433200
2848,R_30kPg5opkenrGPb,DAIRY_BASED_CHEESE,2020-02-11,1581433200
2849,R_31ZxYxyOSie94bK,HEALTH_PERSONAL_CARE,2020-02-11,1581433200
2850,R_31ZxYxyOSie94bK,PHYSICAL_MOVIE,2020-02-11,1581433200
2851,R_3D8fwycJF7eksBo,SKIN_EXFOLIANT,2020-02-11,1581433200
2852,R_3D8fwycJF7eksBo,SNACK_FOOD_BAR,2020-02-11,1581433200
2853,R_3D8fwycJF7eksBo,VITAMIN,2020-02-11,1581433200
2854,R_3D8fwycJF7eksBo,SKIN_EXFOLIANT,2020-02-11,1581433200
2855,R_3EQ2dhEXGhy72Xx,PHYSICAL_MOVIE,2020-02-11,1581433200
2856,R_3EQ2dhEXGhy72Xx,DOORSTOP,2020-02-11,1581433200
2857,R_3EQ2dhEXGhy72Xx,SNACK_FOOD_BAR,2020-02-11,1581433200
2858,R_3EQ2dhEXGhy72Xx,SNACK_FOOD_BAR,2020-02-11,1581433200
2859,R_3GD1CL4OyjglmbZ,SNACK_FOOD_BAR,2020-02-11,1581433200
2860,R_3GD1CL4OyjglmbZ,GROCERY,2020-02-11,1581433200
2861,R_3J8UIMbwljBx6df,ELECTRONIC_CABLE,2020-02-11,1581433200
2862,R_3JFAj4jTW4qftb2,DRINKING_CUP,2020-02-11,1581433200
2863,R_3JFAj4jTW4qftb2,SKIN_MOISTURIZER,2020-02-11,1581433200
2864,R_3KCUnPI9FEz7vTo,BATTERY,2020-02-11,1581433200
2865,R_3KCUnPI9FEz7vTo,CAMCORDER,2020-02-11,1581433200
2866,R_3KHiP9QpzA2COVL,ELECTRONIC_ADAPTER,2020-02-11,1581433200
2867,R_3KHiP9QpzA2COVL,SKIN_MOISTURIZER,2020-02-11,1581433200
2868,R_3KHiP9QpzA2COVL,GROCERY,2020-02-11,1581433200
2869,R_3KHiP9QpzA2COVL,FISHING_REEL,2020-02-11,1581433200
2870,R_3KHiP9QpzA2COVL,BRACELET,2020-02-11,1581433200
2871,R_3M3RSZ7wNRSaxNx,HEALTH_PERSONAL_CARE,2020-02-11,1581433200
2872,R_3M3RSZ7wNRSaxNx,CELLULAR_PHONE_CASE,2020-02-11,1581433200
2873,R_3NCfhSJSgGWexUL,PHYSICAL_MOVIE,2020-02-11,1581433200
2874,R_3NCfhSJSgGWexUL,SHIRT,2020-02-11,1581433200
2875,R_3OcPFnYHBC8wrZe,MEDICATION,2020-02-11,1581433200
2876,R_3PAyJj7mQvMzMco,RAZOR_BLADE_CARTRIDGE,2020-02-11,1581433200
2877,R_3PAyJj7mQvMzMco,HAIR_TIE,2020-02-11,1581433200
2878,R_3PAyJj7mQvMzMco,ANIMAL_NUTRITIONAL_SUPPLEMENT,2020-02-11,1581433200
2879,R_3QPk8nnI1s8wilh,HEALTH_PERSONAL_CARE,2020-02-11,1581433200
2880,R_3R3FfvTaRKxigNl,SHIRT,2020-02-11,1581433200
2881,R_3emmbwwsXsxt4Oj,BATTERY,2020-02-11,1581433200
2882,R_3fBmKcLTAgFITMo,AUTO_ACCESSORY,2020-02-11,1581433200
2883,R_3fcOMdQm2jGBLKm,BED_LINEN_SET,2020-02-11,1581433200
2884,R_3h4JnsfebywTUxX,PANTS,2020-02-11,1581433200
2885,R_3hAWVPrKOvOzR1e,HEALTH_PERSONAL_CARE,2020-02-11,1581433200
2886,R_3hAWVPrKOvOzR1e,PET_FOOD,2020-02-11,1581433200
2887,R_3hAWVPrKOvOzR1e,BREAST_PUMP,2020-02-11,1581433200
2888,R_3hAWVPrKOvOzR1e,SHOES,2020-02-11,1581433200
2889,R_3hAWVPrKOvOzR1e,SHIRT,2020-02-11,1581433200
2890,R_3hAWVPrKOvOzR1e,ACCESSORY_OR_PART_OR_SUPPLY,2020-02-11,1581433200
2891,R_3hAWVPrKOvOzR1e,MEDICATION,2020-02-11,1581433200
2892,R_3hAWVPrKOvOzR1e,PET_FOOD,2020-02-11,1581433200
2893,R_3hAWVPrKOvOzR1e,VEHICLE_LIGHTING_CONVERSION_KIT,2020-02-11,1581433200
2894,R_3hAWVPrKOvOzR1e,HOLE_PUNCH,2020-02-11,1581433200
2895,R_3hAWVPrKOvOzR1e,PHYSICAL_MOVIE,2020-02-11,1581433200
2896,R_3hAWVPrKOvOzR1e,SNACK_FOOD_BAR,2020-02-11,1581433200
2897,R_3hAWVPrKOvOzR1e,VITAMIN,2020-02-11,1581433200
2898,R_3hAWVPrKOvOzR1e,CLINICAL_DIAGNOSTIC_TESTING_KIT,2020-02-11,1581433200
2899,R_3hAWVPrKOvOzR1e,ABIS_BOOK,2020-02-11,1581433200
2900,R_3hAWVPrKOvOzR1e,PANTS,2020-02-11,1581433200
2901,R_3hAWVPrKOvOzR1e,ABIS_BOOK,2020-02-11,1581433200
2902,R_3iJyVGzX7fyajRz,BRAKE_ROTOR,2020-02-11,1581433200
2903,R_3iJyVGzX7fyajRz,SKIN_PROTECTANT,2020-02-11,1581433200
2904,R_3p8Rjor8VyZP2Qp,SCREEN_PROTECTOR,2020-02-11,1581433200
2905,R_3p8Rjor8VyZP2Qp,BATTERY,2020-02-11,1581433200
2906,R_3qPt2VOIZdr6Kio,HEADPHONES,2020-02-11,1581433200
2907,R_3qlnIILTEuzSyGe,TEA_INFUSER,2020-02-11,1581433200
2908,R_3qlnIILTEuzSyGe,ELECTRONIC_CABLE,2020-02-11,1581433200
2909,R_3qlnIILTEuzSyGe,CARPET_UPHOLSTERY_CLEANING_MACHINE,2020-02-11,1581433200
2910,R_3qlnIILTEuzSyGe,HEALTH_PERSONAL_CARE,2020-02-11,1581433200
2911,R_3qlnIILTEuzSyGe,HOME_BED_AND_BATH,2020-02-11,1581433200
2912,R_3qlnIILTEuzSyGe,GROCERY,2020-02-11,1581433200
2913,R_3qlnIILTEuzSyGe,SHOES,2020-02-11,1581433200
2914,R_3qlnIILTEuzSyGe,SWORD,2020-02-11,1581433200
2915,R_3qlnIILTEuzSyGe,MEAL_REPLACEMENT_BEVERAGE,2020-02-11,1581433200
2916,R_3qlnIILTEuzSyGe,SWORD,2020-02-11,1581433200
2917,R_3qlnIILTEuzSyGe,ELECTRONIC_CABLE,2020-02-11,1581433200
2918,R_3qlnIILTEuzSyGe,BOTTLE_RACK,2020-02-11,1581433200
2919,R_3qlnIILTEuzSyGe,SNACK_FOOD_BAR,2020-02-11,1581433200
2920,R_3qlnIILTEuzSyGe,BOTTLE_RACK,2020-02-11,1581433200
2921,R_3qlnIILTEuzSyGe,BOOT,2020-02-11,1581433200
2922,R_3qlnIILTEuzSyGe,TOYS_AND_GAMES,2020-02-11,1581433200
2923,R_3qlnIILTEuzSyGe,ELECTRONIC_CABLE,2020-02-11,1581433200
2924,R_3qqdzQnCaBYHx9o,NUTRITIONAL_SUPPLEMENT,2020-02-11,1581433200
2925,R_3rZHdmB75jSgwhr,NUTRITIONAL_SUPPLEMENT,2020-02-11,1581433200
2926,R_3rZHdmB75jSgwhr,PHYSICAL_MOVIE,2020-02-11,1581433200
2927,R_3rZHdmB75jSgwhr,SHOES,2020-02-11,1581433200
2928,R_3rZHdmB75jSgwhr,SKIN_MOISTURIZER,2020-02-11,1581433200
2929,R_3rZHdmB75jSgwhr,VITAMIN,2020-02-11,1581433200
2930,R_3socPWD3wXD0iDP,SHIRT,2020-02-11,1581433200
2931,R_3socPWD3wXD0iDP,BOTTLE,2020-02-11,1581433200
2932,R_3socPWD3wXD0iDP,NUTRITIONAL_SUPPLEMENT,2020-02-11,1581433200
2933,R_6RpwKYK0Mr2zKBH,NUT_BUTTER,2020-02-11,1581433200
2934,R_6RpwKYK0Mr2zKBH,HEALTH_PERSONAL_CARE,2020-02-11,1581433200
2935,R_6RpwKYK0Mr2zKBH,PACKAGED_SOUP_AND_STEW,2020-02-11,1581433200
2936,R_6SbhJD23U5a2YJX,PET_FOOD,2020-02-11,1581433200
2937,R_6SbhJD23U5a2YJX,MECHANICAL_FASTENERS,2020-02-11,1581433200
2938,R_6SbhJD23U5a2YJX,PET_FOOD,2020-02-11,1581433200
2939,R_8pMsG4P0RqzoSlz,PANTS,2020-02-11,1581433200
2940,R_8vnpSkm79W7Jsv7,PET_TOY,2020-02-11,1581433200
2941,R_A1fku0XPEwwfhC1,UNDERWEAR,2020-02-11,1581433200
2942,R_A1fku0XPEwwfhC1,SHOES,2020-02-11,1581433200
2943,R_Amq2LudEdwYblXX,SHOES,2020-02-11,1581433200
2944,R_Amq2LudEdwYblXX,PHYSICAL_MOVIE,2020-02-11,1581433200
2945,R_BWAjcs1sKUc6NQl,BATTERY,2020-02-11,1581433200
2946,R_BWAjcs1sKUc6NQl,LICENSE_PLATE_ATTACHMENT,2020-02-11,1581433200
2947,R_BWAjcs1sKUc6NQl,TOYS_AND_GAMES,2020-02-11,1581433200
2948,R_BWAjcs1sKUc6NQl,VEHICLE_LIGHT_BULB,2020-02-11,1581433200
2949,R_BWAjcs1sKUc6NQl,SKIN_MOISTURIZER,2020-02-11,1581433200
2950,R_BWAjcs1sKUc6NQl,PLIERS,2020-02-11,1581433200
2951,R_BWAjcs1sKUc6NQl,TIRE_COVER,2020-02-11,1581433200
2952,R_BWAjcs1sKUc6NQl,PANTS,2020-02-11,1581433200
2953,R_BWAjcs1sKUc6NQl,SNACK_FOOD_BAR,2020-02-11,1581433200
2954,R_BWAjcs1sKUc6NQl,SCREEN_PROTECTOR,2020-02-11,1581433200
2955,R_BWAjcs1sKUc6NQl,CADDY,2020-02-11,1581433200
2956,R_BWAjcs1sKUc6NQl,SHOES,2020-02-11,1581433200
2957,R_BWAjcs1sKUc6NQl,SHOES,2020-02-11,1581433200
2958,R_BWAjcs1sKUc6NQl,PET_FOOD,2020-02-11,1581433200
2959,R_BWAjcs1sKUc6NQl,VEHICLE_LIGHT_BULB,2020-02-11,1581433200
2960,R_BWAjcs1sKUc6NQl,PET_FOOD,2020-02-11,1581433200
2961,R_BWAjcs1sKUc6NQl,PANTS,2020-02-11,1581433200
2962,R_BWAjcs1sKUc6NQl,SONAR_FATHOMETER,2020-02-11,1581433200
2963,R_BWAjcs1sKUc6NQl,MULTIPORT_HUB,2020-02-11,1581433200
2964,R_BWAjcs1sKUc6NQl,SHOES,2020-02-11,1581433200
2965,R_Cgbr25P8IQSFnr3,BATTERY,2020-02-11,1581433200
2966,R_O6ZX76mggPnAOfD,ABIS_MUSIC,2020-02-11,1581433200
2967,R_Odixb15Ykmxb0Dn,VEHICLE_TIRE,2020-02-11,1581433200
2968,R_Odixb15Ykmxb0Dn,ABIS_MUSIC,2020-02-11,1581433200
2969,R_Og8sDefGp0SvLl7,PHYSICAL_MOVIE,2020-02-11,1581433200
2970,R_Og8sDefGp0SvLl7,HAT,2020-02-11,1581433200
2971,R_OkSi9IxX5ddzzl7,SKIN_MOISTURIZER,2020-02-11,1581433200
2972,R_OkSi9IxX5ddzzl7,PHYSICAL_MOVIE,2020-02-11,1581433200
2973,R_Q4ZjTFeyiC5kgQV,SKIN_CLEANING_AGENT,2020-02-11,1581433200
2974,R_SDxHC9YZwYTKedz,EYEGLASS_FRAME,2020-02-11,1581433200
2975,R_T4THXKAQCwg9ZXb,PANTS,2020-02-11,1581433200
2976,R_Ui78k1hRGuGWhln,KETTLEBELL,2020-02-11,1581433200
2977,R_Ui78k1hRGuGWhln,GROCERY,2020-02-11,1581433200
2978,R_Z4qMkqhWSmIbdSh,SKIN_CLEANING_AGENT,2020-02-11,1581433200
2979,R_Z4qMkqhWSmIbdSh,BATTERY,2020-02-11,1581433200
2980,R_ZeqLnp8IZFNzHMt,SKIN_CLEANING_AGENT,2020-02-11,1581433200
2981,R_ZeqLnp8IZFNzHMt,PHYSICAL_MOVIE,2020-02-11,1581433200
2982,R_Zwn68Xfx8lenBER,VITAMIN,2020-02-11,1581433200
2983,R_Zwn68Xfx8lenBER,PIPING_TIP,2020-02-11,1581433200
2984,R_Zwn68Xfx8lenBER,ORTHOPEDIC_BRACE,2020-02-11,1581433200
2985,R_Zwn68Xfx8lenBER,SWING,2020-02-11,1581433200
2986,R_Zwn68Xfx8lenBER,MEDICATION,2020-02-11,1581433200
2987,R_Zwn68Xfx8lenBER,CELLULAR_PHONE_CASE,2020-02-11,1581433200
2988,R_bJI8lmXMZWL6oql,VITAMIN,2020-02-11,1581433200
2989,R_bJbNhR1I5NnLKb7,MEDICATION,2020-02-11,1581433200
2990,R_e387De1jF0gN2OB,CELLULAR_PHONE_CASE,2020-02-11,1581433200
2991,R_e387De1jF0gN2OB,HEADPHONES,2020-02-11,1581433200
2992,R_e8KTElZZLWryLWp,CHARGING_ADAPTER,2020-02-11,1581433200
2993,R_e8KTElZZLWryLWp,SNACK_FOOD_BAR,2020-02-11,1581433200
2994,R_pGHKffvC4zrBtAJ,SCREEN_PROTECTOR,2020-02-11,1581433200
2995,R_pGHKffvC4zrBtAJ,SKIN_MOISTURIZER,2020-02-11,1581433200
2996,R_pMnqpu31myYoxy1,SANITARY_NAPKIN,2020-02-11,1581433200
2997,R_pRWnSKTREPIwpSF,SKIN_MOISTURIZER,2020-02-11,1581433200
2998,R_pRWnSKTREPIwpSF,VITAMIN,2020-02-11,1581433200
2999,R_puS9dcuNnDHSZ8Z,PHYSICAL_MOVIE,2020-02-11,1581433200
3000,R_r3IM83Ecq7eY7QJ,VITAMIN,2020-02-11,1581433200
3001,R_rcId0AtM417vPGN,SHOES,2020-02-11,1581433200
3002,R_rcId0AtM417vPGN,BUNGEE_CORD,2020-02-11,1581433200
3003,R_rcId0AtM417vPGN,PET_FOOD,2020-02-11,1581433200
3004,R_rcId0AtM417vPGN,SNACK_FOOD_BAR,2020-02-11,1581433200
3005,R_rcId0AtM417vPGN,BATTERY,2020-02-11,1581433200
3006,R_sotmrGe7Rv3U10J,BOARD_GAME,2020-02-11,1581433200
3007,R_tDI0MmPcVp5b2Xn,PANTS,2020-02-11,1581433200
3008,R_tSTu20YCb20zL5D,SKIN_MOISTURIZER,2020-02-11,1581433200
3009,R_tSTu20YCb20zL5D,PHYSICAL_MOVIE,2020-02-11,1581433200
3010,R_tSTu20YCb20zL5D,SHIRT,2020-02-11,1581433200
3011,R_u2EdYogSnJBrpex,PANTS,2020-02-11,1581433200
3012,R_u2EdYogSnJBrpex,SCREEN_PROTECTOR,2020-02-11,1581433200
3013,R_u2EdYogSnJBrpex,TOOTH_CLEANING_AGENT,2020-02-11,1581433200
3014,R_u2EdYogSnJBrpex,TOOTHBRUSH,2020-02-11,1581433200
3015,R_uqbcSq7y153jKmZ,ELECTRONIC_CABLE,2020-02-11,1581433200
3016,R_uqbcSq7y153jKmZ,HEADPHONES,2020-02-11,1581433200
3017,R_uqbcSq7y153jKmZ,SCREEN_PROTECTOR,2020-02-11,1581433200
3018,R_w7a7YDkfvtMXJ8l,LINT_REMOVER,2020-02-11,1581433200
3019,R_wXaMChMYqHnMARb,BATTERY,2020-02-11,1581433200
3020,R_10TA7pCDmelHi5H,TOYS_AND_GAMES,2020-02-12,1581519600
3021,R_1C8w4NDDQC5fcgE,NUTRITIONAL_SUPPLEMENT,2020-02-12,1581519600
3022,R_1Cx2TzfSj9KxVhR,WIRELESS_SIGNAL_REPEATER,2020-02-12,1581519600
3023,R_1Cx2TzfSj9KxVhR,ABIS_BOOK,2020-02-12,1581519600
3024,R_1Cx2TzfSj9KxVhR,PHYSICAL_MOVIE,2020-02-12,1581519600
3025,R_1Cx2TzfSj9KxVhR,PHYSICAL_MOVIE,2020-02-12,1581519600
3026,R_1Cx2TzfSj9KxVhR,SKIN_MOISTURIZER,2020-02-12,1581519600
3027,R_1DJdUrYA1I0QAKh,SHIRT,2020-02-12,1581519600
3028,R_1Fyt6rHyiQcVOT8,HAIR_CLIP,2020-02-12,1581519600
3029,R_1GVsIStj8gTkbIE,TOYS_AND_GAMES,2020-02-12,1581519600
3030,R_1HcpQT6Ffivx73P,MEDICATION,2020-02-12,1581519600
3031,R_1HcpQT6Ffivx73P,SHIRT,2020-02-12,1581519600
3032,R_1IaYiTSaUaD2W2i,HEALTH_PERSONAL_CARE,2020-02-12,1581519600
3033,R_1IaYiTSaUaD2W2i,CELLULAR_PHONE_CASE,2020-02-12,1581519600
3034,R_1JDhRjAMiEkIuKT,ELECTRONIC_CABLE,2020-02-12,1581519600
3035,R_1Kru2C0Zf28ZbQ0,TOYS_AND_GAMES,2020-02-12,1581519600
3036,R_1Kru2C0Zf28ZbQ0,PANTS,2020-02-12,1581519600
3037,R_1LcCULNDVzpY8B5,BROOM,2020-02-12,1581519600
3038,R_1NFde2vzLpu8IWT,GROCERY,2020-02-12,1581519600
3039,R_1QupmKjSh9fA4l4,HEALTH_PERSONAL_CARE,2020-02-12,1581519600
3040,R_1Qyzwfx5HrXdw4U,BATTERY,2020-02-12,1581519600
3041,R_1exepO2lYqHFR9q,SCREEN_PROTECTOR,2020-02-12,1581519600
3042,R_1exepO2lYqHFR9q,ELECTRONIC_COMPONENT_AMPLIFIER,2020-02-12,1581519600
3043,R_1exepO2lYqHFR9q,GROCERY,2020-02-12,1581519600
3044,R_1exepO2lYqHFR9q,BAKING_CUP,2020-02-12,1581519600
3045,R_1exepO2lYqHFR9q,GROCERY,2020-02-12,1581519600
3046,R_1exepO2lYqHFR9q,CELLULAR_PHONE_CASE,2020-02-12,1581519600
3047,R_1exepO2lYqHFR9q,PHYSICAL_MOVIE,2020-02-12,1581519600
3048,R_1exepO2lYqHFR9q,PET_FOOD,2020-02-12,1581519600
3049,R_1exepO2lYqHFR9q,SKIN_CLEANING_AGENT,2020-02-12,1581519600
3050,R_1exepO2lYqHFR9q,VITAMIN,2020-02-12,1581519600
3051,R_1exepO2lYqHFR9q,PHYSICAL_MOVIE,2020-02-12,1581519600
3052,R_1hJWB4rlc8B2yCi,SKIN_CLEANING_AGENT,2020-02-12,1581519600
3053,R_1ig4LC2I0cwMCHk,PHYSICAL_MOVIE,2020-02-12,1581519600
3054,R_1ig4LC2I0cwMCHk,NUTRITIONAL_SUPPLEMENT,2020-02-12,1581519600
3055,R_1jARg5bGH5uqAKW,CELLULAR_PHONE_CASE,2020-02-12,1581519600
3056,R_1jARg5bGH5uqAKW,PHYSICAL_MOVIE,2020-02-12,1581519600
3057,R_1jARg5bGH5uqAKW,TOYS_AND_GAMES,2020-02-12,1581519600
3058,R_1l4zCtGUTvAWdS6,SHOE_INSERT,2020-02-12,1581519600
3059,R_1l4zCtGUTvAWdS6,HAT,2020-02-12,1581519600
3060,R_1l4zCtGUTvAWdS6,NUTRITIONAL_SUPPLEMENT,2020-02-12,1581519600
3061,R_1lsgykNxEU4BXTI,SCREEN_PROTECTOR,2020-02-12,1581519600
3062,R_1lsgykNxEU4BXTI,JUICER,2020-02-12,1581519600
3063,R_1lsgykNxEU4BXTI,PET_FOOD,2020-02-12,1581519600
3064,R_1lxYa2W6GgcAQ19,NUTRITIONAL_SUPPLEMENT,2020-02-12,1581519600
3065,R_1lxYa2W6GgcAQ19,SKIN_CLEANING_AGENT,2020-02-12,1581519600
3066,R_1lxYa2W6GgcAQ19,HEALTH_PERSONAL_CARE,2020-02-12,1581519600
3067,R_1mCoq1CQXRu1pPq,SCREEN_PROTECTOR,2020-02-12,1581519600
3068,R_1mEmb9jWLRYCU4e,PANTS,2020-02-12,1581519600
3069,R_1mEmb9jWLRYCU4e,PANTS,2020-02-12,1581519600
3070,R_1mEmb9jWLRYCU4e,ABIS_BOOK,2020-02-12,1581519600
3071,R_1mEmb9jWLRYCU4e,WEAPON_CASE,2020-02-12,1581519600
3072,R_1mEmb9jWLRYCU4e,NUTRITIONAL_SUPPLEMENT,2020-02-12,1581519600
3073,R_1mEmb9jWLRYCU4e,WRITING_PAPER,2020-02-12,1581519600
3074,R_1roTOelTygZr5G8,HEALTH_PERSONAL_CARE,2020-02-12,1581519600
3075,R_20Yd9DvrGselmZY,DISHWARE_BOWL,2020-02-12,1581519600
3076,R_20Yd9DvrGselmZY,NUTRITIONAL_SUPPLEMENT,2020-02-12,1581519600
3077,R_20Yd9DvrGselmZY,SNACK_FOOD_BAR,2020-02-12,1581519600
3078,R_20Yd9DvrGselmZY,WRITING_INSTRUMENT,2020-02-12,1581519600
3079,R_20Yd9DvrGselmZY,HEALTH_PERSONAL_CARE,2020-02-12,1581519600
3080,R_20Yd9DvrGselmZY,WRITING_INSTRUMENT,2020-02-12,1581519600
3081,R_21uibgT9dgqRD9J,HEADPHONES,2020-02-12,1581519600
3082,R_22DJIjS0M8yvaYO,SCREEN_PROTECTOR,2020-02-12,1581519600
3083,R_22DJIjS0M8yvaYO,SKIN_CLEANING_AGENT,2020-02-12,1581519600
3084,R_24csoaO569P4Yzz,TOYS_AND_GAMES,2020-02-12,1581519600
3085,R_24csoaO569P4Yzz,TABLETOP_GAME,2020-02-12,1581519600
3086,R_24csoaO569P4Yzz,SCREEN_PROTECTOR,2020-02-12,1581519600
3087,R_24csoaO569P4Yzz,SPARK_PLUG,2020-02-12,1581519600
3088,R_24csoaO569P4Yzz,NUTRITIONAL_SUPPLEMENT,2020-02-12,1581519600
3089,R_24csoaO569P4Yzz,RUG,2020-02-12,1581519600
3090,R_24csoaO569P4Yzz,SHOES,2020-02-12,1581519600
3091,R_24csoaO569P4Yzz,HEADPHONES,2020-02-12,1581519600
3092,R_24vf4xIuT0kGsZ3,SCREEN_PROTECTOR,2020-02-12,1581519600
3093,R_25Wwg273Uw26jA1,STOOL_SEATING,2020-02-12,1581519600
3094,R_265zDShpZJQSm6H,VITAMIN,2020-02-12,1581519600
3095,R_277i50HinKYVoY9,MEDICATION,2020-02-12,1581519600
3096,R_277i50HinKYVoY9,NUTRITIONAL_SUPPLEMENT,2020-02-12,1581519600
3097,R_277i50HinKYVoY9,SNACK_FOOD_BAR,2020-02-12,1581519600
3098,R_277i50HinKYVoY9,BATTERY,2020-02-12,1581519600
3099,R_277i50HinKYVoY9,RAW_MATERIALS,2020-02-12,1581519600
3100,R_277i50HinKYVoY9,HEALTH_PERSONAL_CARE,2020-02-12,1581519600
3101,R_277i50HinKYVoY9,SNACK_FOOD_BAR,2020-02-12,1581519600
3102,R_277i50HinKYVoY9,NUTRITIONAL_SUPPLEMENT,2020-02-12,1581519600
3103,R_28BST1zc80UaP2C,BATTERY,2020-02-12,1581519600
3104,R_2ASBFgthVbaGlF3,CELLULAR_PHONE_CASE,2020-02-12,1581519600
3105,R_2B38co9cwVRvVZA,CROCHET_HOOK,2020-02-12,1581519600
3106,R_2D2K5rKv8NODIDZ,TAPE_LABEL_DISPENSER,2020-02-12,1581519600
3107,R_2E5XCpTY2B5ZQ1f,3D_PRINTER,2020-02-12,1581519600
3108,R_2En0sbvQ7s48ufv,PANTS,2020-02-12,1581519600
3109,R_2En0sbvQ7s48ufv,ABIS_BOOK,2020-02-12,1581519600
3110,R_2En0sbvQ7s48ufv,SHOES,2020-02-12,1581519600
3111,R_2En0sbvQ7s48ufv,PHYSICAL_VIDEO_GAME_SOFTWARE,2020-02-12,1581519600
3112,R_2En0sbvQ7s48ufv,CELLULAR_PHONE_CASE,2020-02-12,1581519600
3113,R_2Qu0fgUOnDpaKDH,WALLET,2020-02-12,1581519600
3114,R_2Qu0fgUOnDpaKDH,PUPPET,2020-02-12,1581519600
3115,R_2Ser7goSgo0gVBj,KITCHEN,2020-02-12,1581519600
3116,R_2SowakeS8ZQebAD,SHOES,2020-02-12,1581519600
3117,R_2SowakeS8ZQebAD,MATERIAL_HANDLING_TRUCK,2020-02-12,1581519600
3118,R_2VyUSFk11bbTVej,FLASH_CARD,2020-02-12,1581519600
3119,R_2WMQprO1e6US68f,HEALTH_PERSONAL_CARE,2020-02-12,1581519600
3120,R_2Y9fPhqa2Xf2QdZ,SCREEN_PROTECTOR,2020-02-12,1581519600
3121,R_2YCU6JHbCzus4zy,LINT_REMOVER,2020-02-12,1581519600
3122,R_2YCU6JHbCzus4zy,VIDEO_GAME_ACCESSORIES,2020-02-12,1581519600
3123,R_2YR2Yn7wGzAeAj0,SHIRT,2020-02-12,1581519600
3124,R_2YR2Yn7wGzAeAj0,PANTS,2020-02-12,1581519600
3125,R_2YlhHzEptxRGFBL,TOTE_BAG,2020-02-12,1581519600
3126,R_2ZOgImZ5BSZcQoz,SKIN_CLEANING_AGENT,2020-02-12,1581519600
3127,R_2b1XOZR0PYTA1jX,ELECTRONIC_CABLE,2020-02-12,1581519600
3128,R_2b1XOZR0PYTA1jX,GROCERY,2020-02-12,1581519600
3129,R_2b1XOZR0PYTA1jX,SHIRT,2020-02-12,1581519600
3130,R_2dMef2oXr2I6RKU,CELLULAR_PHONE_CASE,2020-02-12,1581519600
3131,R_2dMef2oXr2I6RKU,TOYS_AND_GAMES,2020-02-12,1581519600
3132,R_2dzIuPT8QnK8NCo,HEALTH_PERSONAL_CARE,2020-02-12,1581519600
3133,R_2dzIuPT8QnK8NCo,SCREEN_PROTECTOR,2020-02-12,1581519600
3134,R_2dzIuPT8QnK8NCo,SKIN_CLEANING_AGENT,2020-02-12,1581519600
3135,R_2dzIuPT8QnK8NCo,SPOON_REST,2020-02-12,1581519600
3136,R_2dzIuPT8QnK8NCo,PANTS,2020-02-12,1581519600
3137,R_2dzIuPT8QnK8NCo,MUSICAL_INSTRUMENT_TOY,2020-02-12,1581519600
3138,R_2dzIuPT8QnK8NCo,SHIRT,2020-02-12,1581519600
3139,R_2dzIuPT8QnK8NCo,CANDY,2020-02-12,1581519600
3140,R_2dzIuPT8QnK8NCo,SCREEN_PROTECTOR,2020-02-12,1581519600
3141,R_2dzIuPT8QnK8NCo,DISPOSABLE_INCONTINENCE_SURFACE_PROTECTOR,2020-02-12,1581519600
3142,R_2dzIuPT8QnK8NCo,LEVEL,2020-02-12,1581519600
3143,R_2dzIuPT8QnK8NCo,CELLULAR_PHONE_CASE,2020-02-12,1581519600
3144,R_2s5YO3cdqKDFyIM,SHOES,2020-02-12,1581519600
3145,R_2t3ifk3xBqzIWG9,BRA,2020-02-12,1581519600
3146,R_2t3ifk3xBqzIWG9,SHOES,2020-02-12,1581519600
3147,R_2ugDyrE1yi1FjvH,SHOES,2020-02-12,1581519600
3148,R_2wmLE1q4FIpfioi,GROCERY,2020-02-12,1581519600
3149,R_2xzc7JBNEgYNAqY,HEALTH_PERSONAL_CARE,2020-02-12,1581519600
3150,R_2z7rLZb69WuqDdf,WRIST_REST,2020-02-12,1581519600
3151,R_31n2MLk9w05iLzN,ABIS_BOOK,2020-02-12,1581519600
3152,R_31n2MLk9w05iLzN,SKIN_CLEANING_AGENT,2020-02-12,1581519600
3153,R_31n2MLk9w05iLzN,CELLULAR_PHONE_CASE,2020-02-12,1581519600
3154,R_32Mm71oAJq2K9XK,PHYSICAL_MOVIE,2020-02-12,1581519600
3155,R_32Mm71oAJq2K9XK,SKIN_CLEANING_AGENT,2020-02-12,1581519600
3156,R_32Mm71oAJq2K9XK,BATTERY,2020-02-12,1581519600
3157,R_32Mm71oAJq2K9XK,HEADPHONES,2020-02-12,1581519600
3158,R_32Mm71oAJq2K9XK,HEADPHONES,2020-02-12,1581519600
3159,R_32Mm71oAJq2K9XK,SKIN_CLEANING_AGENT,2020-02-12,1581519600
3160,R_32Mm71oAJq2K9XK,TOYS_AND_GAMES,2020-02-12,1581519600
3161,R_32Mm71oAJq2K9XK,SHIRT,2020-02-12,1581519600
3162,R_32Mm71oAJq2K9XK,CELLULAR_PHONE_CASE,2020-02-12,1581519600
3163,R_32Mm71oAJq2K9XK,ABIS_BOOK,2020-02-12,1581519600
3164,R_32Mm71oAJq2K9XK,PHYSICAL_MOVIE,2020-02-12,1581519600
3165,R_32Mm71oAJq2K9XK,WREATH,2020-02-12,1581519600
3166,R_32Mm71oAJq2K9XK,HEALTH_PERSONAL_CARE,2020-02-12,1581519600
3167,R_338AsE7QedeQ72w,SHIRT,2020-02-12,1581519600
3168,R_338AsE7QedeQ72w,MEDICATION,2020-02-12,1581519600
3169,R_33jcUkAZ8knoq82,SKIN_MOISTURIZER,2020-02-12,1581519600
3170,R_3D7xJuXSy25PXbg,SKIN_CLEANING_AGENT,2020-02-12,1581519600
3171,R_3G1gYo1d23Zq8Np,COOLING_RACK,2020-02-12,1581519600
3172,R_3G1gYo1d23Zq8Np,COOLING_RACK,2020-02-12,1581519600
3173,R_3G1gYo1d23Zq8Np,HEADPHONES,2020-02-12,1581519600
3174,R_3GiFHVWzYKHT1F5,PANTS,2020-02-12,1581519600
3175,R_3GiSNq0yPsXSvhf,SHIRT,2020-02-12,1581519600
3176,R_3GiSNq0yPsXSvhf,ABIS_BOOK,2020-02-12,1581519600
3177,R_3GiSNq0yPsXSvhf,TOY_FIGURE,2020-02-12,1581519600
3178,R_3GiSNq0yPsXSvhf,DISHWARE_BOWL,2020-02-12,1581519600
3179,R_3HUOVBSzChkQaNg,MOTORCYCLE_PART,2020-02-12,1581519600
3180,R_3IQQB0Dtvv9riqZ,SKIN_CLEANING_AGENT,2020-02-12,1581519600
3181,R_3JK3aP5uRxffXiy,PET_FOOD,2020-02-12,1581519600
3182,R_3JK3aP5uRxffXiy,VEHICLE_CARGO_CARRIER,2020-02-12,1581519600
3183,R_3JK3aP5uRxffXiy,CHAIR,2020-02-12,1581519600
3184,R_3JK3aP5uRxffXiy,ABIS_BOOK,2020-02-12,1581519600
3185,R_3Kv8PUwM5KE3ZA2,ELECTRONIC_CABLE,2020-02-12,1581519600
3186,R_3KxaCMXQTDz1Z7P,BATTERY,2020-02-12,1581519600
3187,R_3M0euO2kPnoHrdt,CONTAINER_LID,2020-02-12,1581519600
3188,R_3M3RSZ7wNRSaxNx,FLASHLIGHT,2020-02-12,1581519600
3189,R_3M3RSZ7wNRSaxNx,SKIN_CLEANING_AGENT,2020-02-12,1581519600
3190,R_3M3RSZ7wNRSaxNx,GROCERY,2020-02-12,1581519600
3191,R_3M3RSZ7wNRSaxNx,NUTRITIONAL_SUPPLEMENT,2020-02-12,1581519600
3192,R_3M3RSZ7wNRSaxNx,ELECTRONIC_CABLE,2020-02-12,1581519600
3193,R_3M3RSZ7wNRSaxNx,MEDICATION,2020-02-12,1581519600
3194,R_3M3RSZ7wNRSaxNx,MEDICATION,2020-02-12,1581519600
3195,R_3M3RSZ7wNRSaxNx,SKIN_MOISTURIZER,2020-02-12,1581519600
3196,R_3MhBAq6V6XHU9ln,TOY_FIGURE,2020-02-12,1581519600
3197,R_3MncA46G8CO8juo,DOWNLOADABLE_VIDEO_GAME,2020-02-12,1581519600
3198,R_3MncA46G8CO8juo,MEASURING_CUP,2020-02-12,1581519600
3199,R_3MncA46G8CO8juo,MENSTRUAL_CUP,2020-02-12,1581519600
3200,R_3NQyjCbeWDx3POa,SHIRT,2020-02-12,1581519600
3201,R_3NQyjCbeWDx3POa,GROCERY,2020-02-12,1581519600
3202,R_3NQyjCbeWDx3POa,TOYS_AND_GAMES,2020-02-12,1581519600
3203,R_3NwUrzA3eAsS3xO,BINDER_DIVIDER,2020-02-12,1581519600
3204,R_3NwUrzA3eAsS3xO,SCREEN_PROTECTOR,2020-02-12,1581519600
3205,R_3NwUrzA3eAsS3xO,PET_FOOD,2020-02-12,1581519600
3206,R_3NwUrzA3eAsS3xO,BINDER_DIVIDER,2020-02-12,1581519600
3207,R_3NwUrzA3eAsS3xO,PANTS,2020-02-12,1581519600
3208,R_3NwUrzA3eAsS3xO,VEHICLE_SEAT_COVER,2020-02-12,1581519600
3209,R_3NwUrzA3eAsS3xO,NUTRITIONAL_SUPPLEMENT,2020-02-12,1581519600
3210,R_3PAyJj7mQvMzMco,SKIN_CLEANING_AGENT,2020-02-12,1581519600
3211,R_3PaGuwKhYPfHa15,COMPUTER_INPUT_DEVICE_ACCESSORY,2020-02-12,1581519600
3212,R_3QPk8nnI1s8wilh,LEOTARD,2020-02-12,1581519600
3213,R_3ebnP0qUIQ7u38i,SNACK_FOOD_BAR,2020-02-12,1581519600
3214,R_3ebnP0qUIQ7u38i,ABIS_BOOK,2020-02-12,1581519600
3215,R_3ebnP0qUIQ7u38i,STORAGE_HOOK,2020-02-12,1581519600
3216,R_3ennfkrsSdTlmrJ,MEDICATION,2020-02-12,1581519600
3217,R_3fxhcf9cnZWI5qg,SHIRT,2020-02-12,1581519600
3218,R_3fxhcf9cnZWI5qg,SHOES,2020-02-12,1581519600
3219,R_3gTrwWhEzAv6gzH,ABIS_BOOK,2020-02-12,1581519600
3220,R_3h4JnsfebywTUxX,SNACK_FOOD_BAR,2020-02-12,1581519600
3221,R_3h4JnsfebywTUxX,END_MILLS,2020-02-12,1581519600
3222,R_3jYVNfQkzbtT9y0,IRON_ON_TRANSFER_DESIGN,2020-02-12,1581519600
3223,R_3mm166mlwrLpf6y,HEALTH_PERSONAL_CARE,2020-02-12,1581519600
3224,R_3mm166mlwrLpf6y,PANTS,2020-02-12,1581519600
3225,R_3mm166mlwrLpf6y,NUTRITIONAL_SUPPLEMENT,2020-02-12,1581519600
3226,R_3n17fNI56KA8rTV,SKIN_CLEANING_AGENT,2020-02-12,1581519600
3227,R_3n17fNI56KA8rTV,BATTERY,2020-02-12,1581519600
3228,R_3n17fNI56KA8rTV,VITAMIN,2020-02-12,1581519600
3229,R_3oWSVjKtFIw0OE8,SINGLE_BOARD_COMPUTER,2020-02-12,1581519600
3230,R_3oWSVjKtFIw0OE8,TOYS_AND_GAMES,2020-02-12,1581519600
3231,R_3qjvaF4zWZz3obB,TRANSPORT_RACK,2020-02-12,1581519600
3232,R_3s60LmlFm5fAEP5,SHOES,2020-02-12,1581519600
3233,R_3socPWD3wXD0iDP,NUTRITIONAL_SUPPLEMENT,2020-02-12,1581519600
3234,R_3socPWD3wXD0iDP,PHYSICAL_VIDEO_GAME_SOFTWARE,2020-02-12,1581519600
3235,R_3socPWD3wXD0iDP,ANIMAL_LITTER,2020-02-12,1581519600
3236,R_3socPWD3wXD0iDP,ABIS_BOOK,2020-02-12,1581519600
3237,R_4PhRzF4UI9ooLh7,PHYSICAL_MOVIE,2020-02-12,1581519600
3238,R_6SbhJD23U5a2YJX,PANTS,2020-02-12,1581519600
3239,R_8CXcySQawXPuJwJ,BATTERY,2020-02-12,1581519600
3240,R_8vnpSkm79W7Jsv7,ELECTRONIC_CABLE,2020-02-12,1581519600
3241,R_8vnpSkm79W7Jsv7,SCREEN_PROTECTOR,2020-02-12,1581519600
3242,R_AKBlDprDMrv4M7v,PANTS,2020-02-12,1581519600
3243,R_AKBlDprDMrv4M7v,SKIN_MOISTURIZER,2020-02-12,1581519600
3244,R_BWhnv4EdbhSS6rf,CELLULAR_PHONE_CASE,2020-02-12,1581519600
3245,R_CaF1pc8CnyWJvCp,TOYS_AND_GAMES,2020-02-12,1581519600
3246,R_O9FzIlCvCxllJSN,ELECTRONIC_CABLE,2020-02-12,1581519600
3247,R_O9FzIlCvCxllJSN,PICTURE_HANGER,2020-02-12,1581519600
3248,R_O9FzIlCvCxllJSN,SHOES,2020-02-12,1581519600
3249,R_OdTirYYBS6ms6nn,SCREEN_PROTECTOR,2020-02-12,1581519600
3250,R_OdTirYYBS6ms6nn,SKIN_MOISTURIZER,2020-02-12,1581519600
3251,R_OfntYUzw43qHbuF,BICYCLE_BASKET,2020-02-12,1581519600
3252,R_PHgbX4EoPqUsLjb,ELECTRONIC_CABLE,2020-02-12,1581519600
3253,R_PuLRXv7pUO3cLzX,BATTERY,2020-02-12,1581519600
3254,R_PwlnzzccUMXV0n7,SCREEN_PROTECTOR,2020-02-12,1581519600
3255,R_PwlnzzccUMXV0n7,SCREEN_PROTECTOR,2020-02-12,1581519600
3256,R_Q0VlYv4XDFK34mR,HEALTH_PERSONAL_CARE,2020-02-12,1581519600
3257,R_Q0VlYv4XDFK34mR,PLECTRUM,2020-02-12,1581519600
3258,R_Q0VlYv4XDFK34mR,SPORT_MITT,2020-02-12,1581519600
3259,R_RPruSl134deuxOh,SHIRT,2020-02-12,1581519600
3260,R_SDxHC9YZwYTKedz,BATTERY,2020-02-12,1581519600
3261,R_T4THXKAQCwg9ZXb,REMOTE_CONTROL,2020-02-12,1581519600
3262,R_T4THXKAQCwg9ZXb,ROTARY_TOOL,2020-02-12,1581519600
3263,R_T4THXKAQCwg9ZXb,BATTERY,2020-02-12,1581519600
3264,R_UFrfTy7RlXqKDOV,SNACK_FOOD_BAR,2020-02-12,1581519600
3265,R_Ui78k1hRGuGWhln,SHAVING_AGENT,2020-02-12,1581519600
3266,R_V416ZQ4Q4ElD1yF,SHIRT,2020-02-12,1581519600
3267,R_V416ZQ4Q4ElD1yF,SHOES,2020-02-12,1581519600
3268,R_V416ZQ4Q4ElD1yF,ABIS_BOOK,2020-02-12,1581519600
3269,R_V416ZQ4Q4ElD1yF,SCREEN_PROTECTOR,2020-02-12,1581519600
3270,R_XwiCirQyfwJzVtv,TOYS_AND_GAMES,2020-02-12,1581519600
3271,R_XwiCirQyfwJzVtv,SNACK_FOOD_BAR,2020-02-12,1581519600
3272,R_Z4qMkqhWSmIbdSh,SHOES,2020-02-12,1581519600
3273,R_Z4qMkqhWSmIbdSh,HEADPHONES,2020-02-12,1581519600
3274,R_Z4qMkqhWSmIbdSh,SKIN_MOISTURIZER,2020-02-12,1581519600
3275,R_Z4qMkqhWSmIbdSh,WHISK_UTENSIL,2020-02-12,1581519600
3276,R_Z4qMkqhWSmIbdSh,PET_FOOD,2020-02-12,1581519600
3277,R_Z4qMkqhWSmIbdSh,ELECTRONIC_CABLE,2020-02-12,1581519600
3278,R_Z4qMkqhWSmIbdSh,GUILD_HOME,2020-02-12,1581519600
3279,R_Zz495Ir7AjUbSCJ,AXE,2020-02-12,1581519600
3280,R_Zz495Ir7AjUbSCJ,SKIN_CLEANING_AGENT,2020-02-12,1581519600
3281,R_Zz495Ir7AjUbSCJ,PUMP_SPRAYER,2020-02-12,1581519600
3282,R_b8UnkZJoU93ZxEB,SINGLE_BOARD_COMPUTER,2020-02-12,1581519600
3283,R_b8UnkZJoU93ZxEB,DRINKING_CUP,2020-02-12,1581519600
3284,R_bPzwAFdlVaA87Vn,TOYS_AND_GAMES,2020-02-12,1581519600
3285,R_bPzwAFdlVaA87Vn,LANDLINE_PHONE,2020-02-12,1581519600
3286,R_bPzwAFdlVaA87Vn,UNDERPANTS,2020-02-12,1581519600
3287,R_bPzwAFdlVaA87Vn,PET_FOOD,2020-02-12,1581519600
3288,R_bPzwAFdlVaA87Vn,TOY_FIGURE,2020-02-12,1581519600
3289,R_bPzwAFdlVaA87Vn,SKIN_CLEANING_AGENT,2020-02-12,1581519600
3290,R_bPzwAFdlVaA87Vn,BICYCLE_LIGHT,2020-02-12,1581519600
3291,R_e8KTElZZLWryLWp,BISS,2020-02-12,1581519600
3292,R_eyQl26Pq4cq0Xmx,BATHING_SPONGE,2020-02-12,1581519600
3293,R_pMnqpu31myYoxy1,MEDICATION,2020-02-12,1581519600
3294,R_pMnqpu31myYoxy1,STEERING_WHEEL_COVER,2020-02-12,1581519600
3295,R_pRWnSKTREPIwpSF,GROCERY,2020-02-12,1581519600
3296,R_sH8W9PyBq2swyLn,PANTS,2020-02-12,1581519600
3297,R_tSTu20YCb20zL5D,ELECTRONIC_CABLE,2020-02-12,1581519600
3298,R_u94bdSj5JBe7WZb,VITAMIN,2020-02-12,1581519600
3299,R_u94bdSj5JBe7WZb,PANTS,2020-02-12,1581519600
3300,R_u9qeol6zlUcq13j,POOL_SPA_WATER_TREATMENT,2020-02-12,1581519600
3301,R_x0hVvTTXGQY9FRf,ELECTRONIC_CABLE,2020-02-12,1581519600
3302,R_yJz6aXbKddNbgZz,SHOES,2020-02-12,1581519600
3303,R_0pRmRjHkwStzNQJ,SKIN_CLEANING_AGENT,2020-02-13,1581606000
3304,R_10AtO7bUfe8iWYK,PET_ACTIVITY_STRUCTURE,2020-02-13,1581606000
3305,R_1C4nKyrv0w2thJn,CELLULAR_PHONE_CASE,2020-02-13,1581606000
3306,R_1CIQjlABWt7jZWc,NUTRITIONAL_SUPPLEMENT,2020-02-13,1581606000
3307,R_1CqGMkfiCiATbn4,NUTRITIONAL_SUPPLEMENT,2020-02-13,1581606000
3308,R_1DYWdbAMt6LyCZH,SKIN_CLEANING_AGENT,2020-02-13,1581606000
3309,R_1DYjkc1gJNvrzzL,SNACK_FOOD_BAR,2020-02-13,1581606000
3310,R_1DYjkc1gJNvrzzL,BLOWER_INFLATED_DECORATION,2020-02-13,1581606000
3311,R_1DYjkc1gJNvrzzL,ELECTRONIC_CABLE,2020-02-13,1581606000
3312,R_1Fyt6rHyiQcVOT8,HEALTH_PERSONAL_CARE,2020-02-13,1581606000
3313,R_1GghoTNZdgUeySl,HEALTH_PERSONAL_CARE,2020-02-13,1581606000
3314,R_1GghoTNZdgUeySl,NUTRITIONAL_SUPPLEMENT,2020-02-13,1581606000
3315,R_1I6meOeB0piHEX8,HAIR_DRYER,2020-02-13,1581606000
3316,R_1LIJDv6NDuvkCi4,SHOE_POLISH,2020-02-13,1581606000
3317,R_1LIJDv6NDuvkCi4,INCENSE_HOLDER,2020-02-13,1581606000
3318,R_1LIJDv6NDuvkCi4,ABIS_BOOK,2020-02-13,1581606000
3319,R_1LIJDv6NDuvkCi4,SHIRT,2020-02-13,1581606000
3320,R_1NDq0rxoUSu6oyz,SKIN_CLEANING_AGENT,2020-02-13,1581606000
3321,R_1NFde2vzLpu8IWT,PILLOWCASE,2020-02-13,1581606000
3322,R_1Q9JeeKncbbLcz0,MEDICATION,2020-02-13,1581606000
3323,R_1cYxarQPFQxNRHB,BABY_BOTTLE,2020-02-13,1581606000
3324,R_1dFu7LeBJE3Wd6p,COFFEE,2020-02-13,1581606000
3325,R_1daE3vUDxFrSw4I,MUSICAL_INSTRUMENT_STRING,2020-02-13,1581606000
3326,R_1exepO2lYqHFR9q,REUSABLE_INCONTINENCE_SURFACE_PROTECTOR,2020-02-13,1581606000
3327,R_1exepO2lYqHFR9q,UNDERPANTS,2020-02-13,1581606000
3328,R_1exepO2lYqHFR9q,SKIN_CLEANING_AGENT,2020-02-13,1581606000
3329,R_1exepO2lYqHFR9q,VITAMIN,2020-02-13,1581606000
3330,R_1exepO2lYqHFR9q,CELLULAR_PHONE_CASE,2020-02-13,1581606000
3331,R_1exepO2lYqHFR9q,TOYS_AND_GAMES,2020-02-13,1581606000
3332,R_1exepO2lYqHFR9q,SKIN_CLEANING_AGENT,2020-02-13,1581606000
3333,R_1exepO2lYqHFR9q,PASTA_MAKER,2020-02-13,1581606000
3334,R_1hMV4AHCk04WO5V,HEADPHONES,2020-02-13,1581606000
3335,R_1hMV4AHCk04WO5V,NUTRITIONAL_SUPPLEMENT,2020-02-13,1581606000
3336,R_1lxYa2W6GgcAQ19,TOYS_AND_GAMES,2020-02-13,1581606000
3337,R_1lxYa2W6GgcAQ19,ABIS_BOOK,2020-02-13,1581606000
3338,R_1lxYa2W6GgcAQ19,PANTS,2020-02-13,1581606000
3339,R_1mxX9jjBSLwxiDU,SNACK_FOOD_BAR,2020-02-13,1581606000
3340,R_1o6au5rOnBHoiU9,VOICE_RECORDER,2020-02-13,1581606000
3341,R_1o6au5rOnBHoiU9,VITAMIN,2020-02-13,1581606000
3342,R_1ouRfsTlr2iWPge,BATTERY,2020-02-13,1581606000
3343,R_1r18PD3TjJe3i53,ELECTRONIC_CABLE,2020-02-13,1581606000
3344,R_20Yd9DvrGselmZY,SKIN_CLEANING_AGENT,2020-02-13,1581606000
3345,R_210tLKdUbUZuf7O,CADDY,2020-02-13,1581606000
3346,R_210tLKdUbUZuf7O,SHOES,2020-02-13,1581606000
3347,R_210tLKdUbUZuf7O,CADDY,2020-02-13,1581606000
3348,R_210tLKdUbUZuf7O,PET_FOOD,2020-02-13,1581606000
3349,R_21uibgT9dgqRD9J,ABIS_BOOK,2020-02-13,1581606000
3350,R_21uibgT9dgqRD9J,SCREEN_PROTECTOR,2020-02-13,1581606000
3351,R_21uibgT9dgqRD9J,SNACK_FOOD_BAR,2020-02-13,1581606000
3352,R_21uibgT9dgqRD9J,BATTERY,2020-02-13,1581606000
3353,R_22DJIjS0M8yvaYO,SNACK_FOOD_BAR,2020-02-13,1581606000
3354,R_22DJIjS0M8yvaYO,SCREEN_PROTECTOR,2020-02-13,1581606000
3355,R_22RhdxIZQO8iwin,VITAMIN,2020-02-13,1581606000
3356,R_22RhdxIZQO8iwin,LEGUME,2020-02-13,1581606000
3357,R_24MKoSmvuiLEI76,PANTS,2020-02-13,1581606000
3358,R_24MKoSmvuiLEI76,PICTURE_HANGER,2020-02-13,1581606000
3359,R_24csoaO569P4Yzz,PET_FOOD,2020-02-13,1581606000
3360,R_24csoaO569P4Yzz,ABIS_BOOK,2020-02-13,1581606000
3361,R_24csoaO569P4Yzz,HANGING_MOBILE,2020-02-13,1581606000
3362,R_24csoaO569P4Yzz,PHYSICAL_MOVIE,2020-02-13,1581606000
3363,R_24vf4xIuT0kGsZ3,SECURITY_CAMERA,2020-02-13,1581606000
3364,R_25SbPPTyE45YzXP,SKIN_CLEANING_AGENT,2020-02-13,1581606000
3365,R_25SbPPTyE45YzXP,PET_FOOD,2020-02-13,1581606000
3366,R_25SbPPTyE45YzXP,SCREEN_PROTECTOR,2020-02-13,1581606000
3367,R_25SbPPTyE45YzXP,BATTERY,2020-02-13,1581606000
3368,R_25z5LHPaAsxktx7,PIPET,2020-02-13,1581606000
3369,R_27PZcbYfPDhwHcL,VITAMIN,2020-02-13,1581606000
3370,R_27PZcbYfPDhwHcL,VITAMIN,2020-02-13,1581606000
3371,R_27PZcbYfPDhwHcL,PHYSICAL_MOVIE,2020-02-13,1581606000
3372,R_27PZcbYfPDhwHcL,APPAREL,2020-02-13,1581606000
3373,R_27PZcbYfPDhwHcL,PANTS,2020-02-13,1581606000
3374,R_27PZcbYfPDhwHcL,TOILET_PAPER,2020-02-13,1581606000
3375,R_27PZcbYfPDhwHcL,HEADPHONES,2020-02-13,1581606000
3376,R_27PZcbYfPDhwHcL,MEDICATION,2020-02-13,1581606000
3377,R_27PZcbYfPDhwHcL,POOL_SPA_WATER_TREATMENT,2020-02-13,1581606000
3378,R_27PZcbYfPDhwHcL,HEADPHONES,2020-02-13,1581606000
3379,R_27PZcbYfPDhwHcL,SKIN_MOISTURIZER,2020-02-13,1581606000
3380,R_27ydwfqncX77Mnd,PHYSICAL_MOVIE,2020-02-13,1581606000
3381,R_27ydwfqncX77Mnd,CELLULAR_PHONE_CASE,2020-02-13,1581606000
3382,R_28IDNbS8mqpfyKD,SHEET_PAN,2020-02-13,1581606000
3383,R_28IDNbS8mqpfyKD,MEDICATION,2020-02-13,1581606000
3384,R_29cyBHR3PpqJiZf,SCREEN_PROTECTOR,2020-02-13,1581606000
3385,R_29tZUWisKTCWczv,HEALTH_PERSONAL_CARE,2020-02-13,1581606000
3386,R_2AGpSTOzeeHqMYd,CELLULAR_PHONE_CASE,2020-02-13,1581606000
3387,R_2ASz0xBmcxqYzUJ,VITAMIN,2020-02-13,1581606000
3388,R_2EglJpTWGEiwQYa,ELECTRONIC_CABLE,2020-02-13,1581606000
3389,R_2EglJpTWGEiwQYa,SKIN_MOISTURIZER,2020-02-13,1581606000
3390,R_2En0sbvQ7s48ufv,GRIDDLE_PLATE,2020-02-13,1581606000
3391,R_2En0sbvQ7s48ufv,HEADPHONES,2020-02-13,1581606000
3392,R_2OOq3ysdOS3TtBd,HEADPHONES,2020-02-13,1581606000
3393,R_2QXJIE0UXBTy8wd,TOYS_AND_GAMES,2020-02-13,1581606000
3394,R_2R3ayuIYVgX07CZ,NUTRITIONAL_SUPPLEMENT,2020-02-13,1581606000
3395,R_2R3ayuIYVgX07CZ,NUTRITIONAL_SUPPLEMENT,2020-02-13,1581606000
3396,R_2Ser7goSgo0gVBj,BASKET,2020-02-13,1581606000
3397,R_2TKO641FpWMebOd,SHIRT,2020-02-13,1581606000
3398,R_2TKO641FpWMebOd,TOYS_AND_GAMES,2020-02-13,1581606000
3399,R_2TL7w44l8M5vEok,BATTERY,2020-02-13,1581606000
3400,R_2TXBHPMwNAwKR7Q,SHOES,2020-02-13,1581606000
3401,R_2TXBHPMwNAwKR7Q,FOUNTAIN,2020-02-13,1581606000
3402,R_2VyUSFk11bbTVej,FLASH_CARD,2020-02-13,1581606000
3403,R_2VyUSFk11bbTVej,PANTS,2020-02-13,1581606000
3404,R_2VyUSFk11bbTVej,GROCERY,2020-02-13,1581606000
3405,R_2VyUSFk11bbTVej,TOYS_AND_GAMES,2020-02-13,1581606000
3406,R_2XoI6KbLJRGFz5X,NUTRITIONAL_SUPPLEMENT,2020-02-13,1581606000
3407,R_2XoI6KbLJRGFz5X,PANTS,2020-02-13,1581606000
3408,R_2bTLZFP7p4CPlTT,SKIN_MOISTURIZER,2020-02-13,1581606000
3409,R_2bTLZFP7p4CPlTT,DIGITAL_DEVICE_12_ACCESSORY,2020-02-13,1581606000
3410,R_2dX8oLhgW3U0Q0m,MEDICATION,2020-02-13,1581606000
3411,R_2dX8oLhgW3U0Q0m,NUTRITIONAL_SUPPLEMENT,2020-02-13,1581606000
3412,R_2dX8oLhgW3U0Q0m,VEHICLE_RAIL,2020-02-13,1581606000
3413,R_2dX8oLhgW3U0Q0m,VITAMIN,2020-02-13,1581606000
3414,R_2dvh9tu7PLPeipE,PANTS,2020-02-13,1581606000
3415,R_2q2hekIiutgInrE,SHOES,2020-02-13,1581606000
3416,R_2q2hekIiutgInrE,DUFFEL_BAG,2020-02-13,1581606000
3417,R_2q2hekIiutgInrE,VITAMIN,2020-02-13,1581606000
3418,R_2q2hekIiutgInrE,GROCERY,2020-02-13,1581606000
3419,R_2q2hekIiutgInrE,GROCERY,2020-02-13,1581606000
3420,R_2q2hekIiutgInrE,PROJECTILE_BOW,2020-02-13,1581606000
3421,R_2q2hekIiutgInrE,BATTERY,2020-02-13,1581606000
3422,R_2q2hekIiutgInrE,VITAMIN,2020-02-13,1581606000
3423,R_2q2hekIiutgInrE,VIDEO_GAME_CONTROLLER,2020-02-13,1581606000
3424,R_2q2hekIiutgInrE,SHOES,2020-02-13,1581606000
3425,R_2q2hekIiutgInrE,STORAGE_BOX,2020-02-13,1581606000
3426,R_2q2hekIiutgInrE,GROCERY,2020-02-13,1581606000
3427,R_2q2hekIiutgInrE,TOYS_AND_GAMES,2020-02-13,1581606000
3428,R_2q2hekIiutgInrE,SHIRT,2020-02-13,1581606000
3429,R_2qD8ep8d313iLj4,PINBOARD,2020-02-13,1581606000
3430,R_2rIQ3xPfAH7KF8A,NUTRITIONAL_SUPPLEMENT,2020-02-13,1581606000
3431,R_2s5YO3cdqKDFyIM,MOTOR_ENGINE_FUEL_TANK,2020-02-13,1581606000
3432,R_2sbf0hqTGFb880u,INCENSE,2020-02-13,1581606000
3433,R_2tEuzX0j3530EZC,SHOES,2020-02-13,1581606000
3434,R_2tfHzrdo6EEaiWi,SCREEN_PROTECTOR,2020-02-13,1581606000
3435,R_2uIMLcJgQmb0v3G,SHOES,2020-02-13,1581606000
3436,R_2uIMLcJgQmb0v3G,HAIR_STYLING_AGENT,2020-02-13,1581606000
3437,R_2uZDxTZAORBIW1o,TOYS_AND_GAMES,2020-02-13,1581606000
3438,R_2uZDxTZAORBIW1o,SWEATBAND,2020-02-13,1581606000
3439,R_2wmLE1q4FIpfioi,COIN_PURSE_POUCH,2020-02-13,1581606000
3440,R_2xLvxRKX2448l9k,UTILITY_KNIFE,2020-02-13,1581606000
3441,R_2xLvxRKX2448l9k,FIDGET_TOY,2020-02-13,1581606000
3442,R_2zGy2Qj3ENruAYs,PHYSICAL_MOVIE,2020-02-13,1581606000
3443,R_2zGy2Qj3ENruAYs,LIGHT_BULB,2020-02-13,1581606000
3444,R_2zGy2Qj3ENruAYs,KICK_SCOOTER,2020-02-13,1581606000
3445,R_30kPg5opkenrGPb,RAZOR_BLADE_CARTRIDGE,2020-02-13,1581606000
3446,R_31ycQ8SiOEF1cUN,PORTABLE_ELECTRONIC_DEVICE_COVER,2020-02-13,1581606000
3447,R_32WvdLjYpicai6o,SHOES,2020-02-13,1581606000
3448,R_32WvdLjYpicai6o,TOYS_AND_GAMES,2020-02-13,1581606000
3449,R_32WvdLjYpicai6o,MEDICATION,2020-02-13,1581606000
3450,R_32WvdLjYpicai6o,ELECTRONIC_CABLE,2020-02-13,1581606000
3451,R_32WvdLjYpicai6o,FIDGET_TOY,2020-02-13,1581606000
3452,R_32WvdLjYpicai6o,PANTS,2020-02-13,1581606000
3453,R_32WvdLjYpicai6o,BODY_DEODORANT,2020-02-13,1581606000
3454,R_32WvdLjYpicai6o,SHOES,2020-02-13,1581606000
3455,R_33dxSOlpYwYOjFE,VEHICLE_MAT,2020-02-13,1581606000
3456,R_33kcOqAkuOfPeI1,SNACK_FOOD_BAR,2020-02-13,1581606000
3457,R_3D7xJuXSy25PXbg,PHYSICAL_MOVIE,2020-02-13,1581606000
3458,R_3HzRfw5sNEvrFRf,BATTERY,2020-02-13,1581606000
3459,R_3HzRfw5sNEvrFRf,RAKE,2020-02-13,1581606000
3460,R_3HzRfw5sNEvrFRf,CELLULAR_PHONE_CASE,2020-02-13,1581606000
3461,R_3J8UIMbwljBx6df,BEAUTY,2020-02-13,1581606000
3462,R_3KHiP9QpzA2COVL,PHYSICAL_MOVIE,2020-02-13,1581606000
3463,R_3KHiP9QpzA2COVL,TAMPON,2020-02-13,1581606000
3464,R_3L20DbmNPSMtKUd,VITAMIN,2020-02-13,1581606000
3465,R_3M3RSZ7wNRSaxNx,EXERCISE_STRAP,2020-02-13,1581606000
3466,R_3MMW2ivCFCtjHIe,ABIS_BOOK,2020-02-13,1581606000
3467,R_3MMW2ivCFCtjHIe,PET_FOOD,2020-02-13,1581606000
3468,R_3MMW2ivCFCtjHIe,ACCESSORY,2020-02-13,1581606000
3469,R_3Mc9nZhk6fg7b8z,SNACK_FOOD_BAR,2020-02-13,1581606000
3470,R_3Mc9nZhk6fg7b8z,COMPOST_BIN,2020-02-13,1581606000
3471,R_3MncA46G8CO8juo,FITTED_SHEET,2020-02-13,1581606000
3472,R_3e82J7pYxj5XP7j,NUTRITIONAL_SUPPLEMENT,2020-02-13,1581606000
3473,R_3e82J7pYxj5XP7j,PHYSICAL_MOVIE,2020-02-13,1581606000
3474,R_3ek9YZGdsDHjUZf,ELECTRONIC_CABLE,2020-02-13,1581606000
3475,R_3ek9YZGdsDHjUZf,UNDERPANTS,2020-02-13,1581606000
3476,R_3ek9YZGdsDHjUZf,UNDERPANTS,2020-02-13,1581606000
3477,R_3ek9YZGdsDHjUZf,NUTRITIONAL_SUPPLEMENT,2020-02-13,1581606000
3478,R_3ek9YZGdsDHjUZf,SHOELACE,2020-02-13,1581606000
3479,R_3ek9YZGdsDHjUZf,PHYSICAL_MOVIE,2020-02-13,1581606000
3480,R_3enuyEOsaEVxTNX,HEADPHONES,2020-02-13,1581606000
3481,R_3enuyEOsaEVxTNX,ABIS_HOME_IMPROVEMENT,2020-02-13,1581606000
3482,R_3enuyEOsaEVxTNX,HEALTH_PERSONAL_CARE,2020-02-13,1581606000
3483,R_3enuyEOsaEVxTNX,ELECTRONIC_CABLE,2020-02-13,1581606000
3484,R_3lLhrGoskvkadDT,SPARK_PLUG,2020-02-13,1581606000
3485,R_3n17fNI56KA8rTV,SCREEN_PROTECTOR,2020-02-13,1581606000
3486,R_3socPWD3wXD0iDP,PET_HEALTH_CARE,2020-02-13,1581606000
3487,R_6Y8B3R1iIUjRAXv,HERBAL_SUPPLEMENT,2020-02-13,1581606000
3488,R_89aTM1JXN8SWr3b,GROCERY,2020-02-13,1581606000
3489,R_89aTM1JXN8SWr3b,LEOTARD,2020-02-13,1581606000
3490,R_89aTM1JXN8SWr3b,SHOES,2020-02-13,1581606000
3491,R_89aTM1JXN8SWr3b,STICKER_DECAL,2020-02-13,1581606000
3492,R_89aTM1JXN8SWr3b,LIP_BALM,2020-02-13,1581606000
3493,R_89aTM1JXN8SWr3b,TOYS_AND_GAMES,2020-02-13,1581606000
3494,R_89aTM1JXN8SWr3b,MEDICATION,2020-02-13,1581606000
3495,R_8CXcySQawXPuJwJ,HEADPHONES,2020-02-13,1581606000
3496,R_8pMsG4P0RqzoSlz,ELECTRONIC_CABLE,2020-02-13,1581606000
3497,R_8vnpSkm79W7Jsv7,ITEM_CONTAINER,2020-02-13,1581606000
3498,R_9yOmfJyU0rNZGW5,HEALTH_PERSONAL_CARE,2020-02-13,1581606000
3499,R_A5Mg9h1PiJL0Wyd,CELLULAR_PHONE_CASE,2020-02-13,1581606000
3500,R_A5Mg9h1PiJL0Wyd,SHIRT,2020-02-13,1581606000
3501,R_A5Mg9h1PiJL0Wyd,JUMP_ROPE,2020-02-13,1581606000
3502,R_A5Mg9h1PiJL0Wyd,BATTERY,2020-02-13,1581606000
3503,R_A5Mg9h1PiJL0Wyd,ABIS_BOOK,2020-02-13,1581606000
3504,R_AKBlDprDMrv4M7v,LOCK,2020-02-13,1581606000
3505,R_AKBlDprDMrv4M7v,GROCERY,2020-02-13,1581606000
3506,R_Amq2LudEdwYblXX,PANTS,2020-02-13,1581606000
3507,R_Amq2LudEdwYblXX,HEADPHONES,2020-02-13,1581606000
3508,R_Amq2LudEdwYblXX,MEDICATION,2020-02-13,1581606000
3509,R_Amq2LudEdwYblXX,PANTS,2020-02-13,1581606000
3510,R_BWhnv4EdbhSS6rf,SHOES,2020-02-13,1581606000
3511,R_BWhnv4EdbhSS6rf,ELECTRONIC_CABLE,2020-02-13,1581606000
3512,R_BWhnv4EdbhSS6rf,TEMPORARY_TATTOO,2020-02-13,1581606000
3513,R_BWhnv4EdbhSS6rf,WASTE_BAG,2020-02-13,1581606000
3514,R_PwlnzzccUMXV0n7,SHIRT,2020-02-13,1581606000
3515,R_PwlnzzccUMXV0n7,PHYSICAL_MOVIE,2020-02-13,1581606000
3516,R_PwlnzzccUMXV0n7,SNACK_FOOD_BAR,2020-02-13,1581606000
3517,R_PwlnzzccUMXV0n7,PHYSICAL_MOVIE,2020-02-13,1581606000
3518,R_PwlnzzccUMXV0n7,TOYS_AND_GAMES,2020-02-13,1581606000
3519,R_PwlnzzccUMXV0n7,MEDICATION,2020-02-13,1581606000
3520,R_PwlnzzccUMXV0n7,CELLULAR_PHONE_CASE,2020-02-13,1581606000
3521,R_PwlnzzccUMXV0n7,TENT,2020-02-13,1581606000
3522,R_PwlnzzccUMXV0n7,TENT,2020-02-13,1581606000
3523,R_T4THXKAQCwg9ZXb,SCREEN_PROTECTOR,2020-02-13,1581606000
3524,R_UEke64xAaOG3mTf,BATTERY,2020-02-13,1581606000
3525,R_UEke64xAaOG3mTf,DRYING_RACK,2020-02-13,1581606000
3526,R_Ui78k1hRGuGWhln,KETTLEBELL,2020-02-13,1581606000
3527,R_W80kzJbCa8CD9UB,MEDICATION,2020-02-13,1581606000
3528,R_W80kzJbCa8CD9UB,SKIN_MOISTURIZER,2020-02-13,1581606000
3529,R_W80kzJbCa8CD9UB,SKIN_MOISTURIZER,2020-02-13,1581606000
3530,R_W80kzJbCa8CD9UB,SHIRT,2020-02-13,1581606000
3531,R_W80kzJbCa8CD9UB,CHEWING_GUM,2020-02-13,1581606000
3532,R_Xhz81T9LodPX0KB,GROCERY,2020-02-13,1581606000
3533,R_Xhz81T9LodPX0KB,MEDICATION,2020-02-13,1581606000
3534,R_Xhz81T9LodPX0KB,MEDICATION,2020-02-13,1581606000
3535,R_Xhz81T9LodPX0KB,SWIMMING_POOL,2020-02-13,1581606000
3536,R_Xhz81T9LodPX0KB,TOYS_AND_GAMES,2020-02-13,1581606000
3537,R_YWC7NpQLctWlPVf,ELECTRONIC_CABLE,2020-02-13,1581606000
3538,R_ZkokwdIEZybYo9z,PET_FOOD,2020-02-13,1581606000
3539,R_b3dSUlk76L0C6TD,ABIS_BOOK,2020-02-13,1581606000
3540,R_b3dSUlk76L0C6TD,TOYS_AND_GAMES,2020-02-13,1581606000
3541,R_b3dSUlk76L0C6TD,FLAVORED_DRINK_CONCENTRATE,2020-02-13,1581606000
3542,R_bBgIkZfU6RwGLWF,BATTERY,2020-02-13,1581606000
3543,R_elI733GpRi0df0J,SNACK_FOOD_BAR,2020-02-13,1581606000
3544,R_elI733GpRi0df0J,REUSABLE_INCONTINENCE_SURFACE_PROTECTOR,2020-02-13,1581606000
3545,R_elI733GpRi0df0J,SKIN_CLEANING_AGENT,2020-02-13,1581606000
3546,R_eyQl26Pq4cq0Xmx,MEDICATION,2020-02-13,1581606000
3547,R_pMnqpu31myYoxy1,CELLULAR_PHONE_CASE,2020-02-13,1581606000
3548,R_pRWnSKTREPIwpSF,RESPIRATOR,2020-02-13,1581606000
3549,R_pRWnSKTREPIwpSF,SKIN_CLEANING_AGENT,2020-02-13,1581606000
3550,R_puS9dcuNnDHSZ8Z,PANTS,2020-02-13,1581606000
3551,R_sH8W9PyBq2swyLn,MATTRESS,2020-02-13,1581606000
3552,R_sotmrGe7Rv3U10J,SKIN_MOISTURIZER,2020-02-13,1581606000
3553,R_t0ccZ3CXpzqgSpr,SHOES,2020-02-13,1581606000
3554,R_t0ccZ3CXpzqgSpr,TOYS_AND_GAMES,2020-02-13,1581606000
3555,R_t0ccZ3CXpzqgSpr,MEDICATION,2020-02-13,1581606000
3556,R_t0ccZ3CXpzqgSpr,ABIS_BOOK,2020-02-13,1581606000
3557,R_t0ccZ3CXpzqgSpr,ELECTRONIC_CABLE,2020-02-13,1581606000
3558,R_t0ccZ3CXpzqgSpr,SKIN_CLEANING_AGENT,2020-02-13,1581606000
3559,R_t0ccZ3CXpzqgSpr,GROCERY,2020-02-13,1581606000
3560,R_t0ccZ3CXpzqgSpr,HEADPHONES,2020-02-13,1581606000
3561,R_t0ccZ3CXpzqgSpr,SHOES,2020-02-13,1581606000
3562,R_u9qeol6zlUcq13j,PHYSICAL_TV_SERIES,2020-02-13,1581606000
3563,R_w5bE96azoKnM6Ih,CELLULAR_PHONE_CASE,2020-02-13,1581606000
3564,R_w5bE96azoKnM6Ih,SKIN_CLEANING_AGENT,2020-02-13,1581606000
3565,R_x969WzGgXuE1CuJ,CELLULAR_PHONE_CASE,2020-02-13,1581606000
3566,R_x969WzGgXuE1CuJ,COSMETIC_NAIL_SET,2020-02-13,1581606000
3567,R_yC5ffbdBLVi93Pz,MOUTH_GUARD,2020-02-13,1581606000
3568,R_yC5ffbdBLVi93Pz,PHYSICAL_TV_SERIES,2020-02-13,1581606000
3569,R_yC5ffbdBLVi93Pz,PET_FOOD,2020-02-13,1581606000
3570,R_zTi3j2QuqAzr7NL,CELLULAR_PHONE_CASE,2020-02-13,1581606000
3571,R_0pRmRjHkwStzNQJ,SKIN_MOISTURIZER,2020-02-14,1581692400
3572,R_0pRmRjHkwStzNQJ,BABY_PRODUCT,2020-02-14,1581692400
3573,R_10CAlrx7dbJty9R,WIPER_BLADE,2020-02-14,1581692400
3574,R_1ClqO4ZMDuwGjfl,PET_FOOD,2020-02-14,1581692400
3575,R_1DOwHkGiX8DX7mF,TOY_BUILDING_BLOCK,2020-02-14,1581692400
3576,R_1DOwHkGiX8DX7mF,ABIS_BOOK,2020-02-14,1581692400
3577,R_1GVsIStj8gTkbIE,SOCKS,2020-02-14,1581692400
3578,R_1GWwhndoXXJDzDA,SCREEN_PROTECTOR,2020-02-14,1581692400
3579,R_1Hena1rUph3TnA3,VITAMIN,2020-02-14,1581692400
3580,R_1IZBlduDFUJEphM,TOYS_AND_GAMES,2020-02-14,1581692400
3581,R_1IZBlduDFUJEphM,PET_FOOD,2020-02-14,1581692400
3582,R_1Kru2C0Zf28ZbQ0,GROCERY,2020-02-14,1581692400
3583,R_1LRR1P5IQqdSvIP,SKIN_CLEANING_AGENT,2020-02-14,1581692400
3584,R_1LRR1P5IQqdSvIP,PANTS,2020-02-14,1581692400
3585,R_1LRR1P5IQqdSvIP,MEDICATION,2020-02-14,1581692400
3586,R_1LRR1P5IQqdSvIP,CELLULAR_PHONE_CASE,2020-02-14,1581692400
3587,R_1LRR1P5IQqdSvIP,CELLULAR_PHONE_CASE,2020-02-14,1581692400
3588,R_1LRR1P5IQqdSvIP,SCREEN_PROTECTOR,2020-02-14,1581692400
3589,R_1LRR1P5IQqdSvIP,TOYS_AND_GAMES,2020-02-14,1581692400
3590,R_1LRR1P5IQqdSvIP,NAIL_POLISH_REMOVER,2020-02-14,1581692400
3591,R_1LRR1P5IQqdSvIP,PANTS,2020-02-14,1581692400
3592,R_1LRR1P5IQqdSvIP,HEADPHONES,2020-02-14,1581692400
3593,R_1LRR1P5IQqdSvIP,PICTURE_FRAME,2020-02-14,1581692400
3594,R_1MJSWPNY1QR0Q68,FIREPLACE,2020-02-14,1581692400
3595,R_1QLfbB3Lho273wG,PET_FOOD,2020-02-14,1581692400
3596,R_1QLfbB3Lho273wG,FOOD_BLENDER,2020-02-14,1581692400
3597,R_1QLfbB3Lho273wG,VITAMIN,2020-02-14,1581692400
3598,R_1Qyzwfx5HrXdw4U,HEALTH_PERSONAL_CARE,2020-02-14,1581692400
3599,R_1Qyzwfx5HrXdw4U,SNACK_FOOD_BAR,2020-02-14,1581692400
3600,R_1Qyzwfx5HrXdw4U,HEALTH_PERSONAL_CARE,2020-02-14,1581692400
3601,R_1gq1l7L7YXNcp13,COOLING_RACK,2020-02-14,1581692400
3602,R_1gwL8QZGzhV0g3G,SKIN_CLEANING_AGENT,2020-02-14,1581692400
3603,R_1gwL8QZGzhV0g3G,CHEWING_GUM,2020-02-14,1581692400
3604,R_1hMV4AHCk04WO5V,TOYS_AND_GAMES,2020-02-14,1581692400
3605,R_1hMV4AHCk04WO5V,SHIRT,2020-02-14,1581692400
3606,R_1hMV4AHCk04WO5V,SUIT,2020-02-14,1581692400
3607,R_1hMV4AHCk04WO5V,HEADPHONES,2020-02-14,1581692400
3608,R_1hMV4AHCk04WO5V,GROCERY,2020-02-14,1581692400
3609,R_1jARg5bGH5uqAKW,SKIN_CLEANING_AGENT,2020-02-14,1581692400
3610,R_1jUqdfR1Zz6mZMf,ELECTRONIC_CABLE,2020-02-14,1581692400
3611,R_1jZkLNE1JdtyVpH,SNACK_FOOD_BAR,2020-02-14,1581692400
3612,R_1jZkLNE1JdtyVpH,VITAMIN,2020-02-14,1581692400
3613,R_1l4zCtGUTvAWdS6,SHOES,2020-02-14,1581692400
3614,R_1lAIBWf5Qsww7eT,BLANK_BOOK,2020-02-14,1581692400
3615,R_1lAIBWf5Qsww7eT,MOTOR_ENGINE_FUEL_TANK,2020-02-14,1581692400
3616,R_1lxYa2W6GgcAQ19,SHOES,2020-02-14,1581692400
3617,R_1nZzu0Kj9WQ8P4x,SKIN_CLEANING_AGENT,2020-02-14,1581692400
3618,R_1nZzu0Kj9WQ8P4x,TOILET_PAPER,2020-02-14,1581692400
3619,R_1nZzu0Kj9WQ8P4x,HIP_FLASK,2020-02-14,1581692400
3620,R_1ouRfsTlr2iWPge,MEDICATION,2020-02-14,1581692400
3621,R_1ouRfsTlr2iWPge,CUFF_LINK,2020-02-14,1581692400
3622,R_1pm2Wo5wrQSY0Gm,PHYSICAL_MOVIE,2020-02-14,1581692400
3623,R_1psTlOFeWx4gWdX,SWIMWEAR,2020-02-14,1581692400
3624,R_1psTlOFeWx4gWdX,SNACK_FOOD_BAR,2020-02-14,1581692400
3625,R_1psTlOFeWx4gWdX,PROJECTILE_BOW,2020-02-14,1581692400
3626,R_1psTlOFeWx4gWdX,DISHWARE_BOWL,2020-02-14,1581692400
3627,R_1q4eVtHN10S5gPB,HEALTH_PERSONAL_CARE,2020-02-14,1581692400
3628,R_1q4eVtHN10S5gPB,SNACK_FOOD_BAR,2020-02-14,1581692400
3629,R_1q4eVtHN10S5gPB,FLASH_MEMORY,2020-02-14,1581692400
3630,R_1q4eVtHN10S5gPB,FLASH_MEMORY,2020-02-14,1581692400
3631,R_1q4eVtHN10S5gPB,BATTERY,2020-02-14,1581692400
3632,R_1q7AvsyRPpTSWFi,HEADPHONES,2020-02-14,1581692400
3633,R_1qdM6yLQigCFrkd,BRAKE_KIT,2020-02-14,1581692400
3634,R_1qdM6yLQigCFrkd,HEADPHONES,2020-02-14,1581692400
3635,R_20ON9TjJWV64IZO,TOYS_AND_GAMES,2020-02-14,1581692400
3636,R_20ON9TjJWV64IZO,SPORTS_MEMORABILIA,2020-02-14,1581692400
3637,R_20Yd9DvrGselmZY,HEALTH_PERSONAL_CARE,2020-02-14,1581692400
3638,R_210tLKdUbUZuf7O,SHIRT,2020-02-14,1581692400
3639,R_21GPeeqYRjC1kb1,CABLE_ASSEMBLY,2020-02-14,1581692400
3640,R_22QYpfx86KSwry8,ELECTRONIC_CABLE,2020-02-14,1581692400
3641,R_24csoaO569P4Yzz,CELLULAR_PHONE_CASE,2020-02-14,1581692400
3642,R_25z5LHPaAsxktx7,PHYSICAL_MOVIE,2020-02-14,1581692400
3643,R_277i50HinKYVoY9,ABIS_BOOK,2020-02-14,1581692400
3644,R_277i50HinKYVoY9,PET_FOOD,2020-02-14,1581692400
3645,R_2AGpSTOzeeHqMYd,SNACK_FOOD_BAR,2020-02-14,1581692400
3646,R_2E5XCpTY2B5ZQ1f,MEDICATION,2020-02-14,1581692400
3647,R_2E5XCpTY2B5ZQ1f,BRA_UNDERWEAR_SET,2020-02-14,1581692400
3648,R_2E9JSBmmNNT5YMi,NUTRITIONAL_SUPPLEMENT,2020-02-14,1581692400
3649,R_2En0sbvQ7s48ufv,HEALTH_PERSONAL_CARE,2020-02-14,1581692400
3650,R_2QM76i5yRebcpiD,CELLULAR_PHONE_CASE,2020-02-14,1581692400
3651,R_2QXq900Df6biUD7,SKIN_CLEANING_AGENT,2020-02-14,1581692400
3652,R_2QXq900Df6biUD7,HAT,2020-02-14,1581692400
3653,R_2QXq900Df6biUD7,PAINT_BRUSH,2020-02-14,1581692400
3654,R_2R3ayuIYVgX07CZ,PHYSICAL_MOVIE,2020-02-14,1581692400
3655,R_2RUDh7piHU7frzt,VITAMIN,2020-02-14,1581692400
3656,R_2TL7w44l8M5vEok,PET_FOOD,2020-02-14,1581692400
3657,R_2TL7w44l8M5vEok,ELECTRONIC_CABLE,2020-02-14,1581692400
3658,R_2TL7w44l8M5vEok,SCREEN_PROTECTOR,2020-02-14,1581692400
3659,R_2TXBHPMwNAwKR7Q,ABIS_BOOK,2020-02-14,1581692400
3660,R_2TmKTVoITgoXQmz,PET_FOOD,2020-02-14,1581692400
3661,R_2TmKTVoITgoXQmz,LAUNDRY_DETERGENT,2020-02-14,1581692400
3662,R_2UfTIFhpicfXgPX,BOTTLE_STOPPER,2020-02-14,1581692400
3663,R_2Vjq0u3IGbVbOBl,SKIN_MOISTURIZER,2020-02-14,1581692400
3664,R_2VyUSFk11bbTVej,NUTRITIONAL_SUPPLEMENT,2020-02-14,1581692400
3665,R_2VyUSFk11bbTVej,BATH_SAFETY_SEATING,2020-02-14,1581692400
3666,R_2Xj7LtCe2Mt8jNi,SHIRT,2020-02-14,1581692400
3667,R_2YCU6JHbCzus4zy,ELECTRONIC_CABLE,2020-02-14,1581692400
3668,R_2ZEQSnRGlS7ZscC,SKIN_MOISTURIZER,2020-02-14,1581692400
3669,R_2ZEQSnRGlS7ZscC,SWING,2020-02-14,1581692400
3670,R_2ZEQSnRGlS7ZscC,SNACK_FOOD_BAR,2020-02-14,1581692400
3671,R_2alDLWrajjnLX6F,PET_FOOD,2020-02-14,1581692400
3672,R_2alDLWrajjnLX6F,HEALTH_PERSONAL_CARE,2020-02-14,1581692400
3673,R_2alDLWrajjnLX6F,LUXURY_BEAUTY,2020-02-14,1581692400
3674,R_2alDLWrajjnLX6F,CELLULAR_PHONE_CASE,2020-02-14,1581692400
3675,R_2alDLWrajjnLX6F,SANITARY_NAPKIN,2020-02-14,1581692400
3676,R_2b1XOZR0PYTA1jX,BOOT,2020-02-14,1581692400
3677,R_2b1XOZR0PYTA1jX,BARBECUE_TOOL_SET,2020-02-14,1581692400
3678,R_2b1XOZR0PYTA1jX,CELLULAR_PHONE_CASE,2020-02-14,1581692400
3679,R_2cvmrv8q51q8yh1,SCREEN_PROTECTOR,2020-02-14,1581692400
3680,R_2cvmrv8q51q8yh1,GROCERY,2020-02-14,1581692400
3681,R_2cvmrv8q51q8yh1,SKIN_FOUNDATION_CONCEALER,2020-02-14,1581692400
3682,R_2mAJniG0xVBIInL,EDIBLE_OIL_ANIMAL,2020-02-14,1581692400
3683,R_2uIMLcJgQmb0v3G,WEARABLE_COMPUTER,2020-02-14,1581692400
3684,R_2uIMLcJgQmb0v3G,PHYSICAL_MOVIE,2020-02-14,1581692400
3685,R_2wtVmKidhQR0wju,HEADPHONES,2020-02-14,1581692400
3686,R_2wtVmKidhQR0wju,NUTRITIONAL_SUPPLEMENT,2020-02-14,1581692400
3687,R_2wtVmKidhQR0wju,DESK,2020-02-14,1581692400
3688,R_2wtVmKidhQR0wju,TOYS_AND_GAMES,2020-02-14,1581692400
3689,R_2wtVmKidhQR0wju,PANTS,2020-02-14,1581692400
3690,R_301uq7vv7YTe7qQ,HEAT_TRANSFER_MATERIAL,2020-02-14,1581692400
3691,R_301uq7vv7YTe7qQ,NUTRITIONAL_SUPPLEMENT,2020-02-14,1581692400
3692,R_301uq7vv7YTe7qQ,CALISTHENICS_STAND,2020-02-14,1581692400
3693,R_3093m6Spz9VzxAK,HEADPHONES,2020-02-14,1581692400
3694,R_3093m6Spz9VzxAK,PANTS,2020-02-14,1581692400
3695,R_31QS1Ms6iQEU3mI,PANTS,2020-02-14,1581692400
3696,R_32WvdLjYpicai6o,SHIRT,2020-02-14,1581692400
3697,R_32WvdLjYpicai6o,THERAPEUTIC_THERMAL_COMPRESS,2020-02-14,1581692400
3698,R_338AsE7QedeQ72w,HEALTH_PERSONAL_CARE,2020-02-14,1581692400
3699,R_3Em4Q2OBHB3m5rz,PLUG_STOPPER,2020-02-14,1581692400
3700,R_3Em4Q2OBHB3m5rz,AIR_FRYER,2020-02-14,1581692400
3701,R_3Em4Q2OBHB3m5rz,SKIN_EXFOLIANT,2020-02-14,1581692400
3702,R_3Em4Q2OBHB3m5rz,JUICE_AND_JUICE_DRINK,2020-02-14,1581692400
3703,R_3Em4Q2OBHB3m5rz,PANTS,2020-02-14,1581692400
3704,R_3Em4Q2OBHB3m5rz,SKIN_CLEANING_AGENT,2020-02-14,1581692400
3705,R_3Em4Q2OBHB3m5rz,GROCERY,2020-02-14,1581692400
3706,R_3Em4Q2OBHB3m5rz,PET_FOOD,2020-02-14,1581692400
3707,R_3FRSHAzxtL6ifms,PORTABLE_AUDIO,2020-02-14,1581692400
3708,R_3FRSHAzxtL6ifms,PLUG_STOPPER,2020-02-14,1581692400
3709,R_3G1gYo1d23Zq8Np,COOLING_RACK,2020-02-14,1581692400
3710,R_3G1gYo1d23Zq8Np,PHYSICAL_MOVIE,2020-02-14,1581692400
3711,R_3G1gYo1d23Zq8Np,CELLULAR_PHONE_CASE,2020-02-14,1581692400
3712,R_3G1gYo1d23Zq8Np,VITAMIN,2020-02-14,1581692400
3713,R_3GD1CL4OyjglmbZ,SHIRT,2020-02-14,1581692400
3714,R_3HAk4tN4hE1Arcm,HEALTH_PERSONAL_CARE,2020-02-14,1581692400
3715,R_3HAk4tN4hE1Arcm,SHIRT,2020-02-14,1581692400
3716,R_3HAk4tN4hE1Arcm,NUTRITIONAL_SUPPLEMENT,2020-02-14,1581692400
3717,R_3J8UIMbwljBx6df,ACCESSORY,2020-02-14,1581692400
3718,R_3KpaTa6zCZitiZG,SCREEN_PROTECTOR,2020-02-14,1581692400
3719,R_3KpaTa6zCZitiZG,KNEE_PAD,2020-02-14,1581692400
3720,R_3KpaTa6zCZitiZG,CELLULAR_PHONE_CASE,2020-02-14,1581692400
3721,R_3KpaTa6zCZitiZG,PET_PEST_CONTROL,2020-02-14,1581692400
3722,R_3L20DbmNPSMtKUd,COFFEE,2020-02-14,1581692400
3723,R_3L20DbmNPSMtKUd,SHOES,2020-02-14,1581692400
3724,R_3MhBAq6V6XHU9ln,TOYS_AND_GAMES,2020-02-14,1581692400
3725,R_3MtDVQQzrp3Cm8d,TOYS_AND_GAMES,2020-02-14,1581692400
3726,R_3MtDVQQzrp3Cm8d,SHIRT,2020-02-14,1581692400
3727,R_3MyEdXOZ8P75S1V,HARD_DRIVE_ENCLOSURE,2020-02-14,1581692400
3728,R_3PaGuwKhYPfHa15,HEADPHONES,2020-02-14,1581692400
3729,R_3QJyUqWqLp8B7Jw,NUTRITIONAL_SUPPLEMENT,2020-02-14,1581692400
3730,R_3eh02tn8YjYcUoE,GROCERY,2020-02-14,1581692400
3731,R_3eh02tn8YjYcUoE,COIN_PURSE_POUCH,2020-02-14,1581692400
3732,R_3eh02tn8YjYcUoE,PHYSICAL_GIFT_CARD,2020-02-14,1581692400
3733,R_3eh02tn8YjYcUoE,SNACK_FOOD_BAR,2020-02-14,1581692400
3734,R_3eh02tn8YjYcUoE,SHIRT,2020-02-14,1581692400
3735,R_3eh02tn8YjYcUoE,HEALTH_PERSONAL_CARE,2020-02-14,1581692400
3736,R_3fBmKcLTAgFITMo,WEATHER_STATION,2020-02-14,1581692400
3737,R_3gTrwWhEzAv6gzH,NASAL_ASPIRATOR,2020-02-14,1581692400
3738,R_3gTrwWhEzAv6gzH,EXERCISE_BAND,2020-02-14,1581692400
3739,R_3jSAmu0UzDwnhQD,HEALTH_PERSONAL_CARE,2020-02-14,1581692400
3740,R_3jSAmu0UzDwnhQD,MEDICATION,2020-02-14,1581692400
3741,R_3jYVNfQkzbtT9y0,SHOES,2020-02-14,1581692400
3742,R_3nH1Odp9Yjm86gN,BOARD_GAME,2020-02-14,1581692400
3743,R_3ncO2Ifjpbb1Y4G,ANIMAL_CAGE,2020-02-14,1581692400
3744,R_3qTFp0FJqUeMhVZ,FIGURINE,2020-02-14,1581692400
3745,R_3qTFp0FJqUeMhVZ,TOYS_AND_GAMES,2020-02-14,1581692400
3746,R_3qTFp0FJqUeMhVZ,SKIN_MOISTURIZER,2020-02-14,1581692400
3747,R_3s02y9lg8GCo9q0,CHISEL,2020-02-14,1581692400
3748,R_3socPWD3wXD0iDP,PHYSICAL_MOVIE,2020-02-14,1581692400
3749,R_4PhRzF4UI9ooLh7,NUTRITIONAL_SUPPLEMENT,2020-02-14,1581692400
3750,R_4TMdmQ1SjGtT6Ex,ELECTRONIC_CABLE,2020-02-14,1581692400
3751,R_4TMdmQ1SjGtT6Ex,CELLULAR_PHONE_CASE,2020-02-14,1581692400
3752,R_4TMdmQ1SjGtT6Ex,SNACK_FOOD_BAR,2020-02-14,1581692400
3753,R_4TMdmQ1SjGtT6Ex,HOT_TUB,2020-02-14,1581692400
3754,R_4TMdmQ1SjGtT6Ex,HEALTH_PERSONAL_CARE,2020-02-14,1581692400
3755,R_89aTM1JXN8SWr3b,ART_SUPPLIES,2020-02-14,1581692400
3756,R_8CXcySQawXPuJwJ,TOYS_AND_GAMES,2020-02-14,1581692400
3757,R_8vnpSkm79W7Jsv7,BODY_POSITIONER,2020-02-14,1581692400
3758,R_AKBlDprDMrv4M7v,OUTDOOR_LIVING,2020-02-14,1581692400
3759,R_Amq2LudEdwYblXX,CELLULAR_PHONE_CASE,2020-02-14,1581692400
3760,R_BWhnv4EdbhSS6rf,MEDICATION,2020-02-14,1581692400
3761,R_D8LcojwusttCWaJ,LABEL,2020-02-14,1581692400
3762,R_D8LcojwusttCWaJ,CONCENTRATED_FLAVORING_SUBSTANCE,2020-02-14,1581692400
3763,R_D8LcojwusttCWaJ,FLOUR,2020-02-14,1581692400
3764,R_D8LcojwusttCWaJ,PARTY_FAVOR,2020-02-14,1581692400
3765,R_O6ZX76mggPnAOfD,WRITING_BOARD,2020-02-14,1581692400
3766,R_OdTirYYBS6ms6nn,VITAMIN,2020-02-14,1581692400
3767,R_OdTirYYBS6ms6nn,NUTRITIONAL_SUPPLEMENT,2020-02-14,1581692400
3768,R_Odixb15Ykmxb0Dn,STORAGE_BAG,2020-02-14,1581692400
3769,R_Odixb15Ykmxb0Dn,ABIS_MUSIC,2020-02-14,1581692400
3770,R_Qp7pqfzWe3Qmcrn,ANIMAL_COLLAR,2020-02-14,1581692400
3771,R_Qp7pqfzWe3Qmcrn,PANTS,2020-02-14,1581692400
3772,R_RlYyUhsDFvyGwX7,VEST,2020-02-14,1581692400
3773,R_SDxHC9YZwYTKedz,CELLULAR_PHONE_CASE,2020-02-14,1581692400
3774,R_Xhz81T9LodPX0KB,SANDER,2020-02-14,1581692400
3775,R_Xhz81T9LodPX0KB,SHIRT,2020-02-14,1581692400
3776,R_Xhz81T9LodPX0KB,SCREEN_PROTECTOR,2020-02-14,1581692400
3777,R_Xhz81T9LodPX0KB,ELECTRONIC_CABLE,2020-02-14,1581692400
3778,R_Xhz81T9LodPX0KB,SHIRT,2020-02-14,1581692400
3779,R_Xhz81T9LodPX0KB,MEDICATION,2020-02-14,1581692400
3780,R_Xhz81T9LodPX0KB,SWIMMING_POOL,2020-02-14,1581692400
3781,R_Xhz81T9LodPX0KB,SHOES,2020-02-14,1581692400
3782,R_Xt4H8BJ1Vx7ws8h,SKIN_MOISTURIZER,2020-02-14,1581692400
3783,R_Y4jCkfTFzvtw5SF,BED_CURTAIN,2020-02-14,1581692400
3784,R_Y4jCkfTFzvtw5SF,SNACK_FOOD_BAR,2020-02-14,1581692400
3785,R_Y4jCkfTFzvtw5SF,GUN_SUPPORT,2020-02-14,1581692400
3786,R_Y4jCkfTFzvtw5SF,TOYS_AND_GAMES,2020-02-14,1581692400
3787,R_Y4jCkfTFzvtw5SF,SHEET_PAPER,2020-02-14,1581692400
3788,R_YWC7NpQLctWlPVf,ELECTRONIC_ADAPTER,2020-02-14,1581692400
3789,R_ZkokwdIEZybYo9z,SNACK_CHIP_AND_CRISP,2020-02-14,1581692400
3790,R_ZkokwdIEZybYo9z,SNACK_FOOD_BAR,2020-02-14,1581692400
3791,R_ZkokwdIEZybYo9z,SKIN_CLEANING_AGENT,2020-02-14,1581692400
3792,R_Zwn68Xfx8lenBER,GROCERY,2020-02-14,1581692400
3793,R_b3NWnTBcFyWqXjH,HEALTH_PERSONAL_CARE,2020-02-14,1581692400
3794,R_puS9dcuNnDHSZ8Z,SHOE_INSERT,2020-02-14,1581692400
3795,R_puS9dcuNnDHSZ8Z,NAIL_CLIPPER,2020-02-14,1581692400
3796,R_puS9dcuNnDHSZ8Z,PANTS,2020-02-14,1581692400
3797,R_r3IM83Ecq7eY7QJ,SHOES,2020-02-14,1581692400
3798,R_uqbcSq7y153jKmZ,HAIR_DRYER,2020-02-14,1581692400
3799,R_uwVFb8VFUUGbCBH,VACUUM_CLEANER_BAG,2020-02-14,1581692400
3800,R_uwVFb8VFUUGbCBH,HEADPHONES,2020-02-14,1581692400
3801,R_vD2O13NgdnWBXMt,GARMENT_STEAMER,2020-02-14,1581692400
3802,R_vYtQIbKQv9vFKuZ,CELLULAR_PHONE,2020-02-14,1581692400
3803,R_voSNwyVcZWdCTJv,SKIN_MOISTURIZER,2020-02-14,1581692400
3804,R_xc0AiqTlV5cTvZn,SNACK_FOOD_BAR,2020-02-14,1581692400
3805,R_xc0AiqTlV5cTvZn,PET_FOOD,2020-02-14,1581692400
3806,R_xc0AiqTlV5cTvZn,HERBAL_SUPPLEMENT,2020-02-14,1581692400
3807,R_0InTWTWokrqzy3n,APPAREL_GLOVES,2020-02-15,1581778800
3808,R_10CAlrx7dbJty9R,TOYS_AND_GAMES,2020-02-15,1581778800
3809,R_10CAlrx7dbJty9R,CELLULAR_PHONE_CASE,2020-02-15,1581778800
3810,R_10CAlrx7dbJty9R,PANTS,2020-02-15,1581778800
3811,R_129jUlsvVcVBDur,HEALTH_PERSONAL_CARE,2020-02-15,1581778800
3812,R_1C75XRebT1eliL0,RUG_PAD,2020-02-15,1581778800
3813,R_1C75XRebT1eliL0,DISHWASHER_DETERGENT,2020-02-15,1581778800
3814,R_1C8w4NDDQC5fcgE,SCREEN_PROTECTOR,2020-02-15,1581778800
3815,R_1C8w4NDDQC5fcgE,BICYCLE_BASKET,2020-02-15,1581778800
3816,R_1CIQjlABWt7jZWc,VEHICLE_TIRE,2020-02-15,1581778800
3817,R_1Cx2TzfSj9KxVhR,SKIN_MOISTURIZER,2020-02-15,1581778800
3818,R_1Cx2TzfSj9KxVhR,PHYSICAL_MOVIE,2020-02-15,1581778800
3819,R_1Cx2TzfSj9KxVhR,VITAMIN,2020-02-15,1581778800
3820,R_1Cx2TzfSj9KxVhR,ELECTRONIC_CABLE,2020-02-15,1581778800
3821,R_1DYWdbAMt6LyCZH,SNACK_FOOD_BAR,2020-02-15,1581778800
3822,R_1DYWdbAMt6LyCZH,SCREEN_PROTECTOR,2020-02-15,1581778800
3823,R_1Fyt6rHyiQcVOT8,VEHICLE_MAT,2020-02-15,1581778800
3824,R_1GVsIStj8gTkbIE,BEVERAGE,2020-02-15,1581778800
3825,R_1LFmho6mBajcceh,SHELLFISH,2020-02-15,1581778800
3826,R_1MTbVUzYEQq2MzU,WATER_DISPENSER,2020-02-15,1581778800
3827,R_1MTbVUzYEQq2MzU,PROTEIN_SUPPLEMENT_POWDER,2020-02-15,1581778800
3828,R_1NDq0rxoUSu6oyz,SKIN_MOISTURIZER,2020-02-15,1581778800
3829,R_1NDq0rxoUSu6oyz,SKIN_CLEANING_AGENT,2020-02-15,1581778800
3830,R_1dFu7LeBJE3Wd6p,CELLULAR_PHONE_CASE,2020-02-15,1581778800
3831,R_1dKBjc0UTA0ZiYb,SNACK_FOOD_BAR,2020-02-15,1581778800
3832,R_1dKBjc0UTA0ZiYb,ABIS_BOOK,2020-02-15,1581778800
3833,R_1gG5xibh48txT6f,KITCHEN,2020-02-15,1581778800
3834,R_1gG5xibh48txT6f,ADHESIVE_TAPES,2020-02-15,1581778800
3835,R_1hMV4AHCk04WO5V,SKIN_MOISTURIZER,2020-02-15,1581778800
3836,R_1hMV4AHCk04WO5V,JUICE_AND_JUICE_DRINK,2020-02-15,1581778800
3837,R_1hMV4AHCk04WO5V,HEALTH_PERSONAL_CARE,2020-02-15,1581778800
3838,R_1hMV4AHCk04WO5V,PANTS,2020-02-15,1581778800
3839,R_1hMV4AHCk04WO5V,SCREEN_PROTECTOR,2020-02-15,1581778800
3840,R_1hMV4AHCk04WO5V,TOYS_AND_GAMES,2020-02-15,1581778800
3841,R_1ig4LC2I0cwMCHk,HEADPHONES,2020-02-15,1581778800
3842,R_1jdLI5cWhAhAzSB,BATTERY,2020-02-15,1581778800
3843,R_1jdLI5cWhAhAzSB,WRITING_PAPER,2020-02-15,1581778800
3844,R_1lAIBWf5Qsww7eT,SHIRT,2020-02-15,1581778800
3845,R_1lfNYOmsEIqOn65,BAKING_PAN,2020-02-15,1581778800
3846,R_1luTSUbcBgaFCl6,LAUNDRY_APPLIANCE,2020-02-15,1581778800
3847,R_1lxYa2W6GgcAQ19,TOYS_AND_GAMES,2020-02-15,1581778800
3848,R_1pm2Wo5wrQSY0Gm,ABIS_BOOK,2020-02-15,1581778800
3849,R_1roTOelTygZr5G8,SNACK_MIX,2020-02-15,1581778800
3850,R_22DJIjS0M8yvaYO,OVERALLS,2020-02-15,1581778800
3851,R_22Gj4pgXDsezuKw,PET_FOOD,2020-02-15,1581778800
3852,R_24csoaO569P4Yzz,TABLETOP_GAME,2020-02-15,1581778800
3853,R_24csoaO569P4Yzz,TOYS_AND_GAMES,2020-02-15,1581778800
3854,R_24csoaO569P4Yzz,SCREEN_PROTECTOR,2020-02-15,1581778800
3855,R_24dbGLxukEKohG6,CELLULAR_PHONE_CASE,2020-02-15,1581778800
3856,R_24dbGLxukEKohG6,SCREEN_PROTECTOR,2020-02-15,1581778800
3857,R_24dbGLxukEKohG6,GROCERY,2020-02-15,1581778800
3858,R_24dbGLxukEKohG6,SHOES,2020-02-15,1581778800
3859,R_25KMnVsE9ynaHcA,RICE_MIX,2020-02-15,1581778800
3860,R_25Wwg273Uw26jA1,HEALTH_PERSONAL_CARE,2020-02-15,1581778800
3861,R_277i50HinKYVoY9,PET_FOOD,2020-02-15,1581778800
3862,R_29iGyG3WSmKo5Te,HEALTH_PERSONAL_CARE,2020-02-15,1581778800
3863,R_29iGyG3WSmKo5Te,MEDICATION,2020-02-15,1581778800
3864,R_29iGyG3WSmKo5Te,ELECTRONIC_CABLE,2020-02-15,1581778800
3865,R_29iGyG3WSmKo5Te,HEADPHONES,2020-02-15,1581778800
3866,R_29oUfTgQ6sWbFG2,BATTERY,2020-02-15,1581778800
3867,R_2AGpSTOzeeHqMYd,HEAT_SINK,2020-02-15,1581778800
3868,R_2AGpSTOzeeHqMYd,PET_FOOD,2020-02-15,1581778800
3869,R_2AXrxS8YlU9cken,CALISTHENICS_STAND,2020-02-15,1581778800
3870,R_2AXrxS8YlU9cken,GROCERY,2020-02-15,1581778800
3871,R_2B38co9cwVRvVZA,BATTERY,2020-02-15,1581778800
3872,R_2BesSIAnd7POW2C,PET_FOOD,2020-02-15,1581778800
3873,R_2BstrkPd4gMc6Ih,BACKPACK,2020-02-15,1581778800
3874,R_2DV0bsqugjyav1y,SHIRT,2020-02-15,1581778800
3875,R_2DV0bsqugjyav1y,SPORTS_MEMORABILIA,2020-02-15,1581778800
3876,R_2E9JSBmmNNT5YMi,BATTERY,2020-02-15,1581778800
3877,R_2E9JSBmmNNT5YMi,TOYS_AND_GAMES,2020-02-15,1581778800
3878,R_2E9JSBmmNNT5YMi,PANTS,2020-02-15,1581778800
3879,R_2E9JSBmmNNT5YMi,PHYSICAL_MOVIE,2020-02-15,1581778800
3880,R_2E9JSBmmNNT5YMi,SNACK_FOOD_BAR,2020-02-15,1581778800
3881,R_2E9JSBmmNNT5YMi,ABIS_MUSIC,2020-02-15,1581778800
3882,R_2E9JSBmmNNT5YMi,SHIRT,2020-02-15,1581778800
3883,R_2E9JSBmmNNT5YMi,VITAMIN,2020-02-15,1581778800
3884,R_2E9JSBmmNNT5YMi,TOYS_AND_GAMES,2020-02-15,1581778800
3885,R_2E9JSBmmNNT5YMi,PUZZLES,2020-02-15,1581778800
3886,R_2E9JSBmmNNT5YMi,SCULPTING_MATERIAL,2020-02-15,1581778800
3887,R_2E9JSBmmNNT5YMi,NUTRITIONAL_SUPPLEMENT,2020-02-15,1581778800
3888,R_2E9JSBmmNNT5YMi,MONITOR,2020-02-15,1581778800
3889,R_2E9JSBmmNNT5YMi,GROCERY,2020-02-15,1581778800
3890,R_2E9JSBmmNNT5YMi,DRESS,2020-02-15,1581778800
3891,R_2E9JSBmmNNT5YMi,SHIRT,2020-02-15,1581778800
3892,R_2EglJpTWGEiwQYa,SHOES,2020-02-15,1581778800
3893,R_2EglJpTWGEiwQYa,NUTRITIONAL_SUPPLEMENT,2020-02-15,1581778800
3894,R_2EglJpTWGEiwQYa,ELECTRONIC_CABLE,2020-02-15,1581778800
3895,R_2EglJpTWGEiwQYa,ABIS_BOOK,2020-02-15,1581778800
3896,R_2EglJpTWGEiwQYa,PET_FOOD,2020-02-15,1581778800
3897,R_2EglJpTWGEiwQYa,GROCERY,2020-02-15,1581778800
3898,R_2EglJpTWGEiwQYa,SHIRT,2020-02-15,1581778800
3899,R_2EglJpTWGEiwQYa,SNACK_FOOD_BAR,2020-02-15,1581778800
3900,R_2EglJpTWGEiwQYa,PET_FOOD,2020-02-15,1581778800
3901,R_2Ser7goSgo0gVBj,ABIS_BOOK,2020-02-15,1581778800
3902,R_2Ser7goSgo0gVBj,SCREEN_PROTECTOR,2020-02-15,1581778800
3903,R_2Ser7goSgo0gVBj,NUTRITIONAL_SUPPLEMENT,2020-02-15,1581778800
3904,R_2Ser7goSgo0gVBj,MENSTRUAL_CUP,2020-02-15,1581778800
3905,R_2UgruQ1jzpNXLQZ,SNACK_FOOD_BAR,2020-02-15,1581778800
3906,R_2VaWg2jhtCG6zmh,CONSUMER_ELECTRONICS,2020-02-15,1581778800
3907,R_2VyUSFk11bbTVej,NUTRITIONAL_SUPPLEMENT,2020-02-15,1581778800
3908,R_2VyUSFk11bbTVej,MEDICATION,2020-02-15,1581778800
3909,R_2VyUSFk11bbTVej,LIGHT_BULB,2020-02-15,1581778800
3910,R_2VyUSFk11bbTVej,GROCERY,2020-02-15,1581778800
3911,R_2YKPfnktaDrPIYT,APPAREL_HEAD_NECK_COVERING,2020-02-15,1581778800
3912,R_2YKPfnktaDrPIYT,ELECTRONIC_CABLE,2020-02-15,1581778800
3913,R_2YKPfnktaDrPIYT,BATTERY,2020-02-15,1581778800
3914,R_2YKPfnktaDrPIYT,SKIN_CLEANING_AGENT,2020-02-15,1581778800
3915,R_2YVQQRVSdj7M8Va,GLUCOSE_METER,2020-02-15,1581778800
3916,R_2ZEQSnRGlS7ZscC,PHONE_ACCESSORY,2020-02-15,1581778800
3917,R_2ZEQSnRGlS7ZscC,MEDICATION,2020-02-15,1581778800
3918,R_2ZEQSnRGlS7ZscC,JUICER,2020-02-15,1581778800
3919,R_2ZEQSnRGlS7ZscC,NUTRITIONAL_SUPPLEMENT,2020-02-15,1581778800
3920,R_2ZEQSnRGlS7ZscC,ORTHOPEDIC_BRACE,2020-02-15,1581778800
3921,R_2ZEQSnRGlS7ZscC,MEDICATION,2020-02-15,1581778800
3922,R_2ZEQSnRGlS7ZscC,MAJOR_HOME_APPLIANCES,2020-02-15,1581778800
3923,R_2ZEQSnRGlS7ZscC,CORRECTIVE_EYEGLASSES,2020-02-15,1581778800
3924,R_2ZEQSnRGlS7ZscC,DRAIN_OPENER_SUBSTANCE,2020-02-15,1581778800
3925,R_2ZEQSnRGlS7ZscC,CYCLING_TIRE_TUBE,2020-02-15,1581778800
3926,R_2ZEQSnRGlS7ZscC,SKIN_MOISTURIZER,2020-02-15,1581778800
3927,R_2ZEQSnRGlS7ZscC,HEALTH_PERSONAL_CARE,2020-02-15,1581778800
3928,R_2ZEQSnRGlS7ZscC,DRAIN_OPENER_SUBSTANCE,2020-02-15,1581778800
3929,R_2ZEQSnRGlS7ZscC,MARBLE_TRACK,2020-02-15,1581778800
3930,R_2ZEQSnRGlS7ZscC,HAIR_BRUSH,2020-02-15,1581778800
3931,R_2ZEQSnRGlS7ZscC,SKIN_CLEANING_AGENT,2020-02-15,1581778800
3932,R_2ZEQSnRGlS7ZscC,HOBBIES,2020-02-15,1581778800
3933,R_2ZEQSnRGlS7ZscC,ORTHOPEDIC_BRACE,2020-02-15,1581778800
3934,R_2ZEQSnRGlS7ZscC,CYCLING_TIRE_TUBE,2020-02-15,1581778800
3935,R_2ZEQSnRGlS7ZscC,VITAMIN,2020-02-15,1581778800
3936,R_2ZEQSnRGlS7ZscC,COFFEE_FILTER,2020-02-15,1581778800
3937,R_2b1XOZR0PYTA1jX,JEWELRY_FINDING,2020-02-15,1581778800
3938,R_2cd9jCAamQMAsxe,HEADPHONES,2020-02-15,1581778800
3939,R_2foIkyims4WyyYQ,NUTRITIONAL_SUPPLEMENT,2020-02-15,1581778800
3940,R_2foIkyims4WyyYQ,WEIGH_SCALE,2020-02-15,1581778800
3941,R_2foIkyims4WyyYQ,MEDICATION,2020-02-15,1581778800
3942,R_2foIkyims4WyyYQ,SYSTEM_POWER_DEVICE,2020-02-15,1581778800
3943,R_2foIkyims4WyyYQ,PHYSICAL_MOVIE,2020-02-15,1581778800
3944,R_2q2hekIiutgInrE,SKIN_CLEANING_AGENT,2020-02-15,1581778800
3945,R_2q2hekIiutgInrE,PET_FOOD,2020-02-15,1581778800
3946,R_2qD8ep8d313iLj4,PHYSICAL_MOVIE,2020-02-15,1581778800
3947,R_2rVp4uDv9fYIfdd,BED_CURTAIN,2020-02-15,1581778800
3948,R_2ri4RVtvkxnZzHj,SNACK_FOOD_BAR,2020-02-15,1581778800
3949,R_2ri4RVtvkxnZzHj,BEAUTY,2020-02-15,1581778800
3950,R_2ri4RVtvkxnZzHj,ITEM_CONTAINER,2020-02-15,1581778800
3951,R_2ri4RVtvkxnZzHj,NUTRITIONAL_SUPPLEMENT,2020-02-15,1581778800
3952,R_2sSaxHDwxRTJZP3,DISPOSABLE_INCONTINENCE_SURFACE_PROTECTOR,2020-02-15,1581778800
3953,R_2tfEDXuyNRcQoWs,GROCERY,2020-02-15,1581778800
3954,R_2tfEDXuyNRcQoWs,PET_FOOD,2020-02-15,1581778800
3955,R_2tfHzrdo6EEaiWi,VITAMIN,2020-02-15,1581778800
3956,R_2uIMLcJgQmb0v3G,HAIR_STYLING_AGENT,2020-02-15,1581778800
3957,R_2vYO5d3Ry8qjf5g,SPLASH_POOL,2020-02-15,1581778800
3958,R_2vYeXyFdrSyrVwh,CAPACITOR,2020-02-15,1581778800
3959,R_2woyYEH5qlAG264,ELECTRONIC_CABLE,2020-02-15,1581778800
3960,R_2woyYEH5qlAG264,CELLULAR_PHONE_CASE,2020-02-15,1581778800
3961,R_2y7p58Cp5veeRa6,ABIS_DRUGSTORE,2020-02-15,1581778800
3962,R_2yplkUxhAWZaFUL,BATTERY,2020-02-15,1581778800
3963,R_2z7rLZb69WuqDdf,DIGITAL_DEVICE_7,2020-02-15,1581778800
3964,R_2z7rLZb69WuqDdf,MATTRESS,2020-02-15,1581778800
3965,R_301uq7vv7YTe7qQ,VITAMIN,2020-02-15,1581778800
3966,R_301uq7vv7YTe7qQ,CEREAL,2020-02-15,1581778800
3967,R_301uq7vv7YTe7qQ,SHIRT,2020-02-15,1581778800
3968,R_30pLPRle51eRImG,MEDICATION,2020-02-15,1581778800
3969,R_31QS1Ms6iQEU3mI,BATTERY,2020-02-15,1581778800
3970,R_31XTJUT1qHoBGRZ,COSTUME_MASK,2020-02-15,1581778800
3971,R_31XTJUT1qHoBGRZ,SKIN_CLEANING_AGENT,2020-02-15,1581778800
3972,R_32UZncFA03IrQwQ,HARDWARE_CLAMP_VISE,2020-02-15,1581778800
3973,R_3CVMAH13SNAWjLZ,CELLULAR_PHONE_CASE,2020-02-15,1581778800
3974,R_3Em4Q2OBHB3m5rz,STRINGED_INSTRUMENTS,2020-02-15,1581778800
3975,R_3G1gYo1d23Zq8Np,BATTERY,2020-02-15,1581778800
3976,R_3GD1CL4OyjglmbZ,PET_FOOD,2020-02-15,1581778800
3977,R_3GiFHVWzYKHT1F5,SHOVEL_SPADE,2020-02-15,1581778800
3978,R_3GiFHVWzYKHT1F5,PANTS,2020-02-15,1581778800
3979,R_3GiFHVWzYKHT1F5,SKIN_CLEANING_AGENT,2020-02-15,1581778800
3980,R_3HAk4tN4hE1Arcm,PET_FOOD,2020-02-15,1581778800
3981,R_3Hphzg7zu04Hgy1,PANTS,2020-02-15,1581778800
3982,R_3Hphzg7zu04Hgy1,SHIRT,2020-02-15,1581778800
3983,R_3HzRfw5sNEvrFRf,NUTRITIONAL_SUPPLEMENT,2020-02-15,1581778800
3984,R_3IQQB0Dtvv9riqZ,MEDICATION,2020-02-15,1581778800
3985,R_3IQQB0Dtvv9riqZ,POWER_BANK,2020-02-15,1581778800
3986,R_3IQQB0Dtvv9riqZ,GROCERY,2020-02-15,1581778800
3987,R_3IQQB0Dtvv9riqZ,SKIN_MOISTURIZER,2020-02-15,1581778800
3988,R_3IQQB0Dtvv9riqZ,SCREEN_PROTECTOR,2020-02-15,1581778800
3989,R_3IQQB0Dtvv9riqZ,SKIN_MOISTURIZER,2020-02-15,1581778800
3990,R_3KxaCMXQTDz1Z7P,SHIRT,2020-02-15,1581778800
3991,R_3LXRVZSdJiqH63S,SHIRT,2020-02-15,1581778800
3992,R_3M0euO2kPnoHrdt,SEWING_MACHINE,2020-02-15,1581778800
3993,R_3M0euO2kPnoHrdt,SKIN_CLEANING_AGENT,2020-02-15,1581778800
3994,R_3M0euO2kPnoHrdt,SELF_TANNER,2020-02-15,1581778800
3995,R_3M0euO2kPnoHrdt,GROCERY,2020-02-15,1581778800
3996,R_3M0euO2kPnoHrdt,SHIRT,2020-02-15,1581778800
3997,R_3M0euO2kPnoHrdt,MARKING_PEN,2020-02-15,1581778800
3998,R_3M0euO2kPnoHrdt,TEXTILE_DEODORIZER,2020-02-15,1581778800
3999,R_3MMW2ivCFCtjHIe,PHYSICAL_MOVIE,2020-02-15,1581778800
4000,R_3MMW2ivCFCtjHIe,COOKING_POT,2020-02-15,1581778800
4001,R_3Mc9nZhk6fg7b8z,PHYSICAL_MOVIE,2020-02-15,1581778800
4002,R_3OdXDDGsG2bvbXb,FOOD_PROCESSOR,2020-02-15,1581778800
4003,R_3QWPI81N7eJPgeK,SKIN_CLEANING_AGENT,2020-02-15,1581778800
4004,R_3RpTNwsri1SSxeL,BATTERY,2020-02-15,1581778800
4005,R_3VRB9w5rAtqNoWt,GROCERY,2020-02-15,1581778800
4006,R_3dVMhrjV0qUkHSh,CELLULAR_PHONE_CASE,2020-02-15,1581778800
4007,R_3ebnP0qUIQ7u38i,MARKING_PEN,2020-02-15,1581778800
4008,R_3ebnP0qUIQ7u38i,NUTRITIONAL_SUPPLEMENT,2020-02-15,1581778800
4009,R_3ebnP0qUIQ7u38i,SHIRT,2020-02-15,1581778800
4010,R_3eh02tn8YjYcUoE,MEDICAL_SCRUB_SET,2020-02-15,1581778800
4011,R_3ek9YZGdsDHjUZf,BATTERY,2020-02-15,1581778800
4012,R_3lYUnPKDsGA54tw,HEALTH_PERSONAL_CARE,2020-02-15,1581778800
4013,R_3mm166mlwrLpf6y,SAUCE,2020-02-15,1581778800
4014,R_3oO3DoeTgXHrEzx,BATHING_SPONGE,2020-02-15,1581778800
4015,R_3oO3DoeTgXHrEzx,BATTERY,2020-02-15,1581778800
4016,R_3oO3DoeTgXHrEzx,CELLULAR_PHONE_CASE,2020-02-15,1581778800
4017,R_3oO3DoeTgXHrEzx,TOYS_AND_GAMES,2020-02-15,1581778800
4018,R_3oO3DoeTgXHrEzx,PET_FOOD,2020-02-15,1581778800
4019,R_3oO3DoeTgXHrEzx,SANITARY_NAPKIN,2020-02-15,1581778800
4020,R_3p8Rjor8VyZP2Qp,SKIN_CLEANING_AGENT,2020-02-15,1581778800
4021,R_3p8Rjor8VyZP2Qp,ABIS_BOOK,2020-02-15,1581778800
4022,R_3p8Rjor8VyZP2Qp,ELECTRONIC_CABLE,2020-02-15,1581778800
4023,R_3qPt2VOIZdr6Kio,REINFORCED_ART_SURFACE,2020-02-15,1581778800
4024,R_3qqdzQnCaBYHx9o,NUTRITIONAL_SUPPLEMENT,2020-02-15,1581778800
4025,R_3qqdzQnCaBYHx9o,ABIS_BOOK,2020-02-15,1581778800
4026,R_3qqdzQnCaBYHx9o,BAKEWARE,2020-02-15,1581778800
4027,R_3rZHdmB75jSgwhr,ELECTRONIC_CABLE,2020-02-15,1581778800
4028,R_3rZHdmB75jSgwhr,VEHICLE_MIRROR,2020-02-15,1581778800
4029,R_3rZHdmB75jSgwhr,VEHICLE_MIRROR,2020-02-15,1581778800
4030,R_3rZHdmB75jSgwhr,SHIRT,2020-02-15,1581778800
4031,R_3rZHdmB75jSgwhr,CANDLE_HOLDER,2020-02-15,1581778800
4032,R_3rZHdmB75jSgwhr,CAMERA_CONTINUOUS_LIGHT,2020-02-15,1581778800
4033,R_3rZHdmB75jSgwhr,MEDICATION,2020-02-15,1581778800
4034,R_3rZHdmB75jSgwhr,VACUUM_CLEANER,2020-02-15,1581778800
4035,R_3rZHdmB75jSgwhr,PET_FOOD,2020-02-15,1581778800
4036,R_3rZHdmB75jSgwhr,ELECTRONIC_CABLE,2020-02-15,1581778800
4037,R_3rZHdmB75jSgwhr,PET_FOOD,2020-02-15,1581778800
4038,R_3rZHdmB75jSgwhr,SKIN_MOISTURIZER,2020-02-15,1581778800
4039,R_3rZHdmB75jSgwhr,SHOES,2020-02-15,1581778800
4040,R_3rZHdmB75jSgwhr,NUTRITIONAL_SUPPLEMENT,2020-02-15,1581778800
4041,R_3s60LmlFm5fAEP5,PET_FOOD,2020-02-15,1581778800
4042,R_3socPWD3wXD0iDP,SHOES,2020-02-15,1581778800
4043,R_3socPWD3wXD0iDP,SNACK_FOOD_BAR,2020-02-15,1581778800
4044,R_4PhRzF4UI9ooLh7,APPLIANCE_ACCESSORY,2020-02-15,1581778800
4045,R_55BKHeW1aOzYOUp,GROCERY,2020-02-15,1581778800
4046,R_8CXcySQawXPuJwJ,VITAMIN,2020-02-15,1581778800
4047,R_8CXcySQawXPuJwJ,JEWELRY_FINDING,2020-02-15,1581778800
4048,R_8CXcySQawXPuJwJ,PAJAMAS,2020-02-15,1581778800
4049,R_8CXcySQawXPuJwJ,PET_BED_MAT,2020-02-15,1581778800
4050,R_8CXcySQawXPuJwJ,PANTS,2020-02-15,1581778800
4051,R_8CXcySQawXPuJwJ,VITAMIN,2020-02-15,1581778800
4052,R_8CXcySQawXPuJwJ,STROLLER,2020-02-15,1581778800
4053,R_8CXcySQawXPuJwJ,SHOES,2020-02-15,1581778800
4054,R_8CXcySQawXPuJwJ,SNACK_FOOD_BAR,2020-02-15,1581778800
4055,R_8CXcySQawXPuJwJ,SHIRT,2020-02-15,1581778800
4056,R_8CXcySQawXPuJwJ,ABIS_BOOK,2020-02-15,1581778800
4057,R_8CXcySQawXPuJwJ,SHIRT,2020-02-15,1581778800
4058,R_8CXcySQawXPuJwJ,SKIN_CLEANING_AGENT,2020-02-15,1581778800
4059,R_8CXcySQawXPuJwJ,GROCERY,2020-02-15,1581778800
4060,R_9yOmfJyU0rNZGW5,COFFEE,2020-02-15,1581778800
4061,R_A1fku0XPEwwfhC1,ABIS_BOOK,2020-02-15,1581778800
4062,R_AKBlDprDMrv4M7v,WATER_PUMP,2020-02-15,1581778800
4063,R_AKBlDprDMrv4M7v,MEDICATION,2020-02-15,1581778800
4064,R_AKBlDprDMrv4M7v,HEALTH_PERSONAL_CARE,2020-02-15,1581778800
4065,R_ApVmIUhdKhewFtn,TOYS_AND_GAMES,2020-02-15,1581778800
4066,R_BWhnv4EdbhSS6rf,HEALTH_PERSONAL_CARE,2020-02-15,1581778800
4067,R_BWhnv4EdbhSS6rf,MEDICATION,2020-02-15,1581778800
4068,R_BWhnv4EdbhSS6rf,WASTE_BAG,2020-02-15,1581778800
4069,R_BWhnv4EdbhSS6rf,TOYS_AND_GAMES,2020-02-15,1581778800
4070,R_BWhnv4EdbhSS6rf,PANTS,2020-02-15,1581778800
4071,R_BWhnv4EdbhSS6rf,TOYS_AND_GAMES,2020-02-15,1581778800
4072,R_BWhnv4EdbhSS6rf,SKIN_MOISTURIZER,2020-02-15,1581778800
4073,R_BWhnv4EdbhSS6rf,PHYSICAL_MOVIE,2020-02-15,1581778800
4074,R_BWhnv4EdbhSS6rf,ABIS_BOOK,2020-02-15,1581778800
4075,R_BWhnv4EdbhSS6rf,ABIS_BOOK,2020-02-15,1581778800
4076,R_BWhnv4EdbhSS6rf,COFFEE,2020-02-15,1581778800
4077,R_BWhnv4EdbhSS6rf,SHELF,2020-02-15,1581778800
4078,R_BWhnv4EdbhSS6rf,GUITARS,2020-02-15,1581778800
4079,R_BWhnv4EdbhSS6rf,FLAVORED_DRINK_CONCENTRATE,2020-02-15,1581778800
4080,R_BWhnv4EdbhSS6rf,SKIN_MOISTURIZER,2020-02-15,1581778800
4081,R_O6ZX76mggPnAOfD,BLANK_BOOK,2020-02-15,1581778800
4082,R_V416ZQ4Q4ElD1yF,SKIN_MOISTURIZER,2020-02-15,1581778800
4083,R_V416ZQ4Q4ElD1yF,TOYS_AND_GAMES,2020-02-15,1581778800
4084,R_V416ZQ4Q4ElD1yF,CALISTHENICS_STAND,2020-02-15,1581778800
4085,R_V416ZQ4Q4ElD1yF,NUTRITIONAL_SUPPLEMENT,2020-02-15,1581778800
4086,R_V416ZQ4Q4ElD1yF,SNACK_FOOD_BAR,2020-02-15,1581778800
4087,R_V416ZQ4Q4ElD1yF,SCREEN_PROTECTOR,2020-02-15,1581778800
4088,R_WerZwuLkMK4zfVf,COMPUTER_INPUT_DEVICE_ACCESSORY,2020-02-15,1581778800
4089,R_WerZwuLkMK4zfVf,BATTERY,2020-02-15,1581778800
4090,R_XsIUODlniv0lMu5,MOISTURIZING_SOCK_GLOVE,2020-02-15,1581778800
4091,R_XuCuybjxPer1OeJ,SHOES,2020-02-15,1581778800
4092,R_XuCuybjxPer1OeJ,SHIRT,2020-02-15,1581778800
4093,R_XwiCirQyfwJzVtv,PET_FOOD,2020-02-15,1581778800
4094,R_XwiCirQyfwJzVtv,INSTALLATION_SERVICES,2020-02-15,1581778800
4095,R_XwiCirQyfwJzVtv,PERSONAL_PILL_DISPENSER,2020-02-15,1581778800
4096,R_XwiCirQyfwJzVtv,PET_FOOD,2020-02-15,1581778800
4097,R_XwiCirQyfwJzVtv,TOYS_AND_GAMES,2020-02-15,1581778800
4098,R_XwiCirQyfwJzVtv,BABY_JUMPER_WALKER,2020-02-15,1581778800
4099,R_d5O7dqvA1EWCrPb,VITAMIN,2020-02-15,1581778800
4100,R_d5O7dqvA1EWCrPb,POOL_VACUUM,2020-02-15,1581778800
4101,R_d5O7dqvA1EWCrPb,ELECTRONIC_CABLE,2020-02-15,1581778800
4102,R_dnb5fN79bJTa6Up,MEDICATION,2020-02-15,1581778800
4103,R_dnb5fN79bJTa6Up,HEALTH_PERSONAL_CARE,2020-02-15,1581778800
4104,R_e8KTElZZLWryLWp,GROCERY,2020-02-15,1581778800
4105,R_pRWnSKTREPIwpSF,PHOTOGRAPHIC_LIGHTING,2020-02-15,1581778800
4106,R_sotmrGe7Rv3U10J,CELLULAR_PHONE_CASE,2020-02-15,1581778800
4107,R_tFf2GViNMUolxaV,HEALTH_PERSONAL_CARE,2020-02-15,1581778800
4108,R_tFf2GViNMUolxaV,CISTERN,2020-02-15,1581778800
4109,R_tFf2GViNMUolxaV,NUTRITIONAL_SUPPLEMENT,2020-02-15,1581778800
4110,R_uqbcSq7y153jKmZ,SKIN_MOISTURIZER,2020-02-15,1581778800
4111,R_vBkhPDT0skiOO2J,ELECTRONIC_CABLE,2020-02-15,1581778800
4112,R_vYtQIbKQv9vFKuZ,PHYSICAL_MOVIE,2020-02-15,1581778800
4113,R_vYtQIbKQv9vFKuZ,GROCERY,2020-02-15,1581778800
4114,R_vYtQIbKQv9vFKuZ,TOYS_AND_GAMES,2020-02-15,1581778800
4115,R_xsyCKTazvY4vHbz,HEADPHONES,2020-02-15,1581778800
4116,R_yJz6aXbKddNbgZz,ELECTRONIC_CABLE,2020-02-15,1581778800
4117,R_yJz6aXbKddNbgZz,HEADPHONES,2020-02-15,1581778800
4118,R_yJz6aXbKddNbgZz,SNACK_FOOD_BAR,2020-02-15,1581778800
4119,R_yJz6aXbKddNbgZz,ELECTRONIC_CABLE,2020-02-15,1581778800
4120,R_yJz6aXbKddNbgZz,ELECTRONIC_CABLE,2020-02-15,1581778800
4121,R_zTi3j2QuqAzr7NL,ABIS_BOOK,2020-02-15,1581778800
4122,R_0D6GtQwa6VcnXpv,PHYSICAL_MOVIE,2020-02-16,1581865200
4123,R_10AtO7bUfe8iWYK,CORRECTIVE_EYEGLASSES,2020-02-16,1581865200
4124,R_10TA7pCDmelHi5H,TECHNICAL_SPORT_SHOE,2020-02-16,1581865200
4125,R_12QFQ7lCIls8sRd,GROCERY,2020-02-16,1581865200
4126,R_12QFQ7lCIls8sRd,LIGHT_BOX,2020-02-16,1581865200
4127,R_12QFQ7lCIls8sRd,PANTS,2020-02-16,1581865200
4128,R_12QFQ7lCIls8sRd,BATTERY,2020-02-16,1581865200
4129,R_1C75XRebT1eliL0,PRETZEL,2020-02-16,1581865200
4130,R_1C75XRebT1eliL0,FLAME_WICK,2020-02-16,1581865200
4131,R_1C75XRebT1eliL0,RICE_MIX,2020-02-16,1581865200
4132,R_1C75XRebT1eliL0,CELLULAR_PHONE_CASE,2020-02-16,1581865200
4133,R_1C75XRebT1eliL0,ABIS_HOME_IMPROVEMENT,2020-02-16,1581865200
4134,R_1C9YUFD8GunlGej,SCREEN_PROTECTOR,2020-02-16,1581865200
4135,R_1DYWdbAMt6LyCZH,SKIN_MOISTURIZER,2020-02-16,1581865200
4136,R_1DYjkc1gJNvrzzL,SKIN_MOISTURIZER,2020-02-16,1581865200
4137,R_1DYjkc1gJNvrzzL,ELECTRONIC_CABLE,2020-02-16,1581865200
4138,R_1DYjkc1gJNvrzzL,TOYS_AND_GAMES,2020-02-16,1581865200
4139,R_1FWSWSjBuPMvSgx,SAUCE,2020-02-16,1581865200
4140,R_1IaYiTSaUaD2W2i,RAZOR_BLADE_CARTRIDGE,2020-02-16,1581865200
4141,R_1IaYiTSaUaD2W2i,PET_FOOD,2020-02-16,1581865200
4142,R_1LFmho6mBajcceh,TEMPORARY_HANGER_HOOK,2020-02-16,1581865200
4143,R_1LFmho6mBajcceh,TOYS_AND_GAMES,2020-02-16,1581865200
4144,R_1LRR1P5IQqdSvIP,MEDICATION,2020-02-16,1581865200
4145,R_1NCzj2eSHI4QGcd,PANTS,2020-02-16,1581865200
4146,R_1NCzj2eSHI4QGcd,DUTCH_OVENS,2020-02-16,1581865200
4147,R_1NCzj2eSHI4QGcd,SNACK_FOOD_BAR,2020-02-16,1581865200
4148,R_1NCzj2eSHI4QGcd,TOYS_AND_GAMES,2020-02-16,1581865200
4149,R_1NDq0rxoUSu6oyz,SKIN_CLEANING_AGENT,2020-02-16,1581865200
4150,R_1NDq0rxoUSu6oyz,TONG_UTENSIL,2020-02-16,1581865200
4151,R_1NFde2vzLpu8IWT,NUTRITIONAL_SUPPLEMENT,2020-02-16,1581865200
4152,R_1OlyKZYuQUE5Cgc,AUDIO_MIDI_INTERFACE,2020-02-16,1581865200
4153,R_1OlyKZYuQUE5Cgc,BOOK_DOCUMENT_STAND,2020-02-16,1581865200
4154,R_1Qyzwfx5HrXdw4U,ABIS_BOOK,2020-02-16,1581865200
4155,R_1dKBjc0UTA0ZiYb,VITAMIN,2020-02-16,1581865200
4156,R_1dKBjc0UTA0ZiYb,PET_FOOD,2020-02-16,1581865200
4157,R_1dKBjc0UTA0ZiYb,TOYS_AND_GAMES,2020-02-16,1581865200
4158,R_1escXXhyvAgsBYq,GROCERY,2020-02-16,1581865200
4159,R_1ig4LC2I0cwMCHk,HOME_MIRROR,2020-02-16,1581865200
4160,R_1ig4LC2I0cwMCHk,SKIN_MOISTURIZER,2020-02-16,1581865200
4161,R_1ig4LC2I0cwMCHk,PET_FOOD,2020-02-16,1581865200
4162,R_1jO4s7oht3pyKEc,GROCERY,2020-02-16,1581865200
4163,R_1jO4s7oht3pyKEc,HAIR_COLORING_AGENT,2020-02-16,1581865200
4164,R_1jO4s7oht3pyKEc,VITAMIN,2020-02-16,1581865200
4165,R_1jO4s7oht3pyKEc,VITAMIN,2020-02-16,1581865200
4166,R_1lxYa2W6GgcAQ19,TUNIC,2020-02-16,1581865200
4167,R_1lxYa2W6GgcAQ19,HEADPHONES,2020-02-16,1581865200
4168,R_1n8h8059UUul8Dr,PACKAGED_SOUP_AND_STEW,2020-02-16,1581865200
4169,R_20O6baqxT4T2CbA,HEALTH_PERSONAL_CARE,2020-02-16,1581865200
4170,R_20Yd9DvrGselmZY,HEALTH_PERSONAL_CARE,2020-02-16,1581865200
4171,R_210tLKdUbUZuf7O,SKIN_CLEANING_AGENT,2020-02-16,1581865200
4172,R_248HEjiUt8tw60V,CHAIR,2020-02-16,1581865200
4173,R_248HEjiUt8tw60V,SKIN_MOISTURIZER,2020-02-16,1581865200
4174,R_248HEjiUt8tw60V,BATH_SAFETY_SEATING,2020-02-16,1581865200
4175,R_24MKoSmvuiLEI76,ABIS_MUSIC,2020-02-16,1581865200
4176,R_24MKoSmvuiLEI76,DECORATIVE_RIBBON_TRIM,2020-02-16,1581865200
4177,R_24MKoSmvuiLEI76,BATTERY,2020-02-16,1581865200
4178,R_24MKoSmvuiLEI76,ANIMAL_CARRIER,2020-02-16,1581865200
4179,R_24csoaO569P4Yzz,SKIN_MOISTURIZER,2020-02-16,1581865200
4180,R_24ubsh7FUCIQgTb,CELLULAR_PHONE_CASE,2020-02-16,1581865200
4181,R_24ubsh7FUCIQgTb,PET_FOOD,2020-02-16,1581865200
4182,R_24ubsh7FUCIQgTb,BATHTUB_SHOWER_TRIM_KIT,2020-02-16,1581865200
4183,R_24ubsh7FUCIQgTb,UNDERPANTS,2020-02-16,1581865200
4184,R_25Wwg273Uw26jA1,SNACK_FOOD_BAR,2020-02-16,1581865200
4185,R_26nB6rfoaXIEb6Z,SHOWERHEAD,2020-02-16,1581865200
4186,R_28SckJ1LanzFPvD,HEADPHONES,2020-02-16,1581865200
4187,R_29cyBHR3PpqJiZf,SHIRT,2020-02-16,1581865200
4188,R_29uBVByYo0xAXiZ,PANTS,2020-02-16,1581865200
4189,R_2E9JSBmmNNT5YMi,SCREEN_PROTECTOR,2020-02-16,1581865200
4190,R_2E9JSBmmNNT5YMi,VITAMIN,2020-02-16,1581865200
4191,R_2E9JSBmmNNT5YMi,PADDLEBOARD,2020-02-16,1581865200
4192,R_2E9JSBmmNNT5YMi,PRINT_COPY_PAPER,2020-02-16,1581865200
4193,R_2EglJpTWGEiwQYa,OFFICE_PRODUCTS,2020-02-16,1581865200
4194,R_2EglJpTWGEiwQYa,SKIN_CLEANING_AGENT,2020-02-16,1581865200
4195,R_2EglJpTWGEiwQYa,VITAMIN,2020-02-16,1581865200
4196,R_2EglJpTWGEiwQYa,UNDERPANTS,2020-02-16,1581865200
4197,R_2EglJpTWGEiwQYa,SHIRT,2020-02-16,1581865200
4198,R_2EglJpTWGEiwQYa,FOOD,2020-02-16,1581865200
4199,R_2EglJpTWGEiwQYa,VITAMIN,2020-02-16,1581865200
4200,R_2OOq3ysdOS3TtBd,SNACK_FOOD_BAR,2020-02-16,1581865200
4201,R_2OOq3ysdOS3TtBd,MEDICATION,2020-02-16,1581865200
4202,R_2OOq3ysdOS3TtBd,NUTRITIONAL_SUPPLEMENT,2020-02-16,1581865200
4203,R_2OOq3ysdOS3TtBd,PET_BED_MAT,2020-02-16,1581865200
4204,R_2OOq3ysdOS3TtBd,PHYSICAL_MOVIE,2020-02-16,1581865200
4205,R_2OOq3ysdOS3TtBd,SNACK_FOOD_BAR,2020-02-16,1581865200
4206,R_2OOq3ysdOS3TtBd,OUTDOOR_LIVING,2020-02-16,1581865200
4207,R_2OOq3ysdOS3TtBd,MEDICATION,2020-02-16,1581865200
4208,R_2OOq3ysdOS3TtBd,WATER,2020-02-16,1581865200
4209,R_2OOq3ysdOS3TtBd,TOYS_AND_GAMES,2020-02-16,1581865200
4210,R_2OOq3ysdOS3TtBd,ABIS_BOOK,2020-02-16,1581865200
4211,R_2OOq3ysdOS3TtBd,TOYS_AND_GAMES,2020-02-16,1581865200
4212,R_2OOq3ysdOS3TtBd,COFFEE,2020-02-16,1581865200
4213,R_2OOq3ysdOS3TtBd,PET_FOOD,2020-02-16,1581865200
4214,R_2OOq3ysdOS3TtBd,SKIN_CLEANING_AGENT,2020-02-16,1581865200
4215,R_2OOq3ysdOS3TtBd,TRANSPORT_RACK,2020-02-16,1581865200
4216,R_2P50Iq3Uo8HiCwT,MEDICATION,2020-02-16,1581865200
4217,R_2P50Iq3Uo8HiCwT,GREENHOUSE,2020-02-16,1581865200
4218,R_2QM76i5yRebcpiD,HEALTH_PERSONAL_CARE,2020-02-16,1581865200
4219,R_2QM76i5yRebcpiD,GROCERY,2020-02-16,1581865200
4220,R_2RUDh7piHU7frzt,ELECTRIC_HEATING_PAD,2020-02-16,1581865200
4221,R_2TXBHPMwNAwKR7Q,HEADPHONES,2020-02-16,1581865200
4222,R_2VwjXhJ5OznStEi,TOYS_AND_GAMES,2020-02-16,1581865200
4223,R_2VwjXhJ5OznStEi,SHOES,2020-02-16,1581865200
4224,R_2WAagX64hf1kdMI,SKIN_MOISTURIZER,2020-02-16,1581865200
4225,R_2WMQprO1e6US68f,SHIRT,2020-02-16,1581865200
4226,R_2WMQprO1e6US68f,SCREEN_PROTECTOR,2020-02-16,1581865200
4227,R_2WMQprO1e6US68f,PHYSICAL_MOVIE,2020-02-16,1581865200
4228,R_2WMQprO1e6US68f,PANTS,2020-02-16,1581865200
4229,R_2WMQprO1e6US68f,GROCERY,2020-02-16,1581865200
4230,R_2WMQprO1e6US68f,MASSAGER,2020-02-16,1581865200
4231,R_2WMQprO1e6US68f,BATTERY,2020-02-16,1581865200
4232,R_2WMQprO1e6US68f,PET_FOOD,2020-02-16,1581865200
4233,R_2WMQprO1e6US68f,MEDICATION,2020-02-16,1581865200
4234,R_2XoI6KbLJRGFz5X,HEALTH_PERSONAL_CARE,2020-02-16,1581865200
4235,R_2XoI6KbLJRGFz5X,CELLULAR_PHONE_CASE,2020-02-16,1581865200
4236,R_2YVQQRVSdj7M8Va,MEDICATION,2020-02-16,1581865200
4237,R_2YVQQRVSdj7M8Va,BATTERY,2020-02-16,1581865200
4238,R_2aKrOq0DBielcig,ARTIFICIAL_TREE,2020-02-16,1581865200
4239,R_2ary1I4SkdMpWws,STRINGED_INSTRUMENTS,2020-02-16,1581865200
4240,R_2ri4RVtvkxnZzHj,ABIS_BOOK,2020-02-16,1581865200
4241,R_2ri4RVtvkxnZzHj,VITAMIN,2020-02-16,1581865200
4242,R_2s5YO3cdqKDFyIM,NUTRITIONAL_SUPPLEMENT,2020-02-16,1581865200
4243,R_2s5YO3cdqKDFyIM,HEALTH_PERSONAL_CARE,2020-02-16,1581865200
4244,R_2sbf0hqTGFb880u,HOME_BED_AND_BATH,2020-02-16,1581865200
4245,R_2t3ifk3xBqzIWG9,MISC_OTHER,2020-02-16,1581865200
4246,R_2t3ifk3xBqzIWG9,MISC_OTHER,2020-02-16,1581865200
4247,R_2tfEDXuyNRcQoWs,PANTS,2020-02-16,1581865200
4248,R_2tfEDXuyNRcQoWs,SHOES,2020-02-16,1581865200
4249,R_2uIMLcJgQmb0v3G,WEARABLE_COMPUTER,2020-02-16,1581865200
4250,R_2uIMLcJgQmb0v3G,HAIR_COLORING_AGENT,2020-02-16,1581865200
4251,R_2ugDyrE1yi1FjvH,SHORTS,2020-02-16,1581865200
4252,R_2ugDyrE1yi1FjvH,SCREEN_PROTECTOR,2020-02-16,1581865200
4253,R_2wFa9HKdZRkx33l,ELECTRONIC_WIRE,2020-02-16,1581865200
4254,R_2wFa9HKdZRkx33l,STORAGE_BAG,2020-02-16,1581865200
4255,R_2wzatCV9Z18xLF2,PANTS,2020-02-16,1581865200
4256,R_2yjckpDXWcsiLPz,VITAMIN,2020-02-16,1581865200
4257,R_2yjckpDXWcsiLPz,PHYSICAL_MOVIE,2020-02-16,1581865200
4258,R_2yjckpDXWcsiLPz,ELECTRONIC_CABLE,2020-02-16,1581865200
4259,R_2yjckpDXWcsiLPz,SCREEN_PROTECTOR,2020-02-16,1581865200
4260,R_2yjckpDXWcsiLPz,ELECTRONIC_CABLE,2020-02-16,1581865200
4261,R_2yjckpDXWcsiLPz,CLOTHES_HANGER,2020-02-16,1581865200
4262,R_2z7rLZb69WuqDdf,SKIN_CLEANING_AGENT,2020-02-16,1581865200
4263,R_2z7rLZb69WuqDdf,PANTS,2020-02-16,1581865200
4264,R_2z7rLZb69WuqDdf,ELECTRONIC_CABLE,2020-02-16,1581865200
4265,R_2z7rLZb69WuqDdf,PANTS,2020-02-16,1581865200
4266,R_31QS1Ms6iQEU3mI,PANTS,2020-02-16,1581865200
4267,R_31QS1Ms6iQEU3mI,TOYS_AND_GAMES,2020-02-16,1581865200
4268,R_31QS1Ms6iQEU3mI,BOOK,2020-02-16,1581865200
4269,R_31n2MLk9w05iLzN,BATTERY,2020-02-16,1581865200
4270,R_31n2MLk9w05iLzN,SNACK_FOOD_BAR,2020-02-16,1581865200
4271,R_325wPQDFbzpv3zZ,FAUCET,2020-02-16,1581865200
4272,R_325wPQDFbzpv3zZ,MOTORCYCLE_PART,2020-02-16,1581865200
4273,R_325wPQDFbzpv3zZ,NUTRITIONAL_SUPPLEMENT,2020-02-16,1581865200
4274,R_32WvdLjYpicai6o,BATTERY,2020-02-16,1581865200
4275,R_338AsE7QedeQ72w,PROTECTIVE_GLOVE,2020-02-16,1581865200
4276,R_3Em4Q2OBHB3m5rz,PHYSICAL_MOVIE,2020-02-16,1581865200
4277,R_3Em4Q2OBHB3m5rz,BATTERY,2020-02-16,1581865200
4278,R_3G1gYo1d23Zq8Np,SHIRT,2020-02-16,1581865200
4279,R_3G1gYo1d23Zq8Np,HEADPHONES,2020-02-16,1581865200
4280,R_3G1gYo1d23Zq8Np,GROCERY,2020-02-16,1581865200
4281,R_3G1gYo1d23Zq8Np,SNACK_FOOD_BAR,2020-02-16,1581865200
4282,R_3GiFHVWzYKHT1F5,SHIRT,2020-02-16,1581865200
4283,R_3GiFHVWzYKHT1F5,BATTERY,2020-02-16,1581865200
4284,R_3L20DbmNPSMtKUd,PULL_UP_BAR,2020-02-16,1581865200
4285,R_3M0euO2kPnoHrdt,PHYSICAL_MOVIE,2020-02-16,1581865200
4286,R_3Mc9nZhk6fg7b8z,SHOES,2020-02-16,1581865200
4287,R_3MhBAq6V6XHU9ln,CLEANING_AGENT,2020-02-16,1581865200
4288,R_3MhBAq6V6XHU9ln,BATTERY,2020-02-16,1581865200
4289,R_3OcPFnYHBC8wrZe,FORK,2020-02-16,1581865200
4290,R_3PAyJj7mQvMzMco,MEDICATION,2020-02-16,1581865200
4291,R_3QtdtxnX6fJnkNr,HEALTH_PERSONAL_CARE,2020-02-16,1581865200
4292,R_3QtdtxnX6fJnkNr,POOL_VACUUM,2020-02-16,1581865200
4293,R_3fBmKcLTAgFITMo,SHOES,2020-02-16,1581865200
4294,R_3fBmKcLTAgFITMo,SNACK_FOOD_BAR,2020-02-16,1581865200
4295,R_3gTrwWhEzAv6gzH,BATTERY,2020-02-16,1581865200
4296,R_3mm166mlwrLpf6y,ANCHOR_STAKE,2020-02-16,1581865200
4297,R_3no1gEkp3pV72Nn,NUTRITIONAL_SUPPLEMENT,2020-02-16,1581865200
4298,R_3no1gEkp3pV72Nn,VITAMIN,2020-02-16,1581865200
4299,R_3no1gEkp3pV72Nn,TOYS_AND_GAMES,2020-02-16,1581865200
4300,R_3oO3DoeTgXHrEzx,HEADPHONES,2020-02-16,1581865200
4301,R_3qTFp0FJqUeMhVZ,TOYS_AND_GAMES,2020-02-16,1581865200
4302,R_3qTFp0FJqUeMhVZ,SCREEN_PROTECTOR,2020-02-16,1581865200
4303,R_3qTFp0FJqUeMhVZ,BATTERY,2020-02-16,1581865200
4304,R_3qTFp0FJqUeMhVZ,SKIN_MOISTURIZER,2020-02-16,1581865200
4305,R_3qTFp0FJqUeMhVZ,DISPLAY_ALBUM,2020-02-16,1581865200
4306,R_3qTFp0FJqUeMhVZ,ABIS_BOOK,2020-02-16,1581865200
4307,R_3qTFp0FJqUeMhVZ,CELLULAR_PHONE_CASE,2020-02-16,1581865200
4308,R_3qTFp0FJqUeMhVZ,PET_FOOD,2020-02-16,1581865200
4309,R_3qTFp0FJqUeMhVZ,SKIN_CLEANING_AGENT,2020-02-16,1581865200
4310,R_3qlnIILTEuzSyGe,ADHESIVE_TAPES,2020-02-16,1581865200
4311,R_3qlnIILTEuzSyGe,SKIN_MOISTURIZER,2020-02-16,1581865200
4312,R_3rV7kPHe9hVsMee,NUTRITIONAL_SUPPLEMENT,2020-02-16,1581865200
4313,R_3rV7kPHe9hVsMee,PULL_UP_BAR,2020-02-16,1581865200
4314,R_3rV7kPHe9hVsMee,WIPER_BLADE,2020-02-16,1581865200
4315,R_3s02y9lg8GCo9q0,PET_FOOD,2020-02-16,1581865200
4316,R_3socPWD3wXD0iDP,MOUTH_GUARD,2020-02-16,1581865200
4317,R_8CXcySQawXPuJwJ,SHOES,2020-02-16,1581865200
4318,R_8CXcySQawXPuJwJ,SKIN_MOISTURIZER,2020-02-16,1581865200
4319,R_8pMsG4P0RqzoSlz,GARDEN_SHEAR_SCISSORS,2020-02-16,1581865200
4320,R_8vnpSkm79W7Jsv7,KITCHEN,2020-02-16,1581865200
4321,R_9L8Lum5AaHh6bq9,TOYS_AND_GAMES,2020-02-16,1581865200
4322,R_9L8Lum5AaHh6bq9,GUN_SLING,2020-02-16,1581865200
4323,R_9ppTjfBQZZs42WJ,MULTIPORT_HUB,2020-02-16,1581865200
4324,R_9ppTjfBQZZs42WJ,CELLULAR_PHONE_CASE,2020-02-16,1581865200
4325,R_9yOmfJyU0rNZGW5,NAIL_FILE,2020-02-16,1581865200
4326,R_9yOmfJyU0rNZGW5,SKIN_CLEANING_AGENT,2020-02-16,1581865200
4327,R_BWhnv4EdbhSS6rf,ABIS_BOOK,2020-02-16,1581865200
4328,R_DqTqoF539jfSsLf,SCREEN_PROTECTOR,2020-02-16,1581865200
4329,R_O6ZX76mggPnAOfD,VITAMIN,2020-02-16,1581865200
4330,R_RK5cwWjrNzWCfLj,PET_FOOD,2020-02-16,1581865200
4331,R_RK5cwWjrNzWCfLj,SNACK_FOOD_BAR,2020-02-16,1581865200
4332,R_RK5cwWjrNzWCfLj,TOY_FIGURE,2020-02-16,1581865200
4333,R_RK5cwWjrNzWCfLj,BATTERY,2020-02-16,1581865200
4334,R_Rw7CA3irllJSRH3,SOCKSHOSIERY,2020-02-16,1581865200
4335,R_Rw7CA3irllJSRH3,BATTERY,2020-02-16,1581865200
4336,R_UEke64xAaOG3mTf,SKIN_MOISTURIZER,2020-02-16,1581865200
4337,R_UEke64xAaOG3mTf,INTEGRATED_STEREO_SYSTEM,2020-02-16,1581865200
4338,R_UEke64xAaOG3mTf,SHOES,2020-02-16,1581865200
4339,R_UEke64xAaOG3mTf,HEADPHONES,2020-02-16,1581865200
4340,R_UEke64xAaOG3mTf,VITAMIN,2020-02-16,1581865200
4341,R_XSu10jIDimUl5m1,MEDICATION,2020-02-16,1581865200
4342,R_XSu10jIDimUl5m1,MEDICATION,2020-02-16,1581865200
4343,R_Xhz81T9LodPX0KB,WATER_DISPENSER,2020-02-16,1581865200
4344,R_Xhz81T9LodPX0KB,HEALTH_PERSONAL_CARE,2020-02-16,1581865200
4345,R_Xhz81T9LodPX0KB,TUNIC,2020-02-16,1581865200
4346,R_b8UnkZJoU93ZxEB,HEALTH_PERSONAL_CARE,2020-02-16,1581865200
4347,R_b8UnkZJoU93ZxEB,SKIN_MOISTURIZER,2020-02-16,1581865200
4348,R_b8UnkZJoU93ZxEB,DRINKING_CUP,2020-02-16,1581865200
4349,R_b8UnkZJoU93ZxEB,PHOTOGRAPHIC_FILM,2020-02-16,1581865200
4350,R_b8UnkZJoU93ZxEB,HEALTH_PERSONAL_CARE,2020-02-16,1581865200
4351,R_b8UnkZJoU93ZxEB,PET_PLACEMAT,2020-02-16,1581865200
4352,R_b8UnkZJoU93ZxEB,PHOTOGRAPHIC_FILM,2020-02-16,1581865200
4353,R_b8UnkZJoU93ZxEB,CELLULAR_PHONE_CASE,2020-02-16,1581865200
4354,R_b8UnkZJoU93ZxEB,PHYSICAL_MOVIE,2020-02-16,1581865200
4355,R_b8UnkZJoU93ZxEB,PET_PEST_CONTROL,2020-02-16,1581865200
4356,R_b8UnkZJoU93ZxEB,HEALTH_PERSONAL_CARE,2020-02-16,1581865200
4357,R_b8UnkZJoU93ZxEB,BATTERY,2020-02-16,1581865200
4358,R_b8UnkZJoU93ZxEB,PET_PLACEMAT,2020-02-16,1581865200
4359,R_b8UnkZJoU93ZxEB,ABIS_BOOK,2020-02-16,1581865200
4360,R_b8UnkZJoU93ZxEB,TOYS_AND_GAMES,2020-02-16,1581865200
4361,R_b8UnkZJoU93ZxEB,PET_FOOD,2020-02-16,1581865200
4362,R_b8UnkZJoU93ZxEB,ABIS_BOOK,2020-02-16,1581865200
4363,R_bJI8lmXMZWL6oql,SHIRT,2020-02-16,1581865200
4364,R_bJI8lmXMZWL6oql,CORD_ROPE,2020-02-16,1581865200
4365,R_bJI8lmXMZWL6oql,ANIMAL_NUTRITIONAL_SUPPLEMENT,2020-02-16,1581865200
4366,R_bPzwAFdlVaA87Vn,SKIN_CLEANING_AGENT,2020-02-16,1581865200
4367,R_bPzwAFdlVaA87Vn,SKIN_MOISTURIZER,2020-02-16,1581865200
4368,R_bkquoGQp5VhpihP,IMPACT_PROTECTION_GEAR,2020-02-16,1581865200
4369,R_cAcAtozIWnZIbGp,SHOES,2020-02-16,1581865200
4370,R_cAcAtozIWnZIbGp,ABIS_BOOK,2020-02-16,1581865200
4371,R_cAcAtozIWnZIbGp,SCREEN_PROTECTOR,2020-02-16,1581865200
4372,R_cCucjmijTJETC6d,SHIRT,2020-02-16,1581865200
4373,R_cCucjmijTJETC6d,AIR_COOLER,2020-02-16,1581865200
4374,R_d5O7dqvA1EWCrPb,RING,2020-02-16,1581865200
4375,R_d5O7dqvA1EWCrPb,SMOKING_PIPE,2020-02-16,1581865200
4376,R_d5O7dqvA1EWCrPb,DRYER,2020-02-16,1581865200
4377,R_e8KTElZZLWryLWp,SKIN_MOISTURIZER,2020-02-16,1581865200
4378,R_e8KTElZZLWryLWp,SCREEN_PROTECTOR,2020-02-16,1581865200
4379,R_eg0ycbZcHEfhBAd,CROCHET_HOOK,2020-02-16,1581865200
4380,R_eyQl26Pq4cq0Xmx,BODY_STRAP,2020-02-16,1581865200
4381,R_pRWnSKTREPIwpSF,CELLULAR_PHONE_CASE,2020-02-16,1581865200
4382,R_pzMCRYrC0qiSwIF,GROCERY,2020-02-16,1581865200
4383,R_qxTrp3qz2YCQAnv,ELECTRONIC_CABLE,2020-02-16,1581865200
4384,R_u9qeol6zlUcq13j,ONE_PIECE_OUTFIT,2020-02-16,1581865200
4385,R_vYtQIbKQv9vFKuZ,HEADPHONES,2020-02-16,1581865200
4386,R_vYtQIbKQv9vFKuZ,HEALTH_PERSONAL_CARE,2020-02-16,1581865200
4387,R_x0hVvTTXGQY9FRf,SNACK_FOOD_BAR,2020-02-16,1581865200
4388,R_x0hVvTTXGQY9FRf,OFFICE_PRODUCTS,2020-02-16,1581865200
4389,R_zTf2i6s3E2OQZQR,HEALTH_PERSONAL_CARE,2020-02-16,1581865200
4390,R_zTf2i6s3E2OQZQR,SKIN_MOISTURIZER,2020-02-16,1581865200
4391,R_0D6GtQwa6VcnXpv,HEADPHONES,2020-02-17,1581951600
4392,R_10MFxyIhsIDW0nP,VEHICLE_LIGHTING_CONVERSION_KIT,2020-02-17,1581951600
4393,R_129jUlsvVcVBDur,COMPUTER,2020-02-17,1581951600
4394,R_1IZBlduDFUJEphM,TOYS_AND_GAMES,2020-02-17,1581951600
4395,R_1IZBlduDFUJEphM,NAIL_POLISH_BRUSH,2020-02-17,1581951600
4396,R_1IaQCAaU1CcbXWO,BOOT,2020-02-17,1581951600
4397,R_1IaYiTSaUaD2W2i,ELECTRONIC_CABLE,2020-02-17,1581951600
4398,R_1LMa9REuvUok05j,SHOES,2020-02-17,1581951600
4399,R_1LY9mbPmeG2WbfE,DOORSTOP,2020-02-17,1581951600
4400,R_1LY9mbPmeG2WbfE,SPARK_PLUG,2020-02-17,1581951600
4401,R_1NCzj2eSHI4QGcd,ELECTRONIC_CABLE,2020-02-17,1581951600
4402,R_1OlyKZYuQUE5Cgc,NUTRITIONAL_SUPPLEMENT,2020-02-17,1581951600
4403,R_1OrTsiPCkAlmb0N,EXERCISE_MACHINE,2020-02-17,1581951600
4404,R_1P0kCmz0zdMSEld,SKIN_CLEANING_AGENT,2020-02-17,1581951600
4405,R_1Q9JeeKncbbLcz0,PHYSICAL_MOVIE,2020-02-17,1581951600
4406,R_1d4EqY6QNpI4BOG,SHOES,2020-02-17,1581951600
4407,R_1dKBjc0UTA0ZiYb,SHIRT,2020-02-17,1581951600
4408,R_1dKBjc0UTA0ZiYb,ELECTRONIC_CABLE,2020-02-17,1581951600
4409,R_1dKBjc0UTA0ZiYb,SNACK_FOOD_BAR,2020-02-17,1581951600
4410,R_1dKBjc0UTA0ZiYb,INCONTINENCE_PROTECTOR,2020-02-17,1581951600
4411,R_1dKBjc0UTA0ZiYb,MARKING_PEN,2020-02-17,1581951600
4412,R_1dKBjc0UTA0ZiYb,PANTS,2020-02-17,1581951600
4413,R_1dKBjc0UTA0ZiYb,MARKING_PEN,2020-02-17,1581951600
4414,R_1dlSByn2AyHWx7r,POWER_STRIP,2020-02-17,1581951600
4415,R_1dlSByn2AyHWx7r,ABIS_BEAUTY,2020-02-17,1581951600
4416,R_1dlSByn2AyHWx7r,NUTRITIONAL_SUPPLEMENT,2020-02-17,1581951600
4417,R_1dlSByn2AyHWx7r,SKIN_CLEANING_AGENT,2020-02-17,1581951600
4418,R_1dlSByn2AyHWx7r,SHOES,2020-02-17,1581951600
4419,R_1dlSByn2AyHWx7r,INTERNAL_MEMORY,2020-02-17,1581951600
4420,R_1dlSByn2AyHWx7r,CELLULAR_PHONE_CASE,2020-02-17,1581951600
4421,R_1dlSByn2AyHWx7r,HAIR_COLORING_AGENT,2020-02-17,1581951600
4422,R_1dlSByn2AyHWx7r,SCREEN_PROTECTOR,2020-02-17,1581951600
4423,R_1dlSByn2AyHWx7r,COMPUTER_PROCESSOR,2020-02-17,1581951600
4424,R_1dlSByn2AyHWx7r,SCREEN_PROTECTOR,2020-02-17,1581951600
4425,R_1dlSByn2AyHWx7r,ABIS_BOOK,2020-02-17,1581951600
4426,R_1dlSByn2AyHWx7r,MODEM,2020-02-17,1581951600
4427,R_1dlSByn2AyHWx7r,ABIS_BOOK,2020-02-17,1581951600
4428,R_1dlSByn2AyHWx7r,PET_FOOD,2020-02-17,1581951600
4429,R_1dlSByn2AyHWx7r,MEDICATION,2020-02-17,1581951600
4430,R_1dlSByn2AyHWx7r,BATTERY,2020-02-17,1581951600
4431,R_1dlSByn2AyHWx7r,CELLULAR_PHONE_CASE,2020-02-17,1581951600
4432,R_1dlSByn2AyHWx7r,INTERNAL_MEMORY,2020-02-17,1581951600
4433,R_1dlSByn2AyHWx7r,HVAC_CONTROL_THERMOSTAT,2020-02-17,1581951600
4434,R_1dlSByn2AyHWx7r,SKIN_CLEANING_AGENT,2020-02-17,1581951600
4435,R_1dlSByn2AyHWx7r,PET_FOOD,2020-02-17,1581951600
4436,R_1dlSByn2AyHWx7r,ABIS_BOOK,2020-02-17,1581951600
4437,R_1dlSByn2AyHWx7r,SHIRT,2020-02-17,1581951600
4438,R_1dlSByn2AyHWx7r,CELLULAR_PHONE_CASE,2020-02-17,1581951600
4439,R_1dlSByn2AyHWx7r,MEDICATION,2020-02-17,1581951600
4440,R_1dlSByn2AyHWx7r,SPORT_WETSUIT,2020-02-17,1581951600
4441,R_1dlSByn2AyHWx7r,PANTS,2020-02-17,1581951600
4442,R_1dppjLIFEdj7Kq5,TOYS_AND_GAMES,2020-02-17,1581951600
4443,R_1dppjLIFEdj7Kq5,SKIN_MOISTURIZER,2020-02-17,1581951600
4444,R_1dppjLIFEdj7Kq5,FASHIONOTHER,2020-02-17,1581951600
4445,R_1dppjLIFEdj7Kq5,SKATEBOARD,2020-02-17,1581951600
4446,R_1dppjLIFEdj7Kq5,SNORKELING_SET,2020-02-17,1581951600
4447,R_1esG9Jlh9NISLaO,SCREEN_PROTECTOR,2020-02-17,1581951600
4448,R_1gU6N4NRSwc9ONd,SHIRT,2020-02-17,1581951600
4449,R_1jO4s7oht3pyKEc,CAMERA_CONTINUOUS_LIGHT,2020-02-17,1581951600
4450,R_1jO4s7oht3pyKEc,SHIRT,2020-02-17,1581951600
4451,R_1n8h8059UUul8Dr,TEAPOT,2020-02-17,1581951600
4452,R_1pm2Wo5wrQSY0Gm,NECKLACE,2020-02-17,1581951600
4453,R_1pu4x2PBb4LrSWk,SNOW_CHAIN,2020-02-17,1581951600
4454,R_1pu4x2PBb4LrSWk,PANTS,2020-02-17,1581951600
4455,R_1q7AvsyRPpTSWFi,ABIS_BOOK,2020-02-17,1581951600
4456,R_1q7AvsyRPpTSWFi,GROCERY,2020-02-17,1581951600
4457,R_20TAzxGcUSMw2Gy,MEDICATION,2020-02-17,1581951600
4458,R_20V73ixsOYXCBbP,MEDICATION,2020-02-17,1581951600
4459,R_20Yd9DvrGselmZY,SHIRT,2020-02-17,1581951600
4460,R_22DJIjS0M8yvaYO,BLOOD_PRESSURE_MONITOR,2020-02-17,1581951600
4461,R_22mMopWqAj09mQc,SNACK_FOOD_BAR,2020-02-17,1581951600
4462,R_22mMopWqAj09mQc,SNACK_FOOD_BAR,2020-02-17,1581951600
4463,R_22nS4Bu8Q3B84gf,BLANK_STORAGE_MEDIA,2020-02-17,1581951600
4464,R_23enipHqTsjcQfN,PANTS,2020-02-17,1581951600
4465,R_24csoaO569P4Yzz,BATTERY,2020-02-17,1581951600
4466,R_24csoaO569P4Yzz,CELLULAR_PHONE_CASE,2020-02-17,1581951600
4467,R_24csoaO569P4Yzz,SHIRT,2020-02-17,1581951600
4468,R_24csoaO569P4Yzz,PANTS,2020-02-17,1581951600
4469,R_24csoaO569P4Yzz,PET_FOOD,2020-02-17,1581951600
4470,R_27B5jMHYqArQV6X,SCREEN_PROTECTOR,2020-02-17,1581951600
4471,R_27B5jMHYqArQV6X,SHIRT,2020-02-17,1581951600
4472,R_27Nf8ImFlWu3J9O,SHOES,2020-02-17,1581951600
4473,R_27Nf8ImFlWu3J9O,PET_DOOR,2020-02-17,1581951600
4474,R_29bHzqH6Blzwhem,KNEE_PAD,2020-02-17,1581951600
4475,R_2ASBFgthVbaGlF3,COFFEE,2020-02-17,1581951600
4476,R_2ASBFgthVbaGlF3,TOYS_AND_GAMES,2020-02-17,1581951600
4477,R_2ASBFgthVbaGlF3,PET_FOOD,2020-02-17,1581951600
4478,R_2ASBFgthVbaGlF3,SCREEN_PROTECTOR,2020-02-17,1581951600
4479,R_2ASBFgthVbaGlF3,HEALTH_PERSONAL_CARE,2020-02-17,1581951600
4480,R_2D2K5rKv8NODIDZ,PRESSURE_WASHER,2020-02-17,1581951600
4481,R_2D2K5rKv8NODIDZ,SKIN_CLEANING_AGENT,2020-02-17,1581951600
4482,R_2DMQ4Npnlu3WWyq,GROCERY,2020-02-17,1581951600
4483,R_2DSmjafbkSAict9,BODY_DEODORANT,2020-02-17,1581951600
4484,R_2E5XCpTY2B5ZQ1f,FOOD_GRATER,2020-02-17,1581951600
4485,R_2E5XCpTY2B5ZQ1f,PET_FOOD,2020-02-17,1581951600
4486,R_2EglJpTWGEiwQYa,SHIRT,2020-02-17,1581951600
4487,R_2EglJpTWGEiwQYa,SHIRT,2020-02-17,1581951600
4488,R_2EglJpTWGEiwQYa,HEALTH_PERSONAL_CARE,2020-02-17,1581951600
4489,R_2EglJpTWGEiwQYa,ELECTRONIC_CABLE,2020-02-17,1581951600
4490,R_2QEQOSl4i81CHb1,CELLULAR_PHONE_CASE,2020-02-17,1581951600
4491,R_2QEQOSl4i81CHb1,UTILITY_HOLSTER_POUCH,2020-02-17,1581951600
4492,R_2QEQOSl4i81CHb1,SHOES,2020-02-17,1581951600
4493,R_2Vjq0u3IGbVbOBl,MEDICATION,2020-02-17,1581951600
4494,R_2Vjq0u3IGbVbOBl,WALLET,2020-02-17,1581951600
4495,R_2Vjq0u3IGbVbOBl,MOUSE_PAD,2020-02-17,1581951600
4496,R_2Vjq0u3IGbVbOBl,HEADPHONES,2020-02-17,1581951600
4497,R_2VwjXhJ5OznStEi,TOYS_AND_GAMES,2020-02-17,1581951600
4498,R_2VyUSFk11bbTVej,CELLULAR_PHONE_CASE,2020-02-17,1581951600
4499,R_2WAagX64hf1kdMI,PANTS,2020-02-17,1581951600
4500,R_2WMQprO1e6US68f,SNACK_FOOD_BAR,2020-02-17,1581951600
4501,R_2WMQprO1e6US68f,NUTRITIONAL_SUPPLEMENT,2020-02-17,1581951600
4502,R_2WMQprO1e6US68f,VEHICLE_MAT,2020-02-17,1581951600
4503,R_2YYB0ZXHHFsMn1o,GREETING_CARD,2020-02-17,1581951600
4504,R_2YYB0ZXHHFsMn1o,BICYCLE_DERAILLEUR,2020-02-17,1581951600
4505,R_2YYB0ZXHHFsMn1o,SHOES,2020-02-17,1581951600
4506,R_2YeJ7ZNQ5xBFmxw,VITAMIN,2020-02-17,1581951600
4507,R_2YlhHzEptxRGFBL,WATER_PURIFICATION_UNIT,2020-02-17,1581951600
4508,R_2cd9jCAamQMAsxe,VITAMIN,2020-02-17,1581951600
4509,R_2cd9jCAamQMAsxe,PANTS,2020-02-17,1581951600
4510,R_2cd9jCAamQMAsxe,PET_FOOD,2020-02-17,1581951600
4511,R_2cd9jCAamQMAsxe,PET_TOY,2020-02-17,1581951600
4512,R_2dxMXdrOUumZV2I,HEALTH_PERSONAL_CARE,2020-02-17,1581951600
4513,R_2q2hekIiutgInrE,VIDEO_GAME_CONTROLLER,2020-02-17,1581951600
4514,R_2q2hekIiutgInrE,HOT_TUB,2020-02-17,1581951600
4515,R_2q2hekIiutgInrE,ABIS_BOOK,2020-02-17,1581951600
4516,R_2q2hekIiutgInrE,SCREEN_PROTECTOR,2020-02-17,1581951600
4517,R_2q2hekIiutgInrE,TOYS_AND_GAMES,2020-02-17,1581951600
4518,R_2q2hekIiutgInrE,MEDICATION,2020-02-17,1581951600
4519,R_2r7Zl5CTeW1dMqd,PET_FOOD,2020-02-17,1581951600
4520,R_2sYn1oXcE5aaeU5,SCULPTURE,2020-02-17,1581951600
4521,R_2sYn1oXcE5aaeU5,CAMERA_LENS_FILTERS,2020-02-17,1581951600
4522,R_2tEuzX0j3530EZC,PANTS,2020-02-17,1581951600
4523,R_2uIMLcJgQmb0v3G,PET_FOOD,2020-02-17,1581951600
4524,R_2uPcQuKixR5S2ZO,TEAPOT,2020-02-17,1581951600
4525,R_2wHwNZWEecJflLc,PET_FOOD,2020-02-17,1581951600
4526,R_2wHwNZWEecJflLc,PHYSICAL_MOVIE,2020-02-17,1581951600
4527,R_2xzc7JBNEgYNAqY,TRACK_SUIT,2020-02-17,1581951600
4528,R_2xzc7JBNEgYNAqY,VITAMIN,2020-02-17,1581951600
4529,R_2y8edrQ8p3nRu8v,HEADPHONES,2020-02-17,1581951600
4530,R_2yjckpDXWcsiLPz,ABIS_BOOK,2020-02-17,1581951600
4531,R_2yjckpDXWcsiLPz,VITAMIN,2020-02-17,1581951600
4532,R_2yjckpDXWcsiLPz,ORAL_IRRIGATOR,2020-02-17,1581951600
4533,R_2yjckpDXWcsiLPz,PHYSICAL_TV_SERIES,2020-02-17,1581951600
4534,R_2yjckpDXWcsiLPz,BATTERY,2020-02-17,1581951600
4535,R_2yjckpDXWcsiLPz,ELECTRONIC_CABLE,2020-02-17,1581951600
4536,R_2yplkUxhAWZaFUL,LICENSE_PLATE_ATTACHMENT,2020-02-17,1581951600
4537,R_2yplkUxhAWZaFUL,HEALTH_PERSONAL_CARE,2020-02-17,1581951600
4538,R_2z7rLZb69WuqDdf,GROCERY,2020-02-17,1581951600
4539,R_2z7rLZb69WuqDdf,HEALTH_PERSONAL_CARE,2020-02-17,1581951600
4540,R_2z7rLZb69WuqDdf,VACUUM_CLEANER,2020-02-17,1581951600
4541,R_301uq7vv7YTe7qQ,SCREEN_PROTECTOR,2020-02-17,1581951600
4542,R_3093m6Spz9VzxAK,SKIN_CLEANING_WIPE,2020-02-17,1581951600
4543,R_31XTJUT1qHoBGRZ,SHOES,2020-02-17,1581951600
4544,R_31ycQ8SiOEF1cUN,SKIN_CLEANING_AGENT,2020-02-17,1581951600
4545,R_33kcOqAkuOfPeI1,RING,2020-02-17,1581951600
4546,R_3D8fwycJF7eksBo,SNACK_FOOD_BAR,2020-02-17,1581951600
4547,R_3D8fwycJF7eksBo,HEALTH_PERSONAL_CARE,2020-02-17,1581951600
4548,R_3EMaONYGibovcxQ,CELLULAR_PHONE_CASE,2020-02-17,1581951600
4549,R_3Em4Q2OBHB3m5rz,SKIN_CLEANING_AGENT,2020-02-17,1581951600
4550,R_3FRSHAzxtL6ifms,ABIS_BOOK,2020-02-17,1581951600
4551,R_3FRSHAzxtL6ifms,BOOKSHELF_OR_MICRO_STEREO_SYS,2020-02-17,1581951600
4552,R_3GBRRr7bndtJPU9,CANDLE,2020-02-17,1581951600
4553,R_3GD1CL4OyjglmbZ,NUTRITIONAL_SUPPLEMENT,2020-02-17,1581951600
4554,R_3Ge2RzIsoM2g5lL,SCREEN_PROTECTOR,2020-02-17,1581951600
4555,R_3GiFHVWzYKHT1F5,PORTABLE_FREESTANDING_SHELTER,2020-02-17,1581951600
4556,R_3HigTq4itishziE,SHIRT,2020-02-17,1581951600
4557,R_3HzRfw5sNEvrFRf,MATTRESS_COVER,2020-02-17,1581951600
4558,R_3KCUnPI9FEz7vTo,NUTRITIONAL_SUPPLEMENT,2020-02-17,1581951600
4559,R_3KCUnPI9FEz7vTo,HEADPHONES,2020-02-17,1581951600
4560,R_3KxaCMXQTDz1Z7P,COFFEE_MAKER,2020-02-17,1581951600
4561,R_3KxaCMXQTDz1Z7P,LEG_SLEEVE,2020-02-17,1581951600
4562,R_3KxaCMXQTDz1Z7P,SOUND_AND_RECORDING_EQUIPMENT,2020-02-17,1581951600
4563,R_3KxaCMXQTDz1Z7P,VITAMIN,2020-02-17,1581951600
4564,R_3L20DbmNPSMtKUd,SHIRT,2020-02-17,1581951600
4565,R_3L20DbmNPSMtKUd,PET_SUPPLIES,2020-02-17,1581951600
4566,R_3L20DbmNPSMtKUd,FRUIT_SNACK,2020-02-17,1581951600
4567,R_3L20DbmNPSMtKUd,SYRUP,2020-02-17,1581951600
4568,R_3M3RSZ7wNRSaxNx,LIQUID_FUEL_CONTAINER,2020-02-17,1581951600
4569,R_3M3RSZ7wNRSaxNx,PET_FOOD,2020-02-17,1581951600
4570,R_3M3RSZ7wNRSaxNx,TABLETOP_GAME,2020-02-17,1581951600
4571,R_3Mc9nZhk6fg7b8z,SHOES,2020-02-17,1581951600
4572,R_3MhBAq6V6XHU9ln,PHYSICAL_MOVIE,2020-02-17,1581951600
4573,R_3MhBAq6V6XHU9ln,STICKER_DECAL,2020-02-17,1581951600
4574,R_3Ny7LIDPzlosF9p,SKIN_CLEANING_AGENT,2020-02-17,1581951600
4575,R_3OiAK9V155cWEsy,SHIRT,2020-02-17,1581951600
4576,R_3PAyJj7mQvMzMco,SKIN_MOISTURIZER,2020-02-17,1581951600
4577,R_3Pwa112XZRRejbA,INSTRUMENT_PARTS_AND_ACCESSORIES,2020-02-17,1581951600
4578,R_3Pwa112XZRRejbA,CELLULAR_PHONE_CASE,2020-02-17,1581951600
4579,R_3QPk8nnI1s8wilh,TOOTH_CLEANING_AGENT,2020-02-17,1581951600
4580,R_3QtdtxnX6fJnkNr,SOCKS,2020-02-17,1581951600
4581,R_3eehQVQNcKmEJtd,HEALTH_PERSONAL_CARE,2020-02-17,1581951600
4582,R_3eehQVQNcKmEJtd,MEDICATION,2020-02-17,1581951600
4583,R_3eehQVQNcKmEJtd,BATTERY,2020-02-17,1581951600
4584,R_3eehQVQNcKmEJtd,PANTS,2020-02-17,1581951600
4585,R_3ek9YZGdsDHjUZf,HEADPHONES,2020-02-17,1581951600
4586,R_3ek9YZGdsDHjUZf,HEADPHONES,2020-02-17,1581951600
4587,R_3ek9YZGdsDHjUZf,ABIS_BOOK,2020-02-17,1581951600
4588,R_3gTrwWhEzAv6gzH,SKIN_CLEANING_AGENT,2020-02-17,1581951600
4589,R_3jSAmu0UzDwnhQD,WASTE_BAG,2020-02-17,1581951600
4590,R_3kAg3F3SGS36qHc,FOOD_SPATULA,2020-02-17,1581951600
4591,R_3kAg3F3SGS36qHc,SWIMWEAR,2020-02-17,1581951600
4592,R_3kAg3F3SGS36qHc,SUSPENSION_LIFT_SUPPORT,2020-02-17,1581951600
4593,R_3kAg3F3SGS36qHc,SHIRT,2020-02-17,1581951600
4594,R_3lYUnPKDsGA54tw,GLUCOSE_METER,2020-02-17,1581951600
4595,R_3m3H4mwZ2snYFua,PUZZLES,2020-02-17,1581951600
4596,R_3m3H4mwZ2snYFua,PET_FOOD,2020-02-17,1581951600
4597,R_3m3H4mwZ2snYFua,PUZZLES,2020-02-17,1581951600
4598,R_3m3H4mwZ2snYFua,SCANNER,2020-02-17,1581951600
4599,R_3peWF42INuePUWA,PET_SUPPLIES,2020-02-17,1581951600
4600,R_3peWF42INuePUWA,MUSICAL_INSTRUMENT_AMPLIFIER,2020-02-17,1581951600
4601,R_3peWF42INuePUWA,PET_FOOD,2020-02-17,1581951600
4602,R_3peWF42INuePUWA,TIMER,2020-02-17,1581951600
4603,R_3peWF42INuePUWA,SCREEN_PROTECTOR,2020-02-17,1581951600
4604,R_3peWF42INuePUWA,ABIS_BOOK,2020-02-17,1581951600
4605,R_3peWF42INuePUWA,BICYCLE_CARGO_RACK,2020-02-17,1581951600
4606,R_3peWF42INuePUWA,MEDICATION,2020-02-17,1581951600
4607,R_3peWF42INuePUWA,VITAMIN,2020-02-17,1581951600
4608,R_3peWF42INuePUWA,PAW_HOOF_PROTECTOR,2020-02-17,1581951600
4609,R_3peWF42INuePUWA,TIMER,2020-02-17,1581951600
4610,R_3pm4Od2kUSXlZgY,BRAKE_ROTOR,2020-02-17,1581951600
4611,R_3pm4Od2kUSXlZgY,DIGITAL_DEVICE_12_ACCESSORY,2020-02-17,1581951600
4612,R_3qPt2VOIZdr6Kio,SKIN_MOISTURIZER,2020-02-17,1581951600
4613,R_3qlnIILTEuzSyGe,BOTTLE_RACK,2020-02-17,1581951600
4614,R_3qlnIILTEuzSyGe,BATTERY,2020-02-17,1581951600
4615,R_3qqdzQnCaBYHx9o,VITAMIN,2020-02-17,1581951600
4616,R_3qqdzQnCaBYHx9o,PANTS,2020-02-17,1581951600
4617,R_3s02y9lg8GCo9q0,ELECTRONIC_CABLE,2020-02-17,1581951600
4618,R_3s02y9lg8GCo9q0,PHYSICAL_MOVIE,2020-02-17,1581951600
4619,R_3s02y9lg8GCo9q0,MEDICATION,2020-02-17,1581951600
4620,R_3s02y9lg8GCo9q0,HEADPHONES,2020-02-17,1581951600
4621,R_3s02y9lg8GCo9q0,PANTS,2020-02-17,1581951600
4622,R_3s02y9lg8GCo9q0,SNACK_FOOD_BAR,2020-02-17,1581951600
4623,R_3s02y9lg8GCo9q0,EXERCISE_MACHINE,2020-02-17,1581951600
4624,R_3s02y9lg8GCo9q0,ABIS_BOOK,2020-02-17,1581951600
4625,R_3s02y9lg8GCo9q0,HEALTH_PERSONAL_CARE,2020-02-17,1581951600
4626,R_3s02y9lg8GCo9q0,EXERCISE_MACHINE,2020-02-17,1581951600
4627,R_3s02y9lg8GCo9q0,PLECTRUM,2020-02-17,1581951600
4628,R_3s02y9lg8GCo9q0,HAIR_COMB,2020-02-17,1581951600
4629,R_3s02y9lg8GCo9q0,ELECTRONIC_CABLE,2020-02-17,1581951600
4630,R_3s02y9lg8GCo9q0,BODY_LUBRICANT,2020-02-17,1581951600
4631,R_3s02y9lg8GCo9q0,CHISEL,2020-02-17,1581951600
4632,R_3s02y9lg8GCo9q0,ELECTRONIC_CABLE,2020-02-17,1581951600
4633,R_3s02y9lg8GCo9q0,TOYS_AND_GAMES,2020-02-17,1581951600
4634,R_3s02y9lg8GCo9q0,PLECTRUM,2020-02-17,1581951600
4635,R_3s02y9lg8GCo9q0,PANTS,2020-02-17,1581951600
4636,R_3socPWD3wXD0iDP,PANTS,2020-02-17,1581951600
4637,R_3socPWD3wXD0iDP,PHYSICAL_VIDEO_GAME_SOFTWARE,2020-02-17,1581951600
4638,R_3socPWD3wXD0iDP,PANTS,2020-02-17,1581951600
4639,R_3socPWD3wXD0iDP,SHIRT,2020-02-17,1581951600
4640,R_3socPWD3wXD0iDP,ELECTRONIC_CABLE,2020-02-17,1581951600
4641,R_4PhRzF4UI9ooLh7,FLASH_MEMORY,2020-02-17,1581951600
4642,R_6Jw0sPgGkHLnKkp,CRACKER,2020-02-17,1581951600
4643,R_6Jw0sPgGkHLnKkp,VITAMIN,2020-02-17,1581951600
4644,R_6lnssfnXksO2ntf,ANIMAL_LITTER,2020-02-17,1581951600
4645,R_6lnssfnXksO2ntf,SPORTING_GOODS,2020-02-17,1581951600
4646,R_6lnssfnXksO2ntf,SNACK_FOOD_BAR,2020-02-17,1581951600
4647,R_8cr0J12EMKs9NND,HEALTH_PERSONAL_CARE,2020-02-17,1581951600
4648,R_9yOmfJyU0rNZGW5,SHIRT,2020-02-17,1581951600
4649,R_9yOmfJyU0rNZGW5,SKIN_EXFOLIANT,2020-02-17,1581951600
4650,R_Amq2LudEdwYblXX,PANTS,2020-02-17,1581951600
4651,R_CaF1pc8CnyWJvCp,SNACK_FOOD_BAR,2020-02-17,1581951600
4652,R_CaF1pc8CnyWJvCp,SCREEN_PROTECTOR,2020-02-17,1581951600
4653,R_CaF1pc8CnyWJvCp,CELLULAR_PHONE_CASE,2020-02-17,1581951600
4654,R_OfntYUzw43qHbuF,NUTRITIONAL_SUPPLEMENT,2020-02-17,1581951600
4655,R_OfntYUzw43qHbuF,ABIS_BOOK,2020-02-17,1581951600
4656,R_Q4ZjTFeyiC5kgQV,SCREEN_PROTECTOR,2020-02-17,1581951600
4657,R_RlYyUhsDFvyGwX7,SKIN_MOISTURIZER,2020-02-17,1581951600
4658,R_SIWNWQmjel55jzP,WEATHER_STATION,2020-02-17,1581951600
4659,R_UVM6YBvaArzpRjb,SPOON_REST,2020-02-17,1581951600
4660,R_UVM6YBvaArzpRjb,AIMING_SCOPE_SIGHT,2020-02-17,1581951600
4661,R_UVM6YBvaArzpRjb,ABIS_BOOK,2020-02-17,1581951600
4662,R_UVM6YBvaArzpRjb,PET_FOOD,2020-02-17,1581951600
4663,R_UVM6YBvaArzpRjb,SKIN_CLEANING_AGENT,2020-02-17,1581951600
4664,R_UVM6YBvaArzpRjb,CELLULAR_PHONE_CASE,2020-02-17,1581951600
4665,R_UVM6YBvaArzpRjb,PERSONAL_PILL_DISPENSER,2020-02-17,1581951600
4666,R_UVM6YBvaArzpRjb,CRAFT_WRAPPING_TISSUE_PAPER,2020-02-17,1581951600
4667,R_UVM6YBvaArzpRjb,CLEANING_AGENT,2020-02-17,1581951600
4668,R_UVM6YBvaArzpRjb,MEDICATION,2020-02-17,1581951600
4669,R_UVM6YBvaArzpRjb,VITAMIN,2020-02-17,1581951600
4670,R_UVM6YBvaArzpRjb,SKIN_MOISTURIZER,2020-02-17,1581951600
4671,R_UVM6YBvaArzpRjb,SKIN_MOISTURIZER,2020-02-17,1581951600
4672,R_UVM6YBvaArzpRjb,SPIRITS,2020-02-17,1581951600
4673,R_UVM6YBvaArzpRjb,SCREEN_PROTECTOR,2020-02-17,1581951600
4674,R_UVM6YBvaArzpRjb,AIMING_SCOPE_SIGHT,2020-02-17,1581951600
4675,R_UVM6YBvaArzpRjb,SPIRITS,2020-02-17,1581951600
4676,R_UVM6YBvaArzpRjb,CRAFT_WRAPPING_TISSUE_PAPER,2020-02-17,1581951600
4677,R_UVM6YBvaArzpRjb,PHYSICAL_MOVIE,2020-02-17,1581951600
4678,R_VPWGdK1zBBekfAJ,VACUUM_CLEANER_BAG,2020-02-17,1581951600
4679,R_VPWGdK1zBBekfAJ,MEDICATION,2020-02-17,1581951600
4680,R_XUhit9pAXhD746B,PUZZLES,2020-02-17,1581951600
4681,R_Xhz81T9LodPX0KB,TUNIC,2020-02-17,1581951600
4682,R_Xhz81T9LodPX0KB,SKIN_MOISTURIZER,2020-02-17,1581951600
4683,R_Xhz81T9LodPX0KB,MEDICATION,2020-02-17,1581951600
4684,R_Xhz81T9LodPX0KB,HEADPHONES,2020-02-17,1581951600
4685,R_Xhz81T9LodPX0KB,BATTERY,2020-02-17,1581951600
4686,R_Xhz81T9LodPX0KB,BATTERY,2020-02-17,1581951600
4687,R_Xhz81T9LodPX0KB,NUTRITIONAL_SUPPLEMENT,2020-02-17,1581951600
4688,R_Y3PPLmdNg6NnwZz,SPORTING_GOODS,2020-02-17,1581951600
4689,R_ZegAOoGxHgKdVIZ,COMPUTER_DRIVE_OR_STORAGE,2020-02-17,1581951600
4690,R_bkquoGQp5VhpihP,SHOES,2020-02-17,1581951600
4691,R_bkquoGQp5VhpihP,PICNIC_HOLDER,2020-02-17,1581951600
4692,R_bkquoGQp5VhpihP,ELECTRONIC_CABLE,2020-02-17,1581951600
4693,R_bkquoGQp5VhpihP,HEADPHONES,2020-02-17,1581951600
4694,R_bkquoGQp5VhpihP,TOYS_AND_GAMES,2020-02-17,1581951600
4695,R_bkquoGQp5VhpihP,SNACK_FOOD_BAR,2020-02-17,1581951600
4696,R_bkquoGQp5VhpihP,PANTS,2020-02-17,1581951600
4697,R_bkquoGQp5VhpihP,BATTERY,2020-02-17,1581951600
4698,R_bkquoGQp5VhpihP,VITAMIN,2020-02-17,1581951600
4699,R_bkquoGQp5VhpihP,BATTERY,2020-02-17,1581951600
4700,R_cAcAtozIWnZIbGp,ABIS_BOOK,2020-02-17,1581951600
4701,R_cAcAtozIWnZIbGp,BATTERY,2020-02-17,1581951600
4702,R_cAcAtozIWnZIbGp,HEADPHONES,2020-02-17,1581951600
4703,R_e8KTElZZLWryLWp,VITAMIN,2020-02-17,1581951600
4704,R_ebblotCCh8G6Ddf,SNACK_FOOD_BAR,2020-02-17,1581951600
4705,R_ebblotCCh8G6Ddf,INDOOR_GROW_ENCLOSURE,2020-02-17,1581951600
4706,R_ebblotCCh8G6Ddf,SHOES,2020-02-17,1581951600
4707,R_ebblotCCh8G6Ddf,SKEWER,2020-02-17,1581951600
4708,R_ebblotCCh8G6Ddf,SKIN_MOISTURIZER,2020-02-17,1581951600
4709,R_rcId0AtM417vPGN,BATTERY,2020-02-17,1581951600
4710,R_sRSLCxzK04aJvhL,RESPIRATOR,2020-02-17,1581951600
4711,R_swfIN0JgX72IbMl,FASHIONOTHER,2020-02-17,1581951600
4712,R_swfIN0JgX72IbMl,SHOES,2020-02-17,1581951600
4713,R_tJNLenUlMH5f4el,GROCERY,2020-02-17,1581951600
4714,R_tXHOaasrDjYwLO9,PANTS,2020-02-17,1581951600
4715,R_tXHOaasrDjYwLO9,COCKTAIL_SHAKER,2020-02-17,1581951600
4716,R_tXHOaasrDjYwLO9,GROCERY,2020-02-17,1581951600
4717,R_w7a7YDkfvtMXJ8l,NUTS,2020-02-17,1581951600
4718,R_xcs1aVCVrBlXkgV,NUTRITIONAL_SUPPLEMENT,2020-02-17,1581951600
4719,R_xrrF4kkA2JEG6OZ,TOYS_AND_GAMES,2020-02-17,1581951600
4720,R_xrrF4kkA2JEG6OZ,NUTRITIONAL_SUPPLEMENT,2020-02-17,1581951600
4721,R_xzt7BAlQUA8iNyh,GROCERY,2020-02-17,1581951600
4722,R_xzt7BAlQUA8iNyh,SHIRT,2020-02-17,1581951600
4723,R_10wSqGFumZGSTmH,KITCHEN,2020-02-18,1582038000
4724,R_12bC3rUwQ2h1sz5,SAUCE,2020-02-18,1582038000
4725,R_1C4nKyrv0w2thJn,SUNSCREEN,2020-02-18,1582038000
4726,R_1C4nKyrv0w2thJn,PHYSICAL_MOVIE,2020-02-18,1582038000
4727,R_1C4nKyrv0w2thJn,SNACK_FOOD_BAR,2020-02-18,1582038000
4728,R_1C4nKyrv0w2thJn,VITAMIN,2020-02-18,1582038000
4729,R_1C4nKyrv0w2thJn,SEASONING,2020-02-18,1582038000
4730,R_1C4nKyrv0w2thJn,TRACTION_CLEAT,2020-02-18,1582038000
4731,R_1C4nKyrv0w2thJn,PHYSICAL_MOVIE,2020-02-18,1582038000
4732,R_1C4tcyEfmcsKI9X,MEDICATION,2020-02-18,1582038000
4733,R_1C4tcyEfmcsKI9X,SNACK_FOOD_BAR,2020-02-18,1582038000
4734,R_1C8t1JAe5Wo7sSl,SECURITY_ELECTRONICS,2020-02-18,1582038000
4735,R_1C8t1JAe5Wo7sSl,STRENGTH_TRAINING_MACHINE,2020-02-18,1582038000
4736,R_1C8t1JAe5Wo7sSl,SIGNAGE,2020-02-18,1582038000
4737,R_1C8t1JAe5Wo7sSl,TOYS_AND_GAMES,2020-02-18,1582038000
4738,R_1Cx2TzfSj9KxVhR,CELLULAR_PHONE_CASE,2020-02-18,1582038000
4739,R_1Cx2TzfSj9KxVhR,VITAMIN,2020-02-18,1582038000
4740,R_1Fyt6rHyiQcVOT8,SCREEN_PROTECTOR,2020-02-18,1582038000
4741,R_1Fyt6rHyiQcVOT8,CORRECTIVE_EYEGLASSES,2020-02-18,1582038000
4742,R_1GVsIStj8gTkbIE,FOOD,2020-02-18,1582038000
4743,R_1GVsIStj8gTkbIE,ABIS_BOOK,2020-02-18,1582038000
4744,R_1GVsIStj8gTkbIE,ANIMAL_COLLAR,2020-02-18,1582038000
4745,R_1GWwhndoXXJDzDA,TOYS_AND_GAMES,2020-02-18,1582038000
4746,R_1Hena1rUph3TnA3,ELECTRIC_MOTOR,2020-02-18,1582038000
4747,R_1IZrt5CyqgTg2Qe,GUITAR_EFFECT_DEVICE,2020-02-18,1582038000
4748,R_1KkFs7rgWXlWf58,WASHER,2020-02-18,1582038000
4749,R_1Kru2C0Zf28ZbQ0,MEDICATION,2020-02-18,1582038000
4750,R_1LRR1P5IQqdSvIP,ELECTRONIC_CABLE,2020-02-18,1582038000
4751,R_1LRR1P5IQqdSvIP,PICTURE_FRAME,2020-02-18,1582038000
4752,R_1Luv7PTSNMEjqFV,SNACK_FOOD_BAR,2020-02-18,1582038000
4753,R_1MTbVUzYEQq2MzU,HARDWARE_CLAMP_VISE,2020-02-18,1582038000
4754,R_1MTbVUzYEQq2MzU,HARDWARE_CLAMP_VISE,2020-02-18,1582038000
4755,R_1MTbVUzYEQq2MzU,ABIS_KITCHEN,2020-02-18,1582038000
4756,R_1QozBaV2v9k1qO9,BATTERY,2020-02-18,1582038000
4757,R_1QozBaV2v9k1qO9,MEDICATION,2020-02-18,1582038000
4758,R_1QozBaV2v9k1qO9,CELLULAR_PHONE_CASE,2020-02-18,1582038000
4759,R_1QozBaV2v9k1qO9,HEADPHONES,2020-02-18,1582038000
4760,R_1QozBaV2v9k1qO9,COSMETIC_NAIL_SET,2020-02-18,1582038000
4761,R_1QozBaV2v9k1qO9,PANTS,2020-02-18,1582038000
4762,R_1QozBaV2v9k1qO9,SNACK_FOOD_BAR,2020-02-18,1582038000
4763,R_1QozBaV2v9k1qO9,GROCERY,2020-02-18,1582038000
4764,R_1gOX88nojaBXOt2,SHIRT,2020-02-18,1582038000
4765,R_1gOX88nojaBXOt2,KITCHEN,2020-02-18,1582038000
4766,R_1gq1l7L7YXNcp13,HARDWARE_HANDLE,2020-02-18,1582038000
4767,R_1gq1l7L7YXNcp13,OUTDOOR_LIVING,2020-02-18,1582038000
4768,R_1hLPyY3aamfi3xT,HEALTH_PERSONAL_CARE,2020-02-18,1582038000
4769,R_1jARg5bGH5uqAKW,SKIN_CLEANING_AGENT,2020-02-18,1582038000
4770,R_1jd0U0OjvEcZEcw,MEDICATION,2020-02-18,1582038000
4771,R_1jd0U0OjvEcZEcw,BATHTUB_SHOWER_TRIM_KIT,2020-02-18,1582038000
4772,R_1jd0U0OjvEcZEcw,PANTS,2020-02-18,1582038000
4773,R_1jd0U0OjvEcZEcw,VIVARIUM,2020-02-18,1582038000
4774,R_1kLdd31W284Angd,PET_FOOD,2020-02-18,1582038000
4775,R_1mxX9jjBSLwxiDU,VEHICLE_EMBLEM,2020-02-18,1582038000
4776,R_1q4eVtHN10S5gPB,COOKIE_CUTTER,2020-02-18,1582038000
4777,R_1rPQIXSf3d1wvFO,GROCERY,2020-02-18,1582038000
4778,R_20V73ixsOYXCBbP,GROCERY,2020-02-18,1582038000
4779,R_20V73ixsOYXCBbP,SHIRT,2020-02-18,1582038000
4780,R_20Yd9DvrGselmZY,TEA,2020-02-18,1582038000
4781,R_20Yd9DvrGselmZY,SHAMPOO,2020-02-18,1582038000
4782,R_21ttkGbeIL6HdlR,VEHICLE_LIGHT_ASSEMBLY,2020-02-18,1582038000
4783,R_22XOWVbIo1lxpmy,HONEY,2020-02-18,1582038000
4784,R_24MKoSmvuiLEI76,SHIRT,2020-02-18,1582038000
4785,R_24MKoSmvuiLEI76,ABIS_MUSIC,2020-02-18,1582038000
4786,R_24MKoSmvuiLEI76,CELLULAR_PHONE_CASE,2020-02-18,1582038000
4787,R_265zDShpZJQSm6H,HEADPHONES,2020-02-18,1582038000
4788,R_273TMGuLM3jXisi,TOYS_AND_GAMES,2020-02-18,1582038000
4789,R_273TMGuLM3jXisi,SHOES,2020-02-18,1582038000
4790,R_28BST1zc80UaP2C,PANTS,2020-02-18,1582038000
4791,R_29uBVByYo0xAXiZ,HEADPHONES,2020-02-18,1582038000
4792,R_29uBVByYo0xAXiZ,SCREEN_PROTECTOR,2020-02-18,1582038000
4793,R_29uBVByYo0xAXiZ,PANTS,2020-02-18,1582038000
4794,R_2AGpSTOzeeHqMYd,DRYING_RACK,2020-02-18,1582038000
4795,R_2ASz0xBmcxqYzUJ,ABIS_BOOK,2020-02-18,1582038000
4796,R_2CJ9tQVGVUnaesS,ABIS_ELECTRONICS,2020-02-18,1582038000
4797,R_2CVxHRKIkQ8pd1C,MOTOR_ENGINE_FUEL_TANK,2020-02-18,1582038000
4798,R_2CVxHRKIkQ8pd1C,MEDICATION,2020-02-18,1582038000
4799,R_2D2K5rKv8NODIDZ,PHYSICAL_MOVIE,2020-02-18,1582038000
4800,R_2DMQ4Npnlu3WWyq,LAB_CHEMICAL,2020-02-18,1582038000
4801,R_2DOWnSX3XtTVapF,MEDICATION,2020-02-18,1582038000
4802,R_2DSIdH6iUv9yJ8V,CELLULAR_PHONE_CASE,2020-02-18,1582038000
4803,R_2DSIdH6iUv9yJ8V,ABIS_BOOK,2020-02-18,1582038000
4804,R_2DSIdH6iUv9yJ8V,INPUT_MOUSE,2020-02-18,1582038000
4805,R_2DSIdH6iUv9yJ8V,HEADPHONES,2020-02-18,1582038000
4806,R_2DSIdH6iUv9yJ8V,TOYS_AND_GAMES,2020-02-18,1582038000
4807,R_2DSIdH6iUv9yJ8V,PANTS,2020-02-18,1582038000
4808,R_2DSIdH6iUv9yJ8V,BATTERY,2020-02-18,1582038000
4809,R_2DSIdH6iUv9yJ8V,PET_FOOD,2020-02-18,1582038000
4810,R_2DSIdH6iUv9yJ8V,PET_FOOD,2020-02-18,1582038000
4811,R_2DSmjafbkSAict9,TOYS_AND_GAMES,2020-02-18,1582038000
4812,R_2QEQOSl4i81CHb1,TEMPORARY_TATTOO,2020-02-18,1582038000
4813,R_2QXJIE0UXBTy8wd,NAIL_POLISH_REMOVER,2020-02-18,1582038000
4814,R_2QXJIE0UXBTy8wd,HARDWARE_CLAMP_VISE,2020-02-18,1582038000
4815,R_2QXJIE0UXBTy8wd,PET_SEAT,2020-02-18,1582038000
4816,R_2QXJIE0UXBTy8wd,TOY_BUILDING_BLOCK,2020-02-18,1582038000
4817,R_2QXJIE0UXBTy8wd,ABIS_BOOK,2020-02-18,1582038000
4818,R_2QXJIE0UXBTy8wd,GROCERY,2020-02-18,1582038000
4819,R_2QXJIE0UXBTy8wd,GROCERY,2020-02-18,1582038000
4820,R_2QXJIE0UXBTy8wd,HAIR_ROLLER,2020-02-18,1582038000
4821,R_2QXJIE0UXBTy8wd,COSMETIC_BRUSH,2020-02-18,1582038000
4822,R_2QXJIE0UXBTy8wd,VITAMIN,2020-02-18,1582038000
4823,R_2QXJIE0UXBTy8wd,MEDICATION,2020-02-18,1582038000
4824,R_2QXJIE0UXBTy8wd,PANTS,2020-02-18,1582038000
4825,R_2QXJIE0UXBTy8wd,TONG_UTENSIL,2020-02-18,1582038000
4826,R_2QXJIE0UXBTy8wd,PICTURE_FRAME,2020-02-18,1582038000
4827,R_2QXJIE0UXBTy8wd,SNACK_FOOD_BAR,2020-02-18,1582038000
4828,R_2QXJIE0UXBTy8wd,PICTURE_FRAME,2020-02-18,1582038000
4829,R_2QXJIE0UXBTy8wd,COSMETIC_BRUSH,2020-02-18,1582038000
4830,R_2QXJIE0UXBTy8wd,BOTTLE,2020-02-18,1582038000
4831,R_2QXJIE0UXBTy8wd,PANTS,2020-02-18,1582038000
4832,R_2QXJIE0UXBTy8wd,ABIS_BOOK,2020-02-18,1582038000
4833,R_2QXJIE0UXBTy8wd,SHOES,2020-02-18,1582038000
4834,R_2R3ayuIYVgX07CZ,BROOM,2020-02-18,1582038000
4835,R_2VyUSFk11bbTVej,TENT,2020-02-18,1582038000
4836,R_2WVIxBGaj1uOr8S,GROCERY,2020-02-18,1582038000
4837,R_2WVIxBGaj1uOr8S,COOKING_POT,2020-02-18,1582038000
4838,R_2WVIxBGaj1uOr8S,MECHANICAL_FASTENERS,2020-02-18,1582038000
4839,R_2XoI6KbLJRGFz5X,PANTS,2020-02-18,1582038000
4840,R_2YVQQRVSdj7M8Va,BATTERY,2020-02-18,1582038000
4841,R_2ZOgImZ5BSZcQoz,HEALTH_PERSONAL_CARE,2020-02-18,1582038000
4842,R_2ZOgImZ5BSZcQoz,HEALTH_PERSONAL_CARE,2020-02-18,1582038000
4843,R_2ZOgImZ5BSZcQoz,SKIN_CLEANING_AGENT,2020-02-18,1582038000
4844,R_2b1XOZR0PYTA1jX,ABIS_BOOK,2020-02-18,1582038000
4845,R_2b1XOZR0PYTA1jX,TOYS_AND_GAMES,2020-02-18,1582038000
4846,R_2b1XOZR0PYTA1jX,HEADPHONES,2020-02-18,1582038000
4847,R_2dRR9SjNrn4s7xU,SHOES,2020-02-18,1582038000
4848,R_2dvh9tu7PLPeipE,COFFEE,2020-02-18,1582038000
4849,R_2dvh9tu7PLPeipE,STANDALONE_STREAMING_MEDIA_PLAYER,2020-02-18,1582038000
4850,R_2eaIHfPqBAh3Zqa,TOYS_AND_GAMES,2020-02-18,1582038000
4851,R_2ebyEGI9jY5WIax,OTTOMAN,2020-02-18,1582038000
4852,R_2fD6Jy2muMgaubH,FOOD_SERVICE_SUPPLY,2020-02-18,1582038000
4853,R_2mKYTXpTsUEkSGt,CELLULAR_PHONE_CASE,2020-02-18,1582038000
4854,R_2ri4RVtvkxnZzHj,PET_FOOD,2020-02-18,1582038000
4855,R_2s5YO3cdqKDFyIM,BATTERY,2020-02-18,1582038000
4856,R_2s5YO3cdqKDFyIM,GROCERY,2020-02-18,1582038000
4857,R_2s5YO3cdqKDFyIM,ELECTRONIC_CABLE,2020-02-18,1582038000
4858,R_2ugDyrE1yi1FjvH,COLLECTIBLE_COINS,2020-02-18,1582038000
4859,R_2ugDyrE1yi1FjvH,RUG_PAD,2020-02-18,1582038000
4860,R_2vkMWH10xWp7o9s,BATHING_SPONGE,2020-02-18,1582038000
4861,R_2z7rLZb69WuqDdf,SNACK_FOOD_BAR,2020-02-18,1582038000
4862,R_2zD58KSXqhHfp5e,VITAMIN,2020-02-18,1582038000
4863,R_2zD58KSXqhHfp5e,SKIN_CLEANING_AGENT,2020-02-18,1582038000
4864,R_31QS1Ms6iQEU3mI,PANTS,2020-02-18,1582038000
4865,R_32UZncFA03IrQwQ,BATTERY,2020-02-18,1582038000
4866,R_32UZncFA03IrQwQ,STATIONARY_BICYCLE,2020-02-18,1582038000
4867,R_32UZncFA03IrQwQ,ELECTROMECHANICAL_GAUGE,2020-02-18,1582038000
4868,R_32UZncFA03IrQwQ,OUTDOOR_LIVING,2020-02-18,1582038000
4869,R_32UZncFA03IrQwQ,NUTRITIONAL_SUPPLEMENT,2020-02-18,1582038000
4870,R_32UZncFA03IrQwQ,TOYS_AND_GAMES,2020-02-18,1582038000
4871,R_32UZncFA03IrQwQ,BATTERY_CHARGER,2020-02-18,1582038000
4872,R_32UZncFA03IrQwQ,SHOES,2020-02-18,1582038000
4873,R_32UZncFA03IrQwQ,SHIRT,2020-02-18,1582038000
4874,R_32UZncFA03IrQwQ,SHOES,2020-02-18,1582038000
4875,R_32UZncFA03IrQwQ,STATIONARY_BICYCLE,2020-02-18,1582038000
4876,R_32UZncFA03IrQwQ,SHIRT,2020-02-18,1582038000
4877,R_32UZncFA03IrQwQ,SKIN_CLEANING_AGENT,2020-02-18,1582038000
4878,R_32UZncFA03IrQwQ,PET_FOOD,2020-02-18,1582038000
4879,R_32UZncFA03IrQwQ,HOBBIES,2020-02-18,1582038000
4880,R_32UZncFA03IrQwQ,ABIS_BOOK,2020-02-18,1582038000
4881,R_32UZncFA03IrQwQ,ELECTRONIC_CABLE,2020-02-18,1582038000
4882,R_33El0GX9AkXCVDU,TOYS_AND_GAMES,2020-02-18,1582038000
4883,R_33El0GX9AkXCVDU,FOOT_SCRAPER,2020-02-18,1582038000
4884,R_33El0GX9AkXCVDU,TOYS_AND_GAMES,2020-02-18,1582038000
4885,R_33El0GX9AkXCVDU,ABIS_BOOK,2020-02-18,1582038000
4886,R_39HhVszlqdawZPP,MEDICATION,2020-02-18,1582038000
4887,R_3EbttwlSceKvWpl,SEEDS_AND_PLANTS,2020-02-18,1582038000
4888,R_3EbttwlSceKvWpl,GROCERY,2020-02-18,1582038000
4889,R_3Em4Q2OBHB3m5rz,NUTRITIONAL_SUPPLEMENT,2020-02-18,1582038000
4890,R_3G1gYo1d23Zq8Np,SKIN_CLEANING_AGENT,2020-02-18,1582038000
4891,R_3GqfePl8gH1VWP1,BREAST_PETAL,2020-02-18,1582038000
4892,R_3GqfePl8gH1VWP1,BATTERY,2020-02-18,1582038000
4893,R_3HAk4tN4hE1Arcm,HEALTH_PERSONAL_CARE,2020-02-18,1582038000
4894,R_3HAk4tN4hE1Arcm,POOL_VACUUM,2020-02-18,1582038000
4895,R_3HAk4tN4hE1Arcm,SNACK_FOOD_BAR,2020-02-18,1582038000
4896,R_3HAk4tN4hE1Arcm,HERBAL_SUPPLEMENT,2020-02-18,1582038000
4897,R_3HAk4tN4hE1Arcm,STORAGE_COVER,2020-02-18,1582038000
4898,R_3HAk4tN4hE1Arcm,HAIR_CLEANER_CONDITIONER,2020-02-18,1582038000
4899,R_3HAk4tN4hE1Arcm,WINDING_REEL,2020-02-18,1582038000
4900,R_3HAk4tN4hE1Arcm,AIR_COOLER,2020-02-18,1582038000
4901,R_3HAk4tN4hE1Arcm,KNITTING_NEEDLE,2020-02-18,1582038000
4902,R_3HAk4tN4hE1Arcm,SNACK_FOOD_BAR,2020-02-18,1582038000
4903,R_3HAk4tN4hE1Arcm,SPORT_NET,2020-02-18,1582038000
4904,R_3HAk4tN4hE1Arcm,ABIS_BOOK,2020-02-18,1582038000
4905,R_3J8UIMbwljBx6df,BICYCLE_DERAILLEUR,2020-02-18,1582038000
4906,R_3J8UIMbwljBx6df,TOYS_AND_GAMES,2020-02-18,1582038000
4907,R_3Jxiicg67etW2yt,VITAMIN,2020-02-18,1582038000
4908,R_3LXRVZSdJiqH63S,CELLULAR_PHONE_CASE,2020-02-18,1582038000
4909,R_3Mc9nZhk6fg7b8z,CAMERA,2020-02-18,1582038000
4910,R_3Mc9nZhk6fg7b8z,SHIRT,2020-02-18,1582038000
4911,R_3Mc9nZhk6fg7b8z,SALAD_DRESSING,2020-02-18,1582038000
4912,R_3Mc9nZhk6fg7b8z,GREENHOUSE,2020-02-18,1582038000
4913,R_3Mc9nZhk6fg7b8z,BATTERY,2020-02-18,1582038000
4914,R_3MhBAq6V6XHU9ln,MOUNTED_STORAGE_SYSTEM_KIT,2020-02-18,1582038000
4915,R_3MnSLQdJkly3wfg,VACUUM_FILTER,2020-02-18,1582038000
4916,R_3NCfhSJSgGWexUL,GROCERY,2020-02-18,1582038000
4917,R_3NCfhSJSgGWexUL,SCREEN_PROTECTOR,2020-02-18,1582038000
4918,R_3PAyJj7mQvMzMco,PHYSICAL_MOVIE,2020-02-18,1582038000
4919,R_3PAyJj7mQvMzMco,SCREEN_PROTECTOR,2020-02-18,1582038000
4920,R_3PaGuwKhYPfHa15,BRA,2020-02-18,1582038000
4921,R_3PaGuwKhYPfHa15,PANTS,2020-02-18,1582038000
4922,R_3PuErkwk0nhqeG4,HOME_FURNITURE_AND_DECOR,2020-02-18,1582038000
4923,R_3PuErkwk0nhqeG4,PANTS,2020-02-18,1582038000
4924,R_3QtdtxnX6fJnkNr,SWEATER,2020-02-18,1582038000
4925,R_3ez7TNnB78XtMa7,KETTLEBELL,2020-02-18,1582038000
4926,R_3ez7TNnB78XtMa7,PHYSICAL_MOVIE,2020-02-18,1582038000
4927,R_3jSAmu0UzDwnhQD,SHOES,2020-02-18,1582038000
4928,R_3lXswIAy7Qq6UEZ,HEALTH_PERSONAL_CARE,2020-02-18,1582038000
4929,R_3lXswIAy7Qq6UEZ,SHOES,2020-02-18,1582038000
4930,R_3m3H4mwZ2snYFua,SNACK_FOOD_BAR,2020-02-18,1582038000
4931,R_3n2VXT4Z99FpnEG,PHYSICAL_MOVIE,2020-02-18,1582038000
4932,R_3nA7SneXu81knN1,ABIS_BOOK,2020-02-18,1582038000
4933,R_3nA7SneXu81knN1,NUTRITIONAL_SUPPLEMENT,2020-02-18,1582038000
4934,R_3nA7SneXu81knN1,PHYSICAL_MOVIE,2020-02-18,1582038000
4935,R_3nA7SneXu81knN1,SKIN_CLEANING_AGENT,2020-02-18,1582038000
4936,R_3nqGVGe1oo00hRC,GROCERY,2020-02-18,1582038000
4937,R_3nqGVGe1oo00hRC,MOTION_DETECTOR_DEVICE,2020-02-18,1582038000
4938,R_3nqGVGe1oo00hRC,HEARING_AMPLIFIER,2020-02-18,1582038000
4939,R_3s60LmlFm5fAEP5,SHIRT,2020-02-18,1582038000
4940,R_3s60LmlFm5fAEP5,HEALTH_PERSONAL_CARE,2020-02-18,1582038000
4941,R_3s60LmlFm5fAEP5,PLIERS,2020-02-18,1582038000
4942,R_8CXcySQawXPuJwJ,MEDICATION,2020-02-18,1582038000
4943,R_8CXcySQawXPuJwJ,SHIRT,2020-02-18,1582038000
4944,R_8CXcySQawXPuJwJ,INCONTINENCE_PROTECTOR,2020-02-18,1582038000
4945,R_8pMsG4P0RqzoSlz,COMPUTER_DRIVE_OR_STORAGE,2020-02-18,1582038000
4946,R_8pMsG4P0RqzoSlz,SHOES,2020-02-18,1582038000
4947,R_8pMsG4P0RqzoSlz,BACKDROP,2020-02-18,1582038000
4948,R_8wRttNX3JNWugRr,TOYS_AND_GAMES,2020-02-18,1582038000
4949,R_A1CRADYHwN0zQL7,VITAMIN,2020-02-18,1582038000
4950,R_AEBbAiW2xdXI2at,CHARGING_ADAPTER,2020-02-18,1582038000
4951,R_Amq2LudEdwYblXX,HEALTH_PERSONAL_CARE,2020-02-18,1582038000
4952,R_Amq2LudEdwYblXX,ORTHOPEDIC_BRACE,2020-02-18,1582038000
4953,R_DBhzVeGIG4SLSYV,GROCERY,2020-02-18,1582038000
4954,R_DqTqoF539jfSsLf,SHIRT,2020-02-18,1582038000
4955,R_O6ZX76mggPnAOfD,VITAMIN,2020-02-18,1582038000
4956,R_O6ZX76mggPnAOfD,SCREEN_PROTECTOR,2020-02-18,1582038000
4957,R_Q6WPHvxgbOBjvZ7,BATTERY,2020-02-18,1582038000
4958,R_TmUTipQ7flj3x5f,NUTRITIONAL_SUPPLEMENT,2020-02-18,1582038000
4959,R_TmUTipQ7flj3x5f,PANTS,2020-02-18,1582038000
4960,R_TtK3Qkb3c3EIeoV,CELLULAR_PHONE_CASE,2020-02-18,1582038000
4961,R_TtK3Qkb3c3EIeoV,TOYS_AND_GAMES,2020-02-18,1582038000
4962,R_TtK3Qkb3c3EIeoV,TOILET_PAPER,2020-02-18,1582038000
4963,R_TwqkiWpv7r8ygAV,PHYSICAL_MOVIE,2020-02-18,1582038000
4964,R_VKZzr77ll29A1iN,SKIN_MOISTURIZER,2020-02-18,1582038000
4965,R_VKZzr77ll29A1iN,SHIRT,2020-02-18,1582038000
4966,R_Zwn68Xfx8lenBER,SCREEN_PROTECTOR,2020-02-18,1582038000
4967,R_bJI8lmXMZWL6oql,VITAMIN,2020-02-18,1582038000
4968,R_bJI8lmXMZWL6oql,BATTERY,2020-02-18,1582038000
4969,R_bJI8lmXMZWL6oql,SKIN_MOISTURIZER,2020-02-18,1582038000
4970,R_bw2nQ0iRh2wCa8p,HVAC_AIR_FILTER,2020-02-18,1582038000
4971,R_cAcAtozIWnZIbGp,MEDICATION,2020-02-18,1582038000
4972,R_cAcAtozIWnZIbGp,BATTERY,2020-02-18,1582038000
4973,R_cAcAtozIWnZIbGp,TOYS_AND_GAMES,2020-02-18,1582038000
4974,R_cAcAtozIWnZIbGp,SHOES,2020-02-18,1582038000
4975,R_r1qqClBL89aFjXP,SHIRT,2020-02-18,1582038000
4976,R_r1qqClBL89aFjXP,GROCERY,2020-02-18,1582038000
4977,R_rqK6K6zDsynoZHP,ROTATING_TRAY,2020-02-18,1582038000
4978,R_u2EdYogSnJBrpex,ELECTRONIC_CABLE,2020-02-18,1582038000
4979,R_u2EdYogSnJBrpex,CLEANING_AGENT,2020-02-18,1582038000
4980,R_u2EdYogSnJBrpex,WREATH,2020-02-18,1582038000
4981,R_u2EdYogSnJBrpex,MATTRESS_COVER,2020-02-18,1582038000
4982,R_u2EdYogSnJBrpex,SHOES,2020-02-18,1582038000
4983,R_u2EdYogSnJBrpex,ABIS_BOOK,2020-02-18,1582038000
4984,R_u9qeol6zlUcq13j,MEDICATION,2020-02-18,1582038000
4985,R_w5bE96azoKnM6Ih,GROCERY,2020-02-18,1582038000
4986,R_w7a7YDkfvtMXJ8l,CELLULAR_PHONE_CASE,2020-02-18,1582038000
4987,R_xc0AiqTlV5cTvZn,TOYS_AND_GAMES,2020-02-18,1582038000
4988,R_xzt7BAlQUA8iNyh,HEALTH_PERSONAL_CARE,2020-02-18,1582038000
4989,R_yPgyGUixTuXuX5v,NUTRITIONAL_SUPPLEMENT,2020-02-18,1582038000
4990,R_yPgyGUixTuXuX5v,CELLULAR_PHONE_CASE,2020-02-18,1582038000
4991,R_yPgyGUixTuXuX5v,SNACK_FOOD_BAR,2020-02-18,1582038000
4992,R_0pRmRjHkwStzNQJ,PET_FOOD,2020-02-19,1582124400
4993,R_10TV1zyi4yCEEkl,HEADPHONES,2020-02-19,1582124400
4994,R_10TV1zyi4yCEEkl,PANTS,2020-02-19,1582124400
4995,R_10TV1zyi4yCEEkl,BATTERY_CHARGER,2020-02-19,1582124400
4996,R_10TV1zyi4yCEEkl,PET_FOOD,2020-02-19,1582124400
4997,R_10TV1zyi4yCEEkl,GARLIC_PRESS,2020-02-19,1582124400
4998,R_129jUlsvVcVBDur,AV_SIGNAL_SWITCH,2020-02-19,1582124400
4999,R_12QFQ7lCIls8sRd,GROCERY,2020-02-19,1582124400
5000,R_12QFQ7lCIls8sRd,SUIT,2020-02-19,1582124400
5001,R_1C4nKyrv0w2thJn,BICYCLE_TRAINER,2020-02-19,1582124400
5002,R_1DOwHkGiX8DX7mF,SCREEN_PROTECTOR,2020-02-19,1582124400
5003,R_1DYWdbAMt6LyCZH,SKIN_MOISTURIZER,2020-02-19,1582124400
5004,R_1I6meOeB0piHEX8,THERMOMETER,2020-02-19,1582124400
5005,R_1I6meOeB0piHEX8,SKIN_MOISTURIZER,2020-02-19,1582124400
5006,R_1I6meOeB0piHEX8,SKIN_MOISTURIZER,2020-02-19,1582124400
5007,R_1I6meOeB0piHEX8,SHIRT,2020-02-19,1582124400
5008,R_1I6meOeB0piHEX8,SKIN_CLEANING_AGENT,2020-02-19,1582124400
5009,R_1IaQCAaU1CcbXWO,COORDINATED_OUTFIT,2020-02-19,1582124400
5010,R_1IaYiTSaUaD2W2i,COORDINATED_OUTFIT,2020-02-19,1582124400
5011,R_1IaYiTSaUaD2W2i,MEDICATION,2020-02-19,1582124400
5012,R_1IaYiTSaUaD2W2i,SCREEN_PROTECTOR,2020-02-19,1582124400
5013,R_1IaYiTSaUaD2W2i,ARTIFICIAL_TREE,2020-02-19,1582124400
5014,R_1LMa9REuvUok05j,GROCERY,2020-02-19,1582124400
5015,R_1LMa9REuvUok05j,CELLULAR_PHONE_CASE,2020-02-19,1582124400
5016,R_1LRR1P5IQqdSvIP,CELLULAR_PHONE_CASE,2020-02-19,1582124400
5017,R_1MJSWPNY1QR0Q68,HARDWARE,2020-02-19,1582124400
5018,R_1NCzj2eSHI4QGcd,MOUNT_BRACKET,2020-02-19,1582124400
5019,R_1NCzj2eSHI4QGcd,HEALTH_PERSONAL_CARE,2020-02-19,1582124400
5020,R_1NCzj2eSHI4QGcd,MEDICATION,2020-02-19,1582124400
5021,R_1Q9JeeKncbbLcz0,TOYS_AND_GAMES,2020-02-19,1582124400
5022,R_1Q9JeeKncbbLcz0,VACUUM_CLEANER_BAG,2020-02-19,1582124400
5023,R_1Q9JeeKncbbLcz0,FISHING_HOOK,2020-02-19,1582124400
5024,R_1Q9JeeKncbbLcz0,VACUUM_CLEANER_BAG,2020-02-19,1582124400
5025,R_1Q9JeeKncbbLcz0,ABIS_BOOK,2020-02-19,1582124400
5026,R_1Q9JeeKncbbLcz0,ELECTRONIC_CABLE,2020-02-19,1582124400
5027,R_1Q9JeeKncbbLcz0,CELLULAR_PHONE_CASE,2020-02-19,1582124400
5028,R_1Q9JeeKncbbLcz0,ABIS_BOOK,2020-02-19,1582124400
5029,R_1dKBjc0UTA0ZiYb,ABIS_BOOK,2020-02-19,1582124400
5030,R_1dKBjc0UTA0ZiYb,BED_LINEN_SET,2020-02-19,1582124400
5031,R_1daE3vUDxFrSw4I,MUSICAL_INSTRUMENT_STRING,2020-02-19,1582124400
5032,R_1f1PzEZw8H2N4zm,TEMPLATE_STENCIL,2020-02-19,1582124400
5033,R_1hMV4AHCk04WO5V,MEDICATION,2020-02-19,1582124400
5034,R_1hMV4AHCk04WO5V,HEALTH_PERSONAL_CARE,2020-02-19,1582124400
5035,R_1jZkLNE1JdtyVpH,TEA,2020-02-19,1582124400
5036,R_1kYuVPgjXmEfSf8,TOYS_AND_GAMES,2020-02-19,1582124400
5037,R_1kYuVPgjXmEfSf8,GROCERY,2020-02-19,1582124400
5038,R_1kYuVPgjXmEfSf8,VEHICLE_MAT,2020-02-19,1582124400
5039,R_1kYuVPgjXmEfSf8,CORE_PIT_REMOVER,2020-02-19,1582124400
5040,R_1kYuVPgjXmEfSf8,FIGURINE,2020-02-19,1582124400
5041,R_1kYuVPgjXmEfSf8,ELECTRONIC_CABLE,2020-02-19,1582124400
5042,R_1kYuVPgjXmEfSf8,ELECTRONIC_CABLE,2020-02-19,1582124400
5043,R_1lxYa2W6GgcAQ19,HEADPHONES,2020-02-19,1582124400
5044,R_1mQrQ5EFGvbBRLb,PANTS,2020-02-19,1582124400
5045,R_1mQrQ5EFGvbBRLb,SKIN_MOISTURIZER,2020-02-19,1582124400
5046,R_1mQrQ5EFGvbBRLb,BATTERY,2020-02-19,1582124400
5047,R_1mQrQ5EFGvbBRLb,SHOES,2020-02-19,1582124400
5048,R_1oFSDeGAQcUN2v8,NUTRITIONAL_SUPPLEMENT,2020-02-19,1582124400
5049,R_1ouRfsTlr2iWPge,MICROSCOPES,2020-02-19,1582124400
5050,R_1ouRfsTlr2iWPge,SHOWER_CAP,2020-02-19,1582124400
5051,R_1ouRfsTlr2iWPge,SKIN_MOISTURIZER,2020-02-19,1582124400
5052,R_1ouRfsTlr2iWPge,SHIRT,2020-02-19,1582124400
5053,R_1psTlOFeWx4gWdX,SHOES,2020-02-19,1582124400
5054,R_1r8u9f1vT8Y3HrC,SURFACE_PROTECTION_WAX,2020-02-19,1582124400
5055,R_1r8u9f1vT8Y3HrC,SUNSCREEN,2020-02-19,1582124400
5056,R_1roTOelTygZr5G8,CELLULAR_PHONE_CASE,2020-02-19,1582124400
5057,R_1roTOelTygZr5G8,PANTS,2020-02-19,1582124400
5058,R_1roTOelTygZr5G8,VIDEO_PROJECTOR,2020-02-19,1582124400
5059,R_1roTOelTygZr5G8,EYEWEAR,2020-02-19,1582124400
5060,R_1roTOelTygZr5G8,HEADPHONES,2020-02-19,1582124400
5061,R_21ttkGbeIL6HdlR,GROCERY,2020-02-19,1582124400
5062,R_21uibgT9dgqRD9J,SKIN_CLEANING_AGENT,2020-02-19,1582124400
5063,R_22SxELlmhBQCe1C,VITAMIN,2020-02-19,1582124400
5064,R_22mMopWqAj09mQc,PHYSICAL_MOVIE,2020-02-19,1582124400
5065,R_24dbGLxukEKohG6,SNACK_FOOD_BAR,2020-02-19,1582124400
5066,R_24dbGLxukEKohG6,ABIS_BOOK,2020-02-19,1582124400
5067,R_29bHzqH6Blzwhem,DRINK_FLAVORED,2020-02-19,1582124400
5068,R_2AGpSTOzeeHqMYd,TOYS_AND_GAMES,2020-02-19,1582124400
5069,R_2CKdeuvfVrO8I49,HEALTH_PERSONAL_CARE,2020-02-19,1582124400
5070,R_2CKdeuvfVrO8I49,MAKE_UP,2020-02-19,1582124400
5071,R_2CKdeuvfVrO8I49,COMPUTER_DRIVE_OR_STORAGE,2020-02-19,1582124400
5072,R_2CKdeuvfVrO8I49,COMPUTER_DRIVE_OR_STORAGE,2020-02-19,1582124400
5073,R_2CKdeuvfVrO8I49,MEDICATION,2020-02-19,1582124400
5074,R_2DSmjafbkSAict9,CELLULAR_PHONE_CASE,2020-02-19,1582124400
5075,R_2E5XCpTY2B5ZQ1f,CELLULAR_PHONE_CASE,2020-02-19,1582124400
5076,R_2E5XCpTY2B5ZQ1f,ANTENNA,2020-02-19,1582124400
5077,R_2E5XCpTY2B5ZQ1f,HEALTH_PERSONAL_CARE,2020-02-19,1582124400
5078,R_2E5XCpTY2B5ZQ1f,BRA_UNDERWEAR_SET,2020-02-19,1582124400
5079,R_2EglJpTWGEiwQYa,NUTRITIONAL_SUPPLEMENT,2020-02-19,1582124400
5080,R_2EglJpTWGEiwQYa,UNDERPANTS,2020-02-19,1582124400
5081,R_2QQl58nFfrZayxf,SANDAL,2020-02-19,1582124400
5082,R_2SowakeS8ZQebAD,SCREEN_PROTECTOR,2020-02-19,1582124400
5083,R_2SowakeS8ZQebAD,PET_FOOD,2020-02-19,1582124400
5084,R_2UctLzmpg4UJRZu,GROCERY,2020-02-19,1582124400
5085,R_2UctLzmpg4UJRZu,TOYS_AND_GAMES,2020-02-19,1582124400
5086,R_2UctLzmpg4UJRZu,WEARABLE_WEIGHT,2020-02-19,1582124400
5087,R_2WAagX64hf1kdMI,TABLE,2020-02-19,1582124400
5088,R_2WumP0iKDvwiM2r,HEADPHONES,2020-02-19,1582124400
5089,R_2WumP0iKDvwiM2r,MEDICATION,2020-02-19,1582124400
5090,R_2WumP0iKDvwiM2r,PANTS,2020-02-19,1582124400
5091,R_2WumP0iKDvwiM2r,SKIN_CLEANING_AGENT,2020-02-19,1582124400
5092,R_2WumP0iKDvwiM2r,ELECTRONIC_CABLE,2020-02-19,1582124400
5093,R_2Xj7LtCe2Mt8jNi,SHOES,2020-02-19,1582124400
5094,R_2Xj7LtCe2Mt8jNi,SHIRT,2020-02-19,1582124400
5095,R_2YR2Yn7wGzAeAj0,PANTS,2020-02-19,1582124400
5096,R_2cBADxleVyzT89z,GROCERY,2020-02-19,1582124400
5097,R_2dFHfsIqQ6eEtVW,VITAMIN,2020-02-19,1582124400
5098,R_2dFHfsIqQ6eEtVW,ELECTRONIC_CABLE,2020-02-19,1582124400
5099,R_2djaIfKORskyeuO,NUTRITIONAL_SUPPLEMENT,2020-02-19,1582124400
5100,R_2dvh9tu7PLPeipE,PHYSICAL_MOVIE,2020-02-19,1582124400
5101,R_2s5YO3cdqKDFyIM,VITAMIN,2020-02-19,1582124400
5102,R_2s5YO3cdqKDFyIM,ABIS_BOOK,2020-02-19,1582124400
5103,R_2s5YO3cdqKDFyIM,SKIN_CLEANING_AGENT,2020-02-19,1582124400
5104,R_2t2UfXrRfbnyKGU,ABIS_BOOK,2020-02-19,1582124400
5105,R_2tEuzX0j3530EZC,CELLULAR_PHONE,2020-02-19,1582124400
5106,R_2ugDyrE1yi1FjvH,DECORATIVE_CUTOUT,2020-02-19,1582124400
5107,R_2ugDyrE1yi1FjvH,SKIN_MOISTURIZER,2020-02-19,1582124400
5108,R_2ugDyrE1yi1FjvH,SHIRT,2020-02-19,1582124400
5109,R_2wsihriTqG6n6Sj,HEADPHONES,2020-02-19,1582124400
5110,R_2wtVmKidhQR0wju,TELESCOPE,2020-02-19,1582124400
5111,R_2wzatCV9Z18xLF2,ABIS_BOOK,2020-02-19,1582124400
5112,R_2wzatCV9Z18xLF2,PORTABLE_ELECTRONIC_DEVICE_COVER,2020-02-19,1582124400
5113,R_2wzatCV9Z18xLF2,PHYSICAL_MOVIE,2020-02-19,1582124400
5114,R_2yjckpDXWcsiLPz,SHOES,2020-02-19,1582124400
5115,R_2yjckpDXWcsiLPz,AREA_DEODORIZER,2020-02-19,1582124400
5116,R_2yjckpDXWcsiLPz,PANTS,2020-02-19,1582124400
5117,R_2yjckpDXWcsiLPz,SHIRT,2020-02-19,1582124400
5118,R_31n2MLk9w05iLzN,CAMERA_CONTINUOUS_LIGHT,2020-02-19,1582124400
5119,R_31n2MLk9w05iLzN,SKIN_CLEANING_AGENT,2020-02-19,1582124400
5120,R_31n2MLk9w05iLzN,CELLULAR_PHONE_CASE,2020-02-19,1582124400
5121,R_31n2MLk9w05iLzN,HEALTH_PERSONAL_CARE,2020-02-19,1582124400
5122,R_31n2MLk9w05iLzN,PHYSICAL_VIDEO_GAME_SOFTWARE,2020-02-19,1582124400
5123,R_31n2MLk9w05iLzN,ELECTRONIC_CABLE,2020-02-19,1582124400
5124,R_31n2MLk9w05iLzN,MUSICAL_INSTRUMENT_STRING,2020-02-19,1582124400
5125,R_31n2MLk9w05iLzN,NUTRITIONAL_SUPPLEMENT,2020-02-19,1582124400
5126,R_31n2MLk9w05iLzN,LANDLINE_PHONE,2020-02-19,1582124400
5127,R_31n2MLk9w05iLzN,VITAMIN,2020-02-19,1582124400
5128,R_31n2MLk9w05iLzN,MUSICAL_INSTRUMENT_STRING,2020-02-19,1582124400
5129,R_31n2MLk9w05iLzN,HEADPHONES,2020-02-19,1582124400
5130,R_31n2MLk9w05iLzN,SHAMPOO,2020-02-19,1582124400
5131,R_32Mm71oAJq2K9XK,LAMP,2020-02-19,1582124400
5132,R_32Mm71oAJq2K9XK,SKIN_MOISTURIZER,2020-02-19,1582124400
5133,R_32R69KRWIzuH9Im,WALLET,2020-02-19,1582124400
5134,R_32UZncFA03IrQwQ,TOASTER,2020-02-19,1582124400
5135,R_32UZncFA03IrQwQ,BATTERY,2020-02-19,1582124400
5136,R_32UZncFA03IrQwQ,BATTERY_CHARGER,2020-02-19,1582124400
5137,R_3EMaONYGibovcxQ,HEADPHONES,2020-02-19,1582124400
5138,R_3EMaONYGibovcxQ,SKIN_MOISTURIZER,2020-02-19,1582124400
5139,R_3EbttwlSceKvWpl,SHIRT,2020-02-19,1582124400
5140,R_3EbttwlSceKvWpl,SCREEN_PROTECTOR,2020-02-19,1582124400
5141,R_3ElHoNUS8Tyu7RP,MEDICATION,2020-02-19,1582124400
5142,R_3ElHoNUS8Tyu7RP,PET_FOOD,2020-02-19,1582124400
5143,R_3G1gYo1d23Zq8Np,TOYS_AND_GAMES,2020-02-19,1582124400
5144,R_3G1gYo1d23Zq8Np,JEWELRY_STORAGE,2020-02-19,1582124400
5145,R_3G1gYo1d23Zq8Np,PROTECTIVE_GLOVE,2020-02-19,1582124400
5146,R_3GiSNq0yPsXSvhf,BATTERY,2020-02-19,1582124400
5147,R_3GiSNq0yPsXSvhf,SUNSCREEN,2020-02-19,1582124400
5148,R_3GiSNq0yPsXSvhf,VITAMIN,2020-02-19,1582124400
5149,R_3GiSNq0yPsXSvhf,EPILATOR,2020-02-19,1582124400
5150,R_3GiSNq0yPsXSvhf,PET_FOOD,2020-02-19,1582124400
5151,R_3GiSNq0yPsXSvhf,SKIN_CLEANING_BRUSH,2020-02-19,1582124400
5152,R_3GiSNq0yPsXSvhf,VITAMIN,2020-02-19,1582124400
5153,R_3GiSNq0yPsXSvhf,ELECTRONIC_CABLE,2020-02-19,1582124400
5154,R_3GiSNq0yPsXSvhf,BATTERY,2020-02-19,1582124400
5155,R_3HLKIA2u3ZnY9lM,ELECTRONIC_CABLE,2020-02-19,1582124400
5156,R_3HzRfw5sNEvrFRf,ABIS_BOOK,2020-02-19,1582124400
5157,R_3JJfhp7Z7vUO8K2,HARDWARE_STAPLE,2020-02-19,1582124400
5158,R_3JJfhp7Z7vUO8K2,SNACK_FOOD_BAR,2020-02-19,1582124400
5159,R_3JJfhp7Z7vUO8K2,CLOTHES_HANGER,2020-02-19,1582124400
5160,R_3JJfhp7Z7vUO8K2,HARDWARE_STAPLE,2020-02-19,1582124400
5161,R_3LXRVZSdJiqH63S,BATTERY,2020-02-19,1582124400
5162,R_3LXRVZSdJiqH63S,ABIS_BOOK,2020-02-19,1582124400
5163,R_3LXRVZSdJiqH63S,SKIN_MOISTURIZER,2020-02-19,1582124400
5164,R_3Mc9nZhk6fg7b8z,PET_FOOD,2020-02-19,1582124400
5165,R_3Mc9nZhk6fg7b8z,TOOLS,2020-02-19,1582124400
5166,R_3MhBAq6V6XHU9ln,PET_FOOD,2020-02-19,1582124400
5167,R_3MsY6hQO6rNgjhW,SKIN_CLEANING_AGENT,2020-02-19,1582124400
5168,R_3NwUrzA3eAsS3xO,KURTA,2020-02-19,1582124400
5169,R_3NwUrzA3eAsS3xO,MEDICATION,2020-02-19,1582124400
5170,R_3NwUrzA3eAsS3xO,SKIN_CLEANING_AGENT,2020-02-19,1582124400
5171,R_3OcPFnYHBC8wrZe,MEDICATION,2020-02-19,1582124400
5172,R_3PcameSHVD10BZP,ABIS_BOOK,2020-02-19,1582124400
5173,R_3PcameSHVD10BZP,SUITCASE,2020-02-19,1582124400
5174,R_3PcameSHVD10BZP,TOYS_AND_GAMES,2020-02-19,1582124400
5175,R_3PcameSHVD10BZP,SNACK_FOOD_BAR,2020-02-19,1582124400
5176,R_3PcameSHVD10BZP,SUITCASE,2020-02-19,1582124400
5177,R_3PcameSHVD10BZP,NUTRITIONAL_SUPPLEMENT,2020-02-19,1582124400
5178,R_3PcameSHVD10BZP,HAIR_STYLING_AGENT,2020-02-19,1582124400
5179,R_3PcameSHVD10BZP,FLASH_MEMORY,2020-02-19,1582124400
5180,R_3PcameSHVD10BZP,SECURITY_CAMERA,2020-02-19,1582124400
5181,R_3PcameSHVD10BZP,NUTRITIONAL_SUPPLEMENT,2020-02-19,1582124400
5182,R_3PcameSHVD10BZP,HEADPHONES,2020-02-19,1582124400
5183,R_3PcameSHVD10BZP,BATTERY,2020-02-19,1582124400
5184,R_3PcameSHVD10BZP,SECURITY_ELECTRONICS,2020-02-19,1582124400
5185,R_3PcameSHVD10BZP,PET_FOOD,2020-02-19,1582124400
5186,R_3PcameSHVD10BZP,GROCERY,2020-02-19,1582124400
5187,R_3PcameSHVD10BZP,INPUT_MOUSE,2020-02-19,1582124400
5188,R_3PcameSHVD10BZP,FLASH_MEMORY,2020-02-19,1582124400
5189,R_3PcameSHVD10BZP,CELLULAR_PHONE_CASE,2020-02-19,1582124400
5190,R_3QE72T2NXn4ninT,PANTS,2020-02-19,1582124400
5191,R_3e82J7pYxj5XP7j,GROCERY,2020-02-19,1582124400
5192,R_3eh02tn8YjYcUoE,MEDICAL_SCRUB_SET,2020-02-19,1582124400
5193,R_3eh02tn8YjYcUoE,SCREEN_PROTECTOR,2020-02-19,1582124400
5194,R_3eh02tn8YjYcUoE,PANTS,2020-02-19,1582124400
5195,R_3eh02tn8YjYcUoE,DOOR,2020-02-19,1582124400
5196,R_3eh02tn8YjYcUoE,PHYSICAL_GIFT_CARD,2020-02-19,1582124400
5197,R_3eh02tn8YjYcUoE,PHYSICAL_GIFT_CARD,2020-02-19,1582124400
5198,R_3eh02tn8YjYcUoE,MEDICATION,2020-02-19,1582124400
5199,R_3eh02tn8YjYcUoE,PHYSICAL_MOVIE,2020-02-19,1582124400
5200,R_3emMy2Kk6GA8xPd,ELECTRONIC_CABLE,2020-02-19,1582124400
5201,R_3emMy2Kk6GA8xPd,SCREEN_PROTECTOR,2020-02-19,1582124400
5202,R_3enuyEOsaEVxTNX,PICTURE_FRAME,2020-02-19,1582124400
5203,R_3enuyEOsaEVxTNX,BATTERY,2020-02-19,1582124400
5204,R_3enuyEOsaEVxTNX,STICKER_DECAL,2020-02-19,1582124400
5205,R_3enuyEOsaEVxTNX,PANTS,2020-02-19,1582124400
5206,R_3ez7TNnB78XtMa7,BATTERY,2020-02-19,1582124400
5207,R_3hAWVPrKOvOzR1e,VITAMIN,2020-02-19,1582124400
5208,R_3iJyVGzX7fyajRz,ELECTRONIC_CABLE,2020-02-19,1582124400
5209,R_3lYUnPKDsGA54tw,STORAGE_BAG,2020-02-19,1582124400
5210,R_3lYUnPKDsGA54tw,SHOES,2020-02-19,1582124400
5211,R_3m3H4mwZ2snYFua,RAZOR_BLADE_CARTRIDGE,2020-02-19,1582124400
5212,R_3nH1Odp9Yjm86gN,HAIRBAND,2020-02-19,1582124400
5213,R_3pm4Od2kUSXlZgY,NUTRITIONAL_SUPPLEMENT,2020-02-19,1582124400
5214,R_3pm4Od2kUSXlZgY,PANTS,2020-02-19,1582124400
5215,R_3qjvaF4zWZz3obB,FIGURINE,2020-02-19,1582124400
5216,R_3qjvaF4zWZz3obB,SKIN_CLEANING_AGENT,2020-02-19,1582124400
5217,R_3qjvaF4zWZz3obB,TECHNICAL_SPORT_SHOE,2020-02-19,1582124400
5218,R_3qmwh8eXfbMeI7U,MEDICATION,2020-02-19,1582124400
5219,R_3qmwh8eXfbMeI7U,PITCHER,2020-02-19,1582124400
5220,R_3qqdzQnCaBYHx9o,PANTS,2020-02-19,1582124400
5221,R_3qqdzQnCaBYHx9o,PANTS,2020-02-19,1582124400
5222,R_3rV7kPHe9hVsMee,NUTRITIONAL_SUPPLEMENT,2020-02-19,1582124400
5223,R_3s07B19Gl5Ix56W,FACIAL_TISSUE,2020-02-19,1582124400
5224,R_3s07B19Gl5Ix56W,ELECTRONIC_CABLE,2020-02-19,1582124400
5225,R_3socPWD3wXD0iDP,GARMENT_PROTECTOR_COVER,2020-02-19,1582124400
5226,R_3socPWD3wXD0iDP,HEADPHONES,2020-02-19,1582124400
5227,R_6SbhJD23U5a2YJX,HEADPHONES,2020-02-19,1582124400
5228,R_6SbhJD23U5a2YJX,HAND_SANITIZER,2020-02-19,1582124400
5229,R_6SbhJD23U5a2YJX,SKIN_CLEANING_AGENT,2020-02-19,1582124400
5230,R_6SbhJD23U5a2YJX,SCREEN_PROTECTOR,2020-02-19,1582124400
5231,R_6SbhJD23U5a2YJX,AV_RECEIVER,2020-02-19,1582124400
5232,R_6gwxeBuC9V7nKsF,GROCERY,2020-02-19,1582124400
5233,R_6gwxeBuC9V7nKsF,PHYSICAL_MOVIE,2020-02-19,1582124400
5234,R_6gwxeBuC9V7nKsF,PANTS,2020-02-19,1582124400
5235,R_6gwxeBuC9V7nKsF,PHYSICAL_MOVIE,2020-02-19,1582124400
5236,R_6gwxeBuC9V7nKsF,TOYS_AND_GAMES,2020-02-19,1582124400
5237,R_6gwxeBuC9V7nKsF,ASHTRAY,2020-02-19,1582124400
5238,R_6gwxeBuC9V7nKsF,ELECTRONIC_CABLE,2020-02-19,1582124400
5239,R_6gwxeBuC9V7nKsF,WHISK_UTENSIL,2020-02-19,1582124400
5240,R_6gwxeBuC9V7nKsF,SKIN_MOISTURIZER,2020-02-19,1582124400
5241,R_6gwxeBuC9V7nKsF,VITAMIN,2020-02-19,1582124400
5242,R_6gwxeBuC9V7nKsF,MEDICATION,2020-02-19,1582124400
5243,R_6gwxeBuC9V7nKsF,MENSTRUAL_CUP,2020-02-19,1582124400
5244,R_6gwxeBuC9V7nKsF,PHYSICAL_MOVIE,2020-02-19,1582124400
5245,R_6gwxeBuC9V7nKsF,KITCHEN,2020-02-19,1582124400
5246,R_6gwxeBuC9V7nKsF,TOOTH_CLEANING_AGENT,2020-02-19,1582124400
5247,R_6gwxeBuC9V7nKsF,PET_FOOD,2020-02-19,1582124400
5248,R_6gwxeBuC9V7nKsF,TEMPLATE_STENCIL,2020-02-19,1582124400
5249,R_6gwxeBuC9V7nKsF,PIERCING_JEWELRY,2020-02-19,1582124400
5250,R_6gwxeBuC9V7nKsF,PANTS,2020-02-19,1582124400
5251,R_6gwxeBuC9V7nKsF,AIR_PUMP,2020-02-19,1582124400
5252,R_6gwxeBuC9V7nKsF,BRA,2020-02-19,1582124400
5253,R_6gwxeBuC9V7nKsF,WHISK_UTENSIL,2020-02-19,1582124400
5254,R_6gwxeBuC9V7nKsF,AIR_PUMP,2020-02-19,1582124400
5255,R_6gwxeBuC9V7nKsF,BATTERY,2020-02-19,1582124400
5256,R_6gwxeBuC9V7nKsF,PANTS,2020-02-19,1582124400
5257,R_6gwxeBuC9V7nKsF,SKIN_MOISTURIZER,2020-02-19,1582124400
5258,R_6gwxeBuC9V7nKsF,METAL_DETECTOR,2020-02-19,1582124400
5259,R_6gwxeBuC9V7nKsF,SKIN_CLEANING_AGENT,2020-02-19,1582124400
5260,R_8CXcySQawXPuJwJ,ABIS_BOOK,2020-02-19,1582124400
5261,R_8CXcySQawXPuJwJ,SHOES,2020-02-19,1582124400
5262,R_8CXcySQawXPuJwJ,SKIN_MOISTURIZER,2020-02-19,1582124400
5263,R_8CXcySQawXPuJwJ,TOYS_AND_GAMES,2020-02-19,1582124400
5264,R_8CXcySQawXPuJwJ,SKIN_CLEANING_AGENT,2020-02-19,1582124400
5265,R_8CXcySQawXPuJwJ,STROLLER,2020-02-19,1582124400
5266,R_8CXcySQawXPuJwJ,SHIRT,2020-02-19,1582124400
5267,R_8CXcySQawXPuJwJ,BABY_PRODUCT,2020-02-19,1582124400
5268,R_8CXcySQawXPuJwJ,SHIRT,2020-02-19,1582124400
5269,R_8CXcySQawXPuJwJ,HEADPHONES,2020-02-19,1582124400
5270,R_8CXcySQawXPuJwJ,SHIRT,2020-02-19,1582124400
5271,R_8CXcySQawXPuJwJ,SCREEN_PROTECTOR,2020-02-19,1582124400
5272,R_8CXcySQawXPuJwJ,STROLLER,2020-02-19,1582124400
5273,R_8CXcySQawXPuJwJ,PAJAMAS,2020-02-19,1582124400
5274,R_8CXcySQawXPuJwJ,MEDICATION,2020-02-19,1582124400
5275,R_8CXcySQawXPuJwJ,SHOES,2020-02-19,1582124400
5276,R_8CXcySQawXPuJwJ,SHOES,2020-02-19,1582124400
5277,R_8CXcySQawXPuJwJ,VITAMIN,2020-02-19,1582124400
5278,R_8CXcySQawXPuJwJ,BABY_BOTTLE,2020-02-19,1582124400
5279,R_8CXcySQawXPuJwJ,GROCERY,2020-02-19,1582124400
5280,R_8CXcySQawXPuJwJ,HEALTH_PERSONAL_CARE,2020-02-19,1582124400
5281,R_8CXcySQawXPuJwJ,ONE_PIECE_OUTFIT,2020-02-19,1582124400
5282,R_8CXcySQawXPuJwJ,PET_FOOD,2020-02-19,1582124400
5283,R_8CXcySQawXPuJwJ,POULTRY,2020-02-19,1582124400
5284,R_8CXcySQawXPuJwJ,TOYS_AND_GAMES,2020-02-19,1582124400
5285,R_8CXcySQawXPuJwJ,MEDICATION,2020-02-19,1582124400
5286,R_8CXcySQawXPuJwJ,MEDICATION,2020-02-19,1582124400
5287,R_8pMsG4P0RqzoSlz,SHIRT,2020-02-19,1582124400
5288,R_8pMsG4P0RqzoSlz,PERSONAL_COMPUTER,2020-02-19,1582124400
5289,R_8pMsG4P0RqzoSlz,SNACK_FOOD_BAR,2020-02-19,1582124400
5290,R_8pMsG4P0RqzoSlz,BATTERY,2020-02-19,1582124400
5291,R_8pMsG4P0RqzoSlz,WIPER_BLADE,2020-02-19,1582124400
5292,R_8pMsG4P0RqzoSlz,NUTRITIONAL_SUPPLEMENT,2020-02-19,1582124400
5293,R_8pMsG4P0RqzoSlz,PERSONAL_COMPUTER,2020-02-19,1582124400
5294,R_8pMsG4P0RqzoSlz,TOYS_AND_GAMES,2020-02-19,1582124400
5295,R_8pMsG4P0RqzoSlz,CELLULAR_PHONE_CASE,2020-02-19,1582124400
5296,R_8vnpSkm79W7Jsv7,STRING_LIGHT,2020-02-19,1582124400
5297,R_9yOmfJyU0rNZGW5,HEALTH_PERSONAL_CARE,2020-02-19,1582124400
5298,R_Amq2LudEdwYblXX,ORTHOPEDIC_BRACE,2020-02-19,1582124400
5299,R_Amq2LudEdwYblXX,REINFORCED_ART_SURFACE,2020-02-19,1582124400
5300,R_Amq2LudEdwYblXX,SNACK_FOOD_BAR,2020-02-19,1582124400
5301,R_BWAjcs1sKUc6NQl,MEDICATION,2020-02-19,1582124400
5302,R_BWAjcs1sKUc6NQl,VITAMIN,2020-02-19,1582124400
5303,R_BWhnv4EdbhSS6rf,SKIN_MOISTURIZER,2020-02-19,1582124400
5304,R_BWhnv4EdbhSS6rf,TEMPORARY_TATTOO,2020-02-19,1582124400
5305,R_O6ZX76mggPnAOfD,GROCERY,2020-02-19,1582124400
5306,R_O6ZX76mggPnAOfD,HEADPHONES,2020-02-19,1582124400
5307,R_O6ZX76mggPnAOfD,HEALTH_PERSONAL_CARE,2020-02-19,1582124400
5308,R_O6ZX76mggPnAOfD,GROCERY,2020-02-19,1582124400
5309,R_O6ZX76mggPnAOfD,HANDLEBAR_GRIP,2020-02-19,1582124400
5310,R_O6ZX76mggPnAOfD,KNIFE_SHARPENER,2020-02-19,1582124400
5311,R_OGN3QDO9930tfAl,PHYSICAL_MOVIE,2020-02-19,1582124400
5312,R_OfntYUzw43qHbuF,ABIS_BOOK,2020-02-19,1582124400
5313,R_PwlnzzccUMXV0n7,PANTS,2020-02-19,1582124400
5314,R_RPudbSO1mm9KZSp,SKIN_MOISTURIZER,2020-02-19,1582124400
5315,R_RPudbSO1mm9KZSp,HARDWARE_HANDLE,2020-02-19,1582124400
5316,R_RlYyUhsDFvyGwX7,GROCERY,2020-02-19,1582124400
5317,R_SBiEJOUFyfjK5eF,PANTS,2020-02-19,1582124400
5318,R_SBiEJOUFyfjK5eF,VITAMIN,2020-02-19,1582124400
5319,R_SBiEJOUFyfjK5eF,SKIN_MOISTURIZER,2020-02-19,1582124400
5320,R_SBiEJOUFyfjK5eF,VITAMIN,2020-02-19,1582124400
5321,R_SBiEJOUFyfjK5eF,ELECTRONIC_CABLE,2020-02-19,1582124400
5322,R_T5bktxnjxE8B7ON,TRASH_CAN,2020-02-19,1582124400
5323,R_T5bktxnjxE8B7ON,TRASH_CAN,2020-02-19,1582124400
5324,R_W80kzJbCa8CD9UB,ELECTRONIC_CABLE,2020-02-19,1582124400
5325,R_Xhz81T9LodPX0KB,BATTERY,2020-02-19,1582124400
5326,R_Xhz81T9LodPX0KB,LIGHT_SOURCE,2020-02-19,1582124400
5327,R_Xhz81T9LodPX0KB,CELLULAR_PHONE_CASE,2020-02-19,1582124400
5328,R_XwiCirQyfwJzVtv,CLIPBOARD,2020-02-19,1582124400
5329,R_XwiCirQyfwJzVtv,NUTRITIONAL_SUPPLEMENT,2020-02-19,1582124400
5330,R_XwiCirQyfwJzVtv,HEADPHONES,2020-02-19,1582124400
5331,R_XwiCirQyfwJzVtv,PHYSICAL_MOVIE,2020-02-19,1582124400
5332,R_XwiCirQyfwJzVtv,ABIS_BOOK,2020-02-19,1582124400
5333,R_XwiCirQyfwJzVtv,PHYSICAL_MOVIE,2020-02-19,1582124400
5334,R_b8UnkZJoU93ZxEB,RIDE_ON_TOY,2020-02-19,1582124400
5335,R_b8UnkZJoU93ZxEB,SKIN_MOISTURIZER,2020-02-19,1582124400
5336,R_b8UnkZJoU93ZxEB,NUTRITIONAL_SUPPLEMENT,2020-02-19,1582124400
5337,R_bKJcIltPwncL9uN,SHOE_INSERT,2020-02-19,1582124400
5338,R_bKJcIltPwncL9uN,ELECTRONIC_CABLE,2020-02-19,1582124400
5339,R_bKJcIltPwncL9uN,NUTRITIONAL_SUPPLEMENT,2020-02-19,1582124400
5340,R_bKJcIltPwncL9uN,HYDRATION_PACK,2020-02-19,1582124400
5341,R_bw2nQ0iRh2wCa8p,PROTEIN_SUPPLEMENT_POWDER,2020-02-19,1582124400
5342,R_bw2nQ0iRh2wCa8p,WALL_ART,2020-02-19,1582124400
5343,R_e8KTElZZLWryLWp,NUTRITIONAL_SUPPLEMENT,2020-02-19,1582124400
5344,R_e8KTElZZLWryLWp,AMAZON_TABLET,2020-02-19,1582124400
5345,R_e8KTElZZLWryLWp,MEDICATION,2020-02-19,1582124400
5346,R_e8KTElZZLWryLWp,BATTERY,2020-02-19,1582124400
5347,R_e8KTElZZLWryLWp,BISS,2020-02-19,1582124400
5348,R_e8KTElZZLWryLWp,SKIN_MOISTURIZER,2020-02-19,1582124400
5349,R_e8KTElZZLWryLWp,MEDICATION,2020-02-19,1582124400
5350,R_pMnqpu31myYoxy1,HEALTH_PERSONAL_CARE,2020-02-19,1582124400
5351,R_pRWnSKTREPIwpSF,SEAFOOD,2020-02-19,1582124400
5352,R_pRWnSKTREPIwpSF,ANIMAL_FUR_CLEANER_CONDITIONER,2020-02-19,1582124400
5353,R_sotmrGe7Rv3U10J,GRILL_SMOKER_COVER,2020-02-19,1582124400
5354,R_sotmrGe7Rv3U10J,CELLULAR_PHONE_CASE,2020-02-19,1582124400
5355,R_sotmrGe7Rv3U10J,BODY_LUBRICANT,2020-02-19,1582124400
5356,R_sotmrGe7Rv3U10J,ABIS_BOOK,2020-02-19,1582124400
5357,R_swfIN0JgX72IbMl,WOUND_DRESSING,2020-02-19,1582124400
5358,R_swfIN0JgX72IbMl,CARRYING_CASE_OR_BAG,2020-02-19,1582124400
5359,R_swfIN0JgX72IbMl,TAPE_LABEL_DISPENSER,2020-02-19,1582124400
5360,R_tFf2GViNMUolxaV,NUTRITIONAL_SUPPLEMENT,2020-02-19,1582124400
5361,R_u2EdYogSnJBrpex,PANTS,2020-02-19,1582124400
5362,R_u94bdSj5JBe7WZb,STEERING_WHEEL_COVER,2020-02-19,1582124400
5363,R_u94bdSj5JBe7WZb,COSTUME_EYEWEAR,2020-02-19,1582124400
5364,R_u94bdSj5JBe7WZb,MEDICATION,2020-02-19,1582124400
5365,R_u94bdSj5JBe7WZb,VEHICLE_TIRE,2020-02-19,1582124400
5366,R_x969WzGgXuE1CuJ,PANTS,2020-02-19,1582124400
5367,R_xc0AiqTlV5cTvZn,SNACK_FOOD_BAR,2020-02-19,1582124400
5368,R_yC5ffbdBLVi93Pz,VITAMIN,2020-02-19,1582124400
5369,R_yC5ffbdBLVi93Pz,VITAMIN,2020-02-19,1582124400
5370,R_zTi3j2QuqAzr7NL,GROCERY,2020-02-19,1582124400
5371,R_0D6GtQwa6VcnXpv,PHYSICAL_MOVIE,2020-02-20,1582210800
5372,R_10CAlrx7dbJty9R,SKIN_CLEANING_AGENT,2020-02-20,1582210800
5373,R_10CAlrx7dbJty9R,SHIRT,2020-02-20,1582210800
5374,R_10CAlrx7dbJty9R,PRINTER,2020-02-20,1582210800
5375,R_10CAlrx7dbJty9R,SHIRT,2020-02-20,1582210800
5376,R_10CAlrx7dbJty9R,SHOES,2020-02-20,1582210800
5377,R_10uU7A3PqkL1i0o,PET_FOOD,2020-02-20,1582210800
5378,R_10uU7A3PqkL1i0o,SHELF,2020-02-20,1582210800
5379,R_10uU7A3PqkL1i0o,MEDICATION,2020-02-20,1582210800
5380,R_1BNwZP0DdTOa4rT,HEALTH_PERSONAL_CARE,2020-02-20,1582210800
5381,R_1BWAygjxkFXfxql,PHYSICAL_MOVIE,2020-02-20,1582210800
5382,R_1BWAygjxkFXfxql,SKIN_CLEANING_AGENT,2020-02-20,1582210800
5383,R_1C4nKyrv0w2thJn,VITAMIN,2020-02-20,1582210800
5384,R_1CDqTWLWIk642Vp,PET_FOOD,2020-02-20,1582210800
5385,R_1DJdUrYA1I0QAKh,VEHICLE_EXTERIOR_GUARD,2020-02-20,1582210800
5386,R_1GghoTNZdgUeySl,HEALTH_PERSONAL_CARE,2020-02-20,1582210800
5387,R_1IZBlduDFUJEphM,HEADPHONES,2020-02-20,1582210800
5388,R_1IZBlduDFUJEphM,SWIMWEAR,2020-02-20,1582210800
5389,R_1IZrt5CyqgTg2Qe,PHYSICAL_MOVIE,2020-02-20,1582210800
5390,R_1ImFLLGALT606WO,SHIRT,2020-02-20,1582210800
5391,R_1KloshKwV8MUAx4,TOYS_AND_GAMES,2020-02-20,1582210800
5392,R_1MTbVUzYEQq2MzU,SKIN_MOISTURIZER,2020-02-20,1582210800
5393,R_1MY7yxvExjQWTkv,MEDICATION,2020-02-20,1582210800
5394,R_1NCzj2eSHI4QGcd,BRA,2020-02-20,1582210800
5395,R_1NDq0rxoUSu6oyz,ART_CRAFT_KIT,2020-02-20,1582210800
5396,R_1NDq0rxoUSu6oyz,INCONTINENCE_PROTECTOR,2020-02-20,1582210800
5397,R_1Q62CIVb2WAS8hB,PHYSICAL_MOVIE,2020-02-20,1582210800
5398,R_1Q62CIVb2WAS8hB,PET_FOOD,2020-02-20,1582210800
5399,R_1dAhJdFXHV5xmMG,ART_AND_CRAFT_SUPPLY,2020-02-20,1582210800
5400,R_1dKBjc0UTA0ZiYb,VITAMIN,2020-02-20,1582210800
5401,R_1dKBjc0UTA0ZiYb,LASER_PRINTER_TONER,2020-02-20,1582210800
5402,R_1f1PzEZw8H2N4zm,VITAMIN,2020-02-20,1582210800
5403,R_1jARg5bGH5uqAKW,ABIS_BOOK,2020-02-20,1582210800
5404,R_1kLdd31W284Angd,CELLULAR_PHONE_CASE,2020-02-20,1582210800
5405,R_1kLdd31W284Angd,VITAMIN,2020-02-20,1582210800
5406,R_1kLdd31W284Angd,SHOES,2020-02-20,1582210800
5407,R_1lfNYOmsEIqOn65,PANTS,2020-02-20,1582210800
5408,R_1lfNYOmsEIqOn65,WIRE_STRIPPER,2020-02-20,1582210800
5409,R_1pm2Wo5wrQSY0Gm,NUTRITIONAL_SUPPLEMENT,2020-02-20,1582210800
5410,R_1pm2Wo5wrQSY0Gm,FORK,2020-02-20,1582210800
5411,R_1pm2Wo5wrQSY0Gm,TOYS_AND_GAMES,2020-02-20,1582210800
5412,R_1pm2Wo5wrQSY0Gm,CAPACITOR,2020-02-20,1582210800
5413,R_20ON9TjJWV64IZO,HEALTH_PERSONAL_CARE,2020-02-20,1582210800
5414,R_20ON9TjJWV64IZO,UNMANNED_AERIAL_VEHICLE,2020-02-20,1582210800
5415,R_20ON9TjJWV64IZO,DOORSTOP,2020-02-20,1582210800
5416,R_210tLKdUbUZuf7O,SHOES,2020-02-20,1582210800
5417,R_210tLKdUbUZuf7O,HEALTH_PERSONAL_CARE,2020-02-20,1582210800
5418,R_21GPeeqYRjC1kb1,PHYSICAL_MOVIE,2020-02-20,1582210800
5419,R_22XEVzemearX7mD,THERMOMETER,2020-02-20,1582210800
5420,R_22XOWVbIo1lxpmy,CUP_HOLDER,2020-02-20,1582210800
5421,R_23enipHqTsjcQfN,PET_FOOD,2020-02-20,1582210800
5422,R_23enipHqTsjcQfN,HOBBIES,2020-02-20,1582210800
5423,R_23enipHqTsjcQfN,CELLULAR_PHONE_CASE,2020-02-20,1582210800
5424,R_23enipHqTsjcQfN,SCULPTURE,2020-02-20,1582210800
5425,R_24MKoSmvuiLEI76,LAB_SUPPLY,2020-02-20,1582210800
5426,R_25SbPPTyE45YzXP,ELECTRONIC_CABLE,2020-02-20,1582210800
5427,R_25SbPPTyE45YzXP,NUTRITIONAL_SUPPLEMENT,2020-02-20,1582210800
5428,R_273TMGuLM3jXisi,NUTRITIONAL_SUPPLEMENT,2020-02-20,1582210800
5429,R_277i50HinKYVoY9,HEALTH_PERSONAL_CARE,2020-02-20,1582210800
5430,R_29oUfTgQ6sWbFG2,SCREEN_PROTECTOR,2020-02-20,1582210800
5431,R_29oUfTgQ6sWbFG2,ELECTRONIC_CABLE,2020-02-20,1582210800
5432,R_29oUfTgQ6sWbFG2,ANIMAL_LITTER,2020-02-20,1582210800
5433,R_29oUfTgQ6sWbFG2,SKIN_CLEANING_AGENT,2020-02-20,1582210800
5434,R_2BesSIAnd7POW2C,ABIS_BOOK,2020-02-20,1582210800
5435,R_2CpozrevorP48sb,FILE_FOLDER,2020-02-20,1582210800
5436,R_2DSmjafbkSAict9,HEALTH_PERSONAL_CARE,2020-02-20,1582210800
5437,R_2DSmjafbkSAict9,SNACK_FOOD_BAR,2020-02-20,1582210800
5438,R_2DSmjafbkSAict9,COLLECTIBLE_COINS,2020-02-20,1582210800
5439,R_2TL7w44l8M5vEok,SCREEN_PROTECTOR,2020-02-20,1582210800
5440,R_2WAagX64hf1kdMI,PET_FOOD,2020-02-20,1582210800
5441,R_2XoI6KbLJRGFz5X,EDIBLE_OIL_ANIMAL,2020-02-20,1582210800
5442,R_2XoI6KbLJRGFz5X,BREAST_PUMP,2020-02-20,1582210800
5443,R_2XoI6KbLJRGFz5X,SHIRT,2020-02-20,1582210800
5444,R_2XoI6KbLJRGFz5X,SCREEN_PROTECTOR,2020-02-20,1582210800
5445,R_2XoI6KbLJRGFz5X,SKIN_MOISTURIZER,2020-02-20,1582210800
5446,R_2XoI6KbLJRGFz5X,MEDICATION,2020-02-20,1582210800
5447,R_2XoI6KbLJRGFz5X,ABIS_BOOK,2020-02-20,1582210800
5448,R_2XoI6KbLJRGFz5X,BREAST_PUMP,2020-02-20,1582210800
5449,R_2YbuDFbvaGnuvff,CONDIMENT,2020-02-20,1582210800
5450,R_2YbuDFbvaGnuvff,PHYSICAL_MOVIE,2020-02-20,1582210800
5451,R_2YbuDFbvaGnuvff,POWERSPORTS_VEHICLE_PART,2020-02-20,1582210800
5452,R_2YbuDFbvaGnuvff,ABIS_BOOK,2020-02-20,1582210800
5453,R_2ZTFfLAcuwm22Yh,SHELLFISH,2020-02-20,1582210800
5454,R_2ZTFfLAcuwm22Yh,PANTS,2020-02-20,1582210800
5455,R_2ZTFfLAcuwm22Yh,HEALTH_PERSONAL_CARE,2020-02-20,1582210800
5456,R_2dRR9SjNrn4s7xU,SHIRT,2020-02-20,1582210800
5457,R_2dmZyPIDedcDR2J,PET_FOOD,2020-02-20,1582210800
5458,R_2mKYTXpTsUEkSGt,MEDICATION,2020-02-20,1582210800
5459,R_2qD8ep8d313iLj4,SNACK_FOOD_BAR,2020-02-20,1582210800
5460,R_2qD8ep8d313iLj4,BATTERY,2020-02-20,1582210800
5461,R_2sbf0hqTGFb880u,VITAMIN,2020-02-20,1582210800
5462,R_2uTysluImvxkQBY,SCREEN_PROTECTOR,2020-02-20,1582210800
5463,R_2uTysluImvxkQBY,PANTS,2020-02-20,1582210800
5464,R_2vYeXyFdrSyrVwh,VITAMIN,2020-02-20,1582210800
5465,R_2vYeXyFdrSyrVwh,VITAMIN,2020-02-20,1582210800
5466,R_2viT92732GnahDd,ABIS_BOOK,2020-02-20,1582210800
5467,R_2viT92732GnahDd,PET_FOOD,2020-02-20,1582210800
5468,R_2vkMWH10xWp7o9s,ELECTRONIC_CABLE,2020-02-20,1582210800
5469,R_2w6Kv77UCoeyLbP,GROCERY,2020-02-20,1582210800
5470,R_2wHwNZWEecJflLc,ELECTRONIC_CABLE,2020-02-20,1582210800
5471,R_2wtVmKidhQR0wju,SNACK_FOOD_BAR,2020-02-20,1582210800
5472,R_2wtVmKidhQR0wju,APPENDAGE_WARMER,2020-02-20,1582210800
5473,R_2wtVmKidhQR0wju,LANDLINE_PHONE,2020-02-20,1582210800
5474,R_2yplkUxhAWZaFUL,SHIRT,2020-02-20,1582210800
5475,R_301uq7vv7YTe7qQ,BATTERY,2020-02-20,1582210800
5476,R_301uq7vv7YTe7qQ,ELECTRONIC_CABLE,2020-02-20,1582210800
5477,R_32UZncFA03IrQwQ,RUG,2020-02-20,1582210800
5478,R_32UZncFA03IrQwQ,SKIN_CLEANING_AGENT,2020-02-20,1582210800
5479,R_338AsE7QedeQ72w,SKIN_TREATMENT_MASK,2020-02-20,1582210800
5480,R_39HhVszlqdawZPP,HEALTH_PERSONAL_CARE,2020-02-20,1582210800
5481,R_3GiFHVWzYKHT1F5,PET_FOOD,2020-02-20,1582210800
5482,R_3HLKIA2u3ZnY9lM,ELECTRONIC_CABLE,2020-02-20,1582210800
5483,R_3HLKIA2u3ZnY9lM,MEDICATION,2020-02-20,1582210800
5484,R_3HUOVBSzChkQaNg,GROCERY,2020-02-20,1582210800
5485,R_3Hphzg7zu04Hgy1,ELECTRONIC_CABLE,2020-02-20,1582210800
5486,R_3Hphzg7zu04Hgy1,PROTEIN_DRINK,2020-02-20,1582210800
5487,R_3Hphzg7zu04Hgy1,SHIRT,2020-02-20,1582210800
5488,R_3HzRfw5sNEvrFRf,SHIRT,2020-02-20,1582210800
5489,R_3Jxiicg67etW2yt,COUNTERTOP_FOOD_STEAMER,2020-02-20,1582210800
5490,R_3Jxiicg67etW2yt,PET_FOOD,2020-02-20,1582210800
5491,R_3Jxiicg67etW2yt,VITAMIN,2020-02-20,1582210800
5492,R_3KpaTa6zCZitiZG,MICROPHONE_STAND,2020-02-20,1582210800
5493,R_3KpaTa6zCZitiZG,PAPER_TOWEL,2020-02-20,1582210800
5494,R_3KpaTa6zCZitiZG,VITAMIN,2020-02-20,1582210800
5495,R_3M3RSZ7wNRSaxNx,FLASHLIGHT,2020-02-20,1582210800
5496,R_3MAlXxqFmMmVbCy,PANTS,2020-02-20,1582210800
5497,R_3Mc9nZhk6fg7b8z,WALL_PLATE,2020-02-20,1582210800
5498,R_3Mc9nZhk6fg7b8z,TOYS_AND_GAMES,2020-02-20,1582210800
5499,R_3MhBAq6V6XHU9ln,HEALTH_PERSONAL_CARE,2020-02-20,1582210800
5500,R_3O9aPnM7ixjsbYK,PHYSICAL_MOVIE,2020-02-20,1582210800
5501,R_3PZvezr4ITRkiKV,SHIRT,2020-02-20,1582210800
5502,R_3PZvezr4ITRkiKV,SCREEN_PROTECTOR,2020-02-20,1582210800
5503,R_3PZvezr4ITRkiKV,ELECTRONIC_SIGNAL_CONVERTER,2020-02-20,1582210800
5504,R_3PZvezr4ITRkiKV,MEDICATION,2020-02-20,1582210800
5505,R_3PZvezr4ITRkiKV,SKIN_CLEANING_AGENT,2020-02-20,1582210800
5506,R_3PZvezr4ITRkiKV,CANDY,2020-02-20,1582210800
5507,R_3PZvezr4ITRkiKV,ELECTRONIC_CABLE,2020-02-20,1582210800
5508,R_3dVMhrjV0qUkHSh,SKIN_MOISTURIZER,2020-02-20,1582210800
5509,R_3dVMhrjV0qUkHSh,GROCERY,2020-02-20,1582210800
5510,R_3ebnP0qUIQ7u38i,SCREEN_PROTECTOR,2020-02-20,1582210800
5511,R_3ebnP0qUIQ7u38i,HEADPHONES,2020-02-20,1582210800
5512,R_3ebnP0qUIQ7u38i,GREENHOUSE,2020-02-20,1582210800
5513,R_3ek9YZGdsDHjUZf,MEDICATION,2020-02-20,1582210800
5514,R_3ek9YZGdsDHjUZf,TARP,2020-02-20,1582210800
5515,R_3exlTi02vMuoy59,ABIS_BOOK,2020-02-20,1582210800
5516,R_3exlTi02vMuoy59,PANTS,2020-02-20,1582210800
5517,R_3fcOMdQm2jGBLKm,SKIN_CLEANING_AGENT,2020-02-20,1582210800
5518,R_3h4JnsfebywTUxX,SKIN_FOUNDATION_CONCEALER,2020-02-20,1582210800
5519,R_3h4JnsfebywTUxX,SKIN_MOISTURIZER,2020-02-20,1582210800
5520,R_3h4JnsfebywTUxX,HEALTH_PERSONAL_CARE,2020-02-20,1582210800
5521,R_3h4JnsfebywTUxX,ANIMAL_HARNESS,2020-02-20,1582210800
5522,R_3ixUxNOUiEYD7KJ,HEALTH_PERSONAL_CARE,2020-02-20,1582210800
5523,R_3jYUg0c9puk2lgW,POWERSPORTS_VEHICLE_PART,2020-02-20,1582210800
5524,R_3lt1ZPBv09u1seD,HANDLE_GRIP,2020-02-20,1582210800
5525,R_3lt1ZPBv09u1seD,ABIS_BOOK,2020-02-20,1582210800
5526,R_3n0OjYgGHf96Wuh,SHIRT,2020-02-20,1582210800
5527,R_3oO3DoeTgXHrEzx,ANIMAL_LITTER,2020-02-20,1582210800
5528,R_3peWF42INuePUWA,ELECTRONIC_SWITCH,2020-02-20,1582210800
5529,R_3pm4Od2kUSXlZgY,SCREEN_PROTECTOR,2020-02-20,1582210800
5530,R_3pm4Od2kUSXlZgY,SKIN_MOISTURIZER,2020-02-20,1582210800
5531,R_3pmeuOmzM4r5gMS,SHOES,2020-02-20,1582210800
5532,R_3qe2tDpGxexEAso,BAR_TOOL_SET,2020-02-20,1582210800
5533,R_3rV7kPHe9hVsMee,ELECTRONIC_COMPONENT,2020-02-20,1582210800
5534,R_3rV7kPHe9hVsMee,NUTRITIONAL_SUPPLEMENT,2020-02-20,1582210800
5535,R_3rV7kPHe9hVsMee,INKJET_PRINTER_INK,2020-02-20,1582210800
5536,R_3rV7kPHe9hVsMee,PRODUCT,2020-02-20,1582210800
5537,R_3rV7kPHe9hVsMee,CELLULAR_PHONE_CASE,2020-02-20,1582210800
5538,R_3rV7kPHe9hVsMee,PET_FOOD,2020-02-20,1582210800
5539,R_3rV7kPHe9hVsMee,BATTERY,2020-02-20,1582210800
5540,R_3rV7kPHe9hVsMee,ELECTRONIC_CABLE,2020-02-20,1582210800
5541,R_3rV7kPHe9hVsMee,SCREEN_PROTECTOR,2020-02-20,1582210800
5542,R_3rZHdmB75jSgwhr,NUTRITIONAL_SUPPLEMENT,2020-02-20,1582210800
5543,R_3s02y9lg8GCo9q0,SUGAR_SUBSTITUTE,2020-02-20,1582210800
5544,R_3s02y9lg8GCo9q0,SNACK_FOOD_BAR,2020-02-20,1582210800
5545,R_3s5NxhqKpoWo6zm,GROCERY,2020-02-20,1582210800
5546,R_6SbhJD23U5a2YJX,GROCERY,2020-02-20,1582210800
5547,R_6SbhJD23U5a2YJX,SOCKS,2020-02-20,1582210800
5548,R_6SbhJD23U5a2YJX,SHOES,2020-02-20,1582210800
5549,R_6SbhJD23U5a2YJX,HEALTH_PERSONAL_CARE,2020-02-20,1582210800
5550,R_6m1QCIXstgjIo4p,BATTERY,2020-02-20,1582210800
5551,R_6m1QCIXstgjIo4p,GROCERY,2020-02-20,1582210800
5552,R_8pMsG4P0RqzoSlz,CARRIER_BAG_CASE,2020-02-20,1582210800
5553,R_8puIA0Aj4F8MuI1,SKIN_CLEANING_AGENT,2020-02-20,1582210800
5554,R_8puIA0Aj4F8MuI1,HEALTH_PERSONAL_CARE,2020-02-20,1582210800
5555,R_8puIA0Aj4F8MuI1,PASTA_MAKER,2020-02-20,1582210800
5556,R_8vnpSkm79W7Jsv7,ITEM_CONTAINER,2020-02-20,1582210800
5557,R_A1CRADYHwN0zQL7,VIVARIUM,2020-02-20,1582210800
5558,R_A5Mg9h1PiJL0Wyd,SNACK_FOOD_BAR,2020-02-20,1582210800
5559,R_A5Mg9h1PiJL0Wyd,DAIRY_BASED_CREAM,2020-02-20,1582210800
5560,R_AEBbAiW2xdXI2at,MARBLE_TRACK,2020-02-20,1582210800
5561,R_Amq2LudEdwYblXX,ELECTRONIC_CABLE,2020-02-20,1582210800
5562,R_Amq2LudEdwYblXX,PET_FOOD,2020-02-20,1582210800
5563,R_Ap2HcvpPLRDJv9L,SHIRT,2020-02-20,1582210800
5564,R_O6ZX76mggPnAOfD,VITAMIN,2020-02-20,1582210800
5565,R_O9FzIlCvCxllJSN,PHYSICAL_MOVIE,2020-02-20,1582210800
5566,R_O9FzIlCvCxllJSN,SHIRT,2020-02-20,1582210800
5567,R_O9FzIlCvCxllJSN,PET_FOOD,2020-02-20,1582210800
5568,R_O9FzIlCvCxllJSN,TRAY,2020-02-20,1582210800
5569,R_O9FzIlCvCxllJSN,MEDICATION,2020-02-20,1582210800
5570,R_O9FzIlCvCxllJSN,SKIN_CLEANING_AGENT,2020-02-20,1582210800
5571,R_UEke64xAaOG3mTf,MINERAL_SUPPLEMENT,2020-02-20,1582210800
5572,R_UVM6YBvaArzpRjb,ELECTRONIC_CABLE,2020-02-20,1582210800
5573,R_UVM6YBvaArzpRjb,PLANTER,2020-02-20,1582210800
5574,R_UVM6YBvaArzpRjb,GROCERY,2020-02-20,1582210800
5575,R_UVM6YBvaArzpRjb,PHYSICAL_MOVIE,2020-02-20,1582210800
5576,R_UVM6YBvaArzpRjb,PHYSICAL_MOVIE,2020-02-20,1582210800
5577,R_UVM6YBvaArzpRjb,VITAMIN,2020-02-20,1582210800
5578,R_XAphEY817eORyx3,PHYSICAL_TV_SERIES,2020-02-20,1582210800
5579,R_Xt4H8BJ1Vx7ws8h,PET_FOOD,2020-02-20,1582210800
5580,R_bHPddsX5H49vNL3,FACIAL_TISSUE,2020-02-20,1582210800
5581,R_bHPddsX5H49vNL3,GROCERY,2020-02-20,1582210800
5582,R_ctNHcxd3vRvndXH,SANDAL,2020-02-20,1582210800
5583,R_ctNHcxd3vRvndXH,SHORTS,2020-02-20,1582210800
5584,R_d5O7dqvA1EWCrPb,POOL_VACUUM,2020-02-20,1582210800
5585,R_e8KTElZZLWryLWp,SKIN_MOISTURIZER,2020-02-20,1582210800
5586,R_pMnqpu31myYoxy1,VEHICLE_WIND_DEFLECTOR,2020-02-20,1582210800
5587,R_pRWnSKTREPIwpSF,CELLULAR_PHONE_CASE,2020-02-20,1582210800
5588,R_pzMCRYrC0qiSwIF,APRON,2020-02-20,1582210800
5589,R_rcId0AtM417vPGN,CELLULAR_PHONE_CASE,2020-02-20,1582210800
5590,R_rcId0AtM417vPGN,BED_SLATS,2020-02-20,1582210800
5591,R_rcId0AtM417vPGN,VITAMIN,2020-02-20,1582210800
5592,R_rcId0AtM417vPGN,INCONTINENCE_PROTECTOR,2020-02-20,1582210800
5593,R_s4I8huB9BOcWI5H,PANTS,2020-02-20,1582210800
5594,R_s4I8huB9BOcWI5H,MEDICATION,2020-02-20,1582210800
5595,R_s4I8huB9BOcWI5H,VITAMIN,2020-02-20,1582210800
5596,R_sGohXmtT8TjLibT,HEALTH_PERSONAL_CARE,2020-02-20,1582210800
5597,R_sGohXmtT8TjLibT,AMAZON_TABLET_ACCESSORY,2020-02-20,1582210800
5598,R_sGohXmtT8TjLibT,PET_TOY,2020-02-20,1582210800
5599,R_sRSLCxzK04aJvhL,SKIN_CLEANING_AGENT,2020-02-20,1582210800
5600,R_sRSLCxzK04aJvhL,ROLLING_PIN,2020-02-20,1582210800
5601,R_sotmrGe7Rv3U10J,BATTERY,2020-02-20,1582210800
5602,R_sotmrGe7Rv3U10J,NAIL_POLISH,2020-02-20,1582210800
5603,R_sotmrGe7Rv3U10J,SKIN_MOISTURIZER,2020-02-20,1582210800
5604,R_tFf2GViNMUolxaV,HOME,2020-02-20,1582210800
5605,R_tFf2GViNMUolxaV,ELECTRONIC_CABLE,2020-02-20,1582210800
5606,R_tFf2GViNMUolxaV,MEDICATION,2020-02-20,1582210800
5607,R_tFf2GViNMUolxaV,SKIN_CLEANING_AGENT,2020-02-20,1582210800
5608,R_tXHOaasrDjYwLO9,TOYS_AND_GAMES,2020-02-20,1582210800
5609,R_tXHOaasrDjYwLO9,GROCERY,2020-02-20,1582210800
5610,R_u2EdYogSnJBrpex,SKIN_MOISTURIZER,2020-02-20,1582210800
5611,R_vD2O13NgdnWBXMt,GUN_SUPPORT,2020-02-20,1582210800
5612,R_yILeYEcIeCBmy2t,GROCERY,2020-02-20,1582210800
5613,R_yILeYEcIeCBmy2t,CELLULAR_PHONE_CASE,2020-02-20,1582210800
5614,R_yILeYEcIeCBmy2t,SKIN_MOISTURIZER,2020-02-20,1582210800
5615,R_yILeYEcIeCBmy2t,STORAGE_DRAWER,2020-02-20,1582210800
5616,R_yILeYEcIeCBmy2t,PET_FOOD,2020-02-20,1582210800
5617,R_yILeYEcIeCBmy2t,ABIS_BOOK,2020-02-20,1582210800
5618,R_yILeYEcIeCBmy2t,PHYSICAL_MOVIE,2020-02-20,1582210800
5619,R_yILeYEcIeCBmy2t,ABIS_BOOK,2020-02-20,1582210800
5620,R_z1mFB9Qp9HSTCIV,VITAMIN,2020-02-20,1582210800
5621,R_10AtO7bUfe8iWYK,CORRECTIVE_EYEGLASSES,2020-02-21,1582297200
5622,R_10AtO7bUfe8iWYK,SCREEN_PROTECTOR,2020-02-21,1582297200
5623,R_10AtO7bUfe8iWYK,ABIS_BOOK,2020-02-21,1582297200
5624,R_10CAlrx7dbJty9R,GAS_SMOKE_FIRE_ALARM,2020-02-21,1582297200
5625,R_10CAlrx7dbJty9R,HEALTH_PERSONAL_CARE,2020-02-21,1582297200
5626,R_10CAlrx7dbJty9R,MOISTURIZING_SOCK_GLOVE,2020-02-21,1582297200
5627,R_10CAlrx7dbJty9R,WIPER_BLADE,2020-02-21,1582297200
5628,R_1C4nKyrv0w2thJn,MEDICATION,2020-02-21,1582297200
5629,R_1C4nKyrv0w2thJn,NUTRITIONAL_SUPPLEMENT,2020-02-21,1582297200
5630,R_1C8w4NDDQC5fcgE,PANTS,2020-02-21,1582297200
5631,R_1DJdUrYA1I0QAKh,SKIN_MOISTURIZER,2020-02-21,1582297200
5632,R_1Fyt6rHyiQcVOT8,ELECTRONIC_CABLE,2020-02-21,1582297200
5633,R_1GWHQwmLGiIkYBH,BEVERAGE_INSULATOR,2020-02-21,1582297200
5634,R_1LRR1P5IQqdSvIP,SCREEN_PROTECTOR,2020-02-21,1582297200
5635,R_1OrTsiPCkAlmb0N,PET_FOOD,2020-02-21,1582297200
5636,R_1PUcgnVG2i0EBz4,SPRAY_BOTTLE,2020-02-21,1582297200
5637,R_1PUcgnVG2i0EBz4,ABIS_BOOK,2020-02-21,1582297200
5638,R_1PUcgnVG2i0EBz4,VITAMIN,2020-02-21,1582297200
5639,R_1PUcgnVG2i0EBz4,PHYSICAL_MOVIE,2020-02-21,1582297200
5640,R_1PUcgnVG2i0EBz4,PANTS,2020-02-21,1582297200
5641,R_1PUcgnVG2i0EBz4,HEADPHONES,2020-02-21,1582297200
5642,R_1PUcgnVG2i0EBz4,VITAMIN,2020-02-21,1582297200
5643,R_1PUcgnVG2i0EBz4,TOYS_AND_GAMES,2020-02-21,1582297200
5644,R_1PUcgnVG2i0EBz4,BATTERY,2020-02-21,1582297200
5645,R_1PUcgnVG2i0EBz4,BATTERY,2020-02-21,1582297200
5646,R_1PUcgnVG2i0EBz4,SCREEN_PROTECTOR,2020-02-21,1582297200
5647,R_1Q9JeeKncbbLcz0,TOYS_AND_GAMES,2020-02-21,1582297200
5648,R_1QupmKjSh9fA4l4,PET_FOOD,2020-02-21,1582297200
5649,R_1QutEVkZz69QFR7,HEADPHONES,2020-02-21,1582297200
5650,R_1dKBjc0UTA0ZiYb,SHOES,2020-02-21,1582297200
5651,R_1dKBjc0UTA0ZiYb,TOYS_AND_GAMES,2020-02-21,1582297200
5652,R_1dKBjc0UTA0ZiYb,SHIRT,2020-02-21,1582297200
5653,R_1gjdRVy7DXPMldc,SCREEN_PROTECTOR,2020-02-21,1582297200
5654,R_1gq1l7L7YXNcp13,SNACK_FOOD_BAR,2020-02-21,1582297200
5655,R_1hLPyY3aamfi3xT,SKIN_MOISTURIZER,2020-02-21,1582297200
5656,R_1ig4LC2I0cwMCHk,MULTIPORT_HUB,2020-02-21,1582297200
5657,R_1jZkLNE1JdtyVpH,ELECTRONIC_CABLE,2020-02-21,1582297200
5658,R_1l4zCtGUTvAWdS6,SKIN_MOISTURIZER,2020-02-21,1582297200
5659,R_1l4zCtGUTvAWdS6,FURNITURE_LEG,2020-02-21,1582297200
5660,R_1lAIBWf5Qsww7eT,DIE_CUT_MACHINE,2020-02-21,1582297200
5661,R_1lsgykNxEU4BXTI,MEDICATION,2020-02-21,1582297200
5662,R_1lsgykNxEU4BXTI,TOYS_AND_GAMES,2020-02-21,1582297200
5663,R_1lsgykNxEU4BXTI,CAMCORDER,2020-02-21,1582297200
5664,R_1lsgykNxEU4BXTI,ITEM_STAND,2020-02-21,1582297200
5665,R_1lsgykNxEU4BXTI,ESSENTIAL_OIL,2020-02-21,1582297200
5666,R_1lsgykNxEU4BXTI,BATTERY,2020-02-21,1582297200
5667,R_1lsgykNxEU4BXTI,NUTRITIONAL_SUPPLEMENT,2020-02-21,1582297200
5668,R_1lxYa2W6GgcAQ19,ABIS_BOOK,2020-02-21,1582297200
5669,R_1nZzu0Kj9WQ8P4x,PESTICIDE,2020-02-21,1582297200
5670,R_1obwpb6iowh7vew,SLEEPWEAR,2020-02-21,1582297200
5671,R_1rNf6ssFroMth4I,ELECTRONIC_CABLE,2020-02-21,1582297200
5672,R_1rq9oimamSF6rsF,HEALTH_PERSONAL_CARE,2020-02-21,1582297200
5673,R_210tLKdUbUZuf7O,OUTBOARD_MOTOR,2020-02-21,1582297200
5674,R_210tLKdUbUZuf7O,CLOTHES_PIN,2020-02-21,1582297200
5675,R_210tLKdUbUZuf7O,ELECTRONIC_CABLE,2020-02-21,1582297200
5676,R_210tLKdUbUZuf7O,ABIS_BOOK,2020-02-21,1582297200
5677,R_22DJIjS0M8yvaYO,SKIN_MOISTURIZER,2020-02-21,1582297200
5678,R_22QYpfx86KSwry8,BED_FRAME,2020-02-21,1582297200
5679,R_22XOWVbIo1lxpmy,PHYSICAL_MOVIE,2020-02-21,1582297200
5680,R_24csoaO569P4Yzz,HEADPHONES,2020-02-21,1582297200
5681,R_24csoaO569P4Yzz,SCREEN_PROTECTOR,2020-02-21,1582297200
5682,R_24csoaO569P4Yzz,PANTS,2020-02-21,1582297200
5683,R_24ovSGBcJmAm7rm,HEALTH_PERSONAL_CARE,2020-02-21,1582297200
5684,R_25SbPPTyE45YzXP,CELLULAR_PHONE_CASE,2020-02-21,1582297200
5685,R_25SbPPTyE45YzXP,PET_FOOD,2020-02-21,1582297200
5686,R_25SbPPTyE45YzXP,CELLULAR_PHONE_CASE,2020-02-21,1582297200
5687,R_25SbPPTyE45YzXP,HEALTH_PERSONAL_CARE,2020-02-21,1582297200
5688,R_25SbPPTyE45YzXP,PET_FOOD,2020-02-21,1582297200
5689,R_25SbPPTyE45YzXP,WINDOW_FILM,2020-02-21,1582297200
5690,R_25z5LHPaAsxktx7,SKIN_CLEANING_AGENT,2020-02-21,1582297200
5691,R_25z5LHPaAsxktx7,EYELASH_CURLER,2020-02-21,1582297200
5692,R_27g6uEEgxm7kwNu,ANIMAL_NUTRITIONAL_SUPPLEMENT,2020-02-21,1582297200
5693,R_27ydwfqncX77Mnd,SHIN_GUARD,2020-02-21,1582297200
5694,R_2E5XCpTY2B5ZQ1f,ANTENNA,2020-02-21,1582297200
5695,R_2E5XCpTY2B5ZQ1f,ABIS_BOOK,2020-02-21,1582297200
5696,R_2EglJpTWGEiwQYa,CELLULAR_PHONE_CASE,2020-02-21,1582297200
5697,R_2EglJpTWGEiwQYa,TOYS_AND_GAMES,2020-02-21,1582297200
5698,R_2Uc0eY0mHq5DQgt,SOLID_FIRE_FUEL,2020-02-21,1582297200
5699,R_2YzwllA3OWyo30M,PHYSICAL_MOVIE,2020-02-21,1582297200
5700,R_2ZOgImZ5BSZcQoz,SHIRT,2020-02-21,1582297200
5701,R_2dxMXdrOUumZV2I,VITAMIN,2020-02-21,1582297200
5702,R_2dxMXdrOUumZV2I,ELECTRONIC_CABLE,2020-02-21,1582297200
5703,R_2fD6Jy2muMgaubH,SNOW_PANT,2020-02-21,1582297200
5704,R_2fD6Jy2muMgaubH,HEADPHONES,2020-02-21,1582297200
5705,R_2mAJniG0xVBIInL,TOYS_AND_GAMES,2020-02-21,1582297200
5706,R_2s5OzoDX56gIWr0,HEAT_PRESS,2020-02-21,1582297200
5707,R_2uIMLcJgQmb0v3G,VEHICLE_MOLDING,2020-02-21,1582297200
5708,R_2ugDyrE1yi1FjvH,WASTE_BAG,2020-02-21,1582297200
5709,R_2wHwNZWEecJflLc,MEDICATION,2020-02-21,1582297200
5710,R_2woyYEH5qlAG264,PET_FOOD,2020-02-21,1582297200
5711,R_2xzc7JBNEgYNAqY,INKJET_PRINTER_INK,2020-02-21,1582297200
5712,R_32UZncFA03IrQwQ,GROCERY,2020-02-21,1582297200
5713,R_32UZncFA03IrQwQ,VITAMIN,2020-02-21,1582297200
5714,R_331r8PPvTyqKSoh,CELLULAR_PHONE_CASE,2020-02-21,1582297200
5715,R_39HhVszlqdawZPP,SCREEN_PROTECTOR,2020-02-21,1582297200
5716,R_39HhVszlqdawZPP,TOYS_AND_GAMES,2020-02-21,1582297200
5717,R_39HhVszlqdawZPP,SCREEN_PROTECTOR,2020-02-21,1582297200
5718,R_3D7xJuXSy25PXbg,ELECTRONIC_CABLE,2020-02-21,1582297200
5719,R_3EQ2dhEXGhy72Xx,SHOES,2020-02-21,1582297200
5720,R_3EQ2dhEXGhy72Xx,SPORTING_GOODS,2020-02-21,1582297200
5721,R_3ESuELdvO5mTjxj,SHOES,2020-02-21,1582297200
5722,R_3GD1CL4OyjglmbZ,CHARGING_ADAPTER,2020-02-21,1582297200
5723,R_3HigTq4itishziE,PASTRY,2020-02-21,1582297200
5724,R_3J8UJcgwnW51IvN,SKIN_MOISTURIZER,2020-02-21,1582297200
5725,R_3J8UJcgwnW51IvN,GROCERY,2020-02-21,1582297200
5726,R_3KCUnPI9FEz7vTo,INCENSE,2020-02-21,1582297200
5727,R_3KCUnPI9FEz7vTo,PANTS,2020-02-21,1582297200
5728,R_3M0euO2kPnoHrdt,SEWING_MACHINE,2020-02-21,1582297200
5729,R_3M0euO2kPnoHrdt,HEADPHONES,2020-02-21,1582297200
5730,R_3M0euO2kPnoHrdt,HEALTH_PERSONAL_CARE,2020-02-21,1582297200
5731,R_3MMW2ivCFCtjHIe,SHIRT,2020-02-21,1582297200
5732,R_3MncA46G8CO8juo,AIR_GUN,2020-02-21,1582297200
5733,R_3OfwQrDNFhWjGWG,PORTABLE_FREESTANDING_SHELTER,2020-02-21,1582297200
5734,R_3OfwQrDNFhWjGWG,LAB_SUPPLY,2020-02-21,1582297200
5735,R_3OfwQrDNFhWjGWG,HEADPHONES,2020-02-21,1582297200
5736,R_3OfwQrDNFhWjGWG,ELECTRONIC_CABLE,2020-02-21,1582297200
5737,R_3OfwQrDNFhWjGWG,SNACK_FOOD_BAR,2020-02-21,1582297200
5738,R_3QE72T2NXn4ninT,PROTECTIVE_GLOVE,2020-02-21,1582297200
5739,R_3ek9YZGdsDHjUZf,SHOES,2020-02-21,1582297200
5740,R_3ek9YZGdsDHjUZf,HEALTH_PERSONAL_CARE,2020-02-21,1582297200
5741,R_3ek9YZGdsDHjUZf,PET_FOOD,2020-02-21,1582297200
5742,R_3ek9YZGdsDHjUZf,SNACK_FOOD_BAR,2020-02-21,1582297200
5743,R_3ek9YZGdsDHjUZf,SHOES,2020-02-21,1582297200
5744,R_3jSvX9tw2goV083,SHOVEL_SPADE,2020-02-21,1582297200
5745,R_3jSvX9tw2goV083,WATER_PUMP,2020-02-21,1582297200
5746,R_3lt1ZPBv09u1seD,GROCERY,2020-02-21,1582297200
5747,R_3nH1Odp9Yjm86gN,PRINT_COPY_PAPER,2020-02-21,1582297200
5748,R_3oO3DoeTgXHrEzx,SANITARY_NAPKIN,2020-02-21,1582297200
5749,R_3qjvaF4zWZz3obB,ABIS_BOOK,2020-02-21,1582297200
5750,R_3qjvaF4zWZz3obB,GROCERY,2020-02-21,1582297200
5751,R_3qqdzQnCaBYHx9o,LANDLINE_PHONE,2020-02-21,1582297200
5752,R_3qqdzQnCaBYHx9o,ELECTRONIC_CABLE,2020-02-21,1582297200
5753,R_3qqdzQnCaBYHx9o,CONSUMER_ELECTRONICS,2020-02-21,1582297200
5754,R_3qqdzQnCaBYHx9o,HAIR_STYLING_AGENT,2020-02-21,1582297200
5755,R_3s07B19Gl5Ix56W,ABIS_BOOK,2020-02-21,1582297200
5756,R_3socPWD3wXD0iDP,PET_FOOD,2020-02-21,1582297200
5757,R_4HmF6WnGLnnWuLD,CORRECTIVE_EYEGLASSES,2020-02-21,1582297200
5758,R_4PhRzF4UI9ooLh7,SHIRT,2020-02-21,1582297200
5759,R_5uabKnJBMc7HyEN,SHOES,2020-02-21,1582297200
5760,R_5uabKnJBMc7HyEN,PET_FOOD,2020-02-21,1582297200
5761,R_5uabKnJBMc7HyEN,TOYS_AND_GAMES,2020-02-21,1582297200
5762,R_5uabKnJBMc7HyEN,SHIRT,2020-02-21,1582297200
5763,R_8CXcySQawXPuJwJ,CELLULAR_PHONE_CASE,2020-02-21,1582297200
5764,R_8CXcySQawXPuJwJ,NUTRITIONAL_SUPPLEMENT,2020-02-21,1582297200
5765,R_8CXcySQawXPuJwJ,HEADPHONES,2020-02-21,1582297200
5766,R_8CXcySQawXPuJwJ,CELLULAR_PHONE_CASE,2020-02-21,1582297200
5767,R_8CXcySQawXPuJwJ,SHIRT,2020-02-21,1582297200
5768,R_A1CRADYHwN0zQL7,SKIN_MOISTURIZER,2020-02-21,1582297200
5769,R_AKBlDprDMrv4M7v,SNACK_FOOD_BAR,2020-02-21,1582297200
5770,R_Amq2LudEdwYblXX,DAIRY_BASED_DRINK,2020-02-21,1582297200
5771,R_Amq2LudEdwYblXX,SHOES,2020-02-21,1582297200
5772,R_Djcs43mP6ReoYgN,FUNNEL,2020-02-21,1582297200
5773,R_O6ZX76mggPnAOfD,SKIN_CLEANING_AGENT,2020-02-21,1582297200
5774,R_OdTirYYBS6ms6nn,SCREEN_PROTECTOR,2020-02-21,1582297200
5775,R_OdTirYYBS6ms6nn,CELLULAR_PHONE_CASE,2020-02-21,1582297200
5776,R_OdTirYYBS6ms6nn,SUGAR_SUBSTITUTE,2020-02-21,1582297200
5777,R_OdTirYYBS6ms6nn,SKIN_CLEANING_AGENT,2020-02-21,1582297200
5778,R_OdTirYYBS6ms6nn,BATTERY,2020-02-21,1582297200
5779,R_PwlnzzccUMXV0n7,BASKETBALL_HOOP,2020-02-21,1582297200
5780,R_PwlnzzccUMXV0n7,GROCERY,2020-02-21,1582297200
5781,R_PwlnzzccUMXV0n7,NUTRITIONAL_SUPPLEMENT,2020-02-21,1582297200
5782,R_PwlnzzccUMXV0n7,APPAREL_GLOVES,2020-02-21,1582297200
5783,R_PwlnzzccUMXV0n7,SKIN_MOISTURIZER,2020-02-21,1582297200
5784,R_PwlnzzccUMXV0n7,NUTRITIONAL_SUPPLEMENT,2020-02-21,1582297200
5785,R_PwlnzzccUMXV0n7,APPAREL_GLOVES,2020-02-21,1582297200
5786,R_PwlnzzccUMXV0n7,GROCERY,2020-02-21,1582297200
5787,R_PwlnzzccUMXV0n7,BATTERY,2020-02-21,1582297200
5788,R_PwlnzzccUMXV0n7,PHYSICAL_MOVIE,2020-02-21,1582297200
5789,R_PwlnzzccUMXV0n7,ABIS_BOOK,2020-02-21,1582297200
5790,R_PwlnzzccUMXV0n7,SKIN_CLEANING_AGENT,2020-02-21,1582297200
5791,R_PwlnzzccUMXV0n7,SHIRT,2020-02-21,1582297200
5792,R_PwlnzzccUMXV0n7,MEDICATION,2020-02-21,1582297200
5793,R_RfThNEyjDIX9xwl,GROCERY,2020-02-21,1582297200
5794,R_RfThNEyjDIX9xwl,ELECTRONIC_CABLE,2020-02-21,1582297200
5795,R_Ui78k1hRGuGWhln,SKIN_MOISTURIZER,2020-02-21,1582297200
5796,R_XUhit9pAXhD746B,SCREEN_PROTECTOR,2020-02-21,1582297200
5797,R_XUhit9pAXhD746B,HEADPHONES,2020-02-21,1582297200
5798,R_XYsrPCXL5N6boad,VITAMIN,2020-02-21,1582297200
5799,R_ZkokwdIEZybYo9z,BATTERY,2020-02-21,1582297200
5800,R_b3NWnTBcFyWqXjH,PANTS,2020-02-21,1582297200
5801,R_b3dSUlk76L0C6TD,FUNNEL,2020-02-21,1582297200
5802,R_b3dSUlk76L0C6TD,PANTS,2020-02-21,1582297200
5803,R_bJI8lmXMZWL6oql,SKIN_CLEANING_AGENT,2020-02-21,1582297200
5804,R_bJI8lmXMZWL6oql,TOYS_AND_GAMES,2020-02-21,1582297200
5805,R_bJI8lmXMZWL6oql,ABIS_BOOK,2020-02-21,1582297200
5806,R_bJI8lmXMZWL6oql,CELLULAR_PHONE_CASE,2020-02-21,1582297200
5807,R_cAcAtozIWnZIbGp,ELECTRONIC_CABLE,2020-02-21,1582297200
5808,R_cAcAtozIWnZIbGp,EYEGLASS_FRAME,2020-02-21,1582297200
5809,R_cAcAtozIWnZIbGp,LAMP,2020-02-21,1582297200
5810,R_cAcAtozIWnZIbGp,VEHICLE_COVER,2020-02-21,1582297200
5811,R_cAcAtozIWnZIbGp,NUTRITIONAL_SUPPLEMENT,2020-02-21,1582297200
5812,R_e8KTElZZLWryLWp,MEDICATION,2020-02-21,1582297200
5813,R_eg0ycbZcHEfhBAd,OTTOMAN,2020-02-21,1582297200
5814,R_plnyqyltsGtao9P,ELECTRONIC_COMPONENT_FAN,2020-02-21,1582297200
5815,R_plnyqyltsGtao9P,PET_FOOD,2020-02-21,1582297200
5816,R_pzMCRYrC0qiSwIF,NUTRITIONAL_SUPPLEMENT,2020-02-21,1582297200
5817,R_pzMCRYrC0qiSwIF,CADDY,2020-02-21,1582297200
5818,R_qxTrp3qz2YCQAnv,RAZOR_BLADE_CARTRIDGE,2020-02-21,1582297200
5819,R_sGohXmtT8TjLibT,GARLIC_PRESS,2020-02-21,1582297200
5820,R_sotmrGe7Rv3U10J,CELLULAR_PHONE_CASE,2020-02-21,1582297200
5821,R_sotmrGe7Rv3U10J,SHOES,2020-02-21,1582297200
5822,R_sotmrGe7Rv3U10J,BATTERY,2020-02-21,1582297200
5823,R_u9qeol6zlUcq13j,HEALTH_PERSONAL_CARE,2020-02-21,1582297200
5824,R_voSNwyVcZWdCTJv,SKIN_CLEANING_AGENT,2020-02-21,1582297200
5825,R_xGwDp6qu8JCFdIJ,HEADPHONES,2020-02-21,1582297200
5826,R_xGwDp6qu8JCFdIJ,NUTRITIONAL_SUPPLEMENT,2020-02-21,1582297200
5827,R_z1mFB9Qp9HSTCIV,VEHICLE_SCAN_TOOL,2020-02-21,1582297200
5828,R_z1mFB9Qp9HSTCIV,ARTIFICIAL_TREE,2020-02-21,1582297200
5829,R_10CAlrx7dbJty9R,HERBAL_SUPPLEMENT,2020-02-22,1582383600
5830,R_1C4nKyrv0w2thJn,SKIN_CLEANING_AGENT,2020-02-22,1582383600
5831,R_1ClqO4ZMDuwGjfl,HEADPHONES,2020-02-22,1582383600
5832,R_1ClqO4ZMDuwGjfl,MASCARA,2020-02-22,1582383600
5833,R_1ClqO4ZMDuwGjfl,HEADPHONES,2020-02-22,1582383600
5834,R_1ClqO4ZMDuwGjfl,HEALTH_PERSONAL_CARE,2020-02-22,1582383600
5835,R_1ClqO4ZMDuwGjfl,LUXURY_BEAUTY,2020-02-22,1582383600
5836,R_1ClqO4ZMDuwGjfl,SHOES,2020-02-22,1582383600
5837,R_1ClqO4ZMDuwGjfl,HEADPHONES,2020-02-22,1582383600
5838,R_1ClqO4ZMDuwGjfl,PICTURE_FRAME,2020-02-22,1582383600
5839,R_1ClqO4ZMDuwGjfl,MASCARA,2020-02-22,1582383600
5840,R_1DJdUrYA1I0QAKh,NUTRITIONAL_SUPPLEMENT,2020-02-22,1582383600
5841,R_1DJdUrYA1I0QAKh,SHIRT,2020-02-22,1582383600
5842,R_1DJdUrYA1I0QAKh,SKIN_MOISTURIZER,2020-02-22,1582383600
5843,R_1Fb4EL4IE75q7lf,SKIN_CLEANING_AGENT,2020-02-22,1582383600
5844,R_1Fb4EL4IE75q7lf,SKIN_CLEANING_AGENT,2020-02-22,1582383600
5845,R_1Fb4EL4IE75q7lf,BEDDING_SET,2020-02-22,1582383600
5846,R_1Fb4EL4IE75q7lf,BATTERY,2020-02-22,1582383600
5847,R_1Fb4EL4IE75q7lf,PHYSICAL_MOVIE,2020-02-22,1582383600
5848,R_1Fb4EL4IE75q7lf,ART_SUPPLIES,2020-02-22,1582383600
5849,R_1GghoTNZdgUeySl,BATTERY,2020-02-22,1582383600
5850,R_1H7zBXFz4gN1Ezl,SHIN_GUARD,2020-02-22,1582383600
5851,R_1Hena1rUph3TnA3,NUTRITIONAL_SUPPLEMENT,2020-02-22,1582383600
5852,R_1I4dnMKlrmtUP09,SNACK_FOOD_BAR,2020-02-22,1582383600
5853,R_1JDhRjAMiEkIuKT,SHOES,2020-02-22,1582383600
5854,R_1JDhRjAMiEkIuKT,VITAMIN,2020-02-22,1582383600
5855,R_1JDhRjAMiEkIuKT,CAMERA_OTHER_ACCESSORIES,2020-02-22,1582383600
5856,R_1LMa9REuvUok05j,SHIRT,2020-02-22,1582383600
5857,R_1Luv7PTSNMEjqFV,SKIN_CLEANING_AGENT,2020-02-22,1582383600
5858,R_1NgAWSeub1pgOGj,SHOES,2020-02-22,1582383600
5859,R_1NlGZCWpxXc8mjn,TOYS_AND_GAMES,2020-02-22,1582383600
5860,R_1NlGZCWpxXc8mjn,WALKING_STICK,2020-02-22,1582383600
5861,R_1Oov0G05pkQnKNn,TOYS_AND_GAMES,2020-02-22,1582383600
5862,R_1Q62CIVb2WAS8hB,SCREEN_PROTECTOR,2020-02-22,1582383600
5863,R_1Q62CIVb2WAS8hB,SCREEN_PROTECTOR,2020-02-22,1582383600
5864,R_1QupmKjSh9fA4l4,SHIRT,2020-02-22,1582383600
5865,R_1QupmKjSh9fA4l4,PHYSICAL_MOVIE,2020-02-22,1582383600
5866,R_1QupmKjSh9fA4l4,SKIN_CLEANING_AGENT,2020-02-22,1582383600
5867,R_1QupmKjSh9fA4l4,CARGO_NET,2020-02-22,1582383600
5868,R_1QupmKjSh9fA4l4,PET_FOOD,2020-02-22,1582383600
5869,R_1QupmKjSh9fA4l4,SOCKS,2020-02-22,1582383600
5870,R_1QupmKjSh9fA4l4,TOYS_AND_GAMES,2020-02-22,1582383600
5871,R_1QupmKjSh9fA4l4,SHOES,2020-02-22,1582383600
5872,R_1QupmKjSh9fA4l4,PET_FOOD,2020-02-22,1582383600
5873,R_1QutEVkZz69QFR7,PET_FOOD,2020-02-22,1582383600
5874,R_1QutEVkZz69QFR7,MECHANICAL_COMPONENTS,2020-02-22,1582383600
5875,R_1QutEVkZz69QFR7,SKIN_MOISTURIZER,2020-02-22,1582383600
5876,R_1dFu7LeBJE3Wd6p,DESK,2020-02-22,1582383600
5877,R_1dFu7LeBJE3Wd6p,SKIN_CLEANING_AGENT,2020-02-22,1582383600
5878,R_1dKBjc0UTA0ZiYb,BED_LINEN_SET,2020-02-22,1582383600
5879,R_1dKBjc0UTA0ZiYb,PANTS,2020-02-22,1582383600
5880,R_1dKBjc0UTA0ZiYb,LASER_PRINTER_TONER,2020-02-22,1582383600
5881,R_1dKBjc0UTA0ZiYb,PAINT_BRUSH,2020-02-22,1582383600
5882,R_1f1PzEZw8H2N4zm,PET_FOOD,2020-02-22,1582383600
5883,R_1jdLI5cWhAhAzSB,GROCERY,2020-02-22,1582383600
5884,R_1jdLI5cWhAhAzSB,VEGETABLE,2020-02-22,1582383600
5885,R_1jdLI5cWhAhAzSB,BATTERY,2020-02-22,1582383600
5886,R_1jdLI5cWhAhAzSB,SKIN_MOISTURIZER,2020-02-22,1582383600
5887,R_1lsgykNxEU4BXTI,SHOES,2020-02-22,1582383600
5888,R_1lsgykNxEU4BXTI,TABLECLOTH,2020-02-22,1582383600
5889,R_1nOCRAcsi1AU77q,SKIN_CLEANING_AGENT,2020-02-22,1582383600
5890,R_1obwpb6iowh7vew,MEDICATION,2020-02-22,1582383600
5891,R_1obwpb6iowh7vew,SCREEN_PROTECTOR,2020-02-22,1582383600
5892,R_1obwpb6iowh7vew,ABIS_BOOK,2020-02-22,1582383600
5893,R_1obwpb6iowh7vew,PHYSICAL_VIDEO_GAME_SOFTWARE,2020-02-22,1582383600
5894,R_1pm2Wo5wrQSY0Gm,SCREEN_PROTECTOR,2020-02-22,1582383600
5895,R_1pm2Wo5wrQSY0Gm,SCREEN_PROTECTOR,2020-02-22,1582383600
5896,R_1ps5hYxMGQuqcuP,TIRES,2020-02-22,1582383600
5897,R_1psTlOFeWx4gWdX,SKIN_CLEANING_AGENT,2020-02-22,1582383600
5898,R_1r18PD3TjJe3i53,SCREEN_PROTECTOR,2020-02-22,1582383600
5899,R_1r18PD3TjJe3i53,SHOES,2020-02-22,1582383600
5900,R_1r18PD3TjJe3i53,SKIN_CLEANING_AGENT,2020-02-22,1582383600
5901,R_1rPQIXSf3d1wvFO,PET_FOOD,2020-02-22,1582383600
5902,R_210tLKdUbUZuf7O,BATTERY,2020-02-22,1582383600
5903,R_210tLKdUbUZuf7O,SKIN_MOISTURIZER,2020-02-22,1582383600
5904,R_22XOWVbIo1lxpmy,SHIRT,2020-02-22,1582383600
5905,R_23enipHqTsjcQfN,VITAMIN,2020-02-22,1582383600
5906,R_23enipHqTsjcQfN,CLINICAL_DIAGNOSTIC_TESTING_KIT,2020-02-22,1582383600
5907,R_24HjnyxNZEm32Xb,HARDWARE_HANDLE,2020-02-22,1582383600
5908,R_273TMGuLM3jXisi,UTILITY_KNIFE,2020-02-22,1582383600
5909,R_273TMGuLM3jXisi,PANTS,2020-02-22,1582383600
5910,R_273TMGuLM3jXisi,PET_FOOD,2020-02-22,1582383600
5911,R_273TMGuLM3jXisi,CAMERA_CLEANER,2020-02-22,1582383600
5912,R_27PZcbYfPDhwHcL,PHYSICAL_MOVIE,2020-02-22,1582383600
5913,R_27PZcbYfPDhwHcL,PANTS,2020-02-22,1582383600
5914,R_27PZcbYfPDhwHcL,TOILET_PAPER,2020-02-22,1582383600
5915,R_27PZcbYfPDhwHcL,ELECTRONIC_CABLE,2020-02-22,1582383600
5916,R_27PZcbYfPDhwHcL,PET_FOOD,2020-02-22,1582383600
5917,R_2ASz0xBmcxqYzUJ,BLANKET,2020-02-22,1582383600
5918,R_2BesSIAnd7POW2C,TOYS_AND_GAMES,2020-02-22,1582383600
5919,R_2EglJpTWGEiwQYa,PET_FOOD,2020-02-22,1582383600
5920,R_2EglJpTWGEiwQYa,ELECTRONIC_CABLE,2020-02-22,1582383600
5921,R_2EglJpTWGEiwQYa,TOYS_AND_GAMES,2020-02-22,1582383600
5922,R_2EglJpTWGEiwQYa,PHYSICAL_MOVIE,2020-02-22,1582383600
5923,R_2EglJpTWGEiwQYa,SHIRT,2020-02-22,1582383600
5924,R_2EglJpTWGEiwQYa,SKIN_CLEANING_AGENT,2020-02-22,1582383600
5925,R_2EglJpTWGEiwQYa,NUTRITIONAL_SUPPLEMENT,2020-02-22,1582383600
5926,R_2EglJpTWGEiwQYa,HEADPHONES,2020-02-22,1582383600
5927,R_2EglJpTWGEiwQYa,SERVEWARE,2020-02-22,1582383600
5928,R_2EglJpTWGEiwQYa,STROLLER,2020-02-22,1582383600
5929,R_2EglJpTWGEiwQYa,HEADPHONES,2020-02-22,1582383600
5930,R_2EglJpTWGEiwQYa,SKIN_MOISTURIZER,2020-02-22,1582383600
5931,R_2EglJpTWGEiwQYa,MEDICATION,2020-02-22,1582383600
5932,R_2EglJpTWGEiwQYa,SHOES,2020-02-22,1582383600
5933,R_2EglJpTWGEiwQYa,DISHWARE_PLATE,2020-02-22,1582383600
5934,R_2EglJpTWGEiwQYa,SHOES,2020-02-22,1582383600
5935,R_2EglJpTWGEiwQYa,RECREATION_BALL,2020-02-22,1582383600
5936,R_2EglJpTWGEiwQYa,MEDICATION,2020-02-22,1582383600
5937,R_2EglJpTWGEiwQYa,COSTUME_MASK,2020-02-22,1582383600
5938,R_2EglJpTWGEiwQYa,DISHWARE_PLATE,2020-02-22,1582383600
5939,R_2EglJpTWGEiwQYa,PET_FOOD,2020-02-22,1582383600
5940,R_2En0sbvQ7s48ufv,PHYSICAL_MOVIE,2020-02-22,1582383600
5941,R_2En0sbvQ7s48ufv,GROCERY,2020-02-22,1582383600
5942,R_2En0sbvQ7s48ufv,MEDICATION,2020-02-22,1582383600
5943,R_2En0sbvQ7s48ufv,SKIN_MOISTURIZER,2020-02-22,1582383600
5944,R_2En0sbvQ7s48ufv,VITAMIN,2020-02-22,1582383600
5945,R_2En0sbvQ7s48ufv,FOOD_STORAGE_CONTAINER,2020-02-22,1582383600
5946,R_2En0sbvQ7s48ufv,TOYS_AND_GAMES,2020-02-22,1582383600
5947,R_2En0sbvQ7s48ufv,HEADPHONES,2020-02-22,1582383600
5948,R_2En0sbvQ7s48ufv,GROCERY,2020-02-22,1582383600
5949,R_2En0sbvQ7s48ufv,SHOES,2020-02-22,1582383600
5950,R_2QEQOSl4i81CHb1,SKIN_MOISTURIZER,2020-02-22,1582383600
5951,R_2QXJIE0UXBTy8wd,HARDWARE_CLAMP_VISE,2020-02-22,1582383600
5952,R_2QXJIE0UXBTy8wd,SHOES,2020-02-22,1582383600
5953,R_2QXJIE0UXBTy8wd,PHYSICAL_MOVIE,2020-02-22,1582383600
5954,R_2QXJIE0UXBTy8wd,HARDWARE_CLAMP_VISE,2020-02-22,1582383600
5955,R_2TKO641FpWMebOd,VITAMIN,2020-02-22,1582383600
5956,R_2TKO641FpWMebOd,PHYSICAL_VIDEO_GAME_SOFTWARE,2020-02-22,1582383600
5957,R_2UfTIFhpicfXgPX,PROTEIN_SUPPLEMENT_POWDER,2020-02-22,1582383600
5958,R_2UfTIFhpicfXgPX,POT_HOLDER,2020-02-22,1582383600
5959,R_2UfTIFhpicfXgPX,TOWEL,2020-02-22,1582383600
5960,R_2VaWg2jhtCG6zmh,ELECTRONIC_CABLE,2020-02-22,1582383600
5961,R_2WAagX64hf1kdMI,HEALTH_PERSONAL_CARE,2020-02-22,1582383600
5962,R_2Y9fPhqa2Xf2QdZ,SCREEN_PROTECTOR,2020-02-22,1582383600
5963,R_2Y9fPhqa2Xf2QdZ,NUTRITIONAL_SUPPLEMENT,2020-02-22,1582383600
5964,R_2Y9fPhqa2Xf2QdZ,BICYCLE_TRAINER,2020-02-22,1582383600
5965,R_2Y9fPhqa2Xf2QdZ,HEALTH_PERSONAL_CARE,2020-02-22,1582383600
5966,R_2Y9fPhqa2Xf2QdZ,SNACK_FOOD_BAR,2020-02-22,1582383600
5967,R_2Y9fPhqa2Xf2QdZ,ELECTRONIC_CABLE,2020-02-22,1582383600
5968,R_2Y9fPhqa2Xf2QdZ,TOYS_AND_GAMES,2020-02-22,1582383600
5969,R_2YVQQRVSdj7M8Va,PANTS,2020-02-22,1582383600
5970,R_2b1XOZR0PYTA1jX,NUTRITIONAL_SUPPLEMENT,2020-02-22,1582383600
5971,R_2b1XOZR0PYTA1jX,PHYSICAL_MOVIE,2020-02-22,1582383600
5972,R_2b1XOZR0PYTA1jX,CELLULAR_PHONE_CASE,2020-02-22,1582383600
5973,R_2cd9jCAamQMAsxe,NUTRITIONAL_SUPPLEMENT,2020-02-22,1582383600
5974,R_2cd9jCAamQMAsxe,VITAMIN,2020-02-22,1582383600
5975,R_2cvmrv8q51q8yh1,MEDICATION,2020-02-22,1582383600
5976,R_2cvmrv8q51q8yh1,SNACK_FOOD_BAR,2020-02-22,1582383600
5977,R_2dY2NzAgp2digAs,MEDICATION,2020-02-22,1582383600
5978,R_2dY2NzAgp2digAs,ABIS_BOOK,2020-02-22,1582383600
5979,R_2dmZyPIDedcDR2J,SKIN_CLEANING_AGENT,2020-02-22,1582383600
5980,R_2dz21GRV17aGMQ6,ABIS_BOOK,2020-02-22,1582383600
5981,R_2fy7JSBbIRNQKLb,TABLE_RUNNER,2020-02-22,1582383600
5982,R_2fy7JSBbIRNQKLb,HAIR_CLEANER_CONDITIONER,2020-02-22,1582383600
5983,R_2fy7JSBbIRNQKLb,ELECTRONIC_CABLE,2020-02-22,1582383600
5984,R_2fy7JSBbIRNQKLb,SNACK_FOOD_BAR,2020-02-22,1582383600
5985,R_2fy7JSBbIRNQKLb,TOYS_AND_GAMES,2020-02-22,1582383600
5986,R_2fy7JSBbIRNQKLb,PANTS,2020-02-22,1582383600
5987,R_2fy7JSBbIRNQKLb,NUTRITIONAL_SUPPLEMENT,2020-02-22,1582383600
5988,R_2mAJniG0xVBIInL,PHYSICAL_MOVIE,2020-02-22,1582383600
5989,R_2mAJniG0xVBIInL,PET_FOOD,2020-02-22,1582383600
5990,R_2mAJniG0xVBIInL,BICYCLE_CARGO_RACK,2020-02-22,1582383600
5991,R_2q2hekIiutgInrE,BATTERY,2020-02-22,1582383600
5992,R_2q2hekIiutgInrE,GROCERY,2020-02-22,1582383600
5993,R_2q2hekIiutgInrE,REMOTE_CONTROL,2020-02-22,1582383600
5994,R_2q2hekIiutgInrE,PET_FOOD,2020-02-22,1582383600
5995,R_2q2hekIiutgInrE,BATTERY,2020-02-22,1582383600
5996,R_2q2hekIiutgInrE,GROCERY,2020-02-22,1582383600
5997,R_2q2hekIiutgInrE,VITAMIN,2020-02-22,1582383600
5998,R_2q2hekIiutgInrE,GROCERY,2020-02-22,1582383600
5999,R_2q2hekIiutgInrE,TOY_FIGURE,2020-02-22,1582383600
6000,R_2q2hekIiutgInrE,HEALTH_PERSONAL_CARE,2020-02-22,1582383600
6001,R_2q2hekIiutgInrE,FIRST_AID_KIT,2020-02-22,1582383600
6002,R_2q2hekIiutgInrE,GROCERY,2020-02-22,1582383600
6003,R_2q2hekIiutgInrE,VITAMIN,2020-02-22,1582383600
6004,R_2q2hekIiutgInrE,HOME_LIGHTING_AND_LAMPS,2020-02-22,1582383600
6005,R_2q2hekIiutgInrE,SMALL_HOME_APPLIANCES,2020-02-22,1582383600
6006,R_2q2hekIiutgInrE,BATTERY,2020-02-22,1582383600
6007,R_2q2hekIiutgInrE,PHYSICAL_MOVIE,2020-02-22,1582383600
6008,R_2q2hekIiutgInrE,TOYS_AND_GAMES,2020-02-22,1582383600
6009,R_2q2hekIiutgInrE,SCREEN_PROTECTOR,2020-02-22,1582383600
6010,R_2q2hekIiutgInrE,CELLULAR_PHONE_CASE,2020-02-22,1582383600
6011,R_2q2hekIiutgInrE,STORAGE_BOX,2020-02-22,1582383600
6012,R_2q2hekIiutgInrE,BATTERY,2020-02-22,1582383600
6013,R_2q2hekIiutgInrE,GROCERY,2020-02-22,1582383600
6014,R_2q2hekIiutgInrE,NUTRITIONAL_SUPPLEMENT,2020-02-22,1582383600
6015,R_2q2hekIiutgInrE,SNACK_FOOD_BAR,2020-02-22,1582383600
6016,R_2q2hekIiutgInrE,PET_FOOD,2020-02-22,1582383600
6017,R_2q2hekIiutgInrE,PROJECTILE_BOW,2020-02-22,1582383600
6018,R_2q2hekIiutgInrE,HOME_LIGHTING_AND_LAMPS,2020-02-22,1582383600
6019,R_2q2hekIiutgInrE,ELECTRONIC_CABLE,2020-02-22,1582383600
6020,R_2q2hekIiutgInrE,SKIN_CLEANING_AGENT,2020-02-22,1582383600
6021,R_2q2hekIiutgInrE,GROCERY,2020-02-22,1582383600
6022,R_2q2hekIiutgInrE,TOY_FIGURE,2020-02-22,1582383600
6023,R_2q2hekIiutgInrE,GROCERY,2020-02-22,1582383600
6024,R_2q2hekIiutgInrE,STORAGE_BOX,2020-02-22,1582383600
6025,R_2q2hekIiutgInrE,PANTRY,2020-02-22,1582383600
6026,R_2rVp4uDv9fYIfdd,BED_CURTAIN,2020-02-22,1582383600
6027,R_2rVp4uDv9fYIfdd,DISPLAY_ALBUM,2020-02-22,1582383600
6028,R_2s5OzoDX56gIWr0,SANDBOX,2020-02-22,1582383600
6029,R_2s5YO3cdqKDFyIM,VITAMIN,2020-02-22,1582383600
6030,R_2uIMLcJgQmb0v3G,SNOW_CHAIN,2020-02-22,1582383600
6031,R_2uIMLcJgQmb0v3G,MEDICATION,2020-02-22,1582383600
6032,R_2vkMWH10xWp7o9s,GROCERY,2020-02-22,1582383600
6033,R_301uq7vv7YTe7qQ,KITCHEN,2020-02-22,1582383600
6034,R_3093m6Spz9VzxAK,SCREEN_PROTECTOR,2020-02-22,1582383600
6035,R_3093m6Spz9VzxAK,HEADPHONES,2020-02-22,1582383600
6036,R_31QS1Ms6iQEU3mI,SKIN_CLEANING_AGENT,2020-02-22,1582383600
6037,R_31SNC0DcyjBDcq3,GROCERY,2020-02-22,1582383600
6038,R_31ycQ8SiOEF1cUN,PHOTOGRAPHIC_FILM,2020-02-22,1582383600
6039,R_31ycQ8SiOEF1cUN,DRINK_COASTER,2020-02-22,1582383600
6040,R_31ycQ8SiOEF1cUN,MEDICATION,2020-02-22,1582383600
6041,R_325wPQDFbzpv3zZ,SCREEN_PROTECTOR,2020-02-22,1582383600
6042,R_325wPQDFbzpv3zZ,GROCERY,2020-02-22,1582383600
6043,R_325wPQDFbzpv3zZ,ABIS_BOOK,2020-02-22,1582383600
6044,R_325wPQDFbzpv3zZ,AXE,2020-02-22,1582383600
6045,R_325wPQDFbzpv3zZ,SHIRT,2020-02-22,1582383600
6046,R_325wPQDFbzpv3zZ,NUTRITIONAL_SUPPLEMENT,2020-02-22,1582383600
6047,R_32UZncFA03IrQwQ,SAW_BLADE,2020-02-22,1582383600
6048,R_33dxSOlpYwYOjFE,BEAUTY,2020-02-22,1582383600
6049,R_33dxSOlpYwYOjFE,GROCERY,2020-02-22,1582383600
6050,R_33dxSOlpYwYOjFE,SCREEN_PROTECTOR,2020-02-22,1582383600
6051,R_33dxSOlpYwYOjFE,SKIN_MOISTURIZER,2020-02-22,1582383600
6052,R_33dxSOlpYwYOjFE,ELECTRONIC_CABLE,2020-02-22,1582383600
6053,R_33dxSOlpYwYOjFE,NUTRITIONAL_SUPPLEMENT,2020-02-22,1582383600
6054,R_33dxSOlpYwYOjFE,ABIS_BOOK,2020-02-22,1582383600
6055,R_33dxSOlpYwYOjFE,MEDICAL_COMPRESSION_GARMENT,2020-02-22,1582383600
6056,R_33jcUkAZ8knoq82,NUTRITIONAL_SUPPLEMENT,2020-02-22,1582383600
6057,R_33jcUkAZ8knoq82,SNACK_FOOD_BAR,2020-02-22,1582383600
6058,R_33kcOqAkuOfPeI1,CORD_MANAGEMENT_COVER,2020-02-22,1582383600
6059,R_3D8fwycJF7eksBo,SCREEN_PROTECTOR,2020-02-22,1582383600
6060,R_3D8fwycJF7eksBo,BATTERY,2020-02-22,1582383600
6061,R_3EF2sOVmTNA4e3u,VACUUM_SEALER_MACHINE,2020-02-22,1582383600
6062,R_3EF2sOVmTNA4e3u,PHYSICAL_MOVIE,2020-02-22,1582383600
6063,R_3EsC5YHmiHe5s54,NAIL_CLIPPER,2020-02-22,1582383600
6064,R_3FRSHAzxtL6ifms,CARRYING_CASE_OR_BAG,2020-02-22,1582383600
6065,R_3GD1CL4OyjglmbZ,SKIN_MOISTURIZER,2020-02-22,1582383600
6066,R_3J8UIMbwljBx6df,GRIDDLE_PLATE,2020-02-22,1582383600
6067,R_3JJfhp7Z7vUO8K2,CLOTHES_HANGER,2020-02-22,1582383600
6068,R_3JnjKsPAuFGDhrx,ANIMAL_MEDICATION,2020-02-22,1582383600
6069,R_3Jxiicg67etW2yt,SKIN_MOISTURIZER,2020-02-22,1582383600
6070,R_3KpaTa6zCZitiZG,ELECTRONIC_CABLE,2020-02-22,1582383600
6071,R_3L20DbmNPSMtKUd,VITAMIN,2020-02-22,1582383600
6072,R_3L20DbmNPSMtKUd,SHOES,2020-02-22,1582383600
6073,R_3L20DbmNPSMtKUd,COMPUTER_SPEAKER,2020-02-22,1582383600
6074,R_3Mc9nZhk6fg7b8z,HEADPHONES,2020-02-22,1582383600
6075,R_3ek9YZGdsDHjUZf,CROCHET_HOOK,2020-02-22,1582383600
6076,R_3ek9YZGdsDHjUZf,PET_FOOD,2020-02-22,1582383600
6077,R_3ek9YZGdsDHjUZf,SKIN_CLEANING_AGENT,2020-02-22,1582383600
6078,R_3enuyEOsaEVxTNX,ELECTRONIC_CABLE,2020-02-22,1582383600
6079,R_3ez7TNnB78XtMa7,MISC_WORLD_INSTRUMENTS,2020-02-22,1582383600
6080,R_3ez7TNnB78XtMa7,OIL_FILTER,2020-02-22,1582383600
6081,R_3flZSxKV8ViX1H4,ABIS_BOOK,2020-02-22,1582383600
6082,R_3gTrwWhEzAv6gzH,CELLULAR_PHONE_CASE,2020-02-22,1582383600
6083,R_3ik7mYg7wgFsyfj,SCREEN_PROTECTOR,2020-02-22,1582383600
6084,R_3ik7mYg7wgFsyfj,ELLIPTICAL_TRAINER,2020-02-22,1582383600
6085,R_3m3H4mwZ2snYFua,SKIN_MOISTURIZER,2020-02-22,1582383600
6086,R_3nH1Odp9Yjm86gN,RING,2020-02-22,1582383600
6087,R_3qqdzQnCaBYHx9o,SKIN_MOISTURIZER,2020-02-22,1582383600
6088,R_3rV7kPHe9hVsMee,MEDICATION,2020-02-22,1582383600
6089,R_3rYUVmCplPiAoJh,GROCERY,2020-02-22,1582383600
6090,R_3s60LmlFm5fAEP5,TRACTION_CLEAT,2020-02-22,1582383600
6091,R_3s60LmlFm5fAEP5,VACUUM_FILTER,2020-02-22,1582383600
6092,R_3socPWD3wXD0iDP,NUTRITIONAL_SUPPLEMENT,2020-02-22,1582383600
6093,R_6m1QCIXstgjIo4p,HAIR_COLORING_AGENT,2020-02-22,1582383600
6094,R_6m1QCIXstgjIo4p,GROCERY,2020-02-22,1582383600
6095,R_8CXcySQawXPuJwJ,PHYSICAL_MOVIE,2020-02-22,1582383600
6096,R_8CXcySQawXPuJwJ,ELECTRONIC_CABLE,2020-02-22,1582383600
6097,R_8CXcySQawXPuJwJ,SKIN_MOISTURIZER,2020-02-22,1582383600
6098,R_8CXcySQawXPuJwJ,BLOOD_OXYGEN_MONITOR,2020-02-22,1582383600
6099,R_8CXcySQawXPuJwJ,SHIRT,2020-02-22,1582383600
6100,R_8CXcySQawXPuJwJ,PANTS,2020-02-22,1582383600
6101,R_8CXcySQawXPuJwJ,PANTS,2020-02-22,1582383600
6102,R_8CXcySQawXPuJwJ,GROCERY,2020-02-22,1582383600
6103,R_8CXcySQawXPuJwJ,SHIRT,2020-02-22,1582383600
6104,R_8pMsG4P0RqzoSlz,BUNGEE_CORD,2020-02-22,1582383600
6105,R_8pMsG4P0RqzoSlz,HVAC_AIR_FILTER,2020-02-22,1582383600
6106,R_8vnpSkm79W7Jsv7,CHISEL,2020-02-22,1582383600
6107,R_AKBlDprDMrv4M7v,WATER_PUMP,2020-02-22,1582383600
6108,R_Ap2HcvpPLRDJv9L,CARRIER_BAG_CASE,2020-02-22,1582383600
6109,R_OdTirYYBS6ms6nn,SKIN_MOISTURIZER,2020-02-22,1582383600
6110,R_Og8sDefGp0SvLl7,ABIS_BOOK,2020-02-22,1582383600
6111,R_Og8sDefGp0SvLl7,DECORATIVE_RIBBON_TRIM,2020-02-22,1582383600
6112,R_Og8sDefGp0SvLl7,SHOELACE,2020-02-22,1582383600
6113,R_Og8sDefGp0SvLl7,OVERALLS,2020-02-22,1582383600
6114,R_R8FquFTs5uv64G5,ABIS_BOOK,2020-02-22,1582383600
6115,R_R8FquFTs5uv64G5,SKIN_CLEANING_AGENT,2020-02-22,1582383600
6116,R_R8FquFTs5uv64G5,DECORATIVE_PILLOW_COVER,2020-02-22,1582383600
6117,R_T5bktxnjxE8B7ON,ANIMAL_VITAMIN,2020-02-22,1582383600
6118,R_V1EWFs6tkv2DaMN,PET_FOOD,2020-02-22,1582383600
6119,R_WerZwuLkMK4zfVf,COSMETIC_SPONGE,2020-02-22,1582383600
6120,R_WerZwuLkMK4zfVf,SHIRT,2020-02-22,1582383600
6121,R_XwiCirQyfwJzVtv,PERSONAL_PILL_DISPENSER,2020-02-22,1582383600
6122,R_Z4qMkqhWSmIbdSh,WIG,2020-02-22,1582383600
6123,R_b8UnkZJoU93ZxEB,SHIRT,2020-02-22,1582383600
6124,R_b8UnkZJoU93ZxEB,NUTRITIONAL_SUPPLEMENT,2020-02-22,1582383600
6125,R_b8UnkZJoU93ZxEB,RIDE_ON_TOY,2020-02-22,1582383600
6126,R_d5O7dqvA1EWCrPb,ELECTRONIC_CABLE,2020-02-22,1582383600
6127,R_e387De1jF0gN2OB,MEDICATION,2020-02-22,1582383600
6128,R_e387De1jF0gN2OB,CELLULAR_PHONE_CASE,2020-02-22,1582383600
6129,R_e387De1jF0gN2OB,VITAMIN,2020-02-22,1582383600
6130,R_e387De1jF0gN2OB,DISHWARE_PLACE_SETTING,2020-02-22,1582383600
6131,R_e387De1jF0gN2OB,DIGITAL_DEVICE_3,2020-02-22,1582383600
6132,R_e387De1jF0gN2OB,SKIN_MOISTURIZER,2020-02-22,1582383600
6133,R_e387De1jF0gN2OB,DISHWARE_PLACE_SETTING,2020-02-22,1582383600
6134,R_e8KTElZZLWryLWp,SKIN_CLEANING_AGENT,2020-02-22,1582383600
6135,R_e8KTElZZLWryLWp,SHIRT,2020-02-22,1582383600
6136,R_e8KTElZZLWryLWp,PET_FOOD,2020-02-22,1582383600
6137,R_e8KTElZZLWryLWp,GROCERY,2020-02-22,1582383600
6138,R_eOMCliqYqUD4oOR,VITAMIN,2020-02-22,1582383600
6139,R_eOMCliqYqUD4oOR,CRAFT_WRAPPING_TISSUE_PAPER,2020-02-22,1582383600
6140,R_eOMCliqYqUD4oOR,SHIRT,2020-02-22,1582383600
6141,R_eOMCliqYqUD4oOR,SCREEN_PROTECTOR,2020-02-22,1582383600
6142,R_eg0ycbZcHEfhBAd,ELECTRIC_FAN,2020-02-22,1582383600
6143,R_eg0ycbZcHEfhBAd,SCREEN_PROTECTOR,2020-02-22,1582383600
6144,R_sotmrGe7Rv3U10J,CELLULAR_PHONE_CASE,2020-02-22,1582383600
6145,R_tXHOaasrDjYwLO9,BRA,2020-02-22,1582383600
6146,R_u94bdSj5JBe7WZb,SKIN_CLEANING_AGENT,2020-02-22,1582383600
6147,R_u99XwBV1boyooXT,GAMING_EQUIPMENT_ENCLOSURE,2020-02-22,1582383600
6148,R_u9qeol6zlUcq13j,PAJAMAS,2020-02-22,1582383600
6149,R_vYtQIbKQv9vFKuZ,TOYS_AND_GAMES,2020-02-22,1582383600
6150,R_vYtQIbKQv9vFKuZ,SNACK_FOOD_BAR,2020-02-22,1582383600
6151,R_vYtQIbKQv9vFKuZ,SCREEN_PROTECTOR,2020-02-22,1582383600
6152,R_w5bE96azoKnM6Ih,ELECTRONIC_CABLE,2020-02-22,1582383600
6153,R_xGwDp6qu8JCFdIJ,VITAMIN,2020-02-22,1582383600
6154,R_yC5ffbdBLVi93Pz,PERSONAL_COMPUTER,2020-02-22,1582383600
6155,R_yRaAO89bhwJb9xD,SKIN_MOISTURIZER,2020-02-22,1582383600
6156,R_zfnsck2ZatnGtY5,BATTERY,2020-02-22,1582383600
6157,R_zfnsck2ZatnGtY5,CORRECTION_MATERIAL,2020-02-22,1582383600
6158,R_zfnsck2ZatnGtY5,SOLAR_PANEL,2020-02-22,1582383600
6159,R_0f8u2tSB99LkgCt,PHYSICAL_MOVIE,2020-02-23,1582470000
6160,R_0f8u2tSB99LkgCt,VITAMIN,2020-02-23,1582470000
6161,R_0wCTiXC54rMN0J3,ABIS_BOOK,2020-02-23,1582470000
6162,R_10TA7pCDmelHi5H,HEADPHONES,2020-02-23,1582470000
6163,R_12QFQ7lCIls8sRd,LIGHT_BOX,2020-02-23,1582470000
6164,R_12QFQ7lCIls8sRd,SCREEN_PROTECTOR,2020-02-23,1582470000
6165,R_1C4nKyrv0w2thJn,VITAMIN,2020-02-23,1582470000
6166,R_1C4nKyrv0w2thJn,ABIS_BOOK,2020-02-23,1582470000
6167,R_1C4nKyrv0w2thJn,COSMETIC_SPONGE,2020-02-23,1582470000
6168,R_1C4nKyrv0w2thJn,SCREEN_PROTECTOR,2020-02-23,1582470000
6169,R_1C4nKyrv0w2thJn,NUTRITIONAL_SUPPLEMENT,2020-02-23,1582470000
6170,R_1C4nKyrv0w2thJn,SCREEN_PROTECTOR,2020-02-23,1582470000
6171,R_1C4nKyrv0w2thJn,ELECTRONIC_CABLE,2020-02-23,1582470000
6172,R_1C4nKyrv0w2thJn,SHIRT,2020-02-23,1582470000
6173,R_1C4nKyrv0w2thJn,NUTRITIONAL_SUPPLEMENT,2020-02-23,1582470000
6174,R_1C4nKyrv0w2thJn,SKIN_MOISTURIZER,2020-02-23,1582470000
6175,R_1C4nKyrv0w2thJn,ABIS_BOOK,2020-02-23,1582470000
6176,R_1C4nKyrv0w2thJn,TOYS_AND_GAMES,2020-02-23,1582470000
6177,R_1C4nKyrv0w2thJn,PANTS,2020-02-23,1582470000
6178,R_1C4nKyrv0w2thJn,HEADPHONES,2020-02-23,1582470000
6179,R_1C4nKyrv0w2thJn,HEALTH_PERSONAL_CARE,2020-02-23,1582470000
6180,R_1C4nKyrv0w2thJn,SKIN_CLEANING_AGENT,2020-02-23,1582470000
6181,R_1Fyt6rHyiQcVOT8,SHIRT,2020-02-23,1582470000
6182,R_1Fyt6rHyiQcVOT8,ENVELOPE,2020-02-23,1582470000
6183,R_1Fyt6rHyiQcVOT8,HEALTH_PERSONAL_CARE,2020-02-23,1582470000
6184,R_1Fyt6rHyiQcVOT8,ELECTRONIC_CABLE,2020-02-23,1582470000
6185,R_1Fyt6rHyiQcVOT8,SKIN_CLEANING_AGENT,2020-02-23,1582470000
6186,R_1IaQCAaU1CcbXWO,SHOES,2020-02-23,1582470000
6187,R_1LRR1P5IQqdSvIP,HOSIERY,2020-02-23,1582470000
6188,R_1LRR1P5IQqdSvIP,NUTRITIONAL_SUPPLEMENT,2020-02-23,1582470000
6189,R_1MY7yxvExjQWTkv,CELLULAR_PHONE_CASE,2020-02-23,1582470000
6190,R_1MY7yxvExjQWTkv,DIE_CUT_MACHINE,2020-02-23,1582470000
6191,R_1NDq0rxoUSu6oyz,PANTS,2020-02-23,1582470000
6192,R_1PUcgnVG2i0EBz4,SKIN_FOUNDATION_CONCEALER,2020-02-23,1582470000
6193,R_1PUcgnVG2i0EBz4,UNDERPANTS,2020-02-23,1582470000
6194,R_1PUcgnVG2i0EBz4,SHIRT,2020-02-23,1582470000
6195,R_1Q9JeeKncbbLcz0,SHIRT,2020-02-23,1582470000
6196,R_1Q9JeeKncbbLcz0,CHEWING_GUM,2020-02-23,1582470000
6197,R_1Q9JeeKncbbLcz0,BLOOD_OXYGEN_MONITOR,2020-02-23,1582470000
6198,R_1Q9JeeKncbbLcz0,WEARABLE_WEIGHT,2020-02-23,1582470000
6199,R_1Q9JeeKncbbLcz0,INSTRUMENT_PARTS_AND_ACCESSORIES,2020-02-23,1582470000
6200,R_1Q9JeeKncbbLcz0,BLOOD_OXYGEN_MONITOR,2020-02-23,1582470000
6201,R_1Q9JeeKncbbLcz0,ENVELOPE,2020-02-23,1582470000
6202,R_1Q9JeeKncbbLcz0,STICKER_DECAL,2020-02-23,1582470000
6203,R_1Q9JeeKncbbLcz0,DISHWARE_BOWL,2020-02-23,1582470000
6204,R_1Q9JeeKncbbLcz0,PET_FOOD,2020-02-23,1582470000
6205,R_1Q9JeeKncbbLcz0,SNACK_FOOD_BAR,2020-02-23,1582470000
6206,R_1Q9JeeKncbbLcz0,CELLULAR_PHONE_CASE,2020-02-23,1582470000
6207,R_1Q9JeeKncbbLcz0,HEALTH_PERSONAL_CARE,2020-02-23,1582470000
6208,R_1Q9JeeKncbbLcz0,ENVELOPE,2020-02-23,1582470000
6209,R_1Q9JeeKncbbLcz0,BICYCLE_BRAKE_PAD,2020-02-23,1582470000
6210,R_1Q9JeeKncbbLcz0,SHIRT,2020-02-23,1582470000
6211,R_1Q9JeeKncbbLcz0,THERMOS,2020-02-23,1582470000
6212,R_1QKu8qtvgo0d1uS,SHOES,2020-02-23,1582470000
6213,R_1QKu8qtvgo0d1uS,ABIS_BOOK,2020-02-23,1582470000
6214,R_1QKu8qtvgo0d1uS,HIP_FLASK,2020-02-23,1582470000
6215,R_1QKu8qtvgo0d1uS,CELLULAR_PHONE_CASE,2020-02-23,1582470000
6216,R_1QKu8qtvgo0d1uS,POOL_VACUUM,2020-02-23,1582470000
6217,R_1QKu8qtvgo0d1uS,SNACK_FOOD_BAR,2020-02-23,1582470000
6218,R_1QKu8qtvgo0d1uS,ABIS_BOOK,2020-02-23,1582470000
6219,R_1QKu8qtvgo0d1uS,SNACK_FOOD_BAR,2020-02-23,1582470000
6220,R_1QKu8qtvgo0d1uS,HEADPHONES,2020-02-23,1582470000
6221,R_1QKu8qtvgo0d1uS,PHYSICAL_MOVIE,2020-02-23,1582470000
6222,R_1QKu8qtvgo0d1uS,MEDICATION,2020-02-23,1582470000
6223,R_1QKu8qtvgo0d1uS,MAGAZINES,2020-02-23,1582470000
6224,R_1QKu8qtvgo0d1uS,VITAMIN,2020-02-23,1582470000
6225,R_1QKu8qtvgo0d1uS,BATTERY,2020-02-23,1582470000
6226,R_1QKu8qtvgo0d1uS,SHOES,2020-02-23,1582470000
6227,R_1dFu7LeBJE3Wd6p,ELECTRONIC_CABLE,2020-02-23,1582470000
6228,R_1dFu7LeBJE3Wd6p,RICE_COOKERS,2020-02-23,1582470000
6229,R_1dKBjc0UTA0ZiYb,PLAYARD,2020-02-23,1582470000
6230,R_1daE3vUDxFrSw4I,VITAMIN,2020-02-23,1582470000
6231,R_1daE3vUDxFrSw4I,HEALTH_PERSONAL_CARE,2020-02-23,1582470000
6232,R_1dlSByn2AyHWx7r,HVAC_CONTROL_THERMOSTAT,2020-02-23,1582470000
6233,R_1dppjLIFEdj7Kq5,NUTRITIONAL_SUPPLEMENT,2020-02-23,1582470000
6234,R_1dppjLIFEdj7Kq5,MILK_FROTHER,2020-02-23,1582470000
6235,R_1dppjLIFEdj7Kq5,PRINT_COPY_PAPER,2020-02-23,1582470000
6236,R_1escXXhyvAgsBYq,MULTIPORT_HUB,2020-02-23,1582470000
6237,R_1escXXhyvAgsBYq,PAW_HOOF_PROTECTOR,2020-02-23,1582470000
6238,R_1escXXhyvAgsBYq,GROCERY,2020-02-23,1582470000
6239,R_1escXXhyvAgsBYq,MEDICATION,2020-02-23,1582470000
6240,R_1escXXhyvAgsBYq,ABIS_BOOK,2020-02-23,1582470000
6241,R_1escXXhyvAgsBYq,ELECTRONIC_CABLE,2020-02-23,1582470000
6242,R_1escXXhyvAgsBYq,LAB_SUPPLY,2020-02-23,1582470000
6243,R_1escXXhyvAgsBYq,PAW_HOOF_PROTECTOR,2020-02-23,1582470000
6244,R_1escXXhyvAgsBYq,BATTERY,2020-02-23,1582470000
6245,R_1f1PzEZw8H2N4zm,ELECTRIC_SHAVER,2020-02-23,1582470000
6246,R_1gU6N4NRSwc9ONd,SKIN_MOISTURIZER,2020-02-23,1582470000
6247,R_1gU6N4NRSwc9ONd,HEALTH_PERSONAL_CARE,2020-02-23,1582470000
6248,R_1hMV4AHCk04WO5V,SNACK_FOOD_BAR,2020-02-23,1582470000
6249,R_1jNXwv23Py7NoXB,BATTERY,2020-02-23,1582470000
6250,R_1jUqdfR1Zz6mZMf,SKIN_CLEANING_AGENT,2020-02-23,1582470000
6251,R_1jUqdfR1Zz6mZMf,GROCERY,2020-02-23,1582470000
6252,R_1jUqdfR1Zz6mZMf,SKIN_MOISTURIZER,2020-02-23,1582470000
6253,R_1kYuVPgjXmEfSf8,VEHICLE_MAT,2020-02-23,1582470000
6254,R_1kYuVPgjXmEfSf8,TOY_FIGURE,2020-02-23,1582470000
6255,R_1kYuVPgjXmEfSf8,PANTS,2020-02-23,1582470000
6256,R_1luTSUbcBgaFCl6,TOILET_PAPER_HOLDER,2020-02-23,1582470000
6257,R_1luTSUbcBgaFCl6,PET_FOOD,2020-02-23,1582470000
6258,R_1luTSUbcBgaFCl6,SCREW_GUN,2020-02-23,1582470000
6259,R_1lxYa2W6GgcAQ19,PET_FOOD,2020-02-23,1582470000
6260,R_1pu4x2PBb4LrSWk,CLEANING_BRUSH,2020-02-23,1582470000
6261,R_1pu6yYPsuymsIIz,FISHING_ROD_REEL_COMBO,2020-02-23,1582470000
6262,R_1rPQIXSf3d1wvFO,VITAMIN,2020-02-23,1582470000
6263,R_20Yd9DvrGselmZY,SHIRT,2020-02-23,1582470000
6264,R_210tLKdUbUZuf7O,MOUTH_GUARD,2020-02-23,1582470000
6265,R_210tLKdUbUZuf7O,ANIMAL_WATER_DISPENSER,2020-02-23,1582470000
6266,R_210tLKdUbUZuf7O,CONTAINER_LID,2020-02-23,1582470000
6267,R_22DJIjS0M8yvaYO,KETTLEBELL,2020-02-23,1582470000
6268,R_22SxELlmhBQCe1C,MEDICATION,2020-02-23,1582470000
6269,R_22SxELlmhBQCe1C,SHOES,2020-02-23,1582470000
6270,R_22SxELlmhBQCe1C,KITCHEN,2020-02-23,1582470000
6271,R_24csoaO569P4Yzz,PET_SEAT,2020-02-23,1582470000
6272,R_24csoaO569P4Yzz,PET_FOOD,2020-02-23,1582470000
6273,R_24csoaO569P4Yzz,PET_FOOD,2020-02-23,1582470000
6274,R_24csoaO569P4Yzz,NUTRITIONAL_SUPPLEMENT,2020-02-23,1582470000
6275,R_24csoaO569P4Yzz,PET_SEAT,2020-02-23,1582470000
6276,R_25z5LHPaAsxktx7,VITAMIN,2020-02-23,1582470000
6277,R_25z5LHPaAsxktx7,PIPET,2020-02-23,1582470000
6278,R_25z5LHPaAsxktx7,NETWORK_INTERFACE_CONTROLLER_ADAPTER,2020-02-23,1582470000
6279,R_27B5jMHYqArQV6X,TOYS_AND_GAMES,2020-02-23,1582470000
6280,R_27g6uEEgxm7kwNu,ANIMAL_NUTRITIONAL_SUPPLEMENT,2020-02-23,1582470000
6281,R_27g6uEEgxm7kwNu,HEADPHONES,2020-02-23,1582470000
6282,R_27g6uEEgxm7kwNu,INSTRUMENT_PARTS_AND_ACCESSORIES,2020-02-23,1582470000
6283,R_27g6uEEgxm7kwNu,LAMINATOR,2020-02-23,1582470000
6284,R_2ASBFgthVbaGlF3,NUTRITIONAL_SUPPLEMENT,2020-02-23,1582470000
6285,R_2ASBFgthVbaGlF3,SCREEN_PROTECTOR,2020-02-23,1582470000
6286,R_2ASBFgthVbaGlF3,MEDICATION,2020-02-23,1582470000
6287,R_2ASBFgthVbaGlF3,COFFEE,2020-02-23,1582470000
6288,R_2ASBFgthVbaGlF3,HEADPHONES,2020-02-23,1582470000
6289,R_2D6v6VH3RC5ZGC4,ABIS_BOOK,2020-02-23,1582470000
6290,R_2E9JSBmmNNT5YMi,GROCERY,2020-02-23,1582470000
6291,R_2E9JSBmmNNT5YMi,PET_FOOD,2020-02-23,1582470000
6292,R_2EglJpTWGEiwQYa,SANDAL,2020-02-23,1582470000
6293,R_2EglJpTWGEiwQYa,BATTERY,2020-02-23,1582470000
6294,R_2EglJpTWGEiwQYa,NUTRITIONAL_SUPPLEMENT,2020-02-23,1582470000
6295,R_2EglJpTWGEiwQYa,HEADPHONES,2020-02-23,1582470000
6296,R_2EglJpTWGEiwQYa,PET_FOOD,2020-02-23,1582470000
6297,R_2R3ayuIYVgX07CZ,SKIN_MOISTURIZER,2020-02-23,1582470000
6298,R_2YR2Yn7wGzAeAj0,PAPER_TOWEL,2020-02-23,1582470000
6299,R_2YVQQRVSdj7M8Va,MEDICATION,2020-02-23,1582470000
6300,R_2YVQQRVSdj7M8Va,EXERCISE_STRAP,2020-02-23,1582470000
6301,R_2ZK5JH2NcMfnWuS,SKIN_MOISTURIZER,2020-02-23,1582470000
6302,R_2aKrOq0DBielcig,PET_FOOD,2020-02-23,1582470000
6303,R_2aldwxmUZox7Yfd,NUTRITIONAL_SUPPLEMENT,2020-02-23,1582470000
6304,R_2qqJ2Suzi2b36gJ,CHEWING_GUM,2020-02-23,1582470000
6305,R_2ri4RVtvkxnZzHj,SHOES,2020-02-23,1582470000
6306,R_2s5YO3cdqKDFyIM,CONDITIONER,2020-02-23,1582470000
6307,R_2uZDxTZAORBIW1o,FISH,2020-02-23,1582470000
6308,R_2uZDxTZAORBIW1o,ELECTRONIC_CABLE,2020-02-23,1582470000
6309,R_2uZDxTZAORBIW1o,SKIN_MOISTURIZER,2020-02-23,1582470000
6310,R_2vYeXyFdrSyrVwh,SHOES,2020-02-23,1582470000
6311,R_2w4cgTg4Pio3rhs,CARRIER_BAG_CASE,2020-02-23,1582470000
6312,R_2w4cgTg4Pio3rhs,BOARD_GAME,2020-02-23,1582470000
6313,R_2xzc7JBNEgYNAqY,SKIN_CLEANING_AGENT,2020-02-23,1582470000
6314,R_2xzc7JBNEgYNAqY,ABIS_BOOK,2020-02-23,1582470000
6315,R_2xzc7JBNEgYNAqY,SKIN_CLEANING_AGENT,2020-02-23,1582470000
6316,R_2xzc7JBNEgYNAqY,ABIS_BOOK,2020-02-23,1582470000
6317,R_2xzc7JBNEgYNAqY,SNACK_FOOD_BAR,2020-02-23,1582470000
6318,R_2z7rLZb69WuqDdf,HARDWARE_TUBING,2020-02-23,1582470000
6319,R_2z7rLZb69WuqDdf,MATTRESS,2020-02-23,1582470000
6320,R_2z7rLZb69WuqDdf,BATTERY,2020-02-23,1582470000
6321,R_31QS1Ms6iQEU3mI,SHIRT,2020-02-23,1582470000
6322,R_31ZxYxyOSie94bK,CHAINSAW_CHAIN,2020-02-23,1582470000
6323,R_31ZxYxyOSie94bK,DRINK_FLAVORED,2020-02-23,1582470000
6324,R_31ZxYxyOSie94bK,PET_FOOD,2020-02-23,1582470000
6325,R_31ZxYxyOSie94bK,SNACK_FOOD_BAR,2020-02-23,1582470000
6326,R_31ZxYxyOSie94bK,WIRE,2020-02-23,1582470000
6327,R_31ZxYxyOSie94bK,COOKIE,2020-02-23,1582470000
6328,R_31ZxYxyOSie94bK,SNACK_FOOD_BAR,2020-02-23,1582470000
6329,R_31ZxYxyOSie94bK,PRETZEL,2020-02-23,1582470000
6330,R_32WvdLjYpicai6o,ANIMAL_NUTRITIONAL_SUPPLEMENT,2020-02-23,1582470000
6331,R_3D8fwycJF7eksBo,ASTRINGENT_SUBSTANCE,2020-02-23,1582470000
6332,R_3EQ2dhEXGhy72Xx,DOORSTOP,2020-02-23,1582470000
6333,R_3EQ2dhEXGhy72Xx,MASCARA,2020-02-23,1582470000
6334,R_3EQ2dhEXGhy72Xx,SHOES,2020-02-23,1582470000
6335,R_3Em4Q2OBHB3m5rz,SHOES,2020-02-23,1582470000
6336,R_3Em4Q2OBHB3m5rz,PHYSICAL_MOVIE,2020-02-23,1582470000
6337,R_3G1gYo1d23Zq8Np,SHOES,2020-02-23,1582470000
6338,R_3G7BILj5lidHb8M,SCREEN_PROTECTOR,2020-02-23,1582470000
6339,R_3HLKIA2u3ZnY9lM,SKIN_MOISTURIZER,2020-02-23,1582470000
6340,R_3HLKIA2u3ZnY9lM,UNINTERRUPTIBLE_POWER_SUPPLY,2020-02-23,1582470000
6341,R_3IQQB0Dtvv9riqZ,SHIRT,2020-02-23,1582470000
6342,R_3IQQB0Dtvv9riqZ,SELF_STICK_NOTE,2020-02-23,1582470000
6343,R_3JJfhp7Z7vUO8K2,VITAMIN,2020-02-23,1582470000
6344,R_3JJfhp7Z7vUO8K2,ABIS_BOOK,2020-02-23,1582470000
6345,R_3JJfhp7Z7vUO8K2,NIGHTGOWN_NIGHTSHIRT,2020-02-23,1582470000
6346,R_3JnjKsPAuFGDhrx,ABIS_MUSIC,2020-02-23,1582470000
6347,R_3JnjKsPAuFGDhrx,SKIN_MOISTURIZER,2020-02-23,1582470000
6348,R_3Jxiicg67etW2yt,GROCERY,2020-02-23,1582470000
6349,R_3Jxiicg67etW2yt,SCREEN_PROTECTOR,2020-02-23,1582470000
6350,R_3Jxiicg67etW2yt,BINDER_DIVIDER,2020-02-23,1582470000
6351,R_3Jxiicg67etW2yt,PANTS,2020-02-23,1582470000
6352,R_3Jxiicg67etW2yt,SNACK_FOOD_BAR,2020-02-23,1582470000
6353,R_3Jxiicg67etW2yt,SKIN_MOISTURIZER,2020-02-23,1582470000
6354,R_3Jxiicg67etW2yt,BATTERY,2020-02-23,1582470000
6355,R_3Jxiicg67etW2yt,BINDER_DIVIDER,2020-02-23,1582470000
6356,R_3Jxiicg67etW2yt,NUTRITIONAL_SUPPLEMENT,2020-02-23,1582470000
6357,R_3NCfhSJSgGWexUL,NUTRITIONAL_SUPPLEMENT,2020-02-23,1582470000
6358,R_3NCfhSJSgGWexUL,TOYS_AND_GAMES,2020-02-23,1582470000
6359,R_3NCfhSJSgGWexUL,SUGAR,2020-02-23,1582470000
6360,R_3NCfhSJSgGWexUL,TOYS_AND_GAMES,2020-02-23,1582470000
6361,R_3NCfhSJSgGWexUL,PET_FOOD,2020-02-23,1582470000
6362,R_3NFhCSnuJa54Jn3,SNACK_FOOD_BAR,2020-02-23,1582470000
6363,R_3NFhCSnuJa54Jn3,PERSONAL_FLOTATION_DEVICE,2020-02-23,1582470000
6364,R_3Ny7LIDPzlosF9p,CURTAIN,2020-02-23,1582470000
6365,R_3Ny7LIDPzlosF9p,HEADPHONES,2020-02-23,1582470000
6366,R_3Ny7LIDPzlosF9p,PHYSICAL_MOVIE,2020-02-23,1582470000
6367,R_3OdXDDGsG2bvbXb,SCREEN_PROTECTOR,2020-02-23,1582470000
6368,R_3PAyJj7mQvMzMco,VITAMIN,2020-02-23,1582470000
6369,R_3PjlivvZHpECDkS,MEDICATION,2020-02-23,1582470000
6370,R_3dVMhrjV0qUkHSh,HEADPHONES,2020-02-23,1582470000
6371,R_3dVMhrjV0qUkHSh,LUGGAGE,2020-02-23,1582470000
6372,R_3dVMhrjV0qUkHSh,VITAMIN,2020-02-23,1582470000
6373,R_3eehQVQNcKmEJtd,SKIN_CLEANING_AGENT,2020-02-23,1582470000
6374,R_3enuyEOsaEVxTNX,BOTTLE,2020-02-23,1582470000
6375,R_3mm166mlwrLpf6y,ABIS_BOOK,2020-02-23,1582470000
6376,R_3mm166mlwrLpf6y,SNACK_FOOD_BAR,2020-02-23,1582470000
6377,R_3mm166mlwrLpf6y,GROCERY,2020-02-23,1582470000
6378,R_3mm166mlwrLpf6y,CELLULAR_PHONE_CASE,2020-02-23,1582470000
6379,R_3pmeuOmzM4r5gMS,SATELLITE_OR_DSS,2020-02-23,1582470000
6380,R_3qPt2VOIZdr6Kio,CELLULAR_PHONE_CASE,2020-02-23,1582470000
6381,R_3qPt2VOIZdr6Kio,PHYSICAL_MOVIE,2020-02-23,1582470000
6382,R_3qTFp0FJqUeMhVZ,CELLULAR_PHONE_CASE,2020-02-23,1582470000
6383,R_3qTFp0FJqUeMhVZ,FIGURINE,2020-02-23,1582470000
6384,R_3qTFp0FJqUeMhVZ,NUTRITIONAL_SUPPLEMENT,2020-02-23,1582470000
6385,R_3qTFp0FJqUeMhVZ,SHOES,2020-02-23,1582470000
6386,R_3qTFp0FJqUeMhVZ,VEHICLE_MAT,2020-02-23,1582470000
6387,R_3qe2tDpGxexEAso,DAIRY_BASED_CHEESE,2020-02-23,1582470000
6388,R_4PhRzF4UI9ooLh7,ABIS_BOOK,2020-02-23,1582470000
6389,R_5oK9SmlCA2Td9rb,HEADPHONES,2020-02-23,1582470000
6390,R_5oK9SmlCA2Td9rb,PET_FOOD,2020-02-23,1582470000
6391,R_5uabKnJBMc7HyEN,SKIN_MOISTURIZER,2020-02-23,1582470000
6392,R_8CXcySQawXPuJwJ,ELECTRONIC_CABLE,2020-02-23,1582470000
6393,R_8pMsG4P0RqzoSlz,MEDICATION,2020-02-23,1582470000
6394,R_9yOmfJyU0rNZGW5,SKIN_MOISTURIZER,2020-02-23,1582470000
6395,R_AKBlDprDMrv4M7v,SNACK_FOOD_BAR,2020-02-23,1582470000
6396,R_BWhnv4EdbhSS6rf,TOYS_AND_GAMES,2020-02-23,1582470000
6397,R_BWhnv4EdbhSS6rf,SCREEN_PROTECTOR,2020-02-23,1582470000
6398,R_C46bB8ihQWceG9r,BED_LINEN_SET,2020-02-23,1582470000
6399,R_C46bB8ihQWceG9r,SNACK_FOOD_BAR,2020-02-23,1582470000
6400,R_Djcs43mP6ReoYgN,NUTRITIONAL_SUPPLEMENT,2020-02-23,1582470000
6401,R_O6ZX76mggPnAOfD,SKIN_MOISTURIZER,2020-02-23,1582470000
6402,R_OdTirYYBS6ms6nn,SCREEN_PROTECTOR,2020-02-23,1582470000
6403,R_PuLRXv7pUO3cLzX,PET_FOOD,2020-02-23,1582470000
6404,R_Q6WPHvxgbOBjvZ7,GROCERY,2020-02-23,1582470000
6405,R_Q6WPHvxgbOBjvZ7,SHIRT,2020-02-23,1582470000
6406,R_Q6WPHvxgbOBjvZ7,SHIRT,2020-02-23,1582470000
6407,R_Q6WPHvxgbOBjvZ7,SNACK_FOOD_BAR,2020-02-23,1582470000
6408,R_Q6WPHvxgbOBjvZ7,BINDER_DIVIDER,2020-02-23,1582470000
6409,R_RPruSl134deuxOh,SHIRT,2020-02-23,1582470000
6410,R_RPruSl134deuxOh,TOYS_AND_GAMES,2020-02-23,1582470000
6411,R_RPruSl134deuxOh,BATTERY,2020-02-23,1582470000
6412,R_RPudbSO1mm9KZSp,PET_FOOD,2020-02-23,1582470000
6413,R_TmUTipQ7flj3x5f,SKIN_SERUM,2020-02-23,1582470000
6414,R_V1EWFs6tkv2DaMN,NUTRITIONAL_SUPPLEMENT,2020-02-23,1582470000
6415,R_V1EWFs6tkv2DaMN,PHYSICAL_TV_SERIES,2020-02-23,1582470000
6416,R_V1EWFs6tkv2DaMN,SCREEN_PROTECTOR,2020-02-23,1582470000
6417,R_Y4jCkfTFzvtw5SF,MEDICATION,2020-02-23,1582470000
6418,R_Y4jCkfTFzvtw5SF,BRA,2020-02-23,1582470000
6419,R_Y4jCkfTFzvtw5SF,SNACK_FOOD_BAR,2020-02-23,1582470000
6420,R_Y4jCkfTFzvtw5SF,PET_FOOD,2020-02-23,1582470000
6421,R_bJI8lmXMZWL6oql,ABIS_BOOK,2020-02-23,1582470000
6422,R_bJI8lmXMZWL6oql,CLEANING_AGENT,2020-02-23,1582470000
6423,R_bJI8lmXMZWL6oql,SCREEN_PROTECTOR,2020-02-23,1582470000
6424,R_bJI8lmXMZWL6oql,PHYSICAL_MOVIE,2020-02-23,1582470000
6425,R_bJI8lmXMZWL6oql,MEDICATION,2020-02-23,1582470000
6426,R_bK5PUvc46zAxoQN,VITAMIN,2020-02-23,1582470000
6427,R_bK5PUvc46zAxoQN,PANTS,2020-02-23,1582470000
6428,R_bPzwAFdlVaA87Vn,WALLET,2020-02-23,1582470000
6429,R_pGDKh38nCQ4KsMx,THERMOMETER,2020-02-23,1582470000
6430,R_sGohXmtT8TjLibT,MEDICATION,2020-02-23,1582470000
6431,R_sGohXmtT8TjLibT,ELECTRONIC_CABLE,2020-02-23,1582470000
6432,R_sotmrGe7Rv3U10J,NUTRITIONAL_SUPPLEMENT,2020-02-23,1582470000
6433,R_u2EdYogSnJBrpex,SKIN_MOISTURIZER,2020-02-23,1582470000
6434,R_u2EdYogSnJBrpex,SHOES,2020-02-23,1582470000
6435,R_u2EdYogSnJBrpex,GROCERY,2020-02-23,1582470000
6436,R_u2EdYogSnJBrpex,SHARP_PIN,2020-02-23,1582470000
6437,R_u2EdYogSnJBrpex,NUTRITIONAL_SUPPLEMENT,2020-02-23,1582470000
6438,R_u2EdYogSnJBrpex,CELLULAR_PHONE_CASE,2020-02-23,1582470000
6439,R_u2EdYogSnJBrpex,SNACK_FOOD_BAR,2020-02-23,1582470000
6440,R_u99XwBV1boyooXT,SHOES,2020-02-23,1582470000
6441,R_u99XwBV1boyooXT,PET_FOOD,2020-02-23,1582470000
6442,R_u99XwBV1boyooXT,TOYS_AND_GAMES,2020-02-23,1582470000
6443,R_u99XwBV1boyooXT,CONDIMENT,2020-02-23,1582470000
6444,R_u9qeol6zlUcq13j,HEALTH_PERSONAL_CARE,2020-02-23,1582470000
6445,R_u9qeol6zlUcq13j,NUTRITIONAL_SUPPLEMENT,2020-02-23,1582470000
6446,R_vYtQIbKQv9vFKuZ,SCREEN_PROTECTOR,2020-02-23,1582470000
6447,R_xc0AiqTlV5cTvZn,SCREEN_PROTECTOR,2020-02-23,1582470000
6448,R_0D6GtQwa6VcnXpv,FIRST_AID_KIT,2020-02-24,1582556400
6449,R_0D6GtQwa6VcnXpv,CELLULAR_PHONE_CASE,2020-02-24,1582556400
6450,R_0D6GtQwa6VcnXpv,PORTABLE_ELECTRONIC_DEVICE_COVER,2020-02-24,1582556400
6451,R_0D6GtQwa6VcnXpv,PHYSICAL_MOVIE,2020-02-24,1582556400
6452,R_0D6GtQwa6VcnXpv,CELLULAR_PHONE,2020-02-24,1582556400
6453,R_0D6GtQwa6VcnXpv,PANTS,2020-02-24,1582556400
6454,R_0InTWTWokrqzy3n,BATTERY,2020-02-24,1582556400
6455,R_0pRmRjHkwStzNQJ,DRINKING_CUP,2020-02-24,1582556400
6456,R_10CAlrx7dbJty9R,HERBAL_SUPPLEMENT,2020-02-24,1582556400
6457,R_10CAlrx7dbJty9R,WIPER_BLADE,2020-02-24,1582556400
6458,R_1C75XRebT1eliL0,ABIS_BOOK,2020-02-24,1582556400
6459,R_1C8t1JAe5Wo7sSl,SCREEN_PROTECTOR,2020-02-24,1582556400
6460,R_1C8t1JAe5Wo7sSl,CYCLING_TIRE_TUBE,2020-02-24,1582556400
6461,R_1C8t1JAe5Wo7sSl,UNDERPANTS,2020-02-24,1582556400
6462,R_1C8w4NDDQC5fcgE,HEALTH_PERSONAL_CARE,2020-02-24,1582556400
6463,R_1CDqTWLWIk642Vp,PORTABLE_ELECTRONIC_DEVICE_MOUNT,2020-02-24,1582556400
6464,R_1CIQjlABWt7jZWc,KEYCHAIN,2020-02-24,1582556400
6465,R_1Fb4EL4IE75q7lf,BATTERY,2020-02-24,1582556400
6466,R_1GWHQwmLGiIkYBH,GROCERY,2020-02-24,1582556400
6467,R_1GWHQwmLGiIkYBH,BATTERY,2020-02-24,1582556400
6468,R_1GWHQwmLGiIkYBH,AIMING_SCOPE_SIGHT,2020-02-24,1582556400
6469,R_1JDhRjAMiEkIuKT,PHYSICAL_MOVIE,2020-02-24,1582556400
6470,R_1LMa9REuvUok05j,RICE_MIX,2020-02-24,1582556400
6471,R_1OJZKQM4ZrHncBJ,STORAGE_RACK,2020-02-24,1582556400
6472,R_1OJZKQM4ZrHncBJ,PET_SUPPLIES,2020-02-24,1582556400
6473,R_1OJZKQM4ZrHncBJ,SKIN_CLEANING_AGENT,2020-02-24,1582556400
6474,R_1Q9JeeKncbbLcz0,SNACK_FOOD_BAR,2020-02-24,1582556400
6475,R_1Q9JeeKncbbLcz0,HEADPHONES,2020-02-24,1582556400
6476,R_1Q9JeeKncbbLcz0,SHOES,2020-02-24,1582556400
6477,R_1QKu8qtvgo0d1uS,BATTERY,2020-02-24,1582556400
6478,R_1daE3vUDxFrSw4I,ELECTRONIC_CABLE,2020-02-24,1582556400
6479,R_1dyqbVnXomwItTl,SHOES,2020-02-24,1582556400
6480,R_1hLPyY3aamfi3xT,PET_FOOD,2020-02-24,1582556400
6481,R_1jARg5bGH5uqAKW,TOYS_AND_GAMES,2020-02-24,1582556400
6482,R_1jARg5bGH5uqAKW,ABIS_BOOK,2020-02-24,1582556400
6483,R_1jARg5bGH5uqAKW,BATTERY,2020-02-24,1582556400
6484,R_1jARg5bGH5uqAKW,SHOES,2020-02-24,1582556400
6485,R_1jO4s7oht3pyKEc,SYRINGE,2020-02-24,1582556400
6486,R_1mQrQ5EFGvbBRLb,CELLULAR_PHONE_CASE,2020-02-24,1582556400
6487,R_1oFRyes3ggnKU4B,PORTABLE_AUDIO,2020-02-24,1582556400
6488,R_1q4eVtHN10S5gPB,SECURITY_ELECTRONICS,2020-02-24,1582556400
6489,R_1q4eVtHN10S5gPB,TIRE_VALVE_STEM_CAP,2020-02-24,1582556400
6490,R_1roTOelTygZr5G8,FIGURINE,2020-02-24,1582556400
6491,R_20Yd9DvrGselmZY,FABRIC_SOFTENER,2020-02-24,1582556400
6492,R_210tLKdUbUZuf7O,SHIRT,2020-02-24,1582556400
6493,R_210tLKdUbUZuf7O,HEADPHONES,2020-02-24,1582556400
6494,R_210tLKdUbUZuf7O,SHIRT,2020-02-24,1582556400
6495,R_210tLKdUbUZuf7O,PANTS,2020-02-24,1582556400
6496,R_210tLKdUbUZuf7O,SKIN_CLEANING_AGENT,2020-02-24,1582556400
6497,R_210tLKdUbUZuf7O,NUTRITIONAL_SUPPLEMENT,2020-02-24,1582556400
6498,R_22QYpfx86KSwry8,PET_TOY,2020-02-24,1582556400
6499,R_22SxELlmhBQCe1C,ELECTRONIC_CABLE,2020-02-24,1582556400
6500,R_22SxELlmhBQCe1C,CELLULAR_PHONE_CASE,2020-02-24,1582556400
6501,R_22SxELlmhBQCe1C,MEDICATION,2020-02-24,1582556400
6502,R_22mMopWqAj09mQc,SKIN_MOISTURIZER,2020-02-24,1582556400
6503,R_24HjnyxNZEm32Xb,HEALTH_PERSONAL_CARE,2020-02-24,1582556400
6504,R_24HjnyxNZEm32Xb,PROFESSIONAL_HEALTHCARE,2020-02-24,1582556400
6505,R_24csoaO569P4Yzz,PHYSICAL_MOVIE,2020-02-24,1582556400
6506,R_24csoaO569P4Yzz,MEDICATION,2020-02-24,1582556400
6507,R_24dbGLxukEKohG6,SKIN_MOISTURIZER,2020-02-24,1582556400
6508,R_24dbGLxukEKohG6,SPORT_NET,2020-02-24,1582556400
6509,R_24dbGLxukEKohG6,TOYS_AND_GAMES,2020-02-24,1582556400
6510,R_24dbGLxukEKohG6,VITAMIN,2020-02-24,1582556400
6511,R_24dbGLxukEKohG6,GROCERY,2020-02-24,1582556400
6512,R_24dbGLxukEKohG6,PICTURE_FRAME,2020-02-24,1582556400
6513,R_24dbGLxukEKohG6,MEDICATION,2020-02-24,1582556400
6514,R_25SbPPTyE45YzXP,SNACK_FOOD_BAR,2020-02-24,1582556400
6515,R_25SbPPTyE45YzXP,SHOES,2020-02-24,1582556400
6516,R_25SbPPTyE45YzXP,PHYSICAL_MOVIE,2020-02-24,1582556400
6517,R_25SbPPTyE45YzXP,ELECTRONIC_CABLE,2020-02-24,1582556400
6518,R_25thHabUddjXGzt,SHIRT,2020-02-24,1582556400
6519,R_279ENCaNyRMf98u,PERSONAL_FRAGRANCE,2020-02-24,1582556400
6520,R_27DL80quzRiSEmq,ELECTRONIC_CABLE,2020-02-24,1582556400
6521,R_2AXcJk6rRN4M33l,PANTS,2020-02-24,1582556400
6522,R_2AXcJk6rRN4M33l,SKIN_MOISTURIZER,2020-02-24,1582556400
6523,R_2AXcJk6rRN4M33l,PANTS,2020-02-24,1582556400
6524,R_2AXcJk6rRN4M33l,TOYS_AND_GAMES,2020-02-24,1582556400
6525,R_2AXcJk6rRN4M33l,TOYS_AND_GAMES,2020-02-24,1582556400
6526,R_2AXcJk6rRN4M33l,HERBAL_SUPPLEMENT,2020-02-24,1582556400
6527,R_2AXcJk6rRN4M33l,BAKING_MIX,2020-02-24,1582556400
6528,R_2CpozrevorP48sb,SNACK_FOOD_BAR,2020-02-24,1582556400
6529,R_2DSmjafbkSAict9,PET_FOOD,2020-02-24,1582556400
6530,R_2DSmjafbkSAict9,MEDICATION,2020-02-24,1582556400
6531,R_2DSmjafbkSAict9,ROBE,2020-02-24,1582556400
6532,R_2DSmjafbkSAict9,PANTS,2020-02-24,1582556400
6533,R_2DV0bsqugjyav1y,HAIR_TRIMMER,2020-02-24,1582556400
6534,R_2EglJpTWGEiwQYa,ELECTRONIC_CABLE,2020-02-24,1582556400
6535,R_2EglJpTWGEiwQYa,STROLLER,2020-02-24,1582556400
6536,R_2EglJpTWGEiwQYa,UNDERPANTS,2020-02-24,1582556400
6537,R_2EglJpTWGEiwQYa,FOOD,2020-02-24,1582556400
6538,R_2EglJpTWGEiwQYa,SCREEN_PROTECTOR,2020-02-24,1582556400
6539,R_2EglJpTWGEiwQYa,PET_FOOD,2020-02-24,1582556400
6540,R_2EglJpTWGEiwQYa,SNACK_FOOD_BAR,2020-02-24,1582556400
6541,R_2EglJpTWGEiwQYa,COSTUME_MASK,2020-02-24,1582556400
6542,R_2EglJpTWGEiwQYa,SHOES,2020-02-24,1582556400
6543,R_2EglJpTWGEiwQYa,NUTRITIONAL_SUPPLEMENT,2020-02-24,1582556400
6544,R_2EglJpTWGEiwQYa,VITAMIN,2020-02-24,1582556400
6545,R_2EglJpTWGEiwQYa,SHOES,2020-02-24,1582556400
6546,R_2EglJpTWGEiwQYa,BATTERY,2020-02-24,1582556400
6547,R_2EglJpTWGEiwQYa,SANDAL,2020-02-24,1582556400
6548,R_2OOq3ysdOS3TtBd,SHOES,2020-02-24,1582556400
6549,R_2OOq3ysdOS3TtBd,TRANSPORT_RACK,2020-02-24,1582556400
6550,R_2Pd2JtrvgaRUFB3,PHYSICAL_MOVIE,2020-02-24,1582556400
6551,R_2QXq900Df6biUD7,BATTERY,2020-02-24,1582556400
6552,R_2QXq900Df6biUD7,INPUT_PEN,2020-02-24,1582556400
6553,R_2R20tGsAciB0E9U,ABIS_BOOK,2020-02-24,1582556400
6554,R_2UgruQ1jzpNXLQZ,HEADPHONES,2020-02-24,1582556400
6555,R_2VwjXhJ5OznStEi,TOYS_AND_GAMES,2020-02-24,1582556400
6556,R_2WVIxBGaj1uOr8S,NUTRITIONAL_SUPPLEMENT,2020-02-24,1582556400
6557,R_2WVIxBGaj1uOr8S,HEALTH_PERSONAL_CARE,2020-02-24,1582556400
6558,R_2XoI6KbLJRGFz5X,FRUIT,2020-02-24,1582556400
6559,R_2YR2Yn7wGzAeAj0,SHIRT,2020-02-24,1582556400
6560,R_2YR2Yn7wGzAeAj0,PET_FOOD,2020-02-24,1582556400
6561,R_2YVQQRVSdj7M8Va,SNACK_FOOD_BAR,2020-02-24,1582556400
6562,R_2YVQQRVSdj7M8Va,PACKING_MATERIAL,2020-02-24,1582556400
6563,R_2YVQQRVSdj7M8Va,MEDICATION,2020-02-24,1582556400
6564,R_2ZEoREY3x7s7zEM,BICYCLE_DERAILLEUR,2020-02-24,1582556400
6565,R_2b1XOZR0PYTA1jX,SKIN_MOISTURIZER,2020-02-24,1582556400
6566,R_2dvh9tu7PLPeipE,SNACK_FOOD_BAR,2020-02-24,1582556400
6567,R_2dxMXdrOUumZV2I,OUTDOOR_LIVING,2020-02-24,1582556400
6568,R_2e9e8lhWqVtpb7m,BATTERY,2020-02-24,1582556400
6569,R_2e9e8lhWqVtpb7m,NUTRITIONAL_SUPPLEMENT,2020-02-24,1582556400
6570,R_2e9e8lhWqVtpb7m,MANUAL_SHAVING_RAZOR,2020-02-24,1582556400
6571,R_2e9e8lhWqVtpb7m,FOOD_STORAGE_CONTAINER,2020-02-24,1582556400
6572,R_2e9e8lhWqVtpb7m,NUTRITIONAL_SUPPLEMENT,2020-02-24,1582556400
6573,R_2e9e8lhWqVtpb7m,MEDICATION,2020-02-24,1582556400
6574,R_2e9e8lhWqVtpb7m,PAW_HOOF_PROTECTOR,2020-02-24,1582556400
6575,R_2e9e8lhWqVtpb7m,SHIRT,2020-02-24,1582556400
6576,R_2e9e8lhWqVtpb7m,ABIS_GIFT_CARD,2020-02-24,1582556400
6577,R_2e9e8lhWqVtpb7m,ELECTRONIC_CABLE,2020-02-24,1582556400
6578,R_2e9e8lhWqVtpb7m,SPRAY_BOTTLE,2020-02-24,1582556400
6579,R_2e9e8lhWqVtpb7m,BATTERY,2020-02-24,1582556400
6580,R_2e9e8lhWqVtpb7m,CABLE_TIE,2020-02-24,1582556400
6581,R_2e9e8lhWqVtpb7m,PHYSICAL_MOVIE,2020-02-24,1582556400
6582,R_2e9e8lhWqVtpb7m,SPRAY_BOTTLE,2020-02-24,1582556400
6583,R_2mAJniG0xVBIInL,HEALTH_PERSONAL_CARE,2020-02-24,1582556400
6584,R_2mAJniG0xVBIInL,PHYSICAL_MOVIE,2020-02-24,1582556400
6585,R_2mAJniG0xVBIInL,PACKING_MATERIAL,2020-02-24,1582556400
6586,R_2q2hekIiutgInrE,SHOES,2020-02-24,1582556400
6587,R_2rIQ3xPfAH7KF8A,SCREEN_PROTECTOR,2020-02-24,1582556400
6588,R_2rOPRiLTdvFrJFq,SHIRT,2020-02-24,1582556400
6589,R_2rOPRiLTdvFrJFq,BATH_SAFETY_SEATING,2020-02-24,1582556400
6590,R_2rOPRiLTdvFrJFq,BATTERY,2020-02-24,1582556400
6591,R_2rOPRiLTdvFrJFq,TOOTH_WHITENER,2020-02-24,1582556400
6592,R_2rOPRiLTdvFrJFq,SKIN_MOISTURIZER,2020-02-24,1582556400
6593,R_2rOPRiLTdvFrJFq,ABIS_GIFT_CARD,2020-02-24,1582556400
6594,R_2rOPRiLTdvFrJFq,ABIS_GIFT_CARD,2020-02-24,1582556400
6595,R_2rVp4uDv9fYIfdd,WEAPON_CASE,2020-02-24,1582556400
6596,R_2rVp4uDv9fYIfdd,NUTRITIONAL_SUPPLEMENT,2020-02-24,1582556400
6597,R_2rVp4uDv9fYIfdd,CELLULAR_PHONE_CASE,2020-02-24,1582556400
6598,R_2rVp4uDv9fYIfdd,BATTERY,2020-02-24,1582556400
6599,R_2s5YO3cdqKDFyIM,PET_FOOD,2020-02-24,1582556400
6600,R_2uZDxTZAORBIW1o,PET_FOOD,2020-02-24,1582556400
6601,R_2uZDxTZAORBIW1o,NOODLE,2020-02-24,1582556400
6602,R_2ugDyrE1yi1FjvH,SHOE_INSERT,2020-02-24,1582556400
6603,R_2w4cgTg4Pio3rhs,VITAMIN,2020-02-24,1582556400
6604,R_2wmLE1q4FIpfioi,PET_FOOD,2020-02-24,1582556400
6605,R_2zSlTKG9lhZH3r9,BRACELET,2020-02-24,1582556400
6606,R_2ze9t15YGQDJxR3,SHOWERHEAD,2020-02-24,1582556400
6607,R_2ze9t15YGQDJxR3,BATTERY,2020-02-24,1582556400
6608,R_2ze9t15YGQDJxR3,SHOWERHEAD,2020-02-24,1582556400
6609,R_301uq7vv7YTe7qQ,WALLET,2020-02-24,1582556400
6610,R_32MgYCncUh7NkQE,SPORT_ACTIVITY_GLOVE,2020-02-24,1582556400
6611,R_32MgYCncUh7NkQE,HEADPHONES,2020-02-24,1582556400
6612,R_32MgYCncUh7NkQE,PANTS,2020-02-24,1582556400
6613,R_32MgYCncUh7NkQE,BATTERY,2020-02-24,1582556400
6614,R_32MgYCncUh7NkQE,CRAFT_HOOP_FRAME,2020-02-24,1582556400
6615,R_32MgYCncUh7NkQE,SKIN_CLEANING_AGENT,2020-02-24,1582556400
6616,R_32RSCpvF0PqDFBp,NOODLE,2020-02-24,1582556400
6617,R_32RSCpvF0PqDFBp,TOYS_AND_GAMES,2020-02-24,1582556400
6618,R_32RSCpvF0PqDFBp,DOWNLOADABLE_VIDEO_GAME,2020-02-24,1582556400
6619,R_32RSCpvF0PqDFBp,PORTABLE_ELECTRONIC_DEVICE_COVER,2020-02-24,1582556400
6620,R_32UZncFA03IrQwQ,SKIN_MOISTURIZER,2020-02-24,1582556400
6621,R_32WvdLjYpicai6o,SKIN_MOISTURIZER,2020-02-24,1582556400
6622,R_33jcUkAZ8knoq82,SCREEN_PROTECTOR,2020-02-24,1582556400
6623,R_33jcUkAZ8knoq82,PANTS,2020-02-24,1582556400
6624,R_33jcUkAZ8knoq82,PHYSICAL_MOVIE,2020-02-24,1582556400
6625,R_3CKmnc9zwNPauw5,ABIS_BOOK,2020-02-24,1582556400
6626,R_3CKmnc9zwNPauw5,KNIFE,2020-02-24,1582556400
6627,R_3D7xJuXSy25PXbg,SHORTS,2020-02-24,1582556400
6628,R_3D8fwycJF7eksBo,SNACK_FOOD_BAR,2020-02-24,1582556400
6629,R_3EF2sOVmTNA4e3u,SCREEN_PROTECTOR,2020-02-24,1582556400
6630,R_3EQ2dhEXGhy72Xx,MASCARA,2020-02-24,1582556400
6631,R_3EQ2dhEXGhy72Xx,SKIN_CLEANING_AGENT,2020-02-24,1582556400
6632,R_3EQ2dhEXGhy72Xx,BATTERY,2020-02-24,1582556400
6633,R_3G1gYo1d23Zq8Np,HEADPHONES,2020-02-24,1582556400
6634,R_3GBSX5xvcH0uSyx,HEADPHONES,2020-02-24,1582556400
6635,R_3GCXgWFPLgXAuFC,SKIN_MOISTURIZER,2020-02-24,1582556400
6636,R_3GCXgWFPLgXAuFC,BODY_DEODORANT,2020-02-24,1582556400
6637,R_3Ge2RzIsoM2g5lL,SHIRT,2020-02-24,1582556400
6638,R_3GqfePl8gH1VWP1,SCREEN_PROTECTOR,2020-02-24,1582556400
6639,R_3GqfePl8gH1VWP1,HEALTH_PERSONAL_CARE,2020-02-24,1582556400
6640,R_3J8UIMbwljBx6df,VITAMIN,2020-02-24,1582556400
6641,R_3J8UIMbwljBx6df,ABIS_BOOK,2020-02-24,1582556400
6642,R_3J8UIMbwljBx6df,PHYSICAL_MOVIE,2020-02-24,1582556400
6643,R_3KpaTa6zCZitiZG,LAMINATOR,2020-02-24,1582556400
6644,R_3KpaTa6zCZitiZG,MEDICATION,2020-02-24,1582556400
6645,R_3KpaTa6zCZitiZG,TOYS_AND_GAMES,2020-02-24,1582556400
6646,R_3KpaTa6zCZitiZG,GROCERY,2020-02-24,1582556400
6647,R_3LXRVZSdJiqH63S,COSTUME_MASK,2020-02-24,1582556400
6648,R_3M0euO2kPnoHrdt,VITAMIN,2020-02-24,1582556400
6649,R_3M0euO2kPnoHrdt,HEALTH_PERSONAL_CARE,2020-02-24,1582556400
6650,R_3M0euO2kPnoHrdt,SKIN_MOISTURIZER,2020-02-24,1582556400
6651,R_3M0euO2kPnoHrdt,BATTERY,2020-02-24,1582556400
6652,R_3M0euO2kPnoHrdt,SKIN_CLEANING_AGENT,2020-02-24,1582556400
6653,R_3M0euO2kPnoHrdt,UTILITY_MAGNET,2020-02-24,1582556400
6654,R_3M0euO2kPnoHrdt,MEDICATION,2020-02-24,1582556400
6655,R_3M0euO2kPnoHrdt,BATTERY,2020-02-24,1582556400
6656,R_3M0euO2kPnoHrdt,SELF_TANNER,2020-02-24,1582556400
6657,R_3M0euO2kPnoHrdt,GROCERY,2020-02-24,1582556400
6658,R_3M3RSZ7wNRSaxNx,HEADPHONES,2020-02-24,1582556400
6659,R_3M4EntiuPSB1ZJO,BOXING_GLOVE,2020-02-24,1582556400
6660,R_3MMW2ivCFCtjHIe,NUT_AND_SEED,2020-02-24,1582556400
6661,R_3MMW2ivCFCtjHIe,SAUCE,2020-02-24,1582556400
6662,R_3MMW2ivCFCtjHIe,POTABLE_WATER_FILTER,2020-02-24,1582556400
6663,R_3MMW2ivCFCtjHIe,SNACK_FOOD_BAR,2020-02-24,1582556400
6664,R_3MMW2ivCFCtjHIe,HEADPHONES,2020-02-24,1582556400
6665,R_3MhBAq6V6XHU9ln,HVAC_AIR_FILTER,2020-02-24,1582556400
6666,R_3MyEdXOZ8P75S1V,JUICE_AND_JUICE_DRINK,2020-02-24,1582556400
6667,R_3MyEdXOZ8P75S1V,NAVIGATION_COMPASS,2020-02-24,1582556400
6668,R_3MyEdXOZ8P75S1V,SIGNAGE,2020-02-24,1582556400
6669,R_3PUi8o2if0JqKfl,PANTS,2020-02-24,1582556400
6670,R_3PUi8o2if0JqKfl,TRIVET,2020-02-24,1582556400
6671,R_3enuyEOsaEVxTNX,TOYS_AND_GAMES,2020-02-24,1582556400
6672,R_3enuyEOsaEVxTNX,BOTTLE,2020-02-24,1582556400
6673,R_3enuyEOsaEVxTNX,NUTRITIONAL_SUPPLEMENT,2020-02-24,1582556400
6674,R_3fcOMdQm2jGBLKm,SHIRT,2020-02-24,1582556400
6675,R_3lXswIAy7Qq6UEZ,BATTERY,2020-02-24,1582556400
6676,R_3lYUnPKDsGA54tw,ABIS_BOOK,2020-02-24,1582556400
6677,R_3lt1ZPBv09u1seD,ELECTRONIC_CABLE,2020-02-24,1582556400
6678,R_3mm166mlwrLpf6y,HARDWARE,2020-02-24,1582556400
6679,R_3mm166mlwrLpf6y,SHOES,2020-02-24,1582556400
6680,R_3nqGVGe1oo00hRC,CELLULAR_PHONE_CASE,2020-02-24,1582556400
6681,R_3nqGVGe1oo00hRC,PHYSICAL_MOVIE,2020-02-24,1582556400
6682,R_3oB0VIIWn6ZnPjN,BATTERY,2020-02-24,1582556400
6683,R_3pm4Od2kUSXlZgY,MUSICAL_INSTRUMENT_STRING,2020-02-24,1582556400
6684,R_3rV7kPHe9hVsMee,HEALTH_PERSONAL_CARE,2020-02-24,1582556400
6685,R_3rZHdmB75jSgwhr,NUTRITIONAL_SUPPLEMENT,2020-02-24,1582556400
6686,R_3s02y9lg8GCo9q0,SHOES,2020-02-24,1582556400
6687,R_5uabKnJBMc7HyEN,ANIMAL_INCONTINENCE_PROTECTOR,2020-02-24,1582556400
6688,R_5uabKnJBMc7HyEN,SHAMPOO,2020-02-24,1582556400
6689,R_5uabKnJBMc7HyEN,BATTERY,2020-02-24,1582556400
6690,R_5uabKnJBMc7HyEN,SKIN_CLEANING_AGENT,2020-02-24,1582556400
6691,R_5uabKnJBMc7HyEN,VITAMIN,2020-02-24,1582556400
6692,R_5uabKnJBMc7HyEN,VITAMIN,2020-02-24,1582556400
6693,R_5uabKnJBMc7HyEN,COMPUTER_SPEAKER,2020-02-24,1582556400
6694,R_5uabKnJBMc7HyEN,WASTE_BAG,2020-02-24,1582556400
6695,R_5uabKnJBMc7HyEN,SNACK_FOOD_BAR,2020-02-24,1582556400
6696,R_5uabKnJBMc7HyEN,BATTERY,2020-02-24,1582556400
6697,R_5uabKnJBMc7HyEN,OUTDOOR_RECREATION_PRODUCT,2020-02-24,1582556400
6698,R_5uabKnJBMc7HyEN,ICE_CUBE_TRAY,2020-02-24,1582556400
6699,R_5uabKnJBMc7HyEN,TOYS_AND_GAMES,2020-02-24,1582556400
6700,R_5uabKnJBMc7HyEN,PET_FOOD,2020-02-24,1582556400
6701,R_5uabKnJBMc7HyEN,TRAY,2020-02-24,1582556400
6702,R_5uabKnJBMc7HyEN,ICE_CUBE_TRAY,2020-02-24,1582556400
6703,R_5uabKnJBMc7HyEN,SKIN_MOISTURIZER,2020-02-24,1582556400
6704,R_5uabKnJBMc7HyEN,TOYS_AND_GAMES,2020-02-24,1582556400
6705,R_5uabKnJBMc7HyEN,ANIMAL_INCONTINENCE_PROTECTOR,2020-02-24,1582556400
6706,R_5uabKnJBMc7HyEN,DRYING_RACK,2020-02-24,1582556400
6707,R_5uabKnJBMc7HyEN,FACIAL_TISSUE,2020-02-24,1582556400
6708,R_5uabKnJBMc7HyEN,ANTI_FATIGUE_FLOOR_MAT,2020-02-24,1582556400
6709,R_5uabKnJBMc7HyEN,HEALTH_PERSONAL_CARE,2020-02-24,1582556400
6710,R_5uabKnJBMc7HyEN,HEADPHONES,2020-02-24,1582556400
6711,R_5uabKnJBMc7HyEN,TOILET_PAPER_HOLDER,2020-02-24,1582556400
6712,R_5uabKnJBMc7HyEN,PANTS,2020-02-24,1582556400
6713,R_5uabKnJBMc7HyEN,SHIRT,2020-02-24,1582556400
6714,R_5uabKnJBMc7HyEN,PHYSICAL_MOVIE,2020-02-24,1582556400
6715,R_5uabKnJBMc7HyEN,OUTBUILDING,2020-02-24,1582556400
6716,R_5uabKnJBMc7HyEN,PET_FOOD,2020-02-24,1582556400
6717,R_5uabKnJBMc7HyEN,OUTDOOR_RECREATION_PRODUCT,2020-02-24,1582556400
6718,R_5uabKnJBMc7HyEN,TOYS_AND_GAMES,2020-02-24,1582556400
6719,R_5uabKnJBMc7HyEN,TRAY,2020-02-24,1582556400
6720,R_5uabKnJBMc7HyEN,SHAMPOO,2020-02-24,1582556400
6721,R_5uabKnJBMc7HyEN,SCREEN_PROTECTOR,2020-02-24,1582556400
6722,R_5uabKnJBMc7HyEN,NUTRITIONAL_SUPPLEMENT,2020-02-24,1582556400
6723,R_5uabKnJBMc7HyEN,SKIN_CLEANING_WIPE,2020-02-24,1582556400
6724,R_5uabKnJBMc7HyEN,OUTBUILDING,2020-02-24,1582556400
6725,R_5uabKnJBMc7HyEN,TRAY,2020-02-24,1582556400
6726,R_5uabKnJBMc7HyEN,PHYSICAL_MOVIE,2020-02-24,1582556400
6727,R_5uabKnJBMc7HyEN,ABIS_ELECTRONICS,2020-02-24,1582556400
6728,R_5uabKnJBMc7HyEN,VITAMIN,2020-02-24,1582556400
6729,R_5uabKnJBMc7HyEN,SKIN_CLEANING_AGENT,2020-02-24,1582556400
6730,R_5uabKnJBMc7HyEN,ICE_CUBE_TRAY,2020-02-24,1582556400
6731,R_6SbhJD23U5a2YJX,GROCERY,2020-02-24,1582556400
6732,R_6m1QCIXstgjIo4p,PET_FEEDER,2020-02-24,1582556400
6733,R_9L8Lum5AaHh6bq9,HEADPHONES,2020-02-24,1582556400
6734,R_9L8Lum5AaHh6bq9,FLAVORED_DRINK_CONCENTRATE,2020-02-24,1582556400
6735,R_9L8Lum5AaHh6bq9,BLOOD_PRESSURE_MONITOR,2020-02-24,1582556400
6736,R_9ppTjfBQZZs42WJ,PHYSICAL_MOVIE,2020-02-24,1582556400
6737,R_9yOmfJyU0rNZGW5,PHYSICAL_MOVIE,2020-02-24,1582556400
6738,R_A0ZwhLeBVySdW8N,BATTERY,2020-02-24,1582556400
6739,R_A0ZwhLeBVySdW8N,UTILITY_KNIFE,2020-02-24,1582556400
6740,R_A1CRADYHwN0zQL7,BATTERY,2020-02-24,1582556400
6741,R_A1CRADYHwN0zQL7,VEHICLE_BODY_PANEL,2020-02-24,1582556400
6742,R_A5Mg9h1PiJL0Wyd,PET_FOOD,2020-02-24,1582556400
6743,R_A5Mg9h1PiJL0Wyd,SUGAR_CANDY,2020-02-24,1582556400
6744,R_AKBlDprDMrv4M7v,HEALTH_PERSONAL_CARE,2020-02-24,1582556400
6745,R_AKBlDprDMrv4M7v,SHOES,2020-02-24,1582556400
6746,R_BWhnv4EdbhSS6rf,PANTS,2020-02-24,1582556400
6747,R_BWhnv4EdbhSS6rf,MEDICATION,2020-02-24,1582556400
6748,R_BWhnv4EdbhSS6rf,FLAVORED_DRINK_CONCENTRATE,2020-02-24,1582556400
6749,R_BWhnv4EdbhSS6rf,SNACK_FOOD_BAR,2020-02-24,1582556400
6750,R_BWhnv4EdbhSS6rf,SKIN_CLEANING_AGENT,2020-02-24,1582556400
6751,R_BWhnv4EdbhSS6rf,CELLULAR_PHONE_CASE,2020-02-24,1582556400
6752,R_BWhnv4EdbhSS6rf,GUITARS,2020-02-24,1582556400
6753,R_BWhnv4EdbhSS6rf,TOYS_AND_GAMES,2020-02-24,1582556400
6754,R_BWhnv4EdbhSS6rf,PANTS,2020-02-24,1582556400
6755,R_BWhnv4EdbhSS6rf,TOYS_AND_GAMES,2020-02-24,1582556400
6756,R_DBhzVeGIG4SLSYV,MEDICATION,2020-02-24,1582556400
6757,R_DBhzVeGIG4SLSYV,MEDICATION,2020-02-24,1582556400
6758,R_DBhzVeGIG4SLSYV,SKIN_CLEANING_AGENT,2020-02-24,1582556400
6759,R_O6ZX76mggPnAOfD,SCREEN_PROTECTOR,2020-02-24,1582556400
6760,R_Q6WPHvxgbOBjvZ7,NUTRITIONAL_SUPPLEMENT,2020-02-24,1582556400
6761,R_Q6WPHvxgbOBjvZ7,TOOL_CHUCK,2020-02-24,1582556400
6762,R_Q6WPHvxgbOBjvZ7,VITAMIN,2020-02-24,1582556400
6763,R_Q6WPHvxgbOBjvZ7,BABY_PRODUCT,2020-02-24,1582556400
6764,R_Q6WPHvxgbOBjvZ7,SKIN_CLEANING_AGENT,2020-02-24,1582556400
6765,R_RPruSl134deuxOh,HEADPHONES,2020-02-24,1582556400
6766,R_RPudbSO1mm9KZSp,HEADPHONES,2020-02-24,1582556400
6767,R_SVHcBOlErkMEJjP,GROCERY,2020-02-24,1582556400
6768,R_SVHcBOlErkMEJjP,MEDICATION,2020-02-24,1582556400
6769,R_T5bktxnjxE8B7ON,PHYSICAL_MOVIE,2020-02-24,1582556400
6770,R_UVM6YBvaArzpRjb,AIMING_SCOPE_SIGHT,2020-02-24,1582556400
6771,R_UVM6YBvaArzpRjb,NUTRITIONAL_SUPPLEMENT,2020-02-24,1582556400
6772,R_V1EWFs6tkv2DaMN,DRINK_FLAVORED,2020-02-24,1582556400
6773,R_XuCuybjxPer1OeJ,GROCERY,2020-02-24,1582556400
6774,R_ZkokwdIEZybYo9z,DRINK_FLAVORED,2020-02-24,1582556400
6775,R_b14mPI2m0e5yH9D,ELECTRONIC_ADAPTER,2020-02-24,1582556400
6776,R_b8UnkZJoU93ZxEB,NUTRITIONAL_SUPPLEMENT,2020-02-24,1582556400
6777,R_b8UnkZJoU93ZxEB,DRINKING_CUP,2020-02-24,1582556400
6778,R_pRWnSKTREPIwpSF,HEADPHONES,2020-02-24,1582556400
6779,R_r1oTDkv1OlGnNuN,CAMERA_LENS_FILTERS,2020-02-24,1582556400
6780,R_r1qqClBL89aFjXP,HARDWARE_TUBING,2020-02-24,1582556400
6781,R_xc0AiqTlV5cTvZn,PET_FOOD,2020-02-24,1582556400
6782,R_yC5ffbdBLVi93Pz,HEALTH_PERSONAL_CARE,2020-02-24,1582556400
6783,R_yC5ffbdBLVi93Pz,PERSONAL_COMPUTER,2020-02-24,1582556400
6784,R_zTf2i6s3E2OQZQR,SNACK_FOOD_BAR,2020-02-24,1582556400
6785,R_10AtO7bUfe8iWYK,SNACK_FOOD_BAR,2020-02-25,1582642800
6786,R_10AtO7bUfe8iWYK,VITAMIN,2020-02-25,1582642800
6787,R_10AtO7bUfe8iWYK,SKIN_MOISTURIZER,2020-02-25,1582642800
6788,R_10AtO7bUfe8iWYK,MEDICATION,2020-02-25,1582642800
6789,R_1C4nKyrv0w2thJn,BICYCLE_TRAINER,2020-02-25,1582642800
6790,R_1C4nKyrv0w2thJn,SUNSCREEN,2020-02-25,1582642800
6791,R_1C4nKyrv0w2thJn,SHIRT,2020-02-25,1582642800
6792,R_1C4nKyrv0w2thJn,FLAVORED_DRINK_CONCENTRATE,2020-02-25,1582642800
6793,R_1C8w4NDDQC5fcgE,PLANT_SEED,2020-02-25,1582642800
6794,R_1CDqTWLWIk642Vp,INKJET_PRINTER_INK,2020-02-25,1582642800
6795,R_1DJ4QJgrJwK7g3Y,SCREEN_PROTECTOR,2020-02-25,1582642800
6796,R_1DJdUrYA1I0QAKh,SKIN_MOISTURIZER,2020-02-25,1582642800
6797,R_1GWwhndoXXJDzDA,GARMENT_STEAMER,2020-02-25,1582642800
6798,R_1LRR1P5IQqdSvIP,VEHICLE_WRAP,2020-02-25,1582642800
6799,R_1M5mnTcAVcSRcli,SHIRT,2020-02-25,1582642800
6800,R_1Q9JeeKncbbLcz0,SKIN_CLEANING_AGENT,2020-02-25,1582642800
6801,R_1Q9JeeKncbbLcz0,PHYSICAL_MOVIE,2020-02-25,1582642800
6802,R_1Q9JeeKncbbLcz0,CELLULAR_PHONE_CASE,2020-02-25,1582642800
6803,R_1Q9JeeKncbbLcz0,ANIMAL_COLLAR,2020-02-25,1582642800
6804,R_1Q9JeeKncbbLcz0,FISHING_HOOK,2020-02-25,1582642800
6805,R_1QKu8qtvgo0d1uS,VITAMIN,2020-02-25,1582642800
6806,R_1dFu7LeBJE3Wd6p,SNACK_FOOD_BAR,2020-02-25,1582642800
6807,R_1dFu7LeBJE3Wd6p,VITAMIN,2020-02-25,1582642800
6808,R_1dyqbVnXomwItTl,PAINT,2020-02-25,1582642800
6809,R_1eLARPfQt7BNOE7,VITAMIN,2020-02-25,1582642800
6810,R_1eLARPfQt7BNOE7,HEADPHONES,2020-02-25,1582642800
6811,R_1eLARPfQt7BNOE7,SKIN_CLEANING_AGENT,2020-02-25,1582642800
6812,R_1eLARPfQt7BNOE7,GROCERY,2020-02-25,1582642800
6813,R_1hLPyY3aamfi3xT,TOYS_AND_GAMES,2020-02-25,1582642800
6814,R_1hLPyY3aamfi3xT,SPEAKER_AMPLIFIER_STAND,2020-02-25,1582642800
6815,R_1hLPyY3aamfi3xT,SHIRT,2020-02-25,1582642800
6816,R_1hLPyY3aamfi3xT,BODY_DEODORANT,2020-02-25,1582642800
6817,R_1i8uPeiHVhFcQB8,PHYSICAL_MOVIE,2020-02-25,1582642800
6818,R_1jZkLNE1JdtyVpH,SNACK_CHIP_AND_CRISP,2020-02-25,1582642800
6819,R_1jdLI5cWhAhAzSB,BREAKFAST_CEREAL,2020-02-25,1582642800
6820,R_1jdLI5cWhAhAzSB,BATTERY,2020-02-25,1582642800
6821,R_1jdLI5cWhAhAzSB,HOSE_PIPE_FITTING,2020-02-25,1582642800
6822,R_1kIbViWVBImEaHV,ELECTRONIC_CABLE,2020-02-25,1582642800
6823,R_1kIbViWVBImEaHV,SHIRT,2020-02-25,1582642800
6824,R_1kYuVPgjXmEfSf8,DRINKING_CUP,2020-02-25,1582642800
6825,R_1lsgykNxEU4BXTI,WALL_ART,2020-02-25,1582642800
6826,R_1lsgykNxEU4BXTI,TABLECLOTH,2020-02-25,1582642800
6827,R_1lsgykNxEU4BXTI,GROCERY,2020-02-25,1582642800
6828,R_1lxYa2W6GgcAQ19,ABIS_BOOK,2020-02-25,1582642800
6829,R_1mQrQ5EFGvbBRLb,TWEEZER,2020-02-25,1582642800
6830,R_1mQrQ5EFGvbBRLb,PANTS,2020-02-25,1582642800
6831,R_1obwpb6iowh7vew,ABIS_BOOK,2020-02-25,1582642800
6832,R_1owkdABF1wNKFKI,WALL_PLATE,2020-02-25,1582642800
6833,R_1owkdABF1wNKFKI,SHOWER_CAP,2020-02-25,1582642800
6834,R_1pKZVLBbrpZM8bP,CHISEL,2020-02-25,1582642800
6835,R_1pKZVLBbrpZM8bP,SNACK_FOOD_BAR,2020-02-25,1582642800
6836,R_1pKZVLBbrpZM8bP,VITAMIN,2020-02-25,1582642800
6837,R_1pKZVLBbrpZM8bP,SHOES,2020-02-25,1582642800
6838,R_1pKZVLBbrpZM8bP,PET_FOOD,2020-02-25,1582642800
6839,R_1pm2Wo5wrQSY0Gm,PET_FOOD,2020-02-25,1582642800
6840,R_1q4eVtHN10S5gPB,ELECTRONIC_CABLE,2020-02-25,1582642800
6841,R_1q7AvsyRPpTSWFi,GROCERY,2020-02-25,1582642800
6842,R_1roTOelTygZr5G8,WRITING_INSTRUMENT,2020-02-25,1582642800
6843,R_1roTOelTygZr5G8,EYEWEAR,2020-02-25,1582642800
6844,R_1roTOelTygZr5G8,CLOTHES_RACK,2020-02-25,1582642800
6845,R_20Yd9DvrGselmZY,ELECTRONIC_CABLE,2020-02-25,1582642800
6846,R_210tLKdUbUZuf7O,ELECTRONIC_CABLE,2020-02-25,1582642800
6847,R_21uibgT9dgqRD9J,SCREEN_PROTECTOR,2020-02-25,1582642800
6848,R_21uibgT9dgqRD9J,MEDICATION,2020-02-25,1582642800
6849,R_21uibgT9dgqRD9J,SKIN_MOISTURIZER,2020-02-25,1582642800
6850,R_22SxELlmhBQCe1C,VITAMIN,2020-02-25,1582642800
6851,R_24MKoSmvuiLEI76,HEADPHONES,2020-02-25,1582642800
6852,R_24MKoSmvuiLEI76,WALKING_STICK,2020-02-25,1582642800
6853,R_24csoaO569P4Yzz,SNACK_FOOD_BAR,2020-02-25,1582642800
6854,R_24csoaO569P4Yzz,VITAMIN,2020-02-25,1582642800
6855,R_24csoaO569P4Yzz,SNACK_FOOD_BAR,2020-02-25,1582642800
6856,R_24csoaO569P4Yzz,PEST_CONTROL_DEVICE,2020-02-25,1582642800
6857,R_24csoaO569P4Yzz,HANDLE_GRIP,2020-02-25,1582642800
6858,R_24csoaO569P4Yzz,FOOD_MIXER,2020-02-25,1582642800
6859,R_24csoaO569P4Yzz,TABLETOP_GAME,2020-02-25,1582642800
6860,R_24csoaO569P4Yzz,HANDLE_GRIP,2020-02-25,1582642800
6861,R_24csoaO569P4Yzz,HANDLE_GRIP,2020-02-25,1582642800
6862,R_24csoaO569P4Yzz,SKIN_MOISTURIZER,2020-02-25,1582642800
6863,R_24csoaO569P4Yzz,PANTS,2020-02-25,1582642800
6864,R_24csoaO569P4Yzz,FOOD_MIXER,2020-02-25,1582642800
6865,R_24csoaO569P4Yzz,SHIRT,2020-02-25,1582642800
6866,R_24csoaO569P4Yzz,SCREEN_PROTECTOR,2020-02-25,1582642800
6867,R_24csoaO569P4Yzz,PANTS,2020-02-25,1582642800
6868,R_24csoaO569P4Yzz,ABIS_BOOK,2020-02-25,1582642800
6869,R_25thHabUddjXGzt,INCONTINENCE_PROTECTOR,2020-02-25,1582642800
6870,R_25thHabUddjXGzt,HEADPHONES,2020-02-25,1582642800
6871,R_25thHabUddjXGzt,INTERNAL_MEMORY,2020-02-25,1582642800
6872,R_25thHabUddjXGzt,ELECTRONIC_CABLE,2020-02-25,1582642800
6873,R_25thHabUddjXGzt,SCREEN_PROTECTOR,2020-02-25,1582642800
6874,R_25thHabUddjXGzt,BATTERY,2020-02-25,1582642800
6875,R_273TMGuLM3jXisi,SKIN_CLEANING_AGENT,2020-02-25,1582642800
6876,R_273TMGuLM3jXisi,MEDICATION,2020-02-25,1582642800
6877,R_277i50HinKYVoY9,VITAMIN,2020-02-25,1582642800
6878,R_277i50HinKYVoY9,SNACK_FOOD_BAR,2020-02-25,1582642800
6879,R_277i50HinKYVoY9,SEASONING,2020-02-25,1582642800
6880,R_277i50HinKYVoY9,VITAMIN,2020-02-25,1582642800
6881,R_277i50HinKYVoY9,TOYS_AND_GAMES,2020-02-25,1582642800
6882,R_277i50HinKYVoY9,EDUCATIONAL_SUPPLIES,2020-02-25,1582642800
6883,R_277i50HinKYVoY9,ELECTRONIC_CABLE,2020-02-25,1582642800
6884,R_277i50HinKYVoY9,SHIRT,2020-02-25,1582642800
6885,R_277i50HinKYVoY9,ELECTRONIC_CABLE,2020-02-25,1582642800
6886,R_27ydwfqncX77Mnd,SKIN_CLEANING_AGENT,2020-02-25,1582642800
6887,R_27ydwfqncX77Mnd,APPENDAGE_WARMER,2020-02-25,1582642800
6888,R_29tZUWisKTCWczv,CELLULAR_PHONE_CASE,2020-02-25,1582642800
6889,R_29tZUWisKTCWczv,PHYSICAL_MOVIE,2020-02-25,1582642800
6890,R_29tZUWisKTCWczv,PET_FOOD,2020-02-25,1582642800
6891,R_29tZUWisKTCWczv,SNACK_FOOD_BAR,2020-02-25,1582642800
6892,R_2AXcJk6rRN4M33l,HERBAL_SUPPLEMENT,2020-02-25,1582642800
6893,R_2AXcJk6rRN4M33l,PANTS,2020-02-25,1582642800
6894,R_2AXcJk6rRN4M33l,SOUS_VIDE_MACHINE,2020-02-25,1582642800
6895,R_2AXrxS8YlU9cken,NUTRITIONAL_SUPPLEMENT,2020-02-25,1582642800
6896,R_2AXrxS8YlU9cken,RING,2020-02-25,1582642800
6897,R_2AXrxS8YlU9cken,TOYS_AND_GAMES,2020-02-25,1582642800
6898,R_2CPzjeQqe1GCW73,PILLOW,2020-02-25,1582642800
6899,R_2CPzjeQqe1GCW73,NUTRITIONAL_SUPPLEMENT,2020-02-25,1582642800
6900,R_2CPzjeQqe1GCW73,PET_FOOD,2020-02-25,1582642800
6901,R_2CPzjeQqe1GCW73,GROCERY,2020-02-25,1582642800
6902,R_2EglJpTWGEiwQYa,SKIN_CLEANING_AGENT,2020-02-25,1582642800
6903,R_2EglJpTWGEiwQYa,SKIN_MOISTURIZER,2020-02-25,1582642800
6904,R_2EglJpTWGEiwQYa,DISHWARE_PLATE,2020-02-25,1582642800
6905,R_2EglJpTWGEiwQYa,GROCERY,2020-02-25,1582642800
6906,R_2QQl58nFfrZayxf,HEADPHONES,2020-02-25,1582642800
6907,R_2QQl58nFfrZayxf,SCREEN_PROTECTOR,2020-02-25,1582642800
6908,R_2UgruQ1jzpNXLQZ,CELLULAR_PHONE_CASE,2020-02-25,1582642800
6909,R_2UgruQ1jzpNXLQZ,PUPPET,2020-02-25,1582642800
6910,R_2UgruQ1jzpNXLQZ,LAWN_MOWER,2020-02-25,1582642800
6911,R_2UgruQ1jzpNXLQZ,LAWN_MOWER,2020-02-25,1582642800
6912,R_2VC0DIxeSbfkTsv,SKIN_CLEANING_AGENT,2020-02-25,1582642800
6913,R_2XoI6KbLJRGFz5X,SCREEN_PROTECTOR,2020-02-25,1582642800
6914,R_2XoI6KbLJRGFz5X,PHYSICAL_MOVIE,2020-02-25,1582642800
6915,R_2XoI6KbLJRGFz5X,HAIR_STYLING_AGENT,2020-02-25,1582642800
6916,R_2XoI6KbLJRGFz5X,SHIRT,2020-02-25,1582642800
6917,R_2XoI6KbLJRGFz5X,BATTERY,2020-02-25,1582642800
6918,R_2YeJ7ZNQ5xBFmxw,HEALTH_PERSONAL_CARE,2020-02-25,1582642800
6919,R_2b1XOZR0PYTA1jX,PET_FOOD,2020-02-25,1582642800
6920,R_2bTLZFP7p4CPlTT,ELECTRONIC_CABLE,2020-02-25,1582642800
6921,R_2cBADxleVyzT89z,SHIRT,2020-02-25,1582642800
6922,R_2dGCaOSuAKevfs7,EARRING,2020-02-25,1582642800
6923,R_2dGCaOSuAKevfs7,TOYS_AND_GAMES,2020-02-25,1582642800
6924,R_2dY2NzAgp2digAs,HEADPHONES,2020-02-25,1582642800
6925,R_2e9e8lhWqVtpb7m,CABLE_TIE,2020-02-25,1582642800
6926,R_2ebzj3o225IisIQ,NUTRITIONAL_SUPPLEMENT,2020-02-25,1582642800
6927,R_2fD6Jy2muMgaubH,HEADPHONES,2020-02-25,1582642800
6928,R_2fIpcmjmR7iDqYo,SHIRT,2020-02-25,1582642800
6929,R_2uZDxTZAORBIW1o,TOYS_AND_GAMES,2020-02-25,1582642800
6930,R_2ugDyrE1yi1FjvH,HEALTH_PERSONAL_CARE,2020-02-25,1582642800
6931,R_2ugDyrE1yi1FjvH,PROFESSIONAL_HEALTHCARE,2020-02-25,1582642800
6932,R_2wmLE1q4FIpfioi,BREAST_PETAL,2020-02-25,1582642800
6933,R_2yjckpDXWcsiLPz,SKIN_MOISTURIZER,2020-02-25,1582642800
6934,R_3093m6Spz9VzxAK,PET_FOOD,2020-02-25,1582642800
6935,R_3093m6Spz9VzxAK,SOUND_AND_RECORDING_EQUIPMENT,2020-02-25,1582642800
6936,R_3093m6Spz9VzxAK,MEDICATION,2020-02-25,1582642800
6937,R_3093m6Spz9VzxAK,PICNIC_HOLDER,2020-02-25,1582642800
6938,R_31SNC0DcyjBDcq3,HVAC_AIR_FILTER,2020-02-25,1582642800
6939,R_31ixLIfyf3xt0RM,MEDICATION,2020-02-25,1582642800
6940,R_31ycQ8SiOEF1cUN,ABIS_BOOK,2020-02-25,1582642800
6941,R_31ycQ8SiOEF1cUN,SHOES,2020-02-25,1582642800
6942,R_31ycQ8SiOEF1cUN,VEHICLE_LIGHT_ASSEMBLY,2020-02-25,1582642800
6943,R_32UZncFA03IrQwQ,LEASH,2020-02-25,1582642800
6944,R_338AsE7QedeQ72w,DECORATIVE_MAGNET,2020-02-25,1582642800
6945,R_338AsE7QedeQ72w,DECORATIVE_MAGNET,2020-02-25,1582642800
6946,R_338AsE7QedeQ72w,PHYSICAL_MOVIE,2020-02-25,1582642800
6947,R_3D8fwycJF7eksBo,SKIN_CLEANING_AGENT,2020-02-25,1582642800
6948,R_3D8fwycJF7eksBo,DIMENSIONAL_MEASUREMENT_CALIPER,2020-02-25,1582642800
6949,R_3ElHoNUS8Tyu7RP,MEDICATION,2020-02-25,1582642800
6950,R_3ElHoNUS8Tyu7RP,APPAREL,2020-02-25,1582642800
6951,R_3ElHoNUS8Tyu7RP,ABIS_BOOK,2020-02-25,1582642800
6952,R_3ElHoNUS8Tyu7RP,TOYS_AND_GAMES,2020-02-25,1582642800
6953,R_3ElHoNUS8Tyu7RP,HEALTH_PERSONAL_CARE,2020-02-25,1582642800
6954,R_3ElHoNUS8Tyu7RP,MEDICATION,2020-02-25,1582642800
6955,R_3FPeOTnJa3dJ112,ABIS_BOOK,2020-02-25,1582642800
6956,R_3FPeOTnJa3dJ112,PET_FOOD,2020-02-25,1582642800
6957,R_3FPeOTnJa3dJ112,BATTERY,2020-02-25,1582642800
6958,R_3G1gYo1d23Zq8Np,SNACK_FOOD_BAR,2020-02-25,1582642800
6959,R_3G1gYo1d23Zq8Np,CRAFT_MOLD,2020-02-25,1582642800
6960,R_3G7BILj5lidHb8M,SKIN_CLEANING_AGENT,2020-02-25,1582642800
6961,R_3G7BILj5lidHb8M,ELECTRONIC_CABLE,2020-02-25,1582642800
6962,R_3Hphzg7zu04Hgy1,SCREEN_PROTECTOR,2020-02-25,1582642800
6963,R_3JJfhp7Z7vUO8K2,SKIN_MOISTURIZER,2020-02-25,1582642800
6964,R_3JJfhp7Z7vUO8K2,SCREEN_PROTECTOR,2020-02-25,1582642800
6965,R_3JJfhp7Z7vUO8K2,MEDICATION,2020-02-25,1582642800
6966,R_3Jxiicg67etW2yt,SCREEN_PROTECTOR,2020-02-25,1582642800
6967,R_3Jxiicg67etW2yt,SNACK_FOOD_BAR,2020-02-25,1582642800
6968,R_3LXRVZSdJiqH63S,SCREEN_PROTECTOR,2020-02-25,1582642800
6969,R_3LXRVZSdJiqH63S,COSTUME_MASK,2020-02-25,1582642800
6970,R_3LXRVZSdJiqH63S,WATCH,2020-02-25,1582642800
6971,R_3LXRVZSdJiqH63S,CELLULAR_PHONE_CASE,2020-02-25,1582642800
6972,R_3LXRVZSdJiqH63S,SKIN_CLEANING_AGENT,2020-02-25,1582642800
6973,R_3NQyjCbeWDx3POa,TOYS_AND_GAMES,2020-02-25,1582642800
6974,R_3NQyjCbeWDx3POa,SKIN_MOISTURIZER,2020-02-25,1582642800
6975,R_3NQyjCbeWDx3POa,PHYSICAL_MOVIE,2020-02-25,1582642800
6976,R_3NQyjCbeWDx3POa,SPORT_MITT,2020-02-25,1582642800
6977,R_3NQyjCbeWDx3POa,ROLLER_CHAIN,2020-02-25,1582642800
6978,R_3NQyjCbeWDx3POa,PANTS,2020-02-25,1582642800
6979,R_3NQyjCbeWDx3POa,ROASTING_PAN,2020-02-25,1582642800
6980,R_3NQyjCbeWDx3POa,PET_FOOD,2020-02-25,1582642800
6981,R_3NQyjCbeWDx3POa,SHOES,2020-02-25,1582642800
6982,R_3NQyjCbeWDx3POa,PET_FOOD,2020-02-25,1582642800
6983,R_3NQyjCbeWDx3POa,SHIRT,2020-02-25,1582642800
6984,R_3NQyjCbeWDx3POa,SKIN_MOISTURIZER,2020-02-25,1582642800
6985,R_3NQyjCbeWDx3POa,PICTURE_FRAME,2020-02-25,1582642800
6986,R_3NQyjCbeWDx3POa,STRINGED_INSTRUMENTS,2020-02-25,1582642800
6987,R_3NQyjCbeWDx3POa,CABLE_TIE,2020-02-25,1582642800
6988,R_3NQyjCbeWDx3POa,PET_PLACEMAT,2020-02-25,1582642800
6989,R_3NwT1ZQQBtYqBaM,MEDICATION,2020-02-25,1582642800
6990,R_3NwT1ZQQBtYqBaM,NUTRITIONAL_SUPPLEMENT,2020-02-25,1582642800
6991,R_3NwT1ZQQBtYqBaM,CELLULAR_PHONE_CASE,2020-02-25,1582642800
6992,R_3O7heagIMZY2HnD,SNACK_FOOD_BAR,2020-02-25,1582642800
6993,R_3O9aPnM7ixjsbYK,HEADPHONES,2020-02-25,1582642800
6994,R_3O9aPnM7ixjsbYK,ELECTRONIC_SWITCH,2020-02-25,1582642800
6995,R_3O9aPnM7ixjsbYK,SKIN_CLEANING_AGENT,2020-02-25,1582642800
6996,R_3O9aPnM7ixjsbYK,PANTS,2020-02-25,1582642800
6997,R_3PUi8o2if0JqKfl,PET_FOOD,2020-02-25,1582642800
6998,R_3PUi8o2if0JqKfl,ABIS_BOOK,2020-02-25,1582642800
6999,R_3PUi8o2if0JqKfl,HEADPHONES,2020-02-25,1582642800
7000,R_3PUi8o2if0JqKfl,SPORTS_MEMORABILIA,2020-02-25,1582642800
7001,R_3PUi8o2if0JqKfl,TABLE,2020-02-25,1582642800
7002,R_3PUi8o2if0JqKfl,TOYS_AND_GAMES,2020-02-25,1582642800
7003,R_3PUi8o2if0JqKfl,BARBECUE_GRILL,2020-02-25,1582642800
7004,R_3PUi8o2if0JqKfl,PANTS,2020-02-25,1582642800
7005,R_3PUi8o2if0JqKfl,SKIN_MOISTURIZER,2020-02-25,1582642800
7006,R_3PUi8o2if0JqKfl,HAMMER_MALLET,2020-02-25,1582642800
7007,R_3PUi8o2if0JqKfl,HEALTH_PERSONAL_CARE,2020-02-25,1582642800
7008,R_3PUi8o2if0JqKfl,NUTRITIONAL_SUPPLEMENT,2020-02-25,1582642800
7009,R_3PUi8o2if0JqKfl,HAMMER_MALLET,2020-02-25,1582642800
7010,R_3PUi8o2if0JqKfl,SHOES,2020-02-25,1582642800
7011,R_3PUi8o2if0JqKfl,PANTS,2020-02-25,1582642800
7012,R_3PUi8o2if0JqKfl,BATTERY,2020-02-25,1582642800
7013,R_3PUi8o2if0JqKfl,TOY_FIGURE,2020-02-25,1582642800
7014,R_3PUi8o2if0JqKfl,HAMMER_MALLET,2020-02-25,1582642800
7015,R_3PUi8o2if0JqKfl,SCREEN_PROTECTOR,2020-02-25,1582642800
7016,R_3PUi8o2if0JqKfl,ELECTRONIC_CABLE,2020-02-25,1582642800
7017,R_3PUi8o2if0JqKfl,SHIRT,2020-02-25,1582642800
7018,R_3PUi8o2if0JqKfl,SNACK_FOOD_BAR,2020-02-25,1582642800
7019,R_3PUi8o2if0JqKfl,PHYSICAL_MOVIE,2020-02-25,1582642800
7020,R_3PUi8o2if0JqKfl,SHIRT,2020-02-25,1582642800
7021,R_3PUi8o2if0JqKfl,PANTS,2020-02-25,1582642800
7022,R_3PUi8o2if0JqKfl,GROCERY,2020-02-25,1582642800
7023,R_3PUi8o2if0JqKfl,PHYSICAL_MOVIE,2020-02-25,1582642800
7024,R_3PUi8o2if0JqKfl,PHYSICAL_MOVIE,2020-02-25,1582642800
7025,R_3PUi8o2if0JqKfl,SPORTS_MEMORABILIA,2020-02-25,1582642800
7026,R_3PUi8o2if0JqKfl,COAT,2020-02-25,1582642800
7027,R_3PUi8o2if0JqKfl,SPORTS_MEMORABILIA,2020-02-25,1582642800
7028,R_3PUi8o2if0JqKfl,SKIN_MOISTURIZER,2020-02-25,1582642800
7029,R_3PUi8o2if0JqKfl,COAT,2020-02-25,1582642800
7030,R_3PUi8o2if0JqKfl,SNACK_FOOD_BAR,2020-02-25,1582642800
7031,R_3PUi8o2if0JqKfl,SPORTS_MEMORABILIA,2020-02-25,1582642800
7032,R_3PUi8o2if0JqKfl,SHOES,2020-02-25,1582642800
7033,R_3PUi8o2if0JqKfl,HAMMER_MALLET,2020-02-25,1582642800
7034,R_3PUi8o2if0JqKfl,TELESCOPE,2020-02-25,1582642800
7035,R_3PZvezr4ITRkiKV,CANDY,2020-02-25,1582642800
7036,R_3PZvezr4ITRkiKV,PALETTE_PUTTY_KNIFE,2020-02-25,1582642800
7037,R_3PZvezr4ITRkiKV,PET_FOOD,2020-02-25,1582642800
7038,R_3PZvezr4ITRkiKV,CANDY,2020-02-25,1582642800
7039,R_3PZvezr4ITRkiKV,TOYS_AND_GAMES,2020-02-25,1582642800
7040,R_3PZvezr4ITRkiKV,PANTS,2020-02-25,1582642800
7041,R_3PZvezr4ITRkiKV,MEDICATION,2020-02-25,1582642800
7042,R_3PZvezr4ITRkiKV,BEAUTY,2020-02-25,1582642800
7043,R_3PZvezr4ITRkiKV,DISPLAY_ALBUM,2020-02-25,1582642800
7044,R_3PZvezr4ITRkiKV,NAIL_CLIPPER,2020-02-25,1582642800
7045,R_3PZvezr4ITRkiKV,HEADPHONES,2020-02-25,1582642800
7046,R_3PZvezr4ITRkiKV,MEDICATION,2020-02-25,1582642800
7047,R_3QXUWuTn4OdbNmh,SHOES,2020-02-25,1582642800
7048,R_3QXUWuTn4OdbNmh,VITAMIN,2020-02-25,1582642800
7049,R_3RmDOazalOu0F1L,NUTRITIONAL_SUPPLEMENT,2020-02-25,1582642800
7050,R_3enuyEOsaEVxTNX,SHOES,2020-02-25,1582642800
7051,R_3enuyEOsaEVxTNX,PHYSICAL_MOVIE,2020-02-25,1582642800
7052,R_3fB1NIeE1OGUd72,ABIS_BOOK,2020-02-25,1582642800
7053,R_3fB1NIeE1OGUd72,UNDERWEAR,2020-02-25,1582642800
7054,R_3fJXgeZMDEMzirc,JUICE_AND_JUICE_DRINK,2020-02-25,1582642800
7055,R_3m3H4mwZ2snYFua,SHIRT,2020-02-25,1582642800
7056,R_3m3H4mwZ2snYFua,GROCERY,2020-02-25,1582642800
7057,R_3n17fNI56KA8rTV,COSMETIC_BRUSH,2020-02-25,1582642800
7058,R_3n2VXT4Z99FpnEG,PET_FOOD,2020-02-25,1582642800
7059,R_3n2VXT4Z99FpnEG,SHIRT,2020-02-25,1582642800
7060,R_3n2VXT4Z99FpnEG,LOCK,2020-02-25,1582642800
7061,R_3n2VXT4Z99FpnEG,ABIS_BOOK,2020-02-25,1582642800
7062,R_3n2VXT4Z99FpnEG,ORTHOPEDIC_BRACE,2020-02-25,1582642800
7063,R_3n2VXT4Z99FpnEG,MEDICATION,2020-02-25,1582642800
7064,R_3n2VXT4Z99FpnEG,GROCERY,2020-02-25,1582642800
7065,R_3n2VXT4Z99FpnEG,SKIN_CLEANING_AGENT,2020-02-25,1582642800
7066,R_3n2VXT4Z99FpnEG,SAFE,2020-02-25,1582642800
7067,R_3n2VXT4Z99FpnEG,UNINTERRUPTIBLE_POWER_SUPPLY,2020-02-25,1582642800
7068,R_3n2VXT4Z99FpnEG,SPORT_BAT,2020-02-25,1582642800
7069,R_3n2VXT4Z99FpnEG,NUTRITIONAL_SUPPLEMENT,2020-02-25,1582642800
7070,R_3n2VXT4Z99FpnEG,SHOES,2020-02-25,1582642800
7071,R_3n2VXT4Z99FpnEG,TOYS_AND_GAMES,2020-02-25,1582642800
7072,R_3n2VXT4Z99FpnEG,LANDLINE_PHONE,2020-02-25,1582642800
7073,R_3n5zOvmozURNzXz,SHOES,2020-02-25,1582642800
7074,R_3n5zOvmozURNzXz,DOORSTOP,2020-02-25,1582642800
7075,R_3nqGVGe1oo00hRC,BATTERY,2020-02-25,1582642800
7076,R_3pm4Od2kUSXlZgY,SKIN_CLEANING_AGENT,2020-02-25,1582642800
7077,R_3qTFp0FJqUeMhVZ,SHIRT,2020-02-25,1582642800
7078,R_3qTFp0FJqUeMhVZ,CHOCOLATE_CANDY,2020-02-25,1582642800
7079,R_3qTFp0FJqUeMhVZ,PANTS,2020-02-25,1582642800
7080,R_3qTFp0FJqUeMhVZ,BATTERY,2020-02-25,1582642800
7081,R_3qlnIILTEuzSyGe,SKIN_MOISTURIZER,2020-02-25,1582642800
7082,R_3qlnIILTEuzSyGe,VEHICLE_MAT,2020-02-25,1582642800
7083,R_3qlnIILTEuzSyGe,SNACK_FOOD_BAR,2020-02-25,1582642800
7084,R_3qlnIILTEuzSyGe,CELLULAR_PHONE_CASE,2020-02-25,1582642800
7085,R_3qlnIILTEuzSyGe,TOYS_AND_GAMES,2020-02-25,1582642800
7086,R_3qlnIILTEuzSyGe,BOOT,2020-02-25,1582642800
7087,R_3qlnIILTEuzSyGe,MEDICATION,2020-02-25,1582642800
7088,R_3qlnIILTEuzSyGe,BOTTLE_RACK,2020-02-25,1582642800
7089,R_3qlnIILTEuzSyGe,ELECTRONIC_CABLE,2020-02-25,1582642800
7090,R_3qlnIILTEuzSyGe,MEDICATION,2020-02-25,1582642800
7091,R_3qlnIILTEuzSyGe,SWORD,2020-02-25,1582642800
7092,R_3qlnIILTEuzSyGe,SKIN_MOISTURIZER,2020-02-25,1582642800
7093,R_3qlnIILTEuzSyGe,TOYS_AND_GAMES,2020-02-25,1582642800
7094,R_3qlnIILTEuzSyGe,ADHESIVE_TAPES,2020-02-25,1582642800
7095,R_3qlnIILTEuzSyGe,VITAMIN,2020-02-25,1582642800
7096,R_3qlnIILTEuzSyGe,BATTERY,2020-02-25,1582642800
7097,R_3qlnIILTEuzSyGe,PET_FOOD,2020-02-25,1582642800
7098,R_3qlnIILTEuzSyGe,JEWELRY,2020-02-25,1582642800
7099,R_3qlnIILTEuzSyGe,CELLULAR_PHONE_CASE,2020-02-25,1582642800
7100,R_3qlnIILTEuzSyGe,HAIR_COLORING_AGENT,2020-02-25,1582642800
7101,R_3qlnIILTEuzSyGe,VITAMIN,2020-02-25,1582642800
7102,R_3qlnIILTEuzSyGe,CELLULAR_PHONE_CASE,2020-02-25,1582642800
7103,R_3qlnIILTEuzSyGe,ABIS_BOOK,2020-02-25,1582642800
7104,R_3qlnIILTEuzSyGe,SKIN_MOISTURIZER,2020-02-25,1582642800
7105,R_3qlnIILTEuzSyGe,HEALTH_PERSONAL_CARE,2020-02-25,1582642800
7106,R_3qlnIILTEuzSyGe,HEADPHONES,2020-02-25,1582642800
7107,R_3qlnIILTEuzSyGe,MEDICATION,2020-02-25,1582642800
7108,R_3qlnIILTEuzSyGe,HEALTH_PERSONAL_CARE,2020-02-25,1582642800
7109,R_3rV7kPHe9hVsMee,ABIS_BOOK,2020-02-25,1582642800
7110,R_3rV7kPHe9hVsMee,SCREEN_PROTECTOR,2020-02-25,1582642800
7111,R_3s02y9lg8GCo9q0,ABIS_BOOK,2020-02-25,1582642800
7112,R_3s02y9lg8GCo9q0,AV_RECEIVER,2020-02-25,1582642800
7113,R_3s02y9lg8GCo9q0,PET_FOOD,2020-02-25,1582642800
7114,R_3s02y9lg8GCo9q0,SCISSORS,2020-02-25,1582642800
7115,R_3s02y9lg8GCo9q0,MEDICATION,2020-02-25,1582642800
7116,R_6gwxeBuC9V7nKsF,SHIRT,2020-02-25,1582642800
7117,R_6gwxeBuC9V7nKsF,SHIRT,2020-02-25,1582642800
7118,R_6gwxeBuC9V7nKsF,ABIS_BOOK,2020-02-25,1582642800
7119,R_8CXcySQawXPuJwJ,BATTERY,2020-02-25,1582642800
7120,R_8CXcySQawXPuJwJ,POULTRY,2020-02-25,1582642800
7121,R_8CXcySQawXPuJwJ,SCREEN_PROTECTOR,2020-02-25,1582642800
7122,R_8CXcySQawXPuJwJ,PAJAMAS,2020-02-25,1582642800
7123,R_8CXcySQawXPuJwJ,MEDICATION,2020-02-25,1582642800
7124,R_8CXcySQawXPuJwJ,BATTERY,2020-02-25,1582642800
7125,R_A5Mg9h1PiJL0Wyd,PHYSICAL_MOVIE,2020-02-25,1582642800
7126,R_BWhnv4EdbhSS6rf,PANTS,2020-02-25,1582642800
7127,R_BWhnv4EdbhSS6rf,HEALTH_PERSONAL_CARE,2020-02-25,1582642800
7128,R_CaF1pc8CnyWJvCp,MASCARA,2020-02-25,1582642800
7129,R_DBhzVeGIG4SLSYV,HEALTH_PERSONAL_CARE,2020-02-25,1582642800
7130,R_Djcs43mP6ReoYgN,SNACK_FOOD_BAR,2020-02-25,1582642800
7131,R_Djcs43mP6ReoYgN,SKIN_EXFOLIANT,2020-02-25,1582642800
7132,R_PHgbX4EoPqUsLjb,SANITARY_NAPKIN,2020-02-25,1582642800
7133,R_Q0VlYv4XDFK34mR,ZIPPER_FASTENER,2020-02-25,1582642800
7134,R_SIWNWQmjel55jzP,SHIRT,2020-02-25,1582642800
7135,R_UFrfTy7RlXqKDOV,PHYSICAL_MOVIE,2020-02-25,1582642800
7136,R_VPWGdK1zBBekfAJ,WINDOW_SHADE,2020-02-25,1582642800
7137,R_VPWGdK1zBBekfAJ,VITAMIN,2020-02-25,1582642800
7138,R_VPWGdK1zBBekfAJ,NAIL_POLISH,2020-02-25,1582642800
7139,R_Zwn68Xfx8lenBER,ORTHOPEDIC_BRACE,2020-02-25,1582642800
7140,R_Zz495Ir7AjUbSCJ,BATHING_SPONGE,2020-02-25,1582642800
7141,R_afsmqQnUctcdeY9,VITAMIN,2020-02-25,1582642800
7142,R_afsmqQnUctcdeY9,PHYSICAL_MOVIE,2020-02-25,1582642800
7143,R_afsmqQnUctcdeY9,DRILL_BITS,2020-02-25,1582642800
7144,R_elI733GpRi0df0J,VITAMIN,2020-02-25,1582642800
7145,R_pMnqpu31myYoxy1,GROCERY,2020-02-25,1582642800
7146,R_pRWnSKTREPIwpSF,PET_FOOD,2020-02-25,1582642800
7147,R_plnyqyltsGtao9P,BATTERY,2020-02-25,1582642800
7148,R_plnyqyltsGtao9P,SCREEN_PROTECTOR,2020-02-25,1582642800
7149,R_plnyqyltsGtao9P,HAIR_STYLING_AGENT,2020-02-25,1582642800
7150,R_r1qqClBL89aFjXP,TOYS_AND_GAMES,2020-02-25,1582642800
7151,R_s4I8huB9BOcWI5H,BAKING_PAN,2020-02-25,1582642800
7152,R_s4I8huB9BOcWI5H,MEDICATION,2020-02-25,1582642800
7153,R_s4I8huB9BOcWI5H,TOY_BUILDING_BLOCK,2020-02-25,1582642800
7154,R_s4I8huB9BOcWI5H,SNACK_FOOD_BAR,2020-02-25,1582642800
7155,R_s4I8huB9BOcWI5H,SHOES,2020-02-25,1582642800
7156,R_s6BUJFPzFF8fk2d,CELLULAR_PHONE_CASE,2020-02-25,1582642800
7157,R_s6BUJFPzFF8fk2d,TOOTHBRUSH_HEAD,2020-02-25,1582642800
7158,R_s6BUJFPzFF8fk2d,ABIS_BOOK,2020-02-25,1582642800
7159,R_s6BUJFPzFF8fk2d,PET_FOOD,2020-02-25,1582642800
7160,R_u2EdYogSnJBrpex,WREATH,2020-02-25,1582642800
7161,R_u2EdYogSnJBrpex,SHARP_PIN,2020-02-25,1582642800
7162,R_u2EdYogSnJBrpex,SCREEN_PROTECTOR,2020-02-25,1582642800
7163,R_u2EdYogSnJBrpex,SHIRT,2020-02-25,1582642800
7164,R_u2EdYogSnJBrpex,SKIN_CLEANING_AGENT,2020-02-25,1582642800
7165,R_u2EdYogSnJBrpex,TOOTH_CLEANING_AGENT,2020-02-25,1582642800
7166,R_u2EdYogSnJBrpex,TOOTHBRUSH,2020-02-25,1582642800
7167,R_u94bdSj5JBe7WZb,ELECTRONIC_CABLE,2020-02-25,1582642800
7168,R_u94bdSj5JBe7WZb,TOYS_AND_GAMES,2020-02-25,1582642800
7169,R_u94bdSj5JBe7WZb,PET_FOOD,2020-02-25,1582642800
7170,R_u99XwBV1boyooXT,ABIS_BOOK,2020-02-25,1582642800
7171,R_vCykMx1wpGTjjTb,SKIN_CLEANING_WIPE,2020-02-25,1582642800
7172,R_vcsfXNFhlnqxtYd,SKIN_SERUM,2020-02-25,1582642800
7173,R_vcsfXNFhlnqxtYd,VEHICLE_TIRE,2020-02-25,1582642800
7174,R_vcsfXNFhlnqxtYd,PHYSICAL_MOVIE,2020-02-25,1582642800
7175,R_vcsfXNFhlnqxtYd,AUTO_ACCESSORY,2020-02-25,1582642800
7176,R_xrrF4kkA2JEG6OZ,MEDICATION,2020-02-25,1582642800
7177,R_yPgyGUixTuXuX5v,SKIN_CLEANING_AGENT,2020-02-25,1582642800
7178,R_z1mFB9Qp9HSTCIV,VITAMIN,2020-02-25,1582642800
7179,R_0pRmRjHkwStzNQJ,CARGO_NET,2020-02-26,1582729200
7180,R_0pRmRjHkwStzNQJ,WIRELESS_AUDIO_ADAPTER,2020-02-26,1582729200
7181,R_10CAlrx7dbJty9R,CELL_PHONE_HOLSTER,2020-02-26,1582729200
7182,R_10CAlrx7dbJty9R,SKIN_MOISTURIZER,2020-02-26,1582729200
7183,R_10MFxyIhsIDW0nP,PROTEIN_SUPPLEMENT_POWDER,2020-02-26,1582729200
7184,R_10MFxyIhsIDW0nP,SHIRT,2020-02-26,1582729200
7185,R_10TV1zyi4yCEEkl,VITAMIN,2020-02-26,1582729200
7186,R_1CjWIsByjtP0GxZ,SHOES,2020-02-26,1582729200
7187,R_1CjWIsByjtP0GxZ,HEADPHONES,2020-02-26,1582729200
7188,R_1CjWIsByjtP0GxZ,WOUND_DRESSING,2020-02-26,1582729200
7189,R_1CjWIsByjtP0GxZ,PANTS,2020-02-26,1582729200
7190,R_1CjWIsByjtP0GxZ,HEADPHONES,2020-02-26,1582729200
7191,R_1CjWIsByjtP0GxZ,AIR_FRYER,2020-02-26,1582729200
7192,R_1CjWIsByjtP0GxZ,NUTRITIONAL_SUPPLEMENT,2020-02-26,1582729200
7193,R_1CjWIsByjtP0GxZ,ELECTRONIC_CABLE,2020-02-26,1582729200
7194,R_1CjWIsByjtP0GxZ,SKIN_MOISTURIZER,2020-02-26,1582729200
7195,R_1CjWIsByjtP0GxZ,SWORD,2020-02-26,1582729200
7196,R_1CjWIsByjtP0GxZ,WASTE_BAG,2020-02-26,1582729200
7197,R_1CjWIsByjtP0GxZ,PHYSICAL_MOVIE,2020-02-26,1582729200
7198,R_1CjWIsByjtP0GxZ,BODY_CARE_PRODUCT,2020-02-26,1582729200
7199,R_1CjWIsByjtP0GxZ,FASHIONNECKLACEBRACELETANKLET,2020-02-26,1582729200
7200,R_1CjWIsByjtP0GxZ,PHYSICAL_VIDEO_GAME_SOFTWARE,2020-02-26,1582729200
7201,R_1CjWIsByjtP0GxZ,GROCERY,2020-02-26,1582729200
7202,R_1DYWdbAMt6LyCZH,ELECTRONIC_CABLE,2020-02-26,1582729200
7203,R_1GVsIStj8gTkbIE,JEWELRY_SET,2020-02-26,1582729200
7204,R_1IZBlduDFUJEphM,HANGING_ROD,2020-02-26,1582729200
7205,R_1IZBlduDFUJEphM,SKIN_CLEANING_AGENT,2020-02-26,1582729200
7206,R_1IZBlduDFUJEphM,HANGING_ROD,2020-02-26,1582729200
7207,R_1Kru2C0Zf28ZbQ0,VITAMIN,2020-02-26,1582729200
7208,R_1KxVDxZl2H0XoHS,SCREEN_PROTECTOR,2020-02-26,1582729200
7209,R_1KxVDxZl2H0XoHS,SHIRT,2020-02-26,1582729200
7210,R_1KxVDxZl2H0XoHS,ABIS_BOOK,2020-02-26,1582729200
7211,R_1LRR1P5IQqdSvIP,ELECTRONIC_CABLE,2020-02-26,1582729200
7212,R_1LRR1P5IQqdSvIP,SKIN_MOISTURIZER,2020-02-26,1582729200
7213,R_1NCzj2eSHI4QGcd,DUTCH_OVENS,2020-02-26,1582729200
7214,R_1NCzj2eSHI4QGcd,SKIN_MOISTURIZER,2020-02-26,1582729200
7215,R_1NgAWSeub1pgOGj,VITAMIN,2020-02-26,1582729200
7216,R_1Q9JeeKncbbLcz0,SNACK_FOOD_BAR,2020-02-26,1582729200
7217,R_1Q9JeeKncbbLcz0,CHEWING_GUM,2020-02-26,1582729200
7218,R_1dlSByn2AyHWx7r,CELLULAR_PHONE_CASE,2020-02-26,1582729200
7219,R_1gG5xibh48txT6f,SKIN_CLEANING_AGENT,2020-02-26,1582729200
7220,R_1gG5xibh48txT6f,PHYSICAL_MOVIE,2020-02-26,1582729200
7221,R_1hFMTehZQIAcBvZ,NUTRITIONAL_SUPPLEMENT,2020-02-26,1582729200
7222,R_1hJWB4rlc8B2yCi,SHOES,2020-02-26,1582729200
7223,R_1hJWB4rlc8B2yCi,NUTRITIONAL_SUPPLEMENT,2020-02-26,1582729200
7224,R_1lxYa2W6GgcAQ19,BATTERY,2020-02-26,1582729200
7225,R_1lxYa2W6GgcAQ19,GROCERY,2020-02-26,1582729200
7226,R_1lxYa2W6GgcAQ19,PHYSICAL_MOVIE,2020-02-26,1582729200
7227,R_1owkdABF1wNKFKI,PANTS,2020-02-26,1582729200
7228,R_1ps5hYxMGQuqcuP,SHOES,2020-02-26,1582729200
7229,R_1qdM6yLQigCFrkd,BATH_PILLOW,2020-02-26,1582729200
7230,R_1qdM6yLQigCFrkd,BRAKE_KIT,2020-02-26,1582729200
7231,R_1rPQIXSf3d1wvFO,VITAMIN,2020-02-26,1582729200
7232,R_1rPQIXSf3d1wvFO,BAKING_PAPER,2020-02-26,1582729200
7233,R_1rPQIXSf3d1wvFO,FIGURINE,2020-02-26,1582729200
7234,R_1rPQIXSf3d1wvFO,SHOES,2020-02-26,1582729200
7235,R_1rPQIXSf3d1wvFO,DUFFEL_BAG,2020-02-26,1582729200
7236,R_1rPQIXSf3d1wvFO,SPORTING_GOODS,2020-02-26,1582729200
7237,R_1rPQIXSf3d1wvFO,ELECTRONIC_CABLE,2020-02-26,1582729200
7238,R_1rPQIXSf3d1wvFO,RIDE_ON_TOY,2020-02-26,1582729200
7239,R_1rPQIXSf3d1wvFO,PHYSICAL_MOVIE,2020-02-26,1582729200
7240,R_1rPQIXSf3d1wvFO,SHOES,2020-02-26,1582729200
7241,R_1rPQIXSf3d1wvFO,ELECTRONIC_CABLE,2020-02-26,1582729200
7242,R_1rPQIXSf3d1wvFO,VITAMIN,2020-02-26,1582729200
7243,R_1rPQIXSf3d1wvFO,ABIS_BOOK,2020-02-26,1582729200
7244,R_1rPQIXSf3d1wvFO,SCREEN_PROTECTOR,2020-02-26,1582729200
7245,R_1rPQIXSf3d1wvFO,TOGGLE_SWITCH,2020-02-26,1582729200
7246,R_1rPQIXSf3d1wvFO,PHYSICAL_MOVIE,2020-02-26,1582729200
7247,R_1rPQIXSf3d1wvFO,GROCERY,2020-02-26,1582729200
7248,R_1roTOelTygZr5G8,MEDICATION,2020-02-26,1582729200
7249,R_1roTOelTygZr5G8,GROCERY,2020-02-26,1582729200
7250,R_1roTOelTygZr5G8,ELECTRONIC_CABLE,2020-02-26,1582729200
7251,R_1roTOelTygZr5G8,ABIS_BOOK,2020-02-26,1582729200
7252,R_1roTOelTygZr5G8,NUTRITIONAL_SUPPLEMENT,2020-02-26,1582729200
7253,R_1roTOelTygZr5G8,SHIRT,2020-02-26,1582729200
7254,R_1roTOelTygZr5G8,CELLULAR_PHONE_CASE,2020-02-26,1582729200
7255,R_210tLKdUbUZuf7O,NUTRITIONAL_SUPPLEMENT,2020-02-26,1582729200
7256,R_210tLKdUbUZuf7O,SCREEN_PROTECTOR,2020-02-26,1582729200
7257,R_22XEVzemearX7mD,ELECTRIC_MOTOR,2020-02-26,1582729200
7258,R_23ThXRxY2BTPyy5,PHYSICAL_MOVIE,2020-02-26,1582729200
7259,R_23ThXRxY2BTPyy5,ABIS_BOOK,2020-02-26,1582729200
7260,R_23ThXRxY2BTPyy5,COMPUTER_ADD_ON,2020-02-26,1582729200
7261,R_23ThXRxY2BTPyy5,CELLULAR_PHONE_CASE,2020-02-26,1582729200
7262,R_23ThXRxY2BTPyy5,VEHICLE_BAG,2020-02-26,1582729200
7263,R_23ThXRxY2BTPyy5,HEADPHONES,2020-02-26,1582729200
7264,R_23ThXRxY2BTPyy5,FISHING_HOOK,2020-02-26,1582729200
7265,R_23ThXRxY2BTPyy5,PHYSICAL_MOVIE,2020-02-26,1582729200
7266,R_23ThXRxY2BTPyy5,SHOES,2020-02-26,1582729200
7267,R_23ThXRxY2BTPyy5,CELLULAR_PHONE_CASE,2020-02-26,1582729200
7268,R_23ThXRxY2BTPyy5,APPAREL,2020-02-26,1582729200
7269,R_23enipHqTsjcQfN,NUTS,2020-02-26,1582729200
7270,R_24csoaO569P4Yzz,HEALTH_PERSONAL_CARE,2020-02-26,1582729200
7271,R_24csoaO569P4Yzz,SKIN_CLEANING_AGENT,2020-02-26,1582729200
7272,R_24csoaO569P4Yzz,SATELLITE_OR_DSS,2020-02-26,1582729200
7273,R_24csoaO569P4Yzz,SPARK_PLUG,2020-02-26,1582729200
7274,R_24csoaO569P4Yzz,HEADPHONES,2020-02-26,1582729200
7275,R_24csoaO569P4Yzz,PET_FOOD,2020-02-26,1582729200
7276,R_24csoaO569P4Yzz,SKIN_CLEANING_AGENT,2020-02-26,1582729200
7277,R_24csoaO569P4Yzz,VITAMIN,2020-02-26,1582729200
7278,R_24csoaO569P4Yzz,PET_FOOD,2020-02-26,1582729200
7279,R_25Wwg273Uw26jA1,SHOES,2020-02-26,1582729200
7280,R_25Wwg273Uw26jA1,BAKING_MAT,2020-02-26,1582729200
7281,R_25Wwg273Uw26jA1,PET_FOOD,2020-02-26,1582729200
7282,R_25Wwg273Uw26jA1,NUTRITIONAL_SUPPLEMENT,2020-02-26,1582729200
7283,R_25Wwg273Uw26jA1,PHYSICAL_MOVIE,2020-02-26,1582729200
7284,R_25Wwg273Uw26jA1,BAKING_MAT,2020-02-26,1582729200
7285,R_25thHabUddjXGzt,PHYSICAL_MOVIE,2020-02-26,1582729200
7286,R_25z5LHPaAsxktx7,CISTERN,2020-02-26,1582729200
7287,R_277i50HinKYVoY9,ABIS_BOOK,2020-02-26,1582729200
7288,R_277i50HinKYVoY9,PET_FOOD,2020-02-26,1582729200
7289,R_277i50HinKYVoY9,PET_FOOD,2020-02-26,1582729200
7290,R_277i50HinKYVoY9,MEDICATION,2020-02-26,1582729200
7291,R_277i50HinKYVoY9,SEASONING,2020-02-26,1582729200
7292,R_277i50HinKYVoY9,PHYSICAL_TV_SERIES,2020-02-26,1582729200
7293,R_277i50HinKYVoY9,FURNITURE_FLOOR_PROTECTOR,2020-02-26,1582729200
7294,R_277i50HinKYVoY9,OIL_FILTER,2020-02-26,1582729200
7295,R_277i50HinKYVoY9,SHIRT,2020-02-26,1582729200
7296,R_277i50HinKYVoY9,VITAMIN,2020-02-26,1582729200
7297,R_27DL80quzRiSEmq,PHYSICAL_TV_SERIES,2020-02-26,1582729200
7298,R_27DL80quzRiSEmq,BUCKET,2020-02-26,1582729200
7299,R_27DL80quzRiSEmq,PANTS,2020-02-26,1582729200
7300,R_27DL80quzRiSEmq,HEALTH_PERSONAL_CARE,2020-02-26,1582729200
7301,R_27DL80quzRiSEmq,NUTRITIONAL_SUPPLEMENT,2020-02-26,1582729200
7302,R_27DL80quzRiSEmq,ABIS_BOOK,2020-02-26,1582729200
7303,R_27DL80quzRiSEmq,PHYSICAL_TV_SERIES,2020-02-26,1582729200
7304,R_27DL80quzRiSEmq,SNACK_FOOD_BAR,2020-02-26,1582729200
7305,R_29uBVByYo0xAXiZ,PANTS,2020-02-26,1582729200
7306,R_29uBVByYo0xAXiZ,BED_SLATS,2020-02-26,1582729200
7307,R_2EglJpTWGEiwQYa,SHIRT,2020-02-26,1582729200
7308,R_2R3ayuIYVgX07CZ,BODY_POSITIONER,2020-02-26,1582729200
7309,R_2R3ayuIYVgX07CZ,MEDICATION,2020-02-26,1582729200
7310,R_2SowakeS8ZQebAD,SHOES,2020-02-26,1582729200
7311,R_2SowakeS8ZQebAD,COMPUTER_DRIVE_OR_STORAGE,2020-02-26,1582729200
7312,R_2SowakeS8ZQebAD,MATERIAL_HANDLING_TRUCK,2020-02-26,1582729200
7313,R_2SowakeS8ZQebAD,UNDERPANTS,2020-02-26,1582729200
7314,R_2SowakeS8ZQebAD,FALSE_NAIL,2020-02-26,1582729200
7315,R_2SowakeS8ZQebAD,SHIRT,2020-02-26,1582729200
7316,R_2SowakeS8ZQebAD,ELECTRONIC_CABLE,2020-02-26,1582729200
7317,R_2SowakeS8ZQebAD,SHOES,2020-02-26,1582729200
7318,R_2SowakeS8ZQebAD,MATERIAL_HANDLING_TRUCK,2020-02-26,1582729200
7319,R_2SowakeS8ZQebAD,VITAMIN,2020-02-26,1582729200
7320,R_2SowakeS8ZQebAD,VITAMIN,2020-02-26,1582729200
7321,R_2SowakeS8ZQebAD,SHIRT,2020-02-26,1582729200
7322,R_2ToRb0eNQrFNM3u,SKIN_MOISTURIZER,2020-02-26,1582729200
7323,R_2ToRb0eNQrFNM3u,SALAD_DRESSING,2020-02-26,1582729200
7324,R_2VwjXhJ5OznStEi,SHELF,2020-02-26,1582729200
7325,R_2VwjXhJ5OznStEi,DRINKING_CUP,2020-02-26,1582729200
7326,R_2VwjXhJ5OznStEi,SKIN_CLEANING_AGENT,2020-02-26,1582729200
7327,R_2WAagX64hf1kdMI,MARKING_PEN,2020-02-26,1582729200
7328,R_2WMQprO1e6US68f,VEHICLE_SPOILER,2020-02-26,1582729200
7329,R_2WMQprO1e6US68f,GROCERY,2020-02-26,1582729200
7330,R_2WMQprO1e6US68f,SKIN_MOISTURIZER,2020-02-26,1582729200
7331,R_2Xj7LtCe2Mt8jNi,PET_FOOD,2020-02-26,1582729200
7332,R_2XoI6KbLJRGFz5X,SHOES,2020-02-26,1582729200
7333,R_2YR2Yn7wGzAeAj0,HERBAL_SUPPLEMENT,2020-02-26,1582729200
7334,R_2YR2Yn7wGzAeAj0,SKIN_CLEANING_AGENT,2020-02-26,1582729200
7335,R_2YR2Yn7wGzAeAj0,WRITING_INSTRUMENT,2020-02-26,1582729200
7336,R_2YR2Yn7wGzAeAj0,CADDY,2020-02-26,1582729200
7337,R_2YR2Yn7wGzAeAj0,WRITING_INSTRUMENT,2020-02-26,1582729200
7338,R_2YR2Yn7wGzAeAj0,SIGNAGE,2020-02-26,1582729200
7339,R_2YR2Yn7wGzAeAj0,PET_FOOD,2020-02-26,1582729200
7340,R_2YR2Yn7wGzAeAj0,CARABINER,2020-02-26,1582729200
7341,R_2YR2Yn7wGzAeAj0,SCREEN_PROTECTOR,2020-02-26,1582729200
7342,R_2YR2Yn7wGzAeAj0,CADDY,2020-02-26,1582729200
7343,R_2YR2Yn7wGzAeAj0,WRITING_INSTRUMENT,2020-02-26,1582729200
7344,R_2YR2Yn7wGzAeAj0,SKIN_MOISTURIZER,2020-02-26,1582729200
7345,R_2YR2Yn7wGzAeAj0,MEDICATION,2020-02-26,1582729200
7346,R_2YR2Yn7wGzAeAj0,HEALTH_PERSONAL_CARE,2020-02-26,1582729200
7347,R_2YR2Yn7wGzAeAj0,NUTRITIONAL_SUPPLEMENT,2020-02-26,1582729200
7348,R_2YR2Yn7wGzAeAj0,BRACELET,2020-02-26,1582729200
7349,R_2c0kxk2rIJClCxm,SCREEN_PROTECTOR,2020-02-26,1582729200
7350,R_2dX8oLhgW3U0Q0m,MEDICATION,2020-02-26,1582729200
7351,R_2e9e8lhWqVtpb7m,HEADPHONES,2020-02-26,1582729200
7352,R_2e9e8lhWqVtpb7m,CELLULAR_PHONE_CASE,2020-02-26,1582729200
7353,R_2e9e8lhWqVtpb7m,CABLE_TIE,2020-02-26,1582729200
7354,R_2ebzj3o225IisIQ,TOYS_AND_GAMES,2020-02-26,1582729200
7355,R_2ebzj3o225IisIQ,MOUSE_PAD,2020-02-26,1582729200
7356,R_2fQoqPD5ygeWViN,ELECTRONIC_CABLE,2020-02-26,1582729200
7357,R_2fQoqPD5ygeWViN,TRAMPOLINE,2020-02-26,1582729200
7358,R_2fQoqPD5ygeWViN,PANTS,2020-02-26,1582729200
7359,R_2q2hekIiutgInrE,PLANT_SEED,2020-02-26,1582729200
7360,R_2q2hekIiutgInrE,SNACK_FOOD_BAR,2020-02-26,1582729200
7361,R_2q2hekIiutgInrE,VIDEO_GAME_CONTROLLER,2020-02-26,1582729200
7362,R_2sbCr0DY5BIHWiF,HEALTH_PERSONAL_CARE,2020-02-26,1582729200
7363,R_2sbCr0DY5BIHWiF,SCREEN_PROTECTOR,2020-02-26,1582729200
7364,R_2tEuzX0j3530EZC,VITAMIN,2020-02-26,1582729200
7365,R_2tfEDXuyNRcQoWs,PET_FOOD,2020-02-26,1582729200
7366,R_2uTysluImvxkQBY,ABIS_BOOK,2020-02-26,1582729200
7367,R_2uTysluImvxkQBY,SCREEN_PROTECTOR,2020-02-26,1582729200
7368,R_2uTysluImvxkQBY,SHOES,2020-02-26,1582729200
7369,R_2uZDxTZAORBIW1o,SWEATBAND,2020-02-26,1582729200
7370,R_2ugDyrE1yi1FjvH,SCREEN_PROTECTOR,2020-02-26,1582729200
7371,R_2vYO5d3Ry8qjf5g,HAIR_COMB,2020-02-26,1582729200
7372,R_2vYeXyFdrSyrVwh,HEALTH_PERSONAL_CARE,2020-02-26,1582729200
7373,R_2vYeXyFdrSyrVwh,STRING_TRIMMER,2020-02-26,1582729200
7374,R_2wmCdm6ETy6g3k0,SKIN_CLEANING_AGENT,2020-02-26,1582729200
7375,R_2wmLE1q4FIpfioi,BATTERY,2020-02-26,1582729200
7376,R_2wmLE1q4FIpfioi,CELLULAR_PHONE_CASE,2020-02-26,1582729200
7377,R_2wmLE1q4FIpfioi,SHOES,2020-02-26,1582729200
7378,R_2wmLE1q4FIpfioi,HEADPHONES,2020-02-26,1582729200
7379,R_2xzc7JBNEgYNAqY,HEALTH_PERSONAL_CARE,2020-02-26,1582729200
7380,R_2yjckpDXWcsiLPz,MECHANICAL_LIGHTER,2020-02-26,1582729200
7381,R_2yme87wMCEU528h,ELECTRONIC_COMPONENT_TERMINAL,2020-02-26,1582729200
7382,R_2yme87wMCEU528h,PUPPET,2020-02-26,1582729200
7383,R_2z7rLZb69WuqDdf,ELECTRONIC_DEVICE_FACEPLATE,2020-02-26,1582729200
7384,R_31aclNgWw4mxrPd,TOILET_PAPER_HOLDER,2020-02-26,1582729200
7385,R_31aclNgWw4mxrPd,SHOES,2020-02-26,1582729200
7386,R_31aclNgWw4mxrPd,SKIN_MOISTURIZER,2020-02-26,1582729200
7387,R_31n2MLk9w05iLzN,VITAMIN,2020-02-26,1582729200
7388,R_325wNEypLBLRTf7,ABIS_BOOK,2020-02-26,1582729200
7389,R_325wNEypLBLRTf7,INDOOR_GROW_ENCLOSURE,2020-02-26,1582729200
7390,R_325wNEypLBLRTf7,SHOES,2020-02-26,1582729200
7391,R_325wNEypLBLRTf7,ABIS_BOOK,2020-02-26,1582729200
7392,R_325wNEypLBLRTf7,CELLULAR_PHONE_CASE,2020-02-26,1582729200
7393,R_325wNEypLBLRTf7,ZIPPER_FASTENER,2020-02-26,1582729200
7394,R_325wNEypLBLRTf7,CELLULAR_PHONE_CASE,2020-02-26,1582729200
7395,R_325wNEypLBLRTf7,FERTILIZER,2020-02-26,1582729200
7396,R_325wNEypLBLRTf7,TABLET_COMPUTER,2020-02-26,1582729200
7397,R_325wNEypLBLRTf7,ABIS_BOOK,2020-02-26,1582729200
7398,R_325wNEypLBLRTf7,TOYS_AND_GAMES,2020-02-26,1582729200
7399,R_325wNEypLBLRTf7,BATTERY,2020-02-26,1582729200
7400,R_325wNEypLBLRTf7,HARDWARE_TUBING,2020-02-26,1582729200
7401,R_325wNEypLBLRTf7,INDOOR_GROW_ENCLOSURE,2020-02-26,1582729200
7402,R_32Mm71oAJq2K9XK,SCREEN_PROTECTOR,2020-02-26,1582729200
7403,R_32RSCpvF0PqDFBp,SKIN_CLEANING_AGENT,2020-02-26,1582729200
7404,R_32UZncFA03IrQwQ,SHOES,2020-02-26,1582729200
7405,R_32UZncFA03IrQwQ,OUTDOOR_LIVING,2020-02-26,1582729200
7406,R_33dxSOlpYwYOjFE,PHYSICAL_MOVIE,2020-02-26,1582729200
7407,R_33dxSOlpYwYOjFE,SHOES,2020-02-26,1582729200
7408,R_33kcOqAkuOfPeI1,JEWELRY_STORAGE,2020-02-26,1582729200
7409,R_33kcOqAkuOfPeI1,POWER_CORD,2020-02-26,1582729200
7410,R_39HhVszlqdawZPP,SHOES,2020-02-26,1582729200
7411,R_3D8fwycJF7eksBo,PHYSICAL_MOVIE,2020-02-26,1582729200
7412,R_3D8fwycJF7eksBo,SUGAR_SUBSTITUTE,2020-02-26,1582729200
7413,R_3FPeOTnJa3dJ112,SOLID_FIRE_FUEL,2020-02-26,1582729200
7414,R_3G1gYo1d23Zq8Np,ABIS_BOOK,2020-02-26,1582729200
7415,R_3G1gYo1d23Zq8Np,SKIN_CLEANING_AGENT,2020-02-26,1582729200
7416,R_3G1gYo1d23Zq8Np,SHOES,2020-02-26,1582729200
7417,R_3G1gYo1d23Zq8Np,COOLING_RACK,2020-02-26,1582729200
7418,R_3G1gYo1d23Zq8Np,SKIN_CLEANING_WIPE,2020-02-26,1582729200
7419,R_3G1gYo1d23Zq8Np,SKIN_CLEANING_AGENT,2020-02-26,1582729200
7420,R_3G1gYo1d23Zq8Np,SKIN_CLEANING_AGENT,2020-02-26,1582729200
7421,R_3G1gYo1d23Zq8Np,TOOTH_CLEANING_AGENT,2020-02-26,1582729200
7422,R_3GD1CL4OyjglmbZ,CELLULAR_PHONE_CASE,2020-02-26,1582729200
7423,R_3GiFHVWzYKHT1F5,SKIN_MOISTURIZER,2020-02-26,1582729200
7424,R_3GiSNq0yPsXSvhf,PET_FOOD,2020-02-26,1582729200
7425,R_3GiSNq0yPsXSvhf,TOYS_AND_GAMES,2020-02-26,1582729200
7426,R_3Jl5q6tZJctgL8B,PHYSICAL_VIDEO_GAME_SOFTWARE,2020-02-26,1582729200
7427,R_3Jl5q6tZJctgL8B,GROCERY,2020-02-26,1582729200
7428,R_3Jxiicg67etW2yt,HEALTH_PERSONAL_CARE,2020-02-26,1582729200
7429,R_3MtDVQQzrp3Cm8d,SHOES,2020-02-26,1582729200
7430,R_3MtDVQQzrp3Cm8d,SEXUAL_STIMULATION_DEVICE,2020-02-26,1582729200
7431,R_3NwUrzA3eAsS3xO,ELECTRONIC_CABLE,2020-02-26,1582729200
7432,R_3ebnP0qUIQ7u38i,SHOES,2020-02-26,1582729200
7433,R_3ebnP0qUIQ7u38i,MEDICATION,2020-02-26,1582729200
7434,R_3ebnP0qUIQ7u38i,COMPUTER_INPUT_DEVICE_ACCESSORY,2020-02-26,1582729200
7435,R_3ebnP0qUIQ7u38i,SHOES,2020-02-26,1582729200
7436,R_3ebnP0qUIQ7u38i,SNACK_FOOD_BAR,2020-02-26,1582729200
7437,R_3ennfkrsSdTlmrJ,SHOES,2020-02-26,1582729200
7438,R_3ennfkrsSdTlmrJ,PHYSICAL_VIDEO_GAME_SOFTWARE,2020-02-26,1582729200
7439,R_3ez7TNnB78XtMa7,SCREEN_PROTECTOR,2020-02-26,1582729200
7440,R_3jSAmu0UzDwnhQD,BATTERY,2020-02-26,1582729200
7441,R_3jSAmu0UzDwnhQD,BRA,2020-02-26,1582729200
7442,R_3lMPFMytHOig2HO,SCULPTING_MATERIAL,2020-02-26,1582729200
7443,R_3lMPFMytHOig2HO,SKIN_CLEANING_AGENT,2020-02-26,1582729200
7444,R_3lMPFMytHOig2HO,HEALTH_PERSONAL_CARE,2020-02-26,1582729200
7445,R_3nA7SneXu81knN1,FLASH_MEMORY,2020-02-26,1582729200
7446,R_3nA7SneXu81knN1,MAJOR_HOME_APPLIANCES,2020-02-26,1582729200
7447,R_3nA7SneXu81knN1,SKIN_MOISTURIZER,2020-02-26,1582729200
7448,R_3qWnPpXqudB3ETJ,VITAMIN,2020-02-26,1582729200
7449,R_3qWnPpXqudB3ETJ,MOTHERBOARD,2020-02-26,1582729200
7450,R_3rV7kPHe9hVsMee,VITAMIN,2020-02-26,1582729200
7451,R_4PhRzF4UI9ooLh7,VITAMIN,2020-02-26,1582729200
7452,R_4PhRzF4UI9ooLh7,WALL_ART,2020-02-26,1582729200
7453,R_4PhRzF4UI9ooLh7,WIRELESS_ACCESSORY,2020-02-26,1582729200
7454,R_5uabKnJBMc7HyEN,SKIN_CLEANING_AGENT,2020-02-26,1582729200
7455,R_5uabKnJBMc7HyEN,CELLULAR_PHONE_CASE,2020-02-26,1582729200
7456,R_5uabKnJBMc7HyEN,OUTDOOR_RECREATION_PRODUCT,2020-02-26,1582729200
7457,R_6Jw0sPgGkHLnKkp,COUNTERTOP_OVEN,2020-02-26,1582729200
7458,R_6Jw0sPgGkHLnKkp,SHIRT,2020-02-26,1582729200
7459,R_89aTM1JXN8SWr3b,POPCORN_POPPER,2020-02-26,1582729200
7460,R_8vnpSkm79W7Jsv7,ABIS_BOOK,2020-02-26,1582729200
7461,R_A5Mg9h1PiJL0Wyd,ABIS_BOOK,2020-02-26,1582729200
7462,R_AM0OvM0F9kBvqal,SKIN_CLEANING_AGENT,2020-02-26,1582729200
7463,R_AM0OvM0F9kBvqal,CUTTING_TOOLS,2020-02-26,1582729200
7464,R_AM0OvM0F9kBvqal,CELLULAR_PHONE_CASE,2020-02-26,1582729200
7465,R_BWhnv4EdbhSS6rf,HEALTH_PERSONAL_CARE,2020-02-26,1582729200
7466,R_BWhnv4EdbhSS6rf,TOYS_AND_GAMES,2020-02-26,1582729200
7467,R_D8LcojwusttCWaJ,VITAMIN,2020-02-26,1582729200
7468,R_D8LcojwusttCWaJ,PARTY_FAVOR,2020-02-26,1582729200
7469,R_D8LcojwusttCWaJ,SNACK_FOOD_BAR,2020-02-26,1582729200
7470,R_D8LcojwusttCWaJ,ABIS_BOOK,2020-02-26,1582729200
7471,R_D8LcojwusttCWaJ,PINBOARD,2020-02-26,1582729200
7472,R_D8LcojwusttCWaJ,CONCENTRATED_FLAVORING_SUBSTANCE,2020-02-26,1582729200
7473,R_D8LcojwusttCWaJ,CELLULAR_PHONE_CASE,2020-02-26,1582729200
7474,R_D8LcojwusttCWaJ,ELECTRONIC_CABLE,2020-02-26,1582729200
7475,R_D8LcojwusttCWaJ,FOOD_SCOOP,2020-02-26,1582729200
7476,R_D8LcojwusttCWaJ,SHOES,2020-02-26,1582729200
7477,R_D8LcojwusttCWaJ,ELECTRONIC_CABLE,2020-02-26,1582729200
7478,R_D8LcojwusttCWaJ,PET_FOOD,2020-02-26,1582729200
7479,R_D8LcojwusttCWaJ,ABIS_BOOK,2020-02-26,1582729200
7480,R_D8LcojwusttCWaJ,ELECTRONIC_CABLE,2020-02-26,1582729200
7481,R_D8LcojwusttCWaJ,TOYS_AND_GAMES,2020-02-26,1582729200
7482,R_D8LcojwusttCWaJ,SKIN_MOISTURIZER,2020-02-26,1582729200
7483,R_D8LcojwusttCWaJ,SHIRT,2020-02-26,1582729200
7484,R_D8LcojwusttCWaJ,RICE_MIX,2020-02-26,1582729200
7485,R_D8LcojwusttCWaJ,ABIS_BOOK,2020-02-26,1582729200
7486,R_D8LcojwusttCWaJ,SKIN_MOISTURIZER,2020-02-26,1582729200
7487,R_OGN3QDO9930tfAl,PHYSICAL_MOVIE,2020-02-26,1582729200
7488,R_OdTirYYBS6ms6nn,GROCERY,2020-02-26,1582729200
7489,R_RaeWxaWjb7z8CLT,TOOTHBRUSH_HEAD,2020-02-26,1582729200
7490,R_RaeWxaWjb7z8CLT,ABIS_BOOK,2020-02-26,1582729200
7491,R_RaeWxaWjb7z8CLT,HAIR_IRON,2020-02-26,1582729200
7492,R_RlYyUhsDFvyGwX7,SKIN_CLEANING_AGENT,2020-02-26,1582729200
7493,R_XuCuybjxPer1OeJ,ART_SUPPLIES,2020-02-26,1582729200
7494,R_XuCuybjxPer1OeJ,HEALTH_PERSONAL_CARE,2020-02-26,1582729200
7495,R_ZIBCd5K8oQRXdm1,PET_FOOD,2020-02-26,1582729200
7496,R_b14mPI2m0e5yH9D,HEALTH_PERSONAL_CARE,2020-02-26,1582729200
7497,R_b14mPI2m0e5yH9D,WAIST_CINCHER,2020-02-26,1582729200
7498,R_b14mPI2m0e5yH9D,VITAMIN,2020-02-26,1582729200
7499,R_cAcAtozIWnZIbGp,WIRE_STRIPPER,2020-02-26,1582729200
7500,R_eyQl26Pq4cq0Xmx,CHOCOLATE_CANDY,2020-02-26,1582729200
7501,R_pzMCRYrC0qiSwIF,HEALTH_PERSONAL_CARE,2020-02-26,1582729200
7502,R_sotmrGe7Rv3U10J,CE_ACCESSORY,2020-02-26,1582729200
7503,R_tXHOaasrDjYwLO9,SKIN_CLEANING_AGENT,2020-02-26,1582729200
7504,R_tXHOaasrDjYwLO9,DRESS,2020-02-26,1582729200
7505,R_tXHOaasrDjYwLO9,HEADPHONES,2020-02-26,1582729200
7506,R_u99XwBV1boyooXT,REFRIGERATOR,2020-02-26,1582729200
7507,R_u99XwBV1boyooXT,SHOES,2020-02-26,1582729200
7508,R_u9qeol6zlUcq13j,SNACK_FOOD_BAR,2020-02-26,1582729200
7509,R_vV9c87xuLM7zcC5,SANITARY_NAPKIN,2020-02-26,1582729200
7510,R_voSNwyVcZWdCTJv,PERSONAL_FRAGRANCE,2020-02-26,1582729200
7511,R_voSNwyVcZWdCTJv,DAIRY_BASED_CHEESE,2020-02-26,1582729200
7512,R_voSNwyVcZWdCTJv,SKIN_SERUM,2020-02-26,1582729200
7513,R_voSNwyVcZWdCTJv,SKIN_CLEANING_AGENT,2020-02-26,1582729200
7514,R_voSNwyVcZWdCTJv,TRIVET,2020-02-26,1582729200
7515,R_voSNwyVcZWdCTJv,SKIN_MOISTURIZER,2020-02-26,1582729200
7516,R_voSNwyVcZWdCTJv,PIPING_TIP,2020-02-26,1582729200
7517,R_voSNwyVcZWdCTJv,CALISTHENICS_STAND,2020-02-26,1582729200
7518,R_voSNwyVcZWdCTJv,PANTS,2020-02-26,1582729200
7519,R_w5bE96azoKnM6Ih,SHIRT,2020-02-26,1582729200
7520,R_xc0AiqTlV5cTvZn,HEADPHONES,2020-02-26,1582729200
7521,R_xc0AiqTlV5cTvZn,HERBAL_SUPPLEMENT,2020-02-26,1582729200
7522,R_xc0AiqTlV5cTvZn,SHOES,2020-02-26,1582729200
7523,R_xc0AiqTlV5cTvZn,BATTERY,2020-02-26,1582729200
7524,R_xc0AiqTlV5cTvZn,PHYSICAL_MOVIE,2020-02-26,1582729200
7525,R_xc0AiqTlV5cTvZn,FLASHLIGHT,2020-02-26,1582729200
7526,R_xc0AiqTlV5cTvZn,HEALTH_PERSONAL_CARE,2020-02-26,1582729200
7527,R_xc0AiqTlV5cTvZn,BATTERY,2020-02-26,1582729200
7528,R_xc0AiqTlV5cTvZn,SATELLITE_OR_DSS,2020-02-26,1582729200
7529,R_yC5ffbdBLVi93Pz,BATTERY,2020-02-26,1582729200
7530,R_yC5ffbdBLVi93Pz,CELLULAR_PHONE_CASE,2020-02-26,1582729200
7531,R_yC5ffbdBLVi93Pz,SKIN_MOISTURIZER,2020-02-26,1582729200
7532,R_0D6GtQwa6VcnXpv,HEALTH_PERSONAL_CARE,2020-02-27,1582815600
7533,R_12QFQ7lCIls8sRd,MATERIAL_HANDLING_TRUCK,2020-02-27,1582815600
7534,R_12QFQ7lCIls8sRd,SCREEN_PROTECTOR,2020-02-27,1582815600
7535,R_1C75XRebT1eliL0,PORTABLE_VIDEO_DISC_PLAYER,2020-02-27,1582815600
7536,R_1DJdUrYA1I0QAKh,SHIRT,2020-02-27,1582815600
7537,R_1GVsIStj8gTkbIE,COOLING_RACK,2020-02-27,1582815600
7538,R_1Hena1rUph3TnA3,TOYS_AND_GAMES,2020-02-27,1582815600
7539,R_1NCzj2eSHI4QGcd,NUTRITIONAL_SUPPLEMENT,2020-02-27,1582815600
7540,R_1NDq0rxoUSu6oyz,UNDERPANTS,2020-02-27,1582815600
7541,R_1NDq0rxoUSu6oyz,PROTECTIVE_GLOVE,2020-02-27,1582815600
7542,R_1NDq0rxoUSu6oyz,PHYSICAL_MOVIE,2020-02-27,1582815600
7543,R_1NFde2vzLpu8IWT,SKIN_MOISTURIZER,2020-02-27,1582815600
7544,R_1NFde2vzLpu8IWT,AIR_COMPRESSOR,2020-02-27,1582815600
7545,R_1NgAWSeub1pgOGj,GROCERY,2020-02-27,1582815600
7546,R_1NgAWSeub1pgOGj,PIERCING_JEWELRY,2020-02-27,1582815600
7547,R_1OJZKQM4ZrHncBJ,INSECT_REPELLENT,2020-02-27,1582815600
7548,R_1OlyKZYuQUE5Cgc,ELECTRONIC_CABLE,2020-02-27,1582815600
7549,R_1OrTsiPCkAlmb0N,EXERCISE_MACHINE,2020-02-27,1582815600
7550,R_1OrTsiPCkAlmb0N,STICKER_DECAL,2020-02-27,1582815600
7551,R_1OrTsiPCkAlmb0N,INCONTINENCE_PROTECTOR,2020-02-27,1582815600
7552,R_1OrTsiPCkAlmb0N,CAMERA,2020-02-27,1582815600
7553,R_1PcttxbjmIpzZ9t,HEALTH_PERSONAL_CARE,2020-02-27,1582815600
7554,R_1Q9JeeKncbbLcz0,SHOES,2020-02-27,1582815600
7555,R_1escXXhyvAgsBYq,TUNIC,2020-02-27,1582815600
7556,R_1ez4JQNwmuGXkQX,LIGHT_BULB,2020-02-27,1582815600
7557,R_1ez4JQNwmuGXkQX,TRASH_CAN,2020-02-27,1582815600
7558,R_1ez4JQNwmuGXkQX,CAKE,2020-02-27,1582815600
7559,R_1ez4JQNwmuGXkQX,PET_FOOD,2020-02-27,1582815600
7560,R_1ez4JQNwmuGXkQX,PHYSICAL_MOVIE,2020-02-27,1582815600
7561,R_1ez4JQNwmuGXkQX,CAMERA_LENS_FILTERS,2020-02-27,1582815600
7562,R_1ez4JQNwmuGXkQX,PHYSICAL_MOVIE,2020-02-27,1582815600
7563,R_1ez4JQNwmuGXkQX,SKIN_MOISTURIZER,2020-02-27,1582815600
7564,R_1ez4JQNwmuGXkQX,ELECTRONIC_CABLE,2020-02-27,1582815600
7565,R_1f1PzEZw8H2N4zm,ELECTRONIC_CABLE,2020-02-27,1582815600
7566,R_1gjdRVy7DXPMldc,BATTERY,2020-02-27,1582815600
7567,R_1jARg5bGH5uqAKW,SURFACE_CLEANING_WIPE,2020-02-27,1582815600
7568,R_1jd0U0OjvEcZEcw,VIVARIUM,2020-02-27,1582815600
7569,R_1jd0U0OjvEcZEcw,SHIRT,2020-02-27,1582815600
7570,R_1jd0U0OjvEcZEcw,SNOW_CHAIN,2020-02-27,1582815600
7571,R_1jd0U0OjvEcZEcw,MOUTHWASH,2020-02-27,1582815600
7572,R_1jd0U0OjvEcZEcw,SKIN_CLEANING_AGENT,2020-02-27,1582815600
7573,R_1jd0U0OjvEcZEcw,PROTEIN_SUPPLEMENT_POWDER,2020-02-27,1582815600
7574,R_1jd0U0OjvEcZEcw,PALETTE_PUTTY_KNIFE,2020-02-27,1582815600
7575,R_1jd0U0OjvEcZEcw,VITAMIN,2020-02-27,1582815600
7576,R_1lfNYOmsEIqOn65,CELLULAR_PHONE_CASE,2020-02-27,1582815600
7577,R_1lfNYOmsEIqOn65,PRESSURE_COOKER,2020-02-27,1582815600
7578,R_1lfNYOmsEIqOn65,MEDICATION,2020-02-27,1582815600
7579,R_1lfNYOmsEIqOn65,HANGING_ROD,2020-02-27,1582815600
7580,R_1lfNYOmsEIqOn65,HANGING_ROD,2020-02-27,1582815600
7581,R_1lp1fif64G1hlWf,SNACK_FOOD_BAR,2020-02-27,1582815600
7582,R_1pu4x2PBb4LrSWk,SNOW_CHAIN,2020-02-27,1582815600
7583,R_1r18PD3TjJe3i53,BOXING_GLOVE,2020-02-27,1582815600
7584,R_1rNf6ssFroMth4I,KEYBOARD_MOUSE_SET,2020-02-27,1582815600
7585,R_1zVJnDAfoFLamOd,PANTS,2020-02-27,1582815600
7586,R_20V73ixsOYXCBbP,SHOES,2020-02-27,1582815600
7587,R_20V73ixsOYXCBbP,ORTHOPEDIC_BRACE,2020-02-27,1582815600
7588,R_20V73ixsOYXCBbP,NUTRITIONAL_SUPPLEMENT,2020-02-27,1582815600
7589,R_24csoaO569P4Yzz,NUTRITIONAL_SUPPLEMENT,2020-02-27,1582815600
7590,R_24dbGLxukEKohG6,NUTRITIONAL_SUPPLEMENT,2020-02-27,1582815600
7591,R_24dbGLxukEKohG6,NUTRITIONAL_SUPPLEMENT,2020-02-27,1582815600
7592,R_24vf4xIuT0kGsZ3,PET_FOOD,2020-02-27,1582815600
7593,R_24vf4xIuT0kGsZ3,SHOES,2020-02-27,1582815600
7594,R_25z5LHPaAsxktx7,ELECTRONIC_CABLE,2020-02-27,1582815600
7595,R_25z5LHPaAsxktx7,TOYS_AND_GAMES,2020-02-27,1582815600
7596,R_273TMGuLM3jXisi,NUTRITIONAL_SUPPLEMENT,2020-02-27,1582815600
7597,R_27B5jMHYqArQV6X,ABIS_BOOK,2020-02-27,1582815600
7598,R_27g6uEEgxm7kwNu,SCREEN_PROTECTOR,2020-02-27,1582815600
7599,R_29cyBHR3PpqJiZf,BLAZER,2020-02-27,1582815600
7600,R_29cyBHR3PpqJiZf,PET_FOOD,2020-02-27,1582815600
7601,R_29cyBHR3PpqJiZf,MOP_BUCKET_SET,2020-02-27,1582815600
7602,R_2ASz0xBmcxqYzUJ,SWIMWEAR,2020-02-27,1582815600
7603,R_2ASz0xBmcxqYzUJ,TABLETOP_GAME,2020-02-27,1582815600
7604,R_2E5XCpTY2B5ZQ1f,HEALTH_PERSONAL_CARE,2020-02-27,1582815600
7605,R_2EglJpTWGEiwQYa,SKIN_MOISTURIZER,2020-02-27,1582815600
7606,R_2EglJpTWGEiwQYa,STROLLER,2020-02-27,1582815600
7607,R_2QXJIE0UXBTy8wd,TOYS_AND_GAMES,2020-02-27,1582815600
7608,R_2QXJIE0UXBTy8wd,CELLULAR_PHONE_CASE,2020-02-27,1582815600
7609,R_2QXJIE0UXBTy8wd,MEDICATION,2020-02-27,1582815600
7610,R_2QXJIE0UXBTy8wd,TOY_BUILDING_BLOCK,2020-02-27,1582815600
7611,R_2QXJIE0UXBTy8wd,PAJAMAS,2020-02-27,1582815600
7612,R_2QXJIE0UXBTy8wd,PANTS,2020-02-27,1582815600
7613,R_2QXJIE0UXBTy8wd,SHOES,2020-02-27,1582815600
7614,R_2QXJIE0UXBTy8wd,ABIS_BOOK,2020-02-27,1582815600
7615,R_2QXJIE0UXBTy8wd,GROCERY,2020-02-27,1582815600
7616,R_2QXJIE0UXBTy8wd,POPCORN_POPPER,2020-02-27,1582815600
7617,R_2QXJIE0UXBTy8wd,NAIL_POLISH_REMOVER,2020-02-27,1582815600
7618,R_2QXJIE0UXBTy8wd,ELECTRONIC_CABLE,2020-02-27,1582815600
7619,R_2Qu0fgUOnDpaKDH,VITAMIN,2020-02-27,1582815600
7620,R_2Qu0fgUOnDpaKDH,MEDICATION,2020-02-27,1582815600
7621,R_2Qu0fgUOnDpaKDH,VITAMIN,2020-02-27,1582815600
7622,R_2Qu0fgUOnDpaKDH,SHOES,2020-02-27,1582815600
7623,R_2Qu0fgUOnDpaKDH,ELECTRONIC_CABLE,2020-02-27,1582815600
7624,R_2Qu0fgUOnDpaKDH,ELECTRONIC_CABLE,2020-02-27,1582815600
7625,R_2UfTIFhpicfXgPX,WRITING_INSTRUMENT,2020-02-27,1582815600
7626,R_2UfTIFhpicfXgPX,CLEANING_AGENT,2020-02-27,1582815600
7627,R_2UfTIFhpicfXgPX,SNACK_FOOD_BAR,2020-02-27,1582815600
7628,R_2WAagX64hf1kdMI,VITAMIN,2020-02-27,1582815600
7629,R_2WAagX64hf1kdMI,STATIONARY_BICYCLE,2020-02-27,1582815600
7630,R_2WAagX64hf1kdMI,MARKING_PEN,2020-02-27,1582815600
7631,R_2Xj7LtCe2Mt8jNi,DIGITAL_PICTURE_FRAME,2020-02-27,1582815600
7632,R_2XoI6KbLJRGFz5X,SUNGLASSES,2020-02-27,1582815600
7633,R_2XoI6KbLJRGFz5X,SNACK_FOOD_BAR,2020-02-27,1582815600
7634,R_2XoI6KbLJRGFz5X,SHIRT,2020-02-27,1582815600
7635,R_2XoI6KbLJRGFz5X,BEAUTY,2020-02-27,1582815600
7636,R_2XoI6KbLJRGFz5X,HEADPHONES,2020-02-27,1582815600
7637,R_2ZTFfLAcuwm22Yh,INCONTINENCE_PROTECTOR,2020-02-27,1582815600
7638,R_2aldwxmUZox7Yfd,ABIS_BOOK,2020-02-27,1582815600
7639,R_2b1MfkpNO4V6xMv,POULTRY,2020-02-27,1582815600
7640,R_2b1MfkpNO4V6xMv,SHIRT,2020-02-27,1582815600
7641,R_2cd9jCAamQMAsxe,SKIN_TREATMENT_MASK,2020-02-27,1582815600
7642,R_2cd9jCAamQMAsxe,PET_SUPPLIES,2020-02-27,1582815600
7643,R_2cvmrv8q51q8yh1,FOOD_OR_BEVERAGE_WARMER,2020-02-27,1582815600
7644,R_2cvmrv8q51q8yh1,SKIN_FOUNDATION_CONCEALER,2020-02-27,1582815600
7645,R_2cvmrv8q51q8yh1,BODY_DEODORANT,2020-02-27,1582815600
7646,R_2ebzj3o225IisIQ,ELECTRONIC_DEVICE_COOLING_PAD,2020-02-27,1582815600
7647,R_2ebzj3o225IisIQ,SHIRT,2020-02-27,1582815600
7648,R_2f7MFUqYnEv92pF,CELLULAR_PHONE_CASE,2020-02-27,1582815600
7649,R_2mAJniG0xVBIInL,CELLULAR_PHONE_CASE,2020-02-27,1582815600
7650,R_2qjAN1lyLAdAxT2,SHOE_INSERT,2020-02-27,1582815600
7651,R_2sbf0hqTGFb880u,TOYS_AND_GAMES,2020-02-27,1582815600
7652,R_2sbf0hqTGFb880u,COSTUME_HEADWEAR,2020-02-27,1582815600
7653,R_2sbf0hqTGFb880u,PANTS,2020-02-27,1582815600
7654,R_2t2UfXrRfbnyKGU,TRIVET,2020-02-27,1582815600
7655,R_2tEuzX0j3530EZC,ABIS_BOOK,2020-02-27,1582815600
7656,R_2uTysluImvxkQBY,PACKAGED_SOUP_AND_STEW,2020-02-27,1582815600
7657,R_2uZDxTZAORBIW1o,PAJAMAS,2020-02-27,1582815600
7658,R_2uZDxTZAORBIW1o,NOODLE,2020-02-27,1582815600
7659,R_2uZDxTZAORBIW1o,PHYSICAL_MOVIE,2020-02-27,1582815600
7660,R_2uZDxTZAORBIW1o,HEALTH_PERSONAL_CARE,2020-02-27,1582815600
7661,R_2ugDyrE1yi1FjvH,DECORATIVE_CUTOUT,2020-02-27,1582815600
7662,R_2wzatCV9Z18xLF2,HERBAL_SUPPLEMENT,2020-02-27,1582815600
7663,R_2wzatCV9Z18xLF2,AIR_COOLER,2020-02-27,1582815600
7664,R_2wzatCV9Z18xLF2,MEDICATION,2020-02-27,1582815600
7665,R_2wzatCV9Z18xLF2,MEDICATION,2020-02-27,1582815600
7666,R_2y8edrQ8p3nRu8v,MEDICATION,2020-02-27,1582815600
7667,R_2z7rLZb69WuqDdf,ORTHOPEDIC_BRACE,2020-02-27,1582815600
7668,R_2ze9t15YGQDJxR3,PHYSICAL_MOVIE,2020-02-27,1582815600
7669,R_2ze9t15YGQDJxR3,SNACK_FOOD_BAR,2020-02-27,1582815600
7670,R_2ze9t15YGQDJxR3,ABIS_BOOK,2020-02-27,1582815600
7671,R_2ze9t15YGQDJxR3,SHIRT,2020-02-27,1582815600
7672,R_31ycQ8SiOEF1cUN,TOOLS,2020-02-27,1582815600
7673,R_31ycQ8SiOEF1cUN,VEHICLE_LIFT_KIT,2020-02-27,1582815600
7674,R_31ycQ8SiOEF1cUN,TOOLS,2020-02-27,1582815600
7675,R_32Mm71oAJq2K9XK,GOLF_CLUB,2020-02-27,1582815600
7676,R_32Mm71oAJq2K9XK,CELLULAR_PHONE_CASE,2020-02-27,1582815600
7677,R_32Mm71oAJq2K9XK,PET_FOOD,2020-02-27,1582815600
7678,R_32Mm71oAJq2K9XK,PET_FOOD,2020-02-27,1582815600
7679,R_32WvdLjYpicai6o,CARPET_UPHOLSTERY_CLEANING_MACHINE,2020-02-27,1582815600
7680,R_33a2eGfoj5xSrE2,TOYS_AND_GAMES,2020-02-27,1582815600
7681,R_33a2eGfoj5xSrE2,ELECTRONIC_DEVICE_SKIN,2020-02-27,1582815600
7682,R_39HhVszlqdawZPP,HEALTH_PERSONAL_CARE,2020-02-27,1582815600
7683,R_39HhVszlqdawZPP,ABIS_BOOK,2020-02-27,1582815600
7684,R_39HhVszlqdawZPP,PHYSICAL_MOVIE,2020-02-27,1582815600
7685,R_3EQ2dhEXGhy72Xx,SPORT_ACTIVITY_GLOVE,2020-02-27,1582815600
7686,R_3Em4Q2OBHB3m5rz,TOYS_AND_GAMES,2020-02-27,1582815600
7687,R_3GqfePl8gH1VWP1,ANIMAL_FUR_CLEANER_CONDITIONER,2020-02-27,1582815600
7688,R_3GqfePl8gH1VWP1,BATTERY,2020-02-27,1582815600
7689,R_3Jxiicg67etW2yt,COUNTERTOP_FOOD_STEAMER,2020-02-27,1582815600
7690,R_3Jxiicg67etW2yt,SKIN_MOISTURIZER,2020-02-27,1582815600
7691,R_3KpaTa6zCZitiZG,ELECTRONIC_CABLE,2020-02-27,1582815600
7692,R_3KpaTa6zCZitiZG,ABIS_BOOK,2020-02-27,1582815600
7693,R_3KpaTa6zCZitiZG,NUTRITIONAL_SUPPLEMENT,2020-02-27,1582815600
7694,R_3OiAK9V155cWEsy,CELLULAR_PHONE_CASE,2020-02-27,1582815600
7695,R_3P4QthjwwxEaV1m,ELECTRONIC_CABLE,2020-02-27,1582815600
7696,R_3PcameSHVD10BZP,PET_FOOD,2020-02-27,1582815600
7697,R_3PcameSHVD10BZP,SHOES,2020-02-27,1582815600
7698,R_3PcameSHVD10BZP,MISC_WORLD_INSTRUMENTS,2020-02-27,1582815600
7699,R_3R3FfvTaRKxigNl,SKIN_MOISTURIZER,2020-02-27,1582815600
7700,R_3R3FfvTaRKxigNl,SKIN_MOISTURIZER,2020-02-27,1582815600
7701,R_3R3FfvTaRKxigNl,HEADPHONES,2020-02-27,1582815600
7702,R_3RmDOazalOu0F1L,POWER_SUPPLY,2020-02-27,1582815600
7703,R_3ebnP0qUIQ7u38i,SHIRT,2020-02-27,1582815600
7704,R_3ebnP0qUIQ7u38i,MANUAL_FOOD_MILL_GRINDER,2020-02-27,1582815600
7705,R_3eh02tn8YjYcUoE,SHOES,2020-02-27,1582815600
7706,R_3ek9YZGdsDHjUZf,CROCHET_HOOK,2020-02-27,1582815600
7707,R_3ek9YZGdsDHjUZf,MEDICATION,2020-02-27,1582815600
7708,R_3ek9YZGdsDHjUZf,TOYS_AND_GAMES,2020-02-27,1582815600
7709,R_3enuyEOsaEVxTNX,PANTS,2020-02-27,1582815600
7710,R_3fBmKcLTAgFITMo,HEALTH_PERSONAL_CARE,2020-02-27,1582815600
7711,R_3fBmKcLTAgFITMo,FASTENER_DRIVE_BIT,2020-02-27,1582815600
7712,R_3fBmKcLTAgFITMo,SHOES,2020-02-27,1582815600
7713,R_3iJyVGzX7fyajRz,PHYSICAL_MOVIE,2020-02-27,1582815600
7714,R_3lXswIAy7Qq6UEZ,BATTERY,2020-02-27,1582815600
7715,R_3lXswIAy7Qq6UEZ,BATTERY,2020-02-27,1582815600
7716,R_3lXswIAy7Qq6UEZ,ABIS_BOOK,2020-02-27,1582815600
7717,R_3lXswIAy7Qq6UEZ,HEADPHONES,2020-02-27,1582815600
7718,R_3m3H4mwZ2snYFua,GARMENT_STEAMER,2020-02-27,1582815600
7719,R_3m3H4mwZ2snYFua,RAZOR_BLADE_CARTRIDGE,2020-02-27,1582815600
7720,R_3oO3DoeTgXHrEzx,SKIN_CLEANING_AGENT,2020-02-27,1582815600
7721,R_3oO3DoeTgXHrEzx,PORTABLE_TOOL_BOX,2020-02-27,1582815600
7722,R_3oWSVjKtFIw0OE8,COMPUTER_COMPONENT,2020-02-27,1582815600
7723,R_3peWF42INuePUWA,VITAMIN,2020-02-27,1582815600
7724,R_3pm4Od2kUSXlZgY,BATTERY,2020-02-27,1582815600
7725,R_3pm4Od2kUSXlZgY,SCREEN_PROTECTOR,2020-02-27,1582815600
7726,R_3pm4Od2kUSXlZgY,FIGURINE,2020-02-27,1582815600
7727,R_3qe2tDpGxexEAso,TWEEZER,2020-02-27,1582815600
7728,R_3qlnIILTEuzSyGe,BOTTLE_RACK,2020-02-27,1582815600
7729,R_3r0AnJHzPNt6fQ2,CHOCOLATE_CANDY,2020-02-27,1582815600
7730,R_3rV7kPHe9hVsMee,VITAMIN,2020-02-27,1582815600
7731,R_3rV7kPHe9hVsMee,ELECTRONIC_CABLE,2020-02-27,1582815600
7732,R_3socPWD3wXD0iDP,ABIS_BOOK,2020-02-27,1582815600
7733,R_4PhRzF4UI9ooLh7,SHOES,2020-02-27,1582815600
7734,R_4PhRzF4UI9ooLh7,ABIS_BOOK,2020-02-27,1582815600
7735,R_4PhRzF4UI9ooLh7,SHOES,2020-02-27,1582815600
7736,R_6Jw0sPgGkHLnKkp,SHIRT,2020-02-27,1582815600
7737,R_6Jw0sPgGkHLnKkp,CRACKER,2020-02-27,1582815600
7738,R_6RpwKYK0Mr2zKBH,WEATHER_STATION,2020-02-27,1582815600
7739,R_9L8Lum5AaHh6bq9,VITAMIN,2020-02-27,1582815600
7740,R_AEBbAiW2xdXI2at,OFFICE_PRODUCTS,2020-02-27,1582815600
7741,R_AM0OvM0F9kBvqal,MEDICATION,2020-02-27,1582815600
7742,R_AM0OvM0F9kBvqal,CELLULAR_PHONE_CASE,2020-02-27,1582815600
7743,R_AM0OvM0F9kBvqal,SKIN_CLEANING_AGENT,2020-02-27,1582815600
7744,R_AM0OvM0F9kBvqal,MOUTHWASH,2020-02-27,1582815600
7745,R_AM0OvM0F9kBvqal,CELLULAR_PHONE_CASE,2020-02-27,1582815600
7746,R_AM0OvM0F9kBvqal,HEALTH_PERSONAL_CARE,2020-02-27,1582815600
7747,R_AM0OvM0F9kBvqal,COOKIE,2020-02-27,1582815600
7748,R_AM0OvM0F9kBvqal,ESSENTIAL_OIL,2020-02-27,1582815600
7749,R_AM0OvM0F9kBvqal,SCREEN_PROTECTOR,2020-02-27,1582815600
7750,R_AM0OvM0F9kBvqal,HEALTH_PERSONAL_CARE,2020-02-27,1582815600
7751,R_AM0OvM0F9kBvqal,FOOD_STORAGE_BAG,2020-02-27,1582815600
7752,R_AM0OvM0F9kBvqal,SKIN_MOISTURIZER,2020-02-27,1582815600
7753,R_AM0OvM0F9kBvqal,HEALTH_PERSONAL_CARE,2020-02-27,1582815600
7754,R_AM0OvM0F9kBvqal,ELECTRONIC_CABLE,2020-02-27,1582815600
7755,R_AM0OvM0F9kBvqal,PET_FOOD,2020-02-27,1582815600
7756,R_Amq2LudEdwYblXX,PHYSICAL_MOVIE,2020-02-27,1582815600
7757,R_Amq2LudEdwYblXX,SCISSORS,2020-02-27,1582815600
7758,R_Amq2LudEdwYblXX,CHAIR,2020-02-27,1582815600
7759,R_Amq2LudEdwYblXX,SHIRT,2020-02-27,1582815600
7760,R_Amq2LudEdwYblXX,NETWORK_INTERFACE_CONTROLLER_ADAPTER,2020-02-27,1582815600
7761,R_Amq2LudEdwYblXX,HOME_THEATER_SYSTEM_OR_HTIB,2020-02-27,1582815600
7762,R_Amq2LudEdwYblXX,VITAMIN,2020-02-27,1582815600
7763,R_O6ZX76mggPnAOfD,TOYS_AND_GAMES,2020-02-27,1582815600
7764,R_O6ZX76mggPnAOfD,DENTAL_FLOSS,2020-02-27,1582815600
7765,R_OMNSdX5mDbUEZNf,MOP_BUCKET_SET,2020-02-27,1582815600
7766,R_OMNSdX5mDbUEZNf,ADHESIVE_TAPES,2020-02-27,1582815600
7767,R_OMNSdX5mDbUEZNf,SHIRT,2020-02-27,1582815600
7768,R_OMNSdX5mDbUEZNf,SCREEN_PROTECTOR,2020-02-27,1582815600
7769,R_Odixb15Ykmxb0Dn,SONAR_FATHOMETER,2020-02-27,1582815600
7770,R_SIWNWQmjel55jzP,MEDICATION,2020-02-27,1582815600
7771,R_UWlLZdb69GeLobf,SNACK_FOOD_BAR,2020-02-27,1582815600
7772,R_UWlLZdb69GeLobf,NIGHTGOWN_NIGHTSHIRT,2020-02-27,1582815600
7773,R_UWlLZdb69GeLobf,HEADPHONES,2020-02-27,1582815600
7774,R_W80kzJbCa8CD9UB,SHOES,2020-02-27,1582815600
7775,R_W80kzJbCa8CD9UB,PANTS,2020-02-27,1582815600
7776,R_Wj4UUQUNrJKEYKJ,VITAMIN,2020-02-27,1582815600
7777,R_Wj4UUQUNrJKEYKJ,SKIN_MOISTURIZER,2020-02-27,1582815600
7778,R_XFxTMj7GDret70d,HUMIDIFIER,2020-02-27,1582815600
7779,R_XFxTMj7GDret70d,CELLULAR_PHONE_CASE,2020-02-27,1582815600
7780,R_XSu10jIDimUl5m1,SKIN_CLEANING_AGENT,2020-02-27,1582815600
7781,R_XSu10jIDimUl5m1,CELLULAR_PHONE_CASE,2020-02-27,1582815600
7782,R_Xhz81T9LodPX0KB,MEDICATION,2020-02-27,1582815600
7783,R_Xhz81T9LodPX0KB,WATER_DISPENSER,2020-02-27,1582815600
7784,R_Xhz81T9LodPX0KB,BATH_PILLOW,2020-02-27,1582815600
7785,R_Xhz81T9LodPX0KB,VITAMIN,2020-02-27,1582815600
7786,R_Xhz81T9LodPX0KB,ABIS_BOOK,2020-02-27,1582815600
7787,R_Xt4H8BJ1Vx7ws8h,ROUTER_POWER_TOOL,2020-02-27,1582815600
7788,R_Xt4H8BJ1Vx7ws8h,WEATHER_STATION,2020-02-27,1582815600
7789,R_Xt4H8BJ1Vx7ws8h,WEATHER_STRIPPING,2020-02-27,1582815600
7790,R_Xt4H8BJ1Vx7ws8h,CELLULAR_PHONE_CASE,2020-02-27,1582815600
7791,R_Xt4H8BJ1Vx7ws8h,SNORKELING_SET,2020-02-27,1582815600
7792,R_Xt4H8BJ1Vx7ws8h,NUTRITIONAL_SUPPLEMENT,2020-02-27,1582815600
7793,R_ZkokwdIEZybYo9z,SKIN_MOISTURIZER,2020-02-27,1582815600
7794,R_ZkokwdIEZybYo9z,CORRECTIVE_EYEGLASSES,2020-02-27,1582815600
7795,R_ZkokwdIEZybYo9z,BATTERY,2020-02-27,1582815600
7796,R_bJI8lmXMZWL6oql,BISS,2020-02-27,1582815600
7797,R_bJI8lmXMZWL6oql,BATTERY,2020-02-27,1582815600
7798,R_eyQl26Pq4cq0Xmx,LIGHT_FIXTURE,2020-02-27,1582815600
7799,R_pMnqpu31myYoxy1,PANTS,2020-02-27,1582815600
7800,R_pMnqpu31myYoxy1,BATTERY,2020-02-27,1582815600
7801,R_pMnqpu31myYoxy1,HIP_FLASK,2020-02-27,1582815600
7802,R_pMnqpu31myYoxy1,HEADPHONES,2020-02-27,1582815600
7803,R_pMnqpu31myYoxy1,CELLULAR_PHONE_CASE,2020-02-27,1582815600
7804,R_pMnqpu31myYoxy1,PANTS,2020-02-27,1582815600
7805,R_pMnqpu31myYoxy1,HEALTH_PERSONAL_CARE,2020-02-27,1582815600
7806,R_pMnqpu31myYoxy1,PHYSICAL_MOVIE,2020-02-27,1582815600
7807,R_pMnqpu31myYoxy1,BALLOON,2020-02-27,1582815600
7808,R_pMnqpu31myYoxy1,BATTERY,2020-02-27,1582815600
7809,R_pMnqpu31myYoxy1,SHIRT,2020-02-27,1582815600
7810,R_pMnqpu31myYoxy1,MEDICATION,2020-02-27,1582815600
7811,R_pMnqpu31myYoxy1,WRITING_INSTRUMENT,2020-02-27,1582815600
7812,R_pMnqpu31myYoxy1,SANITARY_NAPKIN,2020-02-27,1582815600
7813,R_pMnqpu31myYoxy1,WRITING_INSTRUMENT,2020-02-27,1582815600
7814,R_pMnqpu31myYoxy1,VITAMIN,2020-02-27,1582815600
7815,R_pMnqpu31myYoxy1,BATTERY,2020-02-27,1582815600
7816,R_pMnqpu31myYoxy1,MEDICATION,2020-02-27,1582815600
7817,R_pMnqpu31myYoxy1,SMOKING_PIPE,2020-02-27,1582815600
7818,R_pMnqpu31myYoxy1,ABIS_BOOK,2020-02-27,1582815600
7819,R_pMnqpu31myYoxy1,PHYSICAL_MOVIE,2020-02-27,1582815600
7820,R_pMnqpu31myYoxy1,HEADPHONES,2020-02-27,1582815600
7821,R_pMnqpu31myYoxy1,DISHWARE_PLATE,2020-02-27,1582815600
7822,R_pMnqpu31myYoxy1,NUTRITIONAL_SUPPLEMENT,2020-02-27,1582815600
7823,R_sGohXmtT8TjLibT,CAMERA_CLEANER,2020-02-27,1582815600
7824,R_t0ccZ3CXpzqgSpr,PASTRY,2020-02-27,1582815600
7825,R_t0ccZ3CXpzqgSpr,SNACK_FOOD_BAR,2020-02-27,1582815600
7826,R_tXHOaasrDjYwLO9,GASKETS,2020-02-27,1582815600
7827,R_tXHOaasrDjYwLO9,ELECTRONIC_CABLE,2020-02-27,1582815600
7828,R_tXHOaasrDjYwLO9,SHOES,2020-02-27,1582815600
7829,R_tXHOaasrDjYwLO9,CELLULAR_PHONE_CASE,2020-02-27,1582815600
7830,R_tXHOaasrDjYwLO9,GAMING_EQUIPMENT_ENCLOSURE,2020-02-27,1582815600
7831,R_tXHOaasrDjYwLO9,NUTRITIONAL_SUPPLEMENT,2020-02-27,1582815600
7832,R_u94bdSj5JBe7WZb,CELLULAR_PHONE_CASE,2020-02-27,1582815600
7833,R_u94bdSj5JBe7WZb,MOUTHWASH,2020-02-27,1582815600
7834,R_u94bdSj5JBe7WZb,CELLULAR_PHONE_CASE,2020-02-27,1582815600
7835,R_u94bdSj5JBe7WZb,STAPLER,2020-02-27,1582815600
7836,R_vD2O13NgdnWBXMt,ELECTRONIC_CABLE,2020-02-27,1582815600
7837,R_voSNwyVcZWdCTJv,SHOES,2020-02-27,1582815600
7838,R_voSNwyVcZWdCTJv,SHOES,2020-02-27,1582815600
7839,R_yC5ffbdBLVi93Pz,MEDICATION,2020-02-27,1582815600
7840,R_yC5ffbdBLVi93Pz,TOYS_AND_GAMES,2020-02-27,1582815600
7841,R_yC5ffbdBLVi93Pz,SNACK_FOOD_BAR,2020-02-27,1582815600
7842,R_yC5ffbdBLVi93Pz,FASHIONNECKLACEBRACELETANKLET,2020-02-27,1582815600
7843,R_10CAlrx7dbJty9R,MOISTURIZING_SOCK_GLOVE,2020-02-28,1582902000
7844,R_1C4nKyrv0w2thJn,NUTRITIONAL_SUPPLEMENT,2020-02-28,1582902000
7845,R_1C4nKyrv0w2thJn,FLAVORED_DRINK_CONCENTRATE,2020-02-28,1582902000
7846,R_1C4nKyrv0w2thJn,PET_FOOD,2020-02-28,1582902000
7847,R_1C4nKyrv0w2thJn,COSMETIC_SPONGE,2020-02-28,1582902000
7848,R_1C4nKyrv0w2thJn,SEASONING,2020-02-28,1582902000
7849,R_1C4nKyrv0w2thJn,DECORATIVE_MAGNET,2020-02-28,1582902000
7850,R_1C9YUFD8GunlGej,PADDLEBOARD,2020-02-28,1582902000
7851,R_1CDqTWLWIk642Vp,TIMER,2020-02-28,1582902000
7852,R_1FrdQkXjcUod40Z,PANTS,2020-02-28,1582902000
7853,R_1FrdQkXjcUod40Z,SOIL_TILLER_CULTIVATOR,2020-02-28,1582902000
7854,R_1Fyt6rHyiQcVOT8,SKIN_CLEANING_AGENT,2020-02-28,1582902000
7855,R_1Fyt6rHyiQcVOT8,SNACK_FOOD_BAR,2020-02-28,1582902000
7856,R_1Fyt6rHyiQcVOT8,ENVELOPE,2020-02-28,1582902000
7857,R_1Fyt6rHyiQcVOT8,MEDICATION,2020-02-28,1582902000
7858,R_1GVsIStj8gTkbIE,ANIMAL_COLLAR,2020-02-28,1582902000
7859,R_1GWwhndoXXJDzDA,PAPER_TOWEL,2020-02-28,1582902000
7860,R_1IaQCAaU1CcbXWO,SHOES,2020-02-28,1582902000
7861,R_1Kru2C0Zf28ZbQ0,SHOES,2020-02-28,1582902000
7862,R_1LRR1P5IQqdSvIP,PHYSICAL_MOVIE,2020-02-28,1582902000
7863,R_1LRR1P5IQqdSvIP,SKIN_MOISTURIZER,2020-02-28,1582902000
7864,R_1MJSWPNY1QR0Q68,HEADPHONES,2020-02-28,1582902000
7865,R_1Oov0G05pkQnKNn,ABIS_BOOK,2020-02-28,1582902000
7866,R_1Q9JeeKncbbLcz0,BLOOD_OXYGEN_MONITOR,2020-02-28,1582902000
7867,R_1Q9JeeKncbbLcz0,SKIN_CLEANING_AGENT,2020-02-28,1582902000
7868,R_1Q9JeeKncbbLcz0,TOYS_AND_GAMES,2020-02-28,1582902000
7869,R_1Q9JeeKncbbLcz0,VACUUM_CLEANER_BAG,2020-02-28,1582902000
7870,R_1Q9JeeKncbbLcz0,STICKER_DECAL,2020-02-28,1582902000
7871,R_1QKu8qtvgo0d1uS,SHOES,2020-02-28,1582902000
7872,R_1exepO2lYqHFR9q,ABIS_BOOK,2020-02-28,1582902000
7873,R_1exepO2lYqHFR9q,HEALTH_PERSONAL_CARE,2020-02-28,1582902000
7874,R_1exepO2lYqHFR9q,BAKING_CUP,2020-02-28,1582902000
7875,R_1gdxq5ThtPhD06I,DIGITAL_DEVICE_4,2020-02-28,1582902000
7876,R_1hLPyY3aamfi3xT,PET_SUPPLIES,2020-02-28,1582902000
7877,R_1ig4LC2I0cwMCHk,HOME_LIGHTING_ACCESSORY,2020-02-28,1582902000
7878,R_1kYuVPgjXmEfSf8,DISHWARE_PLATE,2020-02-28,1582902000
7879,R_1kYuVPgjXmEfSf8,SKIN_CLEANING_AGENT,2020-02-28,1582902000
7880,R_1lfNYOmsEIqOn65,PHYSICAL_MOVIE,2020-02-28,1582902000
7881,R_1lsgykNxEU4BXTI,PET_FOOD,2020-02-28,1582902000
7882,R_1lsgykNxEU4BXTI,PANTS,2020-02-28,1582902000
7883,R_1lsgykNxEU4BXTI,BOARD_GAME,2020-02-28,1582902000
7884,R_1oFSDeGAQcUN2v8,PHYSICAL_MOVIE,2020-02-28,1582902000
7885,R_1oFSDeGAQcUN2v8,PET_FOOD,2020-02-28,1582902000
7886,R_1oFSDeGAQcUN2v8,HEADPHONES,2020-02-28,1582902000
7887,R_1pm2Wo5wrQSY0Gm,SNACK_FOOD_BAR,2020-02-28,1582902000
7888,R_1pm2Wo5wrQSY0Gm,CELLULAR_PHONE_CASE,2020-02-28,1582902000
7889,R_20S7crqtX9XLeBx,GROCERY,2020-02-28,1582902000
7890,R_20S7crqtX9XLeBx,VITAMIN,2020-02-28,1582902000
7891,R_20S7crqtX9XLeBx,PET_FOOD,2020-02-28,1582902000
7892,R_20S7crqtX9XLeBx,RAZOR_BLADE_CARTRIDGE,2020-02-28,1582902000
7893,R_20S7crqtX9XLeBx,SHIRT,2020-02-28,1582902000
7894,R_20Yd9DvrGselmZY,ELECTRONIC_CABLE,2020-02-28,1582902000
7895,R_20Z3XrmdVrFDp3r,MEDICATION,2020-02-28,1582902000
7896,R_20Z3XrmdVrFDp3r,HEADPHONES,2020-02-28,1582902000
7897,R_20Z3XrmdVrFDp3r,SCREEN_PROTECTOR,2020-02-28,1582902000
7898,R_20Z3XrmdVrFDp3r,PET_FEEDER,2020-02-28,1582902000
7899,R_22QYpfx86KSwry8,SCREEN_PROTECTOR,2020-02-28,1582902000
7900,R_24HjnyxNZEm32Xb,ELECTRONIC_CABLE,2020-02-28,1582902000
7901,R_24HjnyxNZEm32Xb,PANTS,2020-02-28,1582902000
7902,R_24MKoSmvuiLEI76,PROFESSIONAL_HEALTHCARE,2020-02-28,1582902000
7903,R_24csoaO569P4Yzz,DAIRY_BASED_YOGURT,2020-02-28,1582902000
7904,R_24csoaO569P4Yzz,RUG,2020-02-28,1582902000
7905,R_24csoaO569P4Yzz,SHIRT,2020-02-28,1582902000
7906,R_24csoaO569P4Yzz,ABIS_BOOK,2020-02-28,1582902000
7907,R_24csoaO569P4Yzz,SATELLITE_OR_DSS,2020-02-28,1582902000
7908,R_24ovSGBcJmAm7rm,PHYSICAL_MOVIE,2020-02-28,1582902000
7909,R_24ovSGBcJmAm7rm,BATTERY,2020-02-28,1582902000
7910,R_24ovSGBcJmAm7rm,HEALTH_PERSONAL_CARE,2020-02-28,1582902000
7911,R_24ovSGBcJmAm7rm,NUTRITIONAL_SUPPLEMENT,2020-02-28,1582902000
7912,R_25SbPPTyE45YzXP,PHYSICAL_MOVIE,2020-02-28,1582902000
7913,R_25SbPPTyE45YzXP,HEALTH_PERSONAL_CARE,2020-02-28,1582902000
7914,R_25z5LHPaAsxktx7,CELLULAR_PHONE_CASE,2020-02-28,1582902000
7915,R_25z5LHPaAsxktx7,SNACK_FOOD_BAR,2020-02-28,1582902000
7916,R_273TMGuLM3jXisi,TOYS_AND_GAMES,2020-02-28,1582902000
7917,R_273TMGuLM3jXisi,DRYER,2020-02-28,1582902000
7918,R_273TMGuLM3jXisi,PET_FOOD,2020-02-28,1582902000
7919,R_273TMGuLM3jXisi,SWIMWEAR,2020-02-28,1582902000
7920,R_277i50HinKYVoY9,HEADPHONES,2020-02-28,1582902000
7921,R_277i50HinKYVoY9,SNACK_FOOD_BAR,2020-02-28,1582902000
7922,R_277i50HinKYVoY9,ELECTRONIC_CABLE,2020-02-28,1582902000
7923,R_277i50HinKYVoY9,MEDICATION,2020-02-28,1582902000
7924,R_277i50HinKYVoY9,HEADPHONES,2020-02-28,1582902000
7925,R_277i50HinKYVoY9,LEAF_BLOWER,2020-02-28,1582902000
7926,R_277i50HinKYVoY9,ABIS_BOOK,2020-02-28,1582902000
7927,R_277i50HinKYVoY9,SHEET_PAPER,2020-02-28,1582902000
7928,R_277i50HinKYVoY9,PHYSICAL_MOVIE,2020-02-28,1582902000
7929,R_277i50HinKYVoY9,PHYSICAL_MOVIE,2020-02-28,1582902000
7930,R_277i50HinKYVoY9,LEAF_BLOWER,2020-02-28,1582902000
7931,R_277i50HinKYVoY9,RAW_MATERIALS,2020-02-28,1582902000
7932,R_277i50HinKYVoY9,PHYSICAL_TV_SERIES,2020-02-28,1582902000
7933,R_277i50HinKYVoY9,PET_FOOD,2020-02-28,1582902000
7934,R_28BST1zc80UaP2C,SCREEN_PROTECTOR,2020-02-28,1582902000
7935,R_28BST1zc80UaP2C,SHOES,2020-02-28,1582902000
7936,R_28BST1zc80UaP2C,SCREEN_PROTECTOR,2020-02-28,1582902000
7937,R_2ASz0xBmcxqYzUJ,TOY_VEHICLE_SET,2020-02-28,1582902000
7938,R_2ASz0xBmcxqYzUJ,COTTON_PAD,2020-02-28,1582902000
7939,R_2CJ9tQVGVUnaesS,PET_FOOD,2020-02-28,1582902000
7940,R_2CJ9tQVGVUnaesS,HARDWARE_TUBING,2020-02-28,1582902000
7941,R_2CJ9tQVGVUnaesS,IRRIGATION_SPRINKLER,2020-02-28,1582902000
7942,R_2E9JSBmmNNT5YMi,NUTRITIONAL_SUPPLEMENT,2020-02-28,1582902000
7943,R_2E9JSBmmNNT5YMi,PRINT_COPY_PAPER,2020-02-28,1582902000
7944,R_2E9JSBmmNNT5YMi,ABIS_MUSIC,2020-02-28,1582902000
7945,R_2E9JSBmmNNT5YMi,DRESS,2020-02-28,1582902000
7946,R_2E9JSBmmNNT5YMi,HEALTH_PERSONAL_CARE,2020-02-28,1582902000
7947,R_2E9JSBmmNNT5YMi,PERSONAL_FLOTATION_DEVICE,2020-02-28,1582902000
7948,R_2EglJpTWGEiwQYa,HVAC_CONTROL_THERMOSTAT,2020-02-28,1582902000
7949,R_2QXJIE0UXBTy8wd,SKIN_MOISTURIZER,2020-02-28,1582902000
7950,R_2Ser7goSgo0gVBj,PET_FOOD,2020-02-28,1582902000
7951,R_2Ser7goSgo0gVBj,PHYSICAL_MOVIE,2020-02-28,1582902000
7952,R_2SksQStmmNpRaiB,MEDICATION,2020-02-28,1582902000
7953,R_2UVhfjk1qQb6KI5,COMPUTER_PROCESSOR,2020-02-28,1582902000
7954,R_2UVhfjk1qQb6KI5,SHIRT,2020-02-28,1582902000
7955,R_2UVhfjk1qQb6KI5,COMPUTER_DRIVE_OR_STORAGE,2020-02-28,1582902000
7956,R_2UVhfjk1qQb6KI5,FLASH_DRIVE,2020-02-28,1582902000
7957,R_2UVhfjk1qQb6KI5,HEADPHONES,2020-02-28,1582902000
7958,R_2UVhfjk1qQb6KI5,SNACK_FOOD_BAR,2020-02-28,1582902000
7959,R_2UVhfjk1qQb6KI5,HEADPHONES,2020-02-28,1582902000
7960,R_2VyUSFk11bbTVej,SNACK_FOOD_BAR,2020-02-28,1582902000
7961,R_2WAagX64hf1kdMI,HEADPHONES,2020-02-28,1582902000
7962,R_2XoI6KbLJRGFz5X,ABIS_BOOK,2020-02-28,1582902000
7963,R_2XoI6KbLJRGFz5X,SKIN_MOISTURIZER,2020-02-28,1582902000
7964,R_2YJLVqCGAyLiODQ,SKIN_CLEANING_AGENT,2020-02-28,1582902000
7965,R_2YJLVqCGAyLiODQ,COUNTERTOP_GRIDDLE_APPLIANCE,2020-02-28,1582902000
7966,R_2YJLVqCGAyLiODQ,CELLULAR_PHONE_CASE,2020-02-28,1582902000
7967,R_2YKPfnktaDrPIYT,COFFEE,2020-02-28,1582902000
7968,R_2YKPfnktaDrPIYT,FIDGET_TOY_SPINNER,2020-02-28,1582902000
7969,R_2YKPfnktaDrPIYT,ABIS_BOOK,2020-02-28,1582902000
7970,R_2YKPfnktaDrPIYT,HEALTH_PERSONAL_CARE,2020-02-28,1582902000
7971,R_2YKPfnktaDrPIYT,COFFEE,2020-02-28,1582902000
7972,R_2YKPfnktaDrPIYT,SHIRT,2020-02-28,1582902000
7973,R_2YVQQRVSdj7M8Va,BATTERY,2020-02-28,1582902000
7974,R_2YYB0ZXHHFsMn1o,SHIRT,2020-02-28,1582902000
7975,R_2ZEQSnRGlS7ZscC,SKIN_CLEANING_AGENT,2020-02-28,1582902000
7976,R_2dz3LTOMlLK2R8T,TOYS_AND_GAMES,2020-02-28,1582902000
7977,R_2dz3LTOMlLK2R8T,SKIN_MOISTURIZER,2020-02-28,1582902000
7978,R_2dz3LTOMlLK2R8T,VITAMIN,2020-02-28,1582902000
7979,R_2dz3LTOMlLK2R8T,BATTERY,2020-02-28,1582902000
7980,R_2dz3LTOMlLK2R8T,BATTERY,2020-02-28,1582902000
7981,R_2fD6Jy2muMgaubH,TOYS_AND_GAMES,2020-02-28,1582902000
7982,R_2mAJniG0xVBIInL,VITAMIN,2020-02-28,1582902000
7983,R_2mAJniG0xVBIInL,BATTERY,2020-02-28,1582902000
7984,R_2qjAN1lyLAdAxT2,SPROCKETS,2020-02-28,1582902000
7985,R_2ri4RVtvkxnZzHj,DRILL,2020-02-28,1582902000
7986,R_2ri4RVtvkxnZzHj,SCREEN_PROTECTOR,2020-02-28,1582902000
7987,R_2uTysluImvxkQBY,PHYSICAL_MOVIE,2020-02-28,1582902000
7988,R_2uTysluImvxkQBY,VITAMIN,2020-02-28,1582902000
7989,R_2uTysluImvxkQBY,NUTRITIONAL_SUPPLEMENT,2020-02-28,1582902000
7990,R_2vYO5d3Ry8qjf5g,SOUS_VIDE_MACHINE,2020-02-28,1582902000
7991,R_2vYO5d3Ry8qjf5g,PET_FOOD,2020-02-28,1582902000
7992,R_2yplkUxhAWZaFUL,MAJOR_HOME_APPLIANCES,2020-02-28,1582902000
7993,R_2yplkUxhAWZaFUL,TOYS_AND_GAMES,2020-02-28,1582902000
7994,R_2yplkUxhAWZaFUL,SCREEN_PROTECTOR,2020-02-28,1582902000
7995,R_2yplkUxhAWZaFUL,ANIMAL_WATER_DISPENSER,2020-02-28,1582902000
7996,R_2yplkUxhAWZaFUL,LICENSE_PLATE_ATTACHMENT,2020-02-28,1582902000
7997,R_2yplkUxhAWZaFUL,PET_FOOD,2020-02-28,1582902000
7998,R_2z7rLZb69WuqDdf,SKIN_MOISTURIZER,2020-02-28,1582902000
7999,R_2z7rLZb69WuqDdf,SCREEN_PROTECTOR,2020-02-28,1582902000
8000,R_2z7rLZb69WuqDdf,GROCERY,2020-02-28,1582902000
8001,R_2z7rLZb69WuqDdf,PET_FOOD,2020-02-28,1582902000
8002,R_2z7rLZb69WuqDdf,NUTRITIONAL_SUPPLEMENT,2020-02-28,1582902000
8003,R_2z7rLZb69WuqDdf,CELLULAR_PHONE_CASE,2020-02-28,1582902000
8004,R_2zCmQhJtrw3xBtV,CARABINER,2020-02-28,1582902000
8005,R_2zCmQhJtrw3xBtV,SCREEN_PROTECTOR,2020-02-28,1582902000
8006,R_2zCmQhJtrw3xBtV,BATTERY,2020-02-28,1582902000
8007,R_301uq7vv7YTe7qQ,WALLET,2020-02-28,1582902000
8008,R_301uq7vv7YTe7qQ,RECREATION_BALL,2020-02-28,1582902000
8009,R_301uq7vv7YTe7qQ,HEAT_TRANSFER_MATERIAL,2020-02-28,1582902000
8010,R_301uq7vv7YTe7qQ,CUFF_LINK,2020-02-28,1582902000
8011,R_31n2MLk9w05iLzN,VITAMIN,2020-02-28,1582902000
8012,R_325wNEypLBLRTf7,VITAMIN,2020-02-28,1582902000
8013,R_325wNEypLBLRTf7,PHOTOGRAPHIC_FILM,2020-02-28,1582902000
8014,R_32Mm71oAJq2K9XK,GROCERY,2020-02-28,1582902000
8015,R_32Mm71oAJq2K9XK,SNACK_FOOD_BAR,2020-02-28,1582902000
8016,R_32Mm71oAJq2K9XK,VITAMIN,2020-02-28,1582902000
8017,R_32Mm71oAJq2K9XK,SCREEN_PROTECTOR,2020-02-28,1582902000
8018,R_32Mm71oAJq2K9XK,SKIN_FOUNDATION_CONCEALER,2020-02-28,1582902000
8019,R_32Mm71oAJq2K9XK,PANTS,2020-02-28,1582902000
8020,R_32UZncFA03IrQwQ,SHOES,2020-02-28,1582902000
8021,R_33a2eGfoj5xSrE2,INSTALLATION_SERVICES,2020-02-28,1582902000
8022,R_33dxSOlpYwYOjFE,TOY_BUILDING_BLOCK,2020-02-28,1582902000
8023,R_39HhVszlqdawZPP,TOOLS,2020-02-28,1582902000
8024,R_39HhVszlqdawZPP,SHIRT,2020-02-28,1582902000
8025,R_39HhVszlqdawZPP,SKIN_CLEANING_AGENT,2020-02-28,1582902000
8026,R_3D8fwycJF7eksBo,HAMMER_MALLET,2020-02-28,1582902000
8027,R_3D8fwycJF7eksBo,SKIN_CLEANING_AGENT,2020-02-28,1582902000
8028,R_3EMaONYGibovcxQ,TOYS_AND_GAMES,2020-02-28,1582902000
8029,R_3ESuELdvO5mTjxj,MECHANICAL_LIGHTER,2020-02-28,1582902000
8030,R_3ESuELdvO5mTjxj,VITAMIN,2020-02-28,1582902000
8031,R_3EsC5YHmiHe5s54,BATTERY,2020-02-28,1582902000
8032,R_3GCXgWFPLgXAuFC,SKIN_MOISTURIZER,2020-02-28,1582902000
8033,R_3GCXgWFPLgXAuFC,SHIRT,2020-02-28,1582902000
8034,R_3GCXgWFPLgXAuFC,SKIN_CLEANING_AGENT,2020-02-28,1582902000
8035,R_3GCXgWFPLgXAuFC,DRAIN_STRAINER,2020-02-28,1582902000
8036,R_3GCXgWFPLgXAuFC,SHOES,2020-02-28,1582902000
8037,R_3GCXgWFPLgXAuFC,LUGGAGE,2020-02-28,1582902000
8038,R_3GCXgWFPLgXAuFC,LUGGAGE,2020-02-28,1582902000
8039,R_3GCXgWFPLgXAuFC,TRAMPOLINE,2020-02-28,1582902000
8040,R_3GCXgWFPLgXAuFC,BLANK_BOOK,2020-02-28,1582902000
8041,R_3GCXgWFPLgXAuFC,TABLE,2020-02-28,1582902000
8042,R_3GCXgWFPLgXAuFC,VITAMIN,2020-02-28,1582902000
8043,R_3GCXgWFPLgXAuFC,BODY_DEODORANT,2020-02-28,1582902000
8044,R_3GCXgWFPLgXAuFC,HEADPHONES,2020-02-28,1582902000
8045,R_3GCXgWFPLgXAuFC,HEADPHONES,2020-02-28,1582902000
8046,R_3GCXgWFPLgXAuFC,BAKEWARE,2020-02-28,1582902000
8047,R_3GCXgWFPLgXAuFC,MAJOR_HOME_APPLIANCES,2020-02-28,1582902000
8048,R_3GCXgWFPLgXAuFC,TRAMPOLINE,2020-02-28,1582902000
8049,R_3GCXgWFPLgXAuFC,TOYS_AND_GAMES,2020-02-28,1582902000
8050,R_3GCXgWFPLgXAuFC,MEDICATION,2020-02-28,1582902000
8051,R_3GCXgWFPLgXAuFC,CELLULAR_PHONE_CASE,2020-02-28,1582902000
8052,R_3GCXgWFPLgXAuFC,VITAMIN,2020-02-28,1582902000
8053,R_3GCXgWFPLgXAuFC,BATTERY,2020-02-28,1582902000
8054,R_3GCXgWFPLgXAuFC,SNACK_FOOD_BAR,2020-02-28,1582902000
8055,R_3GCXgWFPLgXAuFC,TABLE,2020-02-28,1582902000
8056,R_3GCXgWFPLgXAuFC,GROCERY,2020-02-28,1582902000
8057,R_3GCXgWFPLgXAuFC,GROCERY,2020-02-28,1582902000
8058,R_3GCXgWFPLgXAuFC,BODY_CARE_PRODUCT,2020-02-28,1582902000
8059,R_3GCXgWFPLgXAuFC,SKIN_CLEANING_AGENT,2020-02-28,1582902000
8060,R_3GCXgWFPLgXAuFC,SOLDERING_IRON,2020-02-28,1582902000
8061,R_3GCXgWFPLgXAuFC,ELECTRONIC_CABLE,2020-02-28,1582902000
8062,R_3GCXgWFPLgXAuFC,LUGGAGE,2020-02-28,1582902000
8063,R_3GCXgWFPLgXAuFC,BATTERY,2020-02-28,1582902000
8064,R_3GCXgWFPLgXAuFC,NUTRITIONAL_SUPPLEMENT,2020-02-28,1582902000
8065,R_3GCXgWFPLgXAuFC,VITAMIN,2020-02-28,1582902000
8066,R_3GCXgWFPLgXAuFC,HEADPHONES,2020-02-28,1582902000
8067,R_3GCXgWFPLgXAuFC,PET_FOOD,2020-02-28,1582902000
8068,R_3GCXgWFPLgXAuFC,SHOES,2020-02-28,1582902000
8069,R_3GCXgWFPLgXAuFC,PANTS,2020-02-28,1582902000
8070,R_3GCXgWFPLgXAuFC,TOYS_AND_GAMES,2020-02-28,1582902000
8071,R_3GCXgWFPLgXAuFC,LUGGAGE,2020-02-28,1582902000
8072,R_3GCXgWFPLgXAuFC,VITAMIN,2020-02-28,1582902000
8073,R_3GCXgWFPLgXAuFC,MAJOR_HOME_APPLIANCES,2020-02-28,1582902000
8074,R_3GCXgWFPLgXAuFC,SKIN_CLEANING_AGENT,2020-02-28,1582902000
8075,R_3GCXgWFPLgXAuFC,HEADPHONES,2020-02-28,1582902000
8076,R_3GCXgWFPLgXAuFC,MEDICATION,2020-02-28,1582902000
8077,R_3GCXgWFPLgXAuFC,ABIS_BOOK,2020-02-28,1582902000
8078,R_3GCXgWFPLgXAuFC,ELECTRONIC_CABLE,2020-02-28,1582902000
8079,R_3GCXgWFPLgXAuFC,SHOES,2020-02-28,1582902000
8080,R_3GCXgWFPLgXAuFC,BATTERY,2020-02-28,1582902000
8081,R_3GCXgWFPLgXAuFC,VIVARIUM,2020-02-28,1582902000
8082,R_3GCXgWFPLgXAuFC,HOME_THEATER_SYSTEM_OR_HTIB,2020-02-28,1582902000
8083,R_3GCXgWFPLgXAuFC,BAKEWARE,2020-02-28,1582902000
8084,R_3GCXgWFPLgXAuFC,SHOES,2020-02-28,1582902000
8085,R_3GCXgWFPLgXAuFC,ABIS_BOOK,2020-02-28,1582902000
8086,R_3GCXgWFPLgXAuFC,HEALTH_PERSONAL_CARE,2020-02-28,1582902000
8087,R_3GCXgWFPLgXAuFC,SKIN_CLEANING_AGENT,2020-02-28,1582902000
8088,R_3GCXgWFPLgXAuFC,SYRINGE,2020-02-28,1582902000
8089,R_3GCXgWFPLgXAuFC,PET_FOOD,2020-02-28,1582902000
8090,R_3GCXgWFPLgXAuFC,HEADPHONES,2020-02-28,1582902000
8091,R_3GCXgWFPLgXAuFC,SHADE_SAIL,2020-02-28,1582902000
8092,R_3GCXgWFPLgXAuFC,SKIN_CLEANING_AGENT,2020-02-28,1582902000
8093,R_3GCXgWFPLgXAuFC,PET_FOOD,2020-02-28,1582902000
8094,R_3GCXgWFPLgXAuFC,VITAMIN,2020-02-28,1582902000
8095,R_3GCXgWFPLgXAuFC,SNACK_FOOD_BAR,2020-02-28,1582902000
8096,R_3GCXgWFPLgXAuFC,NUTRITIONAL_SUPPLEMENT,2020-02-28,1582902000
8097,R_3GCXgWFPLgXAuFC,TOYS_AND_GAMES,2020-02-28,1582902000
8098,R_3HigTq4itishziE,HEADPHONES,2020-02-28,1582902000
8099,R_3HigTq4itishziE,MEDICATION,2020-02-28,1582902000
8100,R_3Hphzg7zu04Hgy1,HAIR_TRIMMER,2020-02-28,1582902000
8101,R_3Hphzg7zu04Hgy1,ANIMAL_MEDICATION,2020-02-28,1582902000
8102,R_3J8UIMbwljBx6df,CELLULAR_PHONE_CASE,2020-02-28,1582902000
8103,R_3J8UIMbwljBx6df,FALSE_EYELASH,2020-02-28,1582902000
8104,R_3J8UIMbwljBx6df,HEALTH_PERSONAL_CARE,2020-02-28,1582902000
8105,R_3J8UIMbwljBx6df,ELECTRONIC_CABLE,2020-02-28,1582902000
8106,R_3J8UIMbwljBx6df,HEADPHONES,2020-02-28,1582902000
8107,R_3Jxiicg67etW2yt,SNACK_FOOD_BAR,2020-02-28,1582902000
8108,R_3MyEdXOZ8P75S1V,MOUTHWASH,2020-02-28,1582902000
8109,R_3OdXDDGsG2bvbXb,PANTS,2020-02-28,1582902000
8110,R_3OdXDDGsG2bvbXb,SKIN_CLEANING_AGENT,2020-02-28,1582902000
8111,R_3OdXDDGsG2bvbXb,SNACK_FOOD_BAR,2020-02-28,1582902000
8112,R_3PZvezr4ITRkiKV,NUTRITIONAL_SUPPLEMENT,2020-02-28,1582902000
8113,R_3PZvezr4ITRkiKV,VIDEO_DVD,2020-02-28,1582902000
8114,R_3PZvezr4ITRkiKV,NECKLACE,2020-02-28,1582902000
8115,R_3PZvezr4ITRkiKV,BEAUTY,2020-02-28,1582902000
8116,R_3PZvezr4ITRkiKV,PHYSICAL_MOVIE,2020-02-28,1582902000
8117,R_3PZvezr4ITRkiKV,NECKLACE,2020-02-28,1582902000
8118,R_3PZvezr4ITRkiKV,GROCERY,2020-02-28,1582902000
8119,R_3PZvezr4ITRkiKV,HEALTH_PERSONAL_CARE,2020-02-28,1582902000
8120,R_3PZvezr4ITRkiKV,SKIN_CLEANING_AGENT,2020-02-28,1582902000
8121,R_3gTrwWhEzAv6gzH,SCREEN_PROTECTOR,2020-02-28,1582902000
8122,R_3gTrwWhEzAv6gzH,SHIRT,2020-02-28,1582902000
8123,R_3ite6il7LXUvpB6,PET_FOOD,2020-02-28,1582902000
8124,R_3ite6il7LXUvpB6,GROCERY,2020-02-28,1582902000
8125,R_3ixUxNOUiEYD7KJ,TOYS_AND_GAMES,2020-02-28,1582902000
8126,R_3ixUxNOUiEYD7KJ,CORD_ROPE,2020-02-28,1582902000
8127,R_3ixUxNOUiEYD7KJ,TOYS_AND_GAMES,2020-02-28,1582902000
8128,R_3ixUxNOUiEYD7KJ,ABIS_BOOK,2020-02-28,1582902000
8129,R_3ixUxNOUiEYD7KJ,TOYS_AND_GAMES,2020-02-28,1582902000
8130,R_3n17fNI56KA8rTV,COSMETIC_BRUSH,2020-02-28,1582902000
8131,R_3n17fNI56KA8rTV,ABIS_BOOK,2020-02-28,1582902000
8132,R_3nAdXXqYg1JqHOf,SKIN_CLEANING_AGENT,2020-02-28,1582902000
8133,R_3nH1Odp9Yjm86gN,PHYSICAL_MOVIE,2020-02-28,1582902000
8134,R_3oO3DoeTgXHrEzx,CELLULAR_PHONE_CASE,2020-02-28,1582902000
8135,R_3oO3DoeTgXHrEzx,TOYS_AND_GAMES,2020-02-28,1582902000
8136,R_3oO3DoeTgXHrEzx,NUTRITIONAL_SUPPLEMENT,2020-02-28,1582902000
8137,R_3oWSVjKtFIw0OE8,PET_SUPPLIES,2020-02-28,1582902000
8138,R_3oWSVjKtFIw0OE8,SHOES,2020-02-28,1582902000
8139,R_3qTFp0FJqUeMhVZ,TOYS_AND_GAMES,2020-02-28,1582902000
8140,R_3rV7kPHe9hVsMee,INSECT_REPELLENT,2020-02-28,1582902000
8141,R_3rV7kPHe9hVsMee,ABIS_BOOK,2020-02-28,1582902000
8142,R_3rV7kPHe9hVsMee,ABIS_BOOK,2020-02-28,1582902000
8143,R_3rZHdmB75jSgwhr,CELLULAR_PHONE_CASE,2020-02-28,1582902000
8144,R_3rZHdmB75jSgwhr,GREENHOUSE,2020-02-28,1582902000
8145,R_4PhRzF4UI9ooLh7,SHOES,2020-02-28,1582902000
8146,R_4PhRzF4UI9ooLh7,PHYSICAL_MOVIE,2020-02-28,1582902000
8147,R_4TMdmQ1SjGtT6Ex,TOYS_AND_GAMES,2020-02-28,1582902000
8148,R_4TMdmQ1SjGtT6Ex,SKIN_CLEANING_AGENT,2020-02-28,1582902000
8149,R_6SbhJD23U5a2YJX,SKIN_MOISTURIZER,2020-02-28,1582902000
8150,R_6SbhJD23U5a2YJX,SKIN_MOISTURIZER,2020-02-28,1582902000
8151,R_6SbhJD23U5a2YJX,SCREEN_PROTECTOR,2020-02-28,1582902000
8152,R_8CXcySQawXPuJwJ,PHYSICAL_MOVIE,2020-02-28,1582902000
8153,R_8CXcySQawXPuJwJ,SHOES,2020-02-28,1582902000
8154,R_8pMsG4P0RqzoSlz,ABIS_BOOK,2020-02-28,1582902000
8155,R_Djcs43mP6ReoYgN,SKIN_MOISTURIZER,2020-02-28,1582902000
8156,R_PwlnzzccUMXV0n7,HEADPHONES,2020-02-28,1582902000
8157,R_Q6WPHvxgbOBjvZ7,SNACK_FOOD_BAR,2020-02-28,1582902000
8158,R_Q6WPHvxgbOBjvZ7,BODY_DEODORANT,2020-02-28,1582902000
8159,R_RaeWxaWjb7z8CLT,SKIN_CLEANING_AGENT,2020-02-28,1582902000
8160,R_RaeWxaWjb7z8CLT,NUTRITIONAL_SUPPLEMENT,2020-02-28,1582902000
8161,R_RfThNEyjDIX9xwl,APPLIANCE_ACCESSORY,2020-02-28,1582902000
8162,R_RfThNEyjDIX9xwl,ABIS_BOOK,2020-02-28,1582902000
8163,R_RfThNEyjDIX9xwl,PAPER_TOWEL,2020-02-28,1582902000
8164,R_RfThNEyjDIX9xwl,BATTERY,2020-02-28,1582902000
8165,R_SDxHC9YZwYTKedz,ABIS_BOOK,2020-02-28,1582902000
8166,R_SDxHC9YZwYTKedz,HOME,2020-02-28,1582902000
8167,R_SIWNWQmjel55jzP,GROCERY,2020-02-28,1582902000
8168,R_SIWNWQmjel55jzP,FRUIT,2020-02-28,1582902000
8169,R_TwqkiWpv7r8ygAV,MEDICATION,2020-02-28,1582902000
8170,R_TwqkiWpv7r8ygAV,PAJAMAS,2020-02-28,1582902000
8171,R_TwqkiWpv7r8ygAV,MEDICATION,2020-02-28,1582902000
8172,R_Ui78k1hRGuGWhln,HEADPHONES,2020-02-28,1582902000
8173,R_Ui78k1hRGuGWhln,PHYSICAL_MOVIE,2020-02-28,1582902000
8174,R_XYTa0bvoaQqev3r,PANTS,2020-02-28,1582902000
8175,R_XYTa0bvoaQqev3r,SKIN_CLEANING_AGENT,2020-02-28,1582902000
8176,R_XYTa0bvoaQqev3r,SLEEP_MASK,2020-02-28,1582902000
8177,R_XYTa0bvoaQqev3r,ELECTRONIC_CABLE,2020-02-28,1582902000
8178,R_XYsrPCXL5N6boad,CELLULAR_PHONE_CASE,2020-02-28,1582902000
8179,R_XYsrPCXL5N6boad,FLASH_CARD,2020-02-28,1582902000
8180,R_XYsrPCXL5N6boad,KNIFE_BLOCK_SET,2020-02-28,1582902000
8181,R_XYsrPCXL5N6boad,HEADPHONES,2020-02-28,1582902000
8182,R_XYsrPCXL5N6boad,CONDOM,2020-02-28,1582902000
8183,R_XZAx9TyW7gz9GxP,SOLDERING_IRON,2020-02-28,1582902000
8184,R_Xt4H8BJ1Vx7ws8h,PET_FOOD,2020-02-28,1582902000
8185,R_Xt4H8BJ1Vx7ws8h,PHYSICAL_MOVIE,2020-02-28,1582902000
8186,R_Xt4H8BJ1Vx7ws8h,TOOL_BELT,2020-02-28,1582902000
8187,R_XwiCirQyfwJzVtv,SNACK_FOOD_BAR,2020-02-28,1582902000
8188,R_Y4jCkfTFzvtw5SF,SKIN_MOISTURIZER,2020-02-28,1582902000
8189,R_Y4jCkfTFzvtw5SF,ABIS_BOOK,2020-02-28,1582902000
8190,R_Y4jCkfTFzvtw5SF,STICKER_DECAL,2020-02-28,1582902000
8191,R_Z4qMkqhWSmIbdSh,MEDICATION,2020-02-28,1582902000
8192,R_ZkokwdIEZybYo9z,SNACK_FOOD_BAR,2020-02-28,1582902000
8193,R_b14mPI2m0e5yH9D,FLAT_SCREEN_DISPLAY_MOUNT,2020-02-28,1582902000
8194,R_bBgIkZfU6RwGLWF,SNACK_FOOD_BAR,2020-02-28,1582902000
8195,R_bBgIkZfU6RwGLWF,PAPER_TOWEL_HOLDER,2020-02-28,1582902000
8196,R_bBgIkZfU6RwGLWF,SHIRT,2020-02-28,1582902000
8197,R_br5a8OxAqrKRxQd,VITAMIN,2020-02-28,1582902000
8198,R_br5a8OxAqrKRxQd,PANTS,2020-02-28,1582902000
8199,R_cCucjmijTJETC6d,SWEATER,2020-02-28,1582902000
8200,R_cCucjmijTJETC6d,ELECTRONIC_CABLE,2020-02-28,1582902000
8201,R_cCucjmijTJETC6d,SWEATER,2020-02-28,1582902000
8202,R_e8KTElZZLWryLWp,SWEATER,2020-02-28,1582902000
8203,R_e8KTElZZLWryLWp,WATER,2020-02-28,1582902000
8204,R_e8KTElZZLWryLWp,COFFEE_MAKER,2020-02-28,1582902000
8205,R_pMnqpu31myYoxy1,PET_FOOD,2020-02-28,1582902000
8206,R_plnyqyltsGtao9P,SPLASH_POOL,2020-02-28,1582902000
8207,R_plnyqyltsGtao9P,MEDICATION,2020-02-28,1582902000
8208,R_pzMCRYrC0qiSwIF,NUTRITIONAL_SUPPLEMENT,2020-02-28,1582902000
8209,R_r1qqClBL89aFjXP,SCREEN_PROTECTOR,2020-02-28,1582902000
8210,R_r1qqClBL89aFjXP,TELESCOPE,2020-02-28,1582902000
8211,R_r1qqClBL89aFjXP,MEDICATION,2020-02-28,1582902000
8212,R_reG3llJtTwO6ccV,COLLECTIBLE_CARD,2020-02-28,1582902000
8213,R_reG3llJtTwO6ccV,CELLULAR_PHONE_CASE,2020-02-28,1582902000
8214,R_reG3llJtTwO6ccV,SAUNA,2020-02-28,1582902000
8215,R_sotmrGe7Rv3U10J,ELECTRIC_FOOD_MILL_GRINDER,2020-02-28,1582902000
8216,R_swfIN0JgX72IbMl,HEALTH_PERSONAL_CARE,2020-02-28,1582902000
8217,R_u2EdYogSnJBrpex,PET_FOOD,2020-02-28,1582902000
8218,R_u2EdYogSnJBrpex,SNACK_FOOD_BAR,2020-02-28,1582902000
8219,R_u2EdYogSnJBrpex,PET_FOOD,2020-02-28,1582902000
8220,R_u2EdYogSnJBrpex,ELECTRONIC_CABLE,2020-02-28,1582902000
8221,R_x0hVvTTXGQY9FRf,GROCERY,2020-02-28,1582902000
8222,R_yrLrYUf4oFzOnjb,PET_APPAREL,2020-02-28,1582902000
8223,R_0D6GtQwa6VcnXpv,SCREEN_PROTECTOR,2020-02-29,1582988400
8224,R_0D6GtQwa6VcnXpv,TOYS_AND_GAMES,2020-02-29,1582988400
8225,R_0D6GtQwa6VcnXpv,MATTRESS,2020-02-29,1582988400
8226,R_10CAlrx7dbJty9R,WIRE_STRIPPER,2020-02-29,1582988400
8227,R_10CAlrx7dbJty9R,MEDICATION,2020-02-29,1582988400
8228,R_12QFQ7lCIls8sRd,TOYS_AND_GAMES,2020-02-29,1582988400
8229,R_12QFQ7lCIls8sRd,RAW_MATERIALS,2020-02-29,1582988400
8230,R_1C4nKyrv0w2thJn,HEALTH_PERSONAL_CARE,2020-02-29,1582988400
8231,R_1C8w4NDDQC5fcgE,BATTERY,2020-02-29,1582988400
8232,R_1C8w4NDDQC5fcgE,BICYCLE_BASKET,2020-02-29,1582988400
8233,R_1C8w4NDDQC5fcgE,SKIN_CLEANING_AGENT,2020-02-29,1582988400
8234,R_1C9YUFD8GunlGej,TOY_FIGURE,2020-02-29,1582988400
8235,R_1C9YUFD8GunlGej,VITAMIN,2020-02-29,1582988400
8236,R_1Cd5zmz07X5BqKa,BARBECUE_GRILL,2020-02-29,1582988400
8237,R_1DJdUrYA1I0QAKh,HEADPHONES,2020-02-29,1582988400
8238,R_1DYWdbAMt6LyCZH,VACUUM_CLEANER,2020-02-29,1582988400
8239,R_1Fyt6rHyiQcVOT8,TOYS_AND_GAMES,2020-02-29,1582988400
8240,R_1I4dnMKlrmtUP09,HEALTH_PERSONAL_CARE,2020-02-29,1582988400
8241,R_1IZrt5CyqgTg2Qe,PHYSICAL_TV_SERIES,2020-02-29,1582988400
8242,R_1KxVDxZl2H0XoHS,TOYS_AND_GAMES,2020-02-29,1582988400
8243,R_1KxVDxZl2H0XoHS,SKIN_CLEANING_AGENT,2020-02-29,1582988400
8244,R_1KxVDxZl2H0XoHS,PET_FOOD,2020-02-29,1582988400
8245,R_1LMa9REuvUok05j,HEADPHONES,2020-02-29,1582988400
8246,R_1LMa9REuvUok05j,SCISSORS,2020-02-29,1582988400
8247,R_1MTbVUzYEQq2MzU,PET_FOOD,2020-02-29,1582988400
8248,R_1MTbVUzYEQq2MzU,JERKY,2020-02-29,1582988400
8249,R_1NCzj2eSHI4QGcd,MEDICATION,2020-02-29,1582988400
8250,R_1NDq0rxoUSu6oyz,BLOOD_OXYGEN_MONITOR,2020-02-29,1582988400
8251,R_1NDq0rxoUSu6oyz,SKIN_CLEANING_AGENT,2020-02-29,1582988400
8252,R_1NDq0rxoUSu6oyz,MEDICATION,2020-02-29,1582988400
8253,R_1NDq0rxoUSu6oyz,CELLULAR_PHONE_CASE,2020-02-29,1582988400
8254,R_1Oov0G05pkQnKNn,GIFT_CARD,2020-02-29,1582988400
8255,R_1Oov0G05pkQnKNn,GROCERY,2020-02-29,1582988400
8256,R_1Oov0G05pkQnKNn,GROCERY,2020-02-29,1582988400
8257,R_1Oov0G05pkQnKNn,ELECTRONIC_CABLE,2020-02-29,1582988400
8258,R_1Oov0G05pkQnKNn,GROCERY,2020-02-29,1582988400
8259,R_1QLfbB3Lho273wG,NUTRITIONAL_SUPPLEMENT,2020-02-29,1582988400
8260,R_1daE3vUDxFrSw4I,SKIN_CLEANING_AGENT,2020-02-29,1582988400
8261,R_1j6t5KhjtwDhdKa,SHIRT,2020-02-29,1582988400
8262,R_1j6t5KhjtwDhdKa,HEADPHONES,2020-02-29,1582988400
8263,R_1jUqdfR1Zz6mZMf,COFFEE,2020-02-29,1582988400
8264,R_1jUqdfR1Zz6mZMf,HEALTH_PERSONAL_CARE,2020-02-29,1582988400
8265,R_1jUqdfR1Zz6mZMf,HEADPHONES,2020-02-29,1582988400
8266,R_1lfNYOmsEIqOn65,PET_FOOD,2020-02-29,1582988400
8267,R_1lfNYOmsEIqOn65,CONTAINER_LID,2020-02-29,1582988400
8268,R_1lfNYOmsEIqOn65,HEALTH_PERSONAL_CARE,2020-02-29,1582988400
8269,R_1lxYa2W6GgcAQ19,SHIRT,2020-02-29,1582988400
8270,R_1lxYa2W6GgcAQ19,HANGING_ROD,2020-02-29,1582988400
8271,R_1lxYa2W6GgcAQ19,CELLULAR_PHONE_CASE,2020-02-29,1582988400
8272,R_1oFRyes3ggnKU4B,ABIS_BOOK,2020-02-29,1582988400
8273,R_1oFSDeGAQcUN2v8,ELECTRONIC_CABLE,2020-02-29,1582988400
8274,R_1oFSDeGAQcUN2v8,SKIN_MOISTURIZER,2020-02-29,1582988400
8275,R_1pm2Wo5wrQSY0Gm,CELLULAR_PHONE_CASE,2020-02-29,1582988400
8276,R_1pu4x2PBb4LrSWk,PANTS,2020-02-29,1582988400
8277,R_22QYpfx86KSwry8,ABIS_BOOK,2020-02-29,1582988400
8278,R_22QYpfx86KSwry8,HEADPHONES,2020-02-29,1582988400
8279,R_24HjnyxNZEm32Xb,WIG,2020-02-29,1582988400
8280,R_24dbGLxukEKohG6,NUTRITIONAL_SUPPLEMENT,2020-02-29,1582988400
8281,R_24dbGLxukEKohG6,HEALTH_PERSONAL_CARE,2020-02-29,1582988400
8282,R_25Wwg273Uw26jA1,PHYSICAL_SOFTWARE,2020-02-29,1582988400
8283,R_25Wwg273Uw26jA1,SHOES,2020-02-29,1582988400
8284,R_25thHabUddjXGzt,HEADPHONES,2020-02-29,1582988400
8285,R_273TMGuLM3jXisi,SUNSCREEN,2020-02-29,1582988400
8286,R_277i50HinKYVoY9,HUMIDITY_METER,2020-02-29,1582988400
8287,R_27DL80quzRiSEmq,HEALTH_PERSONAL_CARE,2020-02-29,1582988400
8288,R_27DL80quzRiSEmq,HEALTH_PERSONAL_CARE,2020-02-29,1582988400
8289,R_27ydwfqncX77Mnd,HEADPHONES,2020-02-29,1582988400
8290,R_28BST1zc80UaP2C,ELECTRONIC_CABLE,2020-02-29,1582988400
8291,R_28BST1zc80UaP2C,HANDLE_GRIP,2020-02-29,1582988400
8292,R_29uBVByYo0xAXiZ,SKIN_EXFOLIANT,2020-02-29,1582988400
8293,R_29uBVByYo0xAXiZ,HANDLEBAR_GRIP,2020-02-29,1582988400
8294,R_2ASz0xBmcxqYzUJ,PHYSICAL_MOVIE,2020-02-29,1582988400
8295,R_2ASz0xBmcxqYzUJ,BLANKET,2020-02-29,1582988400
8296,R_2ASz0xBmcxqYzUJ,BLANKET,2020-02-29,1582988400
8297,R_2AXcJk6rRN4M33l,HARDWARE_TUBING,2020-02-29,1582988400
8298,R_2CKdeuvfVrO8I49,CASSEROLES,2020-02-29,1582988400
8299,R_2CKdeuvfVrO8I49,CELLULAR_PHONE_CASE,2020-02-29,1582988400
8300,R_2CKdeuvfVrO8I49,ABIS_BOOK,2020-02-29,1582988400
8301,R_2CKdeuvfVrO8I49,FURNITURE,2020-02-29,1582988400
8302,R_2CKdeuvfVrO8I49,ELECTRONIC_CABLE,2020-02-29,1582988400
8303,R_2CKdeuvfVrO8I49,ABIS_BOOK,2020-02-29,1582988400
8304,R_2D1zydYR5SZ0LpK,PANTS,2020-02-29,1582988400
8305,R_2D1zydYR5SZ0LpK,HOME_LIGHTING_AND_LAMPS,2020-02-29,1582988400
8306,R_2D1zydYR5SZ0LpK,MEDICATION,2020-02-29,1582988400
8307,R_2D1zydYR5SZ0LpK,PANTS,2020-02-29,1582988400
8308,R_2D1zydYR5SZ0LpK,PASTA_MAKER,2020-02-29,1582988400
8309,R_2DSIdH6iUv9yJ8V,MAGNIFIER,2020-02-29,1582988400
8310,R_2DSIdH6iUv9yJ8V,COFFEE,2020-02-29,1582988400
8311,R_2DSIdH6iUv9yJ8V,GROCERY,2020-02-29,1582988400
8312,R_2DSIdH6iUv9yJ8V,SKIN_MOISTURIZER,2020-02-29,1582988400
8313,R_2DSIdH6iUv9yJ8V,ABDOMINAL_EXERCISER,2020-02-29,1582988400
8314,R_2DSIdH6iUv9yJ8V,TOYS_AND_GAMES,2020-02-29,1582988400
8315,R_2DSIdH6iUv9yJ8V,ABDOMINAL_EXERCISER,2020-02-29,1582988400
8316,R_2DSIdH6iUv9yJ8V,PHYSICAL_MOVIE,2020-02-29,1582988400
8317,R_2DSIdH6iUv9yJ8V,MINERAL_SUPPLEMENT,2020-02-29,1582988400
8318,R_2DV0bsqugjyav1y,VITAMIN,2020-02-29,1582988400
8319,R_2DV0bsqugjyav1y,PET_FOOD,2020-02-29,1582988400
8320,R_2DV0bsqugjyav1y,SWIMWEAR,2020-02-29,1582988400
8321,R_2DV0bsqugjyav1y,GROCERY,2020-02-29,1582988400
8322,R_2DV0bsqugjyav1y,SPORTS_MEMORABILIA,2020-02-29,1582988400
8323,R_2DV0bsqugjyav1y,MEDICATION,2020-02-29,1582988400
8324,R_2DV0bsqugjyav1y,PHYSICAL_MOVIE,2020-02-29,1582988400
8325,R_2DV0bsqugjyav1y,DRINKING_CUP,2020-02-29,1582988400
8326,R_2DV0bsqugjyav1y,PET_FOOD,2020-02-29,1582988400
8327,R_2E9JSBmmNNT5YMi,SNACK_FOOD_BAR,2020-02-29,1582988400
8328,R_2E9JSBmmNNT5YMi,HEADPHONES,2020-02-29,1582988400
8329,R_2E9JSBmmNNT5YMi,PET_FOOD,2020-02-29,1582988400
8330,R_2EglJpTWGEiwQYa,BATTERY,2020-02-29,1582988400
8331,R_2EglJpTWGEiwQYa,DISHWARE_PLATE,2020-02-29,1582988400
8332,R_2EglJpTWGEiwQYa,VITAMIN,2020-02-29,1582988400
8333,R_2EglJpTWGEiwQYa,SKIN_CLEANING_AGENT,2020-02-29,1582988400
8334,R_2EglJpTWGEiwQYa,TOYS_AND_GAMES,2020-02-29,1582988400
8335,R_2EglJpTWGEiwQYa,HEALTH_PERSONAL_CARE,2020-02-29,1582988400
8336,R_2EglJpTWGEiwQYa,SCREEN_PROTECTOR,2020-02-29,1582988400
8337,R_2EglJpTWGEiwQYa,ELECTRONIC_CABLE,2020-02-29,1582988400
8338,R_2EglJpTWGEiwQYa,RECREATION_BALL,2020-02-29,1582988400
8339,R_2EglJpTWGEiwQYa,SCREEN_PROTECTOR,2020-02-29,1582988400
8340,R_2EglJpTWGEiwQYa,RECREATION_BALL,2020-02-29,1582988400
8341,R_2EglJpTWGEiwQYa,RECREATION_BALL,2020-02-29,1582988400
8342,R_2EglJpTWGEiwQYa,SUNSCREEN,2020-02-29,1582988400
8343,R_2EglJpTWGEiwQYa,RECREATION_BALL,2020-02-29,1582988400
8344,R_2EglJpTWGEiwQYa,COSTUME_MASK,2020-02-29,1582988400
8345,R_2EglJpTWGEiwQYa,PET_FOOD,2020-02-29,1582988400
8346,R_2EglJpTWGEiwQYa,RECREATION_BALL,2020-02-29,1582988400
8347,R_2EglJpTWGEiwQYa,PANTS,2020-02-29,1582988400
8348,R_2EglJpTWGEiwQYa,TOYS_AND_GAMES,2020-02-29,1582988400
8349,R_2EglJpTWGEiwQYa,ABIS_BOOK,2020-02-29,1582988400
8350,R_2EglJpTWGEiwQYa,NUTRITIONAL_SUPPLEMENT,2020-02-29,1582988400
8351,R_2EglJpTWGEiwQYa,SNACK_FOOD_BAR,2020-02-29,1582988400
8352,R_2EglJpTWGEiwQYa,PET_FOOD,2020-02-29,1582988400
8353,R_2EglJpTWGEiwQYa,SKIN_CLEANING_AGENT,2020-02-29,1582988400
8354,R_2EglJpTWGEiwQYa,PHYSICAL_MOVIE,2020-02-29,1582988400
8355,R_2EglJpTWGEiwQYa,UNDERPANTS,2020-02-29,1582988400
8356,R_2EglJpTWGEiwQYa,ELECTRONIC_CABLE,2020-02-29,1582988400
8357,R_2EglJpTWGEiwQYa,SKIN_MOISTURIZER,2020-02-29,1582988400
8358,R_2EglJpTWGEiwQYa,VITAMIN,2020-02-29,1582988400
8359,R_2EglJpTWGEiwQYa,TOYS_AND_GAMES,2020-02-29,1582988400
8360,R_2EglJpTWGEiwQYa,HEALTH_PERSONAL_CARE,2020-02-29,1582988400
8361,R_2EglJpTWGEiwQYa,FURNITURE_CART,2020-02-29,1582988400
8362,R_2EglJpTWGEiwQYa,GROCERY,2020-02-29,1582988400
8363,R_2EglJpTWGEiwQYa,VITAMIN,2020-02-29,1582988400
8364,R_2EglJpTWGEiwQYa,SKIN_MOISTURIZER,2020-02-29,1582988400
8365,R_2EglJpTWGEiwQYa,SKIN_CLEANING_AGENT,2020-02-29,1582988400
8366,R_2EglJpTWGEiwQYa,UNDERPANTS,2020-02-29,1582988400
8367,R_2EglJpTWGEiwQYa,SHOES,2020-02-29,1582988400
8368,R_2EglJpTWGEiwQYa,SHOES,2020-02-29,1582988400
8369,R_2EglJpTWGEiwQYa,SHIRT,2020-02-29,1582988400
8370,R_2EglJpTWGEiwQYa,SNACK_FOOD_BAR,2020-02-29,1582988400
8371,R_2EglJpTWGEiwQYa,STROLLER,2020-02-29,1582988400
8372,R_2EglJpTWGEiwQYa,SKIN_MOISTURIZER,2020-02-29,1582988400
8373,R_2EglJpTWGEiwQYa,GROCERY,2020-02-29,1582988400
8374,R_2EglJpTWGEiwQYa,SNACK_FOOD_BAR,2020-02-29,1582988400
8375,R_2EglJpTWGEiwQYa,HEADPHONES,2020-02-29,1582988400
8376,R_2EglJpTWGEiwQYa,COSTUME_MASK,2020-02-29,1582988400
8377,R_2EglJpTWGEiwQYa,PET_FOOD,2020-02-29,1582988400
8378,R_2EglJpTWGEiwQYa,VITAMIN,2020-02-29,1582988400
8379,R_2EglJpTWGEiwQYa,SNACK_FOOD_BAR,2020-02-29,1582988400
8380,R_2OHgbfVLtFIinBW,FOOD_BLENDER,2020-02-29,1582988400
8381,R_2OHgbfVLtFIinBW,CONDOM,2020-02-29,1582988400
8382,R_2OHgbfVLtFIinBW,JEWELRY,2020-02-29,1582988400
8383,R_2OHgbfVLtFIinBW,AROMA_DIFFUSER,2020-02-29,1582988400
8384,R_2OHgbfVLtFIinBW,HEALTH_PERSONAL_CARE,2020-02-29,1582988400
8385,R_2U0l40aPYAoBJLV,SCREEN_PROTECTOR,2020-02-29,1582988400
8386,R_2WMQprO1e6US68f,SHIRT,2020-02-29,1582988400
8387,R_2WMQprO1e6US68f,SHIRT,2020-02-29,1582988400
8388,R_2WMQprO1e6US68f,TOYS_AND_GAMES,2020-02-29,1582988400
8389,R_2WumP0iKDvwiM2r,GROCERY,2020-02-29,1582988400
8390,R_2WumP0iKDvwiM2r,SKIN_CLEANING_AGENT,2020-02-29,1582988400
8391,R_2WumP0iKDvwiM2r,HEALTH_PERSONAL_CARE,2020-02-29,1582988400
8392,R_2XoI6KbLJRGFz5X,HEADPHONES,2020-02-29,1582988400
8393,R_2XoI6KbLJRGFz5X,PET_FOOD,2020-02-29,1582988400
8394,R_2XoI6KbLJRGFz5X,HAIR_STYLING_AGENT,2020-02-29,1582988400
8395,R_2XoI6KbLJRGFz5X,HEALTH_PERSONAL_CARE,2020-02-29,1582988400
8396,R_2XoI6KbLJRGFz5X,TOYS_AND_GAMES,2020-02-29,1582988400
8397,R_2YVQQRVSdj7M8Va,VITAMIN,2020-02-29,1582988400
8398,R_2YVQQRVSdj7M8Va,VITAMIN,2020-02-29,1582988400
8399,R_2aldwxmUZox7Yfd,ADHESIVE_TAPES,2020-02-29,1582988400
8400,R_2aldwxmUZox7Yfd,ELECTRONIC_CABLE,2020-02-29,1582988400
8401,R_2aldwxmUZox7Yfd,ABIS_BOOK,2020-02-29,1582988400
8402,R_2dGCaOSuAKevfs7,MEDICATION,2020-02-29,1582988400
8403,R_2dGCaOSuAKevfs7,SCREEN_PROTECTOR,2020-02-29,1582988400
8404,R_2dvh9tu7PLPeipE,PRINTER,2020-02-29,1582988400
8405,R_2e9e8lhWqVtpb7m,BATTERY,2020-02-29,1582988400
8406,R_2e9e8lhWqVtpb7m,GROCERY,2020-02-29,1582988400
8407,R_2e9e8lhWqVtpb7m,SHOES,2020-02-29,1582988400
8408,R_2ebzj3o225IisIQ,SHIRT,2020-02-29,1582988400
8409,R_2ebzj3o225IisIQ,CELLULAR_PHONE_CASE,2020-02-29,1582988400
8410,R_2ebzj3o225IisIQ,LAMP,2020-02-29,1582988400
8411,R_2ebzj3o225IisIQ,STRING_LIGHT,2020-02-29,1582988400
8412,R_2ebzj3o225IisIQ,PANTS,2020-02-29,1582988400
8413,R_2mAJniG0xVBIInL,ELECTRIC_CIRCUIT_TESTING_DEVICE,2020-02-29,1582988400
8414,R_2q2hekIiutgInrE,SHOES,2020-02-29,1582988400
8415,R_2sYHDhT6DJy2U6q,PANTS,2020-02-29,1582988400
8416,R_2taM3mpNPF0o1yf,FACE_SHIELD,2020-02-29,1582988400
8417,R_2taM3mpNPF0o1yf,UTILITY_HOLSTER_POUCH,2020-02-29,1582988400
8418,R_2uTysluImvxkQBY,VITAMIN,2020-02-29,1582988400
8419,R_2wzatCV9Z18xLF2,SCREEN_PROTECTOR,2020-02-29,1582988400
8420,R_2xzc7JBNEgYNAqY,INKJET_PRINTER_INK,2020-02-29,1582988400
8421,R_2yplkUxhAWZaFUL,SNACK_FOOD_BAR,2020-02-29,1582988400
8422,R_2zD58KSXqhHfp5e,SHIRT,2020-02-29,1582988400
8423,R_2zD58KSXqhHfp5e,ELECTRONIC_CABLE,2020-02-29,1582988400
8424,R_2zD58KSXqhHfp5e,BATTERY,2020-02-29,1582988400
8425,R_2zD58KSXqhHfp5e,CELLULAR_PHONE_CASE,2020-02-29,1582988400
8426,R_301uq7vv7YTe7qQ,HARDWARE_BEARING,2020-02-29,1582988400
8427,R_31QS1Ms6iQEU3mI,ABIS_BOOK,2020-02-29,1582988400
8428,R_31n2MLk9w05iLzN,VITAMIN,2020-02-29,1582988400
8429,R_31ycQ8SiOEF1cUN,3D_PRINTER,2020-02-29,1582988400
8430,R_31ycQ8SiOEF1cUN,DIGITAL_PICTURE_FRAME,2020-02-29,1582988400
8431,R_31ycQ8SiOEF1cUN,SCREEN_PROTECTOR,2020-02-29,1582988400
8432,R_31ycQ8SiOEF1cUN,MEAL_HOLDER,2020-02-29,1582988400
8433,R_32Mm71oAJq2K9XK,SCREEN_PROTECTOR,2020-02-29,1582988400
8434,R_32Mm71oAJq2K9XK,TOOTHBRUSH,2020-02-29,1582988400
8435,R_32Mm71oAJq2K9XK,BATTERY,2020-02-29,1582988400
8436,R_32Mm71oAJq2K9XK,SKIN_MOISTURIZER,2020-02-29,1582988400
8437,R_32Mm71oAJq2K9XK,PET_FOOD,2020-02-29,1582988400
8438,R_32Mm71oAJq2K9XK,SKIN_CLEANING_AGENT,2020-02-29,1582988400
8439,R_32Mm71oAJq2K9XK,VITAMIN,2020-02-29,1582988400
8440,R_32Mm71oAJq2K9XK,SHIRT,2020-02-29,1582988400
8441,R_32Mm71oAJq2K9XK,VITAMIN,2020-02-29,1582988400
8442,R_32Mm71oAJq2K9XK,HANDLE_GRIP,2020-02-29,1582988400
8443,R_32Mm71oAJq2K9XK,BATTERY,2020-02-29,1582988400
8444,R_32Mm71oAJq2K9XK,GOLF_CLUB,2020-02-29,1582988400
8445,R_32Mm71oAJq2K9XK,SHOES,2020-02-29,1582988400
8446,R_32Mm71oAJq2K9XK,SHIRT,2020-02-29,1582988400
8447,R_32Mm71oAJq2K9XK,ABIS_BOOK,2020-02-29,1582988400
8448,R_32Mm71oAJq2K9XK,SUNSCREEN,2020-02-29,1582988400
8449,R_32Mm71oAJq2K9XK,PANTS,2020-02-29,1582988400
8450,R_32Mm71oAJq2K9XK,VIRTUAL_REALITY_HEADSET,2020-02-29,1582988400
8451,R_32Mm71oAJq2K9XK,PHYSICAL_MOVIE,2020-02-29,1582988400
8452,R_32Mm71oAJq2K9XK,ELECTRONIC_CABLE,2020-02-29,1582988400
8453,R_32Mm71oAJq2K9XK,TOOTHBRUSH,2020-02-29,1582988400
8454,R_32Mm71oAJq2K9XK,SHIRT,2020-02-29,1582988400
8455,R_32Mm71oAJq2K9XK,HEADPHONES,2020-02-29,1582988400
8456,R_32Mm71oAJq2K9XK,PET_FOOD,2020-02-29,1582988400
8457,R_32Mm71oAJq2K9XK,GOLF_CLUB,2020-02-29,1582988400
8458,R_33jcUkAZ8knoq82,PANTS,2020-02-29,1582988400
8459,R_3D8fwycJF7eksBo,SUGAR_SUBSTITUTE,2020-02-29,1582988400
8460,R_3D8fwycJF7eksBo,SKIN_EXFOLIANT,2020-02-29,1582988400
8461,R_3EF2sOVmTNA4e3u,SCREWS,2020-02-29,1582988400
8462,R_3Em4Q2OBHB3m5rz,PET_FOOD,2020-02-29,1582988400
8463,R_3G1gYo1d23Zq8Np,NUTRITIONAL_SUPPLEMENT,2020-02-29,1582988400
8464,R_3G1gYo1d23Zq8Np,BODY_LUBRICANT,2020-02-29,1582988400
8465,R_3GCXgWFPLgXAuFC,SKIN_CLEANING_AGENT,2020-02-29,1582988400
8466,R_3GD1CL4OyjglmbZ,HEALTH_PERSONAL_CARE,2020-02-29,1582988400
8467,R_3GqfePl8gH1VWP1,TOYS_AND_GAMES,2020-02-29,1582988400
8468,R_3GqfePl8gH1VWP1,HEALTH_PERSONAL_CARE,2020-02-29,1582988400
8469,R_3GqfePl8gH1VWP1,MEDICATION,2020-02-29,1582988400
8470,R_3GqfePl8gH1VWP1,HEALTH_PERSONAL_CARE,2020-02-29,1582988400
8471,R_3HgZOjGq4Ny969k,TOYS_AND_GAMES,2020-02-29,1582988400
8472,R_3HgZOjGq4Ny969k,GROCERY,2020-02-29,1582988400
8473,R_3HigTq4itishziE,SKIN_MOISTURIZER,2020-02-29,1582988400
8474,R_3HigTq4itishziE,LEGUME,2020-02-29,1582988400
8475,R_3I0sWpLFEyMMVOV,SKIN_MOISTURIZER,2020-02-29,1582988400
8476,R_3I0sWpLFEyMMVOV,SCREEN_PROTECTOR,2020-02-29,1582988400
8477,R_3JnjKsPAuFGDhrx,ANIMAL_SHELTER,2020-02-29,1582988400
8478,R_3JnjKsPAuFGDhrx,HEADPHONES,2020-02-29,1582988400
8479,R_3JnjKsPAuFGDhrx,PHYSICAL_VIDEO_GAME_SOFTWARE,2020-02-29,1582988400
8480,R_3Jxiicg67etW2yt,SKIN_CLEANING_AGENT,2020-02-29,1582988400
8481,R_3KCUnPI9FEz7vTo,HAIR_TIE,2020-02-29,1582988400
8482,R_3KCUnPI9FEz7vTo,HOME,2020-02-29,1582988400
8483,R_3KpaTa6zCZitiZG,PANTS,2020-02-29,1582988400
8484,R_3KpaTa6zCZitiZG,PARTY_SUPPLIES,2020-02-29,1582988400
8485,R_3KpaTa6zCZitiZG,HEALTH_PERSONAL_CARE,2020-02-29,1582988400
8486,R_3L20DbmNPSMtKUd,COMPUTER_SPEAKER,2020-02-29,1582988400
8487,R_3MnSLQdJkly3wfg,HARDWARE_TUBING,2020-02-29,1582988400
8488,R_3MyEdXOZ8P75S1V,ELECTRONIC_CABLE,2020-02-29,1582988400
8489,R_3MyEdXOZ8P75S1V,ABIS_BOOK,2020-02-29,1582988400
8490,R_3MyEdXOZ8P75S1V,SKIN_CLEANING_AGENT,2020-02-29,1582988400
8491,R_3MyEdXOZ8P75S1V,PAPER_TOWEL,2020-02-29,1582988400
8492,R_3NFhCSnuJa54Jn3,HEALTH_PERSONAL_CARE,2020-02-29,1582988400
8493,R_3NwUrzA3eAsS3xO,BATTERY,2020-02-29,1582988400
8494,R_3NwUrzA3eAsS3xO,TOYS_AND_GAMES,2020-02-29,1582988400
8495,R_3OjDexwqOJReNX2,ABIS_BOOK,2020-02-29,1582988400
8496,R_3PAyJj7mQvMzMco,SKIN_MOISTURIZER,2020-02-29,1582988400
8497,R_3PcameSHVD10BZP,PHYSICAL_MOVIE,2020-02-29,1582988400
8498,R_3QE72T2NXn4ninT,SNACK_FOOD_BAR,2020-02-29,1582988400
8499,R_3h4JnsfebywTUxX,BATTERY,2020-02-29,1582988400
8500,R_3h4JnsfebywTUxX,SKIN_CLEANING_AGENT,2020-02-29,1582988400
8501,R_3h4JnsfebywTUxX,SKIN_CLEANING_AGENT,2020-02-29,1582988400
8502,R_3nA7SneXu81knN1,MAJOR_HOME_APPLIANCES,2020-02-29,1582988400
8503,R_3r26NAbVnDpIxzF,CELLULAR_PHONE_CASE,2020-02-29,1582988400
8504,R_3r26NAbVnDpIxzF,VIDEO_GAME_PERIPHERAL_SET,2020-02-29,1582988400
8505,R_3socPWD3wXD0iDP,PET_FOOD,2020-02-29,1582988400
8506,R_3socPWD3wXD0iDP,NUTRITIONAL_SUPPLEMENT,2020-02-29,1582988400
8507,R_40engukXSxhrtF7,KEYBOARDS,2020-02-29,1582988400
8508,R_40engukXSxhrtF7,SPORTS_MEMORABILIA,2020-02-29,1582988400
8509,R_40engukXSxhrtF7,TOYS_AND_GAMES,2020-02-29,1582988400
8510,R_4PhRzF4UI9ooLh7,ABIS_BOOK,2020-02-29,1582988400
8511,R_4PhRzF4UI9ooLh7,SKIN_MOISTURIZER,2020-02-29,1582988400
8512,R_5uabKnJBMc7HyEN,BATTERY,2020-02-29,1582988400
8513,R_5uabKnJBMc7HyEN,OUTDOOR_RECREATION_PRODUCT,2020-02-29,1582988400
8514,R_5uabKnJBMc7HyEN,ELECTRONIC_CABLE,2020-02-29,1582988400
8515,R_5uabKnJBMc7HyEN,CELLULAR_PHONE_CASE,2020-02-29,1582988400
8516,R_5uabKnJBMc7HyEN,PHYSICAL_MOVIE,2020-02-29,1582988400
8517,R_5uabKnJBMc7HyEN,RUG,2020-02-29,1582988400
8518,R_5uabKnJBMc7HyEN,SNACK_FOOD_BAR,2020-02-29,1582988400
8519,R_6RpwKYK0Mr2zKBH,NUT_BUTTER,2020-02-29,1582988400
8520,R_6RpwKYK0Mr2zKBH,HEALTH_PERSONAL_CARE,2020-02-29,1582988400
8521,R_6SbhJD23U5a2YJX,AV_RECEIVER,2020-02-29,1582988400
8522,R_6gwxeBuC9V7nKsF,SKIN_CLEANING_AGENT,2020-02-29,1582988400
8523,R_6gwxeBuC9V7nKsF,HEADPHONES,2020-02-29,1582988400
8524,R_8pMsG4P0RqzoSlz,HEADPHONES,2020-02-29,1582988400
8525,R_8pMsG4P0RqzoSlz,ABIS_BOOK,2020-02-29,1582988400
8526,R_8pMsG4P0RqzoSlz,WIPER_BLADE,2020-02-29,1582988400
8527,R_8pMsG4P0RqzoSlz,GARDEN_SHEAR_SCISSORS,2020-02-29,1582988400
8528,R_8pMsG4P0RqzoSlz,PANTS,2020-02-29,1582988400
8529,R_9ppTjfBQZZs42WJ,HARDWARE_BEARING,2020-02-29,1582988400
8530,R_AKBlDprDMrv4M7v,VITAMIN,2020-02-29,1582988400
8531,R_BWhnv4EdbhSS6rf,TRIVET,2020-02-29,1582988400
8532,R_BWhnv4EdbhSS6rf,WASTE_BAG,2020-02-29,1582988400
8533,R_BWhnv4EdbhSS6rf,FISHING_ROD,2020-02-29,1582988400
8534,R_BWhnv4EdbhSS6rf,CLINICAL_DIAGNOSTIC_TESTING_KIT,2020-02-29,1582988400
8535,R_OdTirYYBS6ms6nn,LUXURY_BEAUTY,2020-02-29,1582988400
8536,R_OdTirYYBS6ms6nn,BATTERY,2020-02-29,1582988400
8537,R_Odixb15Ykmxb0Dn,NUTRITIONAL_SUPPLEMENT,2020-02-29,1582988400
8538,R_Og8Cqd3iUgldHRn,BATTERY,2020-02-29,1582988400
8539,R_Og8Cqd3iUgldHRn,SCREEN_PROTECTOR,2020-02-29,1582988400
8540,R_RPudbSO1mm9KZSp,VITAMIN,2020-02-29,1582988400
8541,R_RlYyUhsDFvyGwX7,ELECTRONIC_CABLE,2020-02-29,1582988400
8542,R_RlYyUhsDFvyGwX7,SCREEN_PROTECTOR,2020-02-29,1582988400
8543,R_RlYyUhsDFvyGwX7,HOME,2020-02-29,1582988400
8544,R_RlYyUhsDFvyGwX7,SKIN_CLEANING_WIPE,2020-02-29,1582988400
8545,R_RlYyUhsDFvyGwX7,SCULPTURE,2020-02-29,1582988400
8546,R_T5bktxnjxE8B7ON,STORAGE_RACK,2020-02-29,1582988400
8547,R_T5bktxnjxE8B7ON,MAGAZINES,2020-02-29,1582988400
8548,R_ThgquWaLDQWLCcp,PANTS,2020-02-29,1582988400
8549,R_ThgquWaLDQWLCcp,PAPER_TOWEL_HOLDER,2020-02-29,1582988400
8550,R_ThgquWaLDQWLCcp,MARKING_PEN,2020-02-29,1582988400
8551,R_UEke64xAaOG3mTf,WIG,2020-02-29,1582988400
8552,R_UVM6YBvaArzpRjb,CELLULAR_PHONE_CASE,2020-02-29,1582988400
8553,R_UVM6YBvaArzpRjb,VITAMIN,2020-02-29,1582988400
8554,R_Xt4H8BJ1Vx7ws8h,PANTS,2020-02-29,1582988400
8555,R_Xt4H8BJ1Vx7ws8h,STRING_LIGHT,2020-02-29,1582988400
8556,R_YS4MPsfM1Neg0RH,SHOES,2020-02-29,1582988400
8557,R_YS4MPsfM1Neg0RH,ELECTRONIC_CABLE,2020-02-29,1582988400
8558,R_Z4qMkqhWSmIbdSh,TOYS_AND_GAMES,2020-02-29,1582988400
8559,R_bJI8lmXMZWL6oql,PHYSICAL_MOVIE,2020-02-29,1582988400
8560,R_bJI8lmXMZWL6oql,DRINK_FLAVORED,2020-02-29,1582988400
8561,R_bJI8lmXMZWL6oql,VITAMIN,2020-02-29,1582988400
8562,R_bJI8lmXMZWL6oql,GROCERY,2020-02-29,1582988400
8563,R_bw2nQ0iRh2wCa8p,ELECTRONIC_CABLE,2020-02-29,1582988400
8564,R_cAcAtozIWnZIbGp,LAUNDRY_DETERGENT,2020-02-29,1582988400
8565,R_cAcAtozIWnZIbGp,BATTERY,2020-02-29,1582988400
8566,R_cAcAtozIWnZIbGp,ELECTRONIC_CABLE,2020-02-29,1582988400
8567,R_cAcAtozIWnZIbGp,MEDICATION,2020-02-29,1582988400
8568,R_eg0ycbZcHEfhBAd,PET_FOOD,2020-02-29,1582988400
8569,R_pGDKh38nCQ4KsMx,VITAMIN,2020-02-29,1582988400
8570,R_pGDKh38nCQ4KsMx,SHOES,2020-02-29,1582988400
8571,R_puS9dcuNnDHSZ8Z,DISPLAY_ALBUM,2020-02-29,1582988400
8572,R_puS9dcuNnDHSZ8Z,POOL_SPA_WATER_TREATMENT,2020-02-29,1582988400
8573,R_u94bdSj5JBe7WZb,TOYS_AND_GAMES,2020-02-29,1582988400
8574,R_vcsfXNFhlnqxtYd,SKIN_CLEANING_AGENT,2020-02-29,1582988400
8575,R_vcsfXNFhlnqxtYd,HAIR_EXTENSION,2020-02-29,1582988400
8576,R_vcsfXNFhlnqxtYd,PANTS,2020-02-29,1582988400
8577,R_voSNwyVcZWdCTJv,PET_FOOD,2020-02-29,1582988400
8578,R_voSNwyVcZWdCTJv,PANTS,2020-02-29,1582988400
8579,R_voSNwyVcZWdCTJv,SWIM_CAP,2020-02-29,1582988400
8580,R_x0hVvTTXGQY9FRf,MEDICATION,2020-02-29,1582988400
8581,R_x0hVvTTXGQY9FRf,SNACK_FOOD_BAR,2020-02-29,1582988400
8582,R_yrLrYUf4oFzOnjb,STROLLER,2020-02-29,1582988400
8583,R_zTf2i6s3E2OQZQR,SKIN_CLEANING_AGENT,2020-02-29,1582988400
