,user_id,item_id,date,timestamp
0,R_0pRmRjHkwStzNQJ,PANTS,2018-07-01,1530457200
1,R_10TV1zyi4yCEEkl,SPEAKERS,2018-07-01,1530457200
2,R_11WUgIV4IWfGoDX,SKIN_SERUM,2018-07-01,1530457200
3,R_11WUgIV4IWfGoDX,SHOES,2018-07-01,1530457200
4,R_11WUgIV4IWfGoDX,SKIN_MOISTURIZER,2018-07-01,1530457200
5,R_11WUgIV4IWfGoDX,MINERAL_SUPPLEMENT,2018-07-01,1530457200
6,R_11WUgIV4IWfGoDX,SCREEN_PROTECTOR,2018-07-01,1530457200
7,R_129jUlsvVcVBDur,WIND_CHIME,2018-07-01,1530457200
8,R_1C4tcyEfmcsKI9X,TOOTHBRUSH_HEAD,2018-07-01,1530457200
9,R_1C9YUFD8GunlGej,DRINK_FLAVORED,2018-07-01,1530457200
10,R_1C9YUFD8GunlGej,SKIN_CLEANING_AGENT,2018-07-01,1530457200
11,R_1Cx2TzfSj9KxVhR,BONDING_ADHESIVES,2018-07-01,1530457200
12,R_1Fb4EL4IE75q7lf,HOUSEHOLD_STAIN,2018-07-01,1530457200
13,R_1IZBlduDFUJEphM,NAIL_POLISH_BRUSH,2018-07-01,1530457200
14,R_1IZrt5CyqgTg2Qe,BRA,2018-07-01,1530457200
15,R_1IZrt5CyqgTg2Qe,MUSICAL_INSTRUMENT_STRING,2018-07-01,1530457200
16,R_1KkFs7rgWXlWf58,TOYS_AND_GAMES,2018-07-01,1530457200
17,R_1KkFs7rgWXlWf58,VITAMIN,2018-07-01,1530457200
18,R_1KrGWfbBFSsqxlt,BLOOD_OXYGEN_MONITOR,2018-07-01,1530457200
19,R_1KrGWfbBFSsqxlt,CHARGING_ADAPTER,2018-07-01,1530457200
20,R_1KrGWfbBFSsqxlt,SCREEN_PROTECTOR,2018-07-01,1530457200
21,R_1KrGWfbBFSsqxlt,NUTRITIONAL_SUPPLEMENT,2018-07-01,1530457200
22,R_1KrGWfbBFSsqxlt,CHARGING_ADAPTER,2018-07-01,1530457200
23,R_1KrGWfbBFSsqxlt,MANUAL_SHAVING_RAZOR,2018-07-01,1530457200
24,R_1Kru2C0Zf28ZbQ0,PHYSICAL_MOVIE,2018-07-01,1530457200
25,R_1Kru2C0Zf28ZbQ0,MILK_SUBSTITUTE,2018-07-01,1530457200
26,R_1KxVDxZl2H0XoHS,HEALTH_PERSONAL_CARE,2018-07-01,1530457200
27,R_1Luv7PTSNMEjqFV,PHYSICAL_MOVIE,2018-07-01,1530457200
28,R_1Luv7PTSNMEjqFV,SKIN_CLEANING_AGENT,2018-07-01,1530457200
29,R_1NDq0rxoUSu6oyz,VITAMIN,2018-07-01,1530457200
30,R_1PcttxbjmIpzZ9t,ABIS_BOOK,2018-07-01,1530457200
31,R_1Q9JeeKncbbLcz0,MISC_WORLD_INSTRUMENTS,2018-07-01,1530457200
32,R_1cYxarQPFQxNRHB,VITAMIN,2018-07-01,1530457200
33,R_1cYxarQPFQxNRHB,SWIMWEAR,2018-07-01,1530457200
34,R_1cYxarQPFQxNRHB,TEA,2018-07-01,1530457200
35,R_1dlSByn2AyHWx7r,MODEM,2018-07-01,1530457200
36,R_1dlSByn2AyHWx7r,LIGHT_BULB,2018-07-01,1530457200
37,R_1dlSByn2AyHWx7r,ICE_CREAM_MAKER,2018-07-01,1530457200
38,R_1dlSByn2AyHWx7r,SKIN_CLEANING_AGENT,2018-07-01,1530457200
39,R_1dlSByn2AyHWx7r,ABIS_BOOK,2018-07-01,1530457200
40,R_1dppjLIFEdj7Kq5,SHOES,2018-07-01,1530457200
41,R_1dppjLIFEdj7Kq5,SKIN_MOISTURIZER,2018-07-01,1530457200
42,R_1gjdRVy7DXPMldc,HEALTH_PERSONAL_CARE,2018-07-01,1530457200
43,R_1hFMTehZQIAcBvZ,BOOKS_1973_AND_LATER,2018-07-01,1530457200
44,R_1hFMTehZQIAcBvZ,SELF_TANNER,2018-07-01,1530457200
45,R_1lfNYOmsEIqOn65,CUFF_LINK,2018-07-01,1530457200
46,R_1mEmb9jWLRYCU4e,COFFEE,2018-07-01,1530457200
47,R_1mEmb9jWLRYCU4e,STEERING_WHEEL_COVER,2018-07-01,1530457200
48,R_1q7GuBNrrAGdxx3,SKIN_CLEANING_AGENT,2018-07-01,1530457200
49,R_1rr9XOz2pHFyWi3,HEALTH_PERSONAL_CARE,2018-07-01,1530457200
50,R_20V7srZUzANQQ4T,SKIN_MOISTURIZER,2018-07-01,1530457200
51,R_20Yd9DvrGselmZY,HEALTH_PERSONAL_CARE,2018-07-01,1530457200
52,R_22SxELlmhBQCe1C,CELLULAR_PHONE_CASE,2018-07-01,1530457200
53,R_22SxELlmhBQCe1C,COMPUTER_DRIVE_OR_STORAGE,2018-07-01,1530457200
54,R_25z5LHPaAsxktx7,BATHTUB_SHOWER_MAT,2018-07-01,1530457200
55,R_25z5LHPaAsxktx7,HAIR_IRON,2018-07-01,1530457200
56,R_26nB6rfoaXIEb6Z,SELF_STICK_NOTE,2018-07-01,1530457200
57,R_27B5jMHYqArQV6X,BATTERY,2018-07-01,1530457200
58,R_27PZcbYfPDhwHcL,SKIN_CLEANING_AGENT,2018-07-01,1530457200
59,R_27PZcbYfPDhwHcL,MEDICATION,2018-07-01,1530457200
60,R_29uBVByYo0xAXiZ,SHOES,2018-07-01,1530457200
61,R_2AXcJk6rRN4M33l,SKIN_MOISTURIZER,2018-07-01,1530457200
62,R_2AXcJk6rRN4M33l,SKIN_CLEANING_AGENT,2018-07-01,1530457200
63,R_2BtA3kIOBjhD26o,CLEANING_BRUSH,2018-07-01,1530457200
64,R_2D6v6VH3RC5ZGC4,ABIS_BOOK,2018-07-01,1530457200
65,R_2E5XCpTY2B5ZQ1f,BATTERY,2018-07-01,1530457200
66,R_2E5XCpTY2B5ZQ1f,HARDWARE_TUBING,2018-07-01,1530457200
67,R_2OHgbfVLtFIinBW,SYRUP,2018-07-01,1530457200
68,R_2QQl58nFfrZayxf,BATTERY,2018-07-01,1530457200
69,R_2QQl58nFfrZayxf,ANIMAL_VITAMIN,2018-07-01,1530457200
70,R_2QRtVOQUzfFxAg0,EDIBLE_OIL_ANIMAL,2018-07-01,1530457200
71,R_2QRtVOQUzfFxAg0,HEALTH_PERSONAL_CARE,2018-07-01,1530457200
72,R_2RVXjEovu4Y1yen,WALL_PLATE,2018-07-01,1530457200
73,R_2SoygRRucWXdLxT,PET_ACTIVITY_STRUCTURE,2018-07-01,1530457200
74,R_2SoygRRucWXdLxT,CELLULAR_PHONE_CASE,2018-07-01,1530457200
75,R_2SoygRRucWXdLxT,TOOTH_CLEANING_AGENT,2018-07-01,1530457200
76,R_2TL7w44l8M5vEok,SCREEN_PROTECTOR,2018-07-01,1530457200
77,R_2Uc0eY0mHq5DQgt,PANTS,2018-07-01,1530457200
78,R_2Uc0eY0mHq5DQgt,SLEEPING_BAG,2018-07-01,1530457200
79,R_2WSDyKoVDJhO1Os,TABLE_RUNNER,2018-07-01,1530457200
80,R_2XoI6KbLJRGFz5X,DRESS,2018-07-01,1530457200
81,R_2XoI6KbLJRGFz5X,BEAUTY,2018-07-01,1530457200
82,R_2XoI6KbLJRGFz5X,SHOES,2018-07-01,1530457200
83,R_2Y9fPhqa2Xf2QdZ,DAIRY_BASED_ICE_CREAM,2018-07-01,1530457200
84,R_2Y9fPhqa2Xf2QdZ,MULTITOOL,2018-07-01,1530457200
85,R_2ZEQSnRGlS7ZscC,SKIN_MOISTURIZER,2018-07-01,1530457200
86,R_2ZEQSnRGlS7ZscC,FOOD_STORAGE_BAG,2018-07-01,1530457200
87,R_2ZEQSnRGlS7ZscC,TOYS_AND_GAMES,2018-07-01,1530457200
88,R_2ZEQSnRGlS7ZscC,HAIR_CLIP,2018-07-01,1530457200
89,R_2ZEQSnRGlS7ZscC,SWING,2018-07-01,1530457200
90,R_2ZOgImZ5BSZcQoz,ABIS_BOOK,2018-07-01,1530457200
91,R_2ZOgImZ5BSZcQoz,PET_FOOD,2018-07-01,1530457200
92,R_2ZTFfLAcuwm22Yh,SHIRT,2018-07-01,1530457200
93,R_2ZTFfLAcuwm22Yh,FALSE_NAIL,2018-07-01,1530457200
94,R_2ZTFfLAcuwm22Yh,FLAT_SCREEN_DISPLAY_MOUNT,2018-07-01,1530457200
95,R_2dvh9tu7PLPeipE,HERBAL_SUPPLEMENT,2018-07-01,1530457200
96,R_2ebzj3o225IisIQ,CHISEL,2018-07-01,1530457200
97,R_2uPcQuKixR5S2ZO,SKIN_CLEANING_AGENT,2018-07-01,1530457200
98,R_2uPcQuKixR5S2ZO,SAFE,2018-07-01,1530457200
99,R_2uPcQuKixR5S2ZO,SHOES,2018-07-01,1530457200
100,R_2uPcQuKixR5S2ZO,FABRIC,2018-07-01,1530457200
101,R_2uPcQuKixR5S2ZO,MISC_OTHER,2018-07-01,1530457200
102,R_2wagDt0ZaSu1p8q,SHIRT,2018-07-01,1530457200
103,R_2wmLE1q4FIpfioi,SNACK_FOOD_BAR,2018-07-01,1530457200
104,R_325B8uB2XOflUvO,HEADPHONES,2018-07-01,1530457200
105,R_325B8uB2XOflUvO,PHYSICAL_MOVIE,2018-07-01,1530457200
106,R_32MgYCncUh7NkQE,CRAFT_WOOD,2018-07-01,1530457200
107,R_32WvdLjYpicai6o,WIPER_BLADE,2018-07-01,1530457200
108,R_32WvdLjYpicai6o,ELECTRONIC_CABLE,2018-07-01,1530457200
109,R_32WvdLjYpicai6o,SHOES,2018-07-01,1530457200
110,R_32WvdLjYpicai6o,PANTS,2018-07-01,1530457200
111,R_33dxSOlpYwYOjFE,EYEBROW_COLOR,2018-07-01,1530457200
112,R_33xxVtjHgiJnNli,TRIVET,2018-07-01,1530457200
113,R_33xxVtjHgiJnNli,BRA,2018-07-01,1530457200
114,R_3EF2sOVmTNA4e3u,PET_FOOD,2018-07-01,1530457200
115,R_3G1gYo1d23Zq8Np,SLOW_COOKER,2018-07-01,1530457200
116,R_3G1gYo1d23Zq8Np,CELLULAR_PHONE_CASE,2018-07-01,1530457200
117,R_3G1gYo1d23Zq8Np,PROTECTIVE_GLOVE,2018-07-01,1530457200
118,R_3GCXgWFPLgXAuFC,MAJOR_HOME_APPLIANCES,2018-07-01,1530457200
119,R_3GiSNq0yPsXSvhf,GROCERY,2018-07-01,1530457200
120,R_3GiSNq0yPsXSvhf,HEADPHONES,2018-07-01,1530457200
121,R_3GiSNq0yPsXSvhf,PHYSICAL_MOVIE,2018-07-01,1530457200
122,R_3GiSNq0yPsXSvhf,SHOES,2018-07-01,1530457200
123,R_3HzRfw5sNEvrFRf,BATTERY,2018-07-01,1530457200
124,R_3HzhKIwCcybjVbM,PANTS,2018-07-01,1530457200
125,R_3HzhKIwCcybjVbM,SHOES,2018-07-01,1530457200
126,R_3M0euO2kPnoHrdt,MAGAZINES,2018-07-01,1530457200
127,R_3M0euO2kPnoHrdt,SHIRT,2018-07-01,1530457200
128,R_3MMW2ivCFCtjHIe,CELLULAR_PHONE_CASE,2018-07-01,1530457200
129,R_3MMW2ivCFCtjHIe,COMPUTER_PROCESSOR,2018-07-01,1530457200
130,R_3MMW2ivCFCtjHIe,SPORT_TARGET,2018-07-01,1530457200
131,R_3MMW2ivCFCtjHIe,NIGHTGOWN_NIGHTSHIRT,2018-07-01,1530457200
132,R_3MMW2ivCFCtjHIe,TOOTH_WHITENER,2018-07-01,1530457200
133,R_3MMW2ivCFCtjHIe,NUTRITIONAL_SUPPLEMENT,2018-07-01,1530457200
134,R_3MsBFFMO0AQslDO,ELECTRONIC_ADAPTER,2018-07-01,1530457200
135,R_3NwUrzA3eAsS3xO,SAUCE,2018-07-01,1530457200
136,R_3NwUrzA3eAsS3xO,SNACK_CHIP_AND_CRISP,2018-07-01,1530457200
137,R_3PuErkwk0nhqeG4,TOYS_AND_GAMES,2018-07-01,1530457200
138,R_3eehQVQNcKmEJtd,BRA,2018-07-01,1530457200
139,R_3eehQVQNcKmEJtd,SHIRT,2018-07-01,1530457200
140,R_3eehQVQNcKmEJtd,VITAMIN,2018-07-01,1530457200
141,R_3fB1NIeE1OGUd72,TOWEL,2018-07-01,1530457200
142,R_3ixOwXLuUfjiWS8,HEADPHONES,2018-07-01,1530457200
143,R_3ixOwXLuUfjiWS8,SNACK_FOOD_BAR,2018-07-01,1530457200
144,R_3ixOwXLuUfjiWS8,VITAMIN,2018-07-01,1530457200
145,R_3ixOwXLuUfjiWS8,SHOES,2018-07-01,1530457200
146,R_3ixOwXLuUfjiWS8,PANTS,2018-07-01,1530457200
147,R_3ixOwXLuUfjiWS8,TOOTH_WHITENER,2018-07-01,1530457200
148,R_3lt1ZPBv09u1seD,ELECTRONIC_CABLE,2018-07-01,1530457200
149,R_3lt1ZPBv09u1seD,TOYS_AND_GAMES,2018-07-01,1530457200
150,R_3mm166mlwrLpf6y,MEDICATION,2018-07-01,1530457200
151,R_3mm166mlwrLpf6y,WAIST_CINCHER,2018-07-01,1530457200
152,R_3oO3DoeTgXHrEzx,SHORTS,2018-07-01,1530457200
153,R_3qjvaF4zWZz3obB,VEHICLE_RAIL,2018-07-01,1530457200
154,R_3qjvaF4zWZz3obB,VEHICLE_CARGO_CARRIER,2018-07-01,1530457200
155,R_3qjvaF4zWZz3obB,PET_PEST_CONTROL,2018-07-01,1530457200
156,R_3qjvaF4zWZz3obB,VEHICLE_CARGO_CARRIER,2018-07-01,1530457200
157,R_4HmF6WnGLnnWuLD,BATTERY,2018-07-01,1530457200
158,R_89aTM1JXN8SWr3b,CEREAL,2018-07-01,1530457200
159,R_8CXcySQawXPuJwJ,HEADPHONES,2018-07-01,1530457200
160,R_8CXcySQawXPuJwJ,PET_FOOD,2018-07-01,1530457200
161,R_8CXcySQawXPuJwJ,SKIN_MOISTURIZER,2018-07-01,1530457200
162,R_8CXcySQawXPuJwJ,WILDLIFE_FEEDER,2018-07-01,1530457200
163,R_8CXcySQawXPuJwJ,SHOES,2018-07-01,1530457200
164,R_8CXcySQawXPuJwJ,ONE_PIECE_OUTFIT,2018-07-01,1530457200
165,R_8vnpSkm79W7Jsv7,PET_TOY,2018-07-01,1530457200
166,R_8vnpSkm79W7Jsv7,ELECTRONIC_ADAPTER,2018-07-01,1530457200
167,R_A1CRADYHwN0zQL7,ELECTRONIC_CABLE,2018-07-01,1530457200
168,R_A1CRADYHwN0zQL7,PILLOWCASE,2018-07-01,1530457200
169,R_A1CRADYHwN0zQL7,PHYSICAL_MOVIE,2018-07-01,1530457200
170,R_A1CRADYHwN0zQL7,VIVARIUM,2018-07-01,1530457200
171,R_A1CRADYHwN0zQL7,PLAYARD,2018-07-01,1530457200
172,R_AEBbAiW2xdXI2at,HVAC_AIR_FILTER,2018-07-01,1530457200
173,R_AEBbAiW2xdXI2at,CURTAIN,2018-07-01,1530457200
174,R_AEBbAiW2xdXI2at,MEDICATION,2018-07-01,1530457200
175,R_AEBbAiW2xdXI2at,POWER_CORD,2018-07-01,1530457200
176,R_AEBbAiW2xdXI2at,CELLULAR_PHONE_CASE,2018-07-01,1530457200
177,R_AEBbAiW2xdXI2at,SNACK_FOOD_BAR,2018-07-01,1530457200
178,R_AEBbAiW2xdXI2at,ELECTRONIC_CABLE,2018-07-01,1530457200
179,R_AEBbAiW2xdXI2at,COAT,2018-07-01,1530457200
180,R_AEBbAiW2xdXI2at,PERSONAL_COMPUTER,2018-07-01,1530457200
181,R_AEBbAiW2xdXI2at,SHOES,2018-07-01,1530457200
182,R_AKBlDprDMrv4M7v,GROCERY,2018-07-01,1530457200
183,R_AKBlDprDMrv4M7v,ELECTRONIC_CABLE,2018-07-01,1530457200
184,R_AKBlDprDMrv4M7v,MEDICATION,2018-07-01,1530457200
185,R_Ap2HcvpPLRDJv9L,LUGGAGE,2018-07-01,1530457200
186,R_Ap2HcvpPLRDJv9L,SKIN_MOISTURIZER,2018-07-01,1530457200
187,R_Ap2HcvpPLRDJv9L,HEALTH_PERSONAL_CARE,2018-07-01,1530457200
188,R_Ap2HcvpPLRDJv9L,ENGINE_COMPONENT_CAP,2018-07-01,1530457200
189,R_BWhnv4EdbhSS6rf,PANTS,2018-07-01,1530457200
190,R_BWhnv4EdbhSS6rf,NUTRITIONAL_SUPPLEMENT,2018-07-01,1530457200
191,R_CaF1pc8CnyWJvCp,YARN,2018-07-01,1530457200
192,R_CaF1pc8CnyWJvCp,NUTRITIONAL_SUPPLEMENT,2018-07-01,1530457200
193,R_PB47lifIW2D9E65,VEST,2018-07-01,1530457200
194,R_PwlnzzccUMXV0n7,SHIRT,2018-07-01,1530457200
195,R_Rw7CA3irllJSRH3,FURNITURE_SLIDER,2018-07-01,1530457200
196,R_V1EWFs6tkv2DaMN,SHAMPOO,2018-07-01,1530457200
197,R_XYTa0bvoaQqev3r,DART_FLIGHT,2018-07-01,1530457200
198,R_XYTa0bvoaQqev3r,LAMP,2018-07-01,1530457200
199,R_XYTa0bvoaQqev3r,SCREEN_PROTECTOR,2018-07-01,1530457200
200,R_XYTa0bvoaQqev3r,SHIRT,2018-07-01,1530457200
201,R_XYsrPCXL5N6boad,PANTS,2018-07-01,1530457200
202,R_XYsrPCXL5N6boad,EXERCISE_BLOCK,2018-07-01,1530457200
203,R_XYsrPCXL5N6boad,WRIST_REST,2018-07-01,1530457200
204,R_Z4qMkqhWSmIbdSh,SAFETY_GLASSES,2018-07-01,1530457200
205,R_Z4qMkqhWSmIbdSh,TABLETOP_GAME,2018-07-01,1530457200
206,R_ZkokwdIEZybYo9z,VITAMIN,2018-07-01,1530457200
207,R_Zwn68Xfx8lenBER,ELECTRONIC_CABLE,2018-07-01,1530457200
208,R_b3NWnTBcFyWqXjH,MEDICATION,2018-07-01,1530457200
209,R_b3NWnTBcFyWqXjH,SHOES,2018-07-01,1530457200
210,R_bJI8lmXMZWL6oql,SHIRT,2018-07-01,1530457200
211,R_bJI8lmXMZWL6oql,TAPE_LABEL_DISPENSER,2018-07-01,1530457200
212,R_bJI8lmXMZWL6oql,ANIMAL_NUTRITIONAL_SUPPLEMENT,2018-07-01,1530457200
213,R_cCucjmijTJETC6d,TOYS_AND_GAMES,2018-07-01,1530457200
214,R_cCucjmijTJETC6d,PET_FOOD,2018-07-01,1530457200
215,R_cCucjmijTJETC6d,SHIRT,2018-07-01,1530457200
216,R_e8KTElZZLWryLWp,TOY_VEHICLE_SET,2018-07-01,1530457200
217,R_pRWnSKTREPIwpSF,PACIFIER,2018-07-01,1530457200
218,R_r3IM83Ecq7eY7QJ,MEDICATION,2018-07-01,1530457200
219,R_r3IM83Ecq7eY7QJ,SNACK_FOOD_BAR,2018-07-01,1530457200
220,R_r3IM83Ecq7eY7QJ,BATTERY,2018-07-01,1530457200
221,R_r3IM83Ecq7eY7QJ,KNIFE_SHARPENER,2018-07-01,1530457200
222,R_sqjjAsz7GATggo1,PET_FOOD,2018-07-01,1530457200
223,R_xmW6sCBJmFDlI8V,PEN_MARKER_INK_CARTRIDGE_REFILL,2018-07-01,1530457200
224,R_yRaAO89bhwJb9xD,VITAMIN,2018-07-01,1530457200
225,R_zTf2i6s3E2OQZQR,SHIRT,2018-07-01,1530457200
226,R_zTf2i6s3E2OQZQR,HEALTH_PERSONAL_CARE,2018-07-01,1530457200
227,R_zTf2i6s3E2OQZQR,SKIRT,2018-07-01,1530457200
228,R_zTf2i6s3E2OQZQR,ELECTRONIC_CABLE,2018-07-01,1530457200
229,R_0c8VclJcriEXQqZ,APPLIANCE_ACCESSORY,2018-07-02,1530543600
230,R_10TV1zyi4yCEEkl,PAPER_TOWEL_HOLDER,2018-07-02,1530543600
231,R_10uU7A3PqkL1i0o,SKIN_MOISTURIZER,2018-07-02,1530543600
232,R_11WUgIV4IWfGoDX,NUTRITIONAL_SUPPLEMENT,2018-07-02,1530543600
233,R_1C4nKyrv0w2thJn,BATTERY,2018-07-02,1530543600
234,R_1C8w4NDDQC5fcgE,OUTDOOR_LIVING,2018-07-02,1530543600
235,R_1DJ4QJgrJwK7g3Y,SHOES,2018-07-02,1530543600
236,R_1DYWdbAMt6LyCZH,PERSONAL_FRAGRANCE,2018-07-02,1530543600
237,R_1Fyt6rHyiQcVOT8,CELLULAR_PHONE_CASE,2018-07-02,1530543600
238,R_1GghoTNZdgUeySl,CELLULAR_PHONE_CASE,2018-07-02,1530543600
239,R_1IZrt5CyqgTg2Qe,ABIS_BOOK,2018-07-02,1530543600
240,R_1KxVDxZl2H0XoHS,TAMPON,2018-07-02,1530543600
241,R_1KxVDxZl2H0XoHS,SNACK_FOOD_BAR,2018-07-02,1530543600
242,R_1KxVDxZl2H0XoHS,SNACK_FOOD_BAR,2018-07-02,1530543600
243,R_1KxVDxZl2H0XoHS,PHYSICAL_TV_SERIES,2018-07-02,1530543600
244,R_1MJSWPNY1QR0Q68,DECORATIVE_PILLOW_COVER,2018-07-02,1530543600
245,R_1NDq0rxoUSu6oyz,STICKER_DECAL,2018-07-02,1530543600
246,R_1NDq0rxoUSu6oyz,SHOES,2018-07-02,1530543600
247,R_1NDq0rxoUSu6oyz,TOYS_AND_GAMES,2018-07-02,1530543600
248,R_1NDq0rxoUSu6oyz,ABIS_BOOK,2018-07-02,1530543600
249,R_1NDq0rxoUSu6oyz,ENGINE_EXHAUST_PIPE,2018-07-02,1530543600
250,R_1NDq0rxoUSu6oyz,TOYS_AND_GAMES,2018-07-02,1530543600
251,R_1NDq0rxoUSu6oyz,ABIS_BOOK,2018-07-02,1530543600
252,R_1Oov0G05pkQnKNn,WATER_FLOTATION_DEVICE,2018-07-02,1530543600
253,R_1Oov0G05pkQnKNn,NUT_BUTTER,2018-07-02,1530543600
254,R_1Oov0G05pkQnKNn,SNACK_FOOD_BAR,2018-07-02,1530543600
255,R_1Q62CIVb2WAS8hB,VIDEO_CARD,2018-07-02,1530543600
256,R_1d4EqY6QNpI4BOG,SCREEN_PROTECTOR,2018-07-02,1530543600
257,R_1dppjLIFEdj7Kq5,POTABLE_WATER_FILTER,2018-07-02,1530543600
258,R_1gdxq5ThtPhD06I,DRILL_BITS,2018-07-02,1530543600
259,R_1gdxq5ThtPhD06I,SHIRT,2018-07-02,1530543600
260,R_1n8h8059UUul8Dr,SCREEN_PROTECTOR,2018-07-02,1530543600
261,R_1nOCRAcsi1AU77q,SANDAL,2018-07-02,1530543600
262,R_1oFRyes3ggnKU4B,PET_FOOD,2018-07-02,1530543600
263,R_1oFRyes3ggnKU4B,WALL_ART,2018-07-02,1530543600
264,R_1oFRyes3ggnKU4B,MEDICATION,2018-07-02,1530543600
265,R_20Yd9DvrGselmZY,HEALTH_PERSONAL_CARE,2018-07-02,1530543600
266,R_22QYpfx86KSwry8,TOILET_PAPER_HOLDER,2018-07-02,1530543600
267,R_22QYpfx86KSwry8,SKIN_MOISTURIZER,2018-07-02,1530543600
268,R_22mMopWqAj09mQc,MEDICATION,2018-07-02,1530543600
269,R_22mMopWqAj09mQc,SEWING_MACHINE_NEEDLE,2018-07-02,1530543600
270,R_23ThXRxY2BTPyy5,TOTE_BAG,2018-07-02,1530543600
271,R_25KMnVsE9ynaHcA,WIRE,2018-07-02,1530543600
272,R_279ENCaNyRMf98u,HONEY,2018-07-02,1530543600
273,R_27B5jMHYqArQV6X,HEALTH_PERSONAL_CARE,2018-07-02,1530543600
274,R_27B5jMHYqArQV6X,SNACK_FOOD_BAR,2018-07-02,1530543600
275,R_28BST1zc80UaP2C,BEAUTY,2018-07-02,1530543600
276,R_28BST1zc80UaP2C,ELECTRONIC_CABLE,2018-07-02,1530543600
277,R_28BST1zc80UaP2C,BLOWTORCH,2018-07-02,1530543600
278,R_2D6v6VH3RC5ZGC4,PET_FOOD,2018-07-02,1530543600
279,R_2DSIdH6iUv9yJ8V,HVAC_AIR_FILTER,2018-07-02,1530543600
280,R_2DSIdH6iUv9yJ8V,NUTRITIONAL_SUPPLEMENT,2018-07-02,1530543600
281,R_2DSIdH6iUv9yJ8V,CEREAL,2018-07-02,1530543600
282,R_2DSIdH6iUv9yJ8V,HERBAL_SUPPLEMENT,2018-07-02,1530543600
283,R_2DSIdH6iUv9yJ8V,SHOES,2018-07-02,1530543600
284,R_2DSIdH6iUv9yJ8V,ELECTRONIC_ADAPTER,2018-07-02,1530543600
285,R_2OOq3ysdOS3TtBd,ANIMAL_FUR_CLEANER_CONDITIONER,2018-07-02,1530543600
286,R_2OOq3ysdOS3TtBd,WINDOW_SHADE,2018-07-02,1530543600
287,R_2OOq3ysdOS3TtBd,BATTERY,2018-07-02,1530543600
288,R_2P50Iq3Uo8HiCwT,GROCERY,2018-07-02,1530543600
289,R_2P50Iq3Uo8HiCwT,BODY_DEODORANT,2018-07-02,1530543600
290,R_2QXJIE0UXBTy8wd,SKIN_CLEANING_AGENT,2018-07-02,1530543600
291,R_2QswpKsGnL3NBXE,TOYS_AND_GAMES,2018-07-02,1530543600
292,R_2Qu0fgUOnDpaKDH,ANCHOR_STAKE,2018-07-02,1530543600
293,R_2Qu0fgUOnDpaKDH,TENT,2018-07-02,1530543600
294,R_2Qu0fgUOnDpaKDH,SHELLFISH,2018-07-02,1530543600
295,R_2Qu0fgUOnDpaKDH,HOME,2018-07-02,1530543600
296,R_2Qu0fgUOnDpaKDH,SKIN_CLEANING_AGENT,2018-07-02,1530543600
297,R_2Qu0fgUOnDpaKDH,MASCARA,2018-07-02,1530543600
298,R_2VwjXhJ5OznStEi,PLACEMAT,2018-07-02,1530543600
299,R_2VwjXhJ5OznStEi,GARDEN_EDGING,2018-07-02,1530543600
300,R_2WumP0iKDvwiM2r,SHOES,2018-07-02,1530543600
301,R_2YR2Yn7wGzAeAj0,LIP_COLOR,2018-07-02,1530543600
302,R_2YR2Yn7wGzAeAj0,SHIRT,2018-07-02,1530543600
303,R_2dFHfsIqQ6eEtVW,SKIN_MOISTURIZER,2018-07-02,1530543600
304,R_2dvh9tu7PLPeipE,MEDICATION,2018-07-02,1530543600
305,R_2ebzj3o225IisIQ,PET_FOOD,2018-07-02,1530543600
306,R_2ebzj3o225IisIQ,DRINKING_CUP,2018-07-02,1530543600
307,R_2ebzj3o225IisIQ,BATTERY,2018-07-02,1530543600
308,R_2s5OzoDX56gIWr0,SNACK_FOOD_BAR,2018-07-02,1530543600
309,R_2s5OzoDX56gIWr0,IRON_ON_TRANSFER_DESIGN,2018-07-02,1530543600
310,R_2s5YO3cdqKDFyIM,SHIRT,2018-07-02,1530543600
311,R_2s5YO3cdqKDFyIM,INKJET_PRINTER_INK,2018-07-02,1530543600
312,R_2s5YO3cdqKDFyIM,ABRASIVES,2018-07-02,1530543600
313,R_2s5YO3cdqKDFyIM,SKIN_CLEANING_AGENT,2018-07-02,1530543600
314,R_2wzatCV9Z18xLF2,HEALTH_PERSONAL_CARE,2018-07-02,1530543600
315,R_2wzatCV9Z18xLF2,ELECTRONIC_CABLE,2018-07-02,1530543600
316,R_2z7rLZb69WuqDdf,FITNESS_BENCH,2018-07-02,1530543600
317,R_2z7rLZb69WuqDdf,HEALTH_PERSONAL_CARE,2018-07-02,1530543600
318,R_2z7rLZb69WuqDdf,GROCERY,2018-07-02,1530543600
319,R_2z7rLZb69WuqDdf,PANTS,2018-07-02,1530543600
320,R_2z7rLZb69WuqDdf,NUTRITIONAL_SUPPLEMENT,2018-07-02,1530543600
321,R_2z7rLZb69WuqDdf,INCONTINENCE_PROTECTOR,2018-07-02,1530543600
322,R_2z7rLZb69WuqDdf,SHOES,2018-07-02,1530543600
323,R_2z7rLZb69WuqDdf,MENSTRUAL_CUP,2018-07-02,1530543600
324,R_2z7rLZb69WuqDdf,STRINGED_INSTRUMENTS,2018-07-02,1530543600
325,R_2z7rLZb69WuqDdf,MENSTRUAL_CUP,2018-07-02,1530543600
326,R_2zl2FPoC5r6TsM6,PHYSICAL_TV_SERIES,2018-07-02,1530543600
327,R_2zl2FPoC5r6TsM6,VITAMIN,2018-07-02,1530543600
328,R_2zl2FPoC5r6TsM6,ABIS_BOOK,2018-07-02,1530543600
329,R_30kp7Wf9aTgpeIN,OUTBUILDING,2018-07-02,1530543600
330,R_32UZncFA03IrQwQ,RUG,2018-07-02,1530543600
331,R_32UZncFA03IrQwQ,BACKPACK,2018-07-02,1530543600
332,R_33jcUkAZ8knoq82,SNACK_FOOD_BAR,2018-07-02,1530543600
333,R_3EzeiT36qvnPNn2,SHOES,2018-07-02,1530543600
334,R_3EzeiT36qvnPNn2,MEDICATION,2018-07-02,1530543600
335,R_3GiSNq0yPsXSvhf,HEALTH_PERSONAL_CARE,2018-07-02,1530543600
336,R_3I0sWpLFEyMMVOV,CARRIER_BAG_CASE,2018-07-02,1530543600
337,R_3IQQB0Dtvv9riqZ,HERBAL_SUPPLEMENT,2018-07-02,1530543600
338,R_3JK3aP5uRxffXiy,FAUCET,2018-07-02,1530543600
339,R_3JK3aP5uRxffXiy,SKIN_MOISTURIZER,2018-07-02,1530543600
340,R_3JK3aP5uRxffXiy,WIRELESS_ACCESSORY,2018-07-02,1530543600
341,R_3KHiP9QpzA2COVL,LIGHT_BULB_SOCKET,2018-07-02,1530543600
342,R_3M0euO2kPnoHrdt,SHIRT,2018-07-02,1530543600
343,R_3M0euO2kPnoHrdt,DIETARY_SUPPLEMENTS,2018-07-02,1530543600
344,R_3M0euO2kPnoHrdt,MAGAZINES,2018-07-02,1530543600
345,R_3M0euO2kPnoHrdt,NUTRITIONAL_SUPPLEMENT,2018-07-02,1530543600
346,R_3M4EntiuPSB1ZJO,BICYCLE_BASKET,2018-07-02,1530543600
347,R_3M4EntiuPSB1ZJO,PHYSICAL_MOVIE,2018-07-02,1530543600
348,R_3MhBAq6V6XHU9ln,SCREEN_PROTECTOR,2018-07-02,1530543600
349,R_3MhBAq6V6XHU9ln,PHYSICAL_MOVIE,2018-07-02,1530543600
350,R_3MnSLQdJkly3wfg,LAMP,2018-07-02,1530543600
351,R_3MnSLQdJkly3wfg,VITAMIN,2018-07-02,1530543600
352,R_3MsBFFMO0AQslDO,FASHIONNECKLACEBRACELETANKLET,2018-07-02,1530543600
353,R_3MyEdXOZ8P75S1V,EPILATOR,2018-07-02,1530543600
354,R_3PAyJj7mQvMzMco,SAFETY_GLASSES,2018-07-02,1530543600
355,R_3PjlivvZHpECDkS,OFFICE_PRODUCTS,2018-07-02,1530543600
356,R_3PjlivvZHpECDkS,SKIN_CLEANING_AGENT,2018-07-02,1530543600
357,R_3PjlivvZHpECDkS,LIGHT_FIXTURE,2018-07-02,1530543600
358,R_3emmbwwsXsxt4Oj,PANTS,2018-07-02,1530543600
359,R_3emmbwwsXsxt4Oj,ELECTRONIC_CABLE,2018-07-02,1530543600
360,R_3lXswIAy7Qq6UEZ,HEALTH_PERSONAL_CARE,2018-07-02,1530543600
361,R_3lXswIAy7Qq6UEZ,PET_FOOD,2018-07-02,1530543600
362,R_3lXswIAy7Qq6UEZ,MEAT,2018-07-02,1530543600
363,R_3lXswIAy7Qq6UEZ,LIQUID_FUEL_CONTAINER,2018-07-02,1530543600
364,R_3m3H4mwZ2snYFua,PET_FOOD,2018-07-02,1530543600
365,R_3m3H4mwZ2snYFua,PHYSICAL_VIDEO_GAME_SOFTWARE,2018-07-02,1530543600
366,R_3m3H4mwZ2snYFua,ABIS_BOOK,2018-07-02,1530543600
367,R_3s5NxhqKpoWo6zm,SHIRT,2018-07-02,1530543600
368,R_3s5NxhqKpoWo6zm,PERSONAL_FRAGRANCE,2018-07-02,1530543600
369,R_3sbM1ke1qD79iaT,SHAMPOO,2018-07-02,1530543600
370,R_4PhRzF4UI9ooLh7,SHIRT,2018-07-02,1530543600
371,R_4PhRzF4UI9ooLh7,TOYS_AND_GAMES,2018-07-02,1530543600
372,R_4PhRzF4UI9ooLh7,TABLETOP_GAME,2018-07-02,1530543600
373,R_4PhRzF4UI9ooLh7,TOYS_AND_GAMES,2018-07-02,1530543600
374,R_6RpwKYK0Mr2zKBH,KITCHEN_KNIFE,2018-07-02,1530543600
375,R_89aTM1JXN8SWr3b,BREAST_PUMP,2018-07-02,1530543600
376,R_89aTM1JXN8SWr3b,VITAMIN,2018-07-02,1530543600
377,R_8CXcySQawXPuJwJ,CADDY,2018-07-02,1530543600
378,R_8piDwWBq7V7tyZb,MARKING_PEN,2018-07-02,1530543600
379,R_8piDwWBq7V7tyZb,SNACK_FOOD_BAR,2018-07-02,1530543600
380,R_9L8Lum5AaHh6bq9,ABIS_BOOK,2018-07-02,1530543600
381,R_9L8Lum5AaHh6bq9,COSMETIC_CASE,2018-07-02,1530543600
382,R_AEBbAiW2xdXI2at,CAMERA_OTHER_ACCESSORIES,2018-07-02,1530543600
383,R_AEBbAiW2xdXI2at,SNACK_FOOD_BAR,2018-07-02,1530543600
384,R_AM0OvM0F9kBvqal,HEALTH_PERSONAL_CARE,2018-07-02,1530543600
385,R_AM0OvM0F9kBvqal,SKIN_MOISTURIZER,2018-07-02,1530543600
386,R_OfntYUzw43qHbuF,ENGINE_AIR_FILTER,2018-07-02,1530543600
387,R_OfntYUzw43qHbuF,PHYSICAL_MOVIE,2018-07-02,1530543600
388,R_Q4ZjTFeyiC5kgQV,SKIN_MOISTURIZER,2018-07-02,1530543600
389,R_Q4ZjTFeyiC5kgQV,NECKLACE,2018-07-02,1530543600
390,R_SVHcBOlErkMEJjP,CELLULAR_PHONE_CASE,2018-07-02,1530543600
391,R_SVHcBOlErkMEJjP,TOY_FIGURE,2018-07-02,1530543600
392,R_SVHcBOlErkMEJjP,VEHICLE_MOLDING,2018-07-02,1530543600
393,R_SVHcBOlErkMEJjP,TOYS_AND_GAMES,2018-07-02,1530543600
394,R_SVHcBOlErkMEJjP,HAIR_TRIMMER,2018-07-02,1530543600
395,R_UFrfTy7RlXqKDOV,NUTRITIONAL_SUPPLEMENT,2018-07-02,1530543600
396,R_UVM6YBvaArzpRjb,SNACK_FOOD_BAR,2018-07-02,1530543600
397,R_UVM6YBvaArzpRjb,SKIN_MOISTURIZER,2018-07-02,1530543600
398,R_UVM6YBvaArzpRjb,MACHINE_LUBRICANT,2018-07-02,1530543600
399,R_UVM6YBvaArzpRjb,WASTE_BAG,2018-07-02,1530543600
400,R_V1EWFs6tkv2DaMN,DRINK_FLAVORED,2018-07-02,1530543600
401,R_XSu10jIDimUl5m1,MEDICATION,2018-07-02,1530543600
402,R_b3dSUlk76L0C6TD,SHIRT,2018-07-02,1530543600
403,R_b3dSUlk76L0C6TD,CAMERA_LENS_FILTERS,2018-07-02,1530543600
404,R_b8UnkZJoU93ZxEB,SNACK_FOOD_BAR,2018-07-02,1530543600
405,R_b8UnkZJoU93ZxEB,ELECTRONIC_SENSOR,2018-07-02,1530543600
406,R_b8UnkZJoU93ZxEB,FOOD_SHAKER,2018-07-02,1530543600
407,R_ctNHcxd3vRvndXH,VITAMIN,2018-07-02,1530543600
408,R_ctNHcxd3vRvndXH,SKIN_MOISTURIZER,2018-07-02,1530543600
409,R_e8KTElZZLWryLWp,GROCERY,2018-07-02,1530543600
410,R_e8KTElZZLWryLWp,ELECTRIC_FAN,2018-07-02,1530543600
411,R_e8KTElZZLWryLWp,DECORATIVE_PILLOW_COVER,2018-07-02,1530543600
412,R_e8KTElZZLWryLWp,ELECTRIC_FAN,2018-07-02,1530543600
413,R_e8KTElZZLWryLWp,SANDAL,2018-07-02,1530543600
414,R_e8KTElZZLWryLWp,PORTABLE_ELECTRONIC_DEVICE_COVER,2018-07-02,1530543600
415,R_r3IM83Ecq7eY7QJ,CAN_OPENER,2018-07-02,1530543600
416,R_r3IM83Ecq7eY7QJ,TOYS_AND_GAMES,2018-07-02,1530543600
417,R_r3IM83Ecq7eY7QJ,SURVEILANCE_SYSTEMS,2018-07-02,1530543600
418,R_r3IM83Ecq7eY7QJ,MOUSE_PAD,2018-07-02,1530543600
419,R_r3IM83Ecq7eY7QJ,BOTTLE_NIPPLE,2018-07-02,1530543600
420,R_r3IM83Ecq7eY7QJ,HEADPHONES,2018-07-02,1530543600
421,R_r3IM83Ecq7eY7QJ,AIR_CONDITIONER,2018-07-02,1530543600
422,R_s6BUJFPzFF8fk2d,APPAREL_BELT,2018-07-02,1530543600
423,R_sjbgjhzDO2r1Wlr,CANNED_AIR,2018-07-02,1530543600
424,R_snaR9M3EsTpcPi9,ELECTRIC_HEATING_PAD,2018-07-02,1530543600
425,R_uqbcSq7y153jKmZ,SKIN_CLEANING_AGENT,2018-07-02,1530543600
426,R_uqbcSq7y153jKmZ,SQUEEZE_TOY,2018-07-02,1530543600
427,R_uqbcSq7y153jKmZ,MEDICATION,2018-07-02,1530543600
428,R_w5JAqptOytTan4J,ELECTRONIC_CABLE,2018-07-02,1530543600
429,R_w5JAqptOytTan4J,WILDLIFE_FEEDER,2018-07-02,1530543600
430,R_xrrF4kkA2JEG6OZ,FURNITURE_LEG,2018-07-02,1530543600
431,R_yPgyGUixTuXuX5v,BATTERY,2018-07-02,1530543600
432,R_zTf2i6s3E2OQZQR,PROTEIN_SUPPLEMENT_POWDER,2018-07-02,1530543600
433,R_zTf2i6s3E2OQZQR,MEDICATION,2018-07-02,1530543600
434,R_1C9YUFD8GunlGej,STICKER_DECAL,2018-07-03,1530630000
435,R_1CIQjlABWt7jZWc,SHELLFISH,2018-07-03,1530630000
436,R_1E3TJBNJVtr3tcD,VITAMIN,2018-07-03,1530630000
437,R_1E3TJBNJVtr3tcD,ELECTRIC_FAN,2018-07-03,1530630000
438,R_1E3TJBNJVtr3tcD,DRY_SHAMPOO,2018-07-03,1530630000
439,R_1E3TJBNJVtr3tcD,BOTTLE,2018-07-03,1530630000
440,R_1FrdQkXjcUod40Z,PAINT,2018-07-03,1530630000
441,R_1FrdQkXjcUod40Z,INSECT_REPELLENT,2018-07-03,1530630000
442,R_1FrdQkXjcUod40Z,HEALTH_PERSONAL_CARE,2018-07-03,1530630000
443,R_1Fyt6rHyiQcVOT8,ABIS_BOOK,2018-07-03,1530630000
444,R_1I4dnMKlrmtUP09,CAMERA,2018-07-03,1530630000
445,R_1Kru2C0Zf28ZbQ0,SNACK_FOOD_BAR,2018-07-03,1530630000
446,R_1Kru2C0Zf28ZbQ0,HEALTH_PERSONAL_CARE,2018-07-03,1530630000
447,R_1Kru2C0Zf28ZbQ0,SKIN_MOISTURIZER,2018-07-03,1530630000
448,R_1Kru2C0Zf28ZbQ0,ORTHOPEDIC_BRACE,2018-07-03,1530630000
449,R_1Kru2C0Zf28ZbQ0,ABIS_BOOK,2018-07-03,1530630000
450,R_1Kru2C0Zf28ZbQ0,ADHESIVE_TAPES,2018-07-03,1530630000
451,R_1Kru2C0Zf28ZbQ0,ABIS_BOOK,2018-07-03,1530630000
452,R_1Kru2C0Zf28ZbQ0,HEALTH_PERSONAL_CARE,2018-07-03,1530630000
453,R_1Kru2C0Zf28ZbQ0,TOYS_AND_GAMES,2018-07-03,1530630000
454,R_1OrTsiPCkAlmb0N,SKIN_CLEANING_AGENT,2018-07-03,1530630000
455,R_1OrTsiPCkAlmb0N,MEDICATION,2018-07-03,1530630000
456,R_1QupmKjSh9fA4l4,STOVETOP_KETTLE,2018-07-03,1530630000
457,R_1QupmKjSh9fA4l4,LUXURY_BEAUTY,2018-07-03,1530630000
458,R_1QupmKjSh9fA4l4,POWER_SUPPLIES_OR_PROTECTION,2018-07-03,1530630000
459,R_1gU6N4NRSwc9ONd,PANTS,2018-07-03,1530630000
460,R_1gU6N4NRSwc9ONd,STANDALONE_STREAMING_MEDIA_PLAYER,2018-07-03,1530630000
461,R_1gU6N4NRSwc9ONd,VITAMIN,2018-07-03,1530630000
462,R_1gU6N4NRSwc9ONd,SNACK_MIX,2018-07-03,1530630000
463,R_1gU6N4NRSwc9ONd,SKIN_CLEANING_AGENT,2018-07-03,1530630000
464,R_1gU6N4NRSwc9ONd,PHYSICAL_MOVIE,2018-07-03,1530630000
465,R_1gU6N4NRSwc9ONd,MICROPHONE,2018-07-03,1530630000
466,R_1gU6N4NRSwc9ONd,STICKER_DECAL,2018-07-03,1530630000
467,R_1gU6N4NRSwc9ONd,HEADPHONES,2018-07-03,1530630000
468,R_1gU6N4NRSwc9ONd,AMAZON_TABLET,2018-07-03,1530630000
469,R_1gU6N4NRSwc9ONd,TOILET_PAPER,2018-07-03,1530630000
470,R_1gU6N4NRSwc9ONd,DAIRY_BASED_CREAM,2018-07-03,1530630000
471,R_1gU6N4NRSwc9ONd,WAIST_PACK,2018-07-03,1530630000
472,R_1gU6N4NRSwc9ONd,WAIST_PACK,2018-07-03,1530630000
473,R_1jZkLNE1JdtyVpH,MARKING_PEN,2018-07-03,1530630000
474,R_1jZkLNE1JdtyVpH,LASER_PRINTER_TONER,2018-07-03,1530630000
475,R_1jZkLNE1JdtyVpH,SNACK_FOOD_BAR,2018-07-03,1530630000
476,R_1jZkLNE1JdtyVpH,GROCERY,2018-07-03,1530630000
477,R_1l6OglubZSTYfi3,TOYS_AND_GAMES,2018-07-03,1530630000
478,R_1lfNYOmsEIqOn65,SHOES,2018-07-03,1530630000
479,R_1lfNYOmsEIqOn65,SKIN_MOISTURIZER,2018-07-03,1530630000
480,R_1lxYa2W6GgcAQ19,SCREEN_PROTECTOR,2018-07-03,1530630000
481,R_1n8h8059UUul8Dr,HEADPHONES,2018-07-03,1530630000
482,R_1rwhkWp9UYemFEH,MEDICATION,2018-07-03,1530630000
483,R_1rwhkWp9UYemFEH,PACIFIER,2018-07-03,1530630000
484,R_1rwhkWp9UYemFEH,PENCIL_SHARPENER,2018-07-03,1530630000
485,R_1rwhkWp9UYemFEH,SCREEN_PROTECTOR,2018-07-03,1530630000
486,R_20Yd9DvrGselmZY,TEA,2018-07-03,1530630000
487,R_210tLKdUbUZuf7O,TEMPORARY_HANGER_HOOK,2018-07-03,1530630000
488,R_210tLKdUbUZuf7O,STORAGE_BOX,2018-07-03,1530630000
489,R_210tLKdUbUZuf7O,SNACK_FOOD_BAR,2018-07-03,1530630000
490,R_22nS4Bu8Q3B84gf,SHOES,2018-07-03,1530630000
491,R_22nS4Bu8Q3B84gf,CELLULAR_PHONE_CASE,2018-07-03,1530630000
492,R_22nS4Bu8Q3B84gf,FOOD_STORAGE_BAG,2018-07-03,1530630000
493,R_24ovSGBcJmAm7rm,MEDICATION,2018-07-03,1530630000
494,R_25thHabUddjXGzt,INKJET_PRINTER_INK,2018-07-03,1530630000
495,R_25thHabUddjXGzt,ELECTRONIC_CABLE,2018-07-03,1530630000
496,R_25thHabUddjXGzt,SNACK_FOOD_BAR,2018-07-03,1530630000
497,R_273TMGuLM3jXisi,SKIN_CLEANING_AGENT,2018-07-03,1530630000
498,R_2ASz0xBmcxqYzUJ,PANTS,2018-07-03,1530630000
499,R_2DXPyU9bPnWuZPM,SHOES,2018-07-03,1530630000
500,R_2VwjXhJ5OznStEi,GROCERY,2018-07-03,1530630000
501,R_2WMQprO1e6US68f,PHYSICAL_MOVIE,2018-07-03,1530630000
502,R_2WMQprO1e6US68f,UTILITY_KNIFE,2018-07-03,1530630000
503,R_2WMQprO1e6US68f,TOYS_AND_GAMES,2018-07-03,1530630000
504,R_2WMQprO1e6US68f,TOILET_PAPER,2018-07-03,1530630000
505,R_2WMQprO1e6US68f,ABIS_BOOK,2018-07-03,1530630000
506,R_2WMQprO1e6US68f,POWER_BANK,2018-07-03,1530630000
507,R_2WMQprO1e6US68f,TOYS_AND_GAMES,2018-07-03,1530630000
508,R_2WMQprO1e6US68f,PHYSICAL_TV_SERIES,2018-07-03,1530630000
509,R_2WMQprO1e6US68f,ABIS_ELECTRONICS,2018-07-03,1530630000
510,R_2WMQprO1e6US68f,BATTERY,2018-07-03,1530630000
511,R_2YCU6JHbCzus4zy,DRINKING_CUP,2018-07-03,1530630000
512,R_2YCU6JHbCzus4zy,NAIL_POLISH,2018-07-03,1530630000
513,R_2YCU6JHbCzus4zy,NAIL_POLISH,2018-07-03,1530630000
514,R_2YYB0ZXHHFsMn1o,VITAMIN,2018-07-03,1530630000
515,R_2YYB0ZXHHFsMn1o,DIMENSIONAL_MEASUREMENT_CALIPER,2018-07-03,1530630000
516,R_2ZNPweVWnwFNjiC,HEADPHONES,2018-07-03,1530630000
517,R_2ZNPweVWnwFNjiC,CAPO,2018-07-03,1530630000
518,R_2ZNPweVWnwFNjiC,CADDY,2018-07-03,1530630000
519,R_2ZNPweVWnwFNjiC,ELECTRONIC_SIGNAL_CONVERTER,2018-07-03,1530630000
520,R_2ZTFfLAcuwm22Yh,FALSE_NAIL,2018-07-03,1530630000
521,R_2ZTFfLAcuwm22Yh,SWIM_CAP,2018-07-03,1530630000
522,R_2ZTFfLAcuwm22Yh,MOUSE_PAD,2018-07-03,1530630000
523,R_2aKrOq0DBielcig,SNACK_FOOD_BAR,2018-07-03,1530630000
524,R_2dvh9tu7PLPeipE,PHYSICAL_MOVIE,2018-07-03,1530630000
525,R_2dvh9tu7PLPeipE,NUTRITIONAL_SUPPLEMENT,2018-07-03,1530630000
526,R_2mAJniG0xVBIInL,PHYSICAL_MOVIE,2018-07-03,1530630000
527,R_2mAJniG0xVBIInL,POWER_STRIP,2018-07-03,1530630000
528,R_2mAJniG0xVBIInL,MASCARA,2018-07-03,1530630000
529,R_2sYn1oXcE5aaeU5,ELECTRONIC_CABLE,2018-07-03,1530630000
530,R_2uZDxTZAORBIW1o,SPORTING_GOODS,2018-07-03,1530630000
531,R_2wFa9HKdZRkx33l,ELECTRONIC_CABLE,2018-07-03,1530630000
532,R_2wFa9HKdZRkx33l,RECIPROCATING_HEDGE_TRIMMER,2018-07-03,1530630000
533,R_2wFa9HKdZRkx33l,BICYCLE_DERAILLEUR,2018-07-03,1530630000
534,R_2wFa9HKdZRkx33l,DUTCH_OVENS,2018-07-03,1530630000
535,R_2wmLE1q4FIpfioi,GROCERY,2018-07-03,1530630000
536,R_2wmLE1q4FIpfioi,TOYS_AND_GAMES,2018-07-03,1530630000
537,R_2wmLE1q4FIpfioi,BLANKET,2018-07-03,1530630000
538,R_2yplkUxhAWZaFUL,CELLULAR_PHONE_CASE,2018-07-03,1530630000
539,R_2z6pmWToR0TLYk2,INCENSE_HOLDER,2018-07-03,1530630000
540,R_2z6pmWToR0TLYk2,SKIN_MOISTURIZER,2018-07-03,1530630000
541,R_2z7rLZb69WuqDdf,MATTRESS_COVER,2018-07-03,1530630000
542,R_2z7rLZb69WuqDdf,PHYSICAL_MOVIE,2018-07-03,1530630000
543,R_30kPg5opkenrGPb,ABIS_BOOK,2018-07-03,1530630000
544,R_30kPg5opkenrGPb,ELECTRONIC_CABLE,2018-07-03,1530630000
545,R_32VcKmw1biSyknq,MASSAGE_STICK,2018-07-03,1530630000
546,R_32VcKmw1biSyknq,HOME_FURNITURE_AND_DECOR,2018-07-03,1530630000
547,R_32VcKmw1biSyknq,AIR_CONDITIONER,2018-07-03,1530630000
548,R_3EMaONYGibovcxQ,BLOWTORCH,2018-07-03,1530630000
549,R_3EMaONYGibovcxQ,TOYS_AND_GAMES,2018-07-03,1530630000
550,R_3EMaONYGibovcxQ,CELLULAR_PHONE_CASE,2018-07-03,1530630000
551,R_3EMaONYGibovcxQ,SKIN_CLEANING_AGENT,2018-07-03,1530630000
552,R_3HigTq4itishziE,SKIN_MOISTURIZER,2018-07-03,1530630000
553,R_3HigTq4itishziE,HEALTH_PERSONAL_CARE,2018-07-03,1530630000
554,R_3HzRfw5sNEvrFRf,TOY_BUILDING_BLOCK,2018-07-03,1530630000
555,R_3IaGUIs83jpQZU4,BATTERY,2018-07-03,1530630000
556,R_3IaGUIs83jpQZU4,SKEWER,2018-07-03,1530630000
557,R_3JFAj4jTW4qftb2,ABIS_BOOK,2018-07-03,1530630000
558,R_3JJfhp7Z7vUO8K2,ELECTRONIC_CABLE,2018-07-03,1530630000
559,R_3JJfhp7Z7vUO8K2,GROCERY,2018-07-03,1530630000
560,R_3JJfhp7Z7vUO8K2,VALVE,2018-07-03,1530630000
561,R_3JJfhp7Z7vUO8K2,FOOD_SLICER,2018-07-03,1530630000
562,R_3KCUnPI9FEz7vTo,NUTRITIONAL_SUPPLEMENT,2018-07-03,1530630000
563,R_3KHiP9QpzA2COVL,BATTERY,2018-07-03,1530630000
564,R_3KHiP9QpzA2COVL,BRACELET,2018-07-03,1530630000
565,R_3KHiP9QpzA2COVL,SKIN_CLEANING_AGENT,2018-07-03,1530630000
566,R_3MhBAq6V6XHU9ln,COAT,2018-07-03,1530630000
567,R_3MhBAq6V6XHU9ln,SHIRT,2018-07-03,1530630000
568,R_3MtDVQQzrp3Cm8d,BATTERY,2018-07-03,1530630000
569,R_3MtDVQQzrp3Cm8d,BATTERY,2018-07-03,1530630000
570,R_3MtDVQQzrp3Cm8d,SKIN_MOISTURIZER,2018-07-03,1530630000
571,R_3MtDVQQzrp3Cm8d,PANTS,2018-07-03,1530630000
572,R_3MtDVQQzrp3Cm8d,TOYS_AND_GAMES,2018-07-03,1530630000
573,R_3O9aPnM7ixjsbYK,SNACK_FOOD_BAR,2018-07-03,1530630000
574,R_3O9aPnM7ixjsbYK,SKIN_CLEANING_AGENT,2018-07-03,1530630000
575,R_3O9aPnM7ixjsbYK,MEAL_HOLDER,2018-07-03,1530630000
576,R_3R3FfvTaRKxigNl,SKIN_MOISTURIZER,2018-07-03,1530630000
577,R_3R3FfvTaRKxigNl,HOBBIES,2018-07-03,1530630000
578,R_3RpTNwsri1SSxeL,GROCERY,2018-07-03,1530630000
579,R_3ViaGvZl7J3ObBv,MOTION_DETECTOR_DEVICE,2018-07-03,1530630000
580,R_3ViaGvZl7J3ObBv,GIFT_CARD,2018-07-03,1530630000
581,R_3ViaGvZl7J3ObBv,SCREEN_PROTECTOR,2018-07-03,1530630000
582,R_3fB1NIeE1OGUd72,NOISE_MACHINE,2018-07-03,1530630000
583,R_3fB1NIeE1OGUd72,SWIMWEAR,2018-07-03,1530630000
584,R_3fB1NIeE1OGUd72,RAZOR_BLADE_CARTRIDGE,2018-07-03,1530630000
585,R_3fxhcf9cnZWI5qg,DIE_CUT_MACHINE,2018-07-03,1530630000
586,R_3fxhcf9cnZWI5qg,PHONE,2018-07-03,1530630000
587,R_3fxhcf9cnZWI5qg,ABIS_BOOK,2018-07-03,1530630000
588,R_3fxhcf9cnZWI5qg,DRINKING_STRAW,2018-07-03,1530630000
589,R_3gTrwWhEzAv6gzH,VITAMIN,2018-07-03,1530630000
590,R_3gTrwWhEzAv6gzH,HEALTH_PERSONAL_CARE,2018-07-03,1530630000
591,R_3ixOwXLuUfjiWS8,MAILBOX,2018-07-03,1530630000
592,R_3ixOwXLuUfjiWS8,SURFACE_CLEANING_WIPE,2018-07-03,1530630000
593,R_3ixOwXLuUfjiWS8,PET_FOOD,2018-07-03,1530630000
594,R_3ixOwXLuUfjiWS8,CAMERA_DIGITAL,2018-07-03,1530630000
595,R_3ixOwXLuUfjiWS8,PHYSICAL_MOVIE,2018-07-03,1530630000
596,R_3ixOwXLuUfjiWS8,BLAZER,2018-07-03,1530630000
597,R_3ixOwXLuUfjiWS8,CAMERA_DIGITAL,2018-07-03,1530630000
598,R_3ixOwXLuUfjiWS8,MARKING_PEN,2018-07-03,1530630000
599,R_3ixOwXLuUfjiWS8,SHIN_GUARD,2018-07-03,1530630000
600,R_3ixUxNOUiEYD7KJ,ELECTRONIC_CABLE,2018-07-03,1530630000
601,R_3ixUxNOUiEYD7KJ,ABIS_BOOK,2018-07-03,1530630000
602,R_3ixUxNOUiEYD7KJ,SHOES,2018-07-03,1530630000
603,R_3ixUxNOUiEYD7KJ,DRESS,2018-07-03,1530630000
604,R_3ixUxNOUiEYD7KJ,BATTERY,2018-07-03,1530630000
605,R_3ixUxNOUiEYD7KJ,PHYSICAL_MOVIE,2018-07-03,1530630000
606,R_3ixUxNOUiEYD7KJ,HOME,2018-07-03,1530630000
607,R_3ixUxNOUiEYD7KJ,ABIS_BOOK,2018-07-03,1530630000
608,R_3iydBpfsKD9jRTq,SHIRT,2018-07-03,1530630000
609,R_3jYVNfQkzbtT9y0,HEALTH_PERSONAL_CARE,2018-07-03,1530630000
610,R_3m4y20RcmogDzZl,HEALTH_PERSONAL_CARE,2018-07-03,1530630000
611,R_3m4y20RcmogDzZl,GUILD_JEWELRY,2018-07-03,1530630000
612,R_3n17fNI56KA8rTV,DISHWARE_BOWL,2018-07-03,1530630000
613,R_3n17fNI56KA8rTV,PUZZLES,2018-07-03,1530630000
614,R_3pm4Od2kUSXlZgY,FIGURINE,2018-07-03,1530630000
615,R_3pm4Od2kUSXlZgY,PAINT_BRUSH,2018-07-03,1530630000
616,R_3qTFp0FJqUeMhVZ,PET_TOY,2018-07-03,1530630000
617,R_3qTFp0FJqUeMhVZ,SKEWER,2018-07-03,1530630000
618,R_3qTFp0FJqUeMhVZ,CLEANING_AGENT,2018-07-03,1530630000
619,R_3qTFp0FJqUeMhVZ,POTABLE_WATER_FILTER,2018-07-03,1530630000
620,R_3qTFp0FJqUeMhVZ,SHOES,2018-07-03,1530630000
621,R_3s07B19Gl5Ix56W,SUIT,2018-07-03,1530630000
622,R_3sbM1ke1qD79iaT,SNACK_FOOD_BAR,2018-07-03,1530630000
623,R_3sbM1ke1qD79iaT,GREETING_CARD,2018-07-03,1530630000
624,R_3socPWD3wXD0iDP,GROCERY,2018-07-03,1530630000
625,R_6RpwKYK0Mr2zKBH,PHYSICAL_MOVIE,2018-07-03,1530630000
626,R_6RpwKYK0Mr2zKBH,KITCHEN_KNIFE,2018-07-03,1530630000
627,R_6RpwKYK0Mr2zKBH,PANTS,2018-07-03,1530630000
628,R_6RpwKYK0Mr2zKBH,WATER_PURIFICATION_UNIT,2018-07-03,1530630000
629,R_6SbhJD23U5a2YJX,SHIRT,2018-07-03,1530630000
630,R_6SbhJD23U5a2YJX,BATTERY,2018-07-03,1530630000
631,R_6SbhJD23U5a2YJX,PHYSICAL_MOVIE,2018-07-03,1530630000
632,R_8vnpSkm79W7Jsv7,STRING_LIGHT,2018-07-03,1530630000
633,R_A1fku0XPEwwfhC1,ELECTRONIC_CABLE,2018-07-03,1530630000
634,R_A1fku0XPEwwfhC1,PHYSICAL_VIDEO_GAME_SOFTWARE,2018-07-03,1530630000
635,R_A1fku0XPEwwfhC1,BATTERY,2018-07-03,1530630000
636,R_AKBlDprDMrv4M7v,FERTILIZER,2018-07-03,1530630000
637,R_AM0OvM0F9kBvqal,CELLULAR_PHONE_CASE,2018-07-03,1530630000
638,R_AM0OvM0F9kBvqal,VITAMIN,2018-07-03,1530630000
639,R_BWhnv4EdbhSS6rf,FRUIT_SNACK,2018-07-03,1530630000
640,R_BWhnv4EdbhSS6rf,HEADPHONES,2018-07-03,1530630000
641,R_O6ZX76mggPnAOfD,OUTDOOR_LIVING,2018-07-03,1530630000
642,R_PwlnzzccUMXV0n7,O_RINGS,2018-07-03,1530630000
643,R_PwlnzzccUMXV0n7,PANTRY,2018-07-03,1530630000
644,R_Q4ZjTFeyiC5kgQV,INPUT_MOUSE,2018-07-03,1530630000
645,R_Q4ZjTFeyiC5kgQV,NECKLACE,2018-07-03,1530630000
646,R_Q4ZjTFeyiC5kgQV,CAMERA_LENSES,2018-07-03,1530630000
647,R_RPruSl134deuxOh,MEDICATION,2018-07-03,1530630000
648,R_XAphEY817eORyx3,BODY_PAINT,2018-07-03,1530630000
649,R_XAphEY817eORyx3,KEYBOARDS,2018-07-03,1530630000
650,R_XAphEY817eORyx3,BODY_PAINT,2018-07-03,1530630000
651,R_XAphEY817eORyx3,CAMERA_CLEANER,2018-07-03,1530630000
652,R_Y3PPLmdNg6NnwZz,SNACK_FOOD_BAR,2018-07-03,1530630000
653,R_b8UnkZJoU93ZxEB,CHARGING_ADAPTER,2018-07-03,1530630000
654,R_b8UnkZJoU93ZxEB,PET_FOOD,2018-07-03,1530630000
655,R_bBgIkZfU6RwGLWF,VEHICLE_SCAN_TOOL,2018-07-03,1530630000
656,R_bHPddsX5H49vNL3,SKIN_CLEANING_AGENT,2018-07-03,1530630000
657,R_bHPddsX5H49vNL3,COMPUTER_INPUT_DEVICE_ACCESSORY,2018-07-03,1530630000
658,R_bHPddsX5H49vNL3,WATCH_BAND,2018-07-03,1530630000
659,R_eyQl26Pq4cq0Xmx,CELLULAR_PHONE_CASE,2018-07-03,1530630000
660,R_eyQl26Pq4cq0Xmx,NUTRITIONAL_SUPPLEMENT,2018-07-03,1530630000
661,R_eyQl26Pq4cq0Xmx,BODY_STRAP,2018-07-03,1530630000
662,R_eyQl26Pq4cq0Xmx,THERMOS,2018-07-03,1530630000
663,R_eyQl26Pq4cq0Xmx,GROCERY,2018-07-03,1530630000
664,R_eyQl26Pq4cq0Xmx,ROLLING_PAPER,2018-07-03,1530630000
665,R_eyQl26Pq4cq0Xmx,ELECTRONIC_CABLE,2018-07-03,1530630000
666,R_eyQl26Pq4cq0Xmx,PROTEIN_SUPPLEMENT_POWDER,2018-07-03,1530630000
667,R_eyQl26Pq4cq0Xmx,NUTRITIONAL_SUPPLEMENT,2018-07-03,1530630000
668,R_eyQl26Pq4cq0Xmx,THERMOS,2018-07-03,1530630000
669,R_pRWnSKTREPIwpSF,ELECTRONIC_CABLE,2018-07-03,1530630000
670,R_xc0AiqTlV5cTvZn,PHYSICAL_MOVIE,2018-07-03,1530630000
671,R_xc0AiqTlV5cTvZn,BATHING_SPONGE,2018-07-03,1530630000
672,R_xcs1aVCVrBlXkgV,SNACK_FOOD_BAR,2018-07-03,1530630000
673,R_yILeYEcIeCBmy2t,PAINT,2018-07-03,1530630000
674,R_zdLOP8JD2pe1brj,BATTERY,2018-07-03,1530630000
675,R_zdLOP8JD2pe1brj,SNACK_FOOD_BAR,2018-07-03,1530630000
676,R_10uU7A3PqkL1i0o,PANTS,2018-07-04,1530716400
677,R_10uU7A3PqkL1i0o,ICE_CHEST,2018-07-04,1530716400
678,R_1C4nKyrv0w2thJn,SCREEN_PROTECTOR,2018-07-04,1530716400
679,R_1C8w4NDDQC5fcgE,HEADPHONES,2018-07-04,1530716400
680,R_1C9YUFD8GunlGej,GROCERY,2018-07-04,1530716400
681,R_1C9YUFD8GunlGej,SCARF,2018-07-04,1530716400
682,R_1C9YUFD8GunlGej,PHYSICAL_MOVIE,2018-07-04,1530716400
683,R_1C9YUFD8GunlGej,CELLULAR_PHONE_CASE,2018-07-04,1530716400
684,R_1C9YUFD8GunlGej,COSMETIC_SPONGE,2018-07-04,1530716400
685,R_1C9YUFD8GunlGej,PHYSICAL_MOVIE,2018-07-04,1530716400
686,R_1DYjkc1gJNvrzzL,HEALTH_PERSONAL_CARE,2018-07-04,1530716400
687,R_1H7zBXFz4gN1Ezl,PERSONAL_FLOTATION_DEVICE,2018-07-04,1530716400
688,R_1H7zBXFz4gN1Ezl,VEHICLE_LIGHTING_CONVERSION_KIT,2018-07-04,1530716400
689,R_1H7zBXFz4gN1Ezl,SHIRT,2018-07-04,1530716400
690,R_1IaQCAaU1CcbXWO,CHOCOLATE_CANDY,2018-07-04,1530716400
691,R_1IaQCAaU1CcbXWO,VITAMIN,2018-07-04,1530716400
692,R_1IaQCAaU1CcbXWO,SHAVING_BRUSH,2018-07-04,1530716400
693,R_1LMa9REuvUok05j,OUTDOOR_LIVING,2018-07-04,1530716400
694,R_1NCzj2eSHI4QGcd,HEADPHONES,2018-07-04,1530716400
695,R_1NDq0rxoUSu6oyz,SCREEN_PROTECTOR,2018-07-04,1530716400
696,R_1NDq0rxoUSu6oyz,HOBBIES,2018-07-04,1530716400
697,R_1NDq0rxoUSu6oyz,SHIRT,2018-07-04,1530716400
698,R_1PcttxbjmIpzZ9t,TOYS_AND_GAMES,2018-07-04,1530716400
699,R_1PcttxbjmIpzZ9t,FASHIONNECKLACEBRACELETANKLET,2018-07-04,1530716400
700,R_1cYxarQPFQxNRHB,PET_FOOD,2018-07-04,1530716400
701,R_1cYxarQPFQxNRHB,HEALTH_PERSONAL_CARE,2018-07-04,1530716400
702,R_1dlSByn2AyHWx7r,ICE_CREAM_MAKER,2018-07-04,1530716400
703,R_1dlSByn2AyHWx7r,MARBLE_TRACK,2018-07-04,1530716400
704,R_1dlSByn2AyHWx7r,BLANK_STORAGE_MEDIA,2018-07-04,1530716400
705,R_1goV1AJmLMRsVRE,NUTRITIONAL_SUPPLEMENT,2018-07-04,1530716400
706,R_1goV1AJmLMRsVRE,ABIS_BOOK,2018-07-04,1530716400
707,R_1goV1AJmLMRsVRE,FURNITURE_SLIDER,2018-07-04,1530716400
708,R_1goV1AJmLMRsVRE,CULINARY_MUSHROOM,2018-07-04,1530716400
709,R_1goV1AJmLMRsVRE,BLANK_BOOK,2018-07-04,1530716400
710,R_1goV1AJmLMRsVRE,ABIS_BOOK,2018-07-04,1530716400
711,R_1goV1AJmLMRsVRE,BODY_DEODORANT,2018-07-04,1530716400
712,R_1hMV4AHCk04WO5V,NUT_AND_SEED,2018-07-04,1530716400
713,R_1mEmb9jWLRYCU4e,ELECTRONIC_COMPONENT_AMPLIFIER,2018-07-04,1530716400
714,R_1ouRfsTlr2iWPge,LIGHT_FIXTURE,2018-07-04,1530716400
715,R_1psTlOFeWx4gWdX,SONAR_FATHOMETER,2018-07-04,1530716400
716,R_1rwhkWp9UYemFEH,HEADPHONES,2018-07-04,1530716400
717,R_22mMopWqAj09mQc,BATTERY,2018-07-04,1530716400
718,R_22mMopWqAj09mQc,SHIRT,2018-07-04,1530716400
719,R_23enipHqTsjcQfN,SNACK_FOOD_BAR,2018-07-04,1530716400
720,R_24csoaO569P4Yzz,VITAMIN,2018-07-04,1530716400
721,R_26nB6rfoaXIEb6Z,SHOES,2018-07-04,1530716400
722,R_273TMGuLM3jXisi,MEDICATION,2018-07-04,1530716400
723,R_29iGyG3WSmKo5Te,PHYSICAL_MOVIE,2018-07-04,1530716400
724,R_2AGpSTOzeeHqMYd,SCARF,2018-07-04,1530716400
725,R_2D1zydYR5SZ0LpK,SKIN_MOISTURIZER,2018-07-04,1530716400
726,R_2D1zydYR5SZ0LpK,PET_TOY,2018-07-04,1530716400
727,R_2D1zydYR5SZ0LpK,SNACK_FOOD_BAR,2018-07-04,1530716400
728,R_2D1zydYR5SZ0LpK,SANDER,2018-07-04,1530716400
729,R_2DNtqbBKGHzSDN9,SCREEN_PROTECTOR,2018-07-04,1530716400
730,R_2DNtqbBKGHzSDN9,ABIS_BOOK,2018-07-04,1530716400
731,R_2DNtqbBKGHzSDN9,ABIS_BOOK,2018-07-04,1530716400
732,R_2OOq3ysdOS3TtBd,PANTS,2018-07-04,1530716400
733,R_2OOq3ysdOS3TtBd,CELLULAR_PHONE_CASE,2018-07-04,1530716400
734,R_2QRS9mrQwSKNLye,NUTRITIONAL_SUPPLEMENT,2018-07-04,1530716400
735,R_2QRS9mrQwSKNLye,HEALTH_PERSONAL_CARE,2018-07-04,1530716400
736,R_2Qu0fgUOnDpaKDH,TOYS_AND_GAMES,2018-07-04,1530716400
737,R_2Qu0fgUOnDpaKDH,WATCH_BAND,2018-07-04,1530716400
738,R_2Qu0fgUOnDpaKDH,NUTRITIONAL_SUPPLEMENT,2018-07-04,1530716400
739,R_2VyUSFk11bbTVej,HAIR_STYLING_AGENT,2018-07-04,1530716400
740,R_2VyUSFk11bbTVej,SANDER,2018-07-04,1530716400
741,R_2WSDyKoVDJhO1Os,PHYSICAL_MOVIE,2018-07-04,1530716400
742,R_2WumP0iKDvwiM2r,HEADPHONES,2018-07-04,1530716400
743,R_2XoI6KbLJRGFz5X,SWING,2018-07-04,1530716400
744,R_2YKPfnktaDrPIYT,SOCKS,2018-07-04,1530716400
745,R_2YKPfnktaDrPIYT,ELECTRONIC_CABLE,2018-07-04,1530716400
746,R_2YKPfnktaDrPIYT,TOILET_PAPER,2018-07-04,1530716400
747,R_2YKPfnktaDrPIYT,PANTS,2018-07-04,1530716400
748,R_2YlhHzEptxRGFBL,SKIN_CLEANING_AGENT,2018-07-04,1530716400
749,R_2YlhHzEptxRGFBL,TOYS_AND_GAMES,2018-07-04,1530716400
750,R_2c0kxk2rIJClCxm,MASSAGER,2018-07-04,1530716400
751,R_2dFHfsIqQ6eEtVW,SKIN_MOISTURIZER,2018-07-04,1530716400
752,R_2dRR9SjNrn4s7xU,SKIN_CLEANING_AGENT,2018-07-04,1530716400
753,R_2dRR9SjNrn4s7xU,TOYS_AND_GAMES,2018-07-04,1530716400
754,R_2dY2NzAgp2digAs,CELLULAR_PHONE_CASE,2018-07-04,1530716400
755,R_2dyITPHbbfmCXJn,PANTS,2018-07-04,1530716400
756,R_2qjAN1lyLAdAxT2,SHARPS_DISPOSAL_CONTAINER,2018-07-04,1530716400
757,R_2qjAN1lyLAdAxT2,FOOD_PREPARATION_MOLD,2018-07-04,1530716400
758,R_2qjAN1lyLAdAxT2,HEALTH_PERSONAL_CARE,2018-07-04,1530716400
759,R_2rOPRiLTdvFrJFq,SKIN_MOISTURIZER,2018-07-04,1530716400
760,R_2t3ifk3xBqzIWG9,MUSICAL_INSTRUMENT_AMPLIFIER,2018-07-04,1530716400
761,R_2t3ifk3xBqzIWG9,RUG_PAD,2018-07-04,1530716400
762,R_2t3ifk3xBqzIWG9,PET_APPAREL,2018-07-04,1530716400
763,R_2t3ifk3xBqzIWG9,ELECTRONIC_CABLE,2018-07-04,1530716400
764,R_2t3ifk3xBqzIWG9,PET_APPAREL,2018-07-04,1530716400
765,R_2t3ifk3xBqzIWG9,SKIN_CLEANING_AGENT,2018-07-04,1530716400
766,R_2t3ifk3xBqzIWG9,BRA,2018-07-04,1530716400
767,R_2t3ifk3xBqzIWG9,SOCKS,2018-07-04,1530716400
768,R_2t3ifk3xBqzIWG9,SKIN_MOISTURIZER,2018-07-04,1530716400
769,R_2t3ifk3xBqzIWG9,HAIR_TRIMMER,2018-07-04,1530716400
770,R_2t3ifk3xBqzIWG9,SHOES,2018-07-04,1530716400
771,R_2tfh4rvpUWWJndF,SHOES,2018-07-04,1530716400
772,R_2wmLE1q4FIpfioi,PHYSICAL_MOVIE,2018-07-04,1530716400
773,R_2wmLE1q4FIpfioi,PANTS,2018-07-04,1530716400
774,R_2wmLE1q4FIpfioi,PAPER_TOWEL,2018-07-04,1530716400
775,R_2wmLE1q4FIpfioi,HEALTH_PERSONAL_CARE,2018-07-04,1530716400
776,R_2wmLE1q4FIpfioi,SHOES,2018-07-04,1530716400
777,R_2z7rLZb69WuqDdf,STRINGED_INSTRUMENTS,2018-07-04,1530716400
778,R_2zD58KSXqhHfp5e,SHOES,2018-07-04,1530716400
779,R_2zD58KSXqhHfp5e,SKIN_MOISTURIZER,2018-07-04,1530716400
780,R_31LAZHcaNHPvu3z,DRINK_FLAVORED,2018-07-04,1530716400
781,R_31LAZHcaNHPvu3z,SKIN_MOISTURIZER,2018-07-04,1530716400
782,R_31LAZHcaNHPvu3z,VITAMIN,2018-07-04,1530716400
783,R_31LAZHcaNHPvu3z,TOYS_AND_GAMES,2018-07-04,1530716400
784,R_32UZncFA03IrQwQ,PANTS,2018-07-04,1530716400
785,R_32UZncFA03IrQwQ,SNACK_FOOD_BAR,2018-07-04,1530716400
786,R_32UZncFA03IrQwQ,PET_FOOD,2018-07-04,1530716400
787,R_331r8PPvTyqKSoh,ELECTRONIC_CABLE,2018-07-04,1530716400
788,R_33jcUkAZ8knoq82,WINDING_REEL,2018-07-04,1530716400
789,R_33jcUkAZ8knoq82,GROCERY,2018-07-04,1530716400
790,R_33jcUkAZ8knoq82,SHOES,2018-07-04,1530716400
791,R_33jcUkAZ8knoq82,TOYS_AND_GAMES,2018-07-04,1530716400
792,R_33jcUkAZ8knoq82,CELLULAR_PHONE_CASE,2018-07-04,1530716400
793,R_33jcUkAZ8knoq82,SKIN_MOISTURIZER,2018-07-04,1530716400
794,R_33jcUkAZ8knoq82,BATTERY,2018-07-04,1530716400
795,R_33jcUkAZ8knoq82,MINERAL_SUPPLEMENT,2018-07-04,1530716400
796,R_33jcUkAZ8knoq82,HEADPHONES,2018-07-04,1530716400
797,R_33jcUkAZ8knoq82,FRUIT,2018-07-04,1530716400
798,R_33jcUkAZ8knoq82,SHOELACE,2018-07-04,1530716400
799,R_33jcUkAZ8knoq82,FRUIT,2018-07-04,1530716400
800,R_33jcUkAZ8knoq82,PEST_CONTROL_DEVICE,2018-07-04,1530716400
801,R_33jcUkAZ8knoq82,WINDING_REEL,2018-07-04,1530716400
802,R_33jcUkAZ8knoq82,SHOES,2018-07-04,1530716400
803,R_33jcUkAZ8knoq82,VITAMIN,2018-07-04,1530716400
804,R_33jcUkAZ8knoq82,VINEGAR,2018-07-04,1530716400
805,R_33jcUkAZ8knoq82,TOOTHBRUSH,2018-07-04,1530716400
806,R_33jcUkAZ8knoq82,BOOT,2018-07-04,1530716400
807,R_33jcUkAZ8knoq82,PEST_CONTROL_DEVICE,2018-07-04,1530716400
808,R_33jcUkAZ8knoq82,TEXTILE_DEODORIZER,2018-07-04,1530716400
809,R_33jcUkAZ8knoq82,BATHWATER_ADDITIVE,2018-07-04,1530716400
810,R_33jcUkAZ8knoq82,RICE_MIX,2018-07-04,1530716400
811,R_33jcUkAZ8knoq82,TOOTH_WHITENER,2018-07-04,1530716400
812,R_33jcUkAZ8knoq82,TEXTILE_DEODORIZER,2018-07-04,1530716400
813,R_33jcUkAZ8knoq82,PANTS,2018-07-04,1530716400
814,R_33jcUkAZ8knoq82,HEALTH_PERSONAL_CARE,2018-07-04,1530716400
815,R_33jcUkAZ8knoq82,NON_RIDING_TOY_VEHICLE,2018-07-04,1530716400
816,R_33jcUkAZ8knoq82,SURFACE_CLEANING_WIPE,2018-07-04,1530716400
817,R_33jcUkAZ8knoq82,BATHWATER_ADDITIVE,2018-07-04,1530716400
818,R_33jcUkAZ8knoq82,ELECTRONIC_CABLE,2018-07-04,1530716400
819,R_33jcUkAZ8knoq82,SUNGLASSES,2018-07-04,1530716400
820,R_33jcUkAZ8knoq82,PHYSICAL_MOVIE,2018-07-04,1530716400
821,R_33jcUkAZ8knoq82,RICE_MIX,2018-07-04,1530716400
822,R_33jcUkAZ8knoq82,SNACK_FOOD_BAR,2018-07-04,1530716400
823,R_33jcUkAZ8knoq82,NUTRITIONAL_SUPPLEMENT,2018-07-04,1530716400
824,R_33jcUkAZ8knoq82,VITAMIN,2018-07-04,1530716400
825,R_33jcUkAZ8knoq82,SURFACE_CLEANING_WIPE,2018-07-04,1530716400
826,R_33jcUkAZ8knoq82,PET_FOOD,2018-07-04,1530716400
827,R_3EbttwlSceKvWpl,SEEDS_AND_PLANTS,2018-07-04,1530716400
828,R_3GqfePl8gH1VWP1,GROCERY,2018-07-04,1530716400
829,R_3GqfePl8gH1VWP1,HANDLE_GRIP,2018-07-04,1530716400
830,R_3GqfePl8gH1VWP1,PET_FEEDER,2018-07-04,1530716400
831,R_3Hphzg7zu04Hgy1,INSECT_REPELLENT,2018-07-04,1530716400
832,R_3Hphzg7zu04Hgy1,INSECT_REPELLENT,2018-07-04,1530716400
833,R_3Hphzg7zu04Hgy1,ABIS_BOOK,2018-07-04,1530716400
834,R_3JFAj4jTW4qftb2,JUMP_ROPE,2018-07-04,1530716400
835,R_3Kv8PUwM5KE3ZA2,KEYBOARD_MOUSE_SET,2018-07-04,1530716400
836,R_3MsY6hQO6rNgjhW,SHOES,2018-07-04,1530716400
837,R_3emmbwwsXsxt4Oj,PROTEIN_SUPPLEMENT_POWDER,2018-07-04,1530716400
838,R_3ennfkrsSdTlmrJ,ICE_MAKER,2018-07-04,1530716400
839,R_3fBmKcLTAgFITMo,TOOL_CHUCK,2018-07-04,1530716400
840,R_3iydBpfsKD9jRTq,NUT_AND_SEED,2018-07-04,1530716400
841,R_3iydBpfsKD9jRTq,NUT_AND_SEED,2018-07-04,1530716400
842,R_3oO3DoeTgXHrEzx,GROCERY,2018-07-04,1530716400
843,R_3oWSVjKtFIw0OE8,PET_FOOD,2018-07-04,1530716400
844,R_3rV7kPHe9hVsMee,SNACK_FOOD_BAR,2018-07-04,1530716400
845,R_3s02y9lg8GCo9q0,SKIN_CLEANING_AGENT,2018-07-04,1530716400
846,R_8CXcySQawXPuJwJ,SPORT_ACTIVITY_GLOVE,2018-07-04,1530716400
847,R_8CXcySQawXPuJwJ,STORAGE_BOX,2018-07-04,1530716400
848,R_A0ZwhLeBVySdW8N,SPORT_NET,2018-07-04,1530716400
849,R_BWhnv4EdbhSS6rf,FLAVORED_DRINK_CONCENTRATE,2018-07-04,1530716400
850,R_CaF1pc8CnyWJvCp,EXERCISE_BAND,2018-07-04,1530716400
851,R_O6ZX76mggPnAOfD,BATTERY,2018-07-04,1530716400
852,R_O9FzIlCvCxllJSN,SCREEN_PROTECTOR,2018-07-04,1530716400
853,R_O9FzIlCvCxllJSN,HEALTH_PERSONAL_CARE,2018-07-04,1530716400
854,R_OGN3QDO9930tfAl,PASTRY_BASTING_BRUSH,2018-07-04,1530716400
855,R_OdTirYYBS6ms6nn,PET_TOY,2018-07-04,1530716400
856,R_OdTirYYBS6ms6nn,PAINT_BRUSH,2018-07-04,1530716400
857,R_RlYyUhsDFvyGwX7,PANTS,2018-07-04,1530716400
858,R_RlYyUhsDFvyGwX7,MEDICATION,2018-07-04,1530716400
859,R_RlYyUhsDFvyGwX7,MEDICATION,2018-07-04,1530716400
860,R_RlYyUhsDFvyGwX7,PAPER_CLIP_CLAMP,2018-07-04,1530716400
861,R_RlYyUhsDFvyGwX7,NUTRITIONAL_SUPPLEMENT,2018-07-04,1530716400
862,R_RlYyUhsDFvyGwX7,TEA,2018-07-04,1530716400
863,R_RlYyUhsDFvyGwX7,TOY_FIGURE,2018-07-04,1530716400
864,R_RlYyUhsDFvyGwX7,TEACHING_EQUIPMENT,2018-07-04,1530716400
865,R_RlYyUhsDFvyGwX7,EXERCISE_MAT,2018-07-04,1530716400
866,R_RlYyUhsDFvyGwX7,SKIN_TREATMENT_MASK,2018-07-04,1530716400
867,R_RlYyUhsDFvyGwX7,GRILL_SMOKER_COVER,2018-07-04,1530716400
868,R_RlYyUhsDFvyGwX7,SKIN_TREATMENT_MASK,2018-07-04,1530716400
869,R_SVHcBOlErkMEJjP,ELECTRONIC_CABLE,2018-07-04,1530716400
870,R_Ui78k1hRGuGWhln,STORAGE_BOX,2018-07-04,1530716400
871,R_XSu10jIDimUl5m1,HEADPHONES,2018-07-04,1530716400
872,R_XwiCirQyfwJzVtv,FITTED_SHEET,2018-07-04,1530716400
873,R_YS4MPsfM1Neg0RH,SHOES,2018-07-04,1530716400
874,R_YS4MPsfM1Neg0RH,SKIN_MOISTURIZER,2018-07-04,1530716400
875,R_bBgIkZfU6RwGLWF,BRA,2018-07-04,1530716400
876,R_e8KTElZZLWryLWp,SKIN_EXFOLIANT,2018-07-04,1530716400
877,R_e8KTElZZLWryLWp,MEDICATION,2018-07-04,1530716400
878,R_e8KTElZZLWryLWp,VITAMIN,2018-07-04,1530716400
879,R_r1oTDkv1OlGnNuN,COMPUTER_COMPONENT,2018-07-04,1530716400
880,R_t0ccZ3CXpzqgSpr,GROCERY,2018-07-04,1530716400
881,R_t0ccZ3CXpzqgSpr,VITAMIN,2018-07-04,1530716400
882,R_t0ccZ3CXpzqgSpr,UNDERPANTS,2018-07-04,1530716400
883,R_u99XwBV1boyooXT,HAIR_ROLLER,2018-07-04,1530716400
884,R_u99XwBV1boyooXT,HEALTH_PERSONAL_CARE,2018-07-04,1530716400
885,R_w5bE96azoKnM6Ih,SKIN_MOISTURIZER,2018-07-04,1530716400
886,R_w5bE96azoKnM6Ih,SHIRT,2018-07-04,1530716400
887,R_w5bE96azoKnM6Ih,BEAUTY,2018-07-04,1530716400
888,R_w5bE96azoKnM6Ih,PHYSICAL_MOVIE,2018-07-04,1530716400
889,R_w5bE96azoKnM6Ih,CADDY,2018-07-04,1530716400
890,R_xc0AiqTlV5cTvZn,CELLULAR_PHONE_CASE,2018-07-04,1530716400
891,R_yC5ffbdBLVi93Pz,PANTS,2018-07-04,1530716400
892,R_0Arj0ePpTnReV1v,SHOES,2018-07-05,1530802800
893,R_0c8VclJcriEXQqZ,CELLULAR_PHONE_CASE,2018-07-05,1530802800
894,R_10wSqGFumZGSTmH,SKIN_CLEANING_AGENT,2018-07-05,1530802800
895,R_10wSqGFumZGSTmH,SKIN_MOISTURIZER,2018-07-05,1530802800
896,R_10wSqGFumZGSTmH,SATELLITE_OR_DSS,2018-07-05,1530802800
897,R_10wSqGFumZGSTmH,KITCHEN,2018-07-05,1530802800
898,R_10wSqGFumZGSTmH,COOKING_CONTAINER,2018-07-05,1530802800
899,R_10wSqGFumZGSTmH,POOL_COVER,2018-07-05,1530802800
900,R_10wSqGFumZGSTmH,TOYS_AND_GAMES,2018-07-05,1530802800
901,R_11WUgIV4IWfGoDX,SOCKSHOSIERY,2018-07-05,1530802800
902,R_11WUgIV4IWfGoDX,NUTRITIONAL_SUPPLEMENT,2018-07-05,1530802800
903,R_11WUgIV4IWfGoDX,NUTRITIONAL_SUPPLEMENT,2018-07-05,1530802800
904,R_11WUgIV4IWfGoDX,SNACK_FOOD_BAR,2018-07-05,1530802800
905,R_11WUgIV4IWfGoDX,MEDICATION,2018-07-05,1530802800
906,R_11WUgIV4IWfGoDX,THERMOS,2018-07-05,1530802800
907,R_1C4nKyrv0w2thJn,MEDICATION,2018-07-05,1530802800
908,R_1C4tcyEfmcsKI9X,SHIRT,2018-07-05,1530802800
909,R_1CIQjlABWt7jZWc,MEDICATION,2018-07-05,1530802800
910,R_1CIQjlABWt7jZWc,BRACELET,2018-07-05,1530802800
911,R_1CIQjlABWt7jZWc,SHELLFISH,2018-07-05,1530802800
912,R_1I4dnMKlrmtUP09,PHYSICAL_MOVIE,2018-07-05,1530802800
913,R_1I4dnMKlrmtUP09,SNACK_FOOD_BAR,2018-07-05,1530802800
914,R_1LMa9REuvUok05j,ELECTRONIC_CABLE,2018-07-05,1530802800
915,R_1QutEVkZz69QFR7,SHOES,2018-07-05,1530802800
916,R_1gU6N4NRSwc9ONd,WAIST_PACK,2018-07-05,1530802800
917,R_1gU6N4NRSwc9ONd,CELLULAR_PHONE_CASE,2018-07-05,1530802800
918,R_1gjdRVy7DXPMldc,SKIN_CLEANING_AGENT,2018-07-05,1530802800
919,R_1mQrQ5EFGvbBRLb,SHIRT,2018-07-05,1530802800
920,R_1oFRyes3ggnKU4B,VEHICLE_BUMPER,2018-07-05,1530802800
921,R_1pu6yYPsuymsIIz,ELECTRONIC_CABLE,2018-07-05,1530802800
922,R_1roTOelTygZr5G8,ABIS_BOOK,2018-07-05,1530802800
923,R_1roTOelTygZr5G8,SNACK_FOOD_BAR,2018-07-05,1530802800
924,R_20TAzxGcUSMw2Gy,HEALTH_PERSONAL_CARE,2018-07-05,1530802800
925,R_21ttkGbeIL6HdlR,BATTERY,2018-07-05,1530802800
926,R_22XEVzemearX7mD,SHIRT,2018-07-05,1530802800
927,R_22XEVzemearX7mD,CELLULAR_PHONE_CASE,2018-07-05,1530802800
928,R_29iGyG3WSmKo5Te,TOYS_AND_GAMES,2018-07-05,1530802800
929,R_29tZUWisKTCWczv,AUTO_PART,2018-07-05,1530802800
930,R_2BesSIAnd7POW2C,EXERCISE_BLOCK,2018-07-05,1530802800
931,R_2BsOEd1kkGunQti,ABIS_BOOK,2018-07-05,1530802800
932,R_2BsOEd1kkGunQti,CE_ACCESSORY,2018-07-05,1530802800
933,R_2BstrkPd4gMc6Ih,ABIS_BOOK,2018-07-05,1530802800
934,R_2BstrkPd4gMc6Ih,NUTRITIONAL_SUPPLEMENT,2018-07-05,1530802800
935,R_2D1zydYR5SZ0LpK,SPIRITS,2018-07-05,1530802800
936,R_2D6v6VH3RC5ZGC4,PET_FOOD,2018-07-05,1530802800
937,R_2D6v6VH3RC5ZGC4,PERSONAL_FRAGRANCE,2018-07-05,1530802800
938,R_2D6v6VH3RC5ZGC4,MEDICATION,2018-07-05,1530802800
939,R_2EglJpTWGEiwQYa,SNACK_FOOD_BAR,2018-07-05,1530802800
940,R_2EglJpTWGEiwQYa,HEALTH_PERSONAL_CARE,2018-07-05,1530802800
941,R_2QRMdwLStyElYoU,PICNIC_HOLDER,2018-07-05,1530802800
942,R_2QswpKsGnL3NBXE,SKIN_TREATMENT_MASK,2018-07-05,1530802800
943,R_2RUDh7piHU7frzt,GROCERY,2018-07-05,1530802800
944,R_2UctLzmpg4UJRZu,SHIRT,2018-07-05,1530802800
945,R_2VaWg2jhtCG6zmh,CHARGING_ADAPTER,2018-07-05,1530802800
946,R_2VaWg2jhtCG6zmh,SAFE,2018-07-05,1530802800
947,R_2VwjXhJ5OznStEi,POWER_CORD,2018-07-05,1530802800
948,R_2WumP0iKDvwiM2r,NUTRITIONAL_SUPPLEMENT,2018-07-05,1530802800
949,R_2XoI6KbLJRGFz5X,WRITING_INSTRUMENT,2018-07-05,1530802800
950,R_2XoI6KbLJRGFz5X,MEDICATION,2018-07-05,1530802800
951,R_2ZHo9wnvuEIY0DH,SUIT,2018-07-05,1530802800
952,R_2ZTFfLAcuwm22Yh,SHOWERHEAD,2018-07-05,1530802800
953,R_2aKrOq0DBielcig,COOKWARE,2018-07-05,1530802800
954,R_2aKrOq0DBielcig,LOCK,2018-07-05,1530802800
955,R_2aKrOq0DBielcig,TOOTHBRUSH,2018-07-05,1530802800
956,R_2aOUTzNgkEajgjw,SKIN_EXFOLIANT,2018-07-05,1530802800
957,R_2b1XOZR0PYTA1jX,COSTUME_EYEWEAR,2018-07-05,1530802800
958,R_2b1XOZR0PYTA1jX,PET_FOOD,2018-07-05,1530802800
959,R_2dyITPHbbfmCXJn,CELLULAR_PHONE_CASE,2018-07-05,1530802800
960,R_2dyITPHbbfmCXJn,MEAL_REPLACEMENT_BEVERAGE,2018-07-05,1530802800
961,R_2dyITPHbbfmCXJn,BANNER,2018-07-05,1530802800
962,R_2sbf0hqTGFb880u,BATTERY,2018-07-05,1530802800
963,R_2sbf0hqTGFb880u,SHOES,2018-07-05,1530802800
964,R_2taM3mpNPF0o1yf,CELLULAR_PHONE_CASE,2018-07-05,1530802800
965,R_2taM3mpNPF0o1yf,ELECTRONIC_CABLE,2018-07-05,1530802800
966,R_2taM3mpNPF0o1yf,TOYS_AND_GAMES,2018-07-05,1530802800
967,R_2wmCdm6ETy6g3k0,MEDICATION,2018-07-05,1530802800
968,R_2wmCdm6ETy6g3k0,PHYSICAL_MOVIE,2018-07-05,1530802800
969,R_2wmCdm6ETy6g3k0,RAZOR_BLADE_CARTRIDGE,2018-07-05,1530802800
970,R_2wmCdm6ETy6g3k0,HEALTH_PERSONAL_CARE,2018-07-05,1530802800
971,R_2wmLE1q4FIpfioi,TILE,2018-07-05,1530802800
972,R_2wmLE1q4FIpfioi,BATTERY,2018-07-05,1530802800
973,R_2z7rLZb69WuqDdf,ELECTRONIC_CABLE,2018-07-05,1530802800
974,R_3Ebh099lpNz7iC2,ELECTRONIC_ADAPTER,2018-07-05,1530802800
975,R_3Ebh099lpNz7iC2,VITAMIN,2018-07-05,1530802800
976,R_3Ebh099lpNz7iC2,BABY_PRODUCT,2018-07-05,1530802800
977,R_3Ebh099lpNz7iC2,HOSE_PIPE_FITTING,2018-07-05,1530802800
978,R_3Ebh099lpNz7iC2,GARMENT_STEAMER,2018-07-05,1530802800
979,R_3Ebh099lpNz7iC2,SPORT_HELMET,2018-07-05,1530802800
980,R_3ElHoNUS8Tyu7RP,BARBECUE_GRILL,2018-07-05,1530802800
981,R_3ElHoNUS8Tyu7RP,BATTERY,2018-07-05,1530802800
982,R_3ElHoNUS8Tyu7RP,KITCHEN,2018-07-05,1530802800
983,R_3GiSNq0yPsXSvhf,TOY_FIGURE,2018-07-05,1530802800
984,R_3GiSNq0yPsXSvhf,LIP_BALM,2018-07-05,1530802800
985,R_3GiSNq0yPsXSvhf,BATTERY,2018-07-05,1530802800
986,R_3GiSNq0yPsXSvhf,GROCERY,2018-07-05,1530802800
987,R_3GiSNq0yPsXSvhf,WAIST_CINCHER,2018-07-05,1530802800
988,R_3GiSNq0yPsXSvhf,NETWORKING_DEVICE,2018-07-05,1530802800
989,R_3HUOVBSzChkQaNg,SCREEN_PROTECTOR,2018-07-05,1530802800
990,R_3HigTq4itishziE,SKIN_CLEANING_AGENT,2018-07-05,1530802800
991,R_3HigTq4itishziE,SHOES,2018-07-05,1530802800
992,R_3Hphzg7zu04Hgy1,FOOD_STORAGE_BAG,2018-07-05,1530802800
993,R_3Hphzg7zu04Hgy1,PANTS,2018-07-05,1530802800
994,R_3Hphzg7zu04Hgy1,SNACK_FOOD_BAR,2018-07-05,1530802800
995,R_3Hphzg7zu04Hgy1,PICKLE,2018-07-05,1530802800
996,R_3J8UJcgwnW51IvN,PET_FOOD,2018-07-05,1530802800
997,R_3KHiP9QpzA2COVL,COSMETIC_CASE,2018-07-05,1530802800
998,R_3KHiP9QpzA2COVL,ABIS_BOOK,2018-07-05,1530802800
999,R_3KHiP9QpzA2COVL,SCREEN_PROTECTOR,2018-07-05,1530802800
1000,R_3KpaTa6zCZitiZG,PHYSICAL_MOVIE,2018-07-05,1530802800
1001,R_3L8dgu12mdk2UVH,BATH_TOY,2018-07-05,1530802800
1002,R_3L8dgu12mdk2UVH,CELLULAR_PHONE_CASE,2018-07-05,1530802800
1003,R_3L8dgu12mdk2UVH,SHOE_INSERT,2018-07-05,1530802800
1004,R_3LXRVZSdJiqH63S,FIGURINE,2018-07-05,1530802800
1005,R_3LXRVZSdJiqH63S,FIGURINE,2018-07-05,1530802800
1006,R_3LXRVZSdJiqH63S,CELLULAR_PHONE_CASE,2018-07-05,1530802800
1007,R_3LXRVZSdJiqH63S,BARBECUE_GRILL,2018-07-05,1530802800
1008,R_3Mli97JX0WeLIos,GROCERY,2018-07-05,1530802800
1009,R_3Mli97JX0WeLIos,VACUUM_SEALER_MACHINE,2018-07-05,1530802800
1010,R_3Mli97JX0WeLIos,SHOES,2018-07-05,1530802800
1011,R_3Mli97JX0WeLIos,SOLAR_PANEL,2018-07-05,1530802800
1012,R_3MnSLQdJkly3wfg,PICTURE_FRAME,2018-07-05,1530802800
1013,R_3MyEdXOZ8P75S1V,ABIS_BOOK,2018-07-05,1530802800
1014,R_3PAyJj7mQvMzMco,HVAC_AIR_FILTER,2018-07-05,1530802800
1015,R_3QJyUqWqLp8B7Jw,NETWORKING_ROUTER,2018-07-05,1530802800
1016,R_3ebnP0qUIQ7u38i,SHIRT,2018-07-05,1530802800
1017,R_3ebnP0qUIQ7u38i,SKIN_CLEANING_AGENT,2018-07-05,1530802800
1018,R_3ebnP0qUIQ7u38i,SCREWDRIVER,2018-07-05,1530802800
1019,R_3ek9YZGdsDHjUZf,MASSAGE_STICK,2018-07-05,1530802800
1020,R_3ek9YZGdsDHjUZf,PANTS,2018-07-05,1530802800
1021,R_3ek9YZGdsDHjUZf,UNDERPANTS,2018-07-05,1530802800
1022,R_3ek9YZGdsDHjUZf,DRYING_RACK,2018-07-05,1530802800
1023,R_3ek9YZGdsDHjUZf,ELECTRONIC_CABLE,2018-07-05,1530802800
1024,R_3ek9YZGdsDHjUZf,PANTS,2018-07-05,1530802800
1025,R_3ek9YZGdsDHjUZf,CUTTING_BOARD,2018-07-05,1530802800
1026,R_3ek9YZGdsDHjUZf,CUTTING_BOARD,2018-07-05,1530802800
1027,R_3ek9YZGdsDHjUZf,BAKING_CHOCOLATE,2018-07-05,1530802800
1028,R_3ek9YZGdsDHjUZf,HEADPHONES,2018-07-05,1530802800
1029,R_3enuyEOsaEVxTNX,NETTING_COVER,2018-07-05,1530802800
1030,R_3fB1NIeE1OGUd72,ELECTRONIC_CABLE,2018-07-05,1530802800
1031,R_3fB1NIeE1OGUd72,ELECTRONIC_CABLE,2018-07-05,1530802800
1032,R_3mm166mlwrLpf6y,PORTABLE_ELECTRONIC_DEVICE_ARMBAND,2018-07-05,1530802800
1033,R_3nAdXXqYg1JqHOf,BATHING_SPONGE,2018-07-05,1530802800
1034,R_3nAdXXqYg1JqHOf,ABIS_BOOK,2018-07-05,1530802800
1035,R_3qpxa4Aw8i6qG91,PORTABLE_ELECTRONIC_DEVICE_ARMBAND,2018-07-05,1530802800
1036,R_3qpxa4Aw8i6qG91,PANTS,2018-07-05,1530802800
1037,R_3qpxa4Aw8i6qG91,SHIRT,2018-07-05,1530802800
1038,R_4YjfHl0af8gN30Z,CURTAIN_SWAG_HOLDER,2018-07-05,1530802800
1039,R_4YjfHl0af8gN30Z,BRA,2018-07-05,1530802800
1040,R_4YjfHl0af8gN30Z,NUTRITIONAL_SUPPLEMENT,2018-07-05,1530802800
1041,R_55BKHeW1aOzYOUp,VEHICLE_MIRROR,2018-07-05,1530802800
1042,R_5uabKnJBMc7HyEN,VITAMIN,2018-07-05,1530802800
1043,R_6Jw0sPgGkHLnKkp,CELLULAR_PHONE_CASE,2018-07-05,1530802800
1044,R_6Jw0sPgGkHLnKkp,BATTERY,2018-07-05,1530802800
1045,R_6Jw0sPgGkHLnKkp,SKIN_MOISTURIZER,2018-07-05,1530802800
1046,R_6Jw0sPgGkHLnKkp,SHIRT,2018-07-05,1530802800
1047,R_6SbhJD23U5a2YJX,HEADPHONES,2018-07-05,1530802800
1048,R_85OdkeCoFP5daLL,STEERING_WHEEL_COVER,2018-07-05,1530802800
1049,R_8CXcySQawXPuJwJ,BLANK_STORAGE_MEDIA,2018-07-05,1530802800
1050,R_8CXcySQawXPuJwJ,SKIN_MOISTURIZER,2018-07-05,1530802800
1051,R_8CXcySQawXPuJwJ,PANTS,2018-07-05,1530802800
1052,R_8CXcySQawXPuJwJ,VITAMIN,2018-07-05,1530802800
1053,R_8CXcySQawXPuJwJ,CELLULAR_PHONE_CASE,2018-07-05,1530802800
1054,R_8CXcySQawXPuJwJ,ONE_PIECE_OUTFIT,2018-07-05,1530802800
1055,R_8pMsG4P0RqzoSlz,SKIN_CLEANING_AGENT,2018-07-05,1530802800
1056,R_8wRttNX3JNWugRr,BABY_JUMPER_WALKER,2018-07-05,1530802800
1057,R_8wRttNX3JNWugRr,SCREEN_PROTECTOR,2018-07-05,1530802800
1058,R_A0ZwhLeBVySdW8N,MARKING_PEN,2018-07-05,1530802800
1059,R_A0ZwhLeBVySdW8N,NUTRITIONAL_SUPPLEMENT,2018-07-05,1530802800
1060,R_A0ZwhLeBVySdW8N,NUTRITIONAL_SUPPLEMENT,2018-07-05,1530802800
1061,R_A0ZwhLeBVySdW8N,HEALTH_PERSONAL_CARE,2018-07-05,1530802800
1062,R_A5Mg9h1PiJL0Wyd,SPORT_EQUIPMENT_BAG_CASE,2018-07-05,1530802800
1063,R_A5Mg9h1PiJL0Wyd,CELLULAR_PHONE_CASE,2018-07-05,1530802800
1064,R_A5Mg9h1PiJL0Wyd,TRANSFORMER,2018-07-05,1530802800
1065,R_A5Mg9h1PiJL0Wyd,SPORT_EQUIPMENT_BAG_CASE,2018-07-05,1530802800
1066,R_Ap2HcvpPLRDJv9L,CYCLING_TIRE,2018-07-05,1530802800
1067,R_Ap2HcvpPLRDJv9L,FREESTANDING_SHELTER,2018-07-05,1530802800
1068,R_BWhnv4EdbhSS6rf,COMPOST_BIN,2018-07-05,1530802800
1069,R_Djcs43mP6ReoYgN,PORTABLE_TOOL_BOX,2018-07-05,1530802800
1070,R_Djcs43mP6ReoYgN,WIND_SPINNER,2018-07-05,1530802800
1071,R_Djcs43mP6ReoYgN,PORTABLE_TOOL_BOX,2018-07-05,1530802800
1072,R_SBiEJOUFyfjK5eF,CYCLING_COMPUTER,2018-07-05,1530802800
1073,R_SBiEJOUFyfjK5eF,SPEAKERS,2018-07-05,1530802800
1074,R_SBiEJOUFyfjK5eF,CELLULAR_PHONE_CASE,2018-07-05,1530802800
1075,R_Wj4UUQUNrJKEYKJ,HERBAL_SUPPLEMENT,2018-07-05,1530802800
1076,R_Wj4UUQUNrJKEYKJ,PANTS,2018-07-05,1530802800
1077,R_Wr3OvD5tOnb6kmZ,COFFEE_FILTER,2018-07-05,1530802800
1078,R_Wr3OvD5tOnb6kmZ,CYCLING_COMPUTER,2018-07-05,1530802800
1079,R_XSu10jIDimUl5m1,TOYS_AND_GAMES,2018-07-05,1530802800
1080,R_XSu10jIDimUl5m1,BEAUTY,2018-07-05,1530802800
1081,R_XUhit9pAXhD746B,FASHIONNECKLACEBRACELETANKLET,2018-07-05,1530802800
1082,R_XUhit9pAXhD746B,HEALTH_PERSONAL_CARE,2018-07-05,1530802800
1083,R_Y4jCkfTFzvtw5SF,SALAD_DRESSING,2018-07-05,1530802800
1084,R_Y4jCkfTFzvtw5SF,ELECTRIC_LIGHT,2018-07-05,1530802800
1085,R_Y4jCkfTFzvtw5SF,MEDICATION,2018-07-05,1530802800
1086,R_Y4jCkfTFzvtw5SF,ELECTRIC_SHAVER,2018-07-05,1530802800
1087,R_ZkokwdIEZybYo9z,TEA,2018-07-05,1530802800
1088,R_bvB6935ZyXpoL5v,PHYSICAL_MOVIE,2018-07-05,1530802800
1089,R_cAcAtozIWnZIbGp,FUSE,2018-07-05,1530802800
1090,R_eINXJtKQApvNwIh,DOORSTOP,2018-07-05,1530802800
1091,R_w7a7YDkfvtMXJ8l,NUTRITIONAL_SUPPLEMENT,2018-07-05,1530802800
1092,R_yJz6aXbKddNbgZz,SCREEN_PROTECTOR,2018-07-05,1530802800
1093,R_yJz6aXbKddNbgZz,NUTRITIONAL_SUPPLEMENT,2018-07-05,1530802800
1094,R_yJz6aXbKddNbgZz,SNACK_FOOD_BAR,2018-07-05,1530802800
1095,R_yJz6aXbKddNbgZz,PANTS,2018-07-05,1530802800
1096,R_0InTWTWokrqzy3n,MEDICATION,2018-07-06,1530889200
1097,R_0InTWTWokrqzy3n,MASCARA,2018-07-06,1530889200
1098,R_10uU7A3PqkL1i0o,MEDICATION,2018-07-06,1530889200
1099,R_129jUlsvVcVBDur,STEERING_WHEEL_COVER,2018-07-06,1530889200
1100,R_129jUlsvVcVBDur,SKIN_MOISTURIZER,2018-07-06,1530889200
1101,R_1C9YUFD8GunlGej,NAIL_POLISH_BRUSH,2018-07-06,1530889200
1102,R_1ClqO4ZMDuwGjfl,SNACK_FOOD_BAR,2018-07-06,1530889200
1103,R_1DOwHkGiX8DX7mF,ANIMAL_INCONTINENCE_PROTECTOR,2018-07-06,1530889200
1104,R_1E3TJBNJVtr3tcD,IRON_ON_TRANSFER_DESIGN,2018-07-06,1530889200
1105,R_1E3TJBNJVtr3tcD,VITAMIN,2018-07-06,1530889200
1106,R_1E3TJBNJVtr3tcD,HEADPHONES,2018-07-06,1530889200
1107,R_1F35QiIK5csZBEC,AQUARIUM_POND_WATER_TREATMENT,2018-07-06,1530889200
1108,R_1Fb4EL4IE75q7lf,BUILDING_MATERIAL,2018-07-06,1530889200
1109,R_1Fb4EL4IE75q7lf,VACUUM_FILTER,2018-07-06,1530889200
1110,R_1IZBlduDFUJEphM,BALLOON,2018-07-06,1530889200
1111,R_1LRR1P5IQqdSvIP,BABY_SEAT,2018-07-06,1530889200
1112,R_1LRR1P5IQqdSvIP,PET_FOOD,2018-07-06,1530889200
1113,R_1NCzj2eSHI4QGcd,PET_FOOD,2018-07-06,1530889200
1114,R_1NCzj2eSHI4QGcd,BRA,2018-07-06,1530889200
1115,R_1NCzj2eSHI4QGcd,CIGARETTE_CASE,2018-07-06,1530889200
1116,R_1NCzj2eSHI4QGcd,SHAMPOO,2018-07-06,1530889200
1117,R_1NCzj2eSHI4QGcd,SPARK_PLUG,2018-07-06,1530889200
1118,R_1NCzj2eSHI4QGcd,MEDICATION,2018-07-06,1530889200
1119,R_1Q9JeeKncbbLcz0,FLASH_CARD,2018-07-06,1530889200
1120,R_1Xhiz3TBoe2gQdH,SCREEN_PROTECTOR,2018-07-06,1530889200
1121,R_1dAhJdFXHV5xmMG,ELECTRONIC_CABLE,2018-07-06,1530889200
1122,R_1dAhJdFXHV5xmMG,GROCERY,2018-07-06,1530889200
1123,R_1dAhJdFXHV5xmMG,GROCERY,2018-07-06,1530889200
1124,R_1dAhJdFXHV5xmMG,FURNITURE_LINER,2018-07-06,1530889200
1125,R_1dFu7LeBJE3Wd6p,BAR_TOOL_SET,2018-07-06,1530889200
1126,R_1dFu7LeBJE3Wd6p,ELECTRONIC_CABLE,2018-07-06,1530889200
1127,R_1gOX88nojaBXOt2,BLOOD_OXYGEN_MONITOR,2018-07-06,1530889200
1128,R_1gOX88nojaBXOt2,TOOL_CHUCK,2018-07-06,1530889200
1129,R_1gOX88nojaBXOt2,SHARPS_DISPOSAL_CONTAINER,2018-07-06,1530889200
1130,R_1gU6N4NRSwc9ONd,TOILET_PAPER,2018-07-06,1530889200
1131,R_1i8uPeiHVhFcQB8,VITAMIN,2018-07-06,1530889200
1132,R_1i8uPeiHVhFcQB8,CELLULAR_PHONE_CASE,2018-07-06,1530889200
1133,R_1i8uPeiHVhFcQB8,POWER_SUPPLIES_OR_PROTECTION,2018-07-06,1530889200
1134,R_1l6OglubZSTYfi3,PROTEIN_SUPPLEMENT_POWDER,2018-07-06,1530889200
1135,R_1lp1fif64G1hlWf,MEDICATION,2018-07-06,1530889200
1136,R_1lp1fif64G1hlWf,CE_ACCESSORY,2018-07-06,1530889200
1137,R_1oFSDeGAQcUN2v8,VITAMIN,2018-07-06,1530889200
1138,R_1owkdABF1wNKFKI,HEADPHONES,2018-07-06,1530889200
1139,R_1owkdABF1wNKFKI,TELESCOPE,2018-07-06,1530889200
1140,R_1rNf6ssFroMth4I,RAZOR_BLADE_CARTRIDGE,2018-07-06,1530889200
1141,R_1rlhYXAI77eUSbB,TABLETOP_GAME,2018-07-06,1530889200
1142,R_20Z3XrmdVrFDp3r,SWEATSHIRT,2018-07-06,1530889200
1143,R_20Z3XrmdVrFDp3r,HEALTH_PERSONAL_CARE,2018-07-06,1530889200
1144,R_22SxELlmhBQCe1C,SHOES,2018-07-06,1530889200
1145,R_23eD9Db68xpXl0d,SNACK_FOOD_BAR,2018-07-06,1530889200
1146,R_25Wwg273Uw26jA1,TRASH_COMPACTOR,2018-07-06,1530889200
1147,R_25Wwg273Uw26jA1,MEDICATION,2018-07-06,1530889200
1148,R_25Wwg273Uw26jA1,SKIN_MOISTURIZER,2018-07-06,1530889200
1149,R_25Wwg273Uw26jA1,PET_FOOD,2018-07-06,1530889200
1150,R_25Wwg273Uw26jA1,UNDERGARMENT_SLIP,2018-07-06,1530889200
1151,R_26nB6rfoaXIEb6Z,MEDICATION,2018-07-06,1530889200
1152,R_26nB6rfoaXIEb6Z,VEHICLE_BAG,2018-07-06,1530889200
1153,R_279iRKETPanvFBW,SCREEN_PROTECTOR,2018-07-06,1530889200
1154,R_2Bljhn8FOxqwglz,THERMOS,2018-07-06,1530889200
1155,R_2Bljhn8FOxqwglz,ESSENTIAL_OIL,2018-07-06,1530889200
1156,R_2BstrkPd4gMc6Ih,TIRE_VALVE_STEM_CAP,2018-07-06,1530889200
1157,R_2CUG0NuB8UE98kw,DESK,2018-07-06,1530889200
1158,R_2DMQ4Npnlu3WWyq,SNACK_FOOD_BAR,2018-07-06,1530889200
1159,R_2E5XCpTY2B5ZQ1f,SNACK_FOOD_BAR,2018-07-06,1530889200
1160,R_2E5XCpTY2B5ZQ1f,NUTRITIONAL_SUPPLEMENT,2018-07-06,1530889200
1161,R_2E5XCpTY2B5ZQ1f,TOOTHBRUSH_HOLDER,2018-07-06,1530889200
1162,R_2EglJpTWGEiwQYa,SURFACE_CLEANING_WIPE,2018-07-06,1530889200
1163,R_2QM76i5yRebcpiD,SKIN_MOISTURIZER,2018-07-06,1530889200
1164,R_2QX9bXWJvSVIbXl,MEDICATION,2018-07-06,1530889200
1165,R_2QXq900Df6biUD7,NUTRITIONAL_SUPPLEMENT,2018-07-06,1530889200
1166,R_2QswpKsGnL3NBXE,PET_FOOD,2018-07-06,1530889200
1167,R_2QswpKsGnL3NBXE,ABIS_LAWN_AND_GARDEN,2018-07-06,1530889200
1168,R_2QswpKsGnL3NBXE,NUTRITIONAL_SUPPLEMENT,2018-07-06,1530889200
1169,R_2QswpKsGnL3NBXE,SURFACE_CLEANING_WIPE,2018-07-06,1530889200
1170,R_2Qu0fgUOnDpaKDH,MEDICATION,2018-07-06,1530889200
1171,R_2Qu0fgUOnDpaKDH,SKIN_MOISTURIZER,2018-07-06,1530889200
1172,R_2Qu0fgUOnDpaKDH,SWIMWEAR,2018-07-06,1530889200
1173,R_2UVhfjk1qQb6KI5,WATCH_BAND,2018-07-06,1530889200
1174,R_2UVhfjk1qQb6KI5,SKIN_CLEANING_AGENT,2018-07-06,1530889200
1175,R_2UVhfjk1qQb6KI5,PACKING_MATERIAL,2018-07-06,1530889200
1176,R_2UVhfjk1qQb6KI5,ELECTRONIC_ADAPTER,2018-07-06,1530889200
1177,R_2UVhfjk1qQb6KI5,HEALTH_PERSONAL_CARE,2018-07-06,1530889200
1178,R_2UfTIFhpicfXgPX,FREESTANDING_SHELTER,2018-07-06,1530889200
1179,R_2UfTIFhpicfXgPX,CELLULAR_PHONE_CASE,2018-07-06,1530889200
1180,R_2VwjXhJ5OznStEi,FURNITURE_LINER,2018-07-06,1530889200
1181,R_2WSDyKoVDJhO1Os,SKIRT,2018-07-06,1530889200
1182,R_2WVIxBGaj1uOr8S,PET_FOOD,2018-07-06,1530889200
1183,R_2WVIxBGaj1uOr8S,MEDICATION,2018-07-06,1530889200
1184,R_2Xj7LtCe2Mt8jNi,WIRELESS_ACCESSORY,2018-07-06,1530889200
1185,R_2XoI6KbLJRGFz5X,RUG,2018-07-06,1530889200
1186,R_2YKPfnktaDrPIYT,TOYS_AND_GAMES,2018-07-06,1530889200
1187,R_2ZEoREY3x7s7zEM,SNACK_FOOD_BAR,2018-07-06,1530889200
1188,R_2aKrOq0DBielcig,TREADMILL,2018-07-06,1530889200
1189,R_2b1XOZR0PYTA1jX,NAIL_POLISH_REMOVER,2018-07-06,1530889200
1190,R_2b1XOZR0PYTA1jX,MATTRESS_COVER,2018-07-06,1530889200
1191,R_2dY2NzAgp2digAs,SCREEN_PROTECTOR,2018-07-06,1530889200
1192,R_2djaIfKORskyeuO,SKIN_MOISTURIZER,2018-07-06,1530889200
1193,R_2djaIfKORskyeuO,CELLULAR_PHONE_CASE,2018-07-06,1530889200
1194,R_2djaIfKORskyeuO,SCREEN_PROTECTOR,2018-07-06,1530889200
1195,R_2djaIfKORskyeuO,TOYS_AND_GAMES,2018-07-06,1530889200
1196,R_2djaIfKORskyeuO,SKIN_CLEANING_AGENT,2018-07-06,1530889200
1197,R_2djaIfKORskyeuO,SCREEN_PROTECTOR,2018-07-06,1530889200
1198,R_2dmZyPIDedcDR2J,HEADPHONES,2018-07-06,1530889200
1199,R_2dvh9tu7PLPeipE,FITNESS_STEPPER,2018-07-06,1530889200
1200,R_2dxMXdrOUumZV2I,BATTERY,2018-07-06,1530889200
1201,R_2fD6Jy2muMgaubH,WATCH,2018-07-06,1530889200
1202,R_2fxhde3AmAoBQBS,SCREEN_PROTECTOR,2018-07-06,1530889200
1203,R_2mKYTXpTsUEkSGt,PET_SUPPLIES,2018-07-06,1530889200
1204,R_2q2hekIiutgInrE,MINERAL_SUPPLEMENT,2018-07-06,1530889200
1205,R_2q2hekIiutgInrE,TOOTH_CLEANING_AGENT,2018-07-06,1530889200
1206,R_2q2hekIiutgInrE,HEALTH_PERSONAL_CARE,2018-07-06,1530889200
1207,R_2qjAN1lyLAdAxT2,PHYSICAL_MOVIE,2018-07-06,1530889200
1208,R_2sRqLYPSneIHZfJ,BAKING_CHOCOLATE,2018-07-06,1530889200
1209,R_2sRqLYPSneIHZfJ,PRINTER,2018-07-06,1530889200
1210,R_2sYHDhT6DJy2U6q,AIR_GUN,2018-07-06,1530889200
1211,R_2sYHDhT6DJy2U6q,SKIN_CLEANING_AGENT,2018-07-06,1530889200
1212,R_2sYHDhT6DJy2U6q,ELECTRONIC_CABLE,2018-07-06,1530889200
1213,R_2sYHDhT6DJy2U6q,POTABLE_WATER_FILTER,2018-07-06,1530889200
1214,R_2sbCr0DY5BIHWiF,SCREEN_PROTECTOR,2018-07-06,1530889200
1215,R_2tfHzrdo6EEaiWi,ABIS_BOOK,2018-07-06,1530889200
1216,R_2wHwNZWEecJflLc,NUT_AND_SEED,2018-07-06,1530889200
1217,R_2wHwNZWEecJflLc,ELECTRONIC_CABLE,2018-07-06,1530889200
1218,R_2wHwNZWEecJflLc,SHOES,2018-07-06,1530889200
1219,R_2wagDt0ZaSu1p8q,NUTRITIONAL_SUPPLEMENT,2018-07-06,1530889200
1220,R_2wagDt0ZaSu1p8q,CONSOLE_VIDEO_GAMES,2018-07-06,1530889200
1221,R_2wzatCV9Z18xLF2,SHIRT,2018-07-06,1530889200
1222,R_2wzatCV9Z18xLF2,SPORTING_GOODS,2018-07-06,1530889200
1223,R_2xLvxRKX2448l9k,PET_FOOD,2018-07-06,1530889200
1224,R_2z7rLZb69WuqDdf,PICTURE_HANGER,2018-07-06,1530889200
1225,R_3HigTq4itishziE,SCREEN_PROTECTOR,2018-07-06,1530889200
1226,R_3JJfhp7Z7vUO8K2,SHELF,2018-07-06,1530889200
1227,R_3KpaTa6zCZitiZG,SWIMWEAR,2018-07-06,1530889200
1228,R_3KpaTa6zCZitiZG,GROCERY,2018-07-06,1530889200
1229,R_3L20DbmNPSMtKUd,PET_FOOD,2018-07-06,1530889200
1230,R_3L20DbmNPSMtKUd,PET_FOOD,2018-07-06,1530889200
1231,R_3L20DbmNPSMtKUd,VIVARIUM,2018-07-06,1530889200
1232,R_3L20DbmNPSMtKUd,SCISSORS,2018-07-06,1530889200
1233,R_3L20DbmNPSMtKUd,NUTRITIONAL_SUPPLEMENT,2018-07-06,1530889200
1234,R_3L20DbmNPSMtKUd,NUTRITIONAL_SUPPLEMENT,2018-07-06,1530889200
1235,R_3L20DbmNPSMtKUd,SYRUP,2018-07-06,1530889200
1236,R_3L20DbmNPSMtKUd,RAZOR_BLADE_CARTRIDGE,2018-07-06,1530889200
1237,R_3M0euO2kPnoHrdt,POT_HOLDER,2018-07-06,1530889200
1238,R_3M0euO2kPnoHrdt,ELECTRONIC_CABLE,2018-07-06,1530889200
1239,R_3M0euO2kPnoHrdt,SNACK_FOOD_BAR,2018-07-06,1530889200
1240,R_3M0euO2kPnoHrdt,TOILET_PAPER,2018-07-06,1530889200
1241,R_3MncA46G8CO8juo,MATERIAL_HANDLING_TRUCK,2018-07-06,1530889200
1242,R_3MyEdXOZ8P75S1V,SNACK_FOOD_BAR,2018-07-06,1530889200
1243,R_3NCfhSJSgGWexUL,SECURITY_CAMERA,2018-07-06,1530889200
1244,R_3NCfhSJSgGWexUL,SKIN_MOISTURIZER,2018-07-06,1530889200
1245,R_3OdXDDGsG2bvbXb,HEALTH_PERSONAL_CARE,2018-07-06,1530889200
1246,R_3OdXDDGsG2bvbXb,HEARING_AMPLIFIER,2018-07-06,1530889200
1247,R_3OdXDDGsG2bvbXb,SUNSCREEN,2018-07-06,1530889200
1248,R_3OdXDDGsG2bvbXb,HEALTH_PERSONAL_CARE,2018-07-06,1530889200
1249,R_3OfwQrDNFhWjGWG,PEST_CONTROL_DEVICE,2018-07-06,1530889200
1250,R_3OfwQrDNFhWjGWG,GROCERY,2018-07-06,1530889200
1251,R_3OfwQrDNFhWjGWG,VEST,2018-07-06,1530889200
1252,R_3QXUWuTn4OdbNmh,VEHICLE_BRAKE_PAD,2018-07-06,1530889200
1253,R_3QXUWuTn4OdbNmh,LAWN_MOWER,2018-07-06,1530889200
1254,R_3dVMhrjV0qUkHSh,AROMA_DIFFUSER,2018-07-06,1530889200
1255,R_3dVMhrjV0qUkHSh,ENVELOPE,2018-07-06,1530889200
1256,R_3dVMhrjV0qUkHSh,EYEBROW_COLOR,2018-07-06,1530889200
1257,R_3dVMhrjV0qUkHSh,OUTBUILDING,2018-07-06,1530889200
1258,R_3dVMhrjV0qUkHSh,BALLOON,2018-07-06,1530889200
1259,R_3dVMhrjV0qUkHSh,ENVELOPE,2018-07-06,1530889200
1260,R_3fxhcf9cnZWI5qg,DIE_CUT_MACHINE,2018-07-06,1530889200
1261,R_3fxhcf9cnZWI5qg,HEALTH_PERSONAL_CARE,2018-07-06,1530889200
1262,R_3hAWVPrKOvOzR1e,MOUSE_PAD,2018-07-06,1530889200
1263,R_3ixOwXLuUfjiWS8,CAMERA_DIGITAL,2018-07-06,1530889200
1264,R_3ixOwXLuUfjiWS8,NUTRITIONAL_SUPPLEMENT,2018-07-06,1530889200
1265,R_3ixOwXLuUfjiWS8,MAILBOX,2018-07-06,1530889200
1266,R_3lt1ZPBv09u1seD,SCREEN_PROTECTOR,2018-07-06,1530889200
1267,R_3lt1ZPBv09u1seD,HEADPHONES,2018-07-06,1530889200
1268,R_3lt1ZPBv09u1seD,COFFEE,2018-07-06,1530889200
1269,R_3qTFp0FJqUeMhVZ,ELECTRONIC_FINDER,2018-07-06,1530889200
1270,R_3qTFp0FJqUeMhVZ,PANTS,2018-07-06,1530889200
1271,R_3qTFp0FJqUeMhVZ,ABRASIVE_WHEELS,2018-07-06,1530889200
1272,R_3rZHdmB75jSgwhr,MEDICATION,2018-07-06,1530889200
1273,R_3s02y9lg8GCo9q0,CHEWING_GUM,2018-07-06,1530889200
1274,R_8piDwWBq7V7tyZb,SNACK_FOOD_BAR,2018-07-06,1530889200
1275,R_8piDwWBq7V7tyZb,PICTURE_FRAME,2018-07-06,1530889200
1276,R_8piDwWBq7V7tyZb,SNACK_MIX,2018-07-06,1530889200
1277,R_8piDwWBq7V7tyZb,SNACK_MIX,2018-07-06,1530889200
1278,R_8piDwWBq7V7tyZb,MARKING_PEN,2018-07-06,1530889200
1279,R_8piDwWBq7V7tyZb,ABIS_BOOK,2018-07-06,1530889200
1280,R_8piDwWBq7V7tyZb,MEDICAL_TEST_STRIP,2018-07-06,1530889200
1281,R_8puIA0Aj4F8MuI1,POWER_BANK,2018-07-06,1530889200
1282,R_AKBlDprDMrv4M7v,TOYS_AND_GAMES,2018-07-06,1530889200
1283,R_AM0OvM0F9kBvqal,SHEET_PAN,2018-07-06,1530889200
1284,R_AM0OvM0F9kBvqal,WEARABLE_WEIGHT,2018-07-06,1530889200
1285,R_AM0OvM0F9kBvqal,SHEET_PAN,2018-07-06,1530889200
1286,R_AM0OvM0F9kBvqal,COOKIE,2018-07-06,1530889200
1287,R_AM0OvM0F9kBvqal,ICE_CUBE_TRAY,2018-07-06,1530889200
1288,R_AM0OvM0F9kBvqal,ABIS_BOOK,2018-07-06,1530889200
1289,R_AM0OvM0F9kBvqal,ANIMAL_LITTER,2018-07-06,1530889200
1290,R_OkSi9IxX5ddzzl7,SHIRT,2018-07-06,1530889200
1291,R_OkSi9IxX5ddzzl7,FOOD_STRAINER,2018-07-06,1530889200
1292,R_Q4ZjTFeyiC5kgQV,SOUS_VIDE_MACHINE,2018-07-06,1530889200
1293,R_Q4ZjTFeyiC5kgQV,PET_SUPPLIES,2018-07-06,1530889200
1294,R_WerZwuLkMK4zfVf,GARLAND,2018-07-06,1530889200
1295,R_XuCuybjxPer1OeJ,VEGETABLE,2018-07-06,1530889200
1296,R_XuCuybjxPer1OeJ,SHOES,2018-07-06,1530889200
1297,R_Y4Y0rnYYDKTzxM5,HARDWARE_PLANER,2018-07-06,1530889200
1298,R_YS4MPsfM1Neg0RH,KITCHEN,2018-07-06,1530889200
1299,R_eOMCliqYqUD4oOR,SKIN_CLEANING_AGENT,2018-07-06,1530889200
1300,R_eOMCliqYqUD4oOR,SCREEN_PROTECTOR,2018-07-06,1530889200
1301,R_eOMCliqYqUD4oOR,TABLECLOTH,2018-07-06,1530889200
1302,R_elI733GpRi0df0J,SKIN_CLEANING_AGENT,2018-07-06,1530889200
1303,R_etgq3mVPgoz8CyZ,SNACK_FOOD_BAR,2018-07-06,1530889200
1304,R_etgq3mVPgoz8CyZ,GROCERY,2018-07-06,1530889200
1305,R_puS9dcuNnDHSZ8Z,PHYSICAL_MOVIE,2018-07-06,1530889200
1306,R_puS9dcuNnDHSZ8Z,EXERCISE_MAT,2018-07-06,1530889200
1307,R_puS9dcuNnDHSZ8Z,SLEEP_MASK,2018-07-06,1530889200
1308,R_puS9dcuNnDHSZ8Z,SUGAR_SUBSTITUTE,2018-07-06,1530889200
1309,R_vYtQIbKQv9vFKuZ,BOTTLE_NIPPLE,2018-07-06,1530889200
1310,R_vYtQIbKQv9vFKuZ,CARD_DOCUMENT_SLEEVE,2018-07-06,1530889200
1311,R_xsyCKTazvY4vHbz,CELLULAR_PHONE_CASE,2018-07-06,1530889200
1312,R_xsyCKTazvY4vHbz,NETWORKING_DEVICE,2018-07-06,1530889200
1313,R_xsyCKTazvY4vHbz,PET_FOOD,2018-07-06,1530889200
1314,R_xsyCKTazvY4vHbz,ABRASIVE_WHEELS,2018-07-06,1530889200
1315,R_xsyCKTazvY4vHbz,CUTTING_TOOLS,2018-07-06,1530889200
1316,R_xsyCKTazvY4vHbz,FLOUR,2018-07-06,1530889200
1317,R_yC5ffbdBLVi93Pz,PET_FOOD,2018-07-06,1530889200
1318,R_yPgyGUixTuXuX5v,NUTRITIONAL_SUPPLEMENT,2018-07-06,1530889200
1319,R_yPgyGUixTuXuX5v,CRAFT_BEAD,2018-07-06,1530889200
1320,R_yPgyGUixTuXuX5v,FOOD_BIB,2018-07-06,1530889200
1321,R_yPgyGUixTuXuX5v,GARDEN_SHEAR_SCISSORS,2018-07-06,1530889200
1322,R_yRaAO89bhwJb9xD,PHYSICAL_VIDEO_GAME_SOFTWARE,2018-07-06,1530889200
1323,R_yRaAO89bhwJb9xD,INKJET_PRINTER_INK,2018-07-06,1530889200
1324,R_0pRmRjHkwStzNQJ,HOME_LIGHTING_ACCESSORY,2018-07-07,1530975600
1325,R_0pRmRjHkwStzNQJ,SKIN_CLEANING_AGENT,2018-07-07,1530975600
1326,R_0pRmRjHkwStzNQJ,ABIS_BOOK,2018-07-07,1530975600
1327,R_10MFxyIhsIDW0nP,LOCK,2018-07-07,1530975600
1328,R_10MFxyIhsIDW0nP,HAT,2018-07-07,1530975600
1329,R_1C4nKyrv0w2thJn,TWO_WAY_RADIO,2018-07-07,1530975600
1330,R_1C9YUFD8GunlGej,SCREEN_PROTECTOR,2018-07-07,1530975600
1331,R_1C9YUFD8GunlGej,TOY_FIGURE,2018-07-07,1530975600
1332,R_1ClqO4ZMDuwGjfl,HEALTH_PERSONAL_CARE,2018-07-07,1530975600
1333,R_1F35QiIK5csZBEC,MEDICATION,2018-07-07,1530975600
1334,R_1FrdQkXjcUod40Z,GROCERY,2018-07-07,1530975600
1335,R_1Fyt6rHyiQcVOT8,DECORATIVE_MAGNET,2018-07-07,1530975600
1336,R_1GghoTNZdgUeySl,NUTRITIONAL_SUPPLEMENT,2018-07-07,1530975600
1337,R_1GghoTNZdgUeySl,POWER_STRIP,2018-07-07,1530975600
1338,R_1Hena1rUph3TnA3,COSMETIC_BRUSH,2018-07-07,1530975600
1339,R_1JDhRjAMiEkIuKT,BABY_PRODUCT,2018-07-07,1530975600
1340,R_1JDhRjAMiEkIuKT,PET_ACTIVITY_STRUCTURE,2018-07-07,1530975600
1341,R_1Kru2C0Zf28ZbQ0,NECKLACE,2018-07-07,1530975600
1342,R_1Kru2C0Zf28ZbQ0,ELECTRONIC_CABLE,2018-07-07,1530975600
1343,R_1LMa9REuvUok05j,PANTS,2018-07-07,1530975600
1344,R_1dKBjc0UTA0ZiYb,WEARABLE_WEIGHT,2018-07-07,1530975600
1345,R_1dKBjc0UTA0ZiYb,SHOWERHEAD,2018-07-07,1530975600
1346,R_1dlSByn2AyHWx7r,SHIRT,2018-07-07,1530975600
1347,R_1dlSByn2AyHWx7r,WEIGH_SCALE,2018-07-07,1530975600
1348,R_1dlSByn2AyHWx7r,SCREEN_PROTECTOR,2018-07-07,1530975600
1349,R_1dlSByn2AyHWx7r,HEADPHONES,2018-07-07,1530975600
1350,R_1dlSByn2AyHWx7r,HOSE_PIPE_FITTING,2018-07-07,1530975600
1351,R_1dlSByn2AyHWx7r,FASTENER_DRIVE_BIT,2018-07-07,1530975600
1352,R_1dlSByn2AyHWx7r,COMPUTER_PROCESSOR,2018-07-07,1530975600
1353,R_1dlSByn2AyHWx7r,BATTERY,2018-07-07,1530975600
1354,R_1dlSByn2AyHWx7r,INSECT_REPELLENT,2018-07-07,1530975600
1355,R_1dlSByn2AyHWx7r,HOOK_LOOP_FASTENER,2018-07-07,1530975600
1356,R_1dlSByn2AyHWx7r,NUTRITIONAL_SUPPLEMENT,2018-07-07,1530975600
1357,R_1dlSByn2AyHWx7r,DRAFT_STOPPER,2018-07-07,1530975600
1358,R_1dlSByn2AyHWx7r,HOOK_LOOP_FASTENER,2018-07-07,1530975600
1359,R_1dlSByn2AyHWx7r,GROCERY,2018-07-07,1530975600
1360,R_1dlSByn2AyHWx7r,PHYSICAL_MOVIE,2018-07-07,1530975600
1361,R_1dlSByn2AyHWx7r,INSECT_REPELLENT,2018-07-07,1530975600
1362,R_1dlSByn2AyHWx7r,INTERNAL_MEMORY,2018-07-07,1530975600
1363,R_1dlSByn2AyHWx7r,SCREEN_PROTECTOR,2018-07-07,1530975600
1364,R_1dlSByn2AyHWx7r,SNACK_FOOD_BAR,2018-07-07,1530975600
1365,R_1eEsLZ6SYLsIG0s,PANTS,2018-07-07,1530975600
1366,R_1jARg5bGH5uqAKW,SKIN_MOISTURIZER,2018-07-07,1530975600
1367,R_1jARg5bGH5uqAKW,SHELF,2018-07-07,1530975600
1368,R_1mxX9jjBSLwxiDU,HOME_LIGHTING_ACCESSORY,2018-07-07,1530975600
1369,R_1pKZVLBbrpZM8bP,MISC_OTHER,2018-07-07,1530975600
1370,R_1pKZVLBbrpZM8bP,POWER_CORD,2018-07-07,1530975600
1371,R_1pKZVLBbrpZM8bP,BATH_PILLOW,2018-07-07,1530975600
1372,R_22QYpfx86KSwry8,HAMMOCK,2018-07-07,1530975600
1373,R_22nS4Bu8Q3B84gf,SKIN_MOISTURIZER,2018-07-07,1530975600
1374,R_23enipHqTsjcQfN,SKIN_CLEANING_WIPE,2018-07-07,1530975600
1375,R_23enipHqTsjcQfN,TOY_BUILDING_BLOCK,2018-07-07,1530975600
1376,R_23enipHqTsjcQfN,SANDAL,2018-07-07,1530975600
1377,R_24csoaO569P4Yzz,PORTABLE_ELECTRONIC_DEVICE_MOUNT,2018-07-07,1530975600
1378,R_24csoaO569P4Yzz,SHORTS,2018-07-07,1530975600
1379,R_25Wwg273Uw26jA1,PAPER_TOWEL,2018-07-07,1530975600
1380,R_27PZcbYfPDhwHcL,EARRING,2018-07-07,1530975600
1381,R_27g6uEEgxm7kwNu,DAIRY_BASED_BUTTER,2018-07-07,1530975600
1382,R_29uBVByYo0xAXiZ,VITAMIN,2018-07-07,1530975600
1383,R_2ASBFgthVbaGlF3,PANTS,2018-07-07,1530975600
1384,R_2ASBFgthVbaGlF3,HAIR_COLORING_AGENT,2018-07-07,1530975600
1385,R_2ASBFgthVbaGlF3,TOYS_AND_GAMES,2018-07-07,1530975600
1386,R_2ASBFgthVbaGlF3,SHELF,2018-07-07,1530975600
1387,R_2B38co9cwVRvVZA,WATER_PUMP,2018-07-07,1530975600
1388,R_2B38co9cwVRvVZA,STROLLER_PROTECTION_SHIELD,2018-07-07,1530975600
1389,R_2D6v6VH3RC5ZGC4,FLASH_MEMORY,2018-07-07,1530975600
1390,R_2D6v6VH3RC5ZGC4,PORTABLE_ELECTRONIC_DEVICE_MOUNT,2018-07-07,1530975600
1391,R_2DSIdH6iUv9yJ8V,SHIRT,2018-07-07,1530975600
1392,R_2DSIdH6iUv9yJ8V,GROCERY,2018-07-07,1530975600
1393,R_2DSIdH6iUv9yJ8V,MINERAL_SUPPLEMENT,2018-07-07,1530975600
1394,R_2E5XCpTY2B5ZQ1f,SKIN_CLEANING_AGENT,2018-07-07,1530975600
1395,R_2Qu0fgUOnDpaKDH,ANCHOR_STAKE,2018-07-07,1530975600
1396,R_2Qu0fgUOnDpaKDH,MEAL_HOLDER,2018-07-07,1530975600
1397,R_2SIYchF5txvb4ur,SNACK_CHIP_AND_CRISP,2018-07-07,1530975600
1398,R_2SoygRRucWXdLxT,MEDICATION,2018-07-07,1530975600
1399,R_2SoygRRucWXdLxT,ROUTER_POWER_TOOL,2018-07-07,1530975600
1400,R_2TEGPne2Cu1LmmT,SKIN_CLEANING_AGENT,2018-07-07,1530975600
1401,R_2TEGPne2Cu1LmmT,SKIN_MOISTURIZER,2018-07-07,1530975600
1402,R_2TEGPne2Cu1LmmT,SKIN_CLEANING_AGENT,2018-07-07,1530975600
1403,R_2TEGPne2Cu1LmmT,SHAMPOO,2018-07-07,1530975600
1404,R_2TnuiSdfJ77v7e9,ABIS_BOOK,2018-07-07,1530975600
1405,R_2TnuiSdfJ77v7e9,GROCERY,2018-07-07,1530975600
1406,R_2VaWg2jhtCG6zmh,VITAMIN,2018-07-07,1530975600
1407,R_2VwjXhJ5OznStEi,SCREEN_PROTECTOR,2018-07-07,1530975600
1408,R_2WumP0iKDvwiM2r,GARLIC_PRESS,2018-07-07,1530975600
1409,R_2XoI6KbLJRGFz5X,HEALTH_PERSONAL_CARE,2018-07-07,1530975600
1410,R_2XoI6KbLJRGFz5X,DRESS,2018-07-07,1530975600
1411,R_2YVQQRVSdj7M8Va,SHOES,2018-07-07,1530975600
1412,R_2aOUTzNgkEajgjw,WHEEL,2018-07-07,1530975600
1413,R_2cvmrv8q51q8yh1,SHIRT,2018-07-07,1530975600
1414,R_2cvmrv8q51q8yh1,WATER_PURIFICATION_UNIT,2018-07-07,1530975600
1415,R_2dMef2oXr2I6RKU,FOOD_GLITTER_SPRINKLE,2018-07-07,1530975600
1416,R_2ebzj3o225IisIQ,SHIRT,2018-07-07,1530975600
1417,R_2fuPf0OEnWfOjjm,BREAST_PETAL,2018-07-07,1530975600
1418,R_2fuPf0OEnWfOjjm,SHOES,2018-07-07,1530975600
1419,R_2sSaxHDwxRTJZP3,VASE,2018-07-07,1530975600
1420,R_2sSaxHDwxRTJZP3,POTABLE_WATER_FILTER,2018-07-07,1530975600
1421,R_2sSaxHDwxRTJZP3,TOYS_AND_GAMES,2018-07-07,1530975600
1422,R_2sSaxHDwxRTJZP3,ABIS_VIDEO,2018-07-07,1530975600
1423,R_2sSaxHDwxRTJZP3,ABIS_BOOK,2018-07-07,1530975600
1424,R_2sbf0hqTGFb880u,ART_MEDIA_PAPER,2018-07-07,1530975600
1425,R_2z7rLZb69WuqDdf,GARLIC_PRESS,2018-07-07,1530975600
1426,R_2zl2FPoC5r6TsM6,HANGING_ORNAMENT,2018-07-07,1530975600
1427,R_31XTJUT1qHoBGRZ,ABIS_BOOK,2018-07-07,1530975600
1428,R_31XTJUT1qHoBGRZ,EYELASH_CURLER,2018-07-07,1530975600
1429,R_31XTJUT1qHoBGRZ,CYCLING_COMPUTER,2018-07-07,1530975600
1430,R_31XTJUT1qHoBGRZ,STORAGE_BINDER,2018-07-07,1530975600
1431,R_31XTJUT1qHoBGRZ,VITAMIN,2018-07-07,1530975600
1432,R_31XTJUT1qHoBGRZ,UMBRELLA,2018-07-07,1530975600
1433,R_325wNEypLBLRTf7,ABIS_BOOK,2018-07-07,1530975600
1434,R_33dxSOlpYwYOjFE,LABEL,2018-07-07,1530975600
1435,R_3D0FIkesMnTGsnm,STORAGE_HOOK,2018-07-07,1530975600
1436,R_3GBRRr7bndtJPU9,SHOES,2018-07-07,1530975600
1437,R_3J8UIMbwljBx6df,JAR,2018-07-07,1530975600
1438,R_3J8UIMbwljBx6df,PACKING_MATERIAL,2018-07-07,1530975600
1439,R_3Jxiicg67etW2yt,PANTS,2018-07-07,1530975600
1440,R_3Jxiicg67etW2yt,PHYSICAL_TV_SERIES,2018-07-07,1530975600
1441,R_3KCUnPI9FEz7vTo,SKIN_CLEANING_AGENT,2018-07-07,1530975600
1442,R_3Kv8PUwM5KE3ZA2,FOOD_STORAGE_CONTAINER,2018-07-07,1530975600
1443,R_3M0euO2kPnoHrdt,NUTRITIONAL_SUPPLEMENT,2018-07-07,1530975600
1444,R_3MhBAq6V6XHU9ln,CRAFT_HOOP_FRAME,2018-07-07,1530975600
1445,R_3MyEdXOZ8P75S1V,DENTAL_FLOSS,2018-07-07,1530975600
1446,R_3OdXDDGsG2bvbXb,HEARING_AMPLIFIER,2018-07-07,1530975600
1447,R_3P4QthjwwxEaV1m,STORAGE_COVER,2018-07-07,1530975600
1448,R_3PjlivvZHpECDkS,BEAUTY,2018-07-07,1530975600
1449,R_3PjlivvZHpECDkS,VITAMIN,2018-07-07,1530975600
1450,R_3ixUxNOUiEYD7KJ,HEADPHONES,2018-07-07,1530975600
1451,R_3n2VXT4Z99FpnEG,GROCERY,2018-07-07,1530975600
1452,R_3n2VXT4Z99FpnEG,STEERING_WHEEL_COVER,2018-07-07,1530975600
1453,R_3n2VXT4Z99FpnEG,MEDICATION,2018-07-07,1530975600
1454,R_3qTFp0FJqUeMhVZ,PET_FOOD,2018-07-07,1530975600
1455,R_3rV7kPHe9hVsMee,BUCKET,2018-07-07,1530975600
1456,R_3rV7kPHe9hVsMee,SNACK_FOOD_BAR,2018-07-07,1530975600
1457,R_3s5NxhqKpoWo6zm,NOISE_MACHINE,2018-07-07,1530975600
1458,R_3s5NxhqKpoWo6zm,HEADPHONES,2018-07-07,1530975600
1459,R_3s5NxhqKpoWo6zm,SKIN_MOISTURIZER,2018-07-07,1530975600
1460,R_4PhRzF4UI9ooLh7,TOGGLE_SWITCH,2018-07-07,1530975600
1461,R_4PhRzF4UI9ooLh7,BATH_TOY,2018-07-07,1530975600
1462,R_4PhRzF4UI9ooLh7,CRACKER,2018-07-07,1530975600
1463,R_6Jw0sPgGkHLnKkp,WATER_FLOTATION_DEVICE,2018-07-07,1530975600
1464,R_89aTM1JXN8SWr3b,OFFICE_PRODUCTS,2018-07-07,1530975600
1465,R_89aTM1JXN8SWr3b,CORD_MANAGEMENT_COVER,2018-07-07,1530975600
1466,R_8vnpSkm79W7Jsv7,ELECTRONIC_ADAPTER,2018-07-07,1530975600
1467,R_8vnpSkm79W7Jsv7,SWIMMING_POOL,2018-07-07,1530975600
1468,R_8vnpSkm79W7Jsv7,GREETING_CARD,2018-07-07,1530975600
1469,R_A1CRADYHwN0zQL7,WATCH,2018-07-07,1530975600
1470,R_Ap2HcvpPLRDJv9L,SKIN_CLEANING_AGENT,2018-07-07,1530975600
1471,R_UVM6YBvaArzpRjb,GROCERY,2018-07-07,1530975600
1472,R_UVM6YBvaArzpRjb,ELECTRONIC_CABLE,2018-07-07,1530975600
1473,R_UVM6YBvaArzpRjb,TOOLS,2018-07-07,1530975600
1474,R_Ui78k1hRGuGWhln,TOYS_AND_GAMES,2018-07-07,1530975600
1475,R_Ui78k1hRGuGWhln,REFRIGERATOR,2018-07-07,1530975600
1476,R_VPWGdK1zBBekfAJ,TREADMILL,2018-07-07,1530975600
1477,R_b3dSUlk76L0C6TD,COFFEE,2018-07-07,1530975600
1478,R_blmQEhOrCwpqG4x,COMPUTER,2018-07-07,1530975600
1479,R_br5a8OxAqrKRxQd,CHOCOLATE_CANDY,2018-07-07,1530975600
1480,R_d5O7dqvA1EWCrPb,CONDOM,2018-07-07,1530975600
1481,R_e8KTElZZLWryLWp,SHOES,2018-07-07,1530975600
1482,R_e8KTElZZLWryLWp,SHIRT,2018-07-07,1530975600
1483,R_e8KTElZZLWryLWp,TOY_VEHICLE_SET,2018-07-07,1530975600
1484,R_e8KTElZZLWryLWp,DAIRY_BASED_CHEESE,2018-07-07,1530975600
1485,R_e8KTElZZLWryLWp,PANTS,2018-07-07,1530975600
1486,R_e8KTElZZLWryLWp,MEDICATION,2018-07-07,1530975600
1487,R_e8KTElZZLWryLWp,CHARGING_ADAPTER,2018-07-07,1530975600
1488,R_e8KTElZZLWryLWp,SHIRT,2018-07-07,1530975600
1489,R_e8KTElZZLWryLWp,AMAZON_TABLET,2018-07-07,1530975600
1490,R_e8KTElZZLWryLWp,PET_FOOD,2018-07-07,1530975600
1491,R_e8KTElZZLWryLWp,MASSAGER,2018-07-07,1530975600
1492,R_eOMCliqYqUD4oOR,TOYS_AND_GAMES,2018-07-07,1530975600
1493,R_eOMCliqYqUD4oOR,TABLECLOTH,2018-07-07,1530975600
1494,R_eyQl26Pq4cq0Xmx,NUTRITIONAL_SUPPLEMENT,2018-07-07,1530975600
1495,R_r3IM83Ecq7eY7QJ,NETWORK_INTERFACE_CONTROLLER_ADAPTER,2018-07-07,1530975600
1496,R_r3IM83Ecq7eY7QJ,GROCERY,2018-07-07,1530975600
1497,R_r3IM83Ecq7eY7QJ,SCREEN_PROTECTOR,2018-07-07,1530975600
1498,R_r3IM83Ecq7eY7QJ,SKIN_EXFOLIANT,2018-07-07,1530975600
1499,R_r3IM83Ecq7eY7QJ,AIR_CONDITIONER,2018-07-07,1530975600
1500,R_s4I8huB9BOcWI5H,ELECTRIC_FOOD_MILL_GRINDER,2018-07-07,1530975600
1501,R_snaR9M3EsTpcPi9,HEADPHONES,2018-07-07,1530975600
1502,R_sotmrGe7Rv3U10J,HAIR_BRUSH,2018-07-07,1530975600
1503,R_t0ccZ3CXpzqgSpr,PHYSICAL_MOVIE,2018-07-07,1530975600
1504,R_tJNLenUlMH5f4el,HEALTH_PERSONAL_CARE,2018-07-07,1530975600
1505,R_w5bE96azoKnM6Ih,SCREEN_PROTECTOR,2018-07-07,1530975600
1506,R_w5bE96azoKnM6Ih,TOY_FIGURE,2018-07-07,1530975600
1507,R_w7a7YDkfvtMXJ8l,PIZZA,2018-07-07,1530975600
1508,R_x0hVvTTXGQY9FRf,BROOM,2018-07-07,1530975600
1509,R_x0hVvTTXGQY9FRf,INCONTINENCE_PROTECTOR,2018-07-07,1530975600
1510,R_xDvEzzSGeDDkvU5,TOYS_AND_GAMES,2018-07-07,1530975600
1511,R_xsyCKTazvY4vHbz,ELECTRIC_SHAVER,2018-07-07,1530975600
1512,R_xsyCKTazvY4vHbz,CABLE_OR_ADAPTER,2018-07-07,1530975600
1513,R_xsyCKTazvY4vHbz,GROCERY,2018-07-07,1530975600
1514,R_xsyCKTazvY4vHbz,HONEY,2018-07-07,1530975600
1515,R_xsyCKTazvY4vHbz,HEADPHONES,2018-07-07,1530975600
1516,R_yPgyGUixTuXuX5v,BLEACH,2018-07-07,1530975600
1517,R_yrLrYUf4oFzOnjb,PET_FOOD,2018-07-07,1530975600
1518,R_yrLrYUf4oFzOnjb,VITAMIN,2018-07-07,1530975600
1519,R_zTi3j2QuqAzr7NL,SKIN_CLEANING_AGENT,2018-07-07,1530975600
1520,R_0pRmRjHkwStzNQJ,GROCERY,2018-07-08,1531062000
1521,R_0pRmRjHkwStzNQJ,MAGAZINES,2018-07-08,1531062000
1522,R_128UcvT7YzJpnZv,SCREEN_PROTECTOR,2018-07-08,1531062000
1523,R_1C4tcyEfmcsKI9X,TAPE_MEASURE,2018-07-08,1531062000
1524,R_1CIQjlABWt7jZWc,PLUMBING_FIXTURE,2018-07-08,1531062000
1525,R_1DYWdbAMt6LyCZH,NUTRITIONAL_SUPPLEMENT,2018-07-08,1531062000
1526,R_1FJHvQm83j8lK35,PENCIL_SHARPENER,2018-07-08,1531062000
1527,R_1FJHvQm83j8lK35,GROCERY,2018-07-08,1531062000
1528,R_1FJHvQm83j8lK35,NUTRITIONAL_SUPPLEMENT,2018-07-08,1531062000
1529,R_1FJHvQm83j8lK35,ESSENTIAL_OIL,2018-07-08,1531062000
1530,R_1FJHvQm83j8lK35,SHIRT,2018-07-08,1531062000
1531,R_1FJHvQm83j8lK35,PET_BED_MAT,2018-07-08,1531062000
1532,R_1FJHvQm83j8lK35,NUT_AND_SEED,2018-07-08,1531062000
1533,R_1FJHvQm83j8lK35,SHOES,2018-07-08,1531062000
1534,R_1FJHvQm83j8lK35,NUTRITIONAL_SUPPLEMENT,2018-07-08,1531062000
1535,R_1FJHvQm83j8lK35,SNACK_FOOD_BAR,2018-07-08,1531062000
1536,R_1FJHvQm83j8lK35,HAIR_BRUSH,2018-07-08,1531062000
1537,R_1FJHvQm83j8lK35,SKIN_CLEANING_AGENT,2018-07-08,1531062000
1538,R_1FJHvQm83j8lK35,NUTRITIONAL_SUPPLEMENT,2018-07-08,1531062000
1539,R_1FJHvQm83j8lK35,SHIRT,2018-07-08,1531062000
1540,R_1FJHvQm83j8lK35,BATHWATER_ADDITIVE,2018-07-08,1531062000
1541,R_1FJHvQm83j8lK35,BATTERY,2018-07-08,1531062000
1542,R_1FJHvQm83j8lK35,MOUNTED_STORAGE_SYSTEM_KIT,2018-07-08,1531062000
1543,R_1FJHvQm83j8lK35,BATTERY,2018-07-08,1531062000
1544,R_1FJHvQm83j8lK35,JEWELRY_FINDING,2018-07-08,1531062000
1545,R_1FJHvQm83j8lK35,ESSENTIAL_OIL,2018-07-08,1531062000
1546,R_1FJHvQm83j8lK35,PENCIL_SHARPENER,2018-07-08,1531062000
1547,R_1IZrt5CyqgTg2Qe,PANTS,2018-07-08,1531062000
1548,R_1Kru2C0Zf28ZbQ0,NOTEBOOK_COMPUTER,2018-07-08,1531062000
1549,R_1LRR1P5IQqdSvIP,LAP_DESK,2018-07-08,1531062000
1550,R_1LRR1P5IQqdSvIP,REMOTE_CONTROL,2018-07-08,1531062000
1551,R_1MJSWPNY1QR0Q68,BOTTLE_NIPPLE,2018-07-08,1531062000
1552,R_1PcttxbjmIpzZ9t,SKIN_MOISTURIZER,2018-07-08,1531062000
1553,R_1Q9JeeKncbbLcz0,FOOD_STORAGE_BAG,2018-07-08,1531062000
1554,R_1Q9JeeKncbbLcz0,STICKER_DECAL,2018-07-08,1531062000
1555,R_1Q9JeeKncbbLcz0,WEATHER_STATION,2018-07-08,1531062000
1556,R_1Q9JeeKncbbLcz0,KAYAK,2018-07-08,1531062000
1557,R_1Q9JeeKncbbLcz0,NUT_BUTTER,2018-07-08,1531062000
1558,R_1dppjLIFEdj7Kq5,PUMP_SPRAYER,2018-07-08,1531062000
1559,R_1j6t5KhjtwDhdKa,BATTERY,2018-07-08,1531062000
1560,R_1lxYa2W6GgcAQ19,SHOES,2018-07-08,1531062000
1561,R_1lxYa2W6GgcAQ19,COLLAPSIBLE_PLAY_STRUCTURE,2018-07-08,1531062000
1562,R_1lxYa2W6GgcAQ19,SHOES,2018-07-08,1531062000
1563,R_1lxYa2W6GgcAQ19,ELECTRONIC_CABLE,2018-07-08,1531062000
1564,R_1lxYa2W6GgcAQ19,SUIT,2018-07-08,1531062000
1565,R_1lxYa2W6GgcAQ19,BATTERY,2018-07-08,1531062000
1566,R_1lxYa2W6GgcAQ19,HEALTH_PERSONAL_CARE,2018-07-08,1531062000
1567,R_1r8u9f1vT8Y3HrC,CROCHET_HOOK,2018-07-08,1531062000
1568,R_1r8u9f1vT8Y3HrC,PHYSICAL_MOVIE,2018-07-08,1531062000
1569,R_1r8u9f1vT8Y3HrC,SKIN_CLEANING_AGENT,2018-07-08,1531062000
1570,R_1r8u9f1vT8Y3HrC,GARDEN_TOOL_SET,2018-07-08,1531062000
1571,R_20ON9TjJWV64IZO,PANTS,2018-07-08,1531062000
1572,R_20ON9TjJWV64IZO,BRA,2018-07-08,1531062000
1573,R_20Yd9DvrGselmZY,VITAMIN,2018-07-08,1531062000
1574,R_22DJIjS0M8yvaYO,VOICE_RECORDER,2018-07-08,1531062000
1575,R_22mMopWqAj09mQc,ANIMAL_LITTER,2018-07-08,1531062000
1576,R_24ubsh7FUCIQgTb,CLINICAL_DIAGNOSTIC_TESTING_KIT,2018-07-08,1531062000
1577,R_25KMnVsE9ynaHcA,GOURMET_FOOD,2018-07-08,1531062000
1578,R_25YqaojEWt641sK,DUMBBELL,2018-07-08,1531062000
1579,R_25YqaojEWt641sK,SKIN_EXFOLIANT,2018-07-08,1531062000
1580,R_25YqaojEWt641sK,FUEL_FILTER,2018-07-08,1531062000
1581,R_25YqaojEWt641sK,PANTS,2018-07-08,1531062000
1582,R_25YqaojEWt641sK,VITAMIN,2018-07-08,1531062000
1583,R_25YqaojEWt641sK,SKIN_CLEANING_AGENT,2018-07-08,1531062000
1584,R_27qJlbWdpVVH31y,SKIN_CLEANING_AGENT,2018-07-08,1531062000
1585,R_2CKdeuvfVrO8I49,HEALTH_PERSONAL_CARE,2018-07-08,1531062000
1586,R_2CKdeuvfVrO8I49,SHAMPOO,2018-07-08,1531062000
1587,R_2DSIdH6iUv9yJ8V,SHOES,2018-07-08,1531062000
1588,R_2DSIdH6iUv9yJ8V,TOYS_AND_GAMES,2018-07-08,1531062000
1589,R_2DSIdH6iUv9yJ8V,HEALTH_PERSONAL_CARE,2018-07-08,1531062000
1590,R_2Etc0qZ3B702xxn,ABIS_LAWN_AND_GARDEN,2018-07-08,1531062000
1591,R_2Etc0qZ3B702xxn,SNACK_FOOD_BAR,2018-07-08,1531062000
1592,R_2UctLzmpg4UJRZu,PENCIL_SHARPENER,2018-07-08,1531062000
1593,R_2UgruQ1jzpNXLQZ,GROCERY,2018-07-08,1531062000
1594,R_2UgruQ1jzpNXLQZ,DRINK_FLAVORED,2018-07-08,1531062000
1595,R_2UgruQ1jzpNXLQZ,DRINK_FLAVORED,2018-07-08,1531062000
1596,R_2VwjXhJ5OznStEi,MEDICATION,2018-07-08,1531062000
1597,R_2VwjXhJ5OznStEi,SHOWERHEAD,2018-07-08,1531062000
1598,R_2WwzM8WiFsk4o3g,SHIRT,2018-07-08,1531062000
1599,R_2WwzM8WiFsk4o3g,COUNTERTOP_FOOD_STEAMER,2018-07-08,1531062000
1600,R_2Xj7LtCe2Mt8jNi,SONAR_FATHOMETER,2018-07-08,1531062000
1601,R_2Xj7LtCe2Mt8jNi,SHAMPOO,2018-07-08,1531062000
1602,R_2XoI6KbLJRGFz5X,MASCARA,2018-07-08,1531062000
1603,R_2XoI6KbLJRGFz5X,SHOES,2018-07-08,1531062000
1604,R_2XoI6KbLJRGFz5X,VACUUM_CLEANER,2018-07-08,1531062000
1605,R_2XoI6KbLJRGFz5X,DRESS,2018-07-08,1531062000
1606,R_2XoI6KbLJRGFz5X,INPUT_OUTPUT_CARD,2018-07-08,1531062000
1607,R_2XoI6KbLJRGFz5X,SKIN_MOISTURIZER,2018-07-08,1531062000
1608,R_2XoI6KbLJRGFz5X,HAIR_STYLING_AGENT,2018-07-08,1531062000
1609,R_2XoI6KbLJRGFz5X,VITAMIN,2018-07-08,1531062000
1610,R_2XoI6KbLJRGFz5X,GUILD_HOME,2018-07-08,1531062000
1611,R_2XoI6KbLJRGFz5X,MEDICATION,2018-07-08,1531062000
1612,R_2XoI6KbLJRGFz5X,SWING,2018-07-08,1531062000
1613,R_2Y9fPhqa2Xf2QdZ,FRUIT,2018-07-08,1531062000
1614,R_2YR2Yn7wGzAeAj0,PANTS,2018-07-08,1531062000
1615,R_2YVQQRVSdj7M8Va,CELLULAR_PHONE_CASE,2018-07-08,1531062000
1616,R_2aKrOq0DBielcig,SHIRT,2018-07-08,1531062000
1617,R_2aKrOq0DBielcig,SUNGLASSES,2018-07-08,1531062000
1618,R_2b1XOZR0PYTA1jX,SKIN_CLEANING_AGENT,2018-07-08,1531062000
1619,R_2b1XOZR0PYTA1jX,GREENHOUSE,2018-07-08,1531062000
1620,R_2cBADxleVyzT89z,SNACK_FOOD_BAR,2018-07-08,1531062000
1621,R_2dxMXdrOUumZV2I,HEADPHONES,2018-07-08,1531062000
1622,R_2fxhde3AmAoBQBS,PAJAMAS,2018-07-08,1531062000
1623,R_2qD8ep8d313iLj4,WEAPON_CASE,2018-07-08,1531062000
1624,R_2qjAN1lyLAdAxT2,FOOD_PREPARATION_MOLD,2018-07-08,1531062000
1625,R_2qjAN1lyLAdAxT2,SKIN_MOISTURIZER,2018-07-08,1531062000
1626,R_2s5OzoDX56gIWr0,FURNITURE_SLIDER,2018-07-08,1531062000
1627,R_2tfh4rvpUWWJndF,VEHICLE_SPOILER,2018-07-08,1531062000
1628,R_2uQjJxSekSWj3qM,SANDAL,2018-07-08,1531062000
1629,R_2wagDt0ZaSu1p8q,PANTS,2018-07-08,1531062000
1630,R_2wmCdm6ETy6g3k0,NUTRITIONAL_SUPPLEMENT,2018-07-08,1531062000
1631,R_2xLvxRKX2448l9k,MUSICAL_INSTRUMENT_STRING,2018-07-08,1531062000
1632,R_2xLvxRKX2448l9k,CABLE_TIE,2018-07-08,1531062000
1633,R_2xLvxRKX2448l9k,HEADPHONES,2018-07-08,1531062000
1634,R_2zl2FPoC5r6TsM6,FLAT_SHEET,2018-07-08,1531062000
1635,R_2zl2FPoC5r6TsM6,GROCERY,2018-07-08,1531062000
1636,R_31T8fMuMzphe1sL,COAT,2018-07-08,1531062000
1637,R_31T8fMuMzphe1sL,SHIRT,2018-07-08,1531062000
1638,R_31T8fMuMzphe1sL,TRAY,2018-07-08,1531062000
1639,R_31T8fMuMzphe1sL,OUTDOOR_LIVING,2018-07-08,1531062000
1640,R_32MgYCncUh7NkQE,HEADPHONES,2018-07-08,1531062000
1641,R_3D8fwycJF7eksBo,HARDWARE_CLAMP_VISE,2018-07-08,1531062000
1642,R_3EQJpaOtt2aP8HS,CAMERA_FILM,2018-07-08,1531062000
1643,R_3HzhKIwCcybjVbM,BATTERY,2018-07-08,1531062000
1644,R_3L8dgu12mdk2UVH,SCISSORS,2018-07-08,1531062000
1645,R_3L8dgu12mdk2UVH,PORTABLE_STOVE,2018-07-08,1531062000
1646,R_3PAyJj7mQvMzMco,VIDEO_GAME_CONTROLLER,2018-07-08,1531062000
1647,R_3PAyJj7mQvMzMco,TOYS_AND_GAMES,2018-07-08,1531062000
1648,R_3e82J7pYxj5XP7j,FLAVORED_DRINK_CONCENTRATE,2018-07-08,1531062000
1649,R_3e82J7pYxj5XP7j,SKIN_CLEANING_AGENT,2018-07-08,1531062000
1650,R_3e82J7pYxj5XP7j,PANTS,2018-07-08,1531062000
1651,R_3e82J7pYxj5XP7j,SHORTS,2018-07-08,1531062000
1652,R_3e82J7pYxj5XP7j,BATTERY,2018-07-08,1531062000
1653,R_3e82J7pYxj5XP7j,PHYSICAL_MOVIE,2018-07-08,1531062000
1654,R_3e82J7pYxj5XP7j,GROCERY,2018-07-08,1531062000
1655,R_3e82J7pYxj5XP7j,SLEEPING_BAG,2018-07-08,1531062000
1656,R_3enuyEOsaEVxTNX,SKIN_MOISTURIZER,2018-07-08,1531062000
1657,R_3ixUxNOUiEYD7KJ,GROCERY,2018-07-08,1531062000
1658,R_3ixUxNOUiEYD7KJ,SMALL_HOME_APPLIANCES,2018-07-08,1531062000
1659,R_3ixUxNOUiEYD7KJ,SHOES,2018-07-08,1531062000
1660,R_3ixUxNOUiEYD7KJ,TOYS_AND_GAMES,2018-07-08,1531062000
1661,R_3ixUxNOUiEYD7KJ,SHIRT,2018-07-08,1531062000
1662,R_3ixUxNOUiEYD7KJ,SKIN_MOISTURIZER,2018-07-08,1531062000
1663,R_3ixUxNOUiEYD7KJ,MEDICATION,2018-07-08,1531062000
1664,R_3nqGVGe1oo00hRC,BATTERY,2018-07-08,1531062000
1665,R_3nqGVGe1oo00hRC,POTABLE_WATER_FILTER,2018-07-08,1531062000
1666,R_3nqGVGe1oo00hRC,BLUE_LIGHT_BLOCKING_EYEGLASSES,2018-07-08,1531062000
1667,R_3oO3DoeTgXHrEzx,CELLULAR_PHONE_CASE,2018-07-08,1531062000
1668,R_3oO3DoeTgXHrEzx,NUTRITIONAL_SUPPLEMENT,2018-07-08,1531062000
1669,R_3qPt2VOIZdr6Kio,SWORD,2018-07-08,1531062000
1670,R_3qjvaF4zWZz3obB,BOOT,2018-07-08,1531062000
1671,R_3qjvaF4zWZz3obB,SHOES,2018-07-08,1531062000
1672,R_3qjvaF4zWZz3obB,OFFICE_PRODUCTS,2018-07-08,1531062000
1673,R_5uabKnJBMc7HyEN,TOY_FIGURE,2018-07-08,1531062000
1674,R_5uabKnJBMc7HyEN,HEADPHONES,2018-07-08,1531062000
1675,R_9ppTjfBQZZs42WJ,ELECTRONIC_CABLE,2018-07-08,1531062000
1676,R_9ppTjfBQZZs42WJ,SHORTS,2018-07-08,1531062000
1677,R_9yOmfJyU0rNZGW5,SKIN_MOISTURIZER,2018-07-08,1531062000
1678,R_BWhnv4EdbhSS6rf,SCREEN_PROTECTOR,2018-07-08,1531062000
1679,R_BWhnv4EdbhSS6rf,SNACK_FOOD_BAR,2018-07-08,1531062000
1680,R_OPfbKZtf2Azgit3,SKIN_CLEANING_AGENT,2018-07-08,1531062000
1681,R_OPfbKZtf2Azgit3,KNIFE_BLOCK,2018-07-08,1531062000
1682,R_OfntYUzw43qHbuF,PET_FOOD,2018-07-08,1531062000
1683,R_Ox2cOKKad6zHXtT,HEALTH_PERSONAL_CARE,2018-07-08,1531062000
1684,R_Ox2cOKKad6zHXtT,ABIS_BOOK,2018-07-08,1531062000
1685,R_RlYyUhsDFvyGwX7,GRILL_SMOKER_COVER,2018-07-08,1531062000
1686,R_VKZzr77ll29A1iN,SUNSCREEN,2018-07-08,1531062000
1687,R_XAphEY817eORyx3,WIND_CHIME,2018-07-08,1531062000
1688,R_XSu10jIDimUl5m1,UTILITY_JACK,2018-07-08,1531062000
1689,R_ZkokwdIEZybYo9z,JERKY,2018-07-08,1531062000
1690,R_b3NWnTBcFyWqXjH,SHOELACE,2018-07-08,1531062000
1691,R_bBgIkZfU6RwGLWF,BATTERY,2018-07-08,1531062000
1692,R_eyQl26Pq4cq0Xmx,JERKY,2018-07-08,1531062000
1693,R_eyQl26Pq4cq0Xmx,DEEP_FRYER,2018-07-08,1531062000
1694,R_eyQl26Pq4cq0Xmx,SNACK_FOOD_BAR,2018-07-08,1531062000
1695,R_pRWnSKTREPIwpSF,LEOTARD,2018-07-08,1531062000
1696,R_r1oTDkv1OlGnNuN,SPORT_NET,2018-07-08,1531062000
1697,R_t0ccZ3CXpzqgSpr,EDIBLE_OIL_VEGETABLE,2018-07-08,1531062000
1698,R_u2EdYogSnJBrpex,PAINT_BRUSH,2018-07-08,1531062000
1699,R_u2EdYogSnJBrpex,SCREEN_PROTECTOR,2018-07-08,1531062000
1700,R_u2EdYogSnJBrpex,HEADPHONES,2018-07-08,1531062000
1701,R_u2EdYogSnJBrpex,SHIRT,2018-07-08,1531062000
1702,R_u2EdYogSnJBrpex,TOOTH_CLEANING_AGENT,2018-07-08,1531062000
1703,R_uqbcSq7y153jKmZ,INFANT_TODDLER_CAR_SEAT,2018-07-08,1531062000
1704,R_x969WzGgXuE1CuJ,MEDICATION,2018-07-08,1531062000
1705,R_xrrF4kkA2JEG6OZ,MACHINE_LUBRICANT,2018-07-08,1531062000
1706,R_10CAlrx7dbJty9R,SOCKS,2018-07-09,1531148400
1707,R_10uU7A3PqkL1i0o,PAJAMAS,2018-07-09,1531148400
1708,R_129jUlsvVcVBDur,SKIN_MOISTURIZER,2018-07-09,1531148400
1709,R_129jUlsvVcVBDur,HEALTH_PERSONAL_CARE,2018-07-09,1531148400
1710,R_1C8w4NDDQC5fcgE,VIDEO_DVD,2018-07-09,1531148400
1711,R_1C9YUFD8GunlGej,PORTABLE_ELECTRONIC_DEVICE_COVER,2018-07-09,1531148400
1712,R_1ClqO4ZMDuwGjfl,CELLULAR_PHONE_CASE,2018-07-09,1531148400
1713,R_1FJHvQm83j8lK35,ELECTRONIC_CABLE,2018-07-09,1531148400
1714,R_1FWSWSjBuPMvSgx,ABIS_BOOK,2018-07-09,1531148400
1715,R_1GghoTNZdgUeySl,VIDEO_GAME_CONTROLLER,2018-07-09,1531148400
1716,R_1GghoTNZdgUeySl,PET_FOOD,2018-07-09,1531148400
1717,R_1GghoTNZdgUeySl,GUILD_ACCESSORIES,2018-07-09,1531148400
1718,R_1IZBlduDFUJEphM,OUTDOOR_LIVING,2018-07-09,1531148400
1719,R_1IZBlduDFUJEphM,GAME_DICE,2018-07-09,1531148400
1720,R_1KxVDxZl2H0XoHS,CELLULAR_PHONE_CASE,2018-07-09,1531148400
1721,R_1KxVDxZl2H0XoHS,FIRST_AID_KIT,2018-07-09,1531148400
1722,R_1KxVDxZl2H0XoHS,HAIR_COLORING_AGENT,2018-07-09,1531148400
1723,R_1KxVDxZl2H0XoHS,SNACK_FOOD_BAR,2018-07-09,1531148400
1724,R_1LMa9REuvUok05j,HEALTH_PERSONAL_CARE,2018-07-09,1531148400
1725,R_1Q9JeeKncbbLcz0,TOYS_AND_GAMES,2018-07-09,1531148400
1726,R_1cYxarQPFQxNRHB,PROTEIN_DRINK,2018-07-09,1531148400
1727,R_1cYxarQPFQxNRHB,BATTERY,2018-07-09,1531148400
1728,R_1dFu7LeBJE3Wd6p,HEADPHONES,2018-07-09,1531148400
1729,R_1gG5xibh48txT6f,CELLULAR_PHONE_CASE,2018-07-09,1531148400
1730,R_1gG5xibh48txT6f,PANTS,2018-07-09,1531148400
1731,R_1o6au5rOnBHoiU9,REMOTE_CONTROL,2018-07-09,1531148400
1732,R_1o6au5rOnBHoiU9,ANIMAL_RECOVERY_COLLAR_CONE,2018-07-09,1531148400
1733,R_1o6au5rOnBHoiU9,VEHICLE_MAT,2018-07-09,1531148400
1734,R_1obwpb6iowh7vew,YARN,2018-07-09,1531148400
1735,R_1obwpb6iowh7vew,ABRASIVE_SHEETS,2018-07-09,1531148400
1736,R_1pu0ApV4WUQDdWW,BABY_FORMULA,2018-07-09,1531148400
1737,R_1q4eVtHN10S5gPB,ABIS_BOOK,2018-07-09,1531148400
1738,R_1q4eVtHN10S5gPB,PEST_CONTROL_DEVICE,2018-07-09,1531148400
1739,R_1q4eVtHN10S5gPB,MOISTURIZING_SOCK_GLOVE,2018-07-09,1531148400
1740,R_22nS4Bu8Q3B84gf,BARBECUE_GRILL,2018-07-09,1531148400
1741,R_22nS4Bu8Q3B84gf,ELECTRONIC_CABLE,2018-07-09,1531148400
1742,R_24csoaO569P4Yzz,SPARK_PLUG,2018-07-09,1531148400
1743,R_24csoaO569P4Yzz,TOYS_AND_GAMES,2018-07-09,1531148400
1744,R_24csoaO569P4Yzz,APPAREL,2018-07-09,1531148400
1745,R_24csoaO569P4Yzz,PET_FOOD,2018-07-09,1531148400
1746,R_25thHabUddjXGzt,CLEANING_AGENT,2018-07-09,1531148400
1747,R_265zDShpZJQSm6H,HOME,2018-07-09,1531148400
1748,R_28IDNbS8mqpfyKD,SKIN_MOISTURIZER,2018-07-09,1531148400
1749,R_29uBVByYo0xAXiZ,TOY_FIGURE,2018-07-09,1531148400
1750,R_29uBVByYo0xAXiZ,STRINGED_INSTRUMENTS,2018-07-09,1531148400
1751,R_2BstrkPd4gMc6Ih,PLANTER,2018-07-09,1531148400
1752,R_2Byb17bNJrQUQTo,ABIS_BOOK,2018-07-09,1531148400
1753,R_2DYMaORoIHXuYlw,SHIRT,2018-07-09,1531148400
1754,R_2DYMaORoIHXuYlw,HEADPHONES,2018-07-09,1531148400
1755,R_2DYMaORoIHXuYlw,PLAY_SLIDE,2018-07-09,1531148400
1756,R_2DYMaORoIHXuYlw,VIDEO_PROJECTOR,2018-07-09,1531148400
1757,R_2DYMaORoIHXuYlw,THICKENING_AGENT,2018-07-09,1531148400
1758,R_2DYMaORoIHXuYlw,PANTS,2018-07-09,1531148400
1759,R_2QRS9mrQwSKNLye,NUTRITIONAL_SUPPLEMENT,2018-07-09,1531148400
1760,R_2QRS9mrQwSKNLye,ELECTRONIC_CABLE,2018-07-09,1531148400
1761,R_2UfTIFhpicfXgPX,SHOES,2018-07-09,1531148400
1762,R_2UfTIFhpicfXgPX,CAMERA_LENS_FILTERS,2018-07-09,1531148400
1763,R_2VkFzKtUReuEWm9,PANTS,2018-07-09,1531148400
1764,R_2VwjXhJ5OznStEi,SNACK_FOOD_BAR,2018-07-09,1531148400
1765,R_2WumP0iKDvwiM2r,BOOK_DOCUMENT_STAND,2018-07-09,1531148400
1766,R_2WumP0iKDvwiM2r,CELLULAR_PHONE,2018-07-09,1531148400
1767,R_2Y9fPhqa2Xf2QdZ,SINGLE_BOARD_COMPUTER,2018-07-09,1531148400
1768,R_2YCU6JHbCzus4zy,DRINKING_CUP,2018-07-09,1531148400
1769,R_2YCU6JHbCzus4zy,COUNTERTOP_GRIDDLE_APPLIANCE,2018-07-09,1531148400
1770,R_2YR2Yn7wGzAeAj0,BLANK_MEDIA,2018-07-09,1531148400
1771,R_2aKrOq0DBielcig,SHIRT,2018-07-09,1531148400
1772,R_2dY2NzAgp2digAs,PHYSICAL_MOVIE,2018-07-09,1531148400
1773,R_2dvh9tu7PLPeipE,INDOOR_GROW_ENCLOSURE,2018-07-09,1531148400
1774,R_2dxMXdrOUumZV2I,SKIN_MOISTURIZER,2018-07-09,1531148400
1775,R_2ebzj3o225IisIQ,WIRE,2018-07-09,1531148400
1776,R_2ebzj3o225IisIQ,MOUSE_PAD,2018-07-09,1531148400
1777,R_2fD6Jy2muMgaubH,MEDICAL_COMPRESSION_GARMENT,2018-07-09,1531148400
1778,R_2s5YO3cdqKDFyIM,DIETARY_SUPPLEMENTS,2018-07-09,1531148400
1779,R_2s5YO3cdqKDFyIM,SKIN_MOISTURIZER,2018-07-09,1531148400
1780,R_2uPcQuKixR5S2ZO,FABRIC,2018-07-09,1531148400
1781,R_2uPcQuKixR5S2ZO,HEADPHONES,2018-07-09,1531148400
1782,R_2ugDyrE1yi1FjvH,PROFESSIONAL_HEALTHCARE,2018-07-09,1531148400
1783,R_2ugDyrE1yi1FjvH,PHYSICAL_MOVIE,2018-07-09,1531148400
1784,R_2ugDyrE1yi1FjvH,HEADPHONES,2018-07-09,1531148400
1785,R_2wHwNZWEecJflLc,BICYCLE_PEDAL,2018-07-09,1531148400
1786,R_2yjckpDXWcsiLPz,ELECTRONIC_CABLE,2018-07-09,1531148400
1787,R_2yjckpDXWcsiLPz,GUITARS,2018-07-09,1531148400
1788,R_2yjckpDXWcsiLPz,HEADPHONES,2018-07-09,1531148400
1789,R_2ze9t15YGQDJxR3,NUTRITIONAL_SUPPLEMENT,2018-07-09,1531148400
1790,R_2ze9t15YGQDJxR3,NUTRITIONAL_SUPPLEMENT,2018-07-09,1531148400
1791,R_2ze9t15YGQDJxR3,INCONTINENCE_PROTECTOR,2018-07-09,1531148400
1792,R_31XTJUT1qHoBGRZ,FUEL_FILTER,2018-07-09,1531148400
1793,R_31ixLIfyf3xt0RM,SHIRT,2018-07-09,1531148400
1794,R_31ixLIfyf3xt0RM,TOYS_AND_GAMES,2018-07-09,1531148400
1795,R_32UZncFA03IrQwQ,DRAIN_OPENER_SUBSTANCE,2018-07-09,1531148400
1796,R_3D8fwycJF7eksBo,SNACK_FOOD_BAR,2018-07-09,1531148400
1797,R_3Em4Q2OBHB3m5rz,SHOES,2018-07-09,1531148400
1798,R_3GBSX5xvcH0uSyx,TOYS_AND_GAMES,2018-07-09,1531148400
1799,R_3HAk4tN4hE1Arcm,HERBAL_SUPPLEMENT,2018-07-09,1531148400
1800,R_3HAk4tN4hE1Arcm,PHYSICAL_MOVIE,2018-07-09,1531148400
1801,R_3HAk4tN4hE1Arcm,HEALTH_PERSONAL_CARE,2018-07-09,1531148400
1802,R_3HAk4tN4hE1Arcm,SAUTE_FRY_PAN,2018-07-09,1531148400
1803,R_3HigTq4itishziE,HEALTH_PERSONAL_CARE,2018-07-09,1531148400
1804,R_3HzRfw5sNEvrFRf,SKIRT,2018-07-09,1531148400
1805,R_3JJfhp7Z7vUO8K2,SKIN_CLEANING_AGENT,2018-07-09,1531148400
1806,R_3JJfhp7Z7vUO8K2,WINDING_REEL,2018-07-09,1531148400
1807,R_3NwUrzA3eAsS3xO,TOY_VEHICLE_SET,2018-07-09,1531148400
1808,R_3NwUrzA3eAsS3xO,TOYS_AND_GAMES,2018-07-09,1531148400
1809,R_3NwUrzA3eAsS3xO,VITAMIN,2018-07-09,1531148400
1810,R_3OfwQrDNFhWjGWG,SKIN_MOISTURIZER,2018-07-09,1531148400
1811,R_3OfwQrDNFhWjGWG,PHYSICAL_MOVIE,2018-07-09,1531148400
1812,R_3P4QthjwwxEaV1m,HEALTH_PERSONAL_CARE,2018-07-09,1531148400
1813,R_3P4QthjwwxEaV1m,CASSEROLES,2018-07-09,1531148400
1814,R_3P4QthjwwxEaV1m,WEARABLE_COMPUTER,2018-07-09,1531148400
1815,R_3P4QthjwwxEaV1m,BATTERY,2018-07-09,1531148400
1816,R_3P4QthjwwxEaV1m,GPS_OR_NAVIGATION_SYSTEM,2018-07-09,1531148400
1817,R_3P4QthjwwxEaV1m,DISPLAY_ALBUM,2018-07-09,1531148400
1818,R_3PAyJj7mQvMzMco,MEDICATION,2018-07-09,1531148400
1819,R_3PAyJj7mQvMzMco,MARKING_PEN,2018-07-09,1531148400
1820,R_3PAyJj7mQvMzMco,SKIN_CLEANING_AGENT,2018-07-09,1531148400
1821,R_3Pwa112XZRRejbA,CELLULAR_PHONE_CASE,2018-07-09,1531148400
1822,R_3ennfkrsSdTlmrJ,ABIS_MUSIC,2018-07-09,1531148400
1823,R_3iVJ4NtqpKGbPCp,BONDING_ADHESIVES,2018-07-09,1531148400
1824,R_3iVJ4NtqpKGbPCp,CALCULATOR,2018-07-09,1531148400
1825,R_3kM9FhqXba9VXRS,AIR_COMPRESSOR,2018-07-09,1531148400
1826,R_3mm166mlwrLpf6y,HAIRBAND,2018-07-09,1531148400
1827,R_3mm166mlwrLpf6y,DAIRY_BASED_BUTTER,2018-07-09,1531148400
1828,R_3n17fNI56KA8rTV,HERBAL_SUPPLEMENT,2018-07-09,1531148400
1829,R_3pm4Od2kUSXlZgY,AROMA_DIFFUSER,2018-07-09,1531148400
1830,R_3rSVzZdjthhnCx0,ELECTRIC_HEATING_PAD,2018-07-09,1531148400
1831,R_3rSVzZdjthhnCx0,SHIRT,2018-07-09,1531148400
1832,R_3rZHdmB75jSgwhr,FLASHLIGHT,2018-07-09,1531148400
1833,R_3rZHdmB75jSgwhr,GUILD_HOME,2018-07-09,1531148400
1834,R_3s60LmlFm5fAEP5,BASKETBALL_HOOP,2018-07-09,1531148400
1835,R_3s60LmlFm5fAEP5,WRENCH,2018-07-09,1531148400
1836,R_3s60LmlFm5fAEP5,PET_FOOD,2018-07-09,1531148400
1837,R_3s60LmlFm5fAEP5,MEDICATION,2018-07-09,1531148400
1838,R_3sp0qsXaE11taC1,TIGHTS,2018-07-09,1531148400
1839,R_4HmF6WnGLnnWuLD,PET_FOOD,2018-07-09,1531148400
1840,R_55BKHeW1aOzYOUp,EARMUFF,2018-07-09,1531148400
1841,R_55BKHeW1aOzYOUp,TOY_FIGURE,2018-07-09,1531148400
1842,R_5uabKnJBMc7HyEN,SHOES,2018-07-09,1531148400
1843,R_5uabKnJBMc7HyEN,HARDWARE_CLAMP_VISE,2018-07-09,1531148400
1844,R_6Jw0sPgGkHLnKkp,SHOES,2018-07-09,1531148400
1845,R_6Jw0sPgGkHLnKkp,FRUIT_SNACK,2018-07-09,1531148400
1846,R_7ZH1uBNuL9RQ2K5,ASTRINGENT_SUBSTANCE,2018-07-09,1531148400
1847,R_7ZH1uBNuL9RQ2K5,PEST_CONTROL_DEVICE,2018-07-09,1531148400
1848,R_7ZH1uBNuL9RQ2K5,BAR_TOOL_SET,2018-07-09,1531148400
1849,R_7ZH1uBNuL9RQ2K5,SKIN_CLEANING_AGENT,2018-07-09,1531148400
1850,R_8CXcySQawXPuJwJ,ONE_PIECE_OUTFIT,2018-07-09,1531148400
1851,R_8CXcySQawXPuJwJ,ONE_PIECE_OUTFIT,2018-07-09,1531148400
1852,R_8CXcySQawXPuJwJ,SHOES,2018-07-09,1531148400
1853,R_8CXcySQawXPuJwJ,MEDICATION,2018-07-09,1531148400
1854,R_8CXcySQawXPuJwJ,SKIN_CLEANING_WIPE,2018-07-09,1531148400
1855,R_8CXcySQawXPuJwJ,HARDWARE_TUBING,2018-07-09,1531148400
1856,R_8CXcySQawXPuJwJ,MEDICATION,2018-07-09,1531148400
1857,R_8CXcySQawXPuJwJ,STROLLER,2018-07-09,1531148400
1858,R_8vnpSkm79W7Jsv7,PET_FOOD,2018-07-09,1531148400
1859,R_AEBbAiW2xdXI2at,MEDICATION,2018-07-09,1531148400
1860,R_AEBbAiW2xdXI2at,PEST_CONTROL_DEVICE,2018-07-09,1531148400
1861,R_BWhnv4EdbhSS6rf,WASTE_BAG,2018-07-09,1531148400
1862,R_BWhnv4EdbhSS6rf,SHOES,2018-07-09,1531148400
1863,R_Djcs43mP6ReoYgN,WALLPAPER,2018-07-09,1531148400
1864,R_OPfbKZtf2Azgit3,BARBECUE_TOOL_SET,2018-07-09,1531148400
1865,R_Qp7pqfzWe3Qmcrn,EARPLUG,2018-07-09,1531148400
1866,R_RK5cwWjrNzWCfLj,TOTE_BAG,2018-07-09,1531148400
1867,R_RlYyUhsDFvyGwX7,MINERAL_SUPPLEMENT,2018-07-09,1531148400
1868,R_Wr3OvD5tOnb6kmZ,PHYSICAL_MOVIE,2018-07-09,1531148400
1869,R_Y3TdYiBodZOLXlT,SCREEN_PROTECTOR,2018-07-09,1531148400
1870,R_YWC7NpQLctWlPVf,SHIRT,2018-07-09,1531148400
1871,R_b3NWnTBcFyWqXjH,SCREEN_PROTECTOR,2018-07-09,1531148400
1872,R_b3NWnTBcFyWqXjH,SCREWS,2018-07-09,1531148400
1873,R_b3dSUlk76L0C6TD,BATTERY,2018-07-09,1531148400
1874,R_b3dSUlk76L0C6TD,SKIN_CLEANING_AGENT,2018-07-09,1531148400
1875,R_b3dSUlk76L0C6TD,CHEWING_GUM,2018-07-09,1531148400
1876,R_b3dSUlk76L0C6TD,MICROPHONE_STAND,2018-07-09,1531148400
1877,R_b3dSUlk76L0C6TD,CELLULAR_PHONE_CASE,2018-07-09,1531148400
1878,R_b3dSUlk76L0C6TD,SCREEN_PROTECTOR,2018-07-09,1531148400
1879,R_b3dSUlk76L0C6TD,TOWEL,2018-07-09,1531148400
1880,R_b3dSUlk76L0C6TD,AREA_DEODORIZER,2018-07-09,1531148400
1881,R_b3dSUlk76L0C6TD,LIP_BALM,2018-07-09,1531148400
1882,R_b3dSUlk76L0C6TD,FISH,2018-07-09,1531148400
1883,R_b8UnkZJoU93ZxEB,SKIN_MOISTURIZER,2018-07-09,1531148400
1884,R_b8UnkZJoU93ZxEB,HEADPHONES,2018-07-09,1531148400
1885,R_puS9dcuNnDHSZ8Z,FURNITURE_EDGE_BUMPER,2018-07-09,1531148400
1886,R_puS9dcuNnDHSZ8Z,PIZZA,2018-07-09,1531148400
1887,R_pzMCRYrC0qiSwIF,ELECTRONIC_CABLE,2018-07-09,1531148400
1888,R_pzMCRYrC0qiSwIF,SHIRT,2018-07-09,1531148400
1889,R_pzMCRYrC0qiSwIF,SUNSCREEN,2018-07-09,1531148400
1890,R_pzMCRYrC0qiSwIF,GARLIC_PRESS,2018-07-09,1531148400
1891,R_sGohXmtT8TjLibT,HEALTH_PERSONAL_CARE,2018-07-09,1531148400
1892,R_sGohXmtT8TjLibT,SLOW_COOKER,2018-07-09,1531148400
1893,R_swfIN0JgX72IbMl,SCREEN_PROTECTOR,2018-07-09,1531148400
1894,R_u2EdYogSnJBrpex,FERTILIZER,2018-07-09,1531148400
1895,R_u2EdYogSnJBrpex,PHYSICAL_MOVIE,2018-07-09,1531148400
1896,R_xsyCKTazvY4vHbz,PITCHER,2018-07-09,1531148400
1897,R_yPgyGUixTuXuX5v,SNACK_FOOD_BAR,2018-07-09,1531148400
1898,R_z1mFB9Qp9HSTCIV,MEDICATION,2018-07-09,1531148400
1899,R_z1mFB9Qp9HSTCIV,VITAMIN,2018-07-09,1531148400
1900,R_zTf2i6s3E2OQZQR,ABIS_BOOK,2018-07-09,1531148400
1901,R_0c8VclJcriEXQqZ,BICYCLE_TRAINER,2018-07-10,1531234800
1902,R_0pRmRjHkwStzNQJ,COUNTERTOP_BURNER,2018-07-10,1531234800
1903,R_10TA7pCDmelHi5H,PANTS,2018-07-10,1531234800
1904,R_10TA7pCDmelHi5H,SHOES,2018-07-10,1531234800
1905,R_10TA7pCDmelHi5H,ABIS_DVD,2018-07-10,1531234800
1906,R_10TA7pCDmelHi5H,NETTING_COVER,2018-07-10,1531234800
1907,R_10TA7pCDmelHi5H,SHIRT,2018-07-10,1531234800
1908,R_10TA7pCDmelHi5H,PET_FOOD,2018-07-10,1531234800
1909,R_10TA7pCDmelHi5H,SCARF,2018-07-10,1531234800
1910,R_10TA7pCDmelHi5H,WEBCAM,2018-07-10,1531234800
1911,R_10TA7pCDmelHi5H,ELECTRONIC_CABLE,2018-07-10,1531234800
1912,R_10TA7pCDmelHi5H,WEBCAM,2018-07-10,1531234800
1913,R_10TA7pCDmelHi5H,PET_FOOD,2018-07-10,1531234800
1914,R_10TA7pCDmelHi5H,DAIRY_BASED_ICE_CREAM,2018-07-10,1531234800
1915,R_10YnFpDzlwQlmrX,TOYS_AND_GAMES,2018-07-10,1531234800
1916,R_11WUgIV4IWfGoDX,MEDICATION,2018-07-10,1531234800
1917,R_129jUlsvVcVBDur,PHYSICAL_MOVIE,2018-07-10,1531234800
1918,R_1C75XRebT1eliL0,SKIN_CLEANING_AGENT,2018-07-10,1531234800
1919,R_1C8w4NDDQC5fcgE,CHAIR_MAT,2018-07-10,1531234800
1920,R_1C8w4NDDQC5fcgE,SHOES,2018-07-10,1531234800
1921,R_1C9YUFD8GunlGej,PORTABLE_ELECTRONIC_DEVICE_COVER,2018-07-10,1531234800
1922,R_1E3TJBNJVtr3tcD,BATTERY,2018-07-10,1531234800
1923,R_1E3TJBNJVtr3tcD,DIGITAL_DEVICE_3,2018-07-10,1531234800
1924,R_1E3TJBNJVtr3tcD,CASSEROLES,2018-07-10,1531234800
1925,R_1E3TJBNJVtr3tcD,SNOW_CHAIN,2018-07-10,1531234800
1926,R_1E3TJBNJVtr3tcD,TOYS_AND_GAMES,2018-07-10,1531234800
1927,R_1E3TJBNJVtr3tcD,NOODLE,2018-07-10,1531234800
1928,R_1FJHvQm83j8lK35,HEADPHONES,2018-07-10,1531234800
1929,R_1GghoTNZdgUeySl,SCREEN_PROTECTOR,2018-07-10,1531234800
1930,R_1GghoTNZdgUeySl,SHIRT,2018-07-10,1531234800
1931,R_1GghoTNZdgUeySl,CELLULAR_PHONE_CASE,2018-07-10,1531234800
1932,R_1GghoTNZdgUeySl,HEADPHONES,2018-07-10,1531234800
1933,R_1GghoTNZdgUeySl,ELECTRONIC_CABLE,2018-07-10,1531234800
1934,R_1GghoTNZdgUeySl,STORAGE_COVER,2018-07-10,1531234800
1935,R_1GghoTNZdgUeySl,NUT_BUTTER,2018-07-10,1531234800
1936,R_1I4dnMKlrmtUP09,SNACK_FOOD_BAR,2018-07-10,1531234800
1937,R_1LIJDv6NDuvkCi4,SNORKELING_SET,2018-07-10,1531234800
1938,R_1LRR1P5IQqdSvIP,TOYS_AND_GAMES,2018-07-10,1531234800
1939,R_1LRR1P5IQqdSvIP,BLAZER,2018-07-10,1531234800
1940,R_1LRR1P5IQqdSvIP,SHIRT,2018-07-10,1531234800
1941,R_1NCzj2eSHI4QGcd,SNACK_FOOD_BAR,2018-07-10,1531234800
1942,R_1OlyKZYuQUE5Cgc,CLIPBOARD,2018-07-10,1531234800
1943,R_1OlyKZYuQUE5Cgc,SHOES,2018-07-10,1531234800
1944,R_1OlyKZYuQUE5Cgc,CELLULAR_PHONE_CASE,2018-07-10,1531234800
1945,R_1OlyKZYuQUE5Cgc,LAMP,2018-07-10,1531234800
1946,R_1OlyKZYuQUE5Cgc,TOYS_AND_GAMES,2018-07-10,1531234800
1947,R_1OlyKZYuQUE5Cgc,MEDICATION,2018-07-10,1531234800
1948,R_1OlyKZYuQUE5Cgc,ABIS_BOOK,2018-07-10,1531234800
1949,R_1Q9JeeKncbbLcz0,BICYCLE_LIGHT,2018-07-10,1531234800
1950,R_1Q9JeeKncbbLcz0,BICYCLE_LIGHT,2018-07-10,1531234800
1951,R_1Q9JeeKncbbLcz0,SCREEN_PROTECTOR,2018-07-10,1531234800
1952,R_1Q9JeeKncbbLcz0,MISC_WORLD_INSTRUMENTS,2018-07-10,1531234800
1953,R_1Q9JeeKncbbLcz0,ABIS_BOOK,2018-07-10,1531234800
1954,R_1Q9JeeKncbbLcz0,SKIN_CLEANING_AGENT,2018-07-10,1531234800
1955,R_1Q9JeeKncbbLcz0,STICKER_DECAL,2018-07-10,1531234800
1956,R_1Q9JeeKncbbLcz0,WEATHER_STATION,2018-07-10,1531234800
1957,R_1Q9JeeKncbbLcz0,MEDICATION,2018-07-10,1531234800
1958,R_1Q9JeeKncbbLcz0,CELLULAR_PHONE_CASE,2018-07-10,1531234800
1959,R_1Q9JeeKncbbLcz0,TOYS_AND_GAMES,2018-07-10,1531234800
1960,R_1Q9JeeKncbbLcz0,PET_FOOD,2018-07-10,1531234800
1961,R_1Q9JeeKncbbLcz0,SHIRT,2018-07-10,1531234800
1962,R_1Q9JeeKncbbLcz0,SURFACE_CLEANING_WIPE,2018-07-10,1531234800
1963,R_1QLfbB3Lho273wG,ASTRINGENT_SUBSTANCE,2018-07-10,1531234800
1964,R_1QLfbB3Lho273wG,AIR_COMPRESSOR,2018-07-10,1531234800
1965,R_1QLfbB3Lho273wG,SKIN_MOISTURIZER,2018-07-10,1531234800
1966,R_1dAhJdFXHV5xmMG,PANTS,2018-07-10,1531234800
1967,R_1dKBjc0UTA0ZiYb,DISHWASHER_DETERGENT,2018-07-10,1531234800
1968,R_1dlSByn2AyHWx7r,BATTERY,2018-07-10,1531234800
1969,R_1eLARPfQt7BNOE7,DECORATIVE_RIBBON_TRIM,2018-07-10,1531234800
1970,R_1eLARPfQt7BNOE7,SCREEN_PROTECTOR,2018-07-10,1531234800
1971,R_1eLARPfQt7BNOE7,EXERCISE_STEP_PLATFORM,2018-07-10,1531234800
1972,R_1eLARPfQt7BNOE7,FURNITURE_EDGE_BUMPER,2018-07-10,1531234800
1973,R_1gG5xibh48txT6f,SKIN_TREATMENT_MASK,2018-07-10,1531234800
1974,R_1gU6N4NRSwc9ONd,SNACK_MIX,2018-07-10,1531234800
1975,R_1gU6N4NRSwc9ONd,SCREEN_PROTECTOR,2018-07-10,1531234800
1976,R_1gU6N4NRSwc9ONd,PHYSICAL_MOVIE,2018-07-10,1531234800
1977,R_1gU6N4NRSwc9ONd,DRINK_FLAVORED,2018-07-10,1531234800
1978,R_1jZkLNE1JdtyVpH,PET_FOOD,2018-07-10,1531234800
1979,R_1jZkLNE1JdtyVpH,SKIN_CLEANING_AGENT,2018-07-10,1531234800
1980,R_1jZkLNE1JdtyVpH,TOYS_AND_GAMES,2018-07-10,1531234800
1981,R_1lxYa2W6GgcAQ19,SUGAR_CANDY,2018-07-10,1531234800
1982,R_1lxYa2W6GgcAQ19,PHYSICAL_TV_SERIES,2018-07-10,1531234800
1983,R_1lxYa2W6GgcAQ19,PET_FOOD,2018-07-10,1531234800
1984,R_1lxYa2W6GgcAQ19,SKEWER,2018-07-10,1531234800
1985,R_1lxYa2W6GgcAQ19,TUNIC,2018-07-10,1531234800
1986,R_1lxYa2W6GgcAQ19,PET_FOOD,2018-07-10,1531234800
1987,R_1lxYa2W6GgcAQ19,PHYSICAL_MOVIE,2018-07-10,1531234800
1988,R_1lxYa2W6GgcAQ19,TIMER,2018-07-10,1531234800
1989,R_1lxYa2W6GgcAQ19,HEALTH_PERSONAL_CARE,2018-07-10,1531234800
1990,R_1lxYa2W6GgcAQ19,PET_FOOD,2018-07-10,1531234800
1991,R_1lxYa2W6GgcAQ19,BATTERY,2018-07-10,1531234800
1992,R_1obwpb6iowh7vew,VITAMIN,2018-07-10,1531234800
1993,R_1obwpb6iowh7vew,REMOTE_CONTROL,2018-07-10,1531234800
1994,R_1pm2Wo5wrQSY0Gm,SHIRT,2018-07-10,1531234800
1995,R_1pm2Wo5wrQSY0Gm,UTILITY_SPONGE,2018-07-10,1531234800
1996,R_1rNf6ssFroMth4I,LAUNDRY_HAMPER,2018-07-10,1531234800
1997,R_22SxELlmhBQCe1C,WAIST_CINCHER,2018-07-10,1531234800
1998,R_22SxELlmhBQCe1C,VITAMIN,2018-07-10,1531234800
1999,R_248iRXgLLXgwGMZ,SCREEN_PROTECTOR,2018-07-10,1531234800
2000,R_24vf4xIuT0kGsZ3,CORE_PIT_REMOVER,2018-07-10,1531234800
2001,R_24vf4xIuT0kGsZ3,SNORKELING_SET,2018-07-10,1531234800
2002,R_273TMGuLM3jXisi,GROCERY,2018-07-10,1531234800
2003,R_27llfKLBUotowNk,PANTS,2018-07-10,1531234800
2004,R_28SckJ1LanzFPvD,WHEEL_CUTTER,2018-07-10,1531234800
2005,R_29tYnNf049lSPEe,POWERSPORTS_VEHICLE_PART,2018-07-10,1531234800
2006,R_2AGpSTOzeeHqMYd,BATTERY,2018-07-10,1531234800
2007,R_2AGpSTOzeeHqMYd,TOYS_AND_GAMES,2018-07-10,1531234800
2008,R_2ASBFgthVbaGlF3,DISPLAY_ALBUM,2018-07-10,1531234800
2009,R_2ASBFgthVbaGlF3,ART_CRAFT_KIT,2018-07-10,1531234800
2010,R_2Byb17bNJrQUQTo,TOYS_AND_GAMES,2018-07-10,1531234800
2011,R_2DXPyU9bPnWuZPM,SAW_BLADE,2018-07-10,1531234800
2012,R_2E9JSBmmNNT5YMi,SKIN_MOISTURIZER,2018-07-10,1531234800
2013,R_2QLMv0UtT8vuLkB,AUDIO_MIDI_INTERFACE,2018-07-10,1531234800
2014,R_2QLMv0UtT8vuLkB,COFFEE_MAKER,2018-07-10,1531234800
2015,R_2QM76i5yRebcpiD,INPUT_OUTPUT_CARD,2018-07-10,1531234800
2016,R_2Ser7goSgo0gVBj,PANTS,2018-07-10,1531234800
2017,R_2Ser7goSgo0gVBj,SKIN_MOISTURIZER,2018-07-10,1531234800
2018,R_2Y9fPhqa2Xf2QdZ,BODY_POSITIONER,2018-07-10,1531234800
2019,R_2Y9fPhqa2Xf2QdZ,LABEL,2018-07-10,1531234800
2020,R_2ZEQSnRGlS7ZscC,BARBECUE_GRILL,2018-07-10,1531234800
2021,R_2ZOgImZ5BSZcQoz,HEALTH_PERSONAL_CARE,2018-07-10,1531234800
2022,R_2ZTFfLAcuwm22Yh,SHIRT,2018-07-10,1531234800
2023,R_2ZTFfLAcuwm22Yh,BOOK,2018-07-10,1531234800
2024,R_2cvmrv8q51q8yh1,CELLULAR_PHONE_CASE,2018-07-10,1531234800
2025,R_2cvmrv8q51q8yh1,SCREEN_PROTECTOR,2018-07-10,1531234800
2026,R_2mAJniG0xVBIInL,SAUTE_FRY_PAN,2018-07-10,1531234800
2027,R_2q2hekIiutgInrE,PLANT_SEED,2018-07-10,1531234800
2028,R_2qD8ep8d313iLj4,DUFFEL_BAG,2018-07-10,1531234800
2029,R_2ugDyrE1yi1FjvH,BASKET,2018-07-10,1531234800
2030,R_2vYO5d3Ry8qjf5g,BATTERY,2018-07-10,1531234800
2031,R_2xLvxRKX2448l9k,TEMPORARY_GATE,2018-07-10,1531234800
2032,R_2xLvxRKX2448l9k,COAT,2018-07-10,1531234800
2033,R_2xLvxRKX2448l9k,SHIRT,2018-07-10,1531234800
2034,R_2ze9t15YGQDJxR3,INCONTINENCE_PROTECTOR,2018-07-10,1531234800
2035,R_2zl2FPoC5r6TsM6,BODY_LUBRICANT,2018-07-10,1531234800
2036,R_2zl2FPoC5r6TsM6,SKIN_CLEANING_AGENT,2018-07-10,1531234800
2037,R_31LyI2lVjeZ7OVi,ABIS_MUSIC,2018-07-10,1531234800
2038,R_325wNEypLBLRTf7,FERTILIZER,2018-07-10,1531234800
2039,R_32UZncFA03IrQwQ,MEDICATION,2018-07-10,1531234800
2040,R_32UZncFA03IrQwQ,ABIS_BOOK,2018-07-10,1531234800
2041,R_32UZncFA03IrQwQ,HAIR_TRIMMER,2018-07-10,1531234800
2042,R_33kcOqAkuOfPeI1,SCREEN_PROTECTOR,2018-07-10,1531234800
2043,R_3G1gYo1d23Zq8Np,ABIS_BOOK,2018-07-10,1531234800
2044,R_3Hphzg7zu04Hgy1,BATTERY,2018-07-10,1531234800
2045,R_3HvPXLfubbb9a6G,INPUT_PEN,2018-07-10,1531234800
2046,R_3HvPXLfubbb9a6G,NON_DAIRY_CREAM,2018-07-10,1531234800
2047,R_3HvPXLfubbb9a6G,ABIS_BOOK,2018-07-10,1531234800
2048,R_3HvPXLfubbb9a6G,TOYS_AND_GAMES,2018-07-10,1531234800
2049,R_3HvPXLfubbb9a6G,THREAD_CORD,2018-07-10,1531234800
2050,R_3HvPXLfubbb9a6G,BLUE_LIGHT_BLOCKING_EYEGLASSES,2018-07-10,1531234800
2051,R_3HvPXLfubbb9a6G,CUTTING_BOARD,2018-07-10,1531234800
2052,R_3HvPXLfubbb9a6G,HEALTH_PERSONAL_CARE,2018-07-10,1531234800
2053,R_3HvPXLfubbb9a6G,SCREEN_PROTECTOR,2018-07-10,1531234800
2054,R_3HvPXLfubbb9a6G,CUTTING_BOARD,2018-07-10,1531234800
2055,R_3HvPXLfubbb9a6G,BRASS_AND_WOODWIND_INSTRUMENTS,2018-07-10,1531234800
2056,R_3HvPXLfubbb9a6G,ENVELOPE,2018-07-10,1531234800
2057,R_3KpaTa6zCZitiZG,CORD_MANAGEMENT_COVER,2018-07-10,1531234800
2058,R_3M4EntiuPSB1ZJO,SKIN_MOISTURIZER,2018-07-10,1531234800
2059,R_3M4EntiuPSB1ZJO,HEALTH_PERSONAL_CARE,2018-07-10,1531234800
2060,R_3MtDVQQzrp3Cm8d,HEADPHONES,2018-07-10,1531234800
2061,R_3NFhCSnuJa54Jn3,VITAMIN,2018-07-10,1531234800
2062,R_3PcameSHVD10BZP,AIR_GUN_PROJECTILE,2018-07-10,1531234800
2063,R_3PcameSHVD10BZP,WRITING_INSTRUMENT,2018-07-10,1531234800
2064,R_3e82J7pYxj5XP7j,GROCERY,2018-07-10,1531234800
2065,R_3e82J7pYxj5XP7j,THREAD_CORD,2018-07-10,1531234800
2066,R_3emmbwwsXsxt4Oj,PET_FOOD,2018-07-10,1531234800
2067,R_3enuyEOsaEVxTNX,PHYSICAL_MOVIE,2018-07-10,1531234800
2068,R_3fB1NIeE1OGUd72,MANUAL_SHAVING_RAZOR,2018-07-10,1531234800
2069,R_3fB1NIeE1OGUd72,ANIMAL_FUR_CLEANER_CONDITIONER,2018-07-10,1531234800
2070,R_3fB1NIeE1OGUd72,FOOD_PROCESSOR,2018-07-10,1531234800
2071,R_3hsFBjto7aXqKY7,WHEEL_CUTTER,2018-07-10,1531234800
2072,R_3hsFBjto7aXqKY7,HANDBAG,2018-07-10,1531234800
2073,R_3iJyVGzX7fyajRz,TEETHER,2018-07-10,1531234800
2074,R_3n2VXT4Z99FpnEG,ORTHOPEDIC_BRACE,2018-07-10,1531234800
2075,R_3n2VXT4Z99FpnEG,PORTABLE_TOOL_BOX,2018-07-10,1531234800
2076,R_3nqGVGe1oo00hRC,TOYS_AND_GAMES,2018-07-10,1531234800
2077,R_3pm4Od2kUSXlZgY,SHOES,2018-07-10,1531234800
2078,R_3r26NAbVnDpIxzF,CELLULAR_PHONE_CASE,2018-07-10,1531234800
2079,R_6Jw0sPgGkHLnKkp,ELECTRONIC_CABLE,2018-07-10,1531234800
2080,R_6Jw0sPgGkHLnKkp,NUTRITIONAL_SUPPLEMENT,2018-07-10,1531234800
2081,R_6Jw0sPgGkHLnKkp,BED_LINEN_SET,2018-07-10,1531234800
2082,R_6RpwKYK0Mr2zKBH,KITCHEN_KNIFE,2018-07-10,1531234800
2083,R_6RpwKYK0Mr2zKBH,GROCERY,2018-07-10,1531234800
2084,R_6SbhJD23U5a2YJX,BED,2018-07-10,1531234800
2085,R_8CXcySQawXPuJwJ,PROTECTIVE_GLOVE,2018-07-10,1531234800
2086,R_8CXcySQawXPuJwJ,AREA_DEODORIZER,2018-07-10,1531234800
2087,R_8CXcySQawXPuJwJ,TOYS_AND_GAMES,2018-07-10,1531234800
2088,R_8CXcySQawXPuJwJ,MOP,2018-07-10,1531234800
2089,R_AEBbAiW2xdXI2at,CAMERA_OTHER_ACCESSORIES,2018-07-10,1531234800
2090,R_AEBbAiW2xdXI2at,CAMERA_OTHER_ACCESSORIES,2018-07-10,1531234800
2091,R_AEBbAiW2xdXI2at,SCREEN_PROTECTOR,2018-07-10,1531234800
2092,R_AM0OvM0F9kBvqal,MEDICATION,2018-07-10,1531234800
2093,R_AM0OvM0F9kBvqal,ANIMAL_LITTER,2018-07-10,1531234800
2094,R_Q4ZjTFeyiC5kgQV,ESSENTIAL_OIL,2018-07-10,1531234800
2095,R_Q4ZjTFeyiC5kgQV,SHIRT,2018-07-10,1531234800
2096,R_SIWNWQmjel55jzP,SKIN_CLEANING_AGENT,2018-07-10,1531234800
2097,R_UiGJcgWtDtZPfih,SHOES,2018-07-10,1531234800
2098,R_UiGJcgWtDtZPfih,PANTS,2018-07-10,1531234800
2099,R_UlOQHrMf1EiWKQx,PROTEIN_DRINK,2018-07-10,1531234800
2100,R_UlOQHrMf1EiWKQx,HEADPHONES,2018-07-10,1531234800
2101,R_ZytPZbOx6EtswkV,ELECTRICITY_GENERATOR,2018-07-10,1531234800
2102,R_bJI8lmXMZWL6oql,NUTRITIONAL_SUPPLEMENT,2018-07-10,1531234800
2103,R_bkquoGQp5VhpihP,SKIN_MOISTURIZER,2018-07-10,1531234800
2104,R_cCucjmijTJETC6d,HARDWARE_HANDLE,2018-07-10,1531234800
2105,R_ctNHcxd3vRvndXH,PHYSICAL_SOFTWARE,2018-07-10,1531234800
2106,R_ctNHcxd3vRvndXH,NUTRITIONAL_SUPPLEMENT,2018-07-10,1531234800
2107,R_eyQl26Pq4cq0Xmx,PET_FOOD,2018-07-10,1531234800
2108,R_eyQl26Pq4cq0Xmx,VITAMIN,2018-07-10,1531234800
2109,R_eyQl26Pq4cq0Xmx,NUTRITIONAL_SUPPLEMENT,2018-07-10,1531234800
2110,R_eyQl26Pq4cq0Xmx,VEHICLE_SCAN_TOOL,2018-07-10,1531234800
2111,R_eyQl26Pq4cq0Xmx,HEALTH_PERSONAL_CARE,2018-07-10,1531234800
2112,R_puS9dcuNnDHSZ8Z,NUTRITIONAL_SUPPLEMENT,2018-07-10,1531234800
2113,R_u94bdSj5JBe7WZb,PHYSICAL_MOVIE,2018-07-10,1531234800
2114,R_u9qeol6zlUcq13j,MEDICATION,2018-07-10,1531234800
2115,R_u9qeol6zlUcq13j,SNACK_FOOD_BAR,2018-07-10,1531234800
2116,R_u9qeol6zlUcq13j,SHELF,2018-07-10,1531234800
2117,R_u9qeol6zlUcq13j,SNACK_FOOD_BAR,2018-07-10,1531234800
2118,R_u9qeol6zlUcq13j,PERSONAL_FRAGRANCE,2018-07-10,1531234800
2119,R_u9qeol6zlUcq13j,TONG_UTENSIL,2018-07-10,1531234800
2120,R_u9qeol6zlUcq13j,SUGAR_SUBSTITUTE,2018-07-10,1531234800
2121,R_w5JAqptOytTan4J,TOOLS,2018-07-10,1531234800
2122,R_x0hVvTTXGQY9FRf,TOY_FIGURE_PLAYSET,2018-07-10,1531234800
2123,R_xc0AiqTlV5cTvZn,DOORSTOP,2018-07-10,1531234800
2124,R_xsyCKTazvY4vHbz,NETWORKING_DEVICE,2018-07-10,1531234800
2125,R_xsyCKTazvY4vHbz,SCREEN_PROTECTOR,2018-07-10,1531234800
2126,R_xsyCKTazvY4vHbz,SHIRT,2018-07-10,1531234800
2127,R_xsyCKTazvY4vHbz,ABIS_BOOK,2018-07-10,1531234800
2128,R_xzt7BAlQUA8iNyh,VITAMIN,2018-07-10,1531234800
2129,R_xzt7BAlQUA8iNyh,PUZZLES,2018-07-10,1531234800
2130,R_xzt7BAlQUA8iNyh,MEDICATION,2018-07-10,1531234800
2131,R_xzt7BAlQUA8iNyh,NAIL_POLISH,2018-07-10,1531234800
2132,R_xzt7BAlQUA8iNyh,AIR_CONDITIONER,2018-07-10,1531234800
2133,R_xzt7BAlQUA8iNyh,SKIN_MOISTURIZER,2018-07-10,1531234800
2134,R_xzt7BAlQUA8iNyh,MARKING_PEN,2018-07-10,1531234800
2135,R_xzt7BAlQUA8iNyh,NAIL_POLISH,2018-07-10,1531234800
2136,R_xzt7BAlQUA8iNyh,TOWEL,2018-07-10,1531234800
2137,R_xzt7BAlQUA8iNyh,TOWEL,2018-07-10,1531234800
2138,R_xzt7BAlQUA8iNyh,HEADPHONES,2018-07-10,1531234800
2139,R_xzt7BAlQUA8iNyh,POOL_COVER,2018-07-10,1531234800
2140,R_xzt7BAlQUA8iNyh,CELLULAR_PHONE_CASE,2018-07-10,1531234800
2141,R_yPgyGUixTuXuX5v,SHIRT,2018-07-10,1531234800
2142,R_yPgyGUixTuXuX5v,COMPUTER_COMPONENT,2018-07-10,1531234800
2143,R_yPgyGUixTuXuX5v,PET_FOOD,2018-07-10,1531234800
2144,R_yPgyGUixTuXuX5v,WEATHER_STATION,2018-07-10,1531234800
2145,R_0c8VclJcriEXQqZ,ELECTRONIC_CABLE,2018-07-11,1531321200
2146,R_10wSqGFumZGSTmH,CELLULAR_PHONE_CASE,2018-07-11,1531321200
2147,R_128UcvT7YzJpnZv,TOYS_AND_GAMES,2018-07-11,1531321200
2148,R_1BNwZP0DdTOa4rT,SNACK_FOOD_BAR,2018-07-11,1531321200
2149,R_1BNwZP0DdTOa4rT,PANTS,2018-07-11,1531321200
2150,R_1C75XRebT1eliL0,KITE,2018-07-11,1531321200
2151,R_1C75XRebT1eliL0,ABIS_BOOK,2018-07-11,1531321200
2152,R_1CDqTWLWIk642Vp,INKJET_PRINTER_INK,2018-07-11,1531321200
2153,R_1DOwHkGiX8DX7mF,CUFF_LINK,2018-07-11,1531321200
2154,R_1DOwHkGiX8DX7mF,PAPER_PRODUCT,2018-07-11,1531321200
2155,R_1GghoTNZdgUeySl,CHAINSAW_CHAIN,2018-07-11,1531321200
2156,R_1KxVDxZl2H0XoHS,SHOES,2018-07-11,1531321200
2157,R_1LMa9REuvUok05j,PHYSICAL_MOVIE,2018-07-11,1531321200
2158,R_1NCzj2eSHI4QGcd,HAIR_COLORING_AGENT,2018-07-11,1531321200
2159,R_1daE3vUDxFrSw4I,VITAMIN,2018-07-11,1531321200
2160,R_1dppjLIFEdj7Kq5,POTABLE_WATER_FILTER,2018-07-11,1531321200
2161,R_1dppjLIFEdj7Kq5,KEYCHAIN,2018-07-11,1531321200
2162,R_1exepO2lYqHFR9q,ROLLING_PAPER,2018-07-11,1531321200
2163,R_1exepO2lYqHFR9q,ORTHOPEDIC_BRACE,2018-07-11,1531321200
2164,R_1gU6N4NRSwc9ONd,HEALTH_PERSONAL_CARE,2018-07-11,1531321200
2165,R_1gwL8QZGzhV0g3G,MEASURING_CUP,2018-07-11,1531321200
2166,R_1gwL8QZGzhV0g3G,GROCERY,2018-07-11,1531321200
2167,R_1gwL8QZGzhV0g3G,ELECTRONIC_COMPONENT,2018-07-11,1531321200
2168,R_1jARg5bGH5uqAKW,KITCHEN,2018-07-11,1531321200
2169,R_1mEmb9jWLRYCU4e,PET_FOOD,2018-07-11,1531321200
2170,R_1mEmb9jWLRYCU4e,SHOES,2018-07-11,1531321200
2171,R_1mEmb9jWLRYCU4e,SCREEN_PROTECTOR,2018-07-11,1531321200
2172,R_1ouRfsTlr2iWPge,CARBURETOR,2018-07-11,1531321200
2173,R_1pu6yYPsuymsIIz,BLANK_BOOK,2018-07-11,1531321200
2174,R_1rlhYXAI77eUSbB,POOL_COVER,2018-07-11,1531321200
2175,R_1rq9oimamSF6rsF,MEDICATION,2018-07-11,1531321200
2176,R_1rq9oimamSF6rsF,GIFT_CARD,2018-07-11,1531321200
2177,R_1zVJnDAfoFLamOd,ABIS_BOOK,2018-07-11,1531321200
2178,R_1zVJnDAfoFLamOd,TOYS_AND_GAMES,2018-07-11,1531321200
2179,R_1zVJnDAfoFLamOd,SCREEN_PROTECTOR,2018-07-11,1531321200
2180,R_20V73ixsOYXCBbP,PANTS,2018-07-11,1531321200
2181,R_20V73ixsOYXCBbP,BABY_BOTTLE,2018-07-11,1531321200
2182,R_22mMopWqAj09mQc,TOYS_AND_GAMES,2018-07-11,1531321200
2183,R_23eD9Db68xpXl0d,SNACK_FOOD_BAR,2018-07-11,1531321200
2184,R_23eD9Db68xpXl0d,CELLULAR_PHONE_CASE,2018-07-11,1531321200
2185,R_23eD9Db68xpXl0d,BOXING_GLOVE,2018-07-11,1531321200
2186,R_23eD9Db68xpXl0d,FLAVORED_DRINK_CONCENTRATE,2018-07-11,1531321200
2187,R_23eD9Db68xpXl0d,PHYSICAL_MOVIE,2018-07-11,1531321200
2188,R_23eD9Db68xpXl0d,INPUT_MOUSE,2018-07-11,1531321200
2189,R_23eD9Db68xpXl0d,FOOD_STORAGE_BAG,2018-07-11,1531321200
2190,R_23eD9Db68xpXl0d,FIREPLACE,2018-07-11,1531321200
2191,R_23eD9Db68xpXl0d,FOOT_SCRAPER,2018-07-11,1531321200
2192,R_23eD9Db68xpXl0d,SKIN_MOISTURIZER,2018-07-11,1531321200
2193,R_24ubsh7FUCIQgTb,SAUCE,2018-07-11,1531321200
2194,R_25SbPPTyE45YzXP,TOYS_AND_GAMES,2018-07-11,1531321200
2195,R_25z5LHPaAsxktx7,PANTS,2018-07-11,1531321200
2196,R_25z5LHPaAsxktx7,COTTON_PAD,2018-07-11,1531321200
2197,R_27Nf8ImFlWu3J9O,EYEGLASS_FRAME,2018-07-11,1531321200
2198,R_2D1zydYR5SZ0LpK,COOKING_CONTAINER,2018-07-11,1531321200
2199,R_2EglJpTWGEiwQYa,TOYS_AND_GAMES,2018-07-11,1531321200
2200,R_2EglJpTWGEiwQYa,ELECTRONIC_CABLE,2018-07-11,1531321200
2201,R_2EglJpTWGEiwQYa,NUTRITIONAL_SUPPLEMENT,2018-07-11,1531321200
2202,R_2EglJpTWGEiwQYa,LEAF_BLOWER,2018-07-11,1531321200
2203,R_2Qu0fgUOnDpaKDH,MARKING_PEN,2018-07-11,1531321200
2204,R_2Qu0fgUOnDpaKDH,ANCHOR_STAKE,2018-07-11,1531321200
2205,R_2TEGPne2Cu1LmmT,SCREEN_PROTECTOR,2018-07-11,1531321200
2206,R_2TEGPne2Cu1LmmT,COSMETIC_CASE,2018-07-11,1531321200
2207,R_2WMQprO1e6US68f,FOOD_SMOKER,2018-07-11,1531321200
2208,R_2WMQprO1e6US68f,MEDICATION,2018-07-11,1531321200
2209,R_2WMQprO1e6US68f,ELECTRONIC_CABLE,2018-07-11,1531321200
2210,R_2WMQprO1e6US68f,HEADPHONES,2018-07-11,1531321200
2211,R_2WMQprO1e6US68f,SKIN_CLEANING_AGENT,2018-07-11,1531321200
2212,R_2WumP0iKDvwiM2r,HEALTH_PERSONAL_CARE,2018-07-11,1531321200
2213,R_2WwzM8WiFsk4o3g,TOYS_AND_GAMES,2018-07-11,1531321200
2214,R_2YR2Yn7wGzAeAj0,VIDEO_PROJECTOR,2018-07-11,1531321200
2215,R_2YR2Yn7wGzAeAj0,MARKING_PEN,2018-07-11,1531321200
2216,R_2aKrOq0DBielcig,PERSONAL_FRAGRANCE,2018-07-11,1531321200
2217,R_2aKrOq0DBielcig,CELLULAR_PHONE_CASE,2018-07-11,1531321200
2218,R_2dY2NzAgp2digAs,PET_FOOD,2018-07-11,1531321200
2219,R_2dY2NzAgp2digAs,GROCERY,2018-07-11,1531321200
2220,R_2dvh9tu7PLPeipE,VITAMIN,2018-07-11,1531321200
2221,R_2pWAVsUj7WsZHLs,VITAMIN,2018-07-11,1531321200
2222,R_2qD8ep8d313iLj4,SKIN_FOUNDATION_CONCEALER,2018-07-11,1531321200
2223,R_2rOPRiLTdvFrJFq,FLOUR,2018-07-11,1531321200
2224,R_2rOPRiLTdvFrJFq,SHIRT,2018-07-11,1531321200
2225,R_2rVp4uDv9fYIfdd,VACUUM_CLEANER_BAG,2018-07-11,1531321200
2226,R_2sbf0hqTGFb880u,PHYSICAL_MOVIE,2018-07-11,1531321200
2227,R_32UZncFA03IrQwQ,MEDICATION,2018-07-11,1531321200
2228,R_32UZncFA03IrQwQ,GROCERY,2018-07-11,1531321200
2229,R_33jcUkAZ8knoq82,ABIS_BOOK,2018-07-11,1531321200
2230,R_33jcUkAZ8knoq82,SPORT_EQUIPMENT_BAG_CASE,2018-07-11,1531321200
2231,R_3G1gYo1d23Zq8Np,ABRASIVE_BRUSH,2018-07-11,1531321200
2232,R_3GCXgWFPLgXAuFC,PANTS,2018-07-11,1531321200
2233,R_3GCXgWFPLgXAuFC,TOY_VEHICLE_SET,2018-07-11,1531321200
2234,R_3GCXgWFPLgXAuFC,SAUCE,2018-07-11,1531321200
2235,R_3J8UIMbwljBx6df,JAR,2018-07-11,1531321200
2236,R_3Jl5q6tZJctgL8B,SHOES,2018-07-11,1531321200
2237,R_3Jxiicg67etW2yt,GROCERY,2018-07-11,1531321200
2238,R_3KCUnPI9FEz7vTo,NUTRITIONAL_SUPPLEMENT,2018-07-11,1531321200
2239,R_3M3RSZ7wNRSaxNx,PHYSICAL_MOVIE,2018-07-11,1531321200
2240,R_3MMW2ivCFCtjHIe,HEADPHONES,2018-07-11,1531321200
2241,R_3MMW2ivCFCtjHIe,PLANTER,2018-07-11,1531321200
2242,R_3MncA46G8CO8juo,AIR_GUN,2018-07-11,1531321200
2243,R_3MncA46G8CO8juo,ABIS_BOOK,2018-07-11,1531321200
2244,R_3MncA46G8CO8juo,HEALTH_PERSONAL_CARE,2018-07-11,1531321200
2245,R_3MyEdXOZ8P75S1V,LEVEL,2018-07-11,1531321200
2246,R_3MyEdXOZ8P75S1V,ABIS_BOOK,2018-07-11,1531321200
2247,R_3PAyJj7mQvMzMco,PET_FOOD,2018-07-11,1531321200
2248,R_3PAyJj7mQvMzMco,BICYCLE_PEDAL,2018-07-11,1531321200
2249,R_3PAyJj7mQvMzMco,SCREEN_PROTECTOR,2018-07-11,1531321200
2250,R_3PAyJj7mQvMzMco,DESK_PAD,2018-07-11,1531321200
2251,R_3PjlivvZHpECDkS,BRA,2018-07-11,1531321200
2252,R_3PjlivvZHpECDkS,SNACK_FOOD_BAR,2018-07-11,1531321200
2253,R_3PjlivvZHpECDkS,UNDERGARMENT_THIGH_SLIMMER,2018-07-11,1531321200
2254,R_3g1vpqtwzgBUs93,SKIN_MOISTURIZER,2018-07-11,1531321200
2255,R_3gTrwWhEzAv6gzH,BATH_SAFETY_SEATING,2018-07-11,1531321200
2256,R_3gTrwWhEzAv6gzH,VITAMIN,2018-07-11,1531321200
2257,R_3h4JnsfebywTUxX,SHOES,2018-07-11,1531321200
2258,R_3h4JnsfebywTUxX,GROCERY,2018-07-11,1531321200
2259,R_3h4JnsfebywTUxX,THREAD_CORD,2018-07-11,1531321200
2260,R_3h4JnsfebywTUxX,DIGITAL_DEVICE_7,2018-07-11,1531321200
2261,R_3h4JnsfebywTUxX,ELECTRONIC_CABLE,2018-07-11,1531321200
2262,R_3hsFBjto7aXqKY7,BATTERY,2018-07-11,1531321200
2263,R_3ixOwXLuUfjiWS8,VITAMIN,2018-07-11,1531321200
2264,R_3jSAmu0UzDwnhQD,PHYSICAL_MOVIE,2018-07-11,1531321200
2265,R_3jSAmu0UzDwnhQD,HEADPHONES,2018-07-11,1531321200
2266,R_3jSAmu0UzDwnhQD,SKIN_MOISTURIZER,2018-07-11,1531321200
2267,R_3jSAmu0UzDwnhQD,TOYS_AND_GAMES,2018-07-11,1531321200
2268,R_3jSAmu0UzDwnhQD,ABIS_BOOK,2018-07-11,1531321200
2269,R_3jSAmu0UzDwnhQD,BRACELET,2018-07-11,1531321200
2270,R_3jSAmu0UzDwnhQD,TOYS_AND_GAMES,2018-07-11,1531321200
2271,R_3jSAmu0UzDwnhQD,CARD_DOCUMENT_SLEEVE,2018-07-11,1531321200
2272,R_3jSAmu0UzDwnhQD,ARTIFICIAL_PLANT,2018-07-11,1531321200
2273,R_3jSAmu0UzDwnhQD,ARTIFICIAL_PLANT,2018-07-11,1531321200
2274,R_3jSAmu0UzDwnhQD,TOILET_PAPER,2018-07-11,1531321200
2275,R_3m3H4mwZ2snYFua,SHIRT,2018-07-11,1531321200
2276,R_3n5zOvmozURNzXz,SHOES,2018-07-11,1531321200
2277,R_3n5zOvmozURNzXz,SOUS_VIDE_MACHINE,2018-07-11,1531321200
2278,R_3n5zOvmozURNzXz,HEALTH_PERSONAL_CARE,2018-07-11,1531321200
2279,R_3oO3DoeTgXHrEzx,PINBOARD,2018-07-11,1531321200
2280,R_3oO3DoeTgXHrEzx,BATTERY,2018-07-11,1531321200
2281,R_3p8Rjor8VyZP2Qp,MEAL_HOLDER,2018-07-11,1531321200
2282,R_3p8Rjor8VyZP2Qp,SKIN_FOUNDATION_CONCEALER,2018-07-11,1531321200
2283,R_3p8Rjor8VyZP2Qp,NUTRITIONAL_SUPPLEMENT,2018-07-11,1531321200
2284,R_3p8Rjor8VyZP2Qp,SHIRT,2018-07-11,1531321200
2285,R_3p8Rjor8VyZP2Qp,SHARP_PIN,2018-07-11,1531321200
2286,R_3pm4Od2kUSXlZgY,SNACK_FOOD_BAR,2018-07-11,1531321200
2287,R_3pm4Od2kUSXlZgY,GROCERY,2018-07-11,1531321200
2288,R_4ONrU60VenuwARr,HEADPHONES,2018-07-11,1531321200
2289,R_55BKHeW1aOzYOUp,MEDICAL_TEST_STRIP,2018-07-11,1531321200
2290,R_6Jw0sPgGkHLnKkp,SHOES,2018-07-11,1531321200
2291,R_6Jw0sPgGkHLnKkp,NECKLACE,2018-07-11,1531321200
2292,R_6Jw0sPgGkHLnKkp,EARRING,2018-07-11,1531321200
2293,R_85OdkeCoFP5daLL,ABIS_BOOK,2018-07-11,1531321200
2294,R_85OdkeCoFP5daLL,PANTS,2018-07-11,1531321200
2295,R_85OdkeCoFP5daLL,LITTER_BOX,2018-07-11,1531321200
2296,R_85OdkeCoFP5daLL,ABIS_BOOK,2018-07-11,1531321200
2297,R_85OdkeCoFP5daLL,CELLULAR_PHONE_CASE,2018-07-11,1531321200
2298,R_85OdkeCoFP5daLL,GROCERY,2018-07-11,1531321200
2299,R_85OdkeCoFP5daLL,BEAUTY,2018-07-11,1531321200
2300,R_85OdkeCoFP5daLL,SNACK_FOOD_BAR,2018-07-11,1531321200
2301,R_8CXcySQawXPuJwJ,TOYS_AND_GAMES,2018-07-11,1531321200
2302,R_8vnpSkm79W7Jsv7,SKIN_CLEANING_AGENT,2018-07-11,1531321200
2303,R_A5Mg9h1PiJL0Wyd,HAIR_STYLING_AGENT,2018-07-11,1531321200
2304,R_A5Mg9h1PiJL0Wyd,TOYS_AND_GAMES,2018-07-11,1531321200
2305,R_A5Mg9h1PiJL0Wyd,HEADPHONES,2018-07-11,1531321200
2306,R_ApVmIUhdKhewFtn,POTABLE_WATER_FILTER,2018-07-11,1531321200
2307,R_BWhnv4EdbhSS6rf,POPCORN_POPPER,2018-07-11,1531321200
2308,R_O9FzIlCvCxllJSN,SHIRT,2018-07-11,1531321200
2309,R_O9FzIlCvCxllJSN,NUTRITIONAL_SUPPLEMENT,2018-07-11,1531321200
2310,R_OMNSdX5mDbUEZNf,SKIN_FOUNDATION_CONCEALER,2018-07-11,1531321200
2311,R_OfntYUzw43qHbuF,SUSPENDER,2018-07-11,1531321200
2312,R_OfntYUzw43qHbuF,HEADPHONES,2018-07-11,1531321200
2313,R_OfntYUzw43qHbuF,BABY_PRODUCT,2018-07-11,1531321200
2314,R_OfntYUzw43qHbuF,ABRASIVE_WHEELS,2018-07-11,1531321200
2315,R_OfntYUzw43qHbuF,SHOES,2018-07-11,1531321200
2316,R_OfntYUzw43qHbuF,STANDALONE_STREAMING_MEDIA_PLAYER,2018-07-11,1531321200
2317,R_OfntYUzw43qHbuF,PHYSICAL_MOVIE,2018-07-11,1531321200
2318,R_OfntYUzw43qHbuF,FISHING_EQUIPMENT,2018-07-11,1531321200
2319,R_OfntYUzw43qHbuF,OPTICAL_DISC_DRIVE,2018-07-11,1531321200
2320,R_OfntYUzw43qHbuF,SHOES,2018-07-11,1531321200
2321,R_PXSF6lxCnUB8Pg5,HOME_LIGHTING_ACCESSORY,2018-07-11,1531321200
2322,R_Q4ZjTFeyiC5kgQV,CELLULAR_PHONE_CASE,2018-07-11,1531321200
2323,R_Q4ZjTFeyiC5kgQV,HEALTH_PERSONAL_CARE,2018-07-11,1531321200
2324,R_RaeWxaWjb7z8CLT,HEALTH_PERSONAL_CARE,2018-07-11,1531321200
2325,R_RaeWxaWjb7z8CLT,TOYS_AND_GAMES,2018-07-11,1531321200
2326,R_RaeWxaWjb7z8CLT,CELLULAR_PHONE_CASE,2018-07-11,1531321200
2327,R_UiGJcgWtDtZPfih,SKIN_CLEANING_AGENT,2018-07-11,1531321200
2328,R_YWC7NpQLctWlPVf,ELECTRIC_WATER_BOILER,2018-07-11,1531321200
2329,R_b8UnkZJoU93ZxEB,CURTAIN_SWAG_HOLDER,2018-07-11,1531321200
2330,R_b8UnkZJoU93ZxEB,PHYSICAL_MOVIE,2018-07-11,1531321200
2331,R_b8UnkZJoU93ZxEB,SHOES,2018-07-11,1531321200
2332,R_eyQl26Pq4cq0Xmx,HEADPHONES,2018-07-11,1531321200
2333,R_eyQl26Pq4cq0Xmx,MEDICATION,2018-07-11,1531321200
2334,R_puS9dcuNnDHSZ8Z,HAT,2018-07-11,1531321200
2335,R_r1qqClBL89aFjXP,APPAREL,2018-07-11,1531321200
2336,R_r1qqClBL89aFjXP,OUTDOOR_LIVING,2018-07-11,1531321200
2337,R_r1qqClBL89aFjXP,VITAMIN,2018-07-11,1531321200
2338,R_uqbcSq7y153jKmZ,SUGAR,2018-07-11,1531321200
2339,R_uqbcSq7y153jKmZ,PET_FOOD,2018-07-11,1531321200
2340,R_w5Z8BUS7nlDmvM5,ABIS_BOOK,2018-07-11,1531321200
2341,R_w5Z8BUS7nlDmvM5,SKIN_CLEANING_AGENT,2018-07-11,1531321200
2342,R_zfnsck2ZatnGtY5,SHOES,2018-07-11,1531321200
2343,R_zfnsck2ZatnGtY5,PANTS,2018-07-11,1531321200
2344,R_zfnsck2ZatnGtY5,ABIS_DVD,2018-07-11,1531321200
2345,R_zfnsck2ZatnGtY5,GRILL_SMOKER_COVER,2018-07-11,1531321200
2346,R_0icLDXwMGw8dAqd,TOTE_BAG,2018-07-12,1531407600
2347,R_0icLDXwMGw8dAqd,VITAMIN,2018-07-12,1531407600
2348,R_0icLDXwMGw8dAqd,SKIN_CLEANING_AGENT,2018-07-12,1531407600
2349,R_0icLDXwMGw8dAqd,SNACK_FOOD_BAR,2018-07-12,1531407600
2350,R_0icLDXwMGw8dAqd,GRAPHIC_TABLET,2018-07-12,1531407600
2351,R_12QFQ7lCIls8sRd,PET_FOOD,2018-07-12,1531407600
2352,R_12QFQ7lCIls8sRd,SNACK_FOOD_BAR,2018-07-12,1531407600
2353,R_1BNwZP0DdTOa4rT,HEADPHONES,2018-07-12,1531407600
2354,R_1C4tcyEfmcsKI9X,SKIN_MOISTURIZER,2018-07-12,1531407600
2355,R_1C4tcyEfmcsKI9X,PANTS,2018-07-12,1531407600
2356,R_1C4tcyEfmcsKI9X,SPORT_TABLE_GAME,2018-07-12,1531407600
2357,R_1C75XRebT1eliL0,TOYS_AND_GAMES,2018-07-12,1531407600
2358,R_1C9YUFD8GunlGej,SKIN_MOISTURIZER,2018-07-12,1531407600
2359,R_1C9YUFD8GunlGej,FISHING_ROD_REEL_COMBO,2018-07-12,1531407600
2360,R_1C9YUFD8GunlGej,SKIN_CLEANING_AGENT,2018-07-12,1531407600
2361,R_1C9YUFD8GunlGej,PHYSICAL_MOVIE,2018-07-12,1531407600
2362,R_1C9YUFD8GunlGej,SHIRT,2018-07-12,1531407600
2363,R_1C9YUFD8GunlGej,DRINK_FLAVORED,2018-07-12,1531407600
2364,R_1C9YUFD8GunlGej,PENCIL_SHARPENER,2018-07-12,1531407600
2365,R_1C9YUFD8GunlGej,SPRAY_BOTTLE,2018-07-12,1531407600
2366,R_1C9YUFD8GunlGej,DRINK_FLAVORED,2018-07-12,1531407600
2367,R_1C9YUFD8GunlGej,HEADPHONES,2018-07-12,1531407600
2368,R_1C9YUFD8GunlGej,BOTTLE_RACK,2018-07-12,1531407600
2369,R_1CjWIsByjtP0GxZ,PET_FOOD,2018-07-12,1531407600
2370,R_1ClqO4ZMDuwGjfl,SHOES,2018-07-12,1531407600
2371,R_1ClqO4ZMDuwGjfl,LUXURY_BEAUTY,2018-07-12,1531407600
2372,R_1ClqO4ZMDuwGjfl,DRINKING_CUP,2018-07-12,1531407600
2373,R_1DYWdbAMt6LyCZH,EYELID_COLOR,2018-07-12,1531407600
2374,R_1DYWdbAMt6LyCZH,SHIRT,2018-07-12,1531407600
2375,R_1IZrt5CyqgTg2Qe,TOYS_AND_GAMES,2018-07-12,1531407600
2376,R_1IZrt5CyqgTg2Qe,MUSICAL_INSTRUMENT_STRING,2018-07-12,1531407600
2377,R_1IZrt5CyqgTg2Qe,BATTERY,2018-07-12,1531407600
2378,R_1IZrt5CyqgTg2Qe,BEAUTY,2018-07-12,1531407600
2379,R_1KxVDxZl2H0XoHS,CORSET,2018-07-12,1531407600
2380,R_1KxVDxZl2H0XoHS,TOOTH_WHITENER,2018-07-12,1531407600
2381,R_1KxVDxZl2H0XoHS,FIRST_AID_KIT,2018-07-12,1531407600
2382,R_1Q9JeeKncbbLcz0,PET_FOOD,2018-07-12,1531407600
2383,R_1QupmKjSh9fA4l4,SHADE_SAIL,2018-07-12,1531407600
2384,R_1QupmKjSh9fA4l4,STOVETOP_KETTLE,2018-07-12,1531407600
2385,R_1QupmKjSh9fA4l4,LIGHT_FIXTURE,2018-07-12,1531407600
2386,R_1dAhJdFXHV5xmMG,BASKETBALL_HOOP,2018-07-12,1531407600
2387,R_1gU6N4NRSwc9ONd,DRINK_FLAVORED,2018-07-12,1531407600
2388,R_1gU6N4NRSwc9ONd,PULL_UP_BAR,2018-07-12,1531407600
2389,R_1gU6N4NRSwc9ONd,BATTERY,2018-07-12,1531407600
2390,R_1gU6N4NRSwc9ONd,DAIRY_BASED_CREAM,2018-07-12,1531407600
2391,R_1jZkLNE1JdtyVpH,ELECTRONIC_CABLE,2018-07-12,1531407600
2392,R_1kYuVPgjXmEfSf8,WRITING_BOARD,2018-07-12,1531407600
2393,R_1l6OglubZSTYfi3,NUTRITIONAL_SUPPLEMENT,2018-07-12,1531407600
2394,R_1lfNYOmsEIqOn65,PRESSURE_COOKER,2018-07-12,1531407600
2395,R_1lfNYOmsEIqOn65,HAT,2018-07-12,1531407600
2396,R_1lfNYOmsEIqOn65,DAILY_LIVING_AIDS,2018-07-12,1531407600
2397,R_1lfNYOmsEIqOn65,BAKING_PAN,2018-07-12,1531407600
2398,R_1lfNYOmsEIqOn65,PANTS,2018-07-12,1531407600
2399,R_1lsP2wqcavnlqNP,PET_FOOD,2018-07-12,1531407600
2400,R_1mEmb9jWLRYCU4e,SCREEN_PROTECTOR,2018-07-12,1531407600
2401,R_1mEmb9jWLRYCU4e,PET_FOOD,2018-07-12,1531407600
2402,R_20O6baqxT4T2CbA,VALVE,2018-07-12,1531407600
2403,R_210tLKdUbUZuf7O,TOYS_AND_GAMES,2018-07-12,1531407600
2404,R_210tLKdUbUZuf7O,LANDLINE_PHONE,2018-07-12,1531407600
2405,R_22LhWfg76oW592Y,NUTRITIONAL_SUPPLEMENT,2018-07-12,1531407600
2406,R_22LhWfg76oW592Y,PANTS,2018-07-12,1531407600
2407,R_22LhWfg76oW592Y,DRIP_IRRIGATION_KIT,2018-07-12,1531407600
2408,R_22QYpfx86KSwry8,FOOTWEAR_CARE_KIT,2018-07-12,1531407600
2409,R_22QYpfx86KSwry8,HAIR_COMB,2018-07-12,1531407600
2410,R_24bE9NTxiBf6v2b,TOYS_AND_GAMES,2018-07-12,1531407600
2411,R_24bE9NTxiBf6v2b,SNACK_FOOD_BAR,2018-07-12,1531407600
2412,R_24csoaO569P4Yzz,ELECTRONIC_CABLE,2018-07-12,1531407600
2413,R_24csoaO569P4Yzz,SIM_CARD,2018-07-12,1531407600
2414,R_25z5LHPaAsxktx7,DRINKING_CUP,2018-07-12,1531407600
2415,R_25z5LHPaAsxktx7,HEALTH_PERSONAL_CARE,2018-07-12,1531407600
2416,R_27B5jMHYqArQV6X,PHYSICAL_TV_SERIES,2018-07-12,1531407600
2417,R_29uBVByYo0xAXiZ,PET_TOY,2018-07-12,1531407600
2418,R_2E5XCpTY2B5ZQ1f,ABIS_BOOK,2018-07-12,1531407600
2419,R_2Qu0fgUOnDpaKDH,TENT,2018-07-12,1531407600
2420,R_2Qu0fgUOnDpaKDH,PANTS,2018-07-12,1531407600
2421,R_2Qu0fgUOnDpaKDH,TENT,2018-07-12,1531407600
2422,R_2SksQStmmNpRaiB,ABIS_BOOK,2018-07-12,1531407600
2423,R_2SksQStmmNpRaiB,MATTRESS_COVER,2018-07-12,1531407600
2424,R_2SksQStmmNpRaiB,SCREEN_PROTECTOR,2018-07-12,1531407600
2425,R_2SksQStmmNpRaiB,ABIS_KITCHEN,2018-07-12,1531407600
2426,R_2UVhfjk1qQb6KI5,ABIS_BOOK,2018-07-12,1531407600
2427,R_2UVhfjk1qQb6KI5,PHYSICAL_MOVIE,2018-07-12,1531407600
2428,R_2XoI6KbLJRGFz5X,TOYS_AND_GAMES,2018-07-12,1531407600
2429,R_2XoI6KbLJRGFz5X,SKIN_CLEANING_AGENT,2018-07-12,1531407600
2430,R_2XoI6KbLJRGFz5X,HEADPHONES,2018-07-12,1531407600
2431,R_2YKPfnktaDrPIYT,HEADPHONES,2018-07-12,1531407600
2432,R_2YKPfnktaDrPIYT,GARMENT_PROTECTOR_COVER,2018-07-12,1531407600
2433,R_2YKPfnktaDrPIYT,MAKEUP_PRIMER,2018-07-12,1531407600
2434,R_2YVQQRVSdj7M8Va,BRA,2018-07-12,1531407600
2435,R_2YzwllA3OWyo30M,BEAUTY,2018-07-12,1531407600
2436,R_2YzwllA3OWyo30M,BOTTLE_STOPPER,2018-07-12,1531407600
2437,R_2ZTFfLAcuwm22Yh,SKIN_CLEANING_AGENT,2018-07-12,1531407600
2438,R_2ary1I4SkdMpWws,SKIN_CLEANING_AGENT,2018-07-12,1531407600
2439,R_2ary1I4SkdMpWws,PET_FOOD,2018-07-12,1531407600
2440,R_2cBADxleVyzT89z,CAPO,2018-07-12,1531407600
2441,R_2cvmrv8q51q8yh1,NUTRITIONAL_SUPPLEMENT,2018-07-12,1531407600
2442,R_2dEe5MXA0pGB5Fr,ORTHOPEDIC_BRACE,2018-07-12,1531407600
2443,R_2dEe5MXA0pGB5Fr,CELLULAR_PHONE_CASE,2018-07-12,1531407600
2444,R_2eaIHfPqBAh3Zqa,OTTOMAN,2018-07-12,1531407600
2445,R_2eaIHfPqBAh3Zqa,ELECTRONIC_CABLE,2018-07-12,1531407600
2446,R_2eaIHfPqBAh3Zqa,PET_FOOD,2018-07-12,1531407600
2447,R_2fD6Jy2muMgaubH,ABIS_BOOK,2018-07-12,1531407600
2448,R_2tfHzrdo6EEaiWi,RICE_COOKERS,2018-07-12,1531407600
2449,R_2tfHzrdo6EEaiWi,SURFACE_PROTECTION_WAX,2018-07-12,1531407600
2450,R_2uPcQuKixR5S2ZO,CAMCORDER,2018-07-12,1531407600
2451,R_2uPcQuKixR5S2ZO,SUGAR_CANDY,2018-07-12,1531407600
2452,R_2wFa9HKdZRkx33l,PHYSICAL_MOVIE,2018-07-12,1531407600
2453,R_2wmLE1q4FIpfioi,RUG,2018-07-12,1531407600
2454,R_2wmLE1q4FIpfioi,GROCERY,2018-07-12,1531407600
2455,R_2wmLE1q4FIpfioi,WALL_PLATE,2018-07-12,1531407600
2456,R_2wmLE1q4FIpfioi,PHYSICAL_MOVIE,2018-07-12,1531407600
2457,R_2wmLE1q4FIpfioi,TUNIC,2018-07-12,1531407600
2458,R_2wmLE1q4FIpfioi,BLANKET,2018-07-12,1531407600
2459,R_2yplkUxhAWZaFUL,PET_FOOD,2018-07-12,1531407600
2460,R_325wPQDFbzpv3zZ,CHAIR_MAT,2018-07-12,1531407600
2461,R_32UZncFA03IrQwQ,HEALTH_PERSONAL_CARE,2018-07-12,1531407600
2462,R_3CKmnc9zwNPauw5,PHYSICAL_MOVIE,2018-07-12,1531407600
2463,R_3CKmnc9zwNPauw5,VITAMIN,2018-07-12,1531407600
2464,R_3GiSNq0yPsXSvhf,RAW_MATERIALS,2018-07-12,1531407600
2465,R_3GiSNq0yPsXSvhf,HEALTH_PERSONAL_CARE,2018-07-12,1531407600
2466,R_3GiSNq0yPsXSvhf,NUTRITIONAL_SUPPLEMENT,2018-07-12,1531407600
2467,R_3GiSNq0yPsXSvhf,FUEL_FILTER,2018-07-12,1531407600
2468,R_3GiSNq0yPsXSvhf,COLLAPSIBLE_PLAY_STRUCTURE,2018-07-12,1531407600
2469,R_3GiSNq0yPsXSvhf,SHOES,2018-07-12,1531407600
2470,R_3GiSNq0yPsXSvhf,CLEANING_BRUSH,2018-07-12,1531407600
2471,R_3GiSNq0yPsXSvhf,SKIN_CLEANING_AGENT,2018-07-12,1531407600
2472,R_3GiSNq0yPsXSvhf,ELECTRONIC_CABLE,2018-07-12,1531407600
2473,R_3GiSNq0yPsXSvhf,SHOES,2018-07-12,1531407600
2474,R_3GiSNq0yPsXSvhf,PHYSICAL_MOVIE,2018-07-12,1531407600
2475,R_3GiSNq0yPsXSvhf,COMPUTER_DRIVE_OR_STORAGE,2018-07-12,1531407600
2476,R_3GiSNq0yPsXSvhf,COMPUTER_DRIVE_OR_STORAGE,2018-07-12,1531407600
2477,R_3GqfePl8gH1VWP1,SHOES,2018-07-12,1531407600
2478,R_3Hphzg7zu04Hgy1,HEALTH_PERSONAL_CARE,2018-07-12,1531407600
2479,R_3Hphzg7zu04Hgy1,NUTRITIONAL_SUPPLEMENT,2018-07-12,1531407600
2480,R_3Jl5q6tZJctgL8B,BAKEWARE_SET,2018-07-12,1531407600
2481,R_3Jl5q6tZJctgL8B,PHYSICAL_VIDEO_GAME_SOFTWARE,2018-07-12,1531407600
2482,R_3Jl5q6tZJctgL8B,UTILITY_HOLSTER_POUCH,2018-07-12,1531407600
2483,R_3Jl5q6tZJctgL8B,HEADPHONES,2018-07-12,1531407600
2484,R_3Jl5q6tZJctgL8B,KETTLEBELL,2018-07-12,1531407600
2485,R_3Jl5q6tZJctgL8B,GROCERY,2018-07-12,1531407600
2486,R_3Jl5q6tZJctgL8B,UTILITY_HOLSTER_POUCH,2018-07-12,1531407600
2487,R_3JnjKsPAuFGDhrx,SUGAR_CANDY,2018-07-12,1531407600
2488,R_3Jxiicg67etW2yt,SHIRT,2018-07-12,1531407600
2489,R_3L8dgu12mdk2UVH,VITAMIN,2018-07-12,1531407600
2490,R_3L8dgu12mdk2UVH,PHYSICAL_MOVIE,2018-07-12,1531407600
2491,R_3L8dgu12mdk2UVH,HERBAL_SUPPLEMENT,2018-07-12,1531407600
2492,R_3M3RSZ7wNRSaxNx,SHIRT,2018-07-12,1531407600
2493,R_3MMW2ivCFCtjHIe,BAKING_PAN,2018-07-12,1531407600
2494,R_3Mc9nZhk6fg7b8z,LIGHT_FIXTURE,2018-07-12,1531407600
2495,R_3Mc9nZhk6fg7b8z,BATTERY,2018-07-12,1531407600
2496,R_3Mc9nZhk6fg7b8z,LEASH,2018-07-12,1531407600
2497,R_3Mc9nZhk6fg7b8z,WALL_PLATE,2018-07-12,1531407600
2498,R_3PAyJj7mQvMzMco,PET_SUPPLIES,2018-07-12,1531407600
2499,R_3PAyJj7mQvMzMco,CAMERA_CONTINUOUS_LIGHT,2018-07-12,1531407600
2500,R_3PAyJj7mQvMzMco,TOY_BUILDING_BLOCK,2018-07-12,1531407600
2501,R_3PaGuwKhYPfHa15,HAIR_COLORING_AGENT,2018-07-12,1531407600
2502,R_3emmbwwsXsxt4Oj,PHYSICAL_MOVIE,2018-07-12,1531407600
2503,R_3ixUxNOUiEYD7KJ,SKIN_CLEANING_AGENT,2018-07-12,1531407600
2504,R_3ixUxNOUiEYD7KJ,SKIN_CLEANING_AGENT,2018-07-12,1531407600
2505,R_3iydBpfsKD9jRTq,LITTER_BOX,2018-07-12,1531407600
2506,R_3mm166mlwrLpf6y,PLANTER,2018-07-12,1531407600
2507,R_3pm4Od2kUSXlZgY,SHIRT,2018-07-12,1531407600
2508,R_3pm4Od2kUSXlZgY,HEALTH_PERSONAL_CARE,2018-07-12,1531407600
2509,R_3qTFp0FJqUeMhVZ,SCREEN_PROTECTOR,2018-07-12,1531407600
2510,R_3qTFp0FJqUeMhVZ,GROCERY,2018-07-12,1531407600
2511,R_3rZHdmB75jSgwhr,APPAREL_HEAD_NECK_COVERING,2018-07-12,1531407600
2512,R_3sBz3iR6jcNfJzt,PIERCING_JEWELRY,2018-07-12,1531407600
2513,R_6Jw0sPgGkHLnKkp,NAIL_POLISH_BRUSH,2018-07-12,1531407600
2514,R_6Jw0sPgGkHLnKkp,ABRASIVES,2018-07-12,1531407600
2515,R_6Jw0sPgGkHLnKkp,CONDITIONER,2018-07-12,1531407600
2516,R_6Jw0sPgGkHLnKkp,HOUSEHOLD_VARNISH,2018-07-12,1531407600
2517,R_6fzbeTqbnF0kBih,SHOES,2018-07-12,1531407600
2518,R_6fzbeTqbnF0kBih,CHARGING_ADAPTER,2018-07-12,1531407600
2519,R_6fzbeTqbnF0kBih,NUTRITIONAL_SUPPLEMENT,2018-07-12,1531407600
2520,R_6fzbeTqbnF0kBih,PORTABLE_ELECTRONIC_DEVICE_COVER,2018-07-12,1531407600
2521,R_6gwxeBuC9V7nKsF,SKIN_MOISTURIZER,2018-07-12,1531407600
2522,R_85OdkeCoFP5daLL,SPIRITS,2018-07-12,1531407600
2523,R_85OdkeCoFP5daLL,VITAMIN,2018-07-12,1531407600
2524,R_85OdkeCoFP5daLL,SANDAL,2018-07-12,1531407600
2525,R_85OdkeCoFP5daLL,SCARF,2018-07-12,1531407600
2526,R_8CXcySQawXPuJwJ,SKIN_MOISTURIZER,2018-07-12,1531407600
2527,R_8CXcySQawXPuJwJ,SPORT_ACTIVITY_GLOVE,2018-07-12,1531407600
2528,R_8vnpSkm79W7Jsv7,PERSONAL_PILL_DISPENSER,2018-07-12,1531407600
2529,R_A5Mg9h1PiJL0Wyd,PLAY_SLIDE,2018-07-12,1531407600
2530,R_AKBlDprDMrv4M7v,HARDWARE_HANDLE,2018-07-12,1531407600
2531,R_AKBlDprDMrv4M7v,OUTDOOR_LIVING,2018-07-12,1531407600
2532,R_AM0OvM0F9kBvqal,ABIS_BOOK,2018-07-12,1531407600
2533,R_AM0OvM0F9kBvqal,PANTS,2018-07-12,1531407600
2534,R_AM0OvM0F9kBvqal,CLOTHES_HANGER,2018-07-12,1531407600
2535,R_Ap2HcvpPLRDJv9L,CYCLING_TIRE,2018-07-12,1531407600
2536,R_BWhnv4EdbhSS6rf,SWIMWEAR,2018-07-12,1531407600
2537,R_BWhnv4EdbhSS6rf,SNACK_FOOD_BAR,2018-07-12,1531407600
2538,R_BWhnv4EdbhSS6rf,SHIRT,2018-07-12,1531407600
2539,R_C3LfLBkg9TFvQnD,SHIRT,2018-07-12,1531407600
2540,R_Cgbr25P8IQSFnr3,SWEATBAND,2018-07-12,1531407600
2541,R_Cgbr25P8IQSFnr3,ABIS_BOOK,2018-07-12,1531407600
2542,R_Cgbr25P8IQSFnr3,SEAFOOD,2018-07-12,1531407600
2543,R_Cgbr25P8IQSFnr3,ART_CRAFT_KIT,2018-07-12,1531407600
2544,R_O9FzIlCvCxllJSN,GROCERY,2018-07-12,1531407600
2545,R_O9FzIlCvCxllJSN,HEALTH_PERSONAL_CARE,2018-07-12,1531407600
2546,R_OkSi9IxX5ddzzl7,NUTRITIONAL_SUPPLEMENT,2018-07-12,1531407600
2547,R_VKZzr77ll29A1iN,VEHICLE_BUMPER,2018-07-12,1531407600
2548,R_VKZzr77ll29A1iN,SHIRT,2018-07-12,1531407600
2549,R_VKZzr77ll29A1iN,ABIS_BOOK,2018-07-12,1531407600
2550,R_VKZzr77ll29A1iN,TEA,2018-07-12,1531407600
2551,R_XwiCirQyfwJzVtv,PIERCING_JEWELRY,2018-07-12,1531407600
2552,R_XwiCirQyfwJzVtv,SHOES,2018-07-12,1531407600
2553,R_XwiCirQyfwJzVtv,INKJET_PRINTER_INK,2018-07-12,1531407600
2554,R_XwiCirQyfwJzVtv,MATTRESS_COVER,2018-07-12,1531407600
2555,R_YWC7NpQLctWlPVf,PACKING_MATERIAL,2018-07-12,1531407600
2556,R_cAcAtozIWnZIbGp,TOYS_AND_GAMES,2018-07-12,1531407600
2557,R_snaR9M3EsTpcPi9,ABIS_BOOK,2018-07-12,1531407600
2558,R_snaR9M3EsTpcPi9,HAT,2018-07-12,1531407600
2559,R_snaR9M3EsTpcPi9,WIRELESS_AUDIO_ADAPTER,2018-07-12,1531407600
2560,R_snaR9M3EsTpcPi9,THERMOMETER,2018-07-12,1531407600
2561,R_snaR9M3EsTpcPi9,SKIN_CLEANING_AGENT,2018-07-12,1531407600
2562,R_snaR9M3EsTpcPi9,SWIMWEAR,2018-07-12,1531407600
2563,R_snaR9M3EsTpcPi9,STANDALONE_STREAMING_MEDIA_PLAYER,2018-07-12,1531407600
2564,R_snaR9M3EsTpcPi9,WEIGH_SCALE,2018-07-12,1531407600
2565,R_sqjjAsz7GATggo1,ELECTRONIC_ADAPTER,2018-07-12,1531407600
2566,R_sqjjAsz7GATggo1,POPCORN_POPPER,2018-07-12,1531407600
2567,R_tXHOaasrDjYwLO9,HEALTH_PERSONAL_CARE,2018-07-12,1531407600
2568,R_tXHOaasrDjYwLO9,HEADPHONES,2018-07-12,1531407600
2569,R_u9qeol6zlUcq13j,ABIS_BOOK,2018-07-12,1531407600
2570,R_vcsfXNFhlnqxtYd,PANTS,2018-07-12,1531407600
2571,R_w5JAqptOytTan4J,SKIN_SERUM,2018-07-12,1531407600
2572,R_w5bE96azoKnM6Ih,JEWELRY,2018-07-12,1531407600
2573,R_w5bE96azoKnM6Ih,TABLETOP_GAME,2018-07-12,1531407600
2574,R_w5bE96azoKnM6Ih,DRINKING_CUP,2018-07-12,1531407600
2575,R_w5bE96azoKnM6Ih,COAT,2018-07-12,1531407600
2576,R_x0hVvTTXGQY9FRf,BED_RAIL,2018-07-12,1531407600
2577,R_xGwDp6qu8JCFdIJ,NAVIGATION_COMPASS,2018-07-12,1531407600
2578,R_xsyCKTazvY4vHbz,SCREEN_PROTECTOR,2018-07-12,1531407600
2579,R_xzt7BAlQUA8iNyh,HEALTH_PERSONAL_CARE,2018-07-12,1531407600
2580,R_xzt7BAlQUA8iNyh,TRANSFORMER,2018-07-12,1531407600
2581,R_xzt7BAlQUA8iNyh,PROTECTIVE_GLOVE,2018-07-12,1531407600
2582,R_xzt7BAlQUA8iNyh,MEDICATION,2018-07-12,1531407600
2583,R_xzt7BAlQUA8iNyh,PUMP_DISPENSER,2018-07-12,1531407600
2584,R_xzt7BAlQUA8iNyh,TOYS_AND_GAMES,2018-07-12,1531407600
2585,R_xzt7BAlQUA8iNyh,ASTRINGENT_SUBSTANCE,2018-07-12,1531407600
2586,R_xzt7BAlQUA8iNyh,PUMP_DISPENSER,2018-07-12,1531407600
2587,R_xzt7BAlQUA8iNyh,ABIS_BOOK,2018-07-12,1531407600
2588,R_yJz6aXbKddNbgZz,SNACK_FOOD_BAR,2018-07-12,1531407600
2589,R_zTf2i6s3E2OQZQR,PET_FOOD,2018-07-12,1531407600
2590,R_0f8u2tSB99LkgCt,SKIN_MOISTURIZER,2018-07-13,1531494000
2591,R_0f8u2tSB99LkgCt,GROCERY,2018-07-13,1531494000
2592,R_10MFxyIhsIDW0nP,ABIS_BOOK,2018-07-13,1531494000
2593,R_10MFxyIhsIDW0nP,VITAMIN,2018-07-13,1531494000
2594,R_10uU7A3PqkL1i0o,GROCERY,2018-07-13,1531494000
2595,R_1C4nKyrv0w2thJn,NUTRITIONAL_SUPPLEMENT,2018-07-13,1531494000
2596,R_1C4nKyrv0w2thJn,FLAVORED_DRINK_CONCENTRATE,2018-07-13,1531494000
2597,R_1C4nKyrv0w2thJn,FLAVORED_DRINK_CONCENTRATE,2018-07-13,1531494000
2598,R_1C4nKyrv0w2thJn,TOYS_AND_GAMES,2018-07-13,1531494000
2599,R_1C8w4NDDQC5fcgE,SEEDS_AND_PLANTS,2018-07-13,1531494000
2600,R_1C9YUFD8GunlGej,TOY_FIGURE,2018-07-13,1531494000
2601,R_1C9YUFD8GunlGej,KEYBOARD_MOUSE_SET,2018-07-13,1531494000
2602,R_1C9YUFD8GunlGej,ANIMAL_LITTER,2018-07-13,1531494000
2603,R_1C9YUFD8GunlGej,BICYCLE_CARGO_RACK,2018-07-13,1531494000
2604,R_1C9YUFD8GunlGej,ELECTRONIC_CABLE,2018-07-13,1531494000
2605,R_1DOwHkGiX8DX7mF,SKIN_MOISTURIZER,2018-07-13,1531494000
2606,R_1DOwHkGiX8DX7mF,SCREEN_PROTECTOR,2018-07-13,1531494000
2607,R_1FJHvQm83j8lK35,TOOTHBRUSH,2018-07-13,1531494000
2608,R_1FJHvQm83j8lK35,TOYS_AND_GAMES,2018-07-13,1531494000
2609,R_1FJHvQm83j8lK35,PET_FOOD,2018-07-13,1531494000
2610,R_1FJHvQm83j8lK35,MOUNTED_STORAGE_SYSTEM_KIT,2018-07-13,1531494000
2611,R_1GghoTNZdgUeySl,COFFEE,2018-07-13,1531494000
2612,R_1Hena1rUph3TnA3,SPORT_TARGET,2018-07-13,1531494000
2613,R_1I4dnMKlrmtUP09,BATTERY,2018-07-13,1531494000
2614,R_1I4dnMKlrmtUP09,GASKETS,2018-07-13,1531494000
2615,R_1I4dnMKlrmtUP09,PHYSICAL_MOVIE,2018-07-13,1531494000
2616,R_1KxVDxZl2H0XoHS,PHYSICAL_MOVIE,2018-07-13,1531494000
2617,R_1Xhiz3TBoe2gQdH,CADDY,2018-07-13,1531494000
2618,R_1Xhiz3TBoe2gQdH,TUNIC,2018-07-13,1531494000
2619,R_1Xhiz3TBoe2gQdH,PHYSICAL_MOVIE,2018-07-13,1531494000
2620,R_1Xhiz3TBoe2gQdH,ELECTRONIC_CABLE,2018-07-13,1531494000
2621,R_1Xhiz3TBoe2gQdH,NUTRITIONAL_SUPPLEMENT,2018-07-13,1531494000
2622,R_1Xhiz3TBoe2gQdH,SHIRT,2018-07-13,1531494000
2623,R_1dlSByn2AyHWx7r,PANTS,2018-07-13,1531494000
2624,R_1gU6N4NRSwc9ONd,SKIN_CLEANING_AGENT,2018-07-13,1531494000
2625,R_1gwL8QZGzhV0g3G,PHYSICAL_MOVIE,2018-07-13,1531494000
2626,R_1jUqdfR1Zz6mZMf,TOILET_PAPER,2018-07-13,1531494000
2627,R_1jUqdfR1Zz6mZMf,ABIS_BOOK,2018-07-13,1531494000
2628,R_1jUqdfR1Zz6mZMf,HANDBAG,2018-07-13,1531494000
2629,R_1jUqdfR1Zz6mZMf,SKIN_CLEANING_AGENT,2018-07-13,1531494000
2630,R_1jdLI5cWhAhAzSB,NUTRITIONAL_SUPPLEMENT,2018-07-13,1531494000
2631,R_1kIbViWVBImEaHV,COUNTERTOP_BURNER,2018-07-13,1531494000
2632,R_1kIbViWVBImEaHV,HEALTH_PERSONAL_CARE,2018-07-13,1531494000
2633,R_1kIbViWVBImEaHV,PLAY_SLIDE,2018-07-13,1531494000
2634,R_1mEmb9jWLRYCU4e,NUTS,2018-07-13,1531494000
2635,R_1mEmb9jWLRYCU4e,PHYSICAL_MOVIE,2018-07-13,1531494000
2636,R_1r8u9f1vT8Y3HrC,VITAMIN,2018-07-13,1531494000
2637,R_20O6baqxT4T2CbA,CEREAL,2018-07-13,1531494000
2638,R_20O6baqxT4T2CbA,SCREEN_PROTECTOR,2018-07-13,1531494000
2639,R_22AmuBuGI7iFD1n,PUZZLES,2018-07-13,1531494000
2640,R_22DJIjS0M8yvaYO,VEHICLE_WRAP,2018-07-13,1531494000
2641,R_22DJIjS0M8yvaYO,NUTRITIONAL_SUPPLEMENT,2018-07-13,1531494000
2642,R_22DJIjS0M8yvaYO,SHOES,2018-07-13,1531494000
2643,R_22DJIjS0M8yvaYO,BATTERY,2018-07-13,1531494000
2644,R_25SbPPTyE45YzXP,PET_ACTIVITY_STRUCTURE,2018-07-13,1531494000
2645,R_273TMGuLM3jXisi,BENCH,2018-07-13,1531494000
2646,R_27lE2A8TyANjHWE,TABLETOP_GAME,2018-07-13,1531494000
2647,R_27lE2A8TyANjHWE,CELLULAR_PHONE_CASE,2018-07-13,1531494000
2648,R_27lE2A8TyANjHWE,BABY_PRODUCT,2018-07-13,1531494000
2649,R_2ASz0xBmcxqYzUJ,PHYSICAL_MOVIE,2018-07-13,1531494000
2650,R_2ASz0xBmcxqYzUJ,GROCERY,2018-07-13,1531494000
2651,R_2QswpKsGnL3NBXE,BAR_TOOL_SET,2018-07-13,1531494000
2652,R_2Qu0fgUOnDpaKDH,SKIN_MOISTURIZER,2018-07-13,1531494000
2653,R_2Qu0fgUOnDpaKDH,SKIN_CLEANING_AGENT,2018-07-13,1531494000
2654,R_2RUDh7piHU7frzt,CELL_PHONE_GRIP,2018-07-13,1531494000
2655,R_2RUDh7piHU7frzt,FLASH_DRIVE,2018-07-13,1531494000
2656,R_2RUDh7piHU7frzt,TABLETOP_GAME,2018-07-13,1531494000
2657,R_2Ser7goSgo0gVBj,SNACK_FOOD_BAR,2018-07-13,1531494000
2658,R_2ToRb0eNQrFNM3u,ELECTRONIC_DEVICE_FACEPLATE,2018-07-13,1531494000
2659,R_2VaWg2jhtCG6zmh,NUTRITIONAL_SUPPLEMENT,2018-07-13,1531494000
2660,R_2Vjq0u3IGbVbOBl,SECURITY_ELECTRONICS,2018-07-13,1531494000
2661,R_2Vjq0u3IGbVbOBl,HAIR_STYLING_AGENT,2018-07-13,1531494000
2662,R_2Vjq0u3IGbVbOBl,SKIN_MOISTURIZER,2018-07-13,1531494000
2663,R_2WumP0iKDvwiM2r,BATTERY,2018-07-13,1531494000
2664,R_2aKrOq0DBielcig,SKIN_CLEANING_AGENT,2018-07-13,1531494000
2665,R_2alDLWrajjnLX6F,SANITARY_NAPKIN,2018-07-13,1531494000
2666,R_2alDLWrajjnLX6F,PHYSICAL_VIDEO_GAME_SOFTWARE,2018-07-13,1531494000
2667,R_2alDLWrajjnLX6F,MEDICATION,2018-07-13,1531494000
2668,R_2alDLWrajjnLX6F,SKIN_CLEANING_AGENT,2018-07-13,1531494000
2669,R_2alDLWrajjnLX6F,BATTERY,2018-07-13,1531494000
2670,R_2alDLWrajjnLX6F,VITAMIN,2018-07-13,1531494000
2671,R_2alDLWrajjnLX6F,FOOT_SCRAPER,2018-07-13,1531494000
2672,R_2aldwxmUZox7Yfd,CHARGING_ADAPTER,2018-07-13,1531494000
2673,R_2aldwxmUZox7Yfd,MECHANICAL_BELT,2018-07-13,1531494000
2674,R_2aldwxmUZox7Yfd,SHIRT,2018-07-13,1531494000
2675,R_2aldwxmUZox7Yfd,LAMP,2018-07-13,1531494000
2676,R_2dFHfsIqQ6eEtVW,EYEBROW_COLOR,2018-07-13,1531494000
2677,R_2dRR9SjNrn4s7xU,ARM_SLEEVE,2018-07-13,1531494000
2678,R_2dRR9SjNrn4s7xU,PANTS,2018-07-13,1531494000
2679,R_2dRR9SjNrn4s7xU,CRAFT_BEAD,2018-07-13,1531494000
2680,R_2dRR9SjNrn4s7xU,CULINARY_SALT,2018-07-13,1531494000
2681,R_2dY2NzAgp2digAs,CABLE_ASSEMBLY,2018-07-13,1531494000
2682,R_2djaIfKORskyeuO,HOT_GLUE_GUN,2018-07-13,1531494000
2683,R_2djaIfKORskyeuO,SCREEN_PROTECTOR,2018-07-13,1531494000
2684,R_2dyITPHbbfmCXJn,VITAMIN,2018-07-13,1531494000
2685,R_2e9e8lhWqVtpb7m,AIR_COOLER,2018-07-13,1531494000
2686,R_2ebzj3o225IisIQ,SKIN_MOISTURIZER,2018-07-13,1531494000
2687,R_2fuPf0OEnWfOjjm,MICROWAVE_OVEN,2018-07-13,1531494000
2688,R_2fxhde3AmAoBQBS,PAPER_TOWEL_HOLDER,2018-07-13,1531494000
2689,R_2rVp4uDv9fYIfdd,VITAMIN,2018-07-13,1531494000
2690,R_2rVp4uDv9fYIfdd,CUFF_LINK,2018-07-13,1531494000
2691,R_2uIMLcJgQmb0v3G,HAIR_STYLING_AGENT,2018-07-13,1531494000
2692,R_2ugDyrE1yi1FjvH,VEHICLE_BRAKE_PAD,2018-07-13,1531494000
2693,R_2ugDyrE1yi1FjvH,FOOD_PREPARATION_MOLD,2018-07-13,1531494000
2694,R_2wmCdm6ETy6g3k0,FOOD_STORAGE_BAG,2018-07-13,1531494000
2695,R_2wmCdm6ETy6g3k0,CELLULAR_PHONE_CASE,2018-07-13,1531494000
2696,R_2yplkUxhAWZaFUL,MEDICATION,2018-07-13,1531494000
2697,R_2yplkUxhAWZaFUL,VEHICLE_SEAT_COVER,2018-07-13,1531494000
2698,R_31SNC0DcyjBDcq3,BABY_CARRIER,2018-07-13,1531494000
2699,R_31ZxYxyOSie94bK,BODY_DEODORANT,2018-07-13,1531494000
2700,R_31ZxYxyOSie94bK,NUT_AND_SEED,2018-07-13,1531494000
2701,R_31ZxYxyOSie94bK,CHOCOLATE_CANDY,2018-07-13,1531494000
2702,R_31ZxYxyOSie94bK,ELECTRONIC_CABLE,2018-07-13,1531494000
2703,R_31ZxYxyOSie94bK,ENVELOPE,2018-07-13,1531494000
2704,R_31ZxYxyOSie94bK,SHIRT,2018-07-13,1531494000
2705,R_31ZxYxyOSie94bK,NUT_AND_SEED,2018-07-13,1531494000
2706,R_31ZxYxyOSie94bK,JERKY,2018-07-13,1531494000
2707,R_31ZxYxyOSie94bK,SHIRT,2018-07-13,1531494000
2708,R_31ZxYxyOSie94bK,BODY_DEODORANT,2018-07-13,1531494000
2709,R_325B8uB2XOflUvO,SHIRT,2018-07-13,1531494000
2710,R_325wNEypLBLRTf7,MEDICATION,2018-07-13,1531494000
2711,R_325wNEypLBLRTf7,SCREEN_PROTECTOR,2018-07-13,1531494000
2712,R_331r8PPvTyqKSoh,SOFA,2018-07-13,1531494000
2713,R_331r8PPvTyqKSoh,CAULKS,2018-07-13,1531494000
2714,R_331r8PPvTyqKSoh,SKIN_CLEANING_AGENT,2018-07-13,1531494000
2715,R_331r8PPvTyqKSoh,NUTRITIONAL_SUPPLEMENT,2018-07-13,1531494000
2716,R_3GCXgWFPLgXAuFC,VITAMIN,2018-07-13,1531494000
2717,R_3HAk4tN4hE1Arcm,CAMCORDER,2018-07-13,1531494000
2718,R_3HAk4tN4hE1Arcm,SHEET_PAPER,2018-07-13,1531494000
2719,R_3HzhKIwCcybjVbM,SHOES,2018-07-13,1531494000
2720,R_3HzhKIwCcybjVbM,HEALTH_PERSONAL_CARE,2018-07-13,1531494000
2721,R_3HzhKIwCcybjVbM,PANTS,2018-07-13,1531494000
2722,R_3HzhKIwCcybjVbM,STROLLER_PROTECTION_SHIELD,2018-07-13,1531494000
2723,R_3HzhKIwCcybjVbM,ABIS_BOOK,2018-07-13,1531494000
2724,R_3HzhKIwCcybjVbM,CELLULAR_PHONE_CASE,2018-07-13,1531494000
2725,R_3HzhKIwCcybjVbM,GROCERY,2018-07-13,1531494000
2726,R_3Jxiicg67etW2yt,TOOTH_CLEANING_AGENT,2018-07-13,1531494000
2727,R_3L20DbmNPSMtKUd,SCREWS,2018-07-13,1531494000
2728,R_3L8dgu12mdk2UVH,VITAMIN,2018-07-13,1531494000
2729,R_3M3RSZ7wNRSaxNx,SHOES,2018-07-13,1531494000
2730,R_3M4EntiuPSB1ZJO,TOWEL_HOLDER,2018-07-13,1531494000
2731,R_3NCfhSJSgGWexUL,SPACE_HEATER,2018-07-13,1531494000
2732,R_3PUi8o2if0JqKfl,VEGETABLE,2018-07-13,1531494000
2733,R_3QXUWuTn4OdbNmh,CELLULAR_PHONE_CASE,2018-07-13,1531494000
2734,R_3ViaGvZl7J3ObBv,NUTRITIONAL_SUPPLEMENT,2018-07-13,1531494000
2735,R_3dN6S4adN4KjQO1,ELECTRONIC_CABLE,2018-07-13,1531494000
2736,R_3emmbwwsXsxt4Oj,PORTABLE_ELECTRONIC_DEVICE_COVER,2018-07-13,1531494000
2737,R_3emmbwwsXsxt4Oj,CELLULAR_PHONE_CASE,2018-07-13,1531494000
2738,R_3fB1NIeE1OGUd72,FOOD_PROCESSOR,2018-07-13,1531494000
2739,R_3fB1NIeE1OGUd72,SEXUAL_STIMULATION_DEVICE,2018-07-13,1531494000
2740,R_3fB1NIeE1OGUd72,MEDICATION,2018-07-13,1531494000
2741,R_3fB1NIeE1OGUd72,SKIN_MOISTURIZER,2018-07-13,1531494000
2742,R_3fB1NIeE1OGUd72,SCREEN_PROTECTOR,2018-07-13,1531494000
2743,R_3gTrwWhEzAv6gzH,WRENCH,2018-07-13,1531494000
2744,R_3gTrwWhEzAv6gzH,SCREEN_PROTECTOR,2018-07-13,1531494000
2745,R_3h3VYxug5MmQXfO,VITAMIN,2018-07-13,1531494000
2746,R_3lt1ZPBv09u1seD,PANTS,2018-07-13,1531494000
2747,R_3n0OjYgGHf96Wuh,ABIS_BOOK,2018-07-13,1531494000
2748,R_3n0OjYgGHf96Wuh,NUTRITIONAL_SUPPLEMENT,2018-07-13,1531494000
2749,R_3n17fNI56KA8rTV,MAKEUP_PRIMER,2018-07-13,1531494000
2750,R_3ncO2Ifjpbb1Y4G,SKIN_MOISTURIZER,2018-07-13,1531494000
2751,R_3socPWD3wXD0iDP,HEADPHONES,2018-07-13,1531494000
2752,R_3socPWD3wXD0iDP,SKIN_MOISTURIZER,2018-07-13,1531494000
2753,R_3socPWD3wXD0iDP,BOTTLE,2018-07-13,1531494000
2754,R_3socPWD3wXD0iDP,SKIN_CLEANING_AGENT,2018-07-13,1531494000
2755,R_40engukXSxhrtF7,MOUNT_BRACKET,2018-07-13,1531494000
2756,R_4ONrU60VenuwARr,PET_PLAYPEN,2018-07-13,1531494000
2757,R_4ONrU60VenuwARr,SHIRT,2018-07-13,1531494000
2758,R_4ONrU60VenuwARr,PHYSICAL_MOVIE,2018-07-13,1531494000
2759,R_4PhRzF4UI9ooLh7,CAMERA_LENS_FILTERS,2018-07-13,1531494000
2760,R_4PhRzF4UI9ooLh7,PET_FOOD,2018-07-13,1531494000
2761,R_4PhRzF4UI9ooLh7,TOYS_AND_GAMES,2018-07-13,1531494000
2762,R_4PhRzF4UI9ooLh7,HEALTH_PERSONAL_CARE,2018-07-13,1531494000
2763,R_4YjfHl0af8gN30Z,HEADPHONES,2018-07-13,1531494000
2764,R_5uabKnJBMc7HyEN,CORRECTION_MATERIAL,2018-07-13,1531494000
2765,R_6Jw0sPgGkHLnKkp,SKIN_MOISTURIZER,2018-07-13,1531494000
2766,R_6fzbeTqbnF0kBih,WATCH_BAND,2018-07-13,1531494000
2767,R_6fzbeTqbnF0kBih,ABIS_BOOK,2018-07-13,1531494000
2768,R_8CXcySQawXPuJwJ,NUTRITIONAL_SUPPLEMENT,2018-07-13,1531494000
2769,R_8CXcySQawXPuJwJ,HARDWARE_TUBING,2018-07-13,1531494000
2770,R_8CXcySQawXPuJwJ,BATTERY,2018-07-13,1531494000
2771,R_8CXcySQawXPuJwJ,LEOTARD,2018-07-13,1531494000
2772,R_8CXcySQawXPuJwJ,STICKER_DECAL,2018-07-13,1531494000
2773,R_8CXcySQawXPuJwJ,PRINTER,2018-07-13,1531494000
2774,R_8CXcySQawXPuJwJ,PROTECTIVE_GLOVE,2018-07-13,1531494000
2775,R_8CXcySQawXPuJwJ,CELLULAR_PHONE_CASE,2018-07-13,1531494000
2776,R_8CXcySQawXPuJwJ,BABY_PRODUCT,2018-07-13,1531494000
2777,R_AEBbAiW2xdXI2at,GROCERY,2018-07-13,1531494000
2778,R_AEBbAiW2xdXI2at,GUN_SLING,2018-07-13,1531494000
2779,R_BWhnv4EdbhSS6rf,BATTERY,2018-07-13,1531494000
2780,R_O9FzIlCvCxllJSN,PET_TOY,2018-07-13,1531494000
2781,R_Qp7pqfzWe3Qmcrn,THERMOMETER,2018-07-13,1531494000
2782,R_SE2qI33L0z1rw2J,PET_FOOD,2018-07-13,1531494000
2783,R_SE2qI33L0z1rw2J,CORRECTIVE_EYEGLASSES,2018-07-13,1531494000
2784,R_SE2qI33L0z1rw2J,MEDICATION,2018-07-13,1531494000
2785,R_SE2qI33L0z1rw2J,SHIRT,2018-07-13,1531494000
2786,R_Ui78k1hRGuGWhln,MEDICATION,2018-07-13,1531494000
2787,R_W80kzJbCa8CD9UB,PUZZLES,2018-07-13,1531494000
2788,R_eINXJtKQApvNwIh,INSULATION,2018-07-13,1531494000
2789,R_eOMCliqYqUD4oOR,SHOES,2018-07-13,1531494000
2790,R_eOMCliqYqUD4oOR,EYELID_COLOR,2018-07-13,1531494000
2791,R_eg0ycbZcHEfhBAd,KNITTING_NEEDLE,2018-07-13,1531494000
2792,R_r3IM83Ecq7eY7QJ,CONDITIONER,2018-07-13,1531494000
2793,R_swfIN0JgX72IbMl,PHYSICAL_MOVIE,2018-07-13,1531494000
2794,R_tXHOaasrDjYwLO9,APPAREL_BELT,2018-07-13,1531494000
2795,R_vcsfXNFhlnqxtYd,SHOES,2018-07-13,1531494000
2796,R_vcsfXNFhlnqxtYd,PANTS,2018-07-13,1531494000
2797,R_z1mFB9Qp9HSTCIV,DUMBBELL,2018-07-13,1531494000
2798,R_0wCTiXC54rMN0J3,INSULATION,2018-07-14,1531580400
2799,R_0wCTiXC54rMN0J3,TOOTH_CLEANING_AGENT,2018-07-14,1531580400
2800,R_0wCTiXC54rMN0J3,BASKETBALL_HOOP,2018-07-14,1531580400
2801,R_0wCTiXC54rMN0J3,MEDICATION,2018-07-14,1531580400
2802,R_11WUgIV4IWfGoDX,CRACKER,2018-07-14,1531580400
2803,R_11WUgIV4IWfGoDX,NUTRITIONAL_SUPPLEMENT,2018-07-14,1531580400
2804,R_11WUgIV4IWfGoDX,TOY_VEHICLE_SET,2018-07-14,1531580400
2805,R_11WUgIV4IWfGoDX,HEADPHONES,2018-07-14,1531580400
2806,R_11WUgIV4IWfGoDX,VITAMIN,2018-07-14,1531580400
2807,R_128UcvT7YzJpnZv,TOYS_AND_GAMES,2018-07-14,1531580400
2808,R_128UcvT7YzJpnZv,SCREEN_PROTECTOR,2018-07-14,1531580400
2809,R_128UcvT7YzJpnZv,GROCERY,2018-07-14,1531580400
2810,R_1C75XRebT1eliL0,BED_FRAME,2018-07-14,1531580400
2811,R_1C8w4NDDQC5fcgE,MARKING_PEN,2018-07-14,1531580400
2812,R_1C9YUFD8GunlGej,TOY_FIGURE,2018-07-14,1531580400
2813,R_1C9YUFD8GunlGej,PANTS,2018-07-14,1531580400
2814,R_1Fyt6rHyiQcVOT8,HEALTH_PERSONAL_CARE,2018-07-14,1531580400
2815,R_1Fyt6rHyiQcVOT8,PANTS,2018-07-14,1531580400
2816,R_1Fyt6rHyiQcVOT8,SCREEN_PROTECTOR,2018-07-14,1531580400
2817,R_1Fyt6rHyiQcVOT8,MEDICATION,2018-07-14,1531580400
2818,R_1Fyt6rHyiQcVOT8,MEDICATION,2018-07-14,1531580400
2819,R_1Fyt6rHyiQcVOT8,SNACK_FOOD_BAR,2018-07-14,1531580400
2820,R_1Fyt6rHyiQcVOT8,FLAME_WICK,2018-07-14,1531580400
2821,R_1GVsIStj8gTkbIE,ABIS_BOOK,2018-07-14,1531580400
2822,R_1I4dnMKlrmtUP09,MAJOR_HOME_APPLIANCES,2018-07-14,1531580400
2823,R_1I4dnMKlrmtUP09,HARDWARE_STAPLE,2018-07-14,1531580400
2824,R_1KxVDxZl2H0XoHS,MEDICATION,2018-07-14,1531580400
2825,R_1LIJDv6NDuvkCi4,PIPING_TIP,2018-07-14,1531580400
2826,R_1LRR1P5IQqdSvIP,VITAMIN,2018-07-14,1531580400
2827,R_1LRR1P5IQqdSvIP,ABIS_BOOK,2018-07-14,1531580400
2828,R_1LRR1P5IQqdSvIP,EXERCISE_BAND,2018-07-14,1531580400
2829,R_1LRR1P5IQqdSvIP,RICE_COOKERS,2018-07-14,1531580400
2830,R_1LRR1P5IQqdSvIP,PANTS,2018-07-14,1531580400
2831,R_1NCzj2eSHI4QGcd,BRA,2018-07-14,1531580400
2832,R_1NCzj2eSHI4QGcd,SELF_TANNER,2018-07-14,1531580400
2833,R_1NDq0rxoUSu6oyz,ELECTRONIC_CABLE,2018-07-14,1531580400
2834,R_1NDq0rxoUSu6oyz,COSTUME_OUTFIT,2018-07-14,1531580400
2835,R_1NDq0rxoUSu6oyz,SHOES,2018-07-14,1531580400
2836,R_1NDq0rxoUSu6oyz,HOBBIES,2018-07-14,1531580400
2837,R_1NDq0rxoUSu6oyz,PET_FOOD,2018-07-14,1531580400
2838,R_1NDq0rxoUSu6oyz,BICYCLE_PEDAL,2018-07-14,1531580400
2839,R_1dFu7LeBJE3Wd6p,FACE_SHAPING_MAKEUP,2018-07-14,1531580400
2840,R_1dppjLIFEdj7Kq5,HAIR_STYLING_AGENT,2018-07-14,1531580400
2841,R_1dppjLIFEdj7Kq5,SHOES,2018-07-14,1531580400
2842,R_1hFMTehZQIAcBvZ,MOUTHWASH,2018-07-14,1531580400
2843,R_1hFMTehZQIAcBvZ,EYELASH_CURLER,2018-07-14,1531580400
2844,R_1hJWB4rlc8B2yCi,WIG,2018-07-14,1531580400
2845,R_1hJWB4rlc8B2yCi,SNACK_FOOD_BAR,2018-07-14,1531580400
2846,R_1mEmb9jWLRYCU4e,LEGUME,2018-07-14,1531580400
2847,R_1nOCRAcsi1AU77q,TOYS_AND_GAMES,2018-07-14,1531580400
2848,R_1nOCRAcsi1AU77q,SNACK_FOOD_BAR,2018-07-14,1531580400
2849,R_1ow0Om61pqBADXh,NUTRITIONAL_SUPPLEMENT,2018-07-14,1531580400
2850,R_1ow0Om61pqBADXh,TOY_SLIME,2018-07-14,1531580400
2851,R_1ow0Om61pqBADXh,EXERCISE_BAND,2018-07-14,1531580400
2852,R_1pm2Wo5wrQSY0Gm,MATTRESS_COVER,2018-07-14,1531580400
2853,R_1pm2Wo5wrQSY0Gm,ANIMAL_SHELTER,2018-07-14,1531580400
2854,R_1pm2Wo5wrQSY0Gm,GUILD_ACCESSORIES,2018-07-14,1531580400
2855,R_1pm2Wo5wrQSY0Gm,SKIN_CLEANING_AGENT,2018-07-14,1531580400
2856,R_1r8u9f1vT8Y3HrC,TOYS_AND_GAMES,2018-07-14,1531580400
2857,R_1r8u9f1vT8Y3HrC,PANTS,2018-07-14,1531580400
2858,R_1r8u9f1vT8Y3HrC,PANTS,2018-07-14,1531580400
2859,R_1r8u9f1vT8Y3HrC,SNACK_FOOD_BAR,2018-07-14,1531580400
2860,R_1r8u9f1vT8Y3HrC,MEDICATION,2018-07-14,1531580400
2861,R_1r8u9f1vT8Y3HrC,ROTARY_TOOL,2018-07-14,1531580400
2862,R_20Yd9DvrGselmZY,COFFEE,2018-07-14,1531580400
2863,R_20Z3XrmdVrFDp3r,CANDLE_HOLDER,2018-07-14,1531580400
2864,R_21ttkGbeIL6HdlR,MATTRESS,2018-07-14,1531580400
2865,R_23ThXRxY2BTPyy5,GROCERY,2018-07-14,1531580400
2866,R_23ThXRxY2BTPyy5,PRETEND_PLAY_TOY,2018-07-14,1531580400
2867,R_23ThXRxY2BTPyy5,PANTS,2018-07-14,1531580400
2868,R_24csoaO569P4Yzz,APPAREL,2018-07-14,1531580400
2869,R_25SbPPTyE45YzXP,SELF_TANNER,2018-07-14,1531580400
2870,R_25thHabUddjXGzt,TRAILER_HITCH_COVER,2018-07-14,1531580400
2871,R_28ANyXf1czOlXey,SCREEN_PROTECTOR,2018-07-14,1531580400
2872,R_28ANyXf1czOlXey,SHELF,2018-07-14,1531580400
2873,R_28ANyXf1czOlXey,HAIRBAND,2018-07-14,1531580400
2874,R_28SckJ1LanzFPvD,ELECTRONIC_CABLE,2018-07-14,1531580400
2875,R_2AGpSTOzeeHqMYd,SHIRT,2018-07-14,1531580400
2876,R_2AGpSTOzeeHqMYd,OPTICAL_DISC_DRIVE,2018-07-14,1531580400
2877,R_2Qu0fgUOnDpaKDH,RAKE,2018-07-14,1531580400
2878,R_2RVXjEovu4Y1yen,KEYBOARDS,2018-07-14,1531580400
2879,R_2RVXjEovu4Y1yen,ABIS_GIFT_CARD,2018-07-14,1531580400
2880,R_2RVXjEovu4Y1yen,HEADPHONES,2018-07-14,1531580400
2881,R_2SIYchF5txvb4ur,NUT_AND_SEED,2018-07-14,1531580400
2882,R_2SksQStmmNpRaiB,VEHICLE_LIFT_KIT,2018-07-14,1531580400
2883,R_2SksQStmmNpRaiB,SKIN_CLEANING_AGENT,2018-07-14,1531580400
2884,R_2SksQStmmNpRaiB,GUILD_JEWELRY,2018-07-14,1531580400
2885,R_2VkFzKtUReuEWm9,NUTRITIONAL_SUPPLEMENT,2018-07-14,1531580400
2886,R_2VkFzKtUReuEWm9,MONITOR,2018-07-14,1531580400
2887,R_2XoI6KbLJRGFz5X,FURNITURE_LEG,2018-07-14,1531580400
2888,R_2XoI6KbLJRGFz5X,SKIN_MOISTURIZER,2018-07-14,1531580400
2889,R_2XoI6KbLJRGFz5X,INPUT_PEN,2018-07-14,1531580400
2890,R_2XoI6KbLJRGFz5X,ELECTRONIC_CABLE,2018-07-14,1531580400
2891,R_2XoI6KbLJRGFz5X,SUNGLASSES,2018-07-14,1531580400
2892,R_2XoI6KbLJRGFz5X,PIPING_TIP,2018-07-14,1531580400
2893,R_2XoI6KbLJRGFz5X,WRITING_INSTRUMENT,2018-07-14,1531580400
2894,R_2XoI6KbLJRGFz5X,SHELF,2018-07-14,1531580400
2895,R_2ZOgImZ5BSZcQoz,SNACK_FOOD_BAR,2018-07-14,1531580400
2896,R_2ZTFfLAcuwm22Yh,SHIRT,2018-07-14,1531580400
2897,R_2ZTFfLAcuwm22Yh,SKIN_CLEANING_AGENT,2018-07-14,1531580400
2898,R_2dX8oLhgW3U0Q0m,HEALTH_PERSONAL_CARE,2018-07-14,1531580400
2899,R_2dX8oLhgW3U0Q0m,SHIRT,2018-07-14,1531580400
2900,R_2ebzj3o225IisIQ,SCREEN_PROTECTOR,2018-07-14,1531580400
2901,R_2fIpcmjmR7iDqYo,BOTTLE,2018-07-14,1531580400
2902,R_2fIpcmjmR7iDqYo,AQUARIUM_POND_WATER_TREATMENT,2018-07-14,1531580400
2903,R_2pWAVsUj7WsZHLs,TOYS_AND_GAMES,2018-07-14,1531580400
2904,R_2qD8ep8d313iLj4,HEADPHONES,2018-07-14,1531580400
2905,R_2qD8ep8d313iLj4,SKIN_CLEANING_AGENT,2018-07-14,1531580400
2906,R_2qjAN1lyLAdAxT2,ART_AND_CRAFT_SUPPLY,2018-07-14,1531580400
2907,R_2qjAN1lyLAdAxT2,ELECTRONIC_CABLE,2018-07-14,1531580400
2908,R_2rVp4uDv9fYIfdd,PORTABLE_ELECTRONIC_DEVICE_MOUNT,2018-07-14,1531580400
2909,R_2sRqLYPSneIHZfJ,GROCERY,2018-07-14,1531580400
2910,R_2sRqLYPSneIHZfJ,ELECTRONIC_CABLE,2018-07-14,1531580400
2911,R_2sRqLYPSneIHZfJ,ENVELOPE,2018-07-14,1531580400
2912,R_2sRqLYPSneIHZfJ,PANTS,2018-07-14,1531580400
2913,R_2sRqLYPSneIHZfJ,BODY_LUBRICANT,2018-07-14,1531580400
2914,R_2uZDxTZAORBIW1o,DOORSTOP,2018-07-14,1531580400
2915,R_2uZDxTZAORBIW1o,SKIN_MOISTURIZER,2018-07-14,1531580400
2916,R_2uZDxTZAORBIW1o,SKIN_CLEANING_AGENT,2018-07-14,1531580400
2917,R_2ugDyrE1yi1FjvH,MEDICATION,2018-07-14,1531580400
2918,R_2ugDyrE1yi1FjvH,PET_FOOD,2018-07-14,1531580400
2919,R_2vYeXyFdrSyrVwh,EXERCISE_STRAP,2018-07-14,1531580400
2920,R_2vYeXyFdrSyrVwh,SHOES,2018-07-14,1531580400
2921,R_2vYeXyFdrSyrVwh,MEDICATION,2018-07-14,1531580400
2922,R_2vYeXyFdrSyrVwh,ABIS_BOOK,2018-07-14,1531580400
2923,R_2wagDt0ZaSu1p8q,TOYS_AND_GAMES,2018-07-14,1531580400
2924,R_2wmLE1q4FIpfioi,PANTS,2018-07-14,1531580400
2925,R_2wzatCV9Z18xLF2,MASSAGER,2018-07-14,1531580400
2926,R_2wzatCV9Z18xLF2,KNIFE,2018-07-14,1531580400
2927,R_2wzatCV9Z18xLF2,FLASH_DRIVE,2018-07-14,1531580400
2928,R_2wzatCV9Z18xLF2,STETHOSCOPE,2018-07-14,1531580400
2929,R_31ixLIfyf3xt0RM,TRASH_CAN,2018-07-14,1531580400
2930,R_3GCXgWFPLgXAuFC,APRON,2018-07-14,1531580400
2931,R_3HzhKIwCcybjVbM,MARKING_PEN,2018-07-14,1531580400
2932,R_3HzhKIwCcybjVbM,VITAMIN,2018-07-14,1531580400
2933,R_3HzhKIwCcybjVbM,TOYS_AND_GAMES,2018-07-14,1531580400
2934,R_3HzhKIwCcybjVbM,ABIS_BOOK,2018-07-14,1531580400
2935,R_3HzhKIwCcybjVbM,SHIRT,2018-07-14,1531580400
2936,R_3JnjKsPAuFGDhrx,HEALTH_PERSONAL_CARE,2018-07-14,1531580400
2937,R_3JnjKsPAuFGDhrx,MUSICAL_INSTRUMENT_AMPLIFIER,2018-07-14,1531580400
2938,R_3M0euO2kPnoHrdt,SCREEN_PROTECTOR,2018-07-14,1531580400
2939,R_3M0euO2kPnoHrdt,SKIN_CLEANING_AGENT,2018-07-14,1531580400
2940,R_3M3RSZ7wNRSaxNx,SKIN_MOISTURIZER,2018-07-14,1531580400
2941,R_3NwUrzA3eAsS3xO,THERMOS,2018-07-14,1531580400
2942,R_3NwUrzA3eAsS3xO,SAUCE,2018-07-14,1531580400
2943,R_3NwUrzA3eAsS3xO,TOYS_AND_GAMES,2018-07-14,1531580400
2944,R_3fcOMdQm2jGBLKm,CELLULAR_PHONE_CASE,2018-07-14,1531580400
2945,R_3flZSxKV8ViX1H4,VITAMIN,2018-07-14,1531580400
2946,R_3flZSxKV8ViX1H4,HAIR_TIE,2018-07-14,1531580400
2947,R_3flZSxKV8ViX1H4,MATTRESS_COVER,2018-07-14,1531580400
2948,R_3flZSxKV8ViX1H4,DRINKING_CUP,2018-07-14,1531580400
2949,R_3flZSxKV8ViX1H4,HAIR_TIE,2018-07-14,1531580400
2950,R_3flZSxKV8ViX1H4,SHIRT,2018-07-14,1531580400
2951,R_3lt1ZPBv09u1seD,ELECTROMECHANICAL_GAUGE,2018-07-14,1531580400
2952,R_3lt1ZPBv09u1seD,VITAMIN,2018-07-14,1531580400
2953,R_3n2VXT4Z99FpnEG,NUTRITIONAL_SUPPLEMENT,2018-07-14,1531580400
2954,R_3n2VXT4Z99FpnEG,PHYSICAL_MOVIE,2018-07-14,1531580400
2955,R_3n2VXT4Z99FpnEG,CELLULAR_PHONE_CASE,2018-07-14,1531580400
2956,R_3n2VXT4Z99FpnEG,BLANK_BOOK,2018-07-14,1531580400
2957,R_3n2VXT4Z99FpnEG,TOYS_AND_GAMES,2018-07-14,1531580400
2958,R_3n2VXT4Z99FpnEG,PUZZLES,2018-07-14,1531580400
2959,R_3n2VXT4Z99FpnEG,ABRASIVE_BRUSH,2018-07-14,1531580400
2960,R_3nH1Odp9Yjm86gN,BAKEWARE_SET,2018-07-14,1531580400
2961,R_3qe2tDpGxexEAso,ENGINE_EXHAUST_PIPE,2018-07-14,1531580400
2962,R_3qqdzQnCaBYHx9o,PANTS,2018-07-14,1531580400
2963,R_4YjfHl0af8gN30Z,HARDWARE_HANDLE,2018-07-14,1531580400
2964,R_8CXcySQawXPuJwJ,SKIN_CLEANING_AGENT,2018-07-14,1531580400
2965,R_8CXcySQawXPuJwJ,PHONE_ACCESSORY,2018-07-14,1531580400
2966,R_8CXcySQawXPuJwJ,PRINTER,2018-07-14,1531580400
2967,R_8CXcySQawXPuJwJ,DRILL_BITS,2018-07-14,1531580400
2968,R_8CXcySQawXPuJwJ,BEVERAGE_INSULATOR,2018-07-14,1531580400
2969,R_8CXcySQawXPuJwJ,MOP,2018-07-14,1531580400
2970,R_8CXcySQawXPuJwJ,BLANK_STORAGE_MEDIA,2018-07-14,1531580400
2971,R_8CXcySQawXPuJwJ,PACIFIER,2018-07-14,1531580400
2972,R_8piDwWBq7V7tyZb,SHIRT,2018-07-14,1531580400
2973,R_8piDwWBq7V7tyZb,RECREATION_BALL,2018-07-14,1531580400
2974,R_8puIA0Aj4F8MuI1,PANTS,2018-07-14,1531580400
2975,R_8vnpSkm79W7Jsv7,SNACK_FOOD_BAR,2018-07-14,1531580400
2976,R_8vnpSkm79W7Jsv7,FOOD_STRAINER,2018-07-14,1531580400
2977,R_9yOmfJyU0rNZGW5,CELLULAR_PHONE_CASE,2018-07-14,1531580400
2978,R_BWhnv4EdbhSS6rf,COFFEE,2018-07-14,1531580400
2979,R_BWhnv4EdbhSS6rf,SKIN_MOISTURIZER,2018-07-14,1531580400
2980,R_Odixb15Ykmxb0Dn,PHYSICAL_MOVIE,2018-07-14,1531580400
2981,R_OfntYUzw43qHbuF,FISHING_EQUIPMENT,2018-07-14,1531580400
2982,R_PB47lifIW2D9E65,ABIS_BOOK,2018-07-14,1531580400
2983,R_PB47lifIW2D9E65,DISPOSABLE_INCONTINENCE_SURFACE_PROTECTOR,2018-07-14,1531580400
2984,R_PB47lifIW2D9E65,SKIN_CLEANING_AGENT,2018-07-14,1531580400
2985,R_PuLRXv7pUO3cLzX,POWER_INVERTER,2018-07-14,1531580400
2986,R_SDxHC9YZwYTKedz,PHYSICAL_MOVIE,2018-07-14,1531580400
2987,R_SE2qI33L0z1rw2J,TOOTHBRUSH,2018-07-14,1531580400
2988,R_SE2qI33L0z1rw2J,PET_FOOD,2018-07-14,1531580400
2989,R_SE2qI33L0z1rw2J,NETWORK_INTERFACE_CONTROLLER_ADAPTER,2018-07-14,1531580400
2990,R_SE2qI33L0z1rw2J,PET_FOOD,2018-07-14,1531580400
2991,R_SE2qI33L0z1rw2J,BLANKET,2018-07-14,1531580400
2992,R_UVM6YBvaArzpRjb,HARDWARE_CLAMP_VISE,2018-07-14,1531580400
2993,R_UVM6YBvaArzpRjb,RICE_MIX,2018-07-14,1531580400
2994,R_V1EWFs6tkv2DaMN,SUGAR_CANDY,2018-07-14,1531580400
2995,R_XwiCirQyfwJzVtv,PASTRY_BASTING_BRUSH,2018-07-14,1531580400
2996,R_XwiCirQyfwJzVtv,HEALTH_PERSONAL_CARE,2018-07-14,1531580400
2997,R_ZkokwdIEZybYo9z,POWER_STRIP,2018-07-14,1531580400
2998,R_ZkokwdIEZybYo9z,HOUSEHOLD_STAIN,2018-07-14,1531580400
2999,R_ZkokwdIEZybYo9z,VACUUM_FILTER,2018-07-14,1531580400
3000,R_b3dSUlk76L0C6TD,JERKY,2018-07-14,1531580400
3001,R_cAcAtozIWnZIbGp,CLOTHES_RACK,2018-07-14,1531580400
3002,R_cAcAtozIWnZIbGp,NUTRITIONAL_SUPPLEMENT,2018-07-14,1531580400
3003,R_cAcAtozIWnZIbGp,CLOTHES_RACK,2018-07-14,1531580400
3004,R_cAcAtozIWnZIbGp,PRINT_COPY_PAPER,2018-07-14,1531580400
3005,R_cBHNm1kpSiUUDGV,COMPUTER_INPUT_DEVICE,2018-07-14,1531580400
3006,R_eINXJtKQApvNwIh,NUTRITIONAL_SUPPLEMENT,2018-07-14,1531580400
3007,R_tXHOaasrDjYwLO9,SKIN_CLEANING_AGENT,2018-07-14,1531580400
3008,R_xcs1aVCVrBlXkgV,CARD_STOCK,2018-07-14,1531580400
3009,R_xsyCKTazvY4vHbz,SHIRT,2018-07-14,1531580400
3010,R_yC5ffbdBLVi93Pz,APPAREL_PIN,2018-07-14,1531580400
3011,R_yC5ffbdBLVi93Pz,SCREEN_PROTECTOR,2018-07-14,1531580400
3012,R_yRaAO89bhwJb9xD,BACKPACK,2018-07-14,1531580400
3013,R_yRaAO89bhwJb9xD,SHOES,2018-07-14,1531580400
3014,R_0pRmRjHkwStzNQJ,SHIRT,2018-07-15,1531666800
3015,R_0pRmRjHkwStzNQJ,MEDICATION,2018-07-15,1531666800
3016,R_0pRmRjHkwStzNQJ,SNACK_FOOD_BAR,2018-07-15,1531666800
3017,R_10uU7A3PqkL1i0o,SHOES,2018-07-15,1531666800
3018,R_1C4nKyrv0w2thJn,ANIMAL_RECOVERY_COLLAR_CONE,2018-07-15,1531666800
3019,R_1C75XRebT1eliL0,SKIN_CLEANING_AGENT,2018-07-15,1531666800
3020,R_1ClqO4ZMDuwGjfl,SNACK_FOOD_BAR,2018-07-15,1531666800
3021,R_1ClqO4ZMDuwGjfl,BATHWATER_ADDITIVE,2018-07-15,1531666800
3022,R_1ClqO4ZMDuwGjfl,COFFEE,2018-07-15,1531666800
3023,R_1IN7vU4CWQnwLLx,VITAMIN,2018-07-15,1531666800
3024,R_1IZrt5CyqgTg2Qe,PHYSICAL_MOVIE,2018-07-15,1531666800
3025,R_1IZrt5CyqgTg2Qe,HERB,2018-07-15,1531666800
3026,R_1IZrt5CyqgTg2Qe,PHYSICAL_MOVIE,2018-07-15,1531666800
3027,R_1IZrt5CyqgTg2Qe,PHYSICAL_MOVIE,2018-07-15,1531666800
3028,R_1IZrt5CyqgTg2Qe,MECHANICAL_FASTENERS,2018-07-15,1531666800
3029,R_1IZrt5CyqgTg2Qe,MUSICAL_INSTRUMENT_STRING,2018-07-15,1531666800
3030,R_1KloshKwV8MUAx4,BODY_LUBRICANT,2018-07-15,1531666800
3031,R_1KloshKwV8MUAx4,SUITCASE,2018-07-15,1531666800
3032,R_1Nh9okz5clSAlfl,MICROWAVE_OVEN,2018-07-15,1531666800
3033,R_1OMKeKICcW0F652,GUITAR_EFFECT_DEVICE,2018-07-15,1531666800
3034,R_1OMKeKICcW0F652,GARLIC_PRESS,2018-07-15,1531666800
3035,R_1P0kCmz0zdMSEld,SPORT_FACE_MASK,2018-07-15,1531666800
3036,R_1P0kCmz0zdMSEld,AMAZON_TABLET,2018-07-15,1531666800
3037,R_1Q9JeeKncbbLcz0,SWEATER,2018-07-15,1531666800
3038,R_1dAhJdFXHV5xmMG,DECORATIVE_SIGNAGE,2018-07-15,1531666800
3039,R_1dAhJdFXHV5xmMG,ELECTRONIC_CABLE,2018-07-15,1531666800
3040,R_1daE3vUDxFrSw4I,PHYSICAL_MOVIE,2018-07-15,1531666800
3041,R_1f1PzEZw8H2N4zm,AIR_PURIFIER,2018-07-15,1531666800
3042,R_1gOX88nojaBXOt2,GUITAR_EFFECT_DEVICE,2018-07-15,1531666800
3043,R_1gOX88nojaBXOt2,PHYSICAL_MOVIE,2018-07-15,1531666800
3044,R_1gjdRVy7DXPMldc,FUEL_FILTER,2018-07-15,1531666800
3045,R_1gjdRVy7DXPMldc,SHIRT,2018-07-15,1531666800
3046,R_1hJWB4rlc8B2yCi,PANTS,2018-07-15,1531666800
3047,R_1hJWB4rlc8B2yCi,BRACELET,2018-07-15,1531666800
3048,R_1hJWB4rlc8B2yCi,THERAPEUTIC_THERMAL_COMPRESS,2018-07-15,1531666800
3049,R_1jO4s7oht3pyKEc,MUSICAL_INSTRUMENT_TOY,2018-07-15,1531666800
3050,R_1jO4s7oht3pyKEc,BLANKET,2018-07-15,1531666800
3051,R_1jO4s7oht3pyKEc,ABIS_BOOK,2018-07-15,1531666800
3052,R_1jO4s7oht3pyKEc,ELECTRONIC_CABLE,2018-07-15,1531666800
3053,R_1lp1fif64G1hlWf,LASER_PRINTER_TONER,2018-07-15,1531666800
3054,R_1mEmb9jWLRYCU4e,FOOD_STORAGE_CONTAINER,2018-07-15,1531666800
3055,R_1mQrQ5EFGvbBRLb,PHYSICAL_MOVIE,2018-07-15,1531666800
3056,R_1mQrQ5EFGvbBRLb,VITAMIN,2018-07-15,1531666800
3057,R_1nOCRAcsi1AU77q,CHARM,2018-07-15,1531666800
3058,R_1q4eVtHN10S5gPB,HEALTH_PERSONAL_CARE,2018-07-15,1531666800
3059,R_1q7GuBNrrAGdxx3,SCREEN_PROTECTOR,2018-07-15,1531666800
3060,R_1q7GuBNrrAGdxx3,CARRIER_BAG_CASE,2018-07-15,1531666800
3061,R_1r8u9f1vT8Y3HrC,BOTTLE,2018-07-15,1531666800
3062,R_1r8u9f1vT8Y3HrC,SUNSCREEN,2018-07-15,1531666800
3063,R_1r8u9f1vT8Y3HrC,HEADPHONES,2018-07-15,1531666800
3064,R_1r8u9f1vT8Y3HrC,BATTERY,2018-07-15,1531666800
3065,R_1r8u9f1vT8Y3HrC,SCREEN_PROTECTOR,2018-07-15,1531666800
3066,R_20Z3XrmdVrFDp3r,HEADPHONES,2018-07-15,1531666800
3067,R_20Z3XrmdVrFDp3r,SCREEN_PROTECTOR,2018-07-15,1531666800
3068,R_240KbZJVsY6fEEJ,ABIS_BOOK,2018-07-15,1531666800
3069,R_240KbZJVsY6fEEJ,MEDICATION,2018-07-15,1531666800
3070,R_240KbZJVsY6fEEJ,MARKING_PEN,2018-07-15,1531666800
3071,R_240KbZJVsY6fEEJ,BUBBLE_MAKER,2018-07-15,1531666800
3072,R_240KbZJVsY6fEEJ,BATTERY,2018-07-15,1531666800
3073,R_240KbZJVsY6fEEJ,CELLULAR_PHONE_CASE,2018-07-15,1531666800
3074,R_240KbZJVsY6fEEJ,MEDICATION,2018-07-15,1531666800
3075,R_24csoaO569P4Yzz,PET_FOOD,2018-07-15,1531666800
3076,R_24csoaO569P4Yzz,VEHICLE_BRAKE_PAD,2018-07-15,1531666800
3077,R_25thHabUddjXGzt,DEHUMIDIFIER,2018-07-15,1531666800
3078,R_25z5LHPaAsxktx7,BICYCLE_BRAKE_PAD,2018-07-15,1531666800
3079,R_26nB6rfoaXIEb6Z,SKIN_CLEANING_AGENT,2018-07-15,1531666800
3080,R_28BST1zc80UaP2C,HEADPHONES,2018-07-15,1531666800
3081,R_28BST1zc80UaP2C,FLASH_MEMORY,2018-07-15,1531666800
3082,R_2ASBFgthVbaGlF3,PHYSICAL_MOVIE,2018-07-15,1531666800
3083,R_2ASBFgthVbaGlF3,SHIRT,2018-07-15,1531666800
3084,R_2ASBFgthVbaGlF3,MEDICATION,2018-07-15,1531666800
3085,R_2DSIdH6iUv9yJ8V,FLOUR,2018-07-15,1531666800
3086,R_2DSIdH6iUv9yJ8V,FLOUR,2018-07-15,1531666800
3087,R_2DSIdH6iUv9yJ8V,FOOD_BLENDER,2018-07-15,1531666800
3088,R_2DSIdH6iUv9yJ8V,PHYSICAL_MOVIE,2018-07-15,1531666800
3089,R_2DSIdH6iUv9yJ8V,HEALTH_PERSONAL_CARE,2018-07-15,1531666800
3090,R_2QswpKsGnL3NBXE,ABIS_BOOK,2018-07-15,1531666800
3091,R_2U0l40aPYAoBJLV,SNACK_FOOD_BAR,2018-07-15,1531666800
3092,R_2U0l40aPYAoBJLV,HARDWARE_HANDLE,2018-07-15,1531666800
3093,R_2Xj7LtCe2Mt8jNi,WAIST_PACK,2018-07-15,1531666800
3094,R_2Xj7LtCe2Mt8jNi,VITAMIN,2018-07-15,1531666800
3095,R_2Xj7LtCe2Mt8jNi,UNDERPANTS,2018-07-15,1531666800
3096,R_2Xj7LtCe2Mt8jNi,TABLETOP_GAME,2018-07-15,1531666800
3097,R_2ZOgImZ5BSZcQoz,WALLET,2018-07-15,1531666800
3098,R_2ZTFfLAcuwm22Yh,HARDWARE_HANDLE,2018-07-15,1531666800
3099,R_2ZTFfLAcuwm22Yh,SHOWERHEAD,2018-07-15,1531666800
3100,R_2ZTFfLAcuwm22Yh,SCREEN_PROTECTOR,2018-07-15,1531666800
3101,R_2ZTFfLAcuwm22Yh,PROTEIN_DRINK,2018-07-15,1531666800
3102,R_2aKrOq0DBielcig,MEDICATION,2018-07-15,1531666800
3103,R_2aKrOq0DBielcig,SUNGLASSES,2018-07-15,1531666800
3104,R_2dz21GRV17aGMQ6,VEHICLE_LIGHTING_CONVERSION_KIT,2018-07-15,1531666800
3105,R_2dz21GRV17aGMQ6,SKIN_PROTECTANT,2018-07-15,1531666800
3106,R_2ebzj3o225IisIQ,ELECTRONIC_CABLE,2018-07-15,1531666800
3107,R_2ebzj3o225IisIQ,BATTERY,2018-07-15,1531666800
3108,R_2s5YO3cdqKDFyIM,GROCERY,2018-07-15,1531666800
3109,R_2tfh4rvpUWWJndF,SCREEN_PROTECTOR,2018-07-15,1531666800
3110,R_2ugDyrE1yi1FjvH,PUNCHING_BAG,2018-07-15,1531666800
3111,R_2ugDyrE1yi1FjvH,PROFESSIONAL_HEALTHCARE,2018-07-15,1531666800
3112,R_2ugDyrE1yi1FjvH,SHIRT,2018-07-15,1531666800
3113,R_2wagDt0ZaSu1p8q,BATTERY,2018-07-15,1531666800
3114,R_2wtVmKidhQR0wju,SKIN_PROTECTANT,2018-07-15,1531666800
3115,R_2wtVmKidhQR0wju,THERMOMETER,2018-07-15,1531666800
3116,R_2wtVmKidhQR0wju,CHOCOLATE_CANDY,2018-07-15,1531666800
3117,R_2wtVmKidhQR0wju,SKIN_MOISTURIZER,2018-07-15,1531666800
3118,R_2yplkUxhAWZaFUL,ABRASIVE_WHEELS,2018-07-15,1531666800
3119,R_31n2MLk9w05iLzN,SHARPS_DISPOSAL_CONTAINER,2018-07-15,1531666800
3120,R_3EMaONYGibovcxQ,PHYSICAL_MOVIE,2018-07-15,1531666800
3121,R_3EMaONYGibovcxQ,ELECTRONIC_CABLE,2018-07-15,1531666800
3122,R_3Em4Q2OBHB3m5rz,SKIN_MOISTURIZER,2018-07-15,1531666800
3123,R_3Em4Q2OBHB3m5rz,CAN_OPENER,2018-07-15,1531666800
3124,R_3HAk4tN4hE1Arcm,MEDICATION,2018-07-15,1531666800
3125,R_3HLKIA2u3ZnY9lM,PET_SUPPLIES,2018-07-15,1531666800
3126,R_3HzRfw5sNEvrFRf,SHIRT,2018-07-15,1531666800
3127,R_3HzhKIwCcybjVbM,SPACE_HEATER,2018-07-15,1531666800
3128,R_3IQQB0Dtvv9riqZ,PHYSICAL_MOVIE,2018-07-15,1531666800
3129,R_3IQQB0Dtvv9riqZ,PANTS,2018-07-15,1531666800
3130,R_3Mc9nZhk6fg7b8z,NUTRITIONAL_SUPPLEMENT,2018-07-15,1531666800
3131,R_3Mc9nZhk6fg7b8z,TOWEL,2018-07-15,1531666800
3132,R_3Mli97JX0WeLIos,UNDERPANTS,2018-07-15,1531666800
3133,R_3Mli97JX0WeLIos,BATH_SAFETY_SEATING,2018-07-15,1531666800
3134,R_3Mli97JX0WeLIos,PET_FOOD,2018-07-15,1531666800
3135,R_3Mli97JX0WeLIos,BRA,2018-07-15,1531666800
3136,R_3Mli97JX0WeLIos,SHOES,2018-07-15,1531666800
3137,R_3MyEdXOZ8P75S1V,ANTENNA,2018-07-15,1531666800
3138,R_3MyEdXOZ8P75S1V,LEVEL,2018-07-15,1531666800
3139,R_3NwUrzA3eAsS3xO,PAINT,2018-07-15,1531666800
3140,R_3NwUrzA3eAsS3xO,GARDEN_SHEAR_SCISSORS,2018-07-15,1531666800
3141,R_3PcameSHVD10BZP,FOOD_MIXER,2018-07-15,1531666800
3142,R_3PcameSHVD10BZP,PANTS,2018-07-15,1531666800
3143,R_3PcameSHVD10BZP,SHOES,2018-07-15,1531666800
3144,R_3PcameSHVD10BZP,SKIN_MOISTURIZER,2018-07-15,1531666800
3145,R_3PcameSHVD10BZP,VITAMIN,2018-07-15,1531666800
3146,R_3PcameSHVD10BZP,AIR_GUN_PROJECTILE,2018-07-15,1531666800
3147,R_3PcameSHVD10BZP,NUTRITIONAL_SUPPLEMENT,2018-07-15,1531666800
3148,R_3PcameSHVD10BZP,ELECTRIC_CIRCUIT_TESTING_DEVICE,2018-07-15,1531666800
3149,R_3PcameSHVD10BZP,SECURITY_CAMERA,2018-07-15,1531666800
3150,R_3R3FfvTaRKxigNl,ABIS_BOOK,2018-07-15,1531666800
3151,R_3R3FfvTaRKxigNl,HEALTH_PERSONAL_CARE,2018-07-15,1531666800
3152,R_3R3FfvTaRKxigNl,VITAMIN,2018-07-15,1531666800
3153,R_3R3FfvTaRKxigNl,PHYSICAL_MOVIE,2018-07-15,1531666800
3154,R_3R3FfvTaRKxigNl,SWEATER,2018-07-15,1531666800
3155,R_3R3FfvTaRKxigNl,NUTRITIONAL_SUPPLEMENT,2018-07-15,1531666800
3156,R_3R3FfvTaRKxigNl,POTABLE_WATER_FILTER,2018-07-15,1531666800
3157,R_3R3FfvTaRKxigNl,SHOES,2018-07-15,1531666800
3158,R_3R3FfvTaRKxigNl,PET_FOOD,2018-07-15,1531666800
3159,R_3R3FfvTaRKxigNl,HOOK_LOOP_FASTENER,2018-07-15,1531666800
3160,R_3R3FfvTaRKxigNl,LAB_SUPPLY,2018-07-15,1531666800
3161,R_3R3FfvTaRKxigNl,CELLULAR_PHONE_CASE,2018-07-15,1531666800
3162,R_3R3FfvTaRKxigNl,VITAMIN,2018-07-15,1531666800
3163,R_3R3FfvTaRKxigNl,VITAMIN,2018-07-15,1531666800
3164,R_3R3FfvTaRKxigNl,HOBBIES,2018-07-15,1531666800
3165,R_3emmbwwsXsxt4Oj,MEDICATION,2018-07-15,1531666800
3166,R_3gTrwWhEzAv6gzH,NETTING_COVER,2018-07-15,1531666800
3167,R_3gTrwWhEzAv6gzH,SECURITY_ELECTRONICS,2018-07-15,1531666800
3168,R_3gTrwWhEzAv6gzH,ADHESIVES_AND_SEALANTS,2018-07-15,1531666800
3169,R_3hAWVPrKOvOzR1e,NUTRITIONAL_SUPPLEMENT,2018-07-15,1531666800
3170,R_3iJyVGzX7fyajRz,PACIFIER,2018-07-15,1531666800
3171,R_3iJyVGzX7fyajRz,PANTS,2018-07-15,1531666800
3172,R_3iJyVGzX7fyajRz,CELLULAR_PHONE_CASE,2018-07-15,1531666800
3173,R_3iJyVGzX7fyajRz,BATTERY,2018-07-15,1531666800
3174,R_3r26NAbVnDpIxzF,WRITING_INSTRUMENT,2018-07-15,1531666800
3175,R_3socPWD3wXD0iDP,SYSTEM_CABINET,2018-07-15,1531666800
3176,R_4PhRzF4UI9ooLh7,ELECTRONIC_CABLE,2018-07-15,1531666800
3177,R_4PhRzF4UI9ooLh7,GROCERY,2018-07-15,1531666800
3178,R_4YjfHl0af8gN30Z,LIGHT_BULB,2018-07-15,1531666800
3179,R_6RpwKYK0Mr2zKBH,HAIR_COLORING_AGENT,2018-07-15,1531666800
3180,R_6RpwKYK0Mr2zKBH,DRESS,2018-07-15,1531666800
3181,R_6RpwKYK0Mr2zKBH,DRESS,2018-07-15,1531666800
3182,R_6fzbeTqbnF0kBih,ELECTRONIC_DEVICE_SKIN,2018-07-15,1531666800
3183,R_7ZH1uBNuL9RQ2K5,VITAMIN,2018-07-15,1531666800
3184,R_7ZH1uBNuL9RQ2K5,PET_FOOD,2018-07-15,1531666800
3185,R_85OdkeCoFP5daLL,CELLULAR_PHONE_CASE,2018-07-15,1531666800
3186,R_89aTM1JXN8SWr3b,HOUSEHOLD_STAIN,2018-07-15,1531666800
3187,R_89aTM1JXN8SWr3b,CHANGING_PAD_COVER,2018-07-15,1531666800
3188,R_89aTM1JXN8SWr3b,BATTERY,2018-07-15,1531666800
3189,R_89aTM1JXN8SWr3b,CORD_MANAGEMENT_COVER,2018-07-15,1531666800
3190,R_89aTM1JXN8SWr3b,AV_SIGNAL_SWITCH,2018-07-15,1531666800
3191,R_89aTM1JXN8SWr3b,VITAMIN,2018-07-15,1531666800
3192,R_8CXcySQawXPuJwJ,CELLULAR_PHONE_CASE,2018-07-15,1531666800
3193,R_8CXcySQawXPuJwJ,CELLULAR_PHONE_CASE,2018-07-15,1531666800
3194,R_8CXcySQawXPuJwJ,PHYSICAL_MOVIE,2018-07-15,1531666800
3195,R_8CXcySQawXPuJwJ,TOYS_AND_GAMES,2018-07-15,1531666800
3196,R_8CXcySQawXPuJwJ,DRILL_BITS,2018-07-15,1531666800
3197,R_8CXcySQawXPuJwJ,SKIN_MOISTURIZER,2018-07-15,1531666800
3198,R_8CXcySQawXPuJwJ,HEADPHONES,2018-07-15,1531666800
3199,R_8pMsG4P0RqzoSlz,PANTS,2018-07-15,1531666800
3200,R_8pMsG4P0RqzoSlz,ABIS_DVD,2018-07-15,1531666800
3201,R_8piDwWBq7V7tyZb,HVAC_AIR_FILTER,2018-07-15,1531666800
3202,R_8vnpSkm79W7Jsv7,GROCERY,2018-07-15,1531666800
3203,R_AM0OvM0F9kBvqal,HEADPHONES,2018-07-15,1531666800
3204,R_BWhnv4EdbhSS6rf,HEALTH_PERSONAL_CARE,2018-07-15,1531666800
3205,R_BWhnv4EdbhSS6rf,TOILET_PAPER,2018-07-15,1531666800
3206,R_OGN3QDO9930tfAl,HAND_STRENGTHENER,2018-07-15,1531666800
3207,R_Ox2cOKKad6zHXtT,SHIRT,2018-07-15,1531666800
3208,R_Ox2cOKKad6zHXtT,SNACK_FOOD_BAR,2018-07-15,1531666800
3209,R_PwlnzzccUMXV0n7,MEDICATION,2018-07-15,1531666800
3210,R_V1EWFs6tkv2DaMN,AUTO_ACCESSORY,2018-07-15,1531666800
3211,R_Wj4UUQUNrJKEYKJ,HEALTH_PERSONAL_CARE,2018-07-15,1531666800
3212,R_Wj4UUQUNrJKEYKJ,NUTRITIONAL_SUPPLEMENT,2018-07-15,1531666800
3213,R_XuCuybjxPer1OeJ,ABIS_BOOK,2018-07-15,1531666800
3214,R_XuCuybjxPer1OeJ,BATTERY,2018-07-15,1531666800
3215,R_ZkokwdIEZybYo9z,SHOES,2018-07-15,1531666800
3216,R_ZkokwdIEZybYo9z,FOOD_MASHER,2018-07-15,1531666800
3217,R_ZkokwdIEZybYo9z,VACUUM_FILTER,2018-07-15,1531666800
3218,R_ZkokwdIEZybYo9z,SKIN_CLEANING_AGENT,2018-07-15,1531666800
3219,R_b3dSUlk76L0C6TD,CHEWING_GUM,2018-07-15,1531666800
3220,R_bBgIkZfU6RwGLWF,PET_FEEDER,2018-07-15,1531666800
3221,R_blmQEhOrCwpqG4x,DOORSTOP,2018-07-15,1531666800
3222,R_blmQEhOrCwpqG4x,COMPUTER,2018-07-15,1531666800
3223,R_eyQl26Pq4cq0Xmx,ABIS_BOOK,2018-07-15,1531666800
3224,R_eyQl26Pq4cq0Xmx,HEALTH_PERSONAL_CARE,2018-07-15,1531666800
3225,R_eyQl26Pq4cq0Xmx,WIRELESS_ACCESSORY,2018-07-15,1531666800
3226,R_eyQl26Pq4cq0Xmx,TOYS_AND_GAMES,2018-07-15,1531666800
3227,R_pRWnSKTREPIwpSF,LEOTARD,2018-07-15,1531666800
3228,R_r1oTDkv1OlGnNuN,TOYS_AND_GAMES,2018-07-15,1531666800
3229,R_r1qqClBL89aFjXP,PANTS,2018-07-15,1531666800
3230,R_tDI0MmPcVp5b2Xn,HEADPHONES,2018-07-15,1531666800
3231,R_u9qeol6zlUcq13j,PET_FOOD,2018-07-15,1531666800
3232,R_u9qeol6zlUcq13j,PAJAMAS,2018-07-15,1531666800
3233,R_u9qeol6zlUcq13j,PAPER_PRODUCT,2018-07-15,1531666800
3234,R_uqbcSq7y153jKmZ,SKIN_MOISTURIZER,2018-07-15,1531666800
3235,R_xsyCKTazvY4vHbz,CELLULAR_PHONE_CASE,2018-07-15,1531666800
3236,R_0Arj0ePpTnReV1v,PANTS,2018-07-16,1531753200
3237,R_0Arj0ePpTnReV1v,COOKIE_CUTTER,2018-07-16,1531753200
3238,R_0InTWTWokrqzy3n,SHIRT,2018-07-16,1531753200
3239,R_0InTWTWokrqzy3n,NUTRITIONAL_SUPPLEMENT,2018-07-16,1531753200
3240,R_0InTWTWokrqzy3n,MASCARA,2018-07-16,1531753200
3241,R_0InTWTWokrqzy3n,MASCARA,2018-07-16,1531753200
3242,R_0c8VclJcriEXQqZ,NUTRITIONAL_SUPPLEMENT,2018-07-16,1531753200
3243,R_0wCTiXC54rMN0J3,SCULPTING_MATERIAL,2018-07-16,1531753200
3244,R_0wCTiXC54rMN0J3,PANTS,2018-07-16,1531753200
3245,R_10uU7A3PqkL1i0o,NUTRITIONAL_SUPPLEMENT,2018-07-16,1531753200
3246,R_10wSqGFumZGSTmH,CONTAINER_LID,2018-07-16,1531753200
3247,R_10wSqGFumZGSTmH,NAIL_POWDER,2018-07-16,1531753200
3248,R_128UcvT7YzJpnZv,FLOUR,2018-07-16,1531753200
3249,R_128UcvT7YzJpnZv,ANIMAL_CARRIER,2018-07-16,1531753200
3250,R_128UcvT7YzJpnZv,FLASH_MEMORY,2018-07-16,1531753200
3251,R_1C4nKyrv0w2thJn,SHIRT,2018-07-16,1531753200
3252,R_1C4nKyrv0w2thJn,SCREEN_PROTECTOR,2018-07-16,1531753200
3253,R_1C4nKyrv0w2thJn,FLAVORED_DRINK_CONCENTRATE,2018-07-16,1531753200
3254,R_1C4nKyrv0w2thJn,KITCHEN,2018-07-16,1531753200
3255,R_1C4nKyrv0w2thJn,HAIR_COLORING_AGENT,2018-07-16,1531753200
3256,R_1C4nKyrv0w2thJn,ANIMAL_RECOVERY_COLLAR_CONE,2018-07-16,1531753200
3257,R_1C4nKyrv0w2thJn,JEWELRY_STORAGE,2018-07-16,1531753200
3258,R_1C4nKyrv0w2thJn,ANIMAL_RECOVERY_COLLAR_CONE,2018-07-16,1531753200
3259,R_1C4nKyrv0w2thJn,PANTS,2018-07-16,1531753200
3260,R_1C4nKyrv0w2thJn,SLEEPING_MAT,2018-07-16,1531753200
3261,R_1C4nKyrv0w2thJn,CELLULAR_PHONE_CASE,2018-07-16,1531753200
3262,R_1C4nKyrv0w2thJn,HEALTH_PERSONAL_CARE,2018-07-16,1531753200
3263,R_1C4nKyrv0w2thJn,SEASONING,2018-07-16,1531753200
3264,R_1C4nKyrv0w2thJn,SHIRT,2018-07-16,1531753200
3265,R_1CDqTWLWIk642Vp,PORTABLE_ELECTRONIC_DEVICE_MOUNT,2018-07-16,1531753200
3266,R_1CDqTWLWIk642Vp,PHYSICAL_SOFTWARE,2018-07-16,1531753200
3267,R_1CDqTWLWIk642Vp,ELECTRIC_WATER_BOILER,2018-07-16,1531753200
3268,R_1CjWIsByjtP0GxZ,WINDOW_SHADE,2018-07-16,1531753200
3269,R_1CjWIsByjtP0GxZ,INSTALLATION_SERVICES,2018-07-16,1531753200
3270,R_1DYjkc1gJNvrzzL,SYRINGE,2018-07-16,1531753200
3271,R_1DYjkc1gJNvrzzL,MILK_FROTHER,2018-07-16,1531753200
3272,R_1DYjkc1gJNvrzzL,SNACK_FOOD_BAR,2018-07-16,1531753200
3273,R_1DYjkc1gJNvrzzL,MATTRESS_COVER,2018-07-16,1531753200
3274,R_1E3TJBNJVtr3tcD,SKIN_CLEANING_AGENT,2018-07-16,1531753200
3275,R_1E3TJBNJVtr3tcD,BODY_DEODORANT,2018-07-16,1531753200
3276,R_1E3TJBNJVtr3tcD,PANTS,2018-07-16,1531753200
3277,R_1E3TJBNJVtr3tcD,PANTS,2018-07-16,1531753200
3278,R_1E3TJBNJVtr3tcD,LIGHT_BULB,2018-07-16,1531753200
3279,R_1E3TJBNJVtr3tcD,SHOES,2018-07-16,1531753200
3280,R_1Egu0oETMcJuIOb,BABY_PRODUCT,2018-07-16,1531753200
3281,R_1Egu0oETMcJuIOb,SHIRT,2018-07-16,1531753200
3282,R_1Egu0oETMcJuIOb,TOYS_AND_GAMES,2018-07-16,1531753200
3283,R_1Fyt6rHyiQcVOT8,PET_FOOD,2018-07-16,1531753200
3284,R_1Fyt6rHyiQcVOT8,HEALTH_PERSONAL_CARE,2018-07-16,1531753200
3285,R_1Fyt6rHyiQcVOT8,SKIN_MOISTURIZER,2018-07-16,1531753200
3286,R_1Fyt6rHyiQcVOT8,DIE_CUT_MACHINE,2018-07-16,1531753200
3287,R_1Fyt6rHyiQcVOT8,PHYSICAL_MOVIE,2018-07-16,1531753200
3288,R_1Fyt6rHyiQcVOT8,PHYSICAL_MOVIE,2018-07-16,1531753200
3289,R_1GWwhndoXXJDzDA,ICE_CHEST,2018-07-16,1531753200
3290,R_1GWwhndoXXJDzDA,ELECTRONIC_COMPONENT_FAN,2018-07-16,1531753200
3291,R_1IZrt5CyqgTg2Qe,BATTERY_CHARGER,2018-07-16,1531753200
3292,R_1IZrt5CyqgTg2Qe,SHOES,2018-07-16,1531753200
3293,R_1IaQCAaU1CcbXWO,VITAMIN,2018-07-16,1531753200
3294,R_1Kru2C0Zf28ZbQ0,TIMER,2018-07-16,1531753200
3295,R_1LMa9REuvUok05j,SHIRT,2018-07-16,1531753200
3296,R_1LMa9REuvUok05j,SPORTING_GOODS,2018-07-16,1531753200
3297,R_1LRR1P5IQqdSvIP,VITAMIN,2018-07-16,1531753200
3298,R_1NCzj2eSHI4QGcd,SKIN_MOISTURIZER,2018-07-16,1531753200
3299,R_1NDq0rxoUSu6oyz,PRETEND_PLAY_TOY,2018-07-16,1531753200
3300,R_1NDq0rxoUSu6oyz,COSTUME_EYEWEAR,2018-07-16,1531753200
3301,R_1NDq0rxoUSu6oyz,HEADPHONES,2018-07-16,1531753200
3302,R_1NDq0rxoUSu6oyz,ABIS_BOOK,2018-07-16,1531753200
3303,R_1NDq0rxoUSu6oyz,SANDAL,2018-07-16,1531753200
3304,R_1NDq0rxoUSu6oyz,TOY_FIGURE,2018-07-16,1531753200
3305,R_1NDq0rxoUSu6oyz,BATH_TOY,2018-07-16,1531753200
3306,R_1NDq0rxoUSu6oyz,SHOES,2018-07-16,1531753200
3307,R_1OlyKZYuQUE5Cgc,PET_TOY,2018-07-16,1531753200
3308,R_1OlyKZYuQUE5Cgc,UTILITY_SPONGE,2018-07-16,1531753200
3309,R_1OlyKZYuQUE5Cgc,SCREEN_PROTECTOR,2018-07-16,1531753200
3310,R_1OlyKZYuQUE5Cgc,ABIS_BOOK,2018-07-16,1531753200
3311,R_1OlyKZYuQUE5Cgc,CELLULAR_PHONE_CASE,2018-07-16,1531753200
3312,R_1OlyKZYuQUE5Cgc,PANTS,2018-07-16,1531753200
3313,R_1OlyKZYuQUE5Cgc,PANTS,2018-07-16,1531753200
3314,R_1OlyKZYuQUE5Cgc,MEDICATION,2018-07-16,1531753200
3315,R_1P0kCmz0zdMSEld,HANGING_ROD,2018-07-16,1531753200
3316,R_1PUcgnVG2i0EBz4,CAMPING_EQUIPMENT,2018-07-16,1531753200
3317,R_1PUcgnVG2i0EBz4,SKIN_MOISTURIZER,2018-07-16,1531753200
3318,R_1PUcgnVG2i0EBz4,COMPUTER_PROCESSOR,2018-07-16,1531753200
3319,R_1PUcgnVG2i0EBz4,PLACEMAT,2018-07-16,1531753200
3320,R_1PUcgnVG2i0EBz4,MENSTRUAL_CUP,2018-07-16,1531753200
3321,R_1PUcgnVG2i0EBz4,PET_FOOD,2018-07-16,1531753200
3322,R_1PUcgnVG2i0EBz4,SKIN_CLEANING_AGENT,2018-07-16,1531753200
3323,R_1PUcgnVG2i0EBz4,ABIS_GIFT_CARD,2018-07-16,1531753200
3324,R_1PUcgnVG2i0EBz4,SKIN_MOISTURIZER,2018-07-16,1531753200
3325,R_1PUcgnVG2i0EBz4,TOYS_AND_GAMES,2018-07-16,1531753200
3326,R_1PUcgnVG2i0EBz4,ARTIFICIAL_PLANT,2018-07-16,1531753200
3327,R_1PUcgnVG2i0EBz4,COMPUTER_PROCESSOR,2018-07-16,1531753200
3328,R_1PUcgnVG2i0EBz4,HEADPHONES,2018-07-16,1531753200
3329,R_1PUcgnVG2i0EBz4,BRA,2018-07-16,1531753200
3330,R_1PcttxbjmIpzZ9t,GROCERY,2018-07-16,1531753200
3331,R_1PcttxbjmIpzZ9t,PHYSICAL_MOVIE,2018-07-16,1531753200
3332,R_1QG7SsKpYQgSIAF,PANTS,2018-07-16,1531753200
3333,R_1QG7SsKpYQgSIAF,VITAMIN,2018-07-16,1531753200
3334,R_1QG7SsKpYQgSIAF,PHYSICAL_MOVIE,2018-07-16,1531753200
3335,R_1QKu8qtvgo0d1uS,STANDALONE_STREAMING_MEDIA_PLAYER,2018-07-16,1531753200
3336,R_1QLfbB3Lho273wG,BANNER,2018-07-16,1531753200
3337,R_1QLfbB3Lho273wG,EARRING,2018-07-16,1531753200
3338,R_1QLfbB3Lho273wG,COMPUTER_PROCESSOR,2018-07-16,1531753200
3339,R_1QhEPMXONBU12sq,SKIN_CLEANING_AGENT,2018-07-16,1531753200
3340,R_1QhEPMXONBU12sq,PLANT_SEED,2018-07-16,1531753200
3341,R_1Xhiz3TBoe2gQdH,CELLULAR_PHONE_CASE,2018-07-16,1531753200
3342,R_1dFu7LeBJE3Wd6p,PET_FOOD,2018-07-16,1531753200
3343,R_1dFu7LeBJE3Wd6p,HEADPHONES,2018-07-16,1531753200
3344,R_1dFu7LeBJE3Wd6p,RICE_COOKERS,2018-07-16,1531753200
3345,R_1dFu7LeBJE3Wd6p,SCISSORS,2018-07-16,1531753200
3346,R_1dFu7LeBJE3Wd6p,SNACK_FOOD_BAR,2018-07-16,1531753200
3347,R_1dFu7LeBJE3Wd6p,CAMERA_OTHER_ACCESSORIES,2018-07-16,1531753200
3348,R_1dFu7LeBJE3Wd6p,SHIRT,2018-07-16,1531753200
3349,R_1dFu7LeBJE3Wd6p,SNACK_FOOD_BAR,2018-07-16,1531753200
3350,R_1dFu7LeBJE3Wd6p,GROCERY,2018-07-16,1531753200
3351,R_1dFu7LeBJE3Wd6p,RICE_COOKERS,2018-07-16,1531753200
3352,R_1dFu7LeBJE3Wd6p,BATTERY,2018-07-16,1531753200
3353,R_1dFu7LeBJE3Wd6p,SCISSORS,2018-07-16,1531753200
3354,R_1dFu7LeBJE3Wd6p,TOYS_AND_GAMES,2018-07-16,1531753200
3355,R_1dKBjc0UTA0ZiYb,HARDWARE_BEARING,2018-07-16,1531753200
3356,R_1dKBjc0UTA0ZiYb,DRESS,2018-07-16,1531753200
3357,R_1dlSByn2AyHWx7r,MEDICATION,2018-07-16,1531753200
3358,R_1dppjLIFEdj7Kq5,HEALTH_PERSONAL_CARE,2018-07-16,1531753200
3359,R_1dppjLIFEdj7Kq5,CELLULAR_PHONE_CASE,2018-07-16,1531753200
3360,R_1dppjLIFEdj7Kq5,SPORTING_GOODS,2018-07-16,1531753200
3361,R_1gOX88nojaBXOt2,COCKTAIL_SHAKER,2018-07-16,1531753200
3362,R_1gOX88nojaBXOt2,GROCERY,2018-07-16,1531753200
3363,R_1gOX88nojaBXOt2,SHARPS_DISPOSAL_CONTAINER,2018-07-16,1531753200
3364,R_1gU6N4NRSwc9ONd,AMAZON_TABLET,2018-07-16,1531753200
3365,R_1gU6N4NRSwc9ONd,SKIN_MOISTURIZER,2018-07-16,1531753200
3366,R_1gU6N4NRSwc9ONd,WIG,2018-07-16,1531753200
3367,R_1gU6N4NRSwc9ONd,SCREEN_PROTECTOR,2018-07-16,1531753200
3368,R_1gwL8QZGzhV0g3G,MEASURING_CUP,2018-07-16,1531753200
3369,R_1gwL8QZGzhV0g3G,HEALTH_PERSONAL_CARE,2018-07-16,1531753200
3370,R_1gwL8QZGzhV0g3G,HANDLEBAR_GRIP,2018-07-16,1531753200
3371,R_1gwL8QZGzhV0g3G,SHIRT,2018-07-16,1531753200
3372,R_1gwL8QZGzhV0g3G,TRACTION_CLEAT,2018-07-16,1531753200
3373,R_1gwL8QZGzhV0g3G,PHYSICAL_MOVIE,2018-07-16,1531753200
3374,R_1hLPyY3aamfi3xT,BOOK,2018-07-16,1531753200
3375,R_1hLPyY3aamfi3xT,OUTDOOR_RECREATION_PRODUCT,2018-07-16,1531753200
3376,R_1hLPyY3aamfi3xT,DRINK_FLAVORED,2018-07-16,1531753200
3377,R_1hLPyY3aamfi3xT,HEALTH_PERSONAL_CARE,2018-07-16,1531753200
3378,R_1ig4LC2I0cwMCHk,PANTS,2018-07-16,1531753200
3379,R_1ig4LC2I0cwMCHk,HEADPHONES,2018-07-16,1531753200
3380,R_1ig4LC2I0cwMCHk,CELLULAR_PHONE_CASE,2018-07-16,1531753200
3381,R_1ig4LC2I0cwMCHk,PANTS,2018-07-16,1531753200
3382,R_1ig4LC2I0cwMCHk,ELECTRONIC_CABLE,2018-07-16,1531753200
3383,R_1j6t5KhjtwDhdKa,PET_FOOD,2018-07-16,1531753200
3384,R_1jdLI5cWhAhAzSB,NUTRITIONAL_SUPPLEMENT,2018-07-16,1531753200
3385,R_1jdLI5cWhAhAzSB,WATER_PUMP,2018-07-16,1531753200
3386,R_1jdLI5cWhAhAzSB,PET_BED_MAT,2018-07-16,1531753200
3387,R_1lfNYOmsEIqOn65,PET_FOOD,2018-07-16,1531753200
3388,R_1mQrQ5EFGvbBRLb,TOYS_AND_GAMES,2018-07-16,1531753200
3389,R_1mebUZZHsgPDgzX,BACKPACK,2018-07-16,1531753200
3390,R_1oFRyes3ggnKU4B,ELECTROMECHANICAL_GAUGE,2018-07-16,1531753200
3391,R_1oFRyes3ggnKU4B,FIDGET_TOY,2018-07-16,1531753200
3392,R_1oFSDeGAQcUN2v8,LIGHT_BULB,2018-07-16,1531753200
3393,R_1oFSDeGAQcUN2v8,PHYSICAL_MOVIE,2018-07-16,1531753200
3394,R_1obwpb6iowh7vew,PHYSICAL_VIDEO_GAME_SOFTWARE,2018-07-16,1531753200
3395,R_1obwpb6iowh7vew,ABIS_BOOK,2018-07-16,1531753200
3396,R_1psTlOFeWx4gWdX,GROCERY,2018-07-16,1531753200
3397,R_1psTlOFeWx4gWdX,WALKER,2018-07-16,1531753200
3398,R_1psTlOFeWx4gWdX,PESTICIDE,2018-07-16,1531753200
3399,R_1psTlOFeWx4gWdX,VEHICLE_COVER,2018-07-16,1531753200
3400,R_1r8u9f1vT8Y3HrC,TOASTER,2018-07-16,1531753200
3401,R_1r8u9f1vT8Y3HrC,TOWEL,2018-07-16,1531753200
3402,R_1r8u9f1vT8Y3HrC,BOTTLE,2018-07-16,1531753200
3403,R_1r8u9f1vT8Y3HrC,COTTON_PAD,2018-07-16,1531753200
3404,R_1r8u9f1vT8Y3HrC,LIGHT_BULB,2018-07-16,1531753200
3405,R_20Yd9DvrGselmZY,TOYS_AND_GAMES,2018-07-16,1531753200
3406,R_20Z3XrmdVrFDp3r,SKIN_MOISTURIZER,2018-07-16,1531753200
3407,R_20Z3XrmdVrFDp3r,HEADPHONES,2018-07-16,1531753200
3408,R_210tLKdUbUZuf7O,KURTA,2018-07-16,1531753200
3409,R_22AmuBuGI7iFD1n,SPIRITS,2018-07-16,1531753200
3410,R_22SxELlmhBQCe1C,WAIST_CINCHER,2018-07-16,1531753200
3411,R_22SxELlmhBQCe1C,PET_FOOD,2018-07-16,1531753200
3412,R_22SxELlmhBQCe1C,SKIN_CLEANING_AGENT,2018-07-16,1531753200
3413,R_22SxELlmhBQCe1C,HEALTH_PERSONAL_CARE,2018-07-16,1531753200
3414,R_23enipHqTsjcQfN,HARDWARE_HANDLE,2018-07-16,1531753200
3415,R_25Wwg273Uw26jA1,PASTA_MAKER,2018-07-16,1531753200
3416,R_25Wwg273Uw26jA1,ABIS_BOOK,2018-07-16,1531753200
3417,R_25Wwg273Uw26jA1,PRESSURE_COOKER,2018-07-16,1531753200
3418,R_25Wwg273Uw26jA1,COCKTAIL_SHAKER,2018-07-16,1531753200
3419,R_25Wwg273Uw26jA1,PASTA_MAKER,2018-07-16,1531753200
3420,R_25YqaojEWt641sK,CORE_PIT_REMOVER,2018-07-16,1531753200
3421,R_25YqaojEWt641sK,DRINK_FLAVORED,2018-07-16,1531753200
3422,R_25YqaojEWt641sK,SHOES,2018-07-16,1531753200
3423,R_25YqaojEWt641sK,FIRST_AID_KIT,2018-07-16,1531753200
3424,R_25YqaojEWt641sK,CARABINER,2018-07-16,1531753200
3425,R_25YqaojEWt641sK,CARABINER,2018-07-16,1531753200
3426,R_25YqaojEWt641sK,SCREEN_PROTECTOR,2018-07-16,1531753200
3427,R_25YqaojEWt641sK,HOSE_PIPE_FITTING,2018-07-16,1531753200
3428,R_25YqaojEWt641sK,REMOTE_CONTROL,2018-07-16,1531753200
3429,R_26nB6rfoaXIEb6Z,PANTS,2018-07-16,1531753200
3430,R_27g6uEEgxm7kwNu,ELECTRONIC_CABLE,2018-07-16,1531753200
3431,R_27g6uEEgxm7kwNu,ELECTRONIC_FINDER,2018-07-16,1531753200
3432,R_27g6uEEgxm7kwNu,BICYCLE_SEATPOST,2018-07-16,1531753200
3433,R_27g6uEEgxm7kwNu,NUTRITIONAL_SUPPLEMENT,2018-07-16,1531753200
3434,R_28BST1zc80UaP2C,GROCERY,2018-07-16,1531753200
3435,R_28SckJ1LanzFPvD,SHARP_PIN,2018-07-16,1531753200
3436,R_29iGyG3WSmKo5Te,OIL_FILTER,2018-07-16,1531753200
3437,R_29iGyG3WSmKo5Te,ELECTRONIC_CABLE,2018-07-16,1531753200
3438,R_29iGyG3WSmKo5Te,BAKEWARE,2018-07-16,1531753200
3439,R_29uBVByYo0xAXiZ,ELECTRONIC_CABLE,2018-07-16,1531753200
3440,R_29uBVByYo0xAXiZ,RECREATION_BALL,2018-07-16,1531753200
3441,R_2AGpSTOzeeHqMYd,MUSICAL_INSTRUMENT_TOY,2018-07-16,1531753200
3442,R_2ASz0xBmcxqYzUJ,PHYSICAL_MOVIE,2018-07-16,1531753200
3443,R_2ASz0xBmcxqYzUJ,PROTECTIVE_GLOVE,2018-07-16,1531753200
3444,R_2ASz0xBmcxqYzUJ,APPAREL_GLOVES,2018-07-16,1531753200
3445,R_2AXcJk6rRN4M33l,HAIR_STYLING_AGENT,2018-07-16,1531753200
3446,R_2BsOEd1kkGunQti,FOOD_SLICER,2018-07-16,1531753200
3447,R_2BsOEd1kkGunQti,DRINKING_CUP,2018-07-16,1531753200
3448,R_2CJ9tQVGVUnaesS,SNACK_FOOD_BAR,2018-07-16,1531753200
3449,R_2CJ9tQVGVUnaesS,MISC_WORLD_INSTRUMENTS,2018-07-16,1531753200
3450,R_2D2K5rKv8NODIDZ,SKIN_CLEANING_AGENT,2018-07-16,1531753200
3451,R_2D2K5rKv8NODIDZ,BATTERY,2018-07-16,1531753200
3452,R_2DOWnSX3XtTVapF,THREAD_CORD,2018-07-16,1531753200
3453,R_2DOWnSX3XtTVapF,SKIN_MOISTURIZER,2018-07-16,1531753200
3454,R_2DOWnSX3XtTVapF,ASTRINGENT_SUBSTANCE,2018-07-16,1531753200
3455,R_2DSIdH6iUv9yJ8V,ELECTRONIC_CABLE,2018-07-16,1531753200
3456,R_2DSIdH6iUv9yJ8V,FOOD_BLENDER,2018-07-16,1531753200
3457,R_2DSIdH6iUv9yJ8V,THICKENING_AGENT,2018-07-16,1531753200
3458,R_2DSIdH6iUv9yJ8V,POTABLE_WATER_FILTER,2018-07-16,1531753200
3459,R_2DXPyU9bPnWuZPM,ELLIPTICAL_TRAINER,2018-07-16,1531753200
3460,R_2E5XCpTY2B5ZQ1f,MEDICATION,2018-07-16,1531753200
3461,R_2E5XCpTY2B5ZQ1f,SHIRT,2018-07-16,1531753200
3462,R_2E5XCpTY2B5ZQ1f,GROCERY,2018-07-16,1531753200
3463,R_2E5XCpTY2B5ZQ1f,MEAL_REPLACEMENT_BEVERAGE,2018-07-16,1531753200
3464,R_2EglJpTWGEiwQYa,SNACK_FOOD_BAR,2018-07-16,1531753200
3465,R_2OOq3ysdOS3TtBd,SHOES,2018-07-16,1531753200
3466,R_2OOq3ysdOS3TtBd,MEDICAL_SCRUB_SET,2018-07-16,1531753200
3467,R_2Pd2JtrvgaRUFB3,BAKING_CUP,2018-07-16,1531753200
3468,R_2Pd2JtrvgaRUFB3,ELECTRONIC_CABLE,2018-07-16,1531753200
3469,R_2Pd2JtrvgaRUFB3,BATTERY,2018-07-16,1531753200
3470,R_2Pd2JtrvgaRUFB3,PHONE_ACCESSORY,2018-07-16,1531753200
3471,R_2Pd2JtrvgaRUFB3,BABY_PRODUCT,2018-07-16,1531753200
3472,R_2QswpKsGnL3NBXE,HEADPHONES,2018-07-16,1531753200
3473,R_2QswpKsGnL3NBXE,PENCIL_SHARPENER,2018-07-16,1531753200
3474,R_2QswpKsGnL3NBXE,BEAUTY,2018-07-16,1531753200
3475,R_2QswpKsGnL3NBXE,PENCIL_SHARPENER,2018-07-16,1531753200
3476,R_2QswpKsGnL3NBXE,VITAMIN,2018-07-16,1531753200
3477,R_2QswpKsGnL3NBXE,HEAT_PRESS,2018-07-16,1531753200
3478,R_2QswpKsGnL3NBXE,PENCIL_SHARPENER,2018-07-16,1531753200
3479,R_2QswpKsGnL3NBXE,PHYSICAL_MOVIE,2018-07-16,1531753200
3480,R_2QswpKsGnL3NBXE,TOYS_AND_GAMES,2018-07-16,1531753200
3481,R_2Qu0fgUOnDpaKDH,MEDICATION,2018-07-16,1531753200
3482,R_2Qu0fgUOnDpaKDH,SHOES,2018-07-16,1531753200
3483,R_2Qu0fgUOnDpaKDH,NUTRITIONAL_SUPPLEMENT,2018-07-16,1531753200
3484,R_2Qu0fgUOnDpaKDH,RAKE,2018-07-16,1531753200
3485,R_2Qu0fgUOnDpaKDH,CURTAIN,2018-07-16,1531753200
3486,R_2Qu0fgUOnDpaKDH,PORTABLE_ELECTRONIC_DEVICE_COVER,2018-07-16,1531753200
3487,R_2Qu0fgUOnDpaKDH,UMBRELLA,2018-07-16,1531753200
3488,R_2R3ayuIYVgX07CZ,TRAY,2018-07-16,1531753200
3489,R_2R3ayuIYVgX07CZ,WALL_PLATE,2018-07-16,1531753200
3490,R_2R3ayuIYVgX07CZ,SHIRT,2018-07-16,1531753200
3491,R_2R4boYTdbWuqO7J,HEALTH_PERSONAL_CARE,2018-07-16,1531753200
3492,R_2R4boYTdbWuqO7J,BAKING_CUP,2018-07-16,1531753200
3493,R_2R4boYTdbWuqO7J,TOYS_AND_GAMES,2018-07-16,1531753200
3494,R_2R4boYTdbWuqO7J,BEAUTY,2018-07-16,1531753200
3495,R_2R4boYTdbWuqO7J,HAIR_DRYER,2018-07-16,1531753200
3496,R_2R4boYTdbWuqO7J,SPARK_PLUG,2018-07-16,1531753200
3497,R_2R4boYTdbWuqO7J,FOOD,2018-07-16,1531753200
3498,R_2R4boYTdbWuqO7J,CHARGING_ADAPTER,2018-07-16,1531753200
3499,R_2R4boYTdbWuqO7J,SPARK_PLUG,2018-07-16,1531753200
3500,R_2Ser7goSgo0gVBj,TABLETOP_GAME,2018-07-16,1531753200
3501,R_2SksQStmmNpRaiB,GUILD_JEWELRY,2018-07-16,1531753200
3502,R_2SksQStmmNpRaiB,HEADPHONES,2018-07-16,1531753200
3503,R_2SksQStmmNpRaiB,HEADPHONES,2018-07-16,1531753200
3504,R_2SksQStmmNpRaiB,CELLULAR_PHONE_CASE,2018-07-16,1531753200
3505,R_2VC0DIxeSbfkTsv,NUTRITIONAL_SUPPLEMENT,2018-07-16,1531753200
3506,R_2VaWg2jhtCG6zmh,TOYS_AND_GAMES,2018-07-16,1531753200
3507,R_2VwjXhJ5OznStEi,HEALTH_PERSONAL_CARE,2018-07-16,1531753200
3508,R_2WAagX64hf1kdMI,SHAMPOO,2018-07-16,1531753200
3509,R_2WumP0iKDvwiM2r,BATTERY,2018-07-16,1531753200
3510,R_2WumP0iKDvwiM2r,TOYS_AND_GAMES,2018-07-16,1531753200
3511,R_2Xj7LtCe2Mt8jNi,SKIN_MOISTURIZER,2018-07-16,1531753200
3512,R_2Y9fPhqa2Xf2QdZ,MEDICATION,2018-07-16,1531753200
3513,R_2Y9fPhqa2Xf2QdZ,VITAMIN,2018-07-16,1531753200
3514,R_2Y9fPhqa2Xf2QdZ,HEALTH_PERSONAL_CARE,2018-07-16,1531753200
3515,R_2YJLVqCGAyLiODQ,PET_FOOD,2018-07-16,1531753200
3516,R_2YJLVqCGAyLiODQ,FOOD_PREPARATION_MOLD,2018-07-16,1531753200
3517,R_2YJLVqCGAyLiODQ,SHOES,2018-07-16,1531753200
3518,R_2ZOgImZ5BSZcQoz,ROLLING_PIN,2018-07-16,1531753200
3519,R_2ZOgImZ5BSZcQoz,SHIRT,2018-07-16,1531753200
3520,R_2ZOgImZ5BSZcQoz,CELLULAR_PHONE_CASE,2018-07-16,1531753200
3521,R_2ZOgImZ5BSZcQoz,LOCK,2018-07-16,1531753200
3522,R_2ZZSS68rfn9BMtt,REUSABLE_INCONTINENCE_SURFACE_PROTECTOR,2018-07-16,1531753200
3523,R_2ZZSS68rfn9BMtt,DAIRY_BASED_YOGURT,2018-07-16,1531753200
3524,R_2ZZSS68rfn9BMtt,ABIS_BOOK,2018-07-16,1531753200
3525,R_2ZZSS68rfn9BMtt,UNMANNED_AERIAL_VEHICLE,2018-07-16,1531753200
3526,R_2aKrOq0DBielcig,ABIS_BOOK,2018-07-16,1531753200
3527,R_2b1MfkpNO4V6xMv,GROCERY,2018-07-16,1531753200
3528,R_2ceL9KN7HJm0e43,POWER_STRIP,2018-07-16,1531753200
3529,R_2ceL9KN7HJm0e43,PET_FOOD,2018-07-16,1531753200
3530,R_2dFHfsIqQ6eEtVW,COFFEE_MAKER,2018-07-16,1531753200
3531,R_2e3bppvzM7Ynmch,SHIRT,2018-07-16,1531753200
3532,R_2e3bppvzM7Ynmch,PET_FOOD,2018-07-16,1531753200
3533,R_2e3bppvzM7Ynmch,APRON,2018-07-16,1531753200
3534,R_2e3bppvzM7Ynmch,ELECTRONIC_CABLE,2018-07-16,1531753200
3535,R_2e3bppvzM7Ynmch,SHEET_PAN,2018-07-16,1531753200
3536,R_2ebzj3o225IisIQ,MEDICATION,2018-07-16,1531753200
3537,R_2ebzj3o225IisIQ,SNACK_FOOD_BAR,2018-07-16,1531753200
3538,R_2ebzj3o225IisIQ,PET_FOOD,2018-07-16,1531753200
3539,R_2ebzj3o225IisIQ,DRINKING_CUP,2018-07-16,1531753200
3540,R_2ebzj3o225IisIQ,WALLET,2018-07-16,1531753200
3541,R_2ebzj3o225IisIQ,SEXUAL_STIMULATION_DEVICE,2018-07-16,1531753200
3542,R_2ebzj3o225IisIQ,DRINKING_CUP,2018-07-16,1531753200
3543,R_2ebzj3o225IisIQ,PERSONAL_COMPUTER,2018-07-16,1531753200
3544,R_2ebzj3o225IisIQ,SNACK_FOOD_BAR,2018-07-16,1531753200
3545,R_2ebzj3o225IisIQ,PORTABLE_ELECTRONIC_DEVICE_STAND,2018-07-16,1531753200
3546,R_2ebzj3o225IisIQ,MOUSE_PAD,2018-07-16,1531753200
3547,R_2ebzj3o225IisIQ,BICYCLE_BRAKE_PAD,2018-07-16,1531753200
3548,R_2ebzj3o225IisIQ,NAVIGATION_COMPASS,2018-07-16,1531753200
3549,R_2ebzj3o225IisIQ,ELECTRONIC_CABLE,2018-07-16,1531753200
3550,R_2ebzj3o225IisIQ,HEALTH_PERSONAL_CARE,2018-07-16,1531753200
3551,R_2ebzj3o225IisIQ,FLASHLIGHT,2018-07-16,1531753200
3552,R_2ebzj3o225IisIQ,BICYCLE_BRAKE_PAD,2018-07-16,1531753200
3553,R_2ebzj3o225IisIQ,WALLET,2018-07-16,1531753200
3554,R_2ebzj3o225IisIQ,SKIN_MOISTURIZER,2018-07-16,1531753200
3555,R_2ebzj3o225IisIQ,TOYS_AND_GAMES,2018-07-16,1531753200
3556,R_2ebzj3o225IisIQ,SOCKS,2018-07-16,1531753200
3557,R_2ebzj3o225IisIQ,HEALTH_PERSONAL_CARE,2018-07-16,1531753200
3558,R_2ebzj3o225IisIQ,NUTRITIONAL_SUPPLEMENT,2018-07-16,1531753200
3559,R_2ebzj3o225IisIQ,DRINKING_CUP,2018-07-16,1531753200
3560,R_2ebzj3o225IisIQ,SOCKS,2018-07-16,1531753200
3561,R_2ebzj3o225IisIQ,NUTRITIONAL_SUPPLEMENT,2018-07-16,1531753200
3562,R_2ebzj3o225IisIQ,OUTERWEAR,2018-07-16,1531753200
3563,R_2ebzj3o225IisIQ,MEDICATION,2018-07-16,1531753200
3564,R_2f7MFUqYnEv92pF,BUBBLE_MAKER,2018-07-16,1531753200
3565,R_2f7MFUqYnEv92pF,DISHWARE_PLATE,2018-07-16,1531753200
3566,R_2f7MFUqYnEv92pF,ORAL_IRRIGATOR,2018-07-16,1531753200
3567,R_2f7MFUqYnEv92pF,PET_FOOD,2018-07-16,1531753200
3568,R_2fIpcmjmR7iDqYo,ELECTRONIC_CABLE,2018-07-16,1531753200
3569,R_2fQoqPD5ygeWViN,VITAMIN,2018-07-16,1531753200
3570,R_2fQoqPD5ygeWViN,SEASONING_MILL,2018-07-16,1531753200
3571,R_2fQoqPD5ygeWViN,ABIS_BOOK,2018-07-16,1531753200
3572,R_2fQoqPD5ygeWViN,MATTRESS,2018-07-16,1531753200
3573,R_2fQoqPD5ygeWViN,SKIN_MOISTURIZER,2018-07-16,1531753200
3574,R_2fQoqPD5ygeWViN,VITAMIN,2018-07-16,1531753200
3575,R_2fQoqPD5ygeWViN,SKIN_CLEANING_AGENT,2018-07-16,1531753200
3576,R_2foIkyims4WyyYQ,PET_TOY,2018-07-16,1531753200
3577,R_2foIkyims4WyyYQ,DIVE_MASK,2018-07-16,1531753200
3578,R_2mAJniG0xVBIInL,BABY_PRODUCT,2018-07-16,1531753200
3579,R_2mAJniG0xVBIInL,BATTERY,2018-07-16,1531753200
3580,R_2mAJniG0xVBIInL,ABIS_BOOK,2018-07-16,1531753200
3581,R_2mAJniG0xVBIInL,LINT_REMOVER,2018-07-16,1531753200
3582,R_2q2hekIiutgInrE,SKIN_CLEANING_AGENT,2018-07-16,1531753200
3583,R_2q2hekIiutgInrE,ELECTRONIC_CABLE,2018-07-16,1531753200
3584,R_2qD8ep8d313iLj4,BICYCLE_BRAKE_PAD,2018-07-16,1531753200
3585,R_2qD8ep8d313iLj4,SKIN_CLEANING_AGENT,2018-07-16,1531753200
3586,R_2rVp4uDv9fYIfdd,CUFF_LINK,2018-07-16,1531753200
3587,R_2uZDxTZAORBIW1o,PERSONAL_FRAGRANCE,2018-07-16,1531753200
3588,R_2uZDxTZAORBIW1o,PET_FOOD,2018-07-16,1531753200
3589,R_2vYO5d3Ry8qjf5g,DAIRY_BASED_YOGURT,2018-07-16,1531753200
3590,R_2vYeXyFdrSyrVwh,BAKING_PAN,2018-07-16,1531753200
3591,R_2viT92732GnahDd,SKIN_MOISTURIZER,2018-07-16,1531753200
3592,R_2wHwNZWEecJflLc,FLOUR,2018-07-16,1531753200
3593,R_2wmCdm6ETy6g3k0,MEDICATION,2018-07-16,1531753200
3594,R_2wmLE1q4FIpfioi,WIPER_BLADE,2018-07-16,1531753200
3595,R_2wzatCV9Z18xLF2,TOYS_AND_GAMES,2018-07-16,1531753200
3596,R_2wzatCV9Z18xLF2,SKIN_CLEANING_AGENT,2018-07-16,1531753200
3597,R_2wzatCV9Z18xLF2,MECHANICAL_COMPONENTS,2018-07-16,1531753200
3598,R_2wzatCV9Z18xLF2,SKIN_CLEANING_AGENT,2018-07-16,1531753200
3599,R_2yjckpDXWcsiLPz,PHYSICAL_MOVIE,2018-07-16,1531753200
3600,R_2z7rLZb69WuqDdf,GROCERY,2018-07-16,1531753200
3601,R_2z7rLZb69WuqDdf,COMPUTER_INPUT_DEVICE,2018-07-16,1531753200
3602,R_2zl2FPoC5r6TsM6,CONDOM,2018-07-16,1531753200
3603,R_30kPg5opkenrGPb,MEDICATION,2018-07-16,1531753200
3604,R_31QS1Ms6iQEU3mI,HOME_LIGHTING_ACCESSORY,2018-07-16,1531753200
3605,R_31QS1Ms6iQEU3mI,FUNNEL,2018-07-16,1531753200
3606,R_31QS1Ms6iQEU3mI,NUTRITIONAL_SUPPLEMENT,2018-07-16,1531753200
3607,R_31QS1Ms6iQEU3mI,CELLULAR_PHONE_CASE,2018-07-16,1531753200
3608,R_31QS1Ms6iQEU3mI,VITAMIN,2018-07-16,1531753200
3609,R_31QS1Ms6iQEU3mI,POWER_CORD,2018-07-16,1531753200
3610,R_31QS1Ms6iQEU3mI,FUNNEL,2018-07-16,1531753200
3611,R_31XTJUT1qHoBGRZ,PET_PLACEMAT,2018-07-16,1531753200
3612,R_31ZxYxyOSie94bK,MEDICATION,2018-07-16,1531753200
3613,R_31ZxYxyOSie94bK,NUTRITIONAL_SUPPLEMENT,2018-07-16,1531753200
3614,R_31ZxYxyOSie94bK,SNACK_CHIP_AND_CRISP,2018-07-16,1531753200
3615,R_31ZxYxyOSie94bK,FREESTANDING_SHELTER,2018-07-16,1531753200
3616,R_33a2eGfoj5xSrE2,ABIS_BOOK,2018-07-16,1531753200
3617,R_3EQ2dhEXGhy72Xx,NUTRITIONAL_SUPPLEMENT,2018-07-16,1531753200
3618,R_3Em4Q2OBHB3m5rz,CELLULAR_PHONE_CASE,2018-07-16,1531753200
3619,R_3Em4Q2OBHB3m5rz,ANIMAL_HARNESS,2018-07-16,1531753200
3620,R_3Em4Q2OBHB3m5rz,HEADPHONES,2018-07-16,1531753200
3621,R_3Em4Q2OBHB3m5rz,LIGHT_BULB,2018-07-16,1531753200
3622,R_3Em4Q2OBHB3m5rz,ABIS_BOOK,2018-07-16,1531753200
3623,R_3Em4Q2OBHB3m5rz,SKIN_CLEANING_AGENT,2018-07-16,1531753200
3624,R_3EsC5YHmiHe5s54,BATTERY,2018-07-16,1531753200
3625,R_3EsC5YHmiHe5s54,MONITOR,2018-07-16,1531753200
3626,R_3EsdYJiok38Qvto,SHOES,2018-07-16,1531753200
3627,R_3GCXgWFPLgXAuFC,CELLULAR_PHONE_CASE,2018-07-16,1531753200
3628,R_3Ge2RzIsoM2g5lL,FOOD_OR_BEVERAGE_WARMER,2018-07-16,1531753200
3629,R_3Ge2RzIsoM2g5lL,GUITAR_EFFECT_DEVICE,2018-07-16,1531753200
3630,R_3GiSNq0yPsXSvhf,TOYS_AND_GAMES,2018-07-16,1531753200
3631,R_3GiSNq0yPsXSvhf,BINOCULAR,2018-07-16,1531753200
3632,R_3GiSNq0yPsXSvhf,PHYSICAL_MOVIE,2018-07-16,1531753200
3633,R_3GiSNq0yPsXSvhf,NETWORKING_DEVICE,2018-07-16,1531753200
3634,R_3GiSNq0yPsXSvhf,SCREEN_PROTECTOR,2018-07-16,1531753200
3635,R_3GiSNq0yPsXSvhf,SUNSCREEN,2018-07-16,1531753200
3636,R_3GiSNq0yPsXSvhf,PET_FOOD,2018-07-16,1531753200
3637,R_3GiSNq0yPsXSvhf,VITAMIN,2018-07-16,1531753200
3638,R_3GiSNq0yPsXSvhf,ABIS_BOOK,2018-07-16,1531753200
3639,R_3GiSNq0yPsXSvhf,STORAGE_RACK,2018-07-16,1531753200
3640,R_3GqfePl8gH1VWP1,PET_FOOD,2018-07-16,1531753200
3641,R_3GqfePl8gH1VWP1,ORTHOPEDIC_BRACE,2018-07-16,1531753200
3642,R_3GqfePl8gH1VWP1,BATTERY,2018-07-16,1531753200
3643,R_3GqfePl8gH1VWP1,LAMP,2018-07-16,1531753200
3644,R_3GqfePl8gH1VWP1,ANIMAL_FUR_CLEANER_CONDITIONER,2018-07-16,1531753200
3645,R_3GqfePl8gH1VWP1,ANIMAL_FUR_CLEANER_CONDITIONER,2018-07-16,1531753200
3646,R_3GqfePl8gH1VWP1,ELECTRIC_LANTERN,2018-07-16,1531753200
3647,R_3GqfePl8gH1VWP1,KITCHEN_TOOLS,2018-07-16,1531753200
3648,R_3GqfePl8gH1VWP1,MEDICATION,2018-07-16,1531753200
3649,R_3GqfePl8gH1VWP1,ROBE,2018-07-16,1531753200
3650,R_3GqfePl8gH1VWP1,MEDICATION,2018-07-16,1531753200
3651,R_3HAk4tN4hE1Arcm,SCREEN_PROTECTOR,2018-07-16,1531753200
3652,R_3HgZOjGq4Ny969k,COLLAPSIBLE_PLAY_STRUCTURE,2018-07-16,1531753200
3653,R_3HgZOjGq4Ny969k,ELECTRONIC_CABLE,2018-07-16,1531753200
3654,R_3Hphzg7zu04Hgy1,SNACK_FOOD_BAR,2018-07-16,1531753200
3655,R_3Hphzg7zu04Hgy1,ABIS_BOOK,2018-07-16,1531753200
3656,R_3Hphzg7zu04Hgy1,RING,2018-07-16,1531753200
3657,R_3Hphzg7zu04Hgy1,HEADPHONES,2018-07-16,1531753200
3658,R_3Hphzg7zu04Hgy1,SANDAL,2018-07-16,1531753200
3659,R_3HzRfw5sNEvrFRf,SCREEN_PROTECTOR,2018-07-16,1531753200
3660,R_3IQQB0Dtvv9riqZ,PANTS,2018-07-16,1531753200
3661,R_3IQQB0Dtvv9riqZ,SKIN_MOISTURIZER,2018-07-16,1531753200
3662,R_3J8UJcgwnW51IvN,HEALTH_PERSONAL_CARE,2018-07-16,1531753200
3663,R_3J8UJcgwnW51IvN,HERBAL_SUPPLEMENT,2018-07-16,1531753200
3664,R_3J8UJcgwnW51IvN,SHOES,2018-07-16,1531753200
3665,R_3J8UJcgwnW51IvN,ERASER,2018-07-16,1531753200
3666,R_3Jl5q6tZJctgL8B,BAKEWARE_SET,2018-07-16,1531753200
3667,R_3Jl5q6tZJctgL8B,BLANKET,2018-07-16,1531753200
3668,R_3Jl5q6tZJctgL8B,NOTEBOOK_COMPUTER,2018-07-16,1531753200
3669,R_3Jl5q6tZJctgL8B,ELECTRICITY_GENERATOR,2018-07-16,1531753200
3670,R_3Jl5q6tZJctgL8B,ELECTRONIC_CABLE,2018-07-16,1531753200
3671,R_3Jl5q6tZJctgL8B,HEALTH_PERSONAL_CARE,2018-07-16,1531753200
3672,R_3Jl5q6tZJctgL8B,MEDICATION,2018-07-16,1531753200
3673,R_3Jl5q6tZJctgL8B,UTILITY_HOLSTER_POUCH,2018-07-16,1531753200
3674,R_3Jl5q6tZJctgL8B,HEALTH_PERSONAL_CARE,2018-07-16,1531753200
3675,R_3Jl5q6tZJctgL8B,TOYS_AND_GAMES,2018-07-16,1531753200
3676,R_3Jl5q6tZJctgL8B,UNINTERRUPTIBLE_POWER_SUPPLY,2018-07-16,1531753200
3677,R_3Jl5q6tZJctgL8B,PET_FOOD,2018-07-16,1531753200
3678,R_3Jl5q6tZJctgL8B,ABIS_BOOK,2018-07-16,1531753200
3679,R_3Jl5q6tZJctgL8B,CABLE_OR_ADAPTER,2018-07-16,1531753200
3680,R_3KpaTa6zCZitiZG,PET_PEST_CONTROL,2018-07-16,1531753200
3681,R_3KxaCMXQTDz1Z7P,SOLDERING_IRON,2018-07-16,1531753200
3682,R_3L89g4OAN8obu49,LINT_REMOVER,2018-07-16,1531753200
3683,R_3L89g4OAN8obu49,LOCK,2018-07-16,1531753200
3684,R_3M0euO2kPnoHrdt,TUNIC,2018-07-16,1531753200
3685,R_3M0euO2kPnoHrdt,CELLULAR_PHONE_CASE,2018-07-16,1531753200
3686,R_3M0euO2kPnoHrdt,SNACK_FOOD_BAR,2018-07-16,1531753200
3687,R_3M3RSZ7wNRSaxNx,PLANNER,2018-07-16,1531753200
3688,R_3M3RSZ7wNRSaxNx,MASCARA,2018-07-16,1531753200
3689,R_3M3RSZ7wNRSaxNx,DOWNLOADABLE_VIDEO_GAME,2018-07-16,1531753200
3690,R_3M3RSZ7wNRSaxNx,MASCARA,2018-07-16,1531753200
3691,R_3MsY6hQO6rNgjhW,GROCERY,2018-07-16,1531753200
3692,R_3MyEdXOZ8P75S1V,ABIS_BOOK,2018-07-16,1531753200
3693,R_3MyEdXOZ8P75S1V,SHAMPOO,2018-07-16,1531753200
3694,R_3NCfhSJSgGWexUL,PILLOW,2018-07-16,1531753200
3695,R_3NCfhSJSgGWexUL,SHIRT,2018-07-16,1531753200
3696,R_3NE7ETo2UoCbnsE,PET_FOOD,2018-07-16,1531753200
3697,R_3O9aPnM7ixjsbYK,SALAD_DRESSING,2018-07-16,1531753200
3698,R_3O9aPnM7ixjsbYK,SKIN_TREATMENT_MASK,2018-07-16,1531753200
3699,R_3O9aPnM7ixjsbYK,SKIN_TREATMENT_MASK,2018-07-16,1531753200
3700,R_3O9aPnM7ixjsbYK,BACKPACK,2018-07-16,1531753200
3701,R_3O9aPnM7ixjsbYK,TOYS_AND_GAMES,2018-07-16,1531753200
3702,R_3OiAK9V155cWEsy,CELLULAR_PHONE_CASE,2018-07-16,1531753200
3703,R_3OiAK9V155cWEsy,TUNER,2018-07-16,1531753200
3704,R_3OiAK9V155cWEsy,TOYS_AND_GAMES,2018-07-16,1531753200
3705,R_3OiAK9V155cWEsy,MEDICATION,2018-07-16,1531753200
3706,R_3OiAK9V155cWEsy,SCREEN_PROTECTOR,2018-07-16,1531753200
3707,R_3OiAK9V155cWEsy,SAFETY_GLASSES,2018-07-16,1531753200
3708,R_3OiAK9V155cWEsy,ABIS_BOOK,2018-07-16,1531753200
3709,R_3OiAK9V155cWEsy,GIFT_WRAP,2018-07-16,1531753200
3710,R_3OiAK9V155cWEsy,SHIRT,2018-07-16,1531753200
3711,R_3OiAK9V155cWEsy,ABIS_BOOK,2018-07-16,1531753200
3712,R_3OiAK9V155cWEsy,MEDICATION,2018-07-16,1531753200
3713,R_3OiAK9V155cWEsy,MEDICATION,2018-07-16,1531753200
3714,R_3OiAK9V155cWEsy,VITAMIN,2018-07-16,1531753200
3715,R_3OiAK9V155cWEsy,GREETING_CARD,2018-07-16,1531753200
3716,R_3OiAK9V155cWEsy,TOYS_AND_GAMES,2018-07-16,1531753200
3717,R_3OiAK9V155cWEsy,ELECTRONIC_CABLE,2018-07-16,1531753200
3718,R_3OiAK9V155cWEsy,SHOES,2018-07-16,1531753200
3719,R_3OiAK9V155cWEsy,ELECTRONIC_CABLE,2018-07-16,1531753200
3720,R_3OiAK9V155cWEsy,BOOK_DOCUMENT_STAND,2018-07-16,1531753200
3721,R_3OiAK9V155cWEsy,GIFT_WRAP,2018-07-16,1531753200
3722,R_3OiAK9V155cWEsy,CONSUMER_ELECTRONICS,2018-07-16,1531753200
3723,R_3OiAK9V155cWEsy,CONSUMER_ELECTRONICS,2018-07-16,1531753200
3724,R_3OiAK9V155cWEsy,INSECT_REPELLENT,2018-07-16,1531753200
3725,R_3OiAK9V155cWEsy,SUNSCREEN,2018-07-16,1531753200
3726,R_3OiAK9V155cWEsy,PHYSICAL_MOVIE,2018-07-16,1531753200
3727,R_3OiAK9V155cWEsy,INSECT_REPELLENT,2018-07-16,1531753200
3728,R_3OiAK9V155cWEsy,HERB,2018-07-16,1531753200
3729,R_3OiAK9V155cWEsy,GIFT_WRAP,2018-07-16,1531753200
3730,R_3OiAK9V155cWEsy,VITAMIN,2018-07-16,1531753200
3731,R_3OiAK9V155cWEsy,SANDAL,2018-07-16,1531753200
3732,R_3OiAK9V155cWEsy,SPOON,2018-07-16,1531753200
3733,R_3OiAK9V155cWEsy,PANTS,2018-07-16,1531753200
3734,R_3OiAK9V155cWEsy,VITAMIN,2018-07-16,1531753200
3735,R_3OiAK9V155cWEsy,DRINKING_CUP,2018-07-16,1531753200
3736,R_3OjDexwqOJReNX2,COFFEE,2018-07-16,1531753200
3737,R_3PAyJj7mQvMzMco,TOYS_AND_GAMES,2018-07-16,1531753200
3738,R_3PAyJj7mQvMzMco,SKIN_MOISTURIZER,2018-07-16,1531753200
3739,R_3PAyJj7mQvMzMco,COLLECTIBLE_CARD,2018-07-16,1531753200
3740,R_3PAyJj7mQvMzMco,POWER_BANK,2018-07-16,1531753200
3741,R_3PAyJj7mQvMzMco,TOY_BUILDING_BLOCK,2018-07-16,1531753200
3742,R_3QE72T2NXn4ninT,TOYS_AND_GAMES,2018-07-16,1531753200
3743,R_3QE72T2NXn4ninT,SAFE,2018-07-16,1531753200
3744,R_3QE72T2NXn4ninT,SAFE,2018-07-16,1531753200
3745,R_3QE72T2NXn4ninT,SKIN_CLEANING_AGENT,2018-07-16,1531753200
3746,R_3R3FfvTaRKxigNl,TOYS_AND_GAMES,2018-07-16,1531753200
3747,R_3R3FfvTaRKxigNl,CELLULAR_PHONE_CASE,2018-07-16,1531753200
3748,R_3R3FfvTaRKxigNl,VEHICLE_BRAKE_PAD,2018-07-16,1531753200
3749,R_3R3FfvTaRKxigNl,HOOK_LOOP_FASTENER,2018-07-16,1531753200
3750,R_3R3FfvTaRKxigNl,PANTS,2018-07-16,1531753200
3751,R_3e82J7pYxj5XP7j,FLAVORED_DRINK_CONCENTRATE,2018-07-16,1531753200
3752,R_3e82J7pYxj5XP7j,NUTRITIONAL_SUPPLEMENT,2018-07-16,1531753200
3753,R_3e82J7pYxj5XP7j,PET_FOOD,2018-07-16,1531753200
3754,R_3e82J7pYxj5XP7j,COOKIE,2018-07-16,1531753200
3755,R_3e82J7pYxj5XP7j,NUTRITIONAL_SUPPLEMENT,2018-07-16,1531753200
3756,R_3e82J7pYxj5XP7j,HEALTH_PERSONAL_CARE,2018-07-16,1531753200
3757,R_3e82J7pYxj5XP7j,ABIS_BOOK,2018-07-16,1531753200
3758,R_3e82J7pYxj5XP7j,FOOD_GLITTER_SPRINKLE,2018-07-16,1531753200
3759,R_3e82J7pYxj5XP7j,FOOD,2018-07-16,1531753200
3760,R_3ebnP0qUIQ7u38i,TRASH_CAN,2018-07-16,1531753200
3761,R_3ebnP0qUIQ7u38i,PHYSICAL_MOVIE,2018-07-16,1531753200
3762,R_3ebnP0qUIQ7u38i,TOYS_AND_GAMES,2018-07-16,1531753200
3763,R_3ebnP0qUIQ7u38i,TOWEL,2018-07-16,1531753200
3764,R_3ebnP0qUIQ7u38i,BICYCLE_DERAILLEUR,2018-07-16,1531753200
3765,R_3ek9YZGdsDHjUZf,SHOES,2018-07-16,1531753200
3766,R_3ek9YZGdsDHjUZf,UNDERPANTS,2018-07-16,1531753200
3767,R_3ek9YZGdsDHjUZf,CUTTING_BOARD,2018-07-16,1531753200
3768,R_3ek9YZGdsDHjUZf,HEALTH_PERSONAL_CARE,2018-07-16,1531753200
3769,R_3ek9YZGdsDHjUZf,TOYS_AND_GAMES,2018-07-16,1531753200
3770,R_3ek9YZGdsDHjUZf,MASSAGE_STICK,2018-07-16,1531753200
3771,R_3emMy2Kk6GA8xPd,SKIN_CLEANING_AGENT,2018-07-16,1531753200
3772,R_3emmbwwsXsxt4Oj,HEALTH_PERSONAL_CARE,2018-07-16,1531753200
3773,R_3enuyEOsaEVxTNX,GROCERY,2018-07-16,1531753200
3774,R_3enuyEOsaEVxTNX,NUTRITIONAL_SUPPLEMENT,2018-07-16,1531753200
3775,R_3enuyEOsaEVxTNX,HEADPHONES,2018-07-16,1531753200
3776,R_3fB1NIeE1OGUd72,SEXUAL_STIMULATION_DEVICE,2018-07-16,1531753200
3777,R_3flZSxKV8ViX1H4,HAIR_COMB,2018-07-16,1531753200
3778,R_3flZSxKV8ViX1H4,MEDICATION,2018-07-16,1531753200
3779,R_3flZSxKV8ViX1H4,NUTRITIONAL_SUPPLEMENT,2018-07-16,1531753200
3780,R_3flZSxKV8ViX1H4,LIP_BALM,2018-07-16,1531753200
3781,R_3gTrwWhEzAv6gzH,PHYSICAL_MOVIE,2018-07-16,1531753200
3782,R_3gTrwWhEzAv6gzH,SWEATBAND,2018-07-16,1531753200
3783,R_3ixUxNOUiEYD7KJ,CAN_OPENER,2018-07-16,1531753200
3784,R_3ixUxNOUiEYD7KJ,ABIS_BOOK,2018-07-16,1531753200
3785,R_3ixUxNOUiEYD7KJ,SQUEEZE_TOY,2018-07-16,1531753200
3786,R_3j85NmXEyjQjcD3,GROCERY,2018-07-16,1531753200
3787,R_3j85NmXEyjQjcD3,TOYS_AND_GAMES,2018-07-16,1531753200
3788,R_3lMPFMytHOig2HO,MAGNIFIER,2018-07-16,1531753200
3789,R_3lMPFMytHOig2HO,SKIN_MOISTURIZER,2018-07-16,1531753200
3790,R_3lMPFMytHOig2HO,FABRIC_SOFTENER,2018-07-16,1531753200
3791,R_3lMPFMytHOig2HO,DISHWASHER_DETERGENT,2018-07-16,1531753200
3792,R_3lMPFMytHOig2HO,ABIS_BOOK,2018-07-16,1531753200
3793,R_3lMPFMytHOig2HO,SHEET_PAN,2018-07-16,1531753200
3794,R_3lMPFMytHOig2HO,HEALTH_PERSONAL_CARE,2018-07-16,1531753200
3795,R_3lMPFMytHOig2HO,BATTERY,2018-07-16,1531753200
3796,R_3lt1ZPBv09u1seD,SHIRT,2018-07-16,1531753200
3797,R_3n17fNI56KA8rTV,ELECTRONIC_SENSOR,2018-07-16,1531753200
3798,R_3n5UcqVpRJZsXYi,BICYCLE_BRAKE_PAD,2018-07-16,1531753200
3799,R_3n5UcqVpRJZsXYi,COUNTERTOP_FOOD_STEAMER,2018-07-16,1531753200
3800,R_3n5UcqVpRJZsXYi,PHYSICAL_MOVIE,2018-07-16,1531753200
3801,R_3n5UcqVpRJZsXYi,BROOM,2018-07-16,1531753200
3802,R_3n5UcqVpRJZsXYi,PAW_HOOF_PROTECTOR,2018-07-16,1531753200
3803,R_3n5UcqVpRJZsXYi,WASHER,2018-07-16,1531753200
3804,R_3n5UcqVpRJZsXYi,NUTRITIONAL_SUPPLEMENT,2018-07-16,1531753200
3805,R_3nA7SneXu81knN1,VALVE,2018-07-16,1531753200
3806,R_3nA7SneXu81knN1,MEDICATION,2018-07-16,1531753200
3807,R_3nA7SneXu81knN1,HEADPHONES,2018-07-16,1531753200
3808,R_3nA7SneXu81knN1,BREAD,2018-07-16,1531753200
3809,R_3nA7SneXu81knN1,SKIN_CLEANING_AGENT,2018-07-16,1531753200
3810,R_3nA7SneXu81knN1,IRRIGATION_SPRINKLER,2018-07-16,1531753200
3811,R_3nA7SneXu81knN1,ELECTRONIC_CABLE,2018-07-16,1531753200
3812,R_3oO3DoeTgXHrEzx,WATER,2018-07-16,1531753200
3813,R_3oO3DoeTgXHrEzx,LAUNDRY_HAMPER,2018-07-16,1531753200
3814,R_3oO3DoeTgXHrEzx,SKIN_CLEANING_AGENT,2018-07-16,1531753200
3815,R_3oO3DoeTgXHrEzx,SCREEN_PROTECTOR,2018-07-16,1531753200
3816,R_3qTFp0FJqUeMhVZ,PET_FOOD,2018-07-16,1531753200
3817,R_3qTFp0FJqUeMhVZ,SCREEN_PROTECTOR,2018-07-16,1531753200
3818,R_3qTFp0FJqUeMhVZ,ABRASIVE_WHEELS,2018-07-16,1531753200
3819,R_3qTFp0FJqUeMhVZ,ABRASIVE_WHEELS,2018-07-16,1531753200
3820,R_3qTFp0FJqUeMhVZ,DUMBBELL,2018-07-16,1531753200
3821,R_3qTFp0FJqUeMhVZ,SKIN_CLEANING_AGENT,2018-07-16,1531753200
3822,R_3qWnPpXqudB3ETJ,PHYSICAL_MOVIE,2018-07-16,1531753200
3823,R_3r26NAbVnDpIxzF,PORTABLE_ELECTRONIC_DEVICE_MOUNT,2018-07-16,1531753200
3824,R_3rV7kPHe9hVsMee,MOTHERBOARD,2018-07-16,1531753200
3825,R_3s60LmlFm5fAEP5,BASKETBALL_HOOP,2018-07-16,1531753200
3826,R_3s60LmlFm5fAEP5,TOYS_AND_GAMES,2018-07-16,1531753200
3827,R_3socPWD3wXD0iDP,BROOM,2018-07-16,1531753200
3828,R_3socPWD3wXD0iDP,FRUIT_SNACK,2018-07-16,1531753200
3829,R_3socPWD3wXD0iDP,STEAM_CLEANER,2018-07-16,1531753200
3830,R_3socPWD3wXD0iDP,COOKWARE_SET,2018-07-16,1531753200
3831,R_3socPWD3wXD0iDP,UNDERPANTS,2018-07-16,1531753200
3832,R_3socPWD3wXD0iDP,STEAM_CLEANER,2018-07-16,1531753200
3833,R_4YjfHl0af8gN30Z,PRESSURE_COOKER,2018-07-16,1531753200
3834,R_4YnsyJn7OBPaUut,ELECTRONIC_CABLE,2018-07-16,1531753200
3835,R_4YnsyJn7OBPaUut,MEDICATION,2018-07-16,1531753200
3836,R_4YnsyJn7OBPaUut,KETTLEBELL,2018-07-16,1531753200
3837,R_6Jw0sPgGkHLnKkp,CELLULAR_PHONE_CASE,2018-07-16,1531753200
3838,R_7ZH1uBNuL9RQ2K5,LEAF_BLOWER,2018-07-16,1531753200
3839,R_85OdkeCoFP5daLL,STORAGE_HOOK,2018-07-16,1531753200
3840,R_85OdkeCoFP5daLL,BATTERY,2018-07-16,1531753200
3841,R_85OdkeCoFP5daLL,STEERING_WHEEL_COVER,2018-07-16,1531753200
3842,R_85OdkeCoFP5daLL,SNACK_FOOD_BAR,2018-07-16,1531753200
3843,R_85OdkeCoFP5daLL,SHOES,2018-07-16,1531753200
3844,R_8CXcySQawXPuJwJ,VITAMIN,2018-07-16,1531753200
3845,R_8CXcySQawXPuJwJ,VEHICLE_LIGHT_BULB,2018-07-16,1531753200
3846,R_8CXcySQawXPuJwJ,MOP,2018-07-16,1531753200
3847,R_8CXcySQawXPuJwJ,MEDICATION,2018-07-16,1531753200
3848,R_8CXcySQawXPuJwJ,VEHICLE_LIGHT_BULB,2018-07-16,1531753200
3849,R_8CXcySQawXPuJwJ,PANTS,2018-07-16,1531753200
3850,R_8CXcySQawXPuJwJ,WILDLIFE_FEEDER,2018-07-16,1531753200
3851,R_8CXcySQawXPuJwJ,PROTECTIVE_GLOVE,2018-07-16,1531753200
3852,R_8CXcySQawXPuJwJ,ABIS_BOOK,2018-07-16,1531753200
3853,R_8vnpSkm79W7Jsv7,PET_FOOD,2018-07-16,1531753200
3854,R_9ppTjfBQZZs42WJ,ABIS_BOOK,2018-07-16,1531753200
3855,R_9ppTjfBQZZs42WJ,HEADPHONES,2018-07-16,1531753200
3856,R_A5Mg9h1PiJL0Wyd,CONDITIONER,2018-07-16,1531753200
3857,R_BWhnv4EdbhSS6rf,ABIS_BOOK,2018-07-16,1531753200
3858,R_BWhnv4EdbhSS6rf,HEALTH_PERSONAL_CARE,2018-07-16,1531753200
3859,R_BWhnv4EdbhSS6rf,SHIRT,2018-07-16,1531753200
3860,R_BYr5WwayMBf66SR,EYELASH_CURLER,2018-07-16,1531753200
3861,R_Odixb15Ykmxb0Dn,TREADMILL,2018-07-16,1531753200
3862,R_Odixb15Ykmxb0Dn,WIPER_BLADE,2018-07-16,1531753200
3863,R_Odixb15Ykmxb0Dn,UNDERGARMENT_THIGH_SLIMMER,2018-07-16,1531753200
3864,R_Odixb15Ykmxb0Dn,HEADPHONES,2018-07-16,1531753200
3865,R_PXSF6lxCnUB8Pg5,ELECTRONIC_CABLE,2018-07-16,1531753200
3866,R_PuLRXv7pUO3cLzX,SPRAY_BOTTLE,2018-07-16,1531753200
3867,R_PuLRXv7pUO3cLzX,SKIN_CLEANING_AGENT,2018-07-16,1531753200
3868,R_PuLRXv7pUO3cLzX,PHYSICAL_MOVIE,2018-07-16,1531753200
3869,R_PuLRXv7pUO3cLzX,SYRUP,2018-07-16,1531753200
3870,R_PuLRXv7pUO3cLzX,VITAMIN,2018-07-16,1531753200
3871,R_PwlnzzccUMXV0n7,CELLULAR_PHONE_CASE,2018-07-16,1531753200
3872,R_PwlnzzccUMXV0n7,GROCERY,2018-07-16,1531753200
3873,R_PwlnzzccUMXV0n7,HEADPHONES,2018-07-16,1531753200
3874,R_PwlnzzccUMXV0n7,SKIN_MOISTURIZER,2018-07-16,1531753200
3875,R_PwlnzzccUMXV0n7,SAUCE,2018-07-16,1531753200
3876,R_PwlnzzccUMXV0n7,SHOES,2018-07-16,1531753200
3877,R_PwlnzzccUMXV0n7,HEALTH_PERSONAL_CARE,2018-07-16,1531753200
3878,R_PwlnzzccUMXV0n7,GROCERY,2018-07-16,1531753200
3879,R_PwlnzzccUMXV0n7,SKIN_MOISTURIZER,2018-07-16,1531753200
3880,R_PwlnzzccUMXV0n7,PANTRY,2018-07-16,1531753200
3881,R_PwlnzzccUMXV0n7,TOYS_AND_GAMES,2018-07-16,1531753200
3882,R_PwlnzzccUMXV0n7,BODY_POSITIONER,2018-07-16,1531753200
3883,R_PwlnzzccUMXV0n7,MEDICATION,2018-07-16,1531753200
3884,R_PwlnzzccUMXV0n7,ABIS_BOOK,2018-07-16,1531753200
3885,R_PwlnzzccUMXV0n7,MEDICATION,2018-07-16,1531753200
3886,R_RaeWxaWjb7z8CLT,NUTRITIONAL_SUPPLEMENT,2018-07-16,1531753200
3887,R_RaeWxaWjb7z8CLT,SHOES,2018-07-16,1531753200
3888,R_RaeWxaWjb7z8CLT,ABIS_BOOK,2018-07-16,1531753200
3889,R_RaeWxaWjb7z8CLT,VITAMIN,2018-07-16,1531753200
3890,R_RaeWxaWjb7z8CLT,HEALTH_PERSONAL_CARE,2018-07-16,1531753200
3891,R_RlYyUhsDFvyGwX7,SONAR_FATHOMETER,2018-07-16,1531753200
3892,R_SIWNWQmjel55jzP,SNACK_FOOD_BAR,2018-07-16,1531753200
3893,R_SVHcBOlErkMEJjP,SCREEN_PROTECTOR,2018-07-16,1531753200
3894,R_SVHcBOlErkMEJjP,SCREEN_PROTECTOR,2018-07-16,1531753200
3895,R_SVHcBOlErkMEJjP,PHYSICAL_MOVIE,2018-07-16,1531753200
3896,R_TtK3Qkb3c3EIeoV,GROCERY,2018-07-16,1531753200
3897,R_UEke64xAaOG3mTf,CULINARY_SALT,2018-07-16,1531753200
3898,R_UEke64xAaOG3mTf,ELECTRONIC_CABLE,2018-07-16,1531753200
3899,R_UEke64xAaOG3mTf,SCREEN_PROTECTOR,2018-07-16,1531753200
3900,R_UlOQHrMf1EiWKQx,SNACK_FOOD_BAR,2018-07-16,1531753200
3901,R_UlOQHrMf1EiWKQx,VEHICLE_MIRROR,2018-07-16,1531753200
3902,R_V1EWFs6tkv2DaMN,MUSICAL_INSTRUMENT_TOY,2018-07-16,1531753200
3903,R_VPWGdK1zBBekfAJ,SKIN_CLEANING_AGENT,2018-07-16,1531753200
3904,R_VPWGdK1zBBekfAJ,SWEATER,2018-07-16,1531753200
3905,R_VPWGdK1zBBekfAJ,NUTRITIONAL_SUPPLEMENT,2018-07-16,1531753200
3906,R_WerZwuLkMK4zfVf,SEWING_MACHINE,2018-07-16,1531753200
3907,R_WerZwuLkMK4zfVf,TABLECLOTH,2018-07-16,1531753200
3908,R_XSu10jIDimUl5m1,MEDICATION,2018-07-16,1531753200
3909,R_XSu10jIDimUl5m1,HOME,2018-07-16,1531753200
3910,R_XUhit9pAXhD746B,BODY_LUBRICANT,2018-07-16,1531753200
3911,R_XYsrPCXL5N6boad,CHOPSTICK,2018-07-16,1531753200
3912,R_XYsrPCXL5N6boad,CELLULAR_PHONE_CASE,2018-07-16,1531753200
3913,R_Xhz81T9LodPX0KB,CLEANING_AGENT,2018-07-16,1531753200
3914,R_Xhz81T9LodPX0KB,PILLOW,2018-07-16,1531753200
3915,R_Xhz81T9LodPX0KB,MOTORCYCLE_ACCESSORY,2018-07-16,1531753200
3916,R_XwiCirQyfwJzVtv,MEDICATION,2018-07-16,1531753200
3917,R_XwiCirQyfwJzVtv,DISPOSABLE_NAPKIN,2018-07-16,1531753200
3918,R_YS4MPsfM1Neg0RH,GROCERY,2018-07-16,1531753200
3919,R_YS4MPsfM1Neg0RH,TOASTER,2018-07-16,1531753200
3920,R_YS4MPsfM1Neg0RH,BLANK_STORAGE_MEDIA,2018-07-16,1531753200
3921,R_YS4MPsfM1Neg0RH,LEOTARD,2018-07-16,1531753200
3922,R_YS4MPsfM1Neg0RH,TRAY,2018-07-16,1531753200
3923,R_YS4MPsfM1Neg0RH,WASTE_BAG,2018-07-16,1531753200
3924,R_Z4qMkqhWSmIbdSh,NUTRITIONAL_SUPPLEMENT,2018-07-16,1531753200
3925,R_Z4qMkqhWSmIbdSh,PET_PLACEMAT,2018-07-16,1531753200
3926,R_ZkokwdIEZybYo9z,MEDICATION,2018-07-16,1531753200
3927,R_ZkokwdIEZybYo9z,SKIN_CLEANING_AGENT,2018-07-16,1531753200
3928,R_b3NWnTBcFyWqXjH,PANTS,2018-07-16,1531753200
3929,R_b3dSUlk76L0C6TD,AMAZON_BOOK_READER,2018-07-16,1531753200
3930,R_b3dSUlk76L0C6TD,COFFEE,2018-07-16,1531753200
3931,R_b8UnkZJoU93ZxEB,VEGETABLE,2018-07-16,1531753200
3932,R_bJI8lmXMZWL6oql,ABIS_BOOK,2018-07-16,1531753200
3933,R_bkquoGQp5VhpihP,CELLULAR_PHONE_CASE,2018-07-16,1531753200
3934,R_bkquoGQp5VhpihP,SYRUP,2018-07-16,1531753200
3935,R_bkquoGQp5VhpihP,SKIN_CLEANING_AGENT,2018-07-16,1531753200
3936,R_bkquoGQp5VhpihP,HEADPHONES,2018-07-16,1531753200
3937,R_bkquoGQp5VhpihP,PRESSURE_COOKER,2018-07-16,1531753200
3938,R_cBHNm1kpSiUUDGV,NUTRITIONAL_SUPPLEMENT,2018-07-16,1531753200
3939,R_cCucjmijTJETC6d,ELECTRIC_LIGHT,2018-07-16,1531753200
3940,R_cCucjmijTJETC6d,SWEATER,2018-07-16,1531753200
3941,R_e8KTElZZLWryLWp,SHARPS_DISPOSAL_CONTAINER,2018-07-16,1531753200
3942,R_e8KTElZZLWryLWp,PANTS,2018-07-16,1531753200
3943,R_e8KTElZZLWryLWp,SCREEN_PROTECTOR,2018-07-16,1531753200
3944,R_eg0ycbZcHEfhBAd,ABIS_BOOK,2018-07-16,1531753200
3945,R_eg0ycbZcHEfhBAd,HEADPHONES,2018-07-16,1531753200
3946,R_elI733GpRi0df0J,SURVIVAL_KIT,2018-07-16,1531753200
3947,R_etgq3mVPgoz8CyZ,FISHING_ROD,2018-07-16,1531753200
3948,R_eyQl26Pq4cq0Xmx,PRINT_COPY_PAPER,2018-07-16,1531753200
3949,R_eyQl26Pq4cq0Xmx,NUTRITIONAL_SUPPLEMENT,2018-07-16,1531753200
3950,R_eyQl26Pq4cq0Xmx,PHYSICAL_MOVIE,2018-07-16,1531753200
3951,R_plnyqyltsGtao9P,PANTS,2018-07-16,1531753200
3952,R_puS9dcuNnDHSZ8Z,SHOE_INSERT,2018-07-16,1531753200
3953,R_puS9dcuNnDHSZ8Z,PANTS,2018-07-16,1531753200
3954,R_puS9dcuNnDHSZ8Z,ABIS_BOOK,2018-07-16,1531753200
3955,R_pzMCRYrC0qiSwIF,SCREEN_PROTECTOR,2018-07-16,1531753200
3956,R_pzMCRYrC0qiSwIF,LAWN_MOWER,2018-07-16,1531753200
3957,R_r3IM83Ecq7eY7QJ,POWER_SUPPLIES_OR_PROTECTION,2018-07-16,1531753200
3958,R_rqK6K6zDsynoZHP,HEADPHONES,2018-07-16,1531753200
3959,R_rqK6K6zDsynoZHP,LIGHT_BOX,2018-07-16,1531753200
3960,R_rqK6K6zDsynoZHP,SKIN_MOISTURIZER,2018-07-16,1531753200
3961,R_sRSLCxzK04aJvhL,TOYS_AND_GAMES,2018-07-16,1531753200
3962,R_sRSLCxzK04aJvhL,COFFEE_FILTER,2018-07-16,1531753200
3963,R_u9qeol6zlUcq13j,NUTRITIONAL_SUPPLEMENT,2018-07-16,1531753200
3964,R_u9qeol6zlUcq13j,MEDICAL_TEST_STRIP,2018-07-16,1531753200
3965,R_uwVFb8VFUUGbCBH,NUT_AND_SEED,2018-07-16,1531753200
3966,R_uwVFb8VFUUGbCBH,SKIN_CLEANING_AGENT,2018-07-16,1531753200
3967,R_vcsfXNFhlnqxtYd,ABIS_BEAUTY,2018-07-16,1531753200
3968,R_vcsfXNFhlnqxtYd,ABIS_BOOK,2018-07-16,1531753200
3969,R_vcsfXNFhlnqxtYd,ASHTRAY,2018-07-16,1531753200
3970,R_yC5ffbdBLVi93Pz,STICKER_DECAL,2018-07-16,1531753200
3971,R_yJz6aXbKddNbgZz,POPCORN_POPPER,2018-07-16,1531753200
3972,R_z1fvSibqdewGSD7,BATTERY,2018-07-16,1531753200
3973,R_z1fvSibqdewGSD7,ABIS_BOOK,2018-07-16,1531753200
3974,R_z1fvSibqdewGSD7,BLOOD_LANCET,2018-07-16,1531753200
3975,R_z1fvSibqdewGSD7,PIERCING_JEWELRY,2018-07-16,1531753200
3976,R_z1fvSibqdewGSD7,BREAKFAST_CEREAL,2018-07-16,1531753200
3977,R_z1fvSibqdewGSD7,SHIRT,2018-07-16,1531753200
3978,R_z1fvSibqdewGSD7,PHYSICAL_MOVIE,2018-07-16,1531753200
3979,R_10uU7A3PqkL1i0o,SHIRT,2018-07-17,1531839600
3980,R_10uU7A3PqkL1i0o,SAUCE,2018-07-17,1531839600
3981,R_10wSqGFumZGSTmH,SKIN_MOISTURIZER,2018-07-17,1531839600
3982,R_10wSqGFumZGSTmH,DRINKING_STRAW,2018-07-17,1531839600
3983,R_11WUgIV4IWfGoDX,CRACKER,2018-07-17,1531839600
3984,R_11WUgIV4IWfGoDX,KITCHEN,2018-07-17,1531839600
3985,R_11WUgIV4IWfGoDX,SKIN_MOISTURIZER,2018-07-17,1531839600
3986,R_1C75XRebT1eliL0,TOOTH_CLEANING_AGENT,2018-07-17,1531839600
3987,R_1CIQjlABWt7jZWc,TOYS_AND_GAMES,2018-07-17,1531839600
3988,R_1CIQjlABWt7jZWc,TEA,2018-07-17,1531839600
3989,R_1CIQjlABWt7jZWc,VITAMIN,2018-07-17,1531839600
3990,R_1CIQjlABWt7jZWc,ABIS_BOOK,2018-07-17,1531839600
3991,R_1ClqO4ZMDuwGjfl,BATHWATER_ADDITIVE,2018-07-17,1531839600
3992,R_1DYWdbAMt6LyCZH,SNACK_FOOD_BAR,2018-07-17,1531839600
3993,R_1Egu0oETMcJuIOb,PROTECTIVE_GLOVE,2018-07-17,1531839600
3994,R_1Fyt6rHyiQcVOT8,SKIN_CLEANING_WIPE,2018-07-17,1531839600
3995,R_1GghoTNZdgUeySl,CABLE_OR_ADAPTER,2018-07-17,1531839600
3996,R_1Hena1rUph3TnA3,SHIRT,2018-07-17,1531839600
3997,R_1IZrt5CyqgTg2Qe,SKIN_CLEANING_AGENT,2018-07-17,1531839600
3998,R_1ImFLLGALT606WO,WIND_CHIME,2018-07-17,1531839600
3999,R_1ImFLLGALT606WO,INFANT_TODDLER_CAR_SEAT,2018-07-17,1531839600
4000,R_1ImFLLGALT606WO,HEADPHONES,2018-07-17,1531839600
4001,R_1It3uPOCs8UZVMn,MOUSE_PAD,2018-07-17,1531839600
4002,R_1It3uPOCs8UZVMn,SHOES,2018-07-17,1531839600
4003,R_1It3uPOCs8UZVMn,SPORT_NET,2018-07-17,1531839600
4004,R_1Kru2C0Zf28ZbQ0,SHIRT,2018-07-17,1531839600
4005,R_1Kru2C0Zf28ZbQ0,SCREEN_PROTECTOR,2018-07-17,1531839600
4006,R_1Kru2C0Zf28ZbQ0,PACKING_MATERIAL,2018-07-17,1531839600
4007,R_1Kru2C0Zf28ZbQ0,NOTEBOOK_COMPUTER,2018-07-17,1531839600
4008,R_1Kru2C0Zf28ZbQ0,SHIRT,2018-07-17,1531839600
4009,R_1Kru2C0Zf28ZbQ0,VIRTUAL_REALITY_HEADSET,2018-07-17,1531839600
4010,R_1Kru2C0Zf28ZbQ0,COMPUTER_INPUT_DEVICE_ACCESSORY,2018-07-17,1531839600
4011,R_1LFmho6mBajcceh,FIRST_AID_KIT,2018-07-17,1531839600
4012,R_1LFmho6mBajcceh,ITEM_CONTAINER,2018-07-17,1531839600
4013,R_1LcCULNDVzpY8B5,CELLULAR_PHONE_CASE,2018-07-17,1531839600
4014,R_1Luv7PTSNMEjqFV,SEALANT,2018-07-17,1531839600
4015,R_1NCzj2eSHI4QGcd,ELECTRONIC_CABLE,2018-07-17,1531839600
4016,R_1NCzj2eSHI4QGcd,CIGARETTE_CASE,2018-07-17,1531839600
4017,R_1NCzj2eSHI4QGcd,SHOES,2018-07-17,1531839600
4018,R_1NDq0rxoUSu6oyz,TOYS_AND_GAMES,2018-07-17,1531839600
4019,R_1NDq0rxoUSu6oyz,WRITING_INSTRUMENT,2018-07-17,1531839600
4020,R_1OlyKZYuQUE5Cgc,TOOTH_CLEANING_AGENT,2018-07-17,1531839600
4021,R_1OrTsiPCkAlmb0N,NON_DAIRY_CREAM,2018-07-17,1531839600
4022,R_1PUcgnVG2i0EBz4,BOTTLE,2018-07-17,1531839600
4023,R_1PUcgnVG2i0EBz4,MEDICATION,2018-07-17,1531839600
4024,R_1PUcgnVG2i0EBz4,COMPUTER_PROCESSOR,2018-07-17,1531839600
4025,R_1PUcgnVG2i0EBz4,PET_FOOD,2018-07-17,1531839600
4026,R_1QG7SsKpYQgSIAF,HEADPHONES,2018-07-17,1531839600
4027,R_1QhEPMXONBU12sq,ANIMAL_VITAMIN,2018-07-17,1531839600
4028,R_1QutEVkZz69QFR7,SCIENCE_FUNDAMENTALS_KIT,2018-07-17,1531839600
4029,R_1QutEVkZz69QFR7,SANDAL,2018-07-17,1531839600
4030,R_1cYxarQPFQxNRHB,SHOES,2018-07-17,1531839600
4031,R_1cYxarQPFQxNRHB,SCREEN_PROTECTOR,2018-07-17,1531839600
4032,R_1cYxarQPFQxNRHB,NOISE_MACHINE,2018-07-17,1531839600
4033,R_1cYxarQPFQxNRHB,VITAMIN,2018-07-17,1531839600
4034,R_1cYxarQPFQxNRHB,PANTS,2018-07-17,1531839600
4035,R_1cYxarQPFQxNRHB,NUTRITIONAL_SUPPLEMENT,2018-07-17,1531839600
4036,R_1cYxarQPFQxNRHB,BATTERY,2018-07-17,1531839600
4037,R_1cYxarQPFQxNRHB,ABIS_BOOK,2018-07-17,1531839600
4038,R_1cYxarQPFQxNRHB,PANTS,2018-07-17,1531839600
4039,R_1cYxarQPFQxNRHB,ELECTRONIC_SIGNAL_CONVERTER,2018-07-17,1531839600
4040,R_1dFu7LeBJE3Wd6p,HEADPHONE_EARPAD,2018-07-17,1531839600
4041,R_1dFu7LeBJE3Wd6p,SNACK_FOOD_BAR,2018-07-17,1531839600
4042,R_1dFu7LeBJE3Wd6p,SCREEN_PROTECTOR,2018-07-17,1531839600
4043,R_1dFu7LeBJE3Wd6p,SHIRT,2018-07-17,1531839600
4044,R_1dFu7LeBJE3Wd6p,SNACK_FOOD_BAR,2018-07-17,1531839600
4045,R_1dFu7LeBJE3Wd6p,SHAMPOO,2018-07-17,1531839600
4046,R_1dFu7LeBJE3Wd6p,MAGAZINES,2018-07-17,1531839600
4047,R_1dFu7LeBJE3Wd6p,BOTTLE_STOPPER,2018-07-17,1531839600
4048,R_1eEsLZ6SYLsIG0s,HEADPHONES,2018-07-17,1531839600
4049,R_1ez4JQNwmuGXkQX,FOOD_SHAKER,2018-07-17,1531839600
4050,R_1gG5xibh48txT6f,TOASTER,2018-07-17,1531839600
4051,R_1gG5xibh48txT6f,SWEATER,2018-07-17,1531839600
4052,R_1gG5xibh48txT6f,ANIMAL_NUTRITIONAL_SUPPLEMENT,2018-07-17,1531839600
4053,R_1gG5xibh48txT6f,SHOES,2018-07-17,1531839600
4054,R_1gG5xibh48txT6f,PHYSICAL_MOVIE,2018-07-17,1531839600
4055,R_1gG5xibh48txT6f,RECREATION_BALL,2018-07-17,1531839600
4056,R_1gG5xibh48txT6f,DUFFEL_BAG,2018-07-17,1531839600
4057,R_1gG5xibh48txT6f,HEADPHONES,2018-07-17,1531839600
4058,R_1gU6N4NRSwc9ONd,FIGURINE,2018-07-17,1531839600
4059,R_1gU6N4NRSwc9ONd,BATTERY,2018-07-17,1531839600
4060,R_1gcmv3lhX8iJEQb,ELECTRIC_LIGHT,2018-07-17,1531839600
4061,R_1gcmv3lhX8iJEQb,FURNITURE_COVER,2018-07-17,1531839600
4062,R_1gcmv3lhX8iJEQb,ANIMAL_MEDICATION,2018-07-17,1531839600
4063,R_1gwL8QZGzhV0g3G,SUNSCREEN,2018-07-17,1531839600
4064,R_1gwL8QZGzhV0g3G,PET_BED_MAT,2018-07-17,1531839600
4065,R_1gwL8QZGzhV0g3G,GROMMETS,2018-07-17,1531839600
4066,R_1hLPyY3aamfi3xT,ABIS_BOOK,2018-07-17,1531839600
4067,R_1hMV4AHCk04WO5V,NUTRITIONAL_SUPPLEMENT,2018-07-17,1531839600
4068,R_1hMV4AHCk04WO5V,DISPOSABLE_INCONTINENCE_SURFACE_PROTECTOR,2018-07-17,1531839600
4069,R_1hMV4AHCk04WO5V,VITAMIN,2018-07-17,1531839600
4070,R_1hMV4AHCk04WO5V,BLANK_BOOK,2018-07-17,1531839600
4071,R_1i8uPeiHVhFcQB8,MOUNTED_STORAGE_SYSTEM_KIT,2018-07-17,1531839600
4072,R_1jNXwv23Py7NoXB,SHOES,2018-07-17,1531839600
4073,R_1jNXwv23Py7NoXB,UTILITY_SPONGE,2018-07-17,1531839600
4074,R_1jZkLNE1JdtyVpH,FENCE_PANEL,2018-07-17,1531839600
4075,R_1jZkLNE1JdtyVpH,FENCE_PANEL,2018-07-17,1531839600
4076,R_1lp1fif64G1hlWf,SKIN_CLEANING_AGENT,2018-07-17,1531839600
4077,R_1lp1fif64G1hlWf,MONITOR,2018-07-17,1531839600
4078,R_1lp1fif64G1hlWf,CARPET_UPHOLSTERY_CLEANING_MACHINE,2018-07-17,1531839600
4079,R_1lxYa2W6GgcAQ19,PET_FOOD,2018-07-17,1531839600
4080,R_1lxYa2W6GgcAQ19,REMOTE_CONTROL,2018-07-17,1531839600
4081,R_1mEmb9jWLRYCU4e,COFFEE,2018-07-17,1531839600
4082,R_1obwpb6iowh7vew,SPORTING_GOODS,2018-07-17,1531839600
4083,R_1obwpb6iowh7vew,VITAMIN,2018-07-17,1531839600
4084,R_1obwpb6iowh7vew,HOME,2018-07-17,1531839600
4085,R_1psTlOFeWx4gWdX,HEALTH_PERSONAL_CARE,2018-07-17,1531839600
4086,R_1pu0ApV4WUQDdWW,GROCERY,2018-07-17,1531839600
4087,R_1q4eVtHN10S5gPB,ELECTRONIC_CABLE,2018-07-17,1531839600
4088,R_1r8u9f1vT8Y3HrC,LIGHT_BULB,2018-07-17,1531839600
4089,R_1r8u9f1vT8Y3HrC,GARDEN_TOOL_SET,2018-07-17,1531839600
4090,R_1r8u9f1vT8Y3HrC,SPORTING_GOODS,2018-07-17,1531839600
4091,R_1r8u9f1vT8Y3HrC,ABIS_BOOK,2018-07-17,1531839600
4092,R_20V73ixsOYXCBbP,TOYS_AND_GAMES,2018-07-17,1531839600
4093,R_20V73ixsOYXCBbP,CARRIER_BAG_CASE,2018-07-17,1531839600
4094,R_20V73ixsOYXCBbP,HARD_DRIVE_ENCLOSURE,2018-07-17,1531839600
4095,R_21uibgT9dgqRD9J,DUTCH_OVENS,2018-07-17,1531839600
4096,R_21uibgT9dgqRD9J,HEARING_AMPLIFIER,2018-07-17,1531839600
4097,R_21uibgT9dgqRD9J,CLOTHES_PIN,2018-07-17,1531839600
4098,R_22AmuBuGI7iFD1n,SKIN_MOISTURIZER,2018-07-17,1531839600
4099,R_22AmuBuGI7iFD1n,SNACK_FOOD_BAR,2018-07-17,1531839600
4100,R_22mMopWqAj09mQc,BATTERY,2018-07-17,1531839600
4101,R_22mMopWqAj09mQc,SKIN_CLEANING_AGENT,2018-07-17,1531839600
4102,R_25KMnVsE9ynaHcA,MEDICATION,2018-07-17,1531839600
4103,R_25YqaojEWt641sK,GROCERY,2018-07-17,1531839600
4104,R_25YqaojEWt641sK,PET_PEST_CONTROL,2018-07-17,1531839600
4105,R_25YqaojEWt641sK,SHIRT,2018-07-17,1531839600
4106,R_25YqaojEWt641sK,PET_APPAREL,2018-07-17,1531839600
4107,R_27B5jMHYqArQV6X,FOOD_SCOOP,2018-07-17,1531839600
4108,R_27B5jMHYqArQV6X,STORAGE_RACK,2018-07-17,1531839600
4109,R_27B5jMHYqArQV6X,PHYSICAL_TV_SERIES,2018-07-17,1531839600
4110,R_28ANyXf1czOlXey,CELLULAR_PHONE_CASE,2018-07-17,1531839600
4111,R_28ANyXf1czOlXey,SHELF,2018-07-17,1531839600
4112,R_28ANyXf1czOlXey,PANTS,2018-07-17,1531839600
4113,R_28BST1zc80UaP2C,POWER_BANK,2018-07-17,1531839600
4114,R_28BST1zc80UaP2C,PERSONAL_COMPUTER,2018-07-17,1531839600
4115,R_28BST1zc80UaP2C,ABIS_BOOK,2018-07-17,1531839600
4116,R_28IDNbS8mqpfyKD,SELF_DEFENSE_SPRAY,2018-07-17,1531839600
4117,R_28IDNbS8mqpfyKD,BLAZER,2018-07-17,1531839600
4118,R_28IDNbS8mqpfyKD,GROCERY,2018-07-17,1531839600
4119,R_29bHzqH6Blzwhem,PHYSICAL_GIFT_CARD,2018-07-17,1531839600
4120,R_29oUfTgQ6sWbFG2,SMOKING_PIPE,2018-07-17,1531839600
4121,R_2BsOEd1kkGunQti,BACKPACK,2018-07-17,1531839600
4122,R_2BsOEd1kkGunQti,SHOES,2018-07-17,1531839600
4123,R_2D1zydYR5SZ0LpK,ABIS_DRUGSTORE,2018-07-17,1531839600
4124,R_2D1zydYR5SZ0LpK,OUTDOOR_LIVING,2018-07-17,1531839600
4125,R_2D1zydYR5SZ0LpK,SKIN_MOISTURIZER,2018-07-17,1531839600
4126,R_2D1zydYR5SZ0LpK,PET_TOY,2018-07-17,1531839600
4127,R_2DMQ4Npnlu3WWyq,VITAMIN,2018-07-17,1531839600
4128,R_2DOWnSX3XtTVapF,SHIRT,2018-07-17,1531839600
4129,R_2DOWnSX3XtTVapF,PERSONAL_PILL_DISPENSER,2018-07-17,1531839600
4130,R_2DOWnSX3XtTVapF,SURFACE_CLEANING_WIPE,2018-07-17,1531839600
4131,R_2DSmjafbkSAict9,SHOES,2018-07-17,1531839600
4132,R_2DSmjafbkSAict9,PHYSICAL_MOVIE,2018-07-17,1531839600
4133,R_2DSmjafbkSAict9,SHIRT,2018-07-17,1531839600
4134,R_2DYMaORoIHXuYlw,PANTS,2018-07-17,1531839600
4135,R_2DYMaORoIHXuYlw,JUICE_AND_JUICE_DRINK,2018-07-17,1531839600
4136,R_2E5XCpTY2B5ZQ1f,PRINTER,2018-07-17,1531839600
4137,R_2E5XCpTY2B5ZQ1f,VEHICLE_MAT,2018-07-17,1531839600
4138,R_2E5XCpTY2B5ZQ1f,SCREWS,2018-07-17,1531839600
4139,R_2E5XCpTY2B5ZQ1f,FOOD_STRAINER,2018-07-17,1531839600
4140,R_2E5XCpTY2B5ZQ1f,CARD_STOCK,2018-07-17,1531839600
4141,R_2EglJpTWGEiwQYa,HEALTH_PERSONAL_CARE,2018-07-17,1531839600
4142,R_2EglJpTWGEiwQYa,SANDAL,2018-07-17,1531839600
4143,R_2EglJpTWGEiwQYa,MEDICATION,2018-07-17,1531839600
4144,R_2OOq3ysdOS3TtBd,PET_SUPPLIES,2018-07-17,1531839600
4145,R_2QRMdwLStyElYoU,FOOD,2018-07-17,1531839600
4146,R_2QRtVOQUzfFxAg0,HEADPHONES,2018-07-17,1531839600
4147,R_2QRtVOQUzfFxAg0,ONBOARD_CAMERA,2018-07-17,1531839600
4148,R_2R3ayuIYVgX07CZ,BREAKFAST_CEREAL,2018-07-17,1531839600
4149,R_2R3ayuIYVgX07CZ,ANIMAL_MEDICATION,2018-07-17,1531839600
4150,R_2R3ayuIYVgX07CZ,HEADPHONES,2018-07-17,1531839600
4151,R_2R3ayuIYVgX07CZ,NAIL_TREATMENT,2018-07-17,1531839600
4152,R_2R3ayuIYVgX07CZ,ABIS_BOOK,2018-07-17,1531839600
4153,R_2R3ayuIYVgX07CZ,CELLULAR_PHONE_CASE,2018-07-17,1531839600
4154,R_2R3ayuIYVgX07CZ,HEADPHONES,2018-07-17,1531839600
4155,R_2R3ayuIYVgX07CZ,CELLULAR_PHONE_CASE,2018-07-17,1531839600
4156,R_2Ser7goSgo0gVBj,TABLETOP_GAME,2018-07-17,1531839600
4157,R_2Ser7goSgo0gVBj,SAW_BLADE,2018-07-17,1531839600
4158,R_2SksQStmmNpRaiB,NUTRITIONAL_SUPPLEMENT,2018-07-17,1531839600
4159,R_2SksQStmmNpRaiB,VITAMIN,2018-07-17,1531839600
4160,R_2SksQStmmNpRaiB,MEDICATION,2018-07-17,1531839600
4161,R_2SksQStmmNpRaiB,PET_PEST_CONTROL,2018-07-17,1531839600
4162,R_2SksQStmmNpRaiB,GARMENT_STEAMER,2018-07-17,1531839600
4163,R_2SksQStmmNpRaiB,HEADPHONES,2018-07-17,1531839600
4164,R_2SksQStmmNpRaiB,PET_SUPPLIES,2018-07-17,1531839600
4165,R_2SksQStmmNpRaiB,MATTRESS_COVER,2018-07-17,1531839600
4166,R_2SksQStmmNpRaiB,IMMERSION_HEATER,2018-07-17,1531839600
4167,R_2TnuiSdfJ77v7e9,TASK_TRAY,2018-07-17,1531839600
4168,R_2U0l40aPYAoBJLV,LIGHT_FIXTURE,2018-07-17,1531839600
4169,R_2UaV2vSZDxrE35n,BODY_LUBRICANT,2018-07-17,1531839600
4170,R_2UaV2vSZDxrE35n,PHYSICAL_MOVIE,2018-07-17,1531839600
4171,R_2UaV2vSZDxrE35n,PANTS,2018-07-17,1531839600
4172,R_2UaV2vSZDxrE35n,VITAMIN,2018-07-17,1531839600
4173,R_2UaV2vSZDxrE35n,PUMP_SPRAYER,2018-07-17,1531839600
4174,R_2VwjXhJ5OznStEi,FURNITURE_LINER,2018-07-17,1531839600
4175,R_2WSDyKoVDJhO1Os,ABIS_BOOK,2018-07-17,1531839600
4176,R_2WVIxBGaj1uOr8S,SPORT_EQUIPMENT_BAG_CASE,2018-07-17,1531839600
4177,R_2Y9fPhqa2Xf2QdZ,HEALTH_PERSONAL_CARE,2018-07-17,1531839600
4178,R_2Y9fPhqa2Xf2QdZ,COFFEE,2018-07-17,1531839600
4179,R_2Y9fPhqa2Xf2QdZ,ROTATING_TRAY,2018-07-17,1531839600
4180,R_2Y9fPhqa2Xf2QdZ,SHIRT,2018-07-17,1531839600
4181,R_2YR2Yn7wGzAeAj0,COSMETIC_BRUSH,2018-07-17,1531839600
4182,R_2ZOgImZ5BSZcQoz,GROCERY,2018-07-17,1531839600
4183,R_2ZOgImZ5BSZcQoz,LABEL,2018-07-17,1531839600
4184,R_2aKrOq0DBielcig,SNACK_FOOD_BAR,2018-07-17,1531839600
4185,R_2bTLZFP7p4CPlTT,PAINT,2018-07-17,1531839600
4186,R_2cd9jCAamQMAsxe,VITAMIN,2018-07-17,1531839600
4187,R_2cd9jCAamQMAsxe,UTILITY_CART_WAGON,2018-07-17,1531839600
4188,R_2cd9jCAamQMAsxe,PILLOWCASE,2018-07-17,1531839600
4189,R_2cd9jCAamQMAsxe,ANIMAL_NUTRITIONAL_SUPPLEMENT,2018-07-17,1531839600
4190,R_2cd9jCAamQMAsxe,VDO_DEVICES,2018-07-17,1531839600
4191,R_2cnNyjA4yHdU4ij,PHYSICAL_MOVIE,2018-07-17,1531839600
4192,R_2cnNyjA4yHdU4ij,HEADPHONES,2018-07-17,1531839600
4193,R_2dEe5MXA0pGB5Fr,HOUSEHOLD_VARNISH,2018-07-17,1531839600
4194,R_2dEe5MXA0pGB5Fr,PRESSURE_COOKER,2018-07-17,1531839600
4195,R_2dEe5MXA0pGB5Fr,POWER_BANK,2018-07-17,1531839600
4196,R_2dEe5MXA0pGB5Fr,GROCERY,2018-07-17,1531839600
4197,R_2dEe5MXA0pGB5Fr,TOW_HITCH,2018-07-17,1531839600
4198,R_2dEe5MXA0pGB5Fr,SKIN_CLEANING_AGENT,2018-07-17,1531839600
4199,R_2dEe5MXA0pGB5Fr,HOUSEHOLD_VARNISH,2018-07-17,1531839600
4200,R_2dEe5MXA0pGB5Fr,ENGINE_AIR_FILTER,2018-07-17,1531839600
4201,R_2dEe5MXA0pGB5Fr,SNACK_FOOD_BAR,2018-07-17,1531839600
4202,R_2dEe5MXA0pGB5Fr,AROMA_DIFFUSER,2018-07-17,1531839600
4203,R_2dEe5MXA0pGB5Fr,SNACK_FOOD_BAR,2018-07-17,1531839600
4204,R_2dvh9tu7PLPeipE,BATTERY,2018-07-17,1531839600
4205,R_2dvk9UuFSRtf7aJ,BICYCLE_BRAKE_PAD,2018-07-17,1531839600
4206,R_2ebzj3o225IisIQ,PHYSICAL_MOVIE,2018-07-17,1531839600
4207,R_2ebzj3o225IisIQ,CELLULAR_PHONE_CASE,2018-07-17,1531839600
4208,R_2ebzj3o225IisIQ,PERSONAL_COMPUTER,2018-07-17,1531839600
4209,R_2ebzj3o225IisIQ,MEDICATION,2018-07-17,1531839600
4210,R_2ebzj3o225IisIQ,PERSONAL_COMPUTER,2018-07-17,1531839600
4211,R_2f7MFUqYnEv92pF,ABIS_BOOK,2018-07-17,1531839600
4212,R_2f7MFUqYnEv92pF,SHOWERHEAD,2018-07-17,1531839600
4213,R_2f7MFUqYnEv92pF,NUTRITIONAL_SUPPLEMENT,2018-07-17,1531839600
4214,R_2fIpcmjmR7iDqYo,ABIS_ELECTRONICS,2018-07-17,1531839600
4215,R_2fQoqPD5ygeWViN,RADIO,2018-07-17,1531839600
4216,R_2fQoqPD5ygeWViN,MEDICATION,2018-07-17,1531839600
4217,R_2fQoqPD5ygeWViN,COSMETIC_BRUSH,2018-07-17,1531839600
4218,R_2fQoqPD5ygeWViN,SNACK_FOOD_BAR,2018-07-17,1531839600
4219,R_2foIkyims4WyyYQ,SKIN_MOISTURIZER,2018-07-17,1531839600
4220,R_2mAJniG0xVBIInL,MASCARA,2018-07-17,1531839600
4221,R_2mAJniG0xVBIInL,PHYSICAL_MOVIE,2018-07-17,1531839600
4222,R_2mKYTXpTsUEkSGt,ELECTRONIC_CABLE,2018-07-17,1531839600
4223,R_2qD8ep8d313iLj4,OUTDOOR_RECREATION_PRODUCT,2018-07-17,1531839600
4224,R_2qD8ep8d313iLj4,HANDLEBAR_GRIP,2018-07-17,1531839600
4225,R_2qD8ep8d313iLj4,SKIN_FOUNDATION_CONCEALER,2018-07-17,1531839600
4226,R_2qD8ep8d313iLj4,HERBAL_SUPPLEMENT,2018-07-17,1531839600
4227,R_2qjAN1lyLAdAxT2,SKIN_CLEANING_AGENT,2018-07-17,1531839600
4228,R_2qjAN1lyLAdAxT2,BATHWATER_ADDITIVE,2018-07-17,1531839600
4229,R_2qjAN1lyLAdAxT2,STANDALONE_STREAMING_MEDIA_PLAYER,2018-07-17,1531839600
4230,R_2qjAN1lyLAdAxT2,NUTRITIONAL_SUPPLEMENT,2018-07-17,1531839600
4231,R_2qjAN1lyLAdAxT2,ELECTRONIC_CABLE,2018-07-17,1531839600
4232,R_2qjAN1lyLAdAxT2,BABY_JUMPER_WALKER,2018-07-17,1531839600
4233,R_2qjAN1lyLAdAxT2,SURVEILLANCE_RECORDER_SYSTEM,2018-07-17,1531839600
4234,R_2r7Zl5CTeW1dMqd,HEADPHONES,2018-07-17,1531839600
4235,R_2r7Zl5CTeW1dMqd,HEADPHONES,2018-07-17,1531839600
4236,R_2r7Zl5CTeW1dMqd,HEADPHONES,2018-07-17,1531839600
4237,R_2r7Zl5CTeW1dMqd,GROCERY,2018-07-17,1531839600
4238,R_2r7Zl5CTeW1dMqd,MEDICATION,2018-07-17,1531839600
4239,R_2s5OzoDX56gIWr0,ADHESIVE_TAPES,2018-07-17,1531839600
4240,R_2s5OzoDX56gIWr0,UTILITY_KNIFE,2018-07-17,1531839600
4241,R_2s5YO3cdqKDFyIM,SKIN_MOISTURIZER,2018-07-17,1531839600
4242,R_2sRWbepslqKPgL7,BATTERY,2018-07-17,1531839600
4243,R_2sRWbepslqKPgL7,PHYSICAL_VIDEO_GAME_SOFTWARE,2018-07-17,1531839600
4244,R_2sRWbepslqKPgL7,VASE,2018-07-17,1531839600
4245,R_2tfEDXuyNRcQoWs,MEDICATION,2018-07-17,1531839600
4246,R_2tfEDXuyNRcQoWs,PHYSICAL_MOVIE,2018-07-17,1531839600
4247,R_2tfEDXuyNRcQoWs,ABIS_BOOK,2018-07-17,1531839600
4248,R_2uZDxTZAORBIW1o,FAUCET,2018-07-17,1531839600
4249,R_2uZDxTZAORBIW1o,KITCHEN,2018-07-17,1531839600
4250,R_2uZDxTZAORBIW1o,PANTS,2018-07-17,1531839600
4251,R_2wmLE1q4FIpfioi,SHARP_PIN,2018-07-17,1531839600
4252,R_2wzatCV9Z18xLF2,SHIN_GUARD,2018-07-17,1531839600
4253,R_2wzatCV9Z18xLF2,PET_FOOD,2018-07-17,1531839600
4254,R_2yjckpDXWcsiLPz,APPENDAGE_WARMER,2018-07-17,1531839600
4255,R_2yjckpDXWcsiLPz,AREA_DEODORIZER,2018-07-17,1531839600
4256,R_2yjckpDXWcsiLPz,AROMA_DIFFUSER,2018-07-17,1531839600
4257,R_2z7rLZb69WuqDdf,TOWEL,2018-07-17,1531839600
4258,R_2z7rLZb69WuqDdf,BODY_PAINT,2018-07-17,1531839600
4259,R_30pLPRle51eRImG,PHYSICAL_MOVIE,2018-07-17,1531839600
4260,R_325wPQDFbzpv3zZ,SCREEN_PROTECTOR,2018-07-17,1531839600
4261,R_325wPQDFbzpv3zZ,DRYING_RACK,2018-07-17,1531839600
4262,R_325wPQDFbzpv3zZ,DRYING_RACK,2018-07-17,1531839600
4263,R_325wPQDFbzpv3zZ,BATTERY,2018-07-17,1531839600
4264,R_325wPQDFbzpv3zZ,NUTRITIONAL_SUPPLEMENT,2018-07-17,1531839600
4265,R_325wPQDFbzpv3zZ,ABIS_BOOK,2018-07-17,1531839600
4266,R_325wPQDFbzpv3zZ,CYCLING_COMPUTER,2018-07-17,1531839600
4267,R_325wPQDFbzpv3zZ,SHIRT,2018-07-17,1531839600
4268,R_32LAHRoBCbjkYZj,MEDICATION,2018-07-17,1531839600
4269,R_32LAHRoBCbjkYZj,RICE_MIX,2018-07-17,1531839600
4270,R_32UZncFA03IrQwQ,UTILITY_KNIFE,2018-07-17,1531839600
4271,R_32UZncFA03IrQwQ,HARDWARE_CLAMP_VISE,2018-07-17,1531839600
4272,R_32UZncFA03IrQwQ,ART_CRAFT_KIT,2018-07-17,1531839600
4273,R_32UZncFA03IrQwQ,NOODLE,2018-07-17,1531839600
4274,R_32WvdLjYpicai6o,VITAMIN,2018-07-17,1531839600
4275,R_3D7xJuXSy25PXbg,SNACK_FOOD_BAR,2018-07-17,1531839600
4276,R_3D8tZyjLz903WIf,SOLDERING_IRON,2018-07-17,1531839600
4277,R_3D8tZyjLz903WIf,SOLDERING_IRON,2018-07-17,1531839600
4278,R_3EQJpaOtt2aP8HS,CARRIER_BAG_CASE,2018-07-17,1531839600
4279,R_3EbttwlSceKvWpl,FOOD_BLENDER,2018-07-17,1531839600
4280,R_3ElHoNUS8Tyu7RP,WRIST_REST,2018-07-17,1531839600
4281,R_3ElHoNUS8Tyu7RP,ABIS_BOOK,2018-07-17,1531839600
4282,R_3ElHoNUS8Tyu7RP,NAIL_POLISH,2018-07-17,1531839600
4283,R_3ElHoNUS8Tyu7RP,NUTRITIONAL_SUPPLEMENT,2018-07-17,1531839600
4284,R_3Em4Q2OBHB3m5rz,SHIRT,2018-07-17,1531839600
4285,R_3Em4Q2OBHB3m5rz,TOYS_AND_GAMES,2018-07-17,1531839600
4286,R_3FLnCDw2M5okTCc,VIRTUAL_REALITY_HEADSET,2018-07-17,1531839600
4287,R_3GBRRr7bndtJPU9,POTABLE_WATER_FILTER,2018-07-17,1531839600
4288,R_3GD1CL4OyjglmbZ,ART_SUPPLIES,2018-07-17,1531839600
4289,R_3HLKIA2u3ZnY9lM,TWO_WAY_RADIO,2018-07-17,1531839600
4290,R_3HLKIA2u3ZnY9lM,SKIN_SERUM,2018-07-17,1531839600
4291,R_3HvPXLfubbb9a6G,MEDICATION,2018-07-17,1531839600
4292,R_3HvPXLfubbb9a6G,ABIS_BOOK,2018-07-17,1531839600
4293,R_3HzhKIwCcybjVbM,TOYS_AND_GAMES,2018-07-17,1531839600
4294,R_3HzhKIwCcybjVbM,PORTABLE_ELECTRONIC_DEVICE_COVER,2018-07-17,1531839600
4295,R_3J8UJcgwnW51IvN,ADULT_COSTUME,2018-07-17,1531839600
4296,R_3J8UJcgwnW51IvN,HEADPHONES,2018-07-17,1531839600
4297,R_3J8UJcgwnW51IvN,VITAMIN,2018-07-17,1531839600
4298,R_3J8UJcgwnW51IvN,SHOELACE,2018-07-17,1531839600
4299,R_3J8UJcgwnW51IvN,JUICE_AND_JUICE_DRINK,2018-07-17,1531839600
4300,R_3J8UJcgwnW51IvN,FRESH_CUT_FLOWERS_PLANTS,2018-07-17,1531839600
4301,R_3J8UJcgwnW51IvN,PET_FOOD,2018-07-17,1531839600
4302,R_3J8UJcgwnW51IvN,SHOES,2018-07-17,1531839600
4303,R_3J8UJcgwnW51IvN,MEDICATION,2018-07-17,1531839600
4304,R_3J8UJcgwnW51IvN,TOYS_AND_GAMES,2018-07-17,1531839600
4305,R_3J8UJcgwnW51IvN,MINIATURE_TOY_FURNISHING,2018-07-17,1531839600
4306,R_3J8UJcgwnW51IvN,MATTRESS_COVER,2018-07-17,1531839600
4307,R_3J8UJcgwnW51IvN,NUT_AND_SEED,2018-07-17,1531839600
4308,R_3J8UJcgwnW51IvN,HEADPHONES,2018-07-17,1531839600
4309,R_3J8UJcgwnW51IvN,NUT_AND_SEED,2018-07-17,1531839600
4310,R_3J8UJcgwnW51IvN,SKIN_CLEANING_AGENT,2018-07-17,1531839600
4311,R_3J8UJcgwnW51IvN,HEALTH_PERSONAL_CARE,2018-07-17,1531839600
4312,R_3J8UJcgwnW51IvN,BATTERY,2018-07-17,1531839600
4313,R_3J8UJcgwnW51IvN,STROLLER,2018-07-17,1531839600
4314,R_3J8UJcgwnW51IvN,SLEEP_MASK,2018-07-17,1531839600
4315,R_3J8UJcgwnW51IvN,CHISEL,2018-07-17,1531839600
4316,R_3J8UJcgwnW51IvN,HERBAL_SUPPLEMENT,2018-07-17,1531839600
4317,R_3J8UJcgwnW51IvN,SNACK_FOOD_BAR,2018-07-17,1531839600
4318,R_3J8UJcgwnW51IvN,GROCERY,2018-07-17,1531839600
4319,R_3J8UJcgwnW51IvN,NUTRITIONAL_SUPPLEMENT,2018-07-17,1531839600
4320,R_3J8UJcgwnW51IvN,SHIRT,2018-07-17,1531839600
4321,R_3J8UJcgwnW51IvN,JUICE_AND_JUICE_DRINK,2018-07-17,1531839600
4322,R_3J8UJcgwnW51IvN,BATTERY,2018-07-17,1531839600
4323,R_3J8UJcgwnW51IvN,BLAZER,2018-07-17,1531839600
4324,R_3J8UJcgwnW51IvN,NUTRITIONAL_SUPPLEMENT,2018-07-17,1531839600
4325,R_3J8UJcgwnW51IvN,FRESH_CUT_FLOWERS_PLANTS,2018-07-17,1531839600
4326,R_3J8UJcgwnW51IvN,FRESH_CUT_FLOWERS_PLANTS,2018-07-17,1531839600
4327,R_3J8UJcgwnW51IvN,SNACK_MIX,2018-07-17,1531839600
4328,R_3J8UJcgwnW51IvN,CHISEL,2018-07-17,1531839600
4329,R_3J8UJcgwnW51IvN,VITAMIN,2018-07-17,1531839600
4330,R_3J8UJcgwnW51IvN,SKIN_MOISTURIZER,2018-07-17,1531839600
4331,R_3J8UJcgwnW51IvN,FRESH_CUT_FLOWERS_PLANTS,2018-07-17,1531839600
4332,R_3J8UJcgwnW51IvN,PHYSICAL_MOVIE,2018-07-17,1531839600
4333,R_3J8UJcgwnW51IvN,MINIATURE_TOY_FURNISHING,2018-07-17,1531839600
4334,R_3J8UJcgwnW51IvN,BLAZER,2018-07-17,1531839600
4335,R_3JK3aP5uRxffXiy,FOOD_SCOOP,2018-07-17,1531839600
4336,R_3JK3aP5uRxffXiy,SKIN_MOISTURIZER,2018-07-17,1531839600
4337,R_3JnjKsPAuFGDhrx,SCREEN_PROTECTOR,2018-07-17,1531839600
4338,R_3KpaTa6zCZitiZG,CORD_MANAGEMENT_COVER,2018-07-17,1531839600
4339,R_3M3RSZ7wNRSaxNx,SHOELACE,2018-07-17,1531839600
4340,R_3M4EntiuPSB1ZJO,SKIN_MOISTURIZER,2018-07-17,1531839600
4341,R_3MMW2ivCFCtjHIe,ABIS_BOOK,2018-07-17,1531839600
4342,R_3MhBAq6V6XHU9ln,WEARABLE_WEIGHT,2018-07-17,1531839600
4343,R_3NFhCSnuJa54Jn3,TOY_FIGURE,2018-07-17,1531839600
4344,R_3O9aPnM7ixjsbYK,PLANNER,2018-07-17,1531839600
4345,R_3PAyJj7mQvMzMco,VITAMIN,2018-07-17,1531839600
4346,R_3PAyJj7mQvMzMco,SCREEN_PROTECTOR,2018-07-17,1531839600
4347,R_3PAyJj7mQvMzMco,SOCKS,2018-07-17,1531839600
4348,R_3PAyJj7mQvMzMco,HEADPHONES,2018-07-17,1531839600
4349,R_3QJyUqWqLp8B7Jw,PHYSICAL_MOVIE,2018-07-17,1531839600
4350,R_3QJyUqWqLp8B7Jw,SHAMPOO,2018-07-17,1531839600
4351,R_3QJyUqWqLp8B7Jw,ABIS_MUSIC,2018-07-17,1531839600
4352,R_3QJyUqWqLp8B7Jw,DESK,2018-07-17,1531839600
4353,R_3QJyUqWqLp8B7Jw,PANTS,2018-07-17,1531839600
4354,R_3QJyUqWqLp8B7Jw,TAMPON,2018-07-17,1531839600
4355,R_3QPk8nnI1s8wilh,SKIN_CLEANING_AGENT,2018-07-17,1531839600
4356,R_3QPk8nnI1s8wilh,SHOE_INSERT,2018-07-17,1531839600
4357,R_3R3FfvTaRKxigNl,TRIVET,2018-07-17,1531839600
4358,R_3RpTNwsri1SSxeL,BATTERY,2018-07-17,1531839600
4359,R_3RpTNwsri1SSxeL,SHEET_PAN,2018-07-17,1531839600
4360,R_3dN6S4adN4KjQO1,ABIS_BOOK,2018-07-17,1531839600
4361,R_3dN6S4adN4KjQO1,CHOPSTICK,2018-07-17,1531839600
4362,R_3ebnP0qUIQ7u38i,UNDERPANTS,2018-07-17,1531839600
4363,R_3ebnP0qUIQ7u38i,BATHWATER_ADDITIVE,2018-07-17,1531839600
4364,R_3ebnP0qUIQ7u38i,BEAUTY,2018-07-17,1531839600
4365,R_3ebnP0qUIQ7u38i,DEEP_FRYER,2018-07-17,1531839600
4366,R_3ebnP0qUIQ7u38i,SEXUAL_STIMULATION_DEVICE,2018-07-17,1531839600
4367,R_3ebnP0qUIQ7u38i,BATTERY,2018-07-17,1531839600
4368,R_3ek9YZGdsDHjUZf,SKIN_MOISTURIZER,2018-07-17,1531839600
4369,R_3ek9YZGdsDHjUZf,PHYSICAL_MOVIE,2018-07-17,1531839600
4370,R_3enuyEOsaEVxTNX,TOYS_AND_GAMES,2018-07-17,1531839600
4371,R_3exlTi02vMuoy59,SHIRT,2018-07-17,1531839600
4372,R_3exlTi02vMuoy59,POTABLE_WATER_FILTER,2018-07-17,1531839600
4373,R_3exlTi02vMuoy59,CELLULAR_PHONE_CASE,2018-07-17,1531839600
4374,R_3exlTi02vMuoy59,OUTDOOR_LIVING,2018-07-17,1531839600
4375,R_3fB1NIeE1OGUd72,ONE_PIECE_OUTFIT,2018-07-17,1531839600
4376,R_3fB1NIeE1OGUd72,BATTERY,2018-07-17,1531839600
4377,R_3fcOMdQm2jGBLKm,TOYS_AND_GAMES,2018-07-17,1531839600
4378,R_3gTrwWhEzAv6gzH,ABIS_BOOK,2018-07-17,1531839600
4379,R_3gTrwWhEzAv6gzH,MOTORCYCLE_PART,2018-07-17,1531839600
4380,R_3iJyVGzX7fyajRz,HEALTH_PERSONAL_CARE,2018-07-17,1531839600
4381,R_3ixOwXLuUfjiWS8,EARRING,2018-07-17,1531839600
4382,R_3ixUxNOUiEYD7KJ,NUTRITIONAL_SUPPLEMENT,2018-07-17,1531839600
4383,R_3ixUxNOUiEYD7KJ,TOYS_AND_GAMES,2018-07-17,1531839600
4384,R_3lMPFMytHOig2HO,GROCERY,2018-07-17,1531839600
4385,R_3lMPFMytHOig2HO,PHYSICAL_MOVIE,2018-07-17,1531839600
4386,R_3lMPFMytHOig2HO,HEALTH_PERSONAL_CARE,2018-07-17,1531839600
4387,R_3m3H4mwZ2snYFua,CELLULAR_PHONE,2018-07-17,1531839600
4388,R_3mm166mlwrLpf6y,HEALTH_PERSONAL_CARE,2018-07-17,1531839600
4389,R_3mm166mlwrLpf6y,PLANTER,2018-07-17,1531839600
4390,R_3mm166mlwrLpf6y,SKIN_MOISTURIZER,2018-07-17,1531839600
4391,R_3mm166mlwrLpf6y,BATTERY,2018-07-17,1531839600
4392,R_3mm166mlwrLpf6y,SKIN_CLEANING_AGENT,2018-07-17,1531839600
4393,R_3mm166mlwrLpf6y,SHIRT,2018-07-17,1531839600
4394,R_3mm166mlwrLpf6y,ELECTRONIC_CABLE,2018-07-17,1531839600
4395,R_3mm166mlwrLpf6y,PORTABLE_ELECTRONIC_DEVICE_ARMBAND,2018-07-17,1531839600
4396,R_3n2VXT4Z99FpnEG,TOY_BUILDING_BLOCK,2018-07-17,1531839600
4397,R_3nA7SneXu81knN1,BATHTUB_SHOWER_TRIM_KIT,2018-07-17,1531839600
4398,R_3nA7SneXu81knN1,GROCERY,2018-07-17,1531839600
4399,R_3nA7SneXu81knN1,SKIN_MOISTURIZER,2018-07-17,1531839600
4400,R_3nA7SneXu81knN1,BOTTLE,2018-07-17,1531839600
4401,R_3nA7SneXu81knN1,VALVE,2018-07-17,1531839600
4402,R_3nA7SneXu81knN1,PANTS,2018-07-17,1531839600
4403,R_3nA7SneXu81knN1,LAWN_MOWER,2018-07-17,1531839600
4404,R_3nA7SneXu81knN1,ABIS_BOOK,2018-07-17,1531839600
4405,R_3nA7SneXu81knN1,VACUUM_CLEANER,2018-07-17,1531839600
4406,R_3nH1Odp9Yjm86gN,BOARD_GAME,2018-07-17,1531839600
4407,R_3oO3DoeTgXHrEzx,SANITARY_NAPKIN,2018-07-17,1531839600
4408,R_3oO3DoeTgXHrEzx,TOYS_AND_GAMES,2018-07-17,1531839600
4409,R_3oO3DoeTgXHrEzx,CELLULAR_PHONE_CASE,2018-07-17,1531839600
4410,R_3oO3DoeTgXHrEzx,GARDEN_SHEAR_SCISSORS,2018-07-17,1531839600
4411,R_3p8Rjor8VyZP2Qp,DISPOSABLE_NAPKIN,2018-07-17,1531839600
4412,R_3p8Rjor8VyZP2Qp,DISPOSABLE_NAPKIN,2018-07-17,1531839600
4413,R_3p8Rjor8VyZP2Qp,MEAL_HOLDER,2018-07-17,1531839600
4414,R_3qqdzQnCaBYHx9o,SMALL_HOME_APPLIANCES,2018-07-17,1531839600
4415,R_3rV7kPHe9hVsMee,BATTERY,2018-07-17,1531839600
4416,R_3rV7kPHe9hVsMee,SNOW_CHAIN,2018-07-17,1531839600
4417,R_3rV7kPHe9hVsMee,FALSE_EYELASH,2018-07-17,1531839600
4418,R_3rV7kPHe9hVsMee,TIGHTS,2018-07-17,1531839600
4419,R_3s5NxhqKpoWo6zm,HEADPHONES,2018-07-17,1531839600
4420,R_3s5NxhqKpoWo6zm,SCREEN_PROTECTOR,2018-07-17,1531839600
4421,R_3s60LmlFm5fAEP5,BASKETBALL_HOOP,2018-07-17,1531839600
4422,R_3socPWD3wXD0iDP,BUCKLE,2018-07-17,1531839600
4423,R_3socPWD3wXD0iDP,BOTTLE,2018-07-17,1531839600
4424,R_3socPWD3wXD0iDP,POOL_SPA_WATER_TREATMENT,2018-07-17,1531839600
4425,R_4HmF6WnGLnnWuLD,VALVE,2018-07-17,1531839600
4426,R_4HmF6WnGLnnWuLD,ORAL_IRRIGATOR,2018-07-17,1531839600
4427,R_4HmF6WnGLnnWuLD,WIPER_BLADE,2018-07-17,1531839600
4428,R_4HmF6WnGLnnWuLD,FOOD_GLITTER_SPRINKLE,2018-07-17,1531839600
4429,R_4ONrU60VenuwARr,SELF_TANNER,2018-07-17,1531839600
4430,R_4TMdmQ1SjGtT6Ex,PANTS,2018-07-17,1531839600
4431,R_4TMdmQ1SjGtT6Ex,GROCERY,2018-07-17,1531839600
4432,R_4TMdmQ1SjGtT6Ex,CELLULAR_PHONE_CASE,2018-07-17,1531839600
4433,R_4TMdmQ1SjGtT6Ex,PITCHER,2018-07-17,1531839600
4434,R_5uabKnJBMc7HyEN,TOY_FIGURE,2018-07-17,1531839600
4435,R_6Jw0sPgGkHLnKkp,CELLULAR_PHONE_CASE,2018-07-17,1531839600
4436,R_6Jw0sPgGkHLnKkp,PHYSICAL_MOVIE,2018-07-17,1531839600
4437,R_6Jw0sPgGkHLnKkp,ABIS_BOOK,2018-07-17,1531839600
4438,R_6Jw0sPgGkHLnKkp,SHOES,2018-07-17,1531839600
4439,R_6Jw0sPgGkHLnKkp,SHIRT,2018-07-17,1531839600
4440,R_6Jw0sPgGkHLnKkp,VITAMIN,2018-07-17,1531839600
4441,R_6SbhJD23U5a2YJX,EARRING,2018-07-17,1531839600
4442,R_6Y8B3R1iIUjRAXv,NUTRITIONAL_SUPPLEMENT,2018-07-17,1531839600
4443,R_6Y8B3R1iIUjRAXv,HEALTH_PERSONAL_CARE,2018-07-17,1531839600
4444,R_7ZH1uBNuL9RQ2K5,SKIN_MOISTURIZER,2018-07-17,1531839600
4445,R_85OdkeCoFP5daLL,VITAMIN,2018-07-17,1531839600
4446,R_85OdkeCoFP5daLL,SERVEWARE,2018-07-17,1531839600
4447,R_85OdkeCoFP5daLL,PET_FOOD,2018-07-17,1531839600
4448,R_85OdkeCoFP5daLL,SCARF,2018-07-17,1531839600
4449,R_85OdkeCoFP5daLL,MUSICAL_INSTRUMENT_AMPLIFIER,2018-07-17,1531839600
4450,R_85OdkeCoFP5daLL,SPIRITS,2018-07-17,1531839600
4451,R_8CXcySQawXPuJwJ,BATTERY,2018-07-17,1531839600
4452,R_8CXcySQawXPuJwJ,DRINKING_CUP,2018-07-17,1531839600
4453,R_8CXcySQawXPuJwJ,INCONTINENCE_PROTECTOR,2018-07-17,1531839600
4454,R_8cr0J12EMKs9NND,PET_FOOD,2018-07-17,1531839600
4455,R_8cr0J12EMKs9NND,ABIS_DVD,2018-07-17,1531839600
4456,R_8cr0J12EMKs9NND,PET_FOOD,2018-07-17,1531839600
4457,R_8cr0J12EMKs9NND,DRINKING_STRAW,2018-07-17,1531839600
4458,R_8pMsG4P0RqzoSlz,PHYSICAL_GIFT_CARD,2018-07-17,1531839600
4459,R_8vnpSkm79W7Jsv7,KITCHEN,2018-07-17,1531839600
4460,R_8vnpSkm79W7Jsv7,PET_ACTIVITY_STRUCTURE,2018-07-17,1531839600
4461,R_8vnpSkm79W7Jsv7,PAW_HOOF_PROTECTOR,2018-07-17,1531839600
4462,R_8vnpSkm79W7Jsv7,SHELF,2018-07-17,1531839600
4463,R_8vnpSkm79W7Jsv7,WHEEL,2018-07-17,1531839600
4464,R_9L8Lum5AaHh6bq9,EARRING,2018-07-17,1531839600
4465,R_9L8Lum5AaHh6bq9,DOWNLOADABLE_VIDEO_GAME,2018-07-17,1531839600
4466,R_9L8Lum5AaHh6bq9,CELLULAR_PHONE_CASE,2018-07-17,1531839600
4467,R_9L8Lum5AaHh6bq9,POOL_HEATER,2018-07-17,1531839600
4468,R_9L8Lum5AaHh6bq9,ONE_PIECE_OUTFIT,2018-07-17,1531839600
4469,R_9yOmfJyU0rNZGW5,HEALTH_PERSONAL_CARE,2018-07-17,1531839600
4470,R_A1CRADYHwN0zQL7,ABIS_BOOK,2018-07-17,1531839600
4471,R_A5Mg9h1PiJL0Wyd,VITAMIN,2018-07-17,1531839600
4472,R_A5Mg9h1PiJL0Wyd,HEADPHONES,2018-07-17,1531839600
4473,R_AEBbAiW2xdXI2at,CABINET,2018-07-17,1531839600
4474,R_AEBbAiW2xdXI2at,HVAC_AIR_FILTER,2018-07-17,1531839600
4475,R_AEBbAiW2xdXI2at,CURTAIN,2018-07-17,1531839600
4476,R_AKBlDprDMrv4M7v,HEALTH_PERSONAL_CARE,2018-07-17,1531839600
4477,R_AKBlDprDMrv4M7v,PET_FOOD,2018-07-17,1531839600
4478,R_AKBlDprDMrv4M7v,HAIR_IRON,2018-07-17,1531839600
4479,R_Ap2HcvpPLRDJv9L,SHIRT,2018-07-17,1531839600
4480,R_Ap2HcvpPLRDJv9L,COSTUME_OUTFIT,2018-07-17,1531839600
4481,R_Ap2HcvpPLRDJv9L,ENGINE_COMPONENT_CAP,2018-07-17,1531839600
4482,R_Ap2HcvpPLRDJv9L,PHYSICAL_MOVIE,2018-07-17,1531839600
4483,R_Ap2HcvpPLRDJv9L,TOYS_AND_GAMES,2018-07-17,1531839600
4484,R_BWhnv4EdbhSS6rf,SHOES,2018-07-17,1531839600
4485,R_BWhnv4EdbhSS6rf,PANTS,2018-07-17,1531839600
4486,R_BWhnv4EdbhSS6rf,BATTERY,2018-07-17,1531839600
4487,R_BWhnv4EdbhSS6rf,NUTRITIONAL_SUPPLEMENT,2018-07-17,1531839600
4488,R_BWhnv4EdbhSS6rf,COFFEE,2018-07-17,1531839600
4489,R_BWhnv4EdbhSS6rf,HEADPHONES,2018-07-17,1531839600
4490,R_BWhnv4EdbhSS6rf,PHYSICAL_MOVIE,2018-07-17,1531839600
4491,R_CaF1pc8CnyWJvCp,SKIN_MOISTURIZER,2018-07-17,1531839600
4492,R_CaF1pc8CnyWJvCp,NUT_AND_SEED,2018-07-17,1531839600
4493,R_Djcs43mP6ReoYgN,ELECTRONIC_CABLE,2018-07-17,1531839600
4494,R_O6ZX76mggPnAOfD,APPAREL,2018-07-17,1531839600
4495,R_O9FzIlCvCxllJSN,STORAGE_HOOK,2018-07-17,1531839600
4496,R_O9FzIlCvCxllJSN,SNACK_FOOD_BAR,2018-07-17,1531839600
4497,R_OfntYUzw43qHbuF,ENGINE_AIR_FILTER,2018-07-17,1531839600
4498,R_OfntYUzw43qHbuF,WASHER,2018-07-17,1531839600
4499,R_OfntYUzw43qHbuF,VITAMIN,2018-07-17,1531839600
4500,R_OfntYUzw43qHbuF,SWING,2018-07-17,1531839600
4501,R_OfntYUzw43qHbuF,HARDWARE,2018-07-17,1531839600
4502,R_OfntYUzw43qHbuF,ENGINE_AIR_FILTER,2018-07-17,1531839600
4503,R_PwlnzzccUMXV0n7,HARDWARE,2018-07-17,1531839600
4504,R_PwlnzzccUMXV0n7,O_RINGS,2018-07-17,1531839600
4505,R_Q4ZjTFeyiC5kgQV,MAJOR_HOME_APPLIANCES,2018-07-17,1531839600
4506,R_RK5cwWjrNzWCfLj,BATTERY,2018-07-17,1531839600
4507,R_RK5cwWjrNzWCfLj,VITAMIN,2018-07-17,1531839600
4508,R_RaeWxaWjb7z8CLT,BATTERY,2018-07-17,1531839600
4509,R_RaeWxaWjb7z8CLT,NUTRITIONAL_SUPPLEMENT,2018-07-17,1531839600
4510,R_RaeWxaWjb7z8CLT,VEHICLE_BAG,2018-07-17,1531839600
4511,R_RaeWxaWjb7z8CLT,GIFT_WRAP,2018-07-17,1531839600
4512,R_RaeWxaWjb7z8CLT,MEDICATION,2018-07-17,1531839600
4513,R_RaeWxaWjb7z8CLT,CELLULAR_PHONE_CASE,2018-07-17,1531839600
4514,R_RlYyUhsDFvyGwX7,PAPER_CLIP_CLAMP,2018-07-17,1531839600
4515,R_RlYyUhsDFvyGwX7,MINERAL_SUPPLEMENT,2018-07-17,1531839600
4516,R_RlYyUhsDFvyGwX7,PACKAGED_SOUP_AND_STEW,2018-07-17,1531839600
4517,R_RlYyUhsDFvyGwX7,SKIN_MOISTURIZER,2018-07-17,1531839600
4518,R_SVHcBOlErkMEJjP,SLEEPING_BAG,2018-07-17,1531839600
4519,R_SVHcBOlErkMEJjP,VACUUM_CLEANER,2018-07-17,1531839600
4520,R_SVHcBOlErkMEJjP,VITAMIN,2018-07-17,1531839600
4521,R_SVHcBOlErkMEJjP,BATTERY,2018-07-17,1531839600
4522,R_SVHcBOlErkMEJjP,SCREEN_PROTECTOR,2018-07-17,1531839600
4523,R_SVHcBOlErkMEJjP,VEHICLE_MOLDING,2018-07-17,1531839600
4524,R_ThgquWaLDQWLCcp,SNACK_FOOD_BAR,2018-07-17,1531839600
4525,R_TtK3Qkb3c3EIeoV,NUTRITIONAL_SUPPLEMENT,2018-07-17,1531839600
4526,R_V1EWFs6tkv2DaMN,SHOES,2018-07-17,1531839600
4527,R_WerZwuLkMK4zfVf,BOTTLE,2018-07-17,1531839600
4528,R_Wr3OvD5tOnb6kmZ,TOYS_AND_GAMES,2018-07-17,1531839600
4529,R_XAphEY817eORyx3,GROCERY,2018-07-17,1531839600
4530,R_Z4qMkqhWSmIbdSh,COSTUME_OUTFIT,2018-07-17,1531839600
4531,R_Z4qMkqhWSmIbdSh,GROCERY,2018-07-17,1531839600
4532,R_Z4qMkqhWSmIbdSh,MP3_PLAYER,2018-07-17,1531839600
4533,R_Z4qMkqhWSmIbdSh,TRAMPOLINE,2018-07-17,1531839600
4534,R_Z4qMkqhWSmIbdSh,SNACK_FOOD_BAR,2018-07-17,1531839600
4535,R_ZytPZbOx6EtswkV,ABIS_BOOK,2018-07-17,1531839600
4536,R_ZytPZbOx6EtswkV,VITAMIN,2018-07-17,1531839600
4537,R_ZytPZbOx6EtswkV,SCREEN_PROTECTOR,2018-07-17,1531839600
4538,R_ZytPZbOx6EtswkV,ABIS_BOOK,2018-07-17,1531839600
4539,R_b94CAnrDM9JIx4R,SKIN_MOISTURIZER,2018-07-17,1531839600
4540,R_b94CAnrDM9JIx4R,TIMER,2018-07-17,1531839600
4541,R_bJI8lmXMZWL6oql,SKIN_CLEANING_AGENT,2018-07-17,1531839600
4542,R_bw2nQ0iRh2wCa8p,LIGHT_BULB,2018-07-17,1531839600
4543,R_cAcAtozIWnZIbGp,SYRUP,2018-07-17,1531839600
4544,R_cAcAtozIWnZIbGp,TOYS_AND_GAMES,2018-07-17,1531839600
4545,R_cAcAtozIWnZIbGp,STORAGE_DRAWER,2018-07-17,1531839600
4546,R_cAcAtozIWnZIbGp,PRINT_COPY_PAPER,2018-07-17,1531839600
4547,R_cAcAtozIWnZIbGp,SKIN_CLEANING_AGENT,2018-07-17,1531839600
4548,R_cAcAtozIWnZIbGp,SYRUP,2018-07-17,1531839600
4549,R_cAcAtozIWnZIbGp,PROTECTIVE_GLOVE,2018-07-17,1531839600
4550,R_eg0ycbZcHEfhBAd,KNITTING_NEEDLE,2018-07-17,1531839600
4551,R_pMnqpu31myYoxy1,AV_SIGNAL_SWITCH,2018-07-17,1531839600
4552,R_pMnqpu31myYoxy1,TIGHTS,2018-07-17,1531839600
4553,R_pzMCRYrC0qiSwIF,BATTERY,2018-07-17,1531839600
4554,R_r3IM83Ecq7eY7QJ,SAW,2018-07-17,1531839600
4555,R_r3IM83Ecq7eY7QJ,SHOE_INSERT,2018-07-17,1531839600
4556,R_r3IM83Ecq7eY7QJ,PAPER_TOWEL,2018-07-17,1531839600
4557,R_r3IM83Ecq7eY7QJ,FILE_FOLDER,2018-07-17,1531839600
4558,R_r3IM83Ecq7eY7QJ,PET_FOOD,2018-07-17,1531839600
4559,R_r3IM83Ecq7eY7QJ,ABRASIVE_WHEELS,2018-07-17,1531839600
4560,R_r3IM83Ecq7eY7QJ,SKIN_CLEANING_AGENT,2018-07-17,1531839600
4561,R_r3IM83Ecq7eY7QJ,SKIN_CARE_AGENT,2018-07-17,1531839600
4562,R_r3IM83Ecq7eY7QJ,CAN_OPENER,2018-07-17,1531839600
4563,R_rqK6K6zDsynoZHP,SHOES,2018-07-17,1531839600
4564,R_rqK6K6zDsynoZHP,HEADPHONES,2018-07-17,1531839600
4565,R_rqK6K6zDsynoZHP,ABIS_BOOK,2018-07-17,1531839600
4566,R_sGohXmtT8TjLibT,PET_FOOD,2018-07-17,1531839600
4567,R_sM3qX7I1tHzvU09,DRESSER,2018-07-17,1531839600
4568,R_sM3qX7I1tHzvU09,TOY_FIGURE,2018-07-17,1531839600
4569,R_sM3qX7I1tHzvU09,SHOES,2018-07-17,1531839600
4570,R_sM3qX7I1tHzvU09,SNACK_FOOD_BAR,2018-07-17,1531839600
4571,R_sM3qX7I1tHzvU09,SHIRT,2018-07-17,1531839600
4572,R_sM3qX7I1tHzvU09,TOOTHBRUSH,2018-07-17,1531839600
4573,R_sM3qX7I1tHzvU09,POTABLE_WATER_FILTER,2018-07-17,1531839600
4574,R_sRSLCxzK04aJvhL,SURVIVAL_KIT,2018-07-17,1531839600
4575,R_sRSLCxzK04aJvhL,LICENSE_PLATE_ATTACHMENT,2018-07-17,1531839600
4576,R_snaR9M3EsTpcPi9,SOCKS,2018-07-17,1531839600
4577,R_snaR9M3EsTpcPi9,SKIN_TREATMENT_MASK,2018-07-17,1531839600
4578,R_snaR9M3EsTpcPi9,SKIN_CLEANING_WIPE,2018-07-17,1531839600
4579,R_snaR9M3EsTpcPi9,PHYSICAL_MOVIE,2018-07-17,1531839600
4580,R_snaR9M3EsTpcPi9,MEDICATION,2018-07-17,1531839600
4581,R_snaR9M3EsTpcPi9,TOPICAL_HAIR_REGROWTH_TREATMENT,2018-07-17,1531839600
4582,R_snaR9M3EsTpcPi9,WEIGH_SCALE,2018-07-17,1531839600
4583,R_tXHOaasrDjYwLO9,PET_PLAYPEN,2018-07-17,1531839600
4584,R_u2EdYogSnJBrpex,SKIN_CLEANING_AGENT,2018-07-17,1531839600
4585,R_u2EdYogSnJBrpex,LAUNDRY_DETERGENT,2018-07-17,1531839600
4586,R_u2EdYogSnJBrpex,ABIS_BOOK,2018-07-17,1531839600
4587,R_u99XwBV1boyooXT,PANTS,2018-07-17,1531839600
4588,R_uqbcSq7y153jKmZ,BRAKE_KIT,2018-07-17,1531839600
4589,R_uqbcSq7y153jKmZ,SHIRT,2018-07-17,1531839600
4590,R_vD2O13NgdnWBXMt,SCREEN_PROTECTOR,2018-07-17,1531839600
4591,R_vD2O13NgdnWBXMt,HAIR_COLORING_AGENT,2018-07-17,1531839600
4592,R_vD2O13NgdnWBXMt,NUTRITIONAL_SUPPLEMENT,2018-07-17,1531839600
4593,R_vD2O13NgdnWBXMt,CARPET_UPHOLSTERY_CLEANING_MACHINE,2018-07-17,1531839600
4594,R_vYtQIbKQv9vFKuZ,HEALTH_PERSONAL_CARE,2018-07-17,1531839600
4595,R_w5bE96azoKnM6Ih,RECIPROCATING_HEDGE_TRIMMER,2018-07-17,1531839600
4596,R_w5bE96azoKnM6Ih,HEADPHONES,2018-07-17,1531839600
4597,R_w5bE96azoKnM6Ih,RECIPROCATING_HEDGE_TRIMMER,2018-07-17,1531839600
4598,R_xsyCKTazvY4vHbz,SKIN_SERUM,2018-07-17,1531839600
4599,R_xsyCKTazvY4vHbz,SKIN_MOISTURIZER,2018-07-17,1531839600
4600,R_xzt7BAlQUA8iNyh,TOWEL,2018-07-17,1531839600
4601,R_xzt7BAlQUA8iNyh,BONDING_ADHESIVES,2018-07-17,1531839600
4602,R_xzt7BAlQUA8iNyh,PANTS,2018-07-17,1531839600
4603,R_yC5ffbdBLVi93Pz,BOOT,2018-07-17,1531839600
4604,R_yC5ffbdBLVi93Pz,BOOT,2018-07-17,1531839600
4605,R_yC5ffbdBLVi93Pz,PHYSICAL_MOVIE,2018-07-17,1531839600
4606,R_yJz6aXbKddNbgZz,NUTRITIONAL_SUPPLEMENT,2018-07-17,1531839600
4607,R_yPgyGUixTuXuX5v,SAUNA,2018-07-17,1531839600
4608,R_yrLrYUf4oFzOnjb,TOYS_AND_GAMES,2018-07-17,1531839600
4609,R_zTf2i6s3E2OQZQR,CLEANING_AGENT,2018-07-17,1531839600
4610,R_1BNwZP0DdTOa4rT,THICKENING_AGENT,2018-07-18,1531926000
4611,R_1BNwZP0DdTOa4rT,ENVELOPE,2018-07-18,1531926000
4612,R_1BNwZP0DdTOa4rT,SANDER,2018-07-18,1531926000
4613,R_1BNwZP0DdTOa4rT,NUTRITIONAL_SUPPLEMENT,2018-07-18,1531926000
4614,R_1C4nKyrv0w2thJn,JEWELRY_STORAGE,2018-07-18,1531926000
4615,R_1C4tcyEfmcsKI9X,ABIS_BOOK,2018-07-18,1531926000
4616,R_1C75XRebT1eliL0,BATH_PILLOW,2018-07-18,1531926000
4617,R_1C9YUFD8GunlGej,COSMETIC_SPONGE,2018-07-18,1531926000
4618,R_1CDqTWLWIk642Vp,SIM_CARD,2018-07-18,1531926000
4619,R_1DYjkc1gJNvrzzL,SUNSCREEN,2018-07-18,1531926000
4620,R_1GghoTNZdgUeySl,ABIS_BOOK,2018-07-18,1531926000
4621,R_1GghoTNZdgUeySl,SHOES,2018-07-18,1531926000
4622,R_1GghoTNZdgUeySl,CHAINSAW_CHAIN,2018-07-18,1531926000
4623,R_1GghoTNZdgUeySl,BATTERY,2018-07-18,1531926000
4624,R_1GghoTNZdgUeySl,TOYS_AND_GAMES,2018-07-18,1531926000
4625,R_1GghoTNZdgUeySl,SCREEN_PROTECTOR,2018-07-18,1531926000
4626,R_1GghoTNZdgUeySl,SYSTEM_CABINET,2018-07-18,1531926000
4627,R_1Hena1rUph3TnA3,SNACK_FOOD_BAR,2018-07-18,1531926000
4628,R_1KkFs7rgWXlWf58,POPCORN,2018-07-18,1531926000
4629,R_1KkFs7rgWXlWf58,CELLULAR_PHONE_CASE,2018-07-18,1531926000
4630,R_1KkFs7rgWXlWf58,JANITORIAL_SUPPLY,2018-07-18,1531926000
4631,R_1KxVDxZl2H0XoHS,FRUIT,2018-07-18,1531926000
4632,R_1KxVDxZl2H0XoHS,SHIRT,2018-07-18,1531926000
4633,R_1KxVDxZl2H0XoHS,PANTS,2018-07-18,1531926000
4634,R_1KxVDxZl2H0XoHS,ABIS_BOOK,2018-07-18,1531926000
4635,R_1NDq0rxoUSu6oyz,SHIRT,2018-07-18,1531926000
4636,R_1dppjLIFEdj7Kq5,HEALTH_PERSONAL_CARE,2018-07-18,1531926000
4637,R_1dppjLIFEdj7Kq5,SHIRT,2018-07-18,1531926000
4638,R_1dppjLIFEdj7Kq5,CELLULAR_PHONE_CASE,2018-07-18,1531926000
4639,R_1hLPyY3aamfi3xT,TIMER,2018-07-18,1531926000
4640,R_1jARg5bGH5uqAKW,FURNITURE_FLOOR_PROTECTOR,2018-07-18,1531926000
4641,R_1lxYa2W6GgcAQ19,PORTABLE_STOVE,2018-07-18,1531926000
4642,R_1lxYa2W6GgcAQ19,PHYSICAL_MOVIE,2018-07-18,1531926000
4643,R_1lxYa2W6GgcAQ19,HEADPHONES,2018-07-18,1531926000
4644,R_1obwpb6iowh7vew,ABIS_BOOK,2018-07-18,1531926000
4645,R_1owkdABF1wNKFKI,ABIS_BOOK,2018-07-18,1531926000
4646,R_1q4eVtHN10S5gPB,PET_FOOD,2018-07-18,1531926000
4647,R_1rPQIXSf3d1wvFO,GROCERY,2018-07-18,1531926000
4648,R_1rPQIXSf3d1wvFO,ELECTRONIC_CABLE,2018-07-18,1531926000
4649,R_1rPQIXSf3d1wvFO,RICE_MIX,2018-07-18,1531926000
4650,R_1rPQIXSf3d1wvFO,RICE_MIX,2018-07-18,1531926000
4651,R_1rPQIXSf3d1wvFO,SHIRT,2018-07-18,1531926000
4652,R_1rPQIXSf3d1wvFO,PANTS,2018-07-18,1531926000
4653,R_1rPQIXSf3d1wvFO,NETWORKING_ROUTER,2018-07-18,1531926000
4654,R_1rPQIXSf3d1wvFO,TOWEL,2018-07-18,1531926000
4655,R_1rPQIXSf3d1wvFO,TOGGLE_SWITCH,2018-07-18,1531926000
4656,R_20Yd9DvrGselmZY,HERBAL_SUPPLEMENT,2018-07-18,1531926000
4657,R_25SbPPTyE45YzXP,MASCARA,2018-07-18,1531926000
4658,R_25SbPPTyE45YzXP,WALL_ART,2018-07-18,1531926000
4659,R_265zDShpZJQSm6H,VITAMIN,2018-07-18,1531926000
4660,R_2BesSIAnd7POW2C,EDIBLE_OIL_VEGETABLE,2018-07-18,1531926000
4661,R_2CpozrevorP48sb,BATTERY,2018-07-18,1531926000
4662,R_2D6v6VH3RC5ZGC4,VIDEO_GAME_CONSOLE,2018-07-18,1531926000
4663,R_2D6v6VH3RC5ZGC4,SAFETY_MASK_REPLACEMENT_FILTER,2018-07-18,1531926000
4664,R_2DSIdH6iUv9yJ8V,SCREEN_PROTECTOR,2018-07-18,1531926000
4665,R_2EglJpTWGEiwQYa,SHOES,2018-07-18,1531926000
4666,R_2EgloEvdjU98Rhc,PICTURE_FRAME,2018-07-18,1531926000
4667,R_2QX9bXWJvSVIbXl,SKIN_MOISTURIZER,2018-07-18,1531926000
4668,R_2QX9bXWJvSVIbXl,MODEM,2018-07-18,1531926000
4669,R_2QswpKsGnL3NBXE,PENCIL_SHARPENER,2018-07-18,1531926000
4670,R_2SksQStmmNpRaiB,TOYS_AND_GAMES,2018-07-18,1531926000
4671,R_2SksQStmmNpRaiB,PET_SUPPLIES,2018-07-18,1531926000
4672,R_2TnuiSdfJ77v7e9,HEADPHONES,2018-07-18,1531926000
4673,R_2TnuiSdfJ77v7e9,ELECTRONIC_COMPONENT,2018-07-18,1531926000
4674,R_2TnuiSdfJ77v7e9,MECHANICAL_BELT,2018-07-18,1531926000
4675,R_2TnuiSdfJ77v7e9,SNACK_FOOD_BAR,2018-07-18,1531926000
4676,R_2U0l40aPYAoBJLV,HEADPHONES,2018-07-18,1531926000
4677,R_2UaV2vSZDxrE35n,SEWING_PATTERN,2018-07-18,1531926000
4678,R_2Uc0eY0mHq5DQgt,KNIFE,2018-07-18,1531926000
4679,R_2Uc0eY0mHq5DQgt,PHYSICAL_MOVIE,2018-07-18,1531926000
4680,R_2Uc0eY0mHq5DQgt,GROCERY,2018-07-18,1531926000
4681,R_2Uc0eY0mHq5DQgt,SNACK_FOOD_BAR,2018-07-18,1531926000
4682,R_2Xj7LtCe2Mt8jNi,TABLETOP_GAME,2018-07-18,1531926000
4683,R_2Xj7LtCe2Mt8jNi,WIRELESS_ACCESSORY,2018-07-18,1531926000
4684,R_2Xj7LtCe2Mt8jNi,APPAREL_BELT,2018-07-18,1531926000
4685,R_2Xj7LtCe2Mt8jNi,SANDAL,2018-07-18,1531926000
4686,R_2ZHo9wnvuEIY0DH,SHIRT,2018-07-18,1531926000
4687,R_2djaIfKORskyeuO,TARP,2018-07-18,1531926000
4688,R_2djaIfKORskyeuO,MEDICATION,2018-07-18,1531926000
4689,R_2djaIfKORskyeuO,ELECTRONIC_CABLE,2018-07-18,1531926000
4690,R_2djaIfKORskyeuO,SHOES,2018-07-18,1531926000
4691,R_2djaIfKORskyeuO,SNACK_FOOD_BAR,2018-07-18,1531926000
4692,R_2ebzj3o225IisIQ,NAVIGATION_COMPASS,2018-07-18,1531926000
4693,R_2fQoqPD5ygeWViN,KITCHEN_KNIFE,2018-07-18,1531926000
4694,R_2mKYTXpTsUEkSGt,PHYSICAL_GIFT_CARD,2018-07-18,1531926000
4695,R_2mKYTXpTsUEkSGt,MATERIAL_HANDLING,2018-07-18,1531926000
4696,R_2mKYTXpTsUEkSGt,STORAGE_DRAWER,2018-07-18,1531926000
4697,R_2rVp4uDv9fYIfdd,PORTABLE_ELECTRONIC_DEVICE_MOUNT,2018-07-18,1531926000
4698,R_2sbCr0DY5BIHWiF,SHIRT,2018-07-18,1531926000
4699,R_2uIMLcJgQmb0v3G,KITCHEN_KNIFE,2018-07-18,1531926000
4700,R_2ugDyrE1yi1FjvH,DRYER,2018-07-18,1531926000
4701,R_2wtVmKidhQR0wju,TELESCOPE,2018-07-18,1531926000
4702,R_2wzatCV9Z18xLF2,VEHICLE_LIGHT_BULB,2018-07-18,1531926000
4703,R_2yplkUxhAWZaFUL,ABIS_BOOK,2018-07-18,1531926000
4704,R_2yplkUxhAWZaFUL,PET_FOOD,2018-07-18,1531926000
4705,R_2zl2FPoC5r6TsM6,YARN,2018-07-18,1531926000
4706,R_30kPg5opkenrGPb,PET_FOOD,2018-07-18,1531926000
4707,R_32MgYCncUh7NkQE,SCIENCE_FUNDAMENTALS_KIT,2018-07-18,1531926000
4708,R_32MgYCncUh7NkQE,VITAMIN,2018-07-18,1531926000
4709,R_32MgYCncUh7NkQE,SURVEILANCE_SYSTEMS,2018-07-18,1531926000
4710,R_32MgYCncUh7NkQE,AIR_PURIFIER,2018-07-18,1531926000
4711,R_3D0FIkesMnTGsnm,SKIN_MOISTURIZER,2018-07-18,1531926000
4712,R_3D0FIkesMnTGsnm,STORAGE_RACK,2018-07-18,1531926000
4713,R_3D0FIkesMnTGsnm,CELLULAR_PHONE_CASE,2018-07-18,1531926000
4714,R_3Hphzg7zu04Hgy1,FOOD_STORAGE_BAG,2018-07-18,1531926000
4715,R_3Hphzg7zu04Hgy1,TEMPORARY_GATE,2018-07-18,1531926000
4716,R_3Hphzg7zu04Hgy1,SANDAL,2018-07-18,1531926000
4717,R_3Hphzg7zu04Hgy1,MEDICATION,2018-07-18,1531926000
4718,R_3I0sWpLFEyMMVOV,SKIN_CLEANING_AGENT,2018-07-18,1531926000
4719,R_3I0sWpLFEyMMVOV,VITAMIN,2018-07-18,1531926000
4720,R_3I0sWpLFEyMMVOV,HEALTH_PERSONAL_CARE,2018-07-18,1531926000
4721,R_3I0sWpLFEyMMVOV,HEADPHONES,2018-07-18,1531926000
4722,R_3JjRmgOh3ZydDiW,HOSE_PIPE_FITTING,2018-07-18,1531926000
4723,R_3JjRmgOh3ZydDiW,GIFT_CARD,2018-07-18,1531926000
4724,R_3Jl5q6tZJctgL8B,SAUCE,2018-07-18,1531926000
4725,R_3KCUnPI9FEz7vTo,GROCERY,2018-07-18,1531926000
4726,R_3KpaTa6zCZitiZG,SIGNAGE,2018-07-18,1531926000
4727,R_3MMW2ivCFCtjHIe,HUMIDIFIER,2018-07-18,1531926000
4728,R_3ebnP0qUIQ7u38i,MEDICATION,2018-07-18,1531926000
4729,R_3emmbwwsXsxt4Oj,MAGAZINES,2018-07-18,1531926000
4730,R_3hAWVPrKOvOzR1e,SHOES,2018-07-18,1531926000
4731,R_3iJyVGzX7fyajRz,THERAPEUTIC_THERMAL_COMPRESS,2018-07-18,1531926000
4732,R_3jSvX9tw2goV083,MASSAGER,2018-07-18,1531926000
4733,R_3jSvX9tw2goV083,BATTERY,2018-07-18,1531926000
4734,R_3lLhrGoskvkadDT,CARRIER_BAG_CASE,2018-07-18,1531926000
4735,R_3lLhrGoskvkadDT,CURTAIN,2018-07-18,1531926000
4736,R_3m3H4mwZ2snYFua,WRITING_INSTRUMENT,2018-07-18,1531926000
4737,R_3pm4Od2kUSXlZgY,ELECTRONIC_CABLE,2018-07-18,1531926000
4738,R_3qqdzQnCaBYHx9o,TOOTH_CLEANING_AGENT,2018-07-18,1531926000
4739,R_3s5NxhqKpoWo6zm,BED_LINEN_SET,2018-07-18,1531926000
4740,R_3socPWD3wXD0iDP,TOY_BUILDING_BLOCK,2018-07-18,1531926000
4741,R_3socPWD3wXD0iDP,ANIMAL_LITTER,2018-07-18,1531926000
4742,R_4HmF6WnGLnnWuLD,WIPER_BLADE,2018-07-18,1531926000
4743,R_4HmF6WnGLnnWuLD,SNACK_FOOD_BAR,2018-07-18,1531926000
4744,R_4HmF6WnGLnnWuLD,BATTERY,2018-07-18,1531926000
4745,R_4HmF6WnGLnnWuLD,PAJAMAS,2018-07-18,1531926000
4746,R_4PhRzF4UI9ooLh7,HEALTH_PERSONAL_CARE,2018-07-18,1531926000
4747,R_4PhRzF4UI9ooLh7,HAIR_STYLING_AGENT,2018-07-18,1531926000
4748,R_4TMdmQ1SjGtT6Ex,TOYS_AND_GAMES,2018-07-18,1531926000
4749,R_6Jw0sPgGkHLnKkp,ABIS_BOOK,2018-07-18,1531926000
4750,R_6RpwKYK0Mr2zKBH,FOOD_STORAGE_BAG,2018-07-18,1531926000
4751,R_6RpwKYK0Mr2zKBH,SCREEN_PROTECTOR,2018-07-18,1531926000
4752,R_6RpwKYK0Mr2zKBH,DRINK_FLAVORED,2018-07-18,1531926000
4753,R_6RpwKYK0Mr2zKBH,SKIN_MOISTURIZER,2018-07-18,1531926000
4754,R_8CXcySQawXPuJwJ,PANTS,2018-07-18,1531926000
4755,R_8vnpSkm79W7Jsv7,WHEEL,2018-07-18,1531926000
4756,R_9ppTjfBQZZs42WJ,VEHICLE_LIGHT_ASSEMBLY,2018-07-18,1531926000
4757,R_A5Mg9h1PiJL0Wyd,BATTERY,2018-07-18,1531926000
4758,R_A5Mg9h1PiJL0Wyd,VITAMIN,2018-07-18,1531926000
4759,R_AKBlDprDMrv4M7v,TOYS_AND_GAMES,2018-07-18,1531926000
4760,R_AKBlDprDMrv4M7v,CAMERA_STAGE_LIGHTING_MODIFIER,2018-07-18,1531926000
4761,R_AKBlDprDMrv4M7v,MEDICATION,2018-07-18,1531926000
4762,R_AKBlDprDMrv4M7v,COFFEE,2018-07-18,1531926000
4763,R_BYr5WwayMBf66SR,FOOTREST,2018-07-18,1531926000
4764,R_OPfbKZtf2Azgit3,BRA_UNDERWEAR_SET,2018-07-18,1531926000
4765,R_OPfbKZtf2Azgit3,SPORT_EQUIPMENT_BAG_CASE,2018-07-18,1531926000
4766,R_Odixb15Ykmxb0Dn,VITAMIN,2018-07-18,1531926000
4767,R_Odixb15Ykmxb0Dn,PHYSICAL_MOVIE,2018-07-18,1531926000
4768,R_Odixb15Ykmxb0Dn,HEALTH_PERSONAL_CARE,2018-07-18,1531926000
4769,R_OfntYUzw43qHbuF,PANTS,2018-07-18,1531926000
4770,R_RK5cwWjrNzWCfLj,CELLULAR_PHONE_CASE,2018-07-18,1531926000
4771,R_RlYyUhsDFvyGwX7,TOOTHBRUSH,2018-07-18,1531926000
4772,R_RlYyUhsDFvyGwX7,TEACHING_EQUIPMENT,2018-07-18,1531926000
4773,R_UlOQHrMf1EiWKQx,SHAVING_AGENT,2018-07-18,1531926000
4774,R_VPWGdK1zBBekfAJ,PANTS,2018-07-18,1531926000
4775,R_XwiCirQyfwJzVtv,CELLULAR_PHONE_CASE,2018-07-18,1531926000
4776,R_b3NWnTBcFyWqXjH,MAPS,2018-07-18,1531926000
4777,R_bw2nQ0iRh2wCa8p,HANDBAG,2018-07-18,1531926000
4778,R_bw2nQ0iRh2wCa8p,CARABINER,2018-07-18,1531926000
4779,R_bw2nQ0iRh2wCa8p,GROCERY,2018-07-18,1531926000
4780,R_cAcAtozIWnZIbGp,HEALTH_PERSONAL_CARE,2018-07-18,1531926000
4781,R_cAcAtozIWnZIbGp,SCREEN_PROTECTOR,2018-07-18,1531926000
4782,R_czHyAR1xMvT2FbP,SHIRT,2018-07-18,1531926000
4783,R_d5O7dqvA1EWCrPb,NUTRITIONAL_SUPPLEMENT,2018-07-18,1531926000
4784,R_d5O7dqvA1EWCrPb,SHIRT,2018-07-18,1531926000
4785,R_e387De1jF0gN2OB,DRINK_COASTER,2018-07-18,1531926000
4786,R_e387De1jF0gN2OB,RICE_MIX,2018-07-18,1531926000
4787,R_e387De1jF0gN2OB,AROMA_DIFFUSER,2018-07-18,1531926000
4788,R_e387De1jF0gN2OB,PET_FOOD,2018-07-18,1531926000
4789,R_e387De1jF0gN2OB,ABIS_BOOK,2018-07-18,1531926000
4790,R_e387De1jF0gN2OB,SHOES,2018-07-18,1531926000
4791,R_eyQl26Pq4cq0Xmx,JERKY,2018-07-18,1531926000
4792,R_eyQl26Pq4cq0Xmx,MEDICATION,2018-07-18,1531926000
4793,R_sM3qX7I1tHzvU09,TOOTHBRUSH,2018-07-18,1531926000
4794,R_sM3qX7I1tHzvU09,CELLULAR_PHONE_CASE,2018-07-18,1531926000
4795,R_sM3qX7I1tHzvU09,SNACK_FOOD_BAR,2018-07-18,1531926000
4796,R_u99XwBV1boyooXT,VITAMIN,2018-07-18,1531926000
4797,R_uqbcSq7y153jKmZ,STICKER_DECAL,2018-07-18,1531926000
4798,R_voSNwyVcZWdCTJv,SHOES,2018-07-18,1531926000
4799,R_voSNwyVcZWdCTJv,PHYSICAL_MOVIE,2018-07-18,1531926000
4800,R_voSNwyVcZWdCTJv,SKIN_SERUM,2018-07-18,1531926000
4801,R_voSNwyVcZWdCTJv,HEALTH_PERSONAL_CARE,2018-07-18,1531926000
4802,R_w5JAqptOytTan4J,PET_HEALTH_CARE,2018-07-18,1531926000
4803,R_w7a7YDkfvtMXJ8l,SCULPTING_MATERIAL,2018-07-18,1531926000
4804,R_yILeYEcIeCBmy2t,SKIN_CLEANING_AGENT,2018-07-18,1531926000
4805,R_yILeYEcIeCBmy2t,PAINT,2018-07-18,1531926000
4806,R_yILeYEcIeCBmy2t,STORAGE_DRAWER,2018-07-18,1531926000
4807,R_yILeYEcIeCBmy2t,ELECTRONIC_CABLE,2018-07-18,1531926000
4808,R_yILeYEcIeCBmy2t,SNACK_FOOD_BAR,2018-07-18,1531926000
4809,R_yILeYEcIeCBmy2t,BOTTLE,2018-07-18,1531926000
4810,R_zTi3j2QuqAzr7NL,BABY_SEAT,2018-07-18,1531926000
4811,R_zTi3j2QuqAzr7NL,INDUSTRIAL_CASTERS,2018-07-18,1531926000
4812,R_10uU7A3PqkL1i0o,SHOES,2018-07-19,1532012400
4813,R_1C4nKyrv0w2thJn,HEALTH_PERSONAL_CARE,2018-07-19,1532012400
4814,R_1C4nKyrv0w2thJn,SCREEN_PROTECTOR,2018-07-19,1532012400
4815,R_1C8w4NDDQC5fcgE,HERBAL_SUPPLEMENT,2018-07-19,1532012400
4816,R_1C8w4NDDQC5fcgE,SNACK_FOOD_BAR,2018-07-19,1532012400
4817,R_1Cd5zmz07X5BqKa,OUTDOOR_LIVING,2018-07-19,1532012400
4818,R_1Cd5zmz07X5BqKa,PET_SUPPLIES,2018-07-19,1532012400
4819,R_1FWSWSjBuPMvSgx,WINDING_REEL,2018-07-19,1532012400
4820,R_1FWSWSjBuPMvSgx,SNORKELING_SET,2018-07-19,1532012400
4821,R_1PcttxbjmIpzZ9t,TIRE_COVER,2018-07-19,1532012400
4822,R_1PcttxbjmIpzZ9t,PET_FOOD,2018-07-19,1532012400
4823,R_1PcttxbjmIpzZ9t,CAPO,2018-07-19,1532012400
4824,R_1PcttxbjmIpzZ9t,TIRE_COVER,2018-07-19,1532012400
4825,R_1PcttxbjmIpzZ9t,SKIN_MOISTURIZER,2018-07-19,1532012400
4826,R_1Xhiz3TBoe2gQdH,CELLULAR_PHONE_CASE,2018-07-19,1532012400
4827,R_1hFMTehZQIAcBvZ,SKIN_CLEANING_AGENT,2018-07-19,1532012400
4828,R_1hMV4AHCk04WO5V,IGNITION_COIL,2018-07-19,1532012400
4829,R_1j6t5KhjtwDhdKa,CELLULAR_PHONE_CASE,2018-07-19,1532012400
4830,R_1jZkLNE1JdtyVpH,GROCERY,2018-07-19,1532012400
4831,R_1lfNYOmsEIqOn65,WATER,2018-07-19,1532012400
4832,R_1lfNYOmsEIqOn65,PRESSURE_COOKER,2018-07-19,1532012400
4833,R_1lfNYOmsEIqOn65,SHOES,2018-07-19,1532012400
4834,R_1lxYa2W6GgcAQ19,BLANK_BOOK,2018-07-19,1532012400
4835,R_1lxYa2W6GgcAQ19,SUIT,2018-07-19,1532012400
4836,R_1lxYa2W6GgcAQ19,SKEWER,2018-07-19,1532012400
4837,R_1lxYa2W6GgcAQ19,GROCERY,2018-07-19,1532012400
4838,R_1ow0Om61pqBADXh,SHOE_POLISH,2018-07-19,1532012400
4839,R_1owkdABF1wNKFKI,YO_YO,2018-07-19,1532012400
4840,R_1owkdABF1wNKFKI,WEBCAM,2018-07-19,1532012400
4841,R_1owkdABF1wNKFKI,CELLULAR_PHONE_CASE,2018-07-19,1532012400
4842,R_1owkdABF1wNKFKI,SOLAR_PANEL,2018-07-19,1532012400
4843,R_1r8u9f1vT8Y3HrC,DISHWARE_PLATE,2018-07-19,1532012400
4844,R_1r8u9f1vT8Y3HrC,ROTARY_TOOL,2018-07-19,1532012400
4845,R_20Yd9DvrGselmZY,VITAMIN,2018-07-19,1532012400
4846,R_24bE9NTxiBf6v2b,LAUNDRY_DETERGENT,2018-07-19,1532012400
4847,R_24bE9NTxiBf6v2b,EYEGLASS_FRAME,2018-07-19,1532012400
4848,R_24bE9NTxiBf6v2b,MEDICATION,2018-07-19,1532012400
4849,R_273TMGuLM3jXisi,PANTS,2018-07-19,1532012400
4850,R_28BST1zc80UaP2C,TOYS_AND_GAMES,2018-07-19,1532012400
4851,R_28SckJ1LanzFPvD,TOYS_AND_GAMES,2018-07-19,1532012400
4852,R_28SckJ1LanzFPvD,WINDOW_FILM,2018-07-19,1532012400
4853,R_29oUfTgQ6sWbFG2,BATTERY,2018-07-19,1532012400
4854,R_29oUfTgQ6sWbFG2,VITAMIN,2018-07-19,1532012400
4855,R_2OOq3ysdOS3TtBd,FOOD_STORAGE_BAG,2018-07-19,1532012400
4856,R_2QQl58nFfrZayxf,NUTRITIONAL_SUPPLEMENT,2018-07-19,1532012400
4857,R_2QswpKsGnL3NBXE,LEGUME,2018-07-19,1532012400
4858,R_2QswpKsGnL3NBXE,TOASTER,2018-07-19,1532012400
4859,R_2Qu0fgUOnDpaKDH,HAIR_STYLING_AGENT,2018-07-19,1532012400
4860,R_2Qu0fgUOnDpaKDH,FALSE_NAIL,2018-07-19,1532012400
4861,R_2Qu0fgUOnDpaKDH,MEAL_HOLDER,2018-07-19,1532012400
4862,R_2Qu0fgUOnDpaKDH,PET_DOOR,2018-07-19,1532012400
4863,R_2TnuiSdfJ77v7e9,GUILD_HOME,2018-07-19,1532012400
4864,R_2TnuiSdfJ77v7e9,THREAD_CORD,2018-07-19,1532012400
4865,R_2TnuiSdfJ77v7e9,PANTRY,2018-07-19,1532012400
4866,R_2TnuiSdfJ77v7e9,CELLULAR_PHONE_CASE,2018-07-19,1532012400
4867,R_2UctLzmpg4UJRZu,TOYS_AND_GAMES,2018-07-19,1532012400
4868,R_2VyUSFk11bbTVej,WATCH,2018-07-19,1532012400
4869,R_2Xj7LtCe2Mt8jNi,SHOES,2018-07-19,1532012400
4870,R_2Xj7LtCe2Mt8jNi,GROCERY,2018-07-19,1532012400
4871,R_2YlhHzEptxRGFBL,SHIRT,2018-07-19,1532012400
4872,R_2YlhHzEptxRGFBL,PANTRY,2018-07-19,1532012400
4873,R_2ZHo9wnvuEIY0DH,BED_SKIRT,2018-07-19,1532012400
4874,R_2ZTFfLAcuwm22Yh,VITAMIN,2018-07-19,1532012400
4875,R_2cvmrv8q51q8yh1,ELECTRONIC_CABLE,2018-07-19,1532012400
4876,R_2cvmrv8q51q8yh1,SHEET_PAN,2018-07-19,1532012400
4877,R_2dFHfsIqQ6eEtVW,SKIN_CLEANING_AGENT,2018-07-19,1532012400
4878,R_2dFHfsIqQ6eEtVW,TOOLS,2018-07-19,1532012400
4879,R_2dyITPHbbfmCXJn,HEADPHONES,2018-07-19,1532012400
4880,R_2eaIHfPqBAh3Zqa,NUTRITIONAL_SUPPLEMENT,2018-07-19,1532012400
4881,R_2ebzj3o225IisIQ,SEXUAL_STIMULATION_DEVICE,2018-07-19,1532012400
4882,R_2ebzj3o225IisIQ,ARTIFICIAL_PLANT,2018-07-19,1532012400
4883,R_2qjAN1lyLAdAxT2,ART_CRAFT_KIT,2018-07-19,1532012400
4884,R_2qjAN1lyLAdAxT2,ART_CRAFT_KIT,2018-07-19,1532012400
4885,R_2qjAN1lyLAdAxT2,ABIS_BOOK,2018-07-19,1532012400
4886,R_2tfEDXuyNRcQoWs,SAFETY_MASK,2018-07-19,1532012400
4887,R_2uZDxTZAORBIW1o,NUTRITIONAL_SUPPLEMENT,2018-07-19,1532012400
4888,R_2uZDxTZAORBIW1o,MINIATURE_TOY_FURNISHING,2018-07-19,1532012400
4889,R_2uZDxTZAORBIW1o,MEDICATION,2018-07-19,1532012400
4890,R_2uZDxTZAORBIW1o,SHIRT,2018-07-19,1532012400
4891,R_2uZDxTZAORBIW1o,SKIN_CLEANING_AGENT,2018-07-19,1532012400
4892,R_2uZDxTZAORBIW1o,PERSONAL_PILL_DISPENSER,2018-07-19,1532012400
4893,R_2uZDxTZAORBIW1o,SOUS_VIDE_MACHINE,2018-07-19,1532012400
4894,R_2uZDxTZAORBIW1o,CELLULAR_PHONE_CASE,2018-07-19,1532012400
4895,R_2vYeXyFdrSyrVwh,MEDICATION,2018-07-19,1532012400
4896,R_2viT92732GnahDd,SCREEN_PROTECTOR,2018-07-19,1532012400
4897,R_2viT92732GnahDd,CELLULAR_PHONE_CASE,2018-07-19,1532012400
4898,R_2viT92732GnahDd,ELECTRONIC_CABLE,2018-07-19,1532012400
4899,R_2viT92732GnahDd,PANTS,2018-07-19,1532012400
4900,R_2viT92732GnahDd,OUTERWEAR,2018-07-19,1532012400
4901,R_2viT92732GnahDd,DIMENSIONAL_MEASUREMENT_CALIPER,2018-07-19,1532012400
4902,R_2viT92732GnahDd,VEST,2018-07-19,1532012400
4903,R_2viT92732GnahDd,PANTS,2018-07-19,1532012400
4904,R_2wtVmKidhQR0wju,GROCERY,2018-07-19,1532012400
4905,R_2xLvxRKX2448l9k,SHIRT,2018-07-19,1532012400
4906,R_2z7rLZb69WuqDdf,BANNER,2018-07-19,1532012400
4907,R_2ze9t15YGQDJxR3,HEADPHONES,2018-07-19,1532012400
4908,R_2ze9t15YGQDJxR3,SAFETY_GLASSES,2018-07-19,1532012400
4909,R_2ze9t15YGQDJxR3,ABIS_BOOK,2018-07-19,1532012400
4910,R_30kp7Wf9aTgpeIN,OUTBUILDING,2018-07-19,1532012400
4911,R_31LyI2lVjeZ7OVi,PACIFIER,2018-07-19,1532012400
4912,R_31LyI2lVjeZ7OVi,SKIN_CLEANING_AGENT,2018-07-19,1532012400
4913,R_31LyI2lVjeZ7OVi,SHOES,2018-07-19,1532012400
4914,R_31LyI2lVjeZ7OVi,FLAME_WICK,2018-07-19,1532012400
4915,R_31LyI2lVjeZ7OVi,ABIS_BOOK,2018-07-19,1532012400
4916,R_3G7BILj5lidHb8M,PACIFIER,2018-07-19,1532012400
4917,R_3Ge2RzIsoM2g5lL,RADIO,2018-07-19,1532012400
4918,R_3GiSNq0yPsXSvhf,HEALTH_PERSONAL_CARE,2018-07-19,1532012400
4919,R_3GiSNq0yPsXSvhf,SKIN_CLEANING_AGENT,2018-07-19,1532012400
4920,R_3GiSNq0yPsXSvhf,ABIS_BOOK,2018-07-19,1532012400
4921,R_3J8UIMbwljBx6df,NUTRITIONAL_SUPPLEMENT,2018-07-19,1532012400
4922,R_3J8UIMbwljBx6df,SNACK_FOOD_BAR,2018-07-19,1532012400
4923,R_3Jxiicg67etW2yt,MEDICATION,2018-07-19,1532012400
4924,R_3MlHi1BP6irqitk,POT_HOLDER,2018-07-19,1532012400
4925,R_3MlHi1BP6irqitk,WATER_FLOTATION_DEVICE,2018-07-19,1532012400
4926,R_3PAyJj7mQvMzMco,SHOES,2018-07-19,1532012400
4927,R_3hAWVPrKOvOzR1e,MOUSE_PAD,2018-07-19,1532012400
4928,R_3ixUxNOUiEYD7KJ,SHIRT,2018-07-19,1532012400
4929,R_3jSvX9tw2goV083,HVAC_AIR_FILTER,2018-07-19,1532012400
4930,R_3jSvX9tw2goV083,MASSAGER,2018-07-19,1532012400
4931,R_3jSvX9tw2goV083,SCREEN_PROTECTOR,2018-07-19,1532012400
4932,R_3lt1ZPBv09u1seD,SCREEN_PROTECTOR,2018-07-19,1532012400
4933,R_3lt1ZPBv09u1seD,VEHICLE_MAT,2018-07-19,1532012400
4934,R_3lt1ZPBv09u1seD,BATTERY,2018-07-19,1532012400
4935,R_3nAdXXqYg1JqHOf,HEADPHONES,2018-07-19,1532012400
4936,R_3nAdXXqYg1JqHOf,MATTRESS,2018-07-19,1532012400
4937,R_3qpxa4Aw8i6qG91,SHOES,2018-07-19,1532012400
4938,R_3qpxa4Aw8i6qG91,SPRAY_BOTTLE,2018-07-19,1532012400
4939,R_3qpxa4Aw8i6qG91,SHOES,2018-07-19,1532012400
4940,R_3qqdzQnCaBYHx9o,TOOTH_CLEANING_AGENT,2018-07-19,1532012400
4941,R_3rZHdmB75jSgwhr,ELECTRONIC_CABLE,2018-07-19,1532012400
4942,R_3rZHdmB75jSgwhr,CHEMICAL_TEST_STRIP,2018-07-19,1532012400
4943,R_40engukXSxhrtF7,ABIS_MUSIC,2018-07-19,1532012400
4944,R_40engukXSxhrtF7,BATTERY,2018-07-19,1532012400
4945,R_40engukXSxhrtF7,PANTS,2018-07-19,1532012400
4946,R_85OdkeCoFP5daLL,HEALTH_PERSONAL_CARE,2018-07-19,1532012400
4947,R_85OdkeCoFP5daLL,SANDAL,2018-07-19,1532012400
4948,R_85OdkeCoFP5daLL,SWIMWEAR,2018-07-19,1532012400
4949,R_85OdkeCoFP5daLL,SWIMWEAR,2018-07-19,1532012400
4950,R_85OdkeCoFP5daLL,STEERING_WHEEL_COVER,2018-07-19,1532012400
4951,R_85OdkeCoFP5daLL,CELLULAR_PHONE_CASE,2018-07-19,1532012400
4952,R_8CXcySQawXPuJwJ,PHYSICAL_MOVIE,2018-07-19,1532012400
4953,R_8CXcySQawXPuJwJ,SHIRT,2018-07-19,1532012400
4954,R_8CXcySQawXPuJwJ,STROLLER,2018-07-19,1532012400
4955,R_8CXcySQawXPuJwJ,VEHICLE_LIGHT_BULB,2018-07-19,1532012400
4956,R_8CXcySQawXPuJwJ,PAJAMAS,2018-07-19,1532012400
4957,R_8CXcySQawXPuJwJ,ELECTRONIC_CABLE,2018-07-19,1532012400
4958,R_8CXcySQawXPuJwJ,STROLLER,2018-07-19,1532012400
4959,R_8CXcySQawXPuJwJ,SKIN_MOISTURIZER,2018-07-19,1532012400
4960,R_8CXcySQawXPuJwJ,BEVERAGE_INSULATOR,2018-07-19,1532012400
4961,R_8CXcySQawXPuJwJ,ELECTRONIC_CABLE,2018-07-19,1532012400
4962,R_8CXcySQawXPuJwJ,STICKER_DECAL,2018-07-19,1532012400
4963,R_8CXcySQawXPuJwJ,VEHICLE_LIGHT_BULB,2018-07-19,1532012400
4964,R_8pMsG4P0RqzoSlz,SPEAKERS,2018-07-19,1532012400
4965,R_8pMsG4P0RqzoSlz,PET_FOOD,2018-07-19,1532012400
4966,R_9ppTjfBQZZs42WJ,CELLULAR_PHONE_CASE,2018-07-19,1532012400
4967,R_A5Mg9h1PiJL0Wyd,HEALTH_PERSONAL_CARE,2018-07-19,1532012400
4968,R_A5Mg9h1PiJL0Wyd,KITCHEN,2018-07-19,1532012400
4969,R_C46bB8ihQWceG9r,SOLAR_PANEL,2018-07-19,1532012400
4970,R_C46bB8ihQWceG9r,ELECTRONIC_CABLE,2018-07-19,1532012400
4971,R_CaF1pc8CnyWJvCp,SCISSORS,2018-07-19,1532012400
4972,R_DqTqoF539jfSsLf,NUTRITIONAL_SUPPLEMENT,2018-07-19,1532012400
4973,R_DqTqoF539jfSsLf,BISS,2018-07-19,1532012400
4974,R_DqTqoF539jfSsLf,MINERAL_SUPPLEMENT,2018-07-19,1532012400
4975,R_PHgbX4EoPqUsLjb,SHIRT,2018-07-19,1532012400
4976,R_PHgbX4EoPqUsLjb,ABIS_BOOK,2018-07-19,1532012400
4977,R_PHgbX4EoPqUsLjb,TOYS_AND_GAMES,2018-07-19,1532012400
4978,R_PuLRXv7pUO3cLzX,HEADPHONES,2018-07-19,1532012400
4979,R_PuLRXv7pUO3cLzX,SPRAY_BOTTLE,2018-07-19,1532012400
4980,R_Q6WPHvxgbOBjvZ7,PHYSICAL_MOVIE,2018-07-19,1532012400
4981,R_SDxHC9YZwYTKedz,DUMBBELL,2018-07-19,1532012400
4982,R_Uit4G2WjoT7WM6d,SKIN_MOISTURIZER,2018-07-19,1532012400
4983,R_Uit4G2WjoT7WM6d,WHEEL_CUTTER,2018-07-19,1532012400
4984,R_XAphEY817eORyx3,CADDY,2018-07-19,1532012400
4985,R_XAphEY817eORyx3,PHYSICAL_MOVIE,2018-07-19,1532012400
4986,R_XAphEY817eORyx3,SNACK_FOOD_BAR,2018-07-19,1532012400
4987,R_XAphEY817eORyx3,SCREEN_PROTECTOR,2018-07-19,1532012400
4988,R_Xhz81T9LodPX0KB,BATTERY,2018-07-19,1532012400
4989,R_b3dSUlk76L0C6TD,AREA_DEODORIZER,2018-07-19,1532012400
4990,R_bJI8lmXMZWL6oql,LAMP,2018-07-19,1532012400
4991,R_bJI8lmXMZWL6oql,CLEANING_AGENT,2018-07-19,1532012400
4992,R_bJbNhR1I5NnLKb7,MONITOR,2018-07-19,1532012400
4993,R_br5a8OxAqrKRxQd,TOYS_AND_GAMES,2018-07-19,1532012400
4994,R_br5a8OxAqrKRxQd,HEALTH_PERSONAL_CARE,2018-07-19,1532012400
4995,R_e387De1jF0gN2OB,GROCERY,2018-07-19,1532012400
4996,R_e8KTElZZLWryLWp,HAIR_REMOVAL_AGENT,2018-07-19,1532012400
4997,R_e8KTElZZLWryLWp,SKIN_FOUNDATION_CONCEALER,2018-07-19,1532012400
4998,R_pMnqpu31myYoxy1,SAUTE_FRY_PAN,2018-07-19,1532012400
4999,R_pMnqpu31myYoxy1,MEDICATION,2018-07-19,1532012400
5000,R_pMnqpu31myYoxy1,AV_SIGNAL_SWITCH,2018-07-19,1532012400
5001,R_pMnqpu31myYoxy1,INCENSE,2018-07-19,1532012400
5002,R_sjbgjhzDO2r1Wlr,LAUNDRY_HAMPER,2018-07-19,1532012400
5003,R_sjbgjhzDO2r1Wlr,CELLULAR_PHONE_CASE,2018-07-19,1532012400
5004,R_sjbgjhzDO2r1Wlr,DART_FLIGHT,2018-07-19,1532012400
5005,R_sjbgjhzDO2r1Wlr,DRIP_IRRIGATION_KIT,2018-07-19,1532012400
5006,R_u2EdYogSnJBrpex,DEEP_FRYER,2018-07-19,1532012400
5007,R_u2EdYogSnJBrpex,SKIN_CLEANING_WIPE,2018-07-19,1532012400
5008,R_u2EdYogSnJBrpex,MATTRESS_COVER,2018-07-19,1532012400
5009,R_u2EdYogSnJBrpex,TOOTH_CLEANING_AGENT,2018-07-19,1532012400
5010,R_u2EdYogSnJBrpex,TEA,2018-07-19,1532012400
5011,R_x969WzGgXuE1CuJ,ABIS_BOOK,2018-07-19,1532012400
5012,R_xsyCKTazvY4vHbz,CELLULAR_PHONE_CASE,2018-07-19,1532012400
5013,R_xsyCKTazvY4vHbz,SHIRT,2018-07-19,1532012400
5014,R_yrLrYUf4oFzOnjb,PRINTER,2018-07-19,1532012400
5015,R_10wSqGFumZGSTmH,BUNGEE_CORD,2018-07-20,1532098800
5016,R_1C8w4NDDQC5fcgE,SHIRT,2018-07-20,1532098800
5017,R_1C8w4NDDQC5fcgE,VITAMIN,2018-07-20,1532098800
5018,R_1C8w4NDDQC5fcgE,HEALTH_PERSONAL_CARE,2018-07-20,1532098800
5019,R_1C8w4NDDQC5fcgE,GROCERY,2018-07-20,1532098800
5020,R_1Cd5zmz07X5BqKa,PET_SUPPLIES,2018-07-20,1532098800
5021,R_1CjWIsByjtP0GxZ,WINDOW_SHADE,2018-07-20,1532098800
5022,R_1E3TJBNJVtr3tcD,SNACK_FOOD_BAR,2018-07-20,1532098800
5023,R_1FWSWSjBuPMvSgx,DAIRY_BASED_DRINK,2018-07-20,1532098800
5024,R_1I6meOeB0piHEX8,BATTERY,2018-07-20,1532098800
5025,R_1I6meOeB0piHEX8,ELECTRONIC_CABLE,2018-07-20,1532098800
5026,R_1QutEVkZz69QFR7,HEALTH_PERSONAL_CARE,2018-07-20,1532098800
5027,R_1Xhiz3TBoe2gQdH,CELLULAR_PHONE_CASE,2018-07-20,1532098800
5028,R_1gU6N4NRSwc9ONd,PANTS,2018-07-20,1532098800
5029,R_1gjdRVy7DXPMldc,SHIRT,2018-07-20,1532098800
5030,R_1gjdRVy7DXPMldc,FOOD_SLICER,2018-07-20,1532098800
5031,R_1gjdRVy7DXPMldc,FUEL_FILTER,2018-07-20,1532098800
5032,R_1gjdRVy7DXPMldc,POOL_HEATER,2018-07-20,1532098800
5033,R_1gjdRVy7DXPMldc,PHYSICAL_VIDEO_GAME_SOFTWARE,2018-07-20,1532098800
5034,R_1hLPyY3aamfi3xT,VITAMIN,2018-07-20,1532098800
5035,R_1hLPyY3aamfi3xT,SATELLITE_OR_DSS,2018-07-20,1532098800
5036,R_1l4zCtGUTvAWdS6,SHORTS,2018-07-20,1532098800
5037,R_1l4zCtGUTvAWdS6,PANTS,2018-07-20,1532098800
5038,R_1l4zCtGUTvAWdS6,SHADE_SAIL,2018-07-20,1532098800
5039,R_1ouRfsTlr2iWPge,HEADPHONES,2018-07-20,1532098800
5040,R_1ouRfsTlr2iWPge,PHYSICAL_MOVIE,2018-07-20,1532098800
5041,R_1ouRfsTlr2iWPge,HEADPHONES,2018-07-20,1532098800
5042,R_1ouRfsTlr2iWPge,PET_FOOD,2018-07-20,1532098800
5043,R_1owkdABF1wNKFKI,SOLAR_PANEL,2018-07-20,1532098800
5044,R_1owkdABF1wNKFKI,ELECTRIC_FOOD_MILL_GRINDER,2018-07-20,1532098800
5045,R_1owkdABF1wNKFKI,PACIFIER,2018-07-20,1532098800
5046,R_1pu6yYPsuymsIIz,PHYSICAL_MOVIE,2018-07-20,1532098800
5047,R_1pu6yYPsuymsIIz,VIDEO_GAME_ACCESSORIES,2018-07-20,1532098800
5048,R_1rlhYXAI77eUSbB,PRINT_COPY_PAPER,2018-07-20,1532098800
5049,R_20ON9TjJWV64IZO,ABIS_BOOK,2018-07-20,1532098800
5050,R_210tLKdUbUZuf7O,GROCERY,2018-07-20,1532098800
5051,R_210tLKdUbUZuf7O,MILK_SUBSTITUTE,2018-07-20,1532098800
5052,R_21B94A6XQ9h1HZb,NUTRITIONAL_SUPPLEMENT,2018-07-20,1532098800
5053,R_21B94A6XQ9h1HZb,SKIN_MOISTURIZER,2018-07-20,1532098800
5054,R_22SxELlmhBQCe1C,WAIST_CINCHER,2018-07-20,1532098800
5055,R_22SxELlmhBQCe1C,SAFE,2018-07-20,1532098800
5056,R_22SxELlmhBQCe1C,VITAMIN,2018-07-20,1532098800
5057,R_25Wwg273Uw26jA1,HOOKAH,2018-07-20,1532098800
5058,R_277i50HinKYVoY9,SKIN_CLEANING_AGENT,2018-07-20,1532098800
5059,R_27g6uEEgxm7kwNu,ELECTRIC_FAN,2018-07-20,1532098800
5060,R_28BST1zc80UaP2C,ELECTRONIC_CABLE,2018-07-20,1532098800
5061,R_28BST1zc80UaP2C,MEDICATION,2018-07-20,1532098800
5062,R_2AXcJk6rRN4M33l,HAIR_BRUSH,2018-07-20,1532098800
5063,R_2AXcJk6rRN4M33l,SYSTEM_CABINET,2018-07-20,1532098800
5064,R_2AXcJk6rRN4M33l,CELLULAR_PHONE_CASE,2018-07-20,1532098800
5065,R_2AXcJk6rRN4M33l,CELLULAR_PHONE_CASE,2018-07-20,1532098800
5066,R_2Byb17bNJrQUQTo,LIP_COLOR,2018-07-20,1532098800
5067,R_2Byb17bNJrQUQTo,HOUSEHOLD_VARNISH,2018-07-20,1532098800
5068,R_2Byb17bNJrQUQTo,LIP_COLOR,2018-07-20,1532098800
5069,R_2Byb17bNJrQUQTo,TOASTER,2018-07-20,1532098800
5070,R_2Byb17bNJrQUQTo,PORTABLE_ELECTRONIC_DEVICE_COVER,2018-07-20,1532098800
5071,R_2Byb17bNJrQUQTo,INTERNAL_MEMORY,2018-07-20,1532098800
5072,R_2E5XCpTY2B5ZQ1f,NUTRITIONAL_SUPPLEMENT,2018-07-20,1532098800
5073,R_2QRMdwLStyElYoU,SEASONING,2018-07-20,1532098800
5074,R_2QXq900Df6biUD7,APPAREL_HEAD_NECK_COVERING,2018-07-20,1532098800
5075,R_2QswpKsGnL3NBXE,SHORTS,2018-07-20,1532098800
5076,R_2QswpKsGnL3NBXE,PANTS,2018-07-20,1532098800
5077,R_2QswpKsGnL3NBXE,TOASTER,2018-07-20,1532098800
5078,R_2R20tGsAciB0E9U,SKIN_MOISTURIZER,2018-07-20,1532098800
5079,R_2R3ayuIYVgX07CZ,TOILET_PAPER,2018-07-20,1532098800
5080,R_2R3ayuIYVgX07CZ,CAMERA_OTHER_ACCESSORIES,2018-07-20,1532098800
5081,R_2RVXjEovu4Y1yen,SKIN_CLEANING_AGENT,2018-07-20,1532098800
5082,R_2UctLzmpg4UJRZu,PANTS,2018-07-20,1532098800
5083,R_2VyUSFk11bbTVej,SKIN_MOISTURIZER,2018-07-20,1532098800
5084,R_2c0kxk2rIJClCxm,SINGLE_BOARD_COMPUTER,2018-07-20,1532098800
5085,R_2c0kxk2rIJClCxm,SINGLE_BOARD_COMPUTER,2018-07-20,1532098800
5086,R_2c0kxk2rIJClCxm,PORTABLE_ELECTRONIC_DEVICE_STAND,2018-07-20,1532098800
5087,R_2cBADxleVyzT89z,SCREEN_PROTECTOR,2018-07-20,1532098800
5088,R_2dMef2oXr2I6RKU,TUNIC,2018-07-20,1532098800
5089,R_2dY2NzAgp2digAs,BED_SLATS,2018-07-20,1532098800
5090,R_2mKYTXpTsUEkSGt,ELECTRONIC_CABLE,2018-07-20,1532098800
5091,R_2pK2zZBvbieDcxb,ABIS_BOOK,2018-07-20,1532098800
5092,R_2pK2zZBvbieDcxb,BATTERY,2018-07-20,1532098800
5093,R_2qD8ep8d313iLj4,SCREEN_PROTECTOR,2018-07-20,1532098800
5094,R_2qjAN1lyLAdAxT2,STANDALONE_STREAMING_MEDIA_PLAYER,2018-07-20,1532098800
5095,R_2qjAN1lyLAdAxT2,BABY_JUMPER_WALKER,2018-07-20,1532098800
5096,R_2qjAN1lyLAdAxT2,GROCERY,2018-07-20,1532098800
5097,R_2uQjJxSekSWj3qM,PHYSICAL_MOVIE,2018-07-20,1532098800
5098,R_2vkMWH10xWp7o9s,MEDICATION,2018-07-20,1532098800
5099,R_2vkMWH10xWp7o9s,DRINKING_STRAW,2018-07-20,1532098800
5100,R_2vkMWH10xWp7o9s,PHYSICAL_MOVIE,2018-07-20,1532098800
5101,R_2y7p58Cp5veeRa6,VITAMIN,2018-07-20,1532098800
5102,R_2y7p58Cp5veeRa6,LEASH,2018-07-20,1532098800
5103,R_31ixLIfyf3xt0RM,SNACK_FOOD_BAR,2018-07-20,1532098800
5104,R_31n2MLk9w05iLzN,SMALL_HOME_APPLIANCES,2018-07-20,1532098800
5105,R_325wNEypLBLRTf7,NUTRITIONAL_SUPPLEMENT,2018-07-20,1532098800
5106,R_3D7xJuXSy25PXbg,SKIN_CLEANING_AGENT,2018-07-20,1532098800
5107,R_3D8fwycJF7eksBo,SHIRT,2018-07-20,1532098800
5108,R_3D8fwycJF7eksBo,SCREEN_PROTECTOR,2018-07-20,1532098800
5109,R_3EMaONYGibovcxQ,TOYS_AND_GAMES,2018-07-20,1532098800
5110,R_3Em4Q2OBHB3m5rz,TEA,2018-07-20,1532098800
5111,R_3Em4Q2OBHB3m5rz,ADHESIVE_TAPES,2018-07-20,1532098800
5112,R_3G1gYo1d23Zq8Np,PROTECTIVE_GLOVE,2018-07-20,1532098800
5113,R_3G1gYo1d23Zq8Np,JEWELRY_FINDING,2018-07-20,1532098800
5114,R_3GiSNq0yPsXSvhf,NAIL_CLIPPER,2018-07-20,1532098800
5115,R_3GiSNq0yPsXSvhf,WAIST_CINCHER,2018-07-20,1532098800
5116,R_3GiSNq0yPsXSvhf,PUZZLES,2018-07-20,1532098800
5117,R_3GiSNq0yPsXSvhf,CALCULATOR,2018-07-20,1532098800
5118,R_3GiSNq0yPsXSvhf,PANTS,2018-07-20,1532098800
5119,R_3HLKIA2u3ZnY9lM,ANIMAL_LITTER,2018-07-20,1532098800
5120,R_3HigTq4itishziE,SNACK_CHIP_AND_CRISP,2018-07-20,1532098800
5121,R_3JK3aP5uRxffXiy,ASTRINGENT_SUBSTANCE,2018-07-20,1532098800
5122,R_3JK3aP5uRxffXiy,FAUCET,2018-07-20,1532098800
5123,R_3JjRmgOh3ZydDiW,SURVEILANCE_SYSTEMS,2018-07-20,1532098800
5124,R_3JjRmgOh3ZydDiW,SHIRT,2018-07-20,1532098800
5125,R_3JjRmgOh3ZydDiW,OUTDOOR_LIVING,2018-07-20,1532098800
5126,R_3JjRmgOh3ZydDiW,VITAMIN,2018-07-20,1532098800
5127,R_3JjRmgOh3ZydDiW,POWER_CORD,2018-07-20,1532098800
5128,R_3JjRmgOh3ZydDiW,HARDWARE_TUBING,2018-07-20,1532098800
5129,R_3JjRmgOh3ZydDiW,BUILDING_MATERIAL,2018-07-20,1532098800
5130,R_3JjRmgOh3ZydDiW,INPUT_OUTPUT_CARD,2018-07-20,1532098800
5131,R_3JjRmgOh3ZydDiW,SYSTEM_POWER_DEVICE,2018-07-20,1532098800
5132,R_3JjRmgOh3ZydDiW,VITAMIN,2018-07-20,1532098800
5133,R_3JjRmgOh3ZydDiW,HEADPHONES,2018-07-20,1532098800
5134,R_3JjRmgOh3ZydDiW,HEADPHONES,2018-07-20,1532098800
5135,R_3JjRmgOh3ZydDiW,THERMOPLASTIC_FILAMENT,2018-07-20,1532098800
5136,R_3JjRmgOh3ZydDiW,SNACK_FOOD_BAR,2018-07-20,1532098800
5137,R_3JjRmgOh3ZydDiW,SHOWER_CAP,2018-07-20,1532098800
5138,R_3JjRmgOh3ZydDiW,VEST,2018-07-20,1532098800
5139,R_3JjRmgOh3ZydDiW,COMPUTER_DRIVE_OR_STORAGE,2018-07-20,1532098800
5140,R_3JjRmgOh3ZydDiW,SYSTEM_POWER_DEVICE,2018-07-20,1532098800
5141,R_3JjRmgOh3ZydDiW,SNACK_FOOD_BAR,2018-07-20,1532098800
5142,R_3Jl5q6tZJctgL8B,SPORT_ACTIVITY_GLOVE,2018-07-20,1532098800
5143,R_3Jl5q6tZJctgL8B,SHOES,2018-07-20,1532098800
5144,R_3Jl5q6tZJctgL8B,HEADPHONES,2018-07-20,1532098800
5145,R_3Jl5q6tZJctgL8B,AREA_DEODORIZER,2018-07-20,1532098800
5146,R_3Jl5q6tZJctgL8B,HEADPHONES,2018-07-20,1532098800
5147,R_3Jl5q6tZJctgL8B,LAUNDRY_DETERGENT,2018-07-20,1532098800
5148,R_3L20DbmNPSMtKUd,SHIRT,2018-07-20,1532098800
5149,R_3Mc9nZhk6fg7b8z,NON_DAIRY_CREAM,2018-07-20,1532098800
5150,R_3MncA46G8CO8juo,SPORT_RACKET,2018-07-20,1532098800
5151,R_3MncA46G8CO8juo,PANTS,2018-07-20,1532098800
5152,R_3MncA46G8CO8juo,SNACK_FOOD_BAR,2018-07-20,1532098800
5153,R_3MncA46G8CO8juo,KNITTING_NEEDLE,2018-07-20,1532098800
5154,R_3MncA46G8CO8juo,HEALTH_PERSONAL_CARE,2018-07-20,1532098800
5155,R_3MncA46G8CO8juo,CELLULAR_PHONE_CASE,2018-07-20,1532098800
5156,R_3MncA46G8CO8juo,VITAMIN,2018-07-20,1532098800
5157,R_3MncA46G8CO8juo,PANTS,2018-07-20,1532098800
5158,R_3NFhCSnuJa54Jn3,GROCERY,2018-07-20,1532098800
5159,R_3OfwQrDNFhWjGWG,SNACK_FOOD_BAR,2018-07-20,1532098800
5160,R_3OfwQrDNFhWjGWG,EARRING,2018-07-20,1532098800
5161,R_3PaGuwKhYPfHa15,BARBELL,2018-07-20,1532098800
5162,R_3QE72T2NXn4ninT,HAIR_COLORING_AGENT,2018-07-20,1532098800
5163,R_3QE72T2NXn4ninT,SKIN_CLEANING_BRUSH,2018-07-20,1532098800
5164,R_3QE72T2NXn4ninT,SKIN_CLEANING_AGENT,2018-07-20,1532098800
5165,R_3enuyEOsaEVxTNX,PICTURE_FRAME,2018-07-20,1532098800
5166,R_3h3VYxug5MmQXfO,BATHING_SPONGE,2018-07-20,1532098800
5167,R_3h4JnsfebywTUxX,HEALTH_PERSONAL_CARE,2018-07-20,1532098800
5168,R_3iJQyWNMMY0KRV5,CELLULAR_PHONE_CASE,2018-07-20,1532098800
5169,R_3iJQyWNMMY0KRV5,WIPER_BLADE,2018-07-20,1532098800
5170,R_3iJQyWNMMY0KRV5,HEADPHONES,2018-07-20,1532098800
5171,R_3iVJ4NtqpKGbPCp,CHANGING_PAD,2018-07-20,1532098800
5172,R_3iVJ4NtqpKGbPCp,HEALTH_PERSONAL_CARE,2018-07-20,1532098800
5173,R_3iVJ4NtqpKGbPCp,KNIFE_BLOCK,2018-07-20,1532098800
5174,R_3iVJ4NtqpKGbPCp,SKIN_CLEANING_AGENT,2018-07-20,1532098800
5175,R_3iVJ4NtqpKGbPCp,HEALTH_PERSONAL_CARE,2018-07-20,1532098800
5176,R_3iVJ4NtqpKGbPCp,CAR_ALARM,2018-07-20,1532098800
5177,R_3iVJ4NtqpKGbPCp,GARDEN_EDGING,2018-07-20,1532098800
5178,R_3iVJ4NtqpKGbPCp,HEALTH_PERSONAL_CARE,2018-07-20,1532098800
5179,R_3iVJ4NtqpKGbPCp,HUMIDITY_METER,2018-07-20,1532098800
5180,R_3iVJ4NtqpKGbPCp,HEADPHONES,2018-07-20,1532098800
5181,R_3iVJ4NtqpKGbPCp,COUNTERTOP_BURNER,2018-07-20,1532098800
5182,R_3lYUnPKDsGA54tw,BREAST_PUMP,2018-07-20,1532098800
5183,R_3lYUnPKDsGA54tw,TOTE_BAG,2018-07-20,1532098800
5184,R_3oO3DoeTgXHrEzx,ABIS_BOOK,2018-07-20,1532098800
5185,R_3oO3DoeTgXHrEzx,PET_FOOD,2018-07-20,1532098800
5186,R_3qlnIILTEuzSyGe,CELLULAR_PHONE_CASE,2018-07-20,1532098800
5187,R_3qlnIILTEuzSyGe,ANIMAL_LITTER,2018-07-20,1532098800
5188,R_3sbM1ke1qD79iaT,SHIRT,2018-07-20,1532098800
5189,R_3sbM1ke1qD79iaT,CHAINSAW_CHAIN,2018-07-20,1532098800
5190,R_4ONrU60VenuwARr,INPUT_PEN,2018-07-20,1532098800
5191,R_4ONrU60VenuwARr,NUTRITIONAL_SUPPLEMENT,2018-07-20,1532098800
5192,R_4ONrU60VenuwARr,SKIN_CLEANING_AGENT,2018-07-20,1532098800
5193,R_6Jw0sPgGkHLnKkp,FRUIT_SNACK,2018-07-20,1532098800
5194,R_6lnssfnXksO2ntf,ORTHOPEDIC_BRACE,2018-07-20,1532098800
5195,R_6lnssfnXksO2ntf,SCREEN_PROTECTOR,2018-07-20,1532098800
5196,R_Q6WPHvxgbOBjvZ7,BODY_DEODORANT,2018-07-20,1532098800
5197,R_Xhz81T9LodPX0KB,BATTERY,2018-07-20,1532098800
5198,R_bkquoGQp5VhpihP,FISH,2018-07-20,1532098800
5199,R_cCucjmijTJETC6d,NUTRITIONAL_SUPPLEMENT,2018-07-20,1532098800
5200,R_e8KTElZZLWryLWp,PHYSICAL_MOVIE,2018-07-20,1532098800
5201,R_pRWnSKTREPIwpSF,SCANNER,2018-07-20,1532098800
5202,R_pRWnSKTREPIwpSF,PACIFIER,2018-07-20,1532098800
5203,R_pzMCRYrC0qiSwIF,HEADPHONES,2018-07-20,1532098800
5204,R_r1qqClBL89aFjXP,TELESCOPE,2018-07-20,1532098800
5205,R_r1qqClBL89aFjXP,ABIS_BOOK,2018-07-20,1532098800
5206,R_sM3qX7I1tHzvU09,CONDITIONER,2018-07-20,1532098800
5207,R_sRSLCxzK04aJvhL,FLASH_MEMORY,2018-07-20,1532098800
5208,R_vYtQIbKQv9vFKuZ,PERSONAL_FLOTATION_DEVICE,2018-07-20,1532098800
5209,R_xGwDp6qu8JCFdIJ,SKIN_MOISTURIZER,2018-07-20,1532098800
5210,R_yRaAO89bhwJb9xD,CONSOLE_VIDEO_GAMES,2018-07-20,1532098800
5211,R_zfnsck2ZatnGtY5,FASHIONOTHER,2018-07-20,1532098800
5212,R_zfnsck2ZatnGtY5,ELECTRONIC_CABLE,2018-07-20,1532098800
5213,R_0wCTiXC54rMN0J3,SHIRT,2018-07-21,1532185200
5214,R_0wCTiXC54rMN0J3,BLOOD_PRESSURE_MONITOR,2018-07-21,1532185200
5215,R_0wCTiXC54rMN0J3,CELLULAR_PHONE_CASE,2018-07-21,1532185200
5216,R_0wCTiXC54rMN0J3,PHYSICAL_MOVIE,2018-07-21,1532185200
5217,R_10MFxyIhsIDW0nP,POTABLE_WATER_FILTER,2018-07-21,1532185200
5218,R_10MFxyIhsIDW0nP,RUBBER_STAMP,2018-07-21,1532185200
5219,R_10MFxyIhsIDW0nP,SNACK_FOOD_BAR,2018-07-21,1532185200
5220,R_1BNwZP0DdTOa4rT,TOYS_AND_GAMES,2018-07-21,1532185200
5221,R_1C8w4NDDQC5fcgE,NETWORKING_ROUTER,2018-07-21,1532185200
5222,R_1C9YUFD8GunlGej,STICKER_DECAL,2018-07-21,1532185200
5223,R_1CDqTWLWIk642Vp,INKJET_PRINTER_INK,2018-07-21,1532185200
5224,R_1CDqTWLWIk642Vp,PHONE_ACCESSORY,2018-07-21,1532185200
5225,R_1LRR1P5IQqdSvIP,PUMP_SPRAYER,2018-07-21,1532185200
5226,R_1NCzj2eSHI4QGcd,MOTORCYCLE_ACCESSORY,2018-07-21,1532185200
5227,R_1NDq0rxoUSu6oyz,CELLULAR_PHONE_CASE,2018-07-21,1532185200
5228,R_1NDq0rxoUSu6oyz,SHOES,2018-07-21,1532185200
5229,R_1NDq0rxoUSu6oyz,TOYS_AND_GAMES,2018-07-21,1532185200
5230,R_1PUcgnVG2i0EBz4,BATTERY,2018-07-21,1532185200
5231,R_1PUcgnVG2i0EBz4,MORTAR_AND_PESTLE_SET,2018-07-21,1532185200
5232,R_1PUcgnVG2i0EBz4,MANUAL_SHAVING_RAZOR,2018-07-21,1532185200
5233,R_1PUcgnVG2i0EBz4,TOOTH_CLEANING_AGENT,2018-07-21,1532185200
5234,R_1PUcgnVG2i0EBz4,ABIS_BOOK,2018-07-21,1532185200
5235,R_1QutEVkZz69QFR7,SWIMWEAR,2018-07-21,1532185200
5236,R_1dKBjc0UTA0ZiYb,DISHWASHER_DETERGENT,2018-07-21,1532185200
5237,R_1gdxq5ThtPhD06I,CELLULAR_PHONE_CASE,2018-07-21,1532185200
5238,R_1gdxq5ThtPhD06I,APPLIANCE_ACCESSORY,2018-07-21,1532185200
5239,R_1hLPyY3aamfi3xT,SATELLITE_OR_DSS,2018-07-21,1532185200
5240,R_1hMV4AHCk04WO5V,CELLULAR_PHONE_CASE,2018-07-21,1532185200
5241,R_1kLdd31W284Angd,STOOL_SEATING,2018-07-21,1532185200
5242,R_1kLdd31W284Angd,PHYSICAL_MOVIE,2018-07-21,1532185200
5243,R_1mEmb9jWLRYCU4e,SCREEN_PROTECTOR,2018-07-21,1532185200
5244,R_1mEmb9jWLRYCU4e,WRITING_PAPER,2018-07-21,1532185200
5245,R_1mEmb9jWLRYCU4e,HEADPHONES,2018-07-21,1532185200
5246,R_1mEmb9jWLRYCU4e,SCISSORS,2018-07-21,1532185200
5247,R_1nOCRAcsi1AU77q,VITAMIN,2018-07-21,1532185200
5248,R_1oFSDeGAQcUN2v8,BATTERY,2018-07-21,1532185200
5249,R_1obwpb6iowh7vew,SNACK_FOOD_BAR,2018-07-21,1532185200
5250,R_1obwpb6iowh7vew,GROCERY,2018-07-21,1532185200
5251,R_1pKZVLBbrpZM8bP,PET_DOOR,2018-07-21,1532185200
5252,R_1pKZVLBbrpZM8bP,ABIS_BOOK,2018-07-21,1532185200
5253,R_1pKZVLBbrpZM8bP,WINDING_REEL,2018-07-21,1532185200
5254,R_1pKZVLBbrpZM8bP,VITAMIN,2018-07-21,1532185200
5255,R_20Yd9DvrGselmZY,SHOES,2018-07-21,1532185200
5256,R_20Yd9DvrGselmZY,VITAMIN,2018-07-21,1532185200
5257,R_210tLKdUbUZuf7O,BATTERY,2018-07-21,1532185200
5258,R_210tLKdUbUZuf7O,KNIFE_BLOCK,2018-07-21,1532185200
5259,R_210tLKdUbUZuf7O,TOYS_AND_GAMES,2018-07-21,1532185200
5260,R_210tLKdUbUZuf7O,SCREEN_PROTECTOR,2018-07-21,1532185200
5261,R_210tLKdUbUZuf7O,COSMETIC_BRUSH,2018-07-21,1532185200
5262,R_210tLKdUbUZuf7O,VITAMIN,2018-07-21,1532185200
5263,R_210tLKdUbUZuf7O,SKIN_TREATMENT_MASK,2018-07-21,1532185200
5264,R_23enipHqTsjcQfN,TOILET_PAPER,2018-07-21,1532185200
5265,R_25KMnVsE9ynaHcA,RESPIRATOR,2018-07-21,1532185200
5266,R_25SbPPTyE45YzXP,SHOES,2018-07-21,1532185200
5267,R_2CJ9tQVGVUnaesS,PHYSICAL_MOVIE,2018-07-21,1532185200
5268,R_2CJ9tQVGVUnaesS,SKIN_MOISTURIZER,2018-07-21,1532185200
5269,R_2CJ9tQVGVUnaesS,HARDWARE_BEARING,2018-07-21,1532185200
5270,R_2CJ9tQVGVUnaesS,BOOT,2018-07-21,1532185200
5271,R_2CpozrevorP48sb,PLANT_SEED,2018-07-21,1532185200
5272,R_2DMQ4Npnlu3WWyq,GROCERY,2018-07-21,1532185200
5273,R_2EglJpTWGEiwQYa,DISHWARE_PLATE,2018-07-21,1532185200
5274,R_2EglJpTWGEiwQYa,PANTS,2018-07-21,1532185200
5275,R_2QM76i5yRebcpiD,SNACK_FOOD_BAR,2018-07-21,1532185200
5276,R_2QM76i5yRebcpiD,SHIRT,2018-07-21,1532185200
5277,R_2QrmzNCNpcA7B9p,ANIMAL_COLLAR,2018-07-21,1532185200
5278,R_2QrmzNCNpcA7B9p,WAIST_CINCHER,2018-07-21,1532185200
5279,R_2QrmzNCNpcA7B9p,ABIS_BOOK,2018-07-21,1532185200
5280,R_2QrmzNCNpcA7B9p,ANIMAL_HARNESS,2018-07-21,1532185200
5281,R_2QrmzNCNpcA7B9p,LAUNDRY_DETERGENT,2018-07-21,1532185200
5282,R_2R4boYTdbWuqO7J,SCISSORS,2018-07-21,1532185200
5283,R_2R4boYTdbWuqO7J,PET_FOOD,2018-07-21,1532185200
5284,R_2R4boYTdbWuqO7J,SKIN_MOISTURIZER,2018-07-21,1532185200
5285,R_2R4boYTdbWuqO7J,HAIR_DRYER,2018-07-21,1532185200
5286,R_2RUDh7piHU7frzt,PIZZA,2018-07-21,1532185200
5287,R_2VwjXhJ5OznStEi,PET_FOOD,2018-07-21,1532185200
5288,R_2WVIxBGaj1uOr8S,SHIRT,2018-07-21,1532185200
5289,R_2WVIxBGaj1uOr8S,NUTRITIONAL_SUPPLEMENT,2018-07-21,1532185200
5290,R_2Xj7LtCe2Mt8jNi,SQUEEGEE,2018-07-21,1532185200
5291,R_2Xj7LtCe2Mt8jNi,SHIRT,2018-07-21,1532185200
5292,R_2XoI6KbLJRGFz5X,SANDAL,2018-07-21,1532185200
5293,R_2XoI6KbLJRGFz5X,PIPING_TIP,2018-07-21,1532185200
5294,R_2XoI6KbLJRGFz5X,PIPING_TIP,2018-07-21,1532185200
5295,R_2XoI6KbLJRGFz5X,SWIMWEAR,2018-07-21,1532185200
5296,R_2XoI6KbLJRGFz5X,PHYSICAL_MOVIE,2018-07-21,1532185200
5297,R_2XoI6KbLJRGFz5X,SHELF,2018-07-21,1532185200
5298,R_2XoI6KbLJRGFz5X,ELECTRONIC_CABLE,2018-07-21,1532185200
5299,R_2XoI6KbLJRGFz5X,SKIN_CLEANING_AGENT,2018-07-21,1532185200
5300,R_2XoI6KbLJRGFz5X,MEDICATION,2018-07-21,1532185200
5301,R_2XoI6KbLJRGFz5X,ABIS_BOOK,2018-07-21,1532185200
5302,R_2b1XOZR0PYTA1jX,BICYCLE_DERAILLEUR,2018-07-21,1532185200
5303,R_2b1XOZR0PYTA1jX,NUTRITIONAL_SUPPLEMENT,2018-07-21,1532185200
5304,R_2dFHfsIqQ6eEtVW,MANUAL_SHAVING_RAZOR,2018-07-21,1532185200
5305,R_2dFHfsIqQ6eEtVW,PET_FOOD,2018-07-21,1532185200
5306,R_2dFHfsIqQ6eEtVW,ELECTRIC_WATER_BOILER,2018-07-21,1532185200
5307,R_2dFHfsIqQ6eEtVW,HEADPHONES,2018-07-21,1532185200
5308,R_2dFHfsIqQ6eEtVW,SHOES,2018-07-21,1532185200
5309,R_2dMef2oXr2I6RKU,SHOES,2018-07-21,1532185200
5310,R_2f7MFUqYnEv92pF,PHYSICAL_MOVIE,2018-07-21,1532185200
5311,R_2mKYTXpTsUEkSGt,ABIS_LAWN_AND_GARDEN,2018-07-21,1532185200
5312,R_2tfh4rvpUWWJndF,PANTS,2018-07-21,1532185200
5313,R_2tfh4rvpUWWJndF,ELECTRONIC_CABLE,2018-07-21,1532185200
5314,R_2vYO5d3Ry8qjf5g,ELECTRONIC_CABLE,2018-07-21,1532185200
5315,R_2wmCdm6ETy6g3k0,EYELASH_CURLER,2018-07-21,1532185200
5316,R_2wmLE1q4FIpfioi,BICYCLE,2018-07-21,1532185200
5317,R_2wmLE1q4FIpfioi,CELLULAR_PHONE_CASE,2018-07-21,1532185200
5318,R_30kp7Wf9aTgpeIN,ABIS_BOOK,2018-07-21,1532185200
5319,R_31ZxYxyOSie94bK,SNACK_FOOD_BAR,2018-07-21,1532185200
5320,R_31ZxYxyOSie94bK,SNACK_FOOD_BAR,2018-07-21,1532185200
5321,R_3D7xJuXSy25PXbg,BATTERY,2018-07-21,1532185200
5322,R_3GBRRr7bndtJPU9,SKIN_CLEANING_AGENT,2018-07-21,1532185200
5323,R_3HigTq4itishziE,GROCERY,2018-07-21,1532185200
5324,R_3HigTq4itishziE,BREAD,2018-07-21,1532185200
5325,R_3HigTq4itishziE,PACKAGED_SOUP_AND_STEW,2018-07-21,1532185200
5326,R_3HigTq4itishziE,FOOD,2018-07-21,1532185200
5327,R_3Hphzg7zu04Hgy1,CURTAIN,2018-07-21,1532185200
5328,R_3Hphzg7zu04Hgy1,PICKLE,2018-07-21,1532185200
5329,R_3Hphzg7zu04Hgy1,PET_FOOD,2018-07-21,1532185200
5330,R_3Hphzg7zu04Hgy1,INFANT_TODDLER_CAR_SEAT,2018-07-21,1532185200
5331,R_3IaGUIs83jpQZU4,MAJOR_HOME_APPLIANCES,2018-07-21,1532185200
5332,R_3JjRmgOh3ZydDiW,BODY_DEODORANT,2018-07-21,1532185200
5333,R_3M0euO2kPnoHrdt,MEDICATION,2018-07-21,1532185200
5334,R_3M0euO2kPnoHrdt,AQUARIUM_POND_WATER_TREATMENT,2018-07-21,1532185200
5335,R_3M0euO2kPnoHrdt,TWO_WAY_RADIO,2018-07-21,1532185200
5336,R_3M0euO2kPnoHrdt,SKIN_CLEANING_AGENT,2018-07-21,1532185200
5337,R_3M0euO2kPnoHrdt,PANTS,2018-07-21,1532185200
5338,R_3M0euO2kPnoHrdt,SELF_STICK_NOTE,2018-07-21,1532185200
5339,R_3M0euO2kPnoHrdt,MOUTHWASH,2018-07-21,1532185200
5340,R_3M3RSZ7wNRSaxNx,SHIRT,2018-07-21,1532185200
5341,R_3M3RSZ7wNRSaxNx,SCREEN_PROTECTOR,2018-07-21,1532185200
5342,R_3M3RSZ7wNRSaxNx,SNACK_FOOD_BAR,2018-07-21,1532185200
5343,R_3MhBAq6V6XHU9ln,GROCERY,2018-07-21,1532185200
5344,R_3OfwQrDNFhWjGWG,EARRING,2018-07-21,1532185200
5345,R_3dVMhrjV0qUkHSh,ABIS_BOOK,2018-07-21,1532185200
5346,R_3dVMhrjV0qUkHSh,APPAREL,2018-07-21,1532185200
5347,R_3dVMhrjV0qUkHSh,SKIN_CLEANING_WIPE,2018-07-21,1532185200
5348,R_3dVMhrjV0qUkHSh,OUTBUILDING,2018-07-21,1532185200
5349,R_3dVMhrjV0qUkHSh,DOWNLOADABLE_VIDEO_GAME,2018-07-21,1532185200
5350,R_3ebnP0qUIQ7u38i,COUNTERTOP_OVEN,2018-07-21,1532185200
5351,R_3ebnP0qUIQ7u38i,UNDERGARMENT_THIGH_SLIMMER,2018-07-21,1532185200
5352,R_3ebnP0qUIQ7u38i,HEADPHONES,2018-07-21,1532185200
5353,R_3iJyVGzX7fyajRz,NUTRITIONAL_SUPPLEMENT,2018-07-21,1532185200
5354,R_3n17fNI56KA8rTV,PANTS,2018-07-21,1532185200
5355,R_3nH1Odp9Yjm86gN,SHIRT,2018-07-21,1532185200
5356,R_3s02y9lg8GCo9q0,SKIN_CLEANING_AGENT,2018-07-21,1532185200
5357,R_3socPWD3wXD0iDP,TOY_BUILDING_BLOCK,2018-07-21,1532185200
5358,R_3socPWD3wXD0iDP,SNACK_FOOD_BAR,2018-07-21,1532185200
5359,R_AEBbAiW2xdXI2at,HEADPHONES,2018-07-21,1532185200
5360,R_AEBbAiW2xdXI2at,HEADPHONES,2018-07-21,1532185200
5361,R_BWAjcs1sKUc6NQl,SUNSCREEN,2018-07-21,1532185200
5362,R_BWAjcs1sKUc6NQl,PHYSICAL_MOVIE,2018-07-21,1532185200
5363,R_BWAjcs1sKUc6NQl,SHOES,2018-07-21,1532185200
5364,R_C1gEwoKxaLBh0eR,SKIN_CLEANING_AGENT,2018-07-21,1532185200
5365,R_C1gEwoKxaLBh0eR,HEALTH_PERSONAL_CARE,2018-07-21,1532185200
5366,R_C1gEwoKxaLBh0eR,HEALTH_PERSONAL_CARE,2018-07-21,1532185200
5367,R_C1gEwoKxaLBh0eR,FASHIONOTHER,2018-07-21,1532185200
5368,R_C1gEwoKxaLBh0eR,TRANSFORMER,2018-07-21,1532185200
5369,R_C1gEwoKxaLBh0eR,MEDICATION,2018-07-21,1532185200
5370,R_C1gEwoKxaLBh0eR,VITAMIN,2018-07-21,1532185200
5371,R_C1gEwoKxaLBh0eR,PANTS,2018-07-21,1532185200
5372,R_C1gEwoKxaLBh0eR,ELECTRONIC_CABLE,2018-07-21,1532185200
5373,R_D8LcojwusttCWaJ,APPAREL_BELT,2018-07-21,1532185200
5374,R_D8LcojwusttCWaJ,PANTS,2018-07-21,1532185200
5375,R_D8LcojwusttCWaJ,SOUND_AND_RECORDING_EQUIPMENT,2018-07-21,1532185200
5376,R_D8LcojwusttCWaJ,MEDICATION,2018-07-21,1532185200
5377,R_O9FzIlCvCxllJSN,CELLULAR_PHONE_CASE,2018-07-21,1532185200
5378,R_PXSF6lxCnUB8Pg5,HAIR_TIE,2018-07-21,1532185200
5379,R_PXSF6lxCnUB8Pg5,PERSONAL_FLOTATION_DEVICE,2018-07-21,1532185200
5380,R_PwlnzzccUMXV0n7,SHOES,2018-07-21,1532185200
5381,R_Rw7CA3irllJSRH3,PANTS,2018-07-21,1532185200
5382,R_Rw7CA3irllJSRH3,ABIS_BOOK,2018-07-21,1532185200
5383,R_V416ZQ4Q4ElD1yF,MEDICAL_COMPRESSION_GARMENT,2018-07-21,1532185200
5384,R_W80kzJbCa8CD9UB,HEADPHONES,2018-07-21,1532185200
5385,R_XAphEY817eORyx3,SKIN_MOISTURIZER,2018-07-21,1532185200
5386,R_XAphEY817eORyx3,ABIS_GIFT_CARD,2018-07-21,1532185200
5387,R_XAphEY817eORyx3,SPORTING_GOODS,2018-07-21,1532185200
5388,R_XAphEY817eORyx3,POT_HOLDER,2018-07-21,1532185200
5389,R_XAphEY817eORyx3,TOYS_AND_GAMES,2018-07-21,1532185200
5390,R_XAphEY817eORyx3,CLOTHES_RACK,2018-07-21,1532185200
5391,R_Y3TdYiBodZOLXlT,ELECTRICITY_GENERATOR,2018-07-21,1532185200
5392,R_czHyAR1xMvT2FbP,SNACK_FOOD_BAR,2018-07-21,1532185200
5393,R_czHyAR1xMvT2FbP,VITAMIN,2018-07-21,1532185200
5394,R_czHyAR1xMvT2FbP,ANIMAL_RECOVERY_COLLAR_CONE,2018-07-21,1532185200
5395,R_czHyAR1xMvT2FbP,VITAMIN,2018-07-21,1532185200
5396,R_d5O7dqvA1EWCrPb,TOYS_AND_GAMES,2018-07-21,1532185200
5397,R_pRWnSKTREPIwpSF,MATTRESS_COVER,2018-07-21,1532185200
5398,R_tDI0MmPcVp5b2Xn,CELLULAR_PHONE_CASE,2018-07-21,1532185200
5399,R_tDI0MmPcVp5b2Xn,WIPER_BLADE,2018-07-21,1532185200
5400,R_tDI0MmPcVp5b2Xn,PET_FOOD,2018-07-21,1532185200
5401,R_tDI0MmPcVp5b2Xn,HEADPHONES,2018-07-21,1532185200
5402,R_tDI0MmPcVp5b2Xn,NUTRITIONAL_SUPPLEMENT,2018-07-21,1532185200
5403,R_xc0AiqTlV5cTvZn,MEDICAL_TEST_STRIP,2018-07-21,1532185200
5404,R_xsyCKTazvY4vHbz,CALENDAR,2018-07-21,1532185200
5405,R_xsyCKTazvY4vHbz,HIP_FLASK,2018-07-21,1532185200
5406,R_xsyCKTazvY4vHbz,ASHTRAY,2018-07-21,1532185200
5407,R_yJz6aXbKddNbgZz,BODY_POSITIONER,2018-07-21,1532185200
5408,R_0f8u2tSB99LkgCt,NIGHTGOWN_NIGHTSHIRT,2018-07-22,1532271600
5409,R_0pRmRjHkwStzNQJ,SNACK_FOOD_BAR,2018-07-22,1532271600
5410,R_0pRmRjHkwStzNQJ,FAUCET,2018-07-22,1532271600
5411,R_0pRmRjHkwStzNQJ,BATHWATER_ADDITIVE,2018-07-22,1532271600
5412,R_0pRmRjHkwStzNQJ,ADHESIVES_AND_SEALANTS,2018-07-22,1532271600
5413,R_0pRmRjHkwStzNQJ,PANTS,2018-07-22,1532271600
5414,R_0pRmRjHkwStzNQJ,SHIRT,2018-07-22,1532271600
5415,R_0pRmRjHkwStzNQJ,SWIMWEAR,2018-07-22,1532271600
5416,R_0pRmRjHkwStzNQJ,FOOD_SERVICE_SUPPLY,2018-07-22,1532271600
5417,R_0pRmRjHkwStzNQJ,SHIRT,2018-07-22,1532271600
5418,R_10TA7pCDmelHi5H,VITAMIN,2018-07-22,1532271600
5419,R_10TA7pCDmelHi5H,VITAMIN,2018-07-22,1532271600
5420,R_10TA7pCDmelHi5H,STICKER_DECAL,2018-07-22,1532271600
5421,R_10TA7pCDmelHi5H,SHORTS,2018-07-22,1532271600
5422,R_10TV1zyi4yCEEkl,GROCERY,2018-07-22,1532271600
5423,R_10TV1zyi4yCEEkl,SKIN_MOISTURIZER,2018-07-22,1532271600
5424,R_10TV1zyi4yCEEkl,SHIRT,2018-07-22,1532271600
5425,R_10TV1zyi4yCEEkl,COSTUME_OUTFIT,2018-07-22,1532271600
5426,R_12QFQ7lCIls8sRd,SCREEN_PROTECTOR,2018-07-22,1532271600
5427,R_12QFQ7lCIls8sRd,ELECTRONIC_CABLE,2018-07-22,1532271600
5428,R_12QFQ7lCIls8sRd,SHIRT,2018-07-22,1532271600
5429,R_12QFQ7lCIls8sRd,SKIN_CLEANING_AGENT,2018-07-22,1532271600
5430,R_12bC3rUwQ2h1sz5,HEADPHONES,2018-07-22,1532271600
5431,R_1C9YUFD8GunlGej,ABIS_BOOK,2018-07-22,1532271600
5432,R_1C9YUFD8GunlGej,KEYBOARD_MOUSE_SET,2018-07-22,1532271600
5433,R_1ClqO4ZMDuwGjfl,POOL_VACUUM,2018-07-22,1532271600
5434,R_1ClqO4ZMDuwGjfl,CANDLE,2018-07-22,1532271600
5435,R_1ClqO4ZMDuwGjfl,PANTS,2018-07-22,1532271600
5436,R_1DOwHkGiX8DX7mF,PICTURE_HANGER,2018-07-22,1532271600
5437,R_1DYWdbAMt6LyCZH,SKIN_MOISTURIZER,2018-07-22,1532271600
5438,R_1DYWdbAMt6LyCZH,EPILATOR,2018-07-22,1532271600
5439,R_1FJHvQm83j8lK35,MEDICATION,2018-07-22,1532271600
5440,R_1Fyt6rHyiQcVOT8,PET_TOY,2018-07-22,1532271600
5441,R_1Fyt6rHyiQcVOT8,SKIN_MOISTURIZER,2018-07-22,1532271600
5442,R_1HcpQT6Ffivx73P,ARTIFICIAL_PLANT,2018-07-22,1532271600
5443,R_1Hena1rUph3TnA3,PHYSICAL_MOVIE,2018-07-22,1532271600
5444,R_1Hena1rUph3TnA3,WIRELESS_ACCESSORY,2018-07-22,1532271600
5445,R_1Hena1rUph3TnA3,VASE,2018-07-22,1532271600
5446,R_1I6meOeB0piHEX8,HEALTH_PERSONAL_CARE,2018-07-22,1532271600
5447,R_1I6meOeB0piHEX8,BATTERY,2018-07-22,1532271600
5448,R_1I6meOeB0piHEX8,SHIRT,2018-07-22,1532271600
5449,R_1I6meOeB0piHEX8,THERMOMETER,2018-07-22,1532271600
5450,R_1I6meOeB0piHEX8,THERMOMETER,2018-07-22,1532271600
5451,R_1I6meOeB0piHEX8,TEA,2018-07-22,1532271600
5452,R_1IZBlduDFUJEphM,TWEEZER,2018-07-22,1532271600
5453,R_1KloshKwV8MUAx4,CELLULAR_PHONE_CASE,2018-07-22,1532271600
5454,R_1KloshKwV8MUAx4,MEAL_HOLDER,2018-07-22,1532271600
5455,R_1MTbVUzYEQq2MzU,NOISE_MACHINE,2018-07-22,1532271600
5456,R_1NCzj2eSHI4QGcd,SNACK_FOOD_BAR,2018-07-22,1532271600
5457,R_1NlGZCWpxXc8mjn,SCREEN_PROTECTOR,2018-07-22,1532271600
5458,R_1OlyKZYuQUE5Cgc,TOY_BUILDING_BLOCK,2018-07-22,1532271600
5459,R_1OrTsiPCkAlmb0N,PET_SUPPLIES,2018-07-22,1532271600
5460,R_1PcttxbjmIpzZ9t,BODY_CARE_PRODUCT,2018-07-22,1532271600
5461,R_1dKBjc0UTA0ZiYb,MARKING_PEN,2018-07-22,1532271600
5462,R_1daE3vUDxFrSw4I,SKIN_MOISTURIZER,2018-07-22,1532271600
5463,R_1hJWB4rlc8B2yCi,PHYSICAL_MOVIE,2018-07-22,1532271600
5464,R_1hJWB4rlc8B2yCi,MOUNTED_STORAGE_SYSTEM_KIT,2018-07-22,1532271600
5465,R_1hLPyY3aamfi3xT,BOOK,2018-07-22,1532271600
5466,R_1i8uPeiHVhFcQB8,MEDICATION,2018-07-22,1532271600
5467,R_1i8uPeiHVhFcQB8,PIERCING_JEWELRY,2018-07-22,1532271600
5468,R_1jARg5bGH5uqAKW,NUTRITIONAL_SUPPLEMENT,2018-07-22,1532271600
5469,R_1jARg5bGH5uqAKW,SKIN_MOISTURIZER,2018-07-22,1532271600
5470,R_1jARg5bGH5uqAKW,PHYSICAL_MOVIE,2018-07-22,1532271600
5471,R_1jARg5bGH5uqAKW,CADDY,2018-07-22,1532271600
5472,R_1jUqdfR1Zz6mZMf,GROCERY,2018-07-22,1532271600
5473,R_1jUqdfR1Zz6mZMf,UNMANNED_AERIAL_VEHICLE,2018-07-22,1532271600
5474,R_1mEmb9jWLRYCU4e,PROTEIN_SUPPLEMENT_POWDER,2018-07-22,1532271600
5475,R_1mEmb9jWLRYCU4e,STORAGE_BINDER,2018-07-22,1532271600
5476,R_1mEmb9jWLRYCU4e,PROTEIN_SUPPLEMENT_POWDER,2018-07-22,1532271600
5477,R_1mEmb9jWLRYCU4e,BATH_SAFETY_SEATING,2018-07-22,1532271600
5478,R_1oFSDeGAQcUN2v8,TOOTHBRUSH_HOLDER,2018-07-22,1532271600
5479,R_1oFSDeGAQcUN2v8,SHOES,2018-07-22,1532271600
5480,R_1pu4x2PBb4LrSWk,MEDICATION,2018-07-22,1532271600
5481,R_1pu4x2PBb4LrSWk,WATERING_CAN,2018-07-22,1532271600
5482,R_1pu6yYPsuymsIIz,STORAGE_COVER,2018-07-22,1532271600
5483,R_1r8u9f1vT8Y3HrC,MEASURING_CUP,2018-07-22,1532271600
5484,R_1zVJnDAfoFLamOd,GROCERY,2018-07-22,1532271600
5485,R_1zVJnDAfoFLamOd,VITAMIN,2018-07-22,1532271600
5486,R_20Yd9DvrGselmZY,VITAMIN,2018-07-22,1532271600
5487,R_20Z3XrmdVrFDp3r,AV_SIGNAL_SWITCH,2018-07-22,1532271600
5488,R_22mMopWqAj09mQc,MECHANICAL_FASTENERS,2018-07-22,1532271600
5489,R_22mMopWqAj09mQc,GROCERY,2018-07-22,1532271600
5490,R_24csoaO569P4Yzz,HEADPHONES,2018-07-22,1532271600
5491,R_25thHabUddjXGzt,ABIS_BOOK,2018-07-22,1532271600
5492,R_25thHabUddjXGzt,HOME_FURNITURE_AND_DECOR,2018-07-22,1532271600
5493,R_265zDShpZJQSm6H,NAIL_TREATMENT,2018-07-22,1532271600
5494,R_29iGyG3WSmKo5Te,PLUMBING_FIXTURE,2018-07-22,1532271600
5495,R_29uBVByYo0xAXiZ,BATTERY,2018-07-22,1532271600
5496,R_29uBVByYo0xAXiZ,FLAT_SCREEN_DISPLAY_MOUNT,2018-07-22,1532271600
5497,R_2CKdeuvfVrO8I49,NETWORKING_ROUTER,2018-07-22,1532271600
5498,R_2DXPyU9bPnWuZPM,PRODUCT,2018-07-22,1532271600
5499,R_2EglJpTWGEiwQYa,SCREEN_PROTECTOR,2018-07-22,1532271600
5500,R_2R3ayuIYVgX07CZ,PAPER_TOWEL,2018-07-22,1532271600
5501,R_2R3ayuIYVgX07CZ,WALL_PLATE,2018-07-22,1532271600
5502,R_2TEGPne2Cu1LmmT,GROCERY,2018-07-22,1532271600
5503,R_2TKO641FpWMebOd,GAMING_EQUIPMENT_ENCLOSURE,2018-07-22,1532271600
5504,R_2TKO641FpWMebOd,SYSTEM_POWER_DEVICE,2018-07-22,1532271600
5505,R_2Vjq0u3IGbVbOBl,SHIRT,2018-07-22,1532271600
5506,R_2VwjXhJ5OznStEi,TOYS_AND_GAMES,2018-07-22,1532271600
5507,R_2VyUSFk11bbTVej,WATCH,2018-07-22,1532271600
5508,R_2YKPfnktaDrPIYT,ABIS_BOOK,2018-07-22,1532271600
5509,R_2YKPfnktaDrPIYT,TEA,2018-07-22,1532271600
5510,R_2YKPfnktaDrPIYT,TOILET_PAPER,2018-07-22,1532271600
5511,R_2YKPfnktaDrPIYT,PLUMBING_FIXTURE,2018-07-22,1532271600
5512,R_2aldwxmUZox7Yfd,MECHANICAL_BELT,2018-07-22,1532271600
5513,R_2dz21GRV17aGMQ6,KITCHEN,2018-07-22,1532271600
5514,R_2e3bppvzM7Ynmch,PHONE_ACCESSORY,2018-07-22,1532271600
5515,R_2fQoqPD5ygeWViN,GROCERY,2018-07-22,1532271600
5516,R_2ri4RVtvkxnZzHj,UNINTERRUPTIBLE_POWER_SUPPLY,2018-07-22,1532271600
5517,R_2ri4RVtvkxnZzHj,CELL_PHONE_HOLSTER,2018-07-22,1532271600
5518,R_2taM3mpNPF0o1yf,PET_FOOD,2018-07-22,1532271600
5519,R_2taM3mpNPF0o1yf,WAIST_PACK,2018-07-22,1532271600
5520,R_2uPcQuKixR5S2ZO,PET_FOOD,2018-07-22,1532271600
5521,R_2uZDxTZAORBIW1o,O_RINGS,2018-07-22,1532271600
5522,R_2zCmQhJtrw3xBtV,SHOES,2018-07-22,1532271600
5523,R_2zCmQhJtrw3xBtV,GROCERY,2018-07-22,1532271600
5524,R_2zx8WHXVF7bHyh3,HAIR_STYLING_AGENT,2018-07-22,1532271600
5525,R_30kp7Wf9aTgpeIN,MEDICATION,2018-07-22,1532271600
5526,R_30kp7Wf9aTgpeIN,SPORTING_GOODS,2018-07-22,1532271600
5527,R_3D0FIkesMnTGsnm,TEETHER,2018-07-22,1532271600
5528,R_3D0FIkesMnTGsnm,WEIGH_SCALE,2018-07-22,1532271600
5529,R_3O9aPnM7ixjsbYK,SQUEEZE_TOY,2018-07-22,1532271600
5530,R_3PAyJj7mQvMzMco,TOOTH_CLEANING_AGENT,2018-07-22,1532271600
5531,R_3e82J7pYxj5XP7j,PLUG_STOPPER,2018-07-22,1532271600
5532,R_3e82J7pYxj5XP7j,PET_FOOD,2018-07-22,1532271600
5533,R_3e82J7pYxj5XP7j,HEADPHONES,2018-07-22,1532271600
5534,R_3g6FdS9TC745S4Y,HEADPHONES,2018-07-22,1532271600
5535,R_3gTrwWhEzAv6gzH,ABIS_BOOK,2018-07-22,1532271600
5536,R_3ixOwXLuUfjiWS8,TOOTH_WHITENER,2018-07-22,1532271600
5537,R_3ixOwXLuUfjiWS8,PORTABLE_TOOL_BOX,2018-07-22,1532271600
5538,R_3ixOwXLuUfjiWS8,TOOTH_WHITENER,2018-07-22,1532271600
5539,R_3ixUxNOUiEYD7KJ,TEACHING_EQUIPMENT,2018-07-22,1532271600
5540,R_3j85NmXEyjQjcD3,COAT,2018-07-22,1532271600
5541,R_3n5zOvmozURNzXz,HEALTH_PERSONAL_CARE,2018-07-22,1532271600
5542,R_3n5zOvmozURNzXz,DIGITAL_DEVICE_4_ACCESSORY,2018-07-22,1532271600
5543,R_3oO3DoeTgXHrEzx,SHIRT,2018-07-22,1532271600
5544,R_3p8Rjor8VyZP2Qp,SHOES,2018-07-22,1532271600
5545,R_3p8Rjor8VyZP2Qp,GUILD_JEWELRY,2018-07-22,1532271600
5546,R_3p8Rjor8VyZP2Qp,MUSCLE_ROLLER,2018-07-22,1532271600
5547,R_3pm4Od2kUSXlZgY,PAW_HOOF_PROTECTOR,2018-07-22,1532271600
5548,R_3sbM1ke1qD79iaT,PUPPET,2018-07-22,1532271600
5549,R_3sbM1ke1qD79iaT,PHYSICAL_MOVIE,2018-07-22,1532271600
5550,R_3sbM1ke1qD79iaT,HEALTH_PERSONAL_CARE,2018-07-22,1532271600
5551,R_3sbM1ke1qD79iaT,PANTS,2018-07-22,1532271600
5552,R_3socPWD3wXD0iDP,BOTTLE,2018-07-22,1532271600
5553,R_3socPWD3wXD0iDP,POOL_SPA_WATER_TREATMENT,2018-07-22,1532271600
5554,R_4PhRzF4UI9ooLh7,PET_PLACEMAT,2018-07-22,1532271600
5555,R_55BKHeW1aOzYOUp,ABIS_BOOK,2018-07-22,1532271600
5556,R_55BKHeW1aOzYOUp,MEDICATION,2018-07-22,1532271600
5557,R_85OdkeCoFP5daLL,SCREEN_PROTECTOR,2018-07-22,1532271600
5558,R_85OdkeCoFP5daLL,SHOELACE,2018-07-22,1532271600
5559,R_85OdkeCoFP5daLL,SWEATER,2018-07-22,1532271600
5560,R_85OdkeCoFP5daLL,FILE_FOLDER,2018-07-22,1532271600
5561,R_85OdkeCoFP5daLL,EYELID_COLOR,2018-07-22,1532271600
5562,R_85OdkeCoFP5daLL,HEALTH_PERSONAL_CARE,2018-07-22,1532271600
5563,R_8CXcySQawXPuJwJ,PET_FOOD,2018-07-22,1532271600
5564,R_8CXcySQawXPuJwJ,MOP,2018-07-22,1532271600
5565,R_BWAjcs1sKUc6NQl,PHYSICAL_MOVIE,2018-07-22,1532271600
5566,R_BWAjcs1sKUc6NQl,PILLOWCASE,2018-07-22,1532271600
5567,R_BWAjcs1sKUc6NQl,PET_TOY,2018-07-22,1532271600
5568,R_Ox2cOKKad6zHXtT,HEADPHONES,2018-07-22,1532271600
5569,R_Ox2cOKKad6zHXtT,BATTERY,2018-07-22,1532271600
5570,R_PwlnzzccUMXV0n7,HARDWARE,2018-07-22,1532271600
5571,R_PwlnzzccUMXV0n7,MEDICATION,2018-07-22,1532271600
5572,R_UFrfTy7RlXqKDOV,ELECTRONIC_CABLE,2018-07-22,1532271600
5573,R_Xhz81T9LodPX0KB,NUTRITIONAL_SUPPLEMENT,2018-07-22,1532271600
5574,R_Xhz81T9LodPX0KB,FIGURINE,2018-07-22,1532271600
5575,R_Xhz81T9LodPX0KB,GARDEN_EDGING,2018-07-22,1532271600
5576,R_Xhz81T9LodPX0KB,ESSENTIAL_OIL,2018-07-22,1532271600
5577,R_Y3TdYiBodZOLXlT,BATHTUB_SHOWER_MAT,2018-07-22,1532271600
5578,R_bK5PUvc46zAxoQN,AUTO_PART,2018-07-22,1532271600
5579,R_bK5PUvc46zAxoQN,AUTO_PART,2018-07-22,1532271600
5580,R_bK5PUvc46zAxoQN,SCREEN_PROTECTOR,2018-07-22,1532271600
5581,R_bK5PUvc46zAxoQN,PRINTER,2018-07-22,1532271600
5582,R_ctNHcxd3vRvndXH,ELECTRONIC_CABLE,2018-07-22,1532271600
5583,R_ctNHcxd3vRvndXH,CONSOLE_VIDEO_GAMES,2018-07-22,1532271600
5584,R_d5O7dqvA1EWCrPb,BOOK_DOCUMENT_STAND,2018-07-22,1532271600
5585,R_e387De1jF0gN2OB,CELLULAR_PHONE_CASE,2018-07-22,1532271600
5586,R_e8KTElZZLWryLWp,GROCERY,2018-07-22,1532271600
5587,R_r1qqClBL89aFjXP,APPAREL,2018-07-22,1532271600
5588,R_sM3qX7I1tHzvU09,CAMERA,2018-07-22,1532271600
5589,R_sM3qX7I1tHzvU09,MEDICATION,2018-07-22,1532271600
5590,R_sRSLCxzK04aJvhL,SCREEN_PROTECTOR,2018-07-22,1532271600
5591,R_tDI0MmPcVp5b2Xn,SHOES,2018-07-22,1532271600
5592,R_x969WzGgXuE1CuJ,TOOTH_CLEANING_AGENT,2018-07-22,1532271600
5593,R_x969WzGgXuE1CuJ,POWER_CONVERTER,2018-07-22,1532271600
5594,R_xsyCKTazvY4vHbz,NETWORKING_DEVICE,2018-07-22,1532271600
5595,R_xsyCKTazvY4vHbz,ROLLER_CHAIN,2018-07-22,1532271600
5596,R_xsyCKTazvY4vHbz,SCREEN_PROTECTOR,2018-07-22,1532271600
5597,R_xsyCKTazvY4vHbz,HONEY,2018-07-22,1532271600
5598,R_xsyCKTazvY4vHbz,TOYS_AND_GAMES,2018-07-22,1532271600
5599,R_yJz6aXbKddNbgZz,BATTERY,2018-07-22,1532271600
5600,R_z1fvSibqdewGSD7,LEOTARD,2018-07-22,1532271600
5601,R_z1fvSibqdewGSD7,GLITTER,2018-07-22,1532271600
5602,R_z1fvSibqdewGSD7,GLITTER,2018-07-22,1532271600
5603,R_z1fvSibqdewGSD7,SKIRT,2018-07-22,1532271600
5604,R_z1fvSibqdewGSD7,LITTER_BOX,2018-07-22,1532271600
5605,R_z1fvSibqdewGSD7,LEOTARD,2018-07-22,1532271600
5606,R_z1fvSibqdewGSD7,LEOTARD,2018-07-22,1532271600
5607,R_z1fvSibqdewGSD7,TOYS_AND_GAMES,2018-07-22,1532271600
5608,R_z1fvSibqdewGSD7,GARMENT_PROTECTOR_COVER,2018-07-22,1532271600
5609,R_10MFxyIhsIDW0nP,PHYSICAL_MOVIE,2018-07-23,1532358000
5610,R_10MFxyIhsIDW0nP,SNACK_FOOD_BAR,2018-07-23,1532358000
5611,R_10MFxyIhsIDW0nP,DAIRY_BASED_DRINK,2018-07-23,1532358000
5612,R_10TA7pCDmelHi5H,GIFT_CARD,2018-07-23,1532358000
5613,R_11WUgIV4IWfGoDX,CRACKER,2018-07-23,1532358000
5614,R_1C4nKyrv0w2thJn,HEADPHONES,2018-07-23,1532358000
5615,R_1C9YUFD8GunlGej,DIETARY_SUPPLEMENTS,2018-07-23,1532358000
5616,R_1C9YUFD8GunlGej,SHOES,2018-07-23,1532358000
5617,R_1C9YUFD8GunlGej,DRINK_FLAVORED,2018-07-23,1532358000
5618,R_1C9YUFD8GunlGej,FISHING_ROD_REEL_COMBO,2018-07-23,1532358000
5619,R_1C9YUFD8GunlGej,PHYSICAL_MOVIE,2018-07-23,1532358000
5620,R_1GVN63HjPpVXPEx,SHOES,2018-07-23,1532358000
5621,R_1I6meOeB0piHEX8,OUTDOOR_LIVING,2018-07-23,1532358000
5622,R_1I6meOeB0piHEX8,SNACK_FOOD_BAR,2018-07-23,1532358000
5623,R_1I6meOeB0piHEX8,TOPICAL_HAIR_REGROWTH_TREATMENT,2018-07-23,1532358000
5624,R_1I6meOeB0piHEX8,SCREWDRIVER,2018-07-23,1532358000
5625,R_1I6meOeB0piHEX8,BABY_PRODUCT,2018-07-23,1532358000
5626,R_1Kru2C0Zf28ZbQ0,GROCERY,2018-07-23,1532358000
5627,R_1Kru2C0Zf28ZbQ0,NUTRITIONAL_SUPPLEMENT,2018-07-23,1532358000
5628,R_1LMa9REuvUok05j,MEDICATION,2018-07-23,1532358000
5629,R_1NlGZCWpxXc8mjn,CELLULAR_PHONE_CASE,2018-07-23,1532358000
5630,R_1NlGZCWpxXc8mjn,SHOES,2018-07-23,1532358000
5631,R_1OMKeKICcW0F652,CRACKER,2018-07-23,1532358000
5632,R_1OMKeKICcW0F652,VINEGAR,2018-07-23,1532358000
5633,R_1OMKeKICcW0F652,POPCORN,2018-07-23,1532358000
5634,R_1PUcgnVG2i0EBz4,TOYS_AND_GAMES,2018-07-23,1532358000
5635,R_1QKu8qtvgo0d1uS,SOCKS,2018-07-23,1532358000
5636,R_1QKu8qtvgo0d1uS,UNDERPANTS,2018-07-23,1532358000
5637,R_1QoPHtffEy2UzWJ,PANTS,2018-07-23,1532358000
5638,R_1QupmKjSh9fA4l4,PANTS,2018-07-23,1532358000
5639,R_1QupmKjSh9fA4l4,OUTDOOR_RECREATION_PRODUCT,2018-07-23,1532358000
5640,R_1dKBjc0UTA0ZiYb,SIGNAGE,2018-07-23,1532358000
5641,R_1dKBjc0UTA0ZiYb,COSMETIC_CASE,2018-07-23,1532358000
5642,R_1i8uPeiHVhFcQB8,CELLULAR_PHONE_CASE,2018-07-23,1532358000
5643,R_1jARg5bGH5uqAKW,RIDE_ON_TOY,2018-07-23,1532358000
5644,R_1jARg5bGH5uqAKW,RIDE_ON_TOY,2018-07-23,1532358000
5645,R_1jARg5bGH5uqAKW,SKIN_MOISTURIZER,2018-07-23,1532358000
5646,R_1jARg5bGH5uqAKW,SKIN_CLEANING_WIPE,2018-07-23,1532358000
5647,R_1l6OglubZSTYfi3,SHIRT,2018-07-23,1532358000
5648,R_1l6OglubZSTYfi3,BEAUTY,2018-07-23,1532358000
5649,R_1oFSDeGAQcUN2v8,SPORT_ACTIVITY_GLOVE,2018-07-23,1532358000
5650,R_1obwpb6iowh7vew,SANDAL,2018-07-23,1532358000
5651,R_1obwpb6iowh7vew,REMOTE_CONTROL,2018-07-23,1532358000
5652,R_1pm2Wo5wrQSY0Gm,SNACK_FOOD_BAR,2018-07-23,1532358000
5653,R_1pm2Wo5wrQSY0Gm,ABIS_BOOK,2018-07-23,1532358000
5654,R_1pm2Wo5wrQSY0Gm,VITAMIN,2018-07-23,1532358000
5655,R_1psTlOFeWx4gWdX,GROCERY,2018-07-23,1532358000
5656,R_1psTlOFeWx4gWdX,ABIS_BOOK,2018-07-23,1532358000
5657,R_1psTlOFeWx4gWdX,WALKER,2018-07-23,1532358000
5658,R_1pu6yYPsuymsIIz,VIDEO_GAME_ACCESSORIES,2018-07-23,1532358000
5659,R_20Yd9DvrGselmZY,SKIN_CLEANING_AGENT,2018-07-23,1532358000
5660,R_20Z3XrmdVrFDp3r,NAIL_POWDER,2018-07-23,1532358000
5661,R_210tLKdUbUZuf7O,SKIN_TREATMENT_MASK,2018-07-23,1532358000
5662,R_22XEVzemearX7mD,BRAKE_KIT,2018-07-23,1532358000
5663,R_23ThXRxY2BTPyy5,SHIRT,2018-07-23,1532358000
5664,R_23eD9Db68xpXl0d,CONSOLE_VIDEO_GAMES,2018-07-23,1532358000
5665,R_23enipHqTsjcQfN,WEARABLE_WEIGHT,2018-07-23,1532358000
5666,R_23enipHqTsjcQfN,STICKER_DECAL,2018-07-23,1532358000
5667,R_23enipHqTsjcQfN,BATTERY,2018-07-23,1532358000
5668,R_24MKoSmvuiLEI76,ABIS_MUSIC,2018-07-23,1532358000
5669,R_24csoaO569P4Yzz,SHIRT,2018-07-23,1532358000
5670,R_24csoaO569P4Yzz,FISHING_HOOK,2018-07-23,1532358000
5671,R_24csoaO569P4Yzz,TOY_FIGURE,2018-07-23,1532358000
5672,R_24csoaO569P4Yzz,BODY_POSITIONER,2018-07-23,1532358000
5673,R_24csoaO569P4Yzz,NUTRITIONAL_SUPPLEMENT,2018-07-23,1532358000
5674,R_24csoaO569P4Yzz,BATTERY,2018-07-23,1532358000
5675,R_24csoaO569P4Yzz,APPAREL,2018-07-23,1532358000
5676,R_24csoaO569P4Yzz,TUNER,2018-07-23,1532358000
5677,R_2ASz0xBmcxqYzUJ,HEADPHONES,2018-07-23,1532358000
5678,R_2DOWnSX3XtTVapF,SHOES,2018-07-23,1532358000
5679,R_2Qu0fgUOnDpaKDH,TENT,2018-07-23,1532358000
5680,R_2TKO641FpWMebOd,HEALTH_PERSONAL_CARE,2018-07-23,1532358000
5681,R_2TKO641FpWMebOd,BATTERY,2018-07-23,1532358000
5682,R_2TL7w44l8M5vEok,TOYS_AND_GAMES,2018-07-23,1532358000
5683,R_2WAagX64hf1kdMI,SNACK_FOOD_BAR,2018-07-23,1532358000
5684,R_2WumP0iKDvwiM2r,DRESS,2018-07-23,1532358000
5685,R_2WumP0iKDvwiM2r,GROCERY,2018-07-23,1532358000
5686,R_2YR2Yn7wGzAeAj0,ANIMAL_NUTRITIONAL_SUPPLEMENT,2018-07-23,1532358000
5687,R_2YR2Yn7wGzAeAj0,SIGNAGE,2018-07-23,1532358000
5688,R_2YR2Yn7wGzAeAj0,HOME,2018-07-23,1532358000
5689,R_2YR2Yn7wGzAeAj0,SCREEN_PROTECTOR,2018-07-23,1532358000
5690,R_2YR2Yn7wGzAeAj0,BASKETBALL_HOOP,2018-07-23,1532358000
5691,R_2YeJ7ZNQ5xBFmxw,VEHICLE_MAT,2018-07-23,1532358000
5692,R_2YzwllA3OWyo30M,SNACK_FOOD_BAR,2018-07-23,1532358000
5693,R_2cBADxleVyzT89z,PHYSICAL_MOVIE,2018-07-23,1532358000
5694,R_2cBADxleVyzT89z,PHYSICAL_MOVIE,2018-07-23,1532358000
5695,R_2ebzj3o225IisIQ,PET_FOOD,2018-07-23,1532358000
5696,R_2ebzj3o225IisIQ,ABIS_BOOK,2018-07-23,1532358000
5697,R_2ebzj3o225IisIQ,SKIN_MOISTURIZER,2018-07-23,1532358000
5698,R_2f7MFUqYnEv92pF,ELECTRONIC_CABLE,2018-07-23,1532358000
5699,R_2f7MFUqYnEv92pF,ELECTRONIC_CABLE,2018-07-23,1532358000
5700,R_2f7MFUqYnEv92pF,SKIN_CLEANING_AGENT,2018-07-23,1532358000
5701,R_2foIkyims4WyyYQ,ELECTRONIC_CABLE,2018-07-23,1532358000
5702,R_2tfHzrdo6EEaiWi,HEALTH_PERSONAL_CARE,2018-07-23,1532358000
5703,R_2tfHzrdo6EEaiWi,BLANK_BOOK,2018-07-23,1532358000
5704,R_2uIMLcJgQmb0v3G,DIETARY_SUPPLEMENTS,2018-07-23,1532358000
5705,R_2uIMLcJgQmb0v3G,GREETING_CARD,2018-07-23,1532358000
5706,R_2uPcQuKixR5S2ZO,CAMERA_TRIPOD,2018-07-23,1532358000
5707,R_2uPcQuKixR5S2ZO,PICTURE_HANGER,2018-07-23,1532358000
5708,R_2uPcQuKixR5S2ZO,PRELOADED_ELECTRONIC_GAME,2018-07-23,1532358000
5709,R_2vYeXyFdrSyrVwh,LIGHT_FIXTURE,2018-07-23,1532358000
5710,R_2vYeXyFdrSyrVwh,TEA,2018-07-23,1532358000
5711,R_2y7p58Cp5veeRa6,REMOTE_CONTROL,2018-07-23,1532358000
5712,R_2yme87wMCEU528h,HUMIDOR,2018-07-23,1532358000
5713,R_31XTJUT1qHoBGRZ,PHYSICAL_MOVIE,2018-07-23,1532358000
5714,R_31XTJUT1qHoBGRZ,SHIRT,2018-07-23,1532358000
5715,R_325wNEypLBLRTf7,VITAMIN,2018-07-23,1532358000
5716,R_33xxVtjHgiJnNli,SEEDS_AND_PLANTS,2018-07-23,1532358000
5717,R_33xxVtjHgiJnNli,SKIN_CLEANING_AGENT,2018-07-23,1532358000
5718,R_3ElHoNUS8Tyu7RP,WRIST_REST,2018-07-23,1532358000
5719,R_3ElHoNUS8Tyu7RP,VITAMIN,2018-07-23,1532358000
5720,R_3ElHoNUS8Tyu7RP,CHARM,2018-07-23,1532358000
5721,R_3GCXgWFPLgXAuFC,BODY_DEODORANT,2018-07-23,1532358000
5722,R_3Ge2RzIsoM2g5lL,HEALTH_PERSONAL_CARE,2018-07-23,1532358000
5723,R_3GqfePl8gH1VWP1,ANIMAL_FUR_CLEANER_CONDITIONER,2018-07-23,1532358000
5724,R_3HgZOjGq4Ny969k,ANIMAL_RECOVERY_COLLAR_CONE,2018-07-23,1532358000
5725,R_3Hphzg7zu04Hgy1,HEALTH_PERSONAL_CARE,2018-07-23,1532358000
5726,R_3Hphzg7zu04Hgy1,SHOES,2018-07-23,1532358000
5727,R_3Hphzg7zu04Hgy1,TEMPORARY_GATE,2018-07-23,1532358000
5728,R_3Hphzg7zu04Hgy1,SHOES,2018-07-23,1532358000
5729,R_3Hphzg7zu04Hgy1,INCONTINENCE_PROTECTOR,2018-07-23,1532358000
5730,R_3HvPXLfubbb9a6G,CELLULAR_PHONE_CASE,2018-07-23,1532358000
5731,R_3HvPXLfubbb9a6G,PHYSICAL_MOVIE,2018-07-23,1532358000
5732,R_3HvPXLfubbb9a6G,WEAPON_CASE,2018-07-23,1532358000
5733,R_3JnjKsPAuFGDhrx,VIDEO_GAME_ACCESSORIES,2018-07-23,1532358000
5734,R_3KHiP9QpzA2COVL,SHIRT,2018-07-23,1532358000
5735,R_3NwUrzA3eAsS3xO,FLASHLIGHT,2018-07-23,1532358000
5736,R_3NwUrzA3eAsS3xO,ABIS_BOOK,2018-07-23,1532358000
5737,R_3NwUrzA3eAsS3xO,NUTRITIONAL_SUPPLEMENT,2018-07-23,1532358000
5738,R_3QE72T2NXn4ninT,BREAST_PUMP,2018-07-23,1532358000
5739,R_3fB1NIeE1OGUd72,SCREEN_PROTECTOR,2018-07-23,1532358000
5740,R_3ik7mYg7wgFsyfj,VITAMIN,2018-07-23,1532358000
5741,R_3iydBpfsKD9jRTq,CURTAIN,2018-07-23,1532358000
5742,R_3lXswIAy7Qq6UEZ,ABIS_BOOK,2018-07-23,1532358000
5743,R_3lXswIAy7Qq6UEZ,NUTRITIONAL_SUPPLEMENT,2018-07-23,1532358000
5744,R_3lXswIAy7Qq6UEZ,NOISE_MACHINE,2018-07-23,1532358000
5745,R_3lXswIAy7Qq6UEZ,MEDICATION,2018-07-23,1532358000
5746,R_3lXswIAy7Qq6UEZ,RADIO,2018-07-23,1532358000
5747,R_3oO3DoeTgXHrEzx,FAUCET,2018-07-23,1532358000
5748,R_3oO3DoeTgXHrEzx,TIRE_VALVE_STEM_CAP,2018-07-23,1532358000
5749,R_3pmeuOmzM4r5gMS,SKIN_MOISTURIZER,2018-07-23,1532358000
5750,R_3pmeuOmzM4r5gMS,SHIRT,2018-07-23,1532358000
5751,R_3pmeuOmzM4r5gMS,PHYSICAL_MOVIE,2018-07-23,1532358000
5752,R_3rZHdmB75jSgwhr,HEADPHONES,2018-07-23,1532358000
5753,R_3s02y9lg8GCo9q0,WATER_DISPENSER,2018-07-23,1532358000
5754,R_3s02y9lg8GCo9q0,ELECTRONIC_CABLE,2018-07-23,1532358000
5755,R_4YjfHl0af8gN30Z,SNACK_FOOD_BAR,2018-07-23,1532358000
5756,R_8CXcySQawXPuJwJ,BLANK_STORAGE_MEDIA,2018-07-23,1532358000
5757,R_8CXcySQawXPuJwJ,GROCERY,2018-07-23,1532358000
5758,R_8CXcySQawXPuJwJ,CELLULAR_PHONE_CASE,2018-07-23,1532358000
5759,R_8CXcySQawXPuJwJ,BATTERY,2018-07-23,1532358000
5760,R_8pMsG4P0RqzoSlz,PESTICIDE,2018-07-23,1532358000
5761,R_8vnpSkm79W7Jsv7,ANIMAL_WATER_DISPENSER,2018-07-23,1532358000
5762,R_A1fku0XPEwwfhC1,PHYSICAL_MOVIE,2018-07-23,1532358000
5763,R_AKBlDprDMrv4M7v,SHOES,2018-07-23,1532358000
5764,R_C3LfLBkg9TFvQnD,SHOES,2018-07-23,1532358000
5765,R_CaF1pc8CnyWJvCp,SKIN_MOISTURIZER,2018-07-23,1532358000
5766,R_CaF1pc8CnyWJvCp,FOOD_STORAGE_CONTAINER,2018-07-23,1532358000
5767,R_CaF1pc8CnyWJvCp,TRASH_COMPACTOR,2018-07-23,1532358000
5768,R_DqTqoF539jfSsLf,EARPLUG,2018-07-23,1532358000
5769,R_ThgquWaLDQWLCcp,INCONTINENCE_PROTECTOR,2018-07-23,1532358000
5770,R_TtjiPpPxtkd5Vnz,SHOES,2018-07-23,1532358000
5771,R_Ui78k1hRGuGWhln,SKIN_EXFOLIANT,2018-07-23,1532358000
5772,R_Uit4G2WjoT7WM6d,BOARD_GAME,2018-07-23,1532358000
5773,R_Uit4G2WjoT7WM6d,UNMANNED_AERIAL_VEHICLE,2018-07-23,1532358000
5774,R_V1EWFs6tkv2DaMN,STORAGE_BOX,2018-07-23,1532358000
5775,R_V1EWFs6tkv2DaMN,SUGAR_CANDY,2018-07-23,1532358000
5776,R_ZeqLnp8IZFNzHMt,WIRELESS_AUDIO_ADAPTER,2018-07-23,1532358000
5777,R_ZeqLnp8IZFNzHMt,CRAFT_WRAPPING_TISSUE_PAPER,2018-07-23,1532358000
5778,R_ctNHcxd3vRvndXH,ABIS_BOOK,2018-07-23,1532358000
5779,R_eyQl26Pq4cq0Xmx,TOYS_AND_GAMES,2018-07-23,1532358000
5780,R_eyQl26Pq4cq0Xmx,SHIRT,2018-07-23,1532358000
5781,R_eyQl26Pq4cq0Xmx,POWER_STRIP,2018-07-23,1532358000
5782,R_plnyqyltsGtao9P,LIGHT_BULB,2018-07-23,1532358000
5783,R_plnyqyltsGtao9P,PASTRY_BASTING_BRUSH,2018-07-23,1532358000
5784,R_xsyCKTazvY4vHbz,ROLLER_CHAIN,2018-07-23,1532358000
5785,R_0Arj0ePpTnReV1v,FITTED_SHEET,2018-07-24,1532444400
5786,R_1C8w4NDDQC5fcgE,SCREEN_PROTECTOR,2018-07-24,1532444400
5787,R_1C8w4NDDQC5fcgE,SHOES,2018-07-24,1532444400
5788,R_1C8w4NDDQC5fcgE,SEEDS_AND_PLANTS,2018-07-24,1532444400
5789,R_1C9YUFD8GunlGej,MEDICATION,2018-07-24,1532444400
5790,R_1CjWIsByjtP0GxZ,SHIRT,2018-07-24,1532444400
5791,R_1Hena1rUph3TnA3,PINATA,2018-07-24,1532444400
5792,R_1IN7vU4CWQnwLLx,PHYSICAL_MOVIE,2018-07-24,1532444400
5793,R_1IN7vU4CWQnwLLx,PIERCING_JEWELRY,2018-07-24,1532444400
5794,R_1IN7vU4CWQnwLLx,PERSONAL_FLOTATION_DEVICE,2018-07-24,1532444400
5795,R_1IN7vU4CWQnwLLx,SCREEN_PROTECTOR,2018-07-24,1532444400
5796,R_1NCzj2eSHI4QGcd,MOTORCYCLE_ACCESSORY,2018-07-24,1532444400
5797,R_1NCzj2eSHI4QGcd,TOYS_AND_GAMES,2018-07-24,1532444400
5798,R_1NDq0rxoUSu6oyz,MEDICATION,2018-07-24,1532444400
5799,R_1NDq0rxoUSu6oyz,UNDERPANTS,2018-07-24,1532444400
5800,R_1NDq0rxoUSu6oyz,ABIS_BOOK,2018-07-24,1532444400
5801,R_1OMKeKICcW0F652,ABIS_BOOK,2018-07-24,1532444400
5802,R_1OMKeKICcW0F652,BABY_SEAT,2018-07-24,1532444400
5803,R_1Q62CIVb2WAS8hB,ELECTRONIC_CABLE,2018-07-24,1532444400
5804,R_1Q62CIVb2WAS8hB,SKIN_CLEANING_AGENT,2018-07-24,1532444400
5805,R_1Qyzwfx5HrXdw4U,DRINK_COASTER,2018-07-24,1532444400
5806,R_1exepO2lYqHFR9q,COMPUTER_SPEAKER,2018-07-24,1532444400
5807,R_1f1PzEZw8H2N4zm,ELECTRONIC_CABLE,2018-07-24,1532444400
5808,R_1gdxq5ThtPhD06I,JEWELRY_FINDING,2018-07-24,1532444400
5809,R_1gwL8QZGzhV0g3G,SUNSCREEN,2018-07-24,1532444400
5810,R_1hMV4AHCk04WO5V,MEDICATION,2018-07-24,1532444400
5811,R_1jdLI5cWhAhAzSB,VEHICLE_SEAT_COVER,2018-07-24,1532444400
5812,R_1psTlOFeWx4gWdX,KEYCHAIN,2018-07-24,1532444400
5813,R_1pu4x2PBb4LrSWk,HARD_DRIVE_ENCLOSURE,2018-07-24,1532444400
5814,R_1pu4x2PBb4LrSWk,TOYS_AND_GAMES,2018-07-24,1532444400
5815,R_1pu4x2PBb4LrSWk,SHOES,2018-07-24,1532444400
5816,R_1pu4x2PBb4LrSWk,PHYSICAL_VIDEO_GAME_SOFTWARE,2018-07-24,1532444400
5817,R_1pu4x2PBb4LrSWk,MEDICATION,2018-07-24,1532444400
5818,R_1pu4x2PBb4LrSWk,SUGAR_SUBSTITUTE,2018-07-24,1532444400
5819,R_1pu4x2PBb4LrSWk,CLEANING_AGENT,2018-07-24,1532444400
5820,R_1q4eVtHN10S5gPB,COOKIE_CUTTER,2018-07-24,1532444400
5821,R_1rq9oimamSF6rsF,SAW_BLADE,2018-07-24,1532444400
5822,R_1rq9oimamSF6rsF,GUITARS,2018-07-24,1532444400
5823,R_1zVJnDAfoFLamOd,HAIR_CLEANER_CONDITIONER,2018-07-24,1532444400
5824,R_1zVJnDAfoFLamOd,HEADPHONES,2018-07-24,1532444400
5825,R_20Z3XrmdVrFDp3r,NAIL_POWDER,2018-07-24,1532444400
5826,R_25z5LHPaAsxktx7,PLAY_SLIDE,2018-07-24,1532444400
5827,R_27B5jMHYqArQV6X,MEDICATION,2018-07-24,1532444400
5828,R_27g6uEEgxm7kwNu,CARGO_STRAP,2018-07-24,1532444400
5829,R_2CpozrevorP48sb,SHEET_PAN,2018-07-24,1532444400
5830,R_2CpozrevorP48sb,PANTS,2018-07-24,1532444400
5831,R_2DMQ4Npnlu3WWyq,DISHWASHER_DETERGENT,2018-07-24,1532444400
5832,R_2EglJpTWGEiwQYa,PANTS,2018-07-24,1532444400
5833,R_2EglJpTWGEiwQYa,SKIN_PROTECTANT,2018-07-24,1532444400
5834,R_2EglJpTWGEiwQYa,CELLULAR_PHONE_CASE,2018-07-24,1532444400
5835,R_2QLMv0UtT8vuLkB,CHAIR,2018-07-24,1532444400
5836,R_2RUDh7piHU7frzt,REMOTE_CONTROL,2018-07-24,1532444400
5837,R_2RUDh7piHU7frzt,TABLETOP_GAME,2018-07-24,1532444400
5838,R_2TnuiSdfJ77v7e9,ELECTRONIC_ADAPTER,2018-07-24,1532444400
5839,R_2TnuiSdfJ77v7e9,SHIRT,2018-07-24,1532444400
5840,R_2UctLzmpg4UJRZu,AMAZON_TABLET,2018-07-24,1532444400
5841,R_2VL8e1BX9FsuiCT,HEALTH_PERSONAL_CARE,2018-07-24,1532444400
5842,R_2VwjXhJ5OznStEi,BATTERY,2018-07-24,1532444400
5843,R_2VwjXhJ5OznStEi,HERBAL_SUPPLEMENT,2018-07-24,1532444400
5844,R_2VwjXhJ5OznStEi,SKIN_CLEANING_AGENT,2018-07-24,1532444400
5845,R_2XoI6KbLJRGFz5X,ABIS_BOOK,2018-07-24,1532444400
5846,R_2XoI6KbLJRGFz5X,INPUT_PEN,2018-07-24,1532444400
5847,R_2XoI6KbLJRGFz5X,TOOTHBRUSH_HOLDER,2018-07-24,1532444400
5848,R_2YVQQRVSdj7M8Va,BRA,2018-07-24,1532444400
5849,R_2aKrOq0DBielcig,TASK_TRAY,2018-07-24,1532444400
5850,R_2aKrOq0DBielcig,PERSONAL_FRAGRANCE,2018-07-24,1532444400
5851,R_2cvmrv8q51q8yh1,MISC_OTHER,2018-07-24,1532444400
5852,R_2ebzj3o225IisIQ,LIGHT_BULB,2018-07-24,1532444400
5853,R_2ebzj3o225IisIQ,ELECTRONIC_CABLE,2018-07-24,1532444400
5854,R_2ebzj3o225IisIQ,GROCERY,2018-07-24,1532444400
5855,R_2qD8ep8d313iLj4,NUTRITIONAL_SUPPLEMENT,2018-07-24,1532444400
5856,R_2sSaxHDwxRTJZP3,PHYSICAL_MOVIE,2018-07-24,1532444400
5857,R_2sSaxHDwxRTJZP3,ABIS_BOOK,2018-07-24,1532444400
5858,R_2ugDyrE1yi1FjvH,OIL_FILTER,2018-07-24,1532444400
5859,R_2ugDyrE1yi1FjvH,VEHICLE_BRAKE_PAD,2018-07-24,1532444400
5860,R_2ugDyrE1yi1FjvH,BATTERY,2018-07-24,1532444400
5861,R_2vYeXyFdrSyrVwh,EXERCISE_STRAP,2018-07-24,1532444400
5862,R_2vYeXyFdrSyrVwh,CHAIR,2018-07-24,1532444400
5863,R_2xLvxRKX2448l9k,CABLE_TIE,2018-07-24,1532444400
5864,R_2y7p58Cp5veeRa6,CHANGING_PAD,2018-07-24,1532444400
5865,R_2z7rLZb69WuqDdf,SHIRT,2018-07-24,1532444400
5866,R_32LAHRoBCbjkYZj,BATTERY,2018-07-24,1532444400
5867,R_3G1gYo1d23Zq8Np,PHYSICAL_MOVIE,2018-07-24,1532444400
5868,R_3HzRfw5sNEvrFRf,GUITARS,2018-07-24,1532444400
5869,R_3JFAj4jTW4qftb2,FILE_FOLDER,2018-07-24,1532444400
5870,R_3JFAj4jTW4qftb2,ELECTRONIC_CABLE,2018-07-24,1532444400
5871,R_3JJfhp7Z7vUO8K2,SKIN_MOISTURIZER,2018-07-24,1532444400
5872,R_3JJfhp7Z7vUO8K2,TOYS_AND_GAMES,2018-07-24,1532444400
5873,R_3Jl5q6tZJctgL8B,GROCERY,2018-07-24,1532444400
5874,R_3Jl5q6tZJctgL8B,SKIN_MOISTURIZER,2018-07-24,1532444400
5875,R_3Jl5q6tZJctgL8B,BODY_POSITIONER,2018-07-24,1532444400
5876,R_3Jl5q6tZJctgL8B,TOYS_AND_GAMES,2018-07-24,1532444400
5877,R_3Jl5q6tZJctgL8B,ELECTRONIC_CABLE,2018-07-24,1532444400
5878,R_3Jl5q6tZJctgL8B,SKIN_MOISTURIZER,2018-07-24,1532444400
5879,R_3Jl5q6tZJctgL8B,UNINTERRUPTIBLE_POWER_SUPPLY,2018-07-24,1532444400
5880,R_3L8dgu12mdk2UVH,PROTEIN_SUPPLEMENT_POWDER,2018-07-24,1532444400
5881,R_3L8dgu12mdk2UVH,HERBAL_SUPPLEMENT,2018-07-24,1532444400
5882,R_3L8dgu12mdk2UVH,ABIS_BOOK,2018-07-24,1532444400
5883,R_3M0euO2kPnoHrdt,SCREEN_PROTECTOR,2018-07-24,1532444400
5884,R_3Mc9nZhk6fg7b8z,NUTRITIONAL_SUPPLEMENT,2018-07-24,1532444400
5885,R_3MhBAq6V6XHU9ln,HOME,2018-07-24,1532444400
5886,R_3MsBFFMO0AQslDO,SOCKS,2018-07-24,1532444400
5887,R_3MyEdXOZ8P75S1V,MOUTHWASH,2018-07-24,1532444400
5888,R_3MyEdXOZ8P75S1V,SHIRT,2018-07-24,1532444400
5889,R_3MyEdXOZ8P75S1V,ANIMAL_MEDICATION,2018-07-24,1532444400
5890,R_3OfwQrDNFhWjGWG,PANTS,2018-07-24,1532444400
5891,R_3OfwQrDNFhWjGWG,MEDICATION,2018-07-24,1532444400
5892,R_3OfwQrDNFhWjGWG,HARDWARE_TUBING,2018-07-24,1532444400
5893,R_3PjlivvZHpECDkS,SCREEN_PROTECTOR,2018-07-24,1532444400
5894,R_3PjlivvZHpECDkS,HEALTH_PERSONAL_CARE,2018-07-24,1532444400
5895,R_3PjlivvZHpECDkS,PHYSICAL_SOFTWARE,2018-07-24,1532444400
5896,R_3PjlivvZHpECDkS,ANIMAL_CARRIER,2018-07-24,1532444400
5897,R_3PuErkwk0nhqeG4,PRINT_COPY_PAPER,2018-07-24,1532444400
5898,R_3Pwa112XZRRejbA,HARDWARE,2018-07-24,1532444400
5899,R_3Pwa112XZRRejbA,SHIRT,2018-07-24,1532444400
5900,R_3Pwa112XZRRejbA,FOOD_BIB,2018-07-24,1532444400
5901,R_3Pwa112XZRRejbA,CELLULAR_PHONE_CASE,2018-07-24,1532444400
5902,R_3RmDOazalOu0F1L,NUT_BUTTER,2018-07-24,1532444400
5903,R_3e82J7pYxj5XP7j,TOYS_AND_GAMES,2018-07-24,1532444400
5904,R_3e82J7pYxj5XP7j,MEDICATION,2018-07-24,1532444400
5905,R_3e82J7pYxj5XP7j,ICE_CUBE_TRAY,2018-07-24,1532444400
5906,R_3enuyEOsaEVxTNX,PET_FOOD,2018-07-24,1532444400
5907,R_3exlTi02vMuoy59,ABIS_BOOK,2018-07-24,1532444400
5908,R_3exlTi02vMuoy59,HEADPHONES,2018-07-24,1532444400
5909,R_3g6FdS9TC745S4Y,PITCHER,2018-07-24,1532444400
5910,R_3g6FdS9TC745S4Y,SHIRT,2018-07-24,1532444400
5911,R_3g6FdS9TC745S4Y,PET_FOOD,2018-07-24,1532444400
5912,R_3g6FdS9TC745S4Y,EPILATOR,2018-07-24,1532444400
5913,R_3g6FdS9TC745S4Y,SCREEN_PROTECTOR,2018-07-24,1532444400
5914,R_3g6FdS9TC745S4Y,PROFESSIONAL_HEALTHCARE,2018-07-24,1532444400
5915,R_3g6FdS9TC745S4Y,PET_FOOD,2018-07-24,1532444400
5916,R_3g6FdS9TC745S4Y,SURFACE_PROTECTION_WAX,2018-07-24,1532444400
5917,R_3g6FdS9TC745S4Y,AUTO_BATTERY,2018-07-24,1532444400
5918,R_3h4JnsfebywTUxX,DRAWER_SLIDE,2018-07-24,1532444400
5919,R_3hAWVPrKOvOzR1e,JERKY,2018-07-24,1532444400
5920,R_3hAWVPrKOvOzR1e,SNACK_FOOD_BAR,2018-07-24,1532444400
5921,R_3iydBpfsKD9jRTq,MEDICATION,2018-07-24,1532444400
5922,R_3iydBpfsKD9jRTq,GROCERY,2018-07-24,1532444400
5923,R_3iydBpfsKD9jRTq,PACKAGED_SOUP_AND_STEW,2018-07-24,1532444400
5924,R_3iydBpfsKD9jRTq,SKIN_CLEANING_AGENT,2018-07-24,1532444400
5925,R_3m3H4mwZ2snYFua,SHOES,2018-07-24,1532444400
5926,R_3nH1Odp9Yjm86gN,REMOTE_CONTROL,2018-07-24,1532444400
5927,R_3nH1Odp9Yjm86gN,CELLULAR_PHONE_CASE,2018-07-24,1532444400
5928,R_3oO3DoeTgXHrEzx,SHIRT,2018-07-24,1532444400
5929,R_3oO3DoeTgXHrEzx,NUTRITIONAL_SUPPLEMENT,2018-07-24,1532444400
5930,R_3oO3DoeTgXHrEzx,GROCERY,2018-07-24,1532444400
5931,R_3oO3DoeTgXHrEzx,HAIR_CLEANER_CONDITIONER,2018-07-24,1532444400
5932,R_3qTFp0FJqUeMhVZ,PET_SUPPLIES,2018-07-24,1532444400
5933,R_3qTFp0FJqUeMhVZ,SKIN_CLEANING_AGENT,2018-07-24,1532444400
5934,R_3qTFp0FJqUeMhVZ,ELECTRONIC_FINDER,2018-07-24,1532444400
5935,R_3qqdzQnCaBYHx9o,LIGHT_BULB_SOCKET,2018-07-24,1532444400
5936,R_3r0AnJHzPNt6fQ2,TOOLS,2018-07-24,1532444400
5937,R_3rV7kPHe9hVsMee,SCREEN_PROTECTOR,2018-07-24,1532444400
5938,R_3s07B19Gl5Ix56W,HARDWARE_CLAMP_VISE,2018-07-24,1532444400
5939,R_3s07B19Gl5Ix56W,SNACK_CHIP_AND_CRISP,2018-07-24,1532444400
5940,R_3socPWD3wXD0iDP,SCREEN_PROTECTOR,2018-07-24,1532444400
5941,R_4ONrU60VenuwARr,PET_PLAYPEN,2018-07-24,1532444400
5942,R_6yXSEznYlOrZwSB,TOYS_AND_GAMES,2018-07-24,1532444400
5943,R_85OdkeCoFP5daLL,VITAMIN,2018-07-24,1532444400
5944,R_85OdkeCoFP5daLL,PHYSICAL_MOVIE,2018-07-24,1532444400
5945,R_85OdkeCoFP5daLL,STEERING_WHEEL_COVER,2018-07-24,1532444400
5946,R_85OdkeCoFP5daLL,ELECTRONIC_CABLE,2018-07-24,1532444400
5947,R_85OdkeCoFP5daLL,PHYSICAL_MOVIE,2018-07-24,1532444400
5948,R_85OdkeCoFP5daLL,SHOELACE,2018-07-24,1532444400
5949,R_85OdkeCoFP5daLL,PLANTER,2018-07-24,1532444400
5950,R_85OdkeCoFP5daLL,PHYSICAL_MOVIE,2018-07-24,1532444400
5951,R_85OdkeCoFP5daLL,CADDY,2018-07-24,1532444400
5952,R_85OdkeCoFP5daLL,SKIN_MOISTURIZER,2018-07-24,1532444400
5953,R_85OdkeCoFP5daLL,PLANTER,2018-07-24,1532444400
5954,R_85OdkeCoFP5daLL,PANTS,2018-07-24,1532444400
5955,R_85OdkeCoFP5daLL,PANTS,2018-07-24,1532444400
5956,R_8CXcySQawXPuJwJ,TOYS_AND_GAMES,2018-07-24,1532444400
5957,R_8pMsG4P0RqzoSlz,PHYSICAL_GIFT_CARD,2018-07-24,1532444400
5958,R_8pMsG4P0RqzoSlz,LAMINATOR,2018-07-24,1532444400
5959,R_8piDwWBq7V7tyZb,RECREATION_BALL,2018-07-24,1532444400
5960,R_8piDwWBq7V7tyZb,PET_FOOD,2018-07-24,1532444400
5961,R_8piDwWBq7V7tyZb,HVAC_AIR_FILTER,2018-07-24,1532444400
5962,R_8piDwWBq7V7tyZb,PHYSICAL_VIDEO_GAME_SOFTWARE,2018-07-24,1532444400
5963,R_8piDwWBq7V7tyZb,SLIPPER,2018-07-24,1532444400
5964,R_8piDwWBq7V7tyZb,SHIRT,2018-07-24,1532444400
5965,R_8piDwWBq7V7tyZb,PANTS,2018-07-24,1532444400
5966,R_8piDwWBq7V7tyZb,SKIN_CLEANING_WIPE,2018-07-24,1532444400
5967,R_8vnpSkm79W7Jsv7,KITCHEN,2018-07-24,1532444400
5968,R_A5Mg9h1PiJL0Wyd,HAT,2018-07-24,1532444400
5969,R_A5Mg9h1PiJL0Wyd,PLAY_SLIDE,2018-07-24,1532444400
5970,R_A5Mg9h1PiJL0Wyd,CONDITIONER,2018-07-24,1532444400
5971,R_A5Mg9h1PiJL0Wyd,NETWORK_INTERFACE_CONTROLLER_ADAPTER,2018-07-24,1532444400
5972,R_A5Mg9h1PiJL0Wyd,BATTERY,2018-07-24,1532444400
5973,R_A5Mg9h1PiJL0Wyd,SKIN_CLEANING_AGENT,2018-07-24,1532444400
5974,R_A5Mg9h1PiJL0Wyd,ABIS_BOOK,2018-07-24,1532444400
5975,R_A5Mg9h1PiJL0Wyd,SCREEN_PROTECTOR,2018-07-24,1532444400
5976,R_DM3u1ro7eb4ws93,SHIRT,2018-07-24,1532444400
5977,R_DM3u1ro7eb4ws93,FABRIC,2018-07-24,1532444400
5978,R_DM3u1ro7eb4ws93,FLAME_WICK,2018-07-24,1532444400
5979,R_DM3u1ro7eb4ws93,FLAME_WICK,2018-07-24,1532444400
5980,R_DM3u1ro7eb4ws93,AREA_DEODORIZER,2018-07-24,1532444400
5981,R_DM3u1ro7eb4ws93,GROCERY,2018-07-24,1532444400
5982,R_DM3u1ro7eb4ws93,WALL_ART,2018-07-24,1532444400
5983,R_Djcs43mP6ReoYgN,VITAMIN,2018-07-24,1532444400
5984,R_DqTqoF539jfSsLf,CELLULAR_PHONE_CASE,2018-07-24,1532444400
5985,R_DqTqoF539jfSsLf,SLEEPING_MAT,2018-07-24,1532444400
5986,R_DqTqoF539jfSsLf,MINERAL_SUPPLEMENT,2018-07-24,1532444400
5987,R_SIWNWQmjel55jzP,HOME,2018-07-24,1532444400
5988,R_UEke64xAaOG3mTf,MOUSE_PAD,2018-07-24,1532444400
5989,R_UEke64xAaOG3mTf,SMALL_HOME_APPLIANCES,2018-07-24,1532444400
5990,R_Ui78k1hRGuGWhln,TOY_VEHICLE_SET,2018-07-24,1532444400
5991,R_WerZwuLkMK4zfVf,SNACK_FOOD_BAR,2018-07-24,1532444400
5992,R_WerZwuLkMK4zfVf,CLOCK,2018-07-24,1532444400
5993,R_WerZwuLkMK4zfVf,TOYS_AND_GAMES,2018-07-24,1532444400
5994,R_XYsrPCXL5N6boad,SHOES,2018-07-24,1532444400
5995,R_XYsrPCXL5N6boad,PHOTOGRAPHIC_LIGHTING,2018-07-24,1532444400
5996,R_b3NWnTBcFyWqXjH,SKIN_CLEANING_AGENT,2018-07-24,1532444400
5997,R_b3NWnTBcFyWqXjH,BATTERY,2018-07-24,1532444400
5998,R_s4I8huB9BOcWI5H,DISH_DRYING_MAT,2018-07-24,1532444400
5999,R_sGohXmtT8TjLibT,PET_FOOD,2018-07-24,1532444400
6000,R_sH8W9PyBq2swyLn,DRINK_FLAVORED,2018-07-24,1532444400
6001,R_tXHOaasrDjYwLO9,SKIN_MOISTURIZER,2018-07-24,1532444400
6002,R_xGwDp6qu8JCFdIJ,FURNITURE_FLOOR_PROTECTOR,2018-07-24,1532444400
6003,R_xGwDp6qu8JCFdIJ,TOYS_AND_GAMES,2018-07-24,1532444400
6004,R_xGwDp6qu8JCFdIJ,WALL_ART,2018-07-24,1532444400
6005,R_yC5ffbdBLVi93Pz,TOYS_AND_GAMES,2018-07-24,1532444400
6006,R_yrLrYUf4oFzOnjb,PRINTER,2018-07-24,1532444400
6007,R_yrLrYUf4oFzOnjb,CELLULAR_PHONE_CASE,2018-07-24,1532444400
6008,R_yrLrYUf4oFzOnjb,PHYSICAL_MOVIE,2018-07-24,1532444400
6009,R_0pRmRjHkwStzNQJ,DRINKING_CUP,2018-07-25,1532530800
6010,R_1C8w4NDDQC5fcgE,OVERALLS,2018-07-25,1532530800
6011,R_1C9YUFD8GunlGej,PET_FOOD,2018-07-25,1532530800
6012,R_1E3TJBNJVtr3tcD,IRON_ON_TRANSFER_DESIGN,2018-07-25,1532530800
6013,R_1FJHvQm83j8lK35,TOYS_AND_GAMES,2018-07-25,1532530800
6014,R_1FJHvQm83j8lK35,PENCIL_SHARPENER,2018-07-25,1532530800
6015,R_1FJHvQm83j8lK35,PENCIL_SHARPENER,2018-07-25,1532530800
6016,R_1GghoTNZdgUeySl,MICROPHONE,2018-07-25,1532530800
6017,R_1GghoTNZdgUeySl,MICROPHONE,2018-07-25,1532530800
6018,R_1I4dnMKlrmtUP09,TOOTHBRUSH_HEAD,2018-07-25,1532530800
6019,R_1IZrt5CyqgTg2Qe,MECHANICAL_FASTENERS,2018-07-25,1532530800
6020,R_1IZrt5CyqgTg2Qe,BEAUTY,2018-07-25,1532530800
6021,R_1IaQCAaU1CcbXWO,WEIGH_SCALE,2018-07-25,1532530800
6022,R_1IaYiTSaUaD2W2i,PASTRY_BASTING_BRUSH,2018-07-25,1532530800
6023,R_1JLBP1fFf3p8tpy,MISC_OTHER,2018-07-25,1532530800
6024,R_1KkFs7rgWXlWf58,DRESSER,2018-07-25,1532530800
6025,R_1KxVDxZl2H0XoHS,CELLULAR_PHONE_CASE,2018-07-25,1532530800
6026,R_1MJSWPNY1QR0Q68,GROCERY,2018-07-25,1532530800
6027,R_1MJSWPNY1QR0Q68,REINFORCED_ART_SURFACE,2018-07-25,1532530800
6028,R_1NCzj2eSHI4QGcd,SHOES,2018-07-25,1532530800
6029,R_1Nh9okz5clSAlfl,PHYSICAL_MOVIE,2018-07-25,1532530800
6030,R_1Nh9okz5clSAlfl,SCREEN_PROTECTOR,2018-07-25,1532530800
6031,R_1OlyKZYuQUE5Cgc,PANTS,2018-07-25,1532530800
6032,R_1OlyKZYuQUE5Cgc,CAR_ELECTRONICS,2018-07-25,1532530800
6033,R_1OlyKZYuQUE5Cgc,MEDICATION,2018-07-25,1532530800
6034,R_1OlyKZYuQUE5Cgc,SCREEN_PROTECTOR,2018-07-25,1532530800
6035,R_1Oov0G05pkQnKNn,ELECTRONIC_CABLE,2018-07-25,1532530800
6036,R_1Oov0G05pkQnKNn,NUTRITIONAL_SUPPLEMENT,2018-07-25,1532530800
6037,R_1Oov0G05pkQnKNn,WATER_FLOTATION_DEVICE,2018-07-25,1532530800
6038,R_1Oov0G05pkQnKNn,NUTRITIONAL_SUPPLEMENT,2018-07-25,1532530800
6039,R_1Q9JeeKncbbLcz0,FISHING_HOOK,2018-07-25,1532530800
6040,R_1QupmKjSh9fA4l4,ABIS_DRUGSTORE,2018-07-25,1532530800
6041,R_1ig4LC2I0cwMCHk,COMPUTER_COMPONENT,2018-07-25,1532530800
6042,R_1l4zCtGUTvAWdS6,DRESS,2018-07-25,1532530800
6043,R_1mQrQ5EFGvbBRLb,ELECTRONIC_CABLE,2018-07-25,1532530800
6044,R_1n8h8059UUul8Dr,GROCERY,2018-07-25,1532530800
6045,R_1obwpb6iowh7vew,HOME,2018-07-25,1532530800
6046,R_1obwpb6iowh7vew,SCREEN_PROTECTOR,2018-07-25,1532530800
6047,R_1obwpb6iowh7vew,PET_FOOD,2018-07-25,1532530800
6048,R_1q4eVtHN10S5gPB,SHOES,2018-07-25,1532530800
6049,R_1q7GuBNrrAGdxx3,ELECTRIC_FAN,2018-07-25,1532530800
6050,R_1q7GuBNrrAGdxx3,SKIN_MOISTURIZER,2018-07-25,1532530800
6051,R_1q7GuBNrrAGdxx3,PET_SUPPLIES,2018-07-25,1532530800
6052,R_1q7GuBNrrAGdxx3,CELLULAR_PHONE_CASE,2018-07-25,1532530800
6053,R_1q7GuBNrrAGdxx3,PHYSICAL_MOVIE,2018-07-25,1532530800
6054,R_1q7GuBNrrAGdxx3,SNACK_FOOD_BAR,2018-07-25,1532530800
6055,R_1q7GuBNrrAGdxx3,SKIN_MOISTURIZER,2018-07-25,1532530800
6056,R_1q7GuBNrrAGdxx3,NOTEBOOK_COMPUTER,2018-07-25,1532530800
6057,R_1q7GuBNrrAGdxx3,CARRIER_BAG_CASE,2018-07-25,1532530800
6058,R_1q7GuBNrrAGdxx3,PHYSICAL_MOVIE,2018-07-25,1532530800
6059,R_1rNf6ssFroMth4I,SHOES,2018-07-25,1532530800
6060,R_20Yd9DvrGselmZY,COFFEE,2018-07-25,1532530800
6061,R_22QYpfx86KSwry8,CURTAIN_FASTENER,2018-07-25,1532530800
6062,R_22SxELlmhBQCe1C,SCREEN_PROTECTOR,2018-07-25,1532530800
6063,R_22SxELlmhBQCe1C,WAIST_CINCHER,2018-07-25,1532530800
6064,R_24csoaO569P4Yzz,PANTS,2018-07-25,1532530800
6065,R_24dbGLxukEKohG6,SHOES,2018-07-25,1532530800
6066,R_24dbGLxukEKohG6,CELLULAR_PHONE_CASE,2018-07-25,1532530800
6067,R_24dbGLxukEKohG6,SNACK_FOOD_BAR,2018-07-25,1532530800
6068,R_24dbGLxukEKohG6,SKIN_CLEANING_AGENT,2018-07-25,1532530800
6069,R_24dbGLxukEKohG6,SAFETY_MASK,2018-07-25,1532530800
6070,R_24dbGLxukEKohG6,NUTRITIONAL_SUPPLEMENT,2018-07-25,1532530800
6071,R_24dbGLxukEKohG6,DECORATIVE_MAGNET,2018-07-25,1532530800
6072,R_24dbGLxukEKohG6,TABLET_COMPUTER,2018-07-25,1532530800
6073,R_24dbGLxukEKohG6,UTILITY_SPONGE,2018-07-25,1532530800
6074,R_24dbGLxukEKohG6,SOAP_DISH,2018-07-25,1532530800
6075,R_24dbGLxukEKohG6,HEADPHONES,2018-07-25,1532530800
6076,R_25SbPPTyE45YzXP,AREA_DEODORIZER,2018-07-25,1532530800
6077,R_25YqaojEWt641sK,BREAKFAST_CEREAL,2018-07-25,1532530800
6078,R_27DL80quzRiSEmq,PERSONAL_FRAGRANCE,2018-07-25,1532530800
6079,R_28BST1zc80UaP2C,PHYSICAL_VIDEO_GAME_SOFTWARE,2018-07-25,1532530800
6080,R_28BST1zc80UaP2C,TOYS_AND_GAMES,2018-07-25,1532530800
6081,R_28BST1zc80UaP2C,VIDEO_GAME_CONTROLLER,2018-07-25,1532530800
6082,R_29uBVByYo0xAXiZ,SCREEN_PROTECTOR,2018-07-25,1532530800
6083,R_2CpozrevorP48sb,BOARD_GAME,2018-07-25,1532530800
6084,R_2DMQ4Npnlu3WWyq,BODY_POSITIONER,2018-07-25,1532530800
6085,R_2DMQ4Npnlu3WWyq,GPS_OR_NAVIGATION_SYSTEM,2018-07-25,1532530800
6086,R_2DMQ4Npnlu3WWyq,NUTRITIONAL_SUPPLEMENT,2018-07-25,1532530800
6087,R_2E9JSBmmNNT5YMi,PET_FOOD,2018-07-25,1532530800
6088,R_2OOq3ysdOS3TtBd,MEDICATION,2018-07-25,1532530800
6089,R_2OOq3ysdOS3TtBd,WINDOW_SHADE,2018-07-25,1532530800
6090,R_2OOq3ysdOS3TtBd,HEALTH_PERSONAL_CARE,2018-07-25,1532530800
6091,R_2QRMdwLStyElYoU,BREAD,2018-07-25,1532530800
6092,R_2TXBHPMwNAwKR7Q,TUNIC,2018-07-25,1532530800
6093,R_2TXBHPMwNAwKR7Q,CAPACITOR,2018-07-25,1532530800
6094,R_2VyUSFk11bbTVej,PET_FOOD,2018-07-25,1532530800
6095,R_2VyUSFk11bbTVej,SHIRT,2018-07-25,1532530800
6096,R_2WVIxBGaj1uOr8S,SPORT_EQUIPMENT_BAG_CASE,2018-07-25,1532530800
6097,R_2YKPfnktaDrPIYT,THERAPEUTIC_THERMAL_COMPRESS,2018-07-25,1532530800
6098,R_2YKPfnktaDrPIYT,HUMIDIFIER,2018-07-25,1532530800
6099,R_2YKPfnktaDrPIYT,SKIN_CLEANING_AGENT,2018-07-25,1532530800
6100,R_2YKPfnktaDrPIYT,HEADPHONES,2018-07-25,1532530800
6101,R_2YKPfnktaDrPIYT,CELLULAR_PHONE_CASE,2018-07-25,1532530800
6102,R_2YKPfnktaDrPIYT,BOTTLE,2018-07-25,1532530800
6103,R_2YKPfnktaDrPIYT,BOTTLE,2018-07-25,1532530800
6104,R_2ZTFfLAcuwm22Yh,HARDWARE_HANDLE,2018-07-25,1532530800
6105,R_2ZTFfLAcuwm22Yh,GROMMETS,2018-07-25,1532530800
6106,R_2cnNyjA4yHdU4ij,HAIR_COMB,2018-07-25,1532530800
6107,R_2cnNyjA4yHdU4ij,INCENSE,2018-07-25,1532530800
6108,R_2djaIfKORskyeuO,PANTS,2018-07-25,1532530800
6109,R_2djaIfKORskyeuO,ABIS_BOOK,2018-07-25,1532530800
6110,R_2dz3LTOMlLK2R8T,NUTRITIONAL_SUPPLEMENT,2018-07-25,1532530800
6111,R_2dz3LTOMlLK2R8T,ABIS_BOOK,2018-07-25,1532530800
6112,R_2dz3LTOMlLK2R8T,PET_TOY,2018-07-25,1532530800
6113,R_2dz3LTOMlLK2R8T,HEALTH_PERSONAL_CARE,2018-07-25,1532530800
6114,R_2dz3LTOMlLK2R8T,GRAPHIC_TABLET,2018-07-25,1532530800
6115,R_2ebzj3o225IisIQ,VITAMIN,2018-07-25,1532530800
6116,R_2ebzj3o225IisIQ,MOUSE_PAD,2018-07-25,1532530800
6117,R_2f7MFUqYnEv92pF,CELLULAR_PHONE_CASE,2018-07-25,1532530800
6118,R_2mAJniG0xVBIInL,ABIS_GIFT_CARD,2018-07-25,1532530800
6119,R_2mAJniG0xVBIInL,ABIS_GIFT_CARD,2018-07-25,1532530800
6120,R_2mAJniG0xVBIInL,TOYS_AND_GAMES,2018-07-25,1532530800
6121,R_2mAJniG0xVBIInL,PAINT_BRUSH,2018-07-25,1532530800
6122,R_2mAJniG0xVBIInL,PANTS,2018-07-25,1532530800
6123,R_2mAJniG0xVBIInL,BATTERY,2018-07-25,1532530800
6124,R_2mAJniG0xVBIInL,DRYER,2018-07-25,1532530800
6125,R_2qD8ep8d313iLj4,SLIPPER,2018-07-25,1532530800
6126,R_2r7Zl5CTeW1dMqd,SKIN_MOISTURIZER,2018-07-25,1532530800
6127,R_2r7Zl5CTeW1dMqd,ABIS_BOOK,2018-07-25,1532530800
6128,R_2s5YO3cdqKDFyIM,PET_FOOD,2018-07-25,1532530800
6129,R_2wFa9HKdZRkx33l,MEDICATION,2018-07-25,1532530800
6130,R_2wFa9HKdZRkx33l,O_RINGS,2018-07-25,1532530800
6131,R_2wmLE1q4FIpfioi,SHARP_PIN,2018-07-25,1532530800
6132,R_2wmLE1q4FIpfioi,STORAGE_BOX,2018-07-25,1532530800
6133,R_2xzc7JBNEgYNAqY,ABIS_BOOK,2018-07-25,1532530800
6134,R_2xzc7JBNEgYNAqY,HEADPHONES,2018-07-25,1532530800
6135,R_2zCmQhJtrw3xBtV,EDIBLE_OIL_ANIMAL,2018-07-25,1532530800
6136,R_2zCmQhJtrw3xBtV,GARDEN_TOOL_SET,2018-07-25,1532530800
6137,R_31QS1Ms6iQEU3mI,RESPIRATOR,2018-07-25,1532530800
6138,R_31QS1Ms6iQEU3mI,SKIN_CLEANING_AGENT,2018-07-25,1532530800
6139,R_31XTJUT1qHoBGRZ,SKIN_CLEANING_AGENT,2018-07-25,1532530800
6140,R_31XTJUT1qHoBGRZ,SHOELACE,2018-07-25,1532530800
6141,R_31XTJUT1qHoBGRZ,GROCERY,2018-07-25,1532530800
6142,R_31n2MLk9w05iLzN,GROCERY,2018-07-25,1532530800
6143,R_32UZncFA03IrQwQ,ABIS_BOOK,2018-07-25,1532530800
6144,R_33dxSOlpYwYOjFE,HANGING_ROD,2018-07-25,1532530800
6145,R_33dxSOlpYwYOjFE,STEAM_CLEANER,2018-07-25,1532530800
6146,R_33dxSOlpYwYOjFE,STEAM_CLEANER,2018-07-25,1532530800
6147,R_33dxSOlpYwYOjFE,EYEBROW_COLOR,2018-07-25,1532530800
6148,R_3D7xJuXSy25PXbg,ABIS_BOOK,2018-07-25,1532530800
6149,R_3EQ2dhEXGhy72Xx,SUITCASE,2018-07-25,1532530800
6150,R_3EQ2dhEXGhy72Xx,SCREEN_PROTECTOR,2018-07-25,1532530800
6151,R_3EbttwlSceKvWpl,MICROWAVE_OVEN,2018-07-25,1532530800
6152,R_3EbttwlSceKvWpl,PAINT,2018-07-25,1532530800
6153,R_3EbttwlSceKvWpl,FITTED_SHEET,2018-07-25,1532530800
6154,R_3EbttwlSceKvWpl,ANIMAL_WATER_DISPENSER,2018-07-25,1532530800
6155,R_3EbttwlSceKvWpl,KNITTING_NEEDLE,2018-07-25,1532530800
6156,R_3Ge2RzIsoM2g5lL,FOOD_COLORING,2018-07-25,1532530800
6157,R_3GqfePl8gH1VWP1,SKIN_MOISTURIZER,2018-07-25,1532530800
6158,R_3GqfePl8gH1VWP1,HARDWARE_BEARING,2018-07-25,1532530800
6159,R_3HLKIA2u3ZnY9lM,DRINKING_CUP,2018-07-25,1532530800
6160,R_3HLKIA2u3ZnY9lM,BICYCLE_CARGO_RACK,2018-07-25,1532530800
6161,R_3HvPXLfubbb9a6G,ELECTRICAL_OUTLET,2018-07-25,1532530800
6162,R_3Jxiicg67etW2yt,NUTRITIONAL_SUPPLEMENT,2018-07-25,1532530800
6163,R_3Jxiicg67etW2yt,TOYS_AND_GAMES,2018-07-25,1532530800
6164,R_3Jxiicg67etW2yt,HEALTH_PERSONAL_CARE,2018-07-25,1532530800
6165,R_3Jxiicg67etW2yt,HEADPHONES,2018-07-25,1532530800
6166,R_3Jxiicg67etW2yt,BOTTLE_NIPPLE,2018-07-25,1532530800
6167,R_3Jxiicg67etW2yt,TOY_BUILDING_BLOCK,2018-07-25,1532530800
6168,R_3Jxiicg67etW2yt,TOILET_PAPER,2018-07-25,1532530800
6169,R_3Jxiicg67etW2yt,ELECTRONIC_CABLE,2018-07-25,1532530800
6170,R_3Jxiicg67etW2yt,SHIRT,2018-07-25,1532530800
6171,R_3Kv8PUwM5KE3ZA2,MEDICATION,2018-07-25,1532530800
6172,R_3MMW2ivCFCtjHIe,SHOES,2018-07-25,1532530800
6173,R_3MgSphhiCDCqZgD,SHIRT,2018-07-25,1532530800
6174,R_3MhBAq6V6XHU9ln,MORTAR_AND_PESTLE_SET,2018-07-25,1532530800
6175,R_3MhBAq6V6XHU9ln,CLEANING_AGENT,2018-07-25,1532530800
6176,R_3NFhCSnuJa54Jn3,CELLULAR_PHONE_CASE,2018-07-25,1532530800
6177,R_3QJyUqWqLp8B7Jw,SNACK_FOOD_BAR,2018-07-25,1532530800
6178,R_3QJyUqWqLp8B7Jw,GROCERY,2018-07-25,1532530800
6179,R_3QJyUqWqLp8B7Jw,SCREEN_PROTECTOR,2018-07-25,1532530800
6180,R_3R3FfvTaRKxigNl,SNACK_FOOD_BAR,2018-07-25,1532530800
6181,R_3R3FfvTaRKxigNl,SKIN_CLEANING_AGENT,2018-07-25,1532530800
6182,R_3eh02tn8YjYcUoE,SKIN_EXFOLIANT,2018-07-25,1532530800
6183,R_3eh02tn8YjYcUoE,FURNITURE,2018-07-25,1532530800
6184,R_3eh02tn8YjYcUoE,STORAGE_BOX,2018-07-25,1532530800
6185,R_3eh02tn8YjYcUoE,PET_FOOD,2018-07-25,1532530800
6186,R_3eh02tn8YjYcUoE,PACIFIER,2018-07-25,1532530800
6187,R_3fBmKcLTAgFITMo,PROTECTIVE_GLOVE,2018-07-25,1532530800
6188,R_3gTrwWhEzAv6gzH,SCREEN_PROTECTOR,2018-07-25,1532530800
6189,R_3gTrwWhEzAv6gzH,SHIRT,2018-07-25,1532530800
6190,R_3h4JnsfebywTUxX,COLLECTIBLE_CARD,2018-07-25,1532530800
6191,R_3h4JnsfebywTUxX,INTERNAL_MEMORY,2018-07-25,1532530800
6192,R_3h4JnsfebywTUxX,ABIS_BOOK,2018-07-25,1532530800
6193,R_3h4JnsfebywTUxX,ABIS_BOOK,2018-07-25,1532530800
6194,R_3h4JnsfebywTUxX,HEALTH_PERSONAL_CARE,2018-07-25,1532530800
6195,R_3hsFBjto7aXqKY7,THERAPEUTIC_THERMAL_COMPRESS,2018-07-25,1532530800
6196,R_3hsFBjto7aXqKY7,SKIN_MOISTURIZER,2018-07-25,1532530800
6197,R_3hsFBjto7aXqKY7,SKIN_CLEANING_AGENT,2018-07-25,1532530800
6198,R_3hsFBjto7aXqKY7,SHOES,2018-07-25,1532530800
6199,R_3jYVNfQkzbtT9y0,HOME,2018-07-25,1532530800
6200,R_3oB0VIIWn6ZnPjN,SPORTING_GOODS,2018-07-25,1532530800
6201,R_3oB0VIIWn6ZnPjN,SINGLE_BOARD_COMPUTER,2018-07-25,1532530800
6202,R_3qTFp0FJqUeMhVZ,SKIN_MOISTURIZER,2018-07-25,1532530800
6203,R_3qTFp0FJqUeMhVZ,SCREEN_PROTECTOR,2018-07-25,1532530800
6204,R_3qTFp0FJqUeMhVZ,ABIS_BOOK,2018-07-25,1532530800
6205,R_3qjvaF4zWZz3obB,SPIRITS,2018-07-25,1532530800
6206,R_3qjvaF4zWZz3obB,VEHICLE_RAIL,2018-07-25,1532530800
6207,R_3qpxa4Aw8i6qG91,PORTABLE_AUDIO,2018-07-25,1532530800
6208,R_3qpxa4Aw8i6qG91,GARDEN_SHEAR_SCISSORS,2018-07-25,1532530800
6209,R_3qpxa4Aw8i6qG91,AUTO_ACCESSORY,2018-07-25,1532530800
6210,R_3s02y9lg8GCo9q0,SCREEN_PROTECTOR,2018-07-25,1532530800
6211,R_4PhRzF4UI9ooLh7,PET_PLACEMAT,2018-07-25,1532530800
6212,R_55BKHeW1aOzYOUp,VEHICLE_MIRROR,2018-07-25,1532530800
6213,R_6Jw0sPgGkHLnKkp,HANDLE_GRIP,2018-07-25,1532530800
6214,R_6gwxeBuC9V7nKsF,MEDICATION,2018-07-25,1532530800
6215,R_89aTM1JXN8SWr3b,OFFICE_PRODUCTS,2018-07-25,1532530800
6216,R_89aTM1JXN8SWr3b,BEVERAGE_DISPENSING_APPLIANCE,2018-07-25,1532530800
6217,R_89aTM1JXN8SWr3b,BREAD,2018-07-25,1532530800
6218,R_89aTM1JXN8SWr3b,ELECTRONIC_CABLE,2018-07-25,1532530800
6219,R_8CXcySQawXPuJwJ,PROTECTIVE_GLOVE,2018-07-25,1532530800
6220,R_8CXcySQawXPuJwJ,SHOES,2018-07-25,1532530800
6221,R_8CXcySQawXPuJwJ,CELLULAR_PHONE_CASE,2018-07-25,1532530800
6222,R_8CXcySQawXPuJwJ,CELLULAR_PHONE_CASE,2018-07-25,1532530800
6223,R_8CXcySQawXPuJwJ,STICKER_DECAL,2018-07-25,1532530800
6224,R_8CXcySQawXPuJwJ,PRINTER,2018-07-25,1532530800
6225,R_8cr0J12EMKs9NND,SNACK_FOOD_BAR,2018-07-25,1532530800
6226,R_8cr0J12EMKs9NND,FOOT_SCRAPER,2018-07-25,1532530800
6227,R_8cr0J12EMKs9NND,FILE_FOLDER,2018-07-25,1532530800
6228,R_8vnpSkm79W7Jsv7,VITAMIN,2018-07-25,1532530800
6229,R_8vnpSkm79W7Jsv7,KITCHEN,2018-07-25,1532530800
6230,R_9L8Lum5AaHh6bq9,SKIN_MOISTURIZER,2018-07-25,1532530800
6231,R_A5Mg9h1PiJL0Wyd,KITCHEN,2018-07-25,1532530800
6232,R_BWhnv4EdbhSS6rf,SWIMWEAR,2018-07-25,1532530800
6233,R_C1gEwoKxaLBh0eR,GROCERY,2018-07-25,1532530800
6234,R_C1gEwoKxaLBh0eR,FOOD_WRAP,2018-07-25,1532530800
6235,R_C1gEwoKxaLBh0eR,SHIRT,2018-07-25,1532530800
6236,R_C1gEwoKxaLBh0eR,HEALTH_PERSONAL_CARE,2018-07-25,1532530800
6237,R_C1gEwoKxaLBh0eR,VITAMIN,2018-07-25,1532530800
6238,R_OGN3QDO9930tfAl,SKIN_MOISTURIZER,2018-07-25,1532530800
6239,R_Odixb15Ykmxb0Dn,TABLECLOTH,2018-07-25,1532530800
6240,R_Odixb15Ykmxb0Dn,ELECTRONIC_CABLE,2018-07-25,1532530800
6241,R_OfntYUzw43qHbuF,BABY_PRODUCT,2018-07-25,1532530800
6242,R_OfntYUzw43qHbuF,ABIS_BOOK,2018-07-25,1532530800
6243,R_OfntYUzw43qHbuF,INSTRUMENT_PARTS_AND_ACCESSORIES,2018-07-25,1532530800
6244,R_PwlnzzccUMXV0n7,BODY_POSITIONER,2018-07-25,1532530800
6245,R_Rw7CA3irllJSRH3,VEST,2018-07-25,1532530800
6246,R_Rw7CA3irllJSRH3,GROCERY,2018-07-25,1532530800
6247,R_SIWNWQmjel55jzP,VITAMIN,2018-07-25,1532530800
6248,R_UFrfTy7RlXqKDOV,VITAMIN,2018-07-25,1532530800
6249,R_UWlLZdb69GeLobf,APPAREL_PIN,2018-07-25,1532530800
6250,R_UWlLZdb69GeLobf,BATTERY,2018-07-25,1532530800
6251,R_UlOQHrMf1EiWKQx,ABIS_BOOK,2018-07-25,1532530800
6252,R_Wj4UUQUNrJKEYKJ,AUTO_PART,2018-07-25,1532530800
6253,R_Wj4UUQUNrJKEYKJ,SCREEN_PROTECTOR,2018-07-25,1532530800
6254,R_b3dSUlk76L0C6TD,AREA_DEODORIZER,2018-07-25,1532530800
6255,R_b8UnkZJoU93ZxEB,ELECTRONIC_CABLE,2018-07-25,1532530800
6256,R_b8UnkZJoU93ZxEB,CHARGING_ADAPTER,2018-07-25,1532530800
6257,R_b8UnkZJoU93ZxEB,CELLULAR_PHONE_CASE,2018-07-25,1532530800
6258,R_bBgIkZfU6RwGLWF,BATTERY,2018-07-25,1532530800
6259,R_bJI8lmXMZWL6oql,SNACK_FOOD_BAR,2018-07-25,1532530800
6260,R_d5O7dqvA1EWCrPb,COMPUTER_ADD_ON,2018-07-25,1532530800
6261,R_e8KTElZZLWryLWp,SHARPS_DISPOSAL_CONTAINER,2018-07-25,1532530800
6262,R_r1oTDkv1OlGnNuN,VITAMIN,2018-07-25,1532530800
6263,R_r1oTDkv1OlGnNuN,SNACK_FOOD_BAR,2018-07-25,1532530800
6264,R_t0ccZ3CXpzqgSpr,AIR_FRYER,2018-07-25,1532530800
6265,R_u2EdYogSnJBrpex,SKIN_MOISTURIZER,2018-07-25,1532530800
6266,R_u2EdYogSnJBrpex,FIGURINE,2018-07-25,1532530800
6267,R_u2EdYogSnJBrpex,TWEEZER,2018-07-25,1532530800
6268,R_u2EdYogSnJBrpex,MATTRESS_COVER,2018-07-25,1532530800
6269,R_w5bE96azoKnM6Ih,ELECTRONIC_CABLE,2018-07-25,1532530800
6270,R_xDvEzzSGeDDkvU5,STANDALONE_STREAMING_MEDIA_PLAYER,2018-07-25,1532530800
6271,R_xsyCKTazvY4vHbz,MEDICATION,2018-07-25,1532530800
6272,R_z1mFB9Qp9HSTCIV,SHOES,2018-07-25,1532530800
6273,R_z1mFB9Qp9HSTCIV,COUNTERTOP_BURNER,2018-07-25,1532530800
6274,R_1C8w4NDDQC5fcgE,CHAIR_MAT,2018-07-26,1532617200
6275,R_1C8w4NDDQC5fcgE,REFRIGERATOR,2018-07-26,1532617200
6276,R_1C8w4NDDQC5fcgE,MEDICATION,2018-07-26,1532617200
6277,R_1C9YUFD8GunlGej,PET_FOOD,2018-07-26,1532617200
6278,R_1CDqTWLWIk642Vp,GPS_OR_NAVIGATION_SYSTEM,2018-07-26,1532617200
6279,R_1Cd5zmz07X5BqKa,WALKER,2018-07-26,1532617200
6280,R_1Cd5zmz07X5BqKa,GROCERY,2018-07-26,1532617200
6281,R_1I4dnMKlrmtUP09,HAIR_TRIMMER,2018-07-26,1532617200
6282,R_1I4dnMKlrmtUP09,TOOTHBRUSH_HEAD,2018-07-26,1532617200
6283,R_1I4dnMKlrmtUP09,HAIR_TRIMMER,2018-07-26,1532617200
6284,R_1IZBlduDFUJEphM,INSECT_REPELLENT,2018-07-26,1532617200
6285,R_1IZBlduDFUJEphM,SWIMWEAR,2018-07-26,1532617200
6286,R_1Kru2C0Zf28ZbQ0,VIVARIUM,2018-07-26,1532617200
6287,R_1Kru2C0Zf28ZbQ0,VIRTUAL_REALITY_HEADSET,2018-07-26,1532617200
6288,R_1KxVDxZl2H0XoHS,FRUIT_SNACK,2018-07-26,1532617200
6289,R_1KxVDxZl2H0XoHS,INPUT_OUTPUT_CARD,2018-07-26,1532617200
6290,R_1LRR1P5IQqdSvIP,HAND_SEWING_NEEDLE,2018-07-26,1532617200
6291,R_1NDq0rxoUSu6oyz,BATHTUB_SHOWER_MAT,2018-07-26,1532617200
6292,R_1QupmKjSh9fA4l4,BICYCLE_DERAILLEUR,2018-07-26,1532617200
6293,R_1Qyzwfx5HrXdw4U,BATTERY,2018-07-26,1532617200
6294,R_1Qyzwfx5HrXdw4U,SEWING_MACHINE,2018-07-26,1532617200
6295,R_1dppjLIFEdj7Kq5,PUMP_SPRAYER,2018-07-26,1532617200
6296,R_1dppjLIFEdj7Kq5,ELECTRONIC_CABLE,2018-07-26,1532617200
6297,R_1dyqbVnXomwItTl,PROFESSIONAL_HEALTHCARE,2018-07-26,1532617200
6298,R_1eLARPfQt7BNOE7,SUGAR_SUBSTITUTE,2018-07-26,1532617200
6299,R_1l6OglubZSTYfi3,HEADPHONES,2018-07-26,1532617200
6300,R_1l6OglubZSTYfi3,PILLOWCASE,2018-07-26,1532617200
6301,R_1mEmb9jWLRYCU4e,POWER_CORD,2018-07-26,1532617200
6302,R_1mEmb9jWLRYCU4e,SCREEN_PROTECTOR,2018-07-26,1532617200
6303,R_1mEmb9jWLRYCU4e,PROTEIN_SUPPLEMENT_POWDER,2018-07-26,1532617200
6304,R_1mEmb9jWLRYCU4e,COFFEE,2018-07-26,1532617200
6305,R_1mEmb9jWLRYCU4e,WIPER_BLADE,2018-07-26,1532617200
6306,R_1mEmb9jWLRYCU4e,CEREAL,2018-07-26,1532617200
6307,R_1mEmb9jWLRYCU4e,STEERING_WHEEL_COVER,2018-07-26,1532617200
6308,R_1mQrQ5EFGvbBRLb,MEDICATION,2018-07-26,1532617200
6309,R_1nZzu0Kj9WQ8P4x,BATTERY,2018-07-26,1532617200
6310,R_1nZzu0Kj9WQ8P4x,PHYSICAL_MOVIE,2018-07-26,1532617200
6311,R_1nZzu0Kj9WQ8P4x,HEALTH_PERSONAL_CARE,2018-07-26,1532617200
6312,R_1nZzu0Kj9WQ8P4x,SHIRT,2018-07-26,1532617200
6313,R_1nZzu0Kj9WQ8P4x,SKIN_MOISTURIZER,2018-07-26,1532617200
6314,R_1oFSDeGAQcUN2v8,SANITARY_NAPKIN,2018-07-26,1532617200
6315,R_1obwpb6iowh7vew,SNACK_FOOD_BAR,2018-07-26,1532617200
6316,R_1obwpb6iowh7vew,SHOES,2018-07-26,1532617200
6317,R_1obwpb6iowh7vew,SUGAR_SUBSTITUTE,2018-07-26,1532617200
6318,R_1ouRfsTlr2iWPge,PILLOW,2018-07-26,1532617200
6319,R_1ouRfsTlr2iWPge,CURTAIN,2018-07-26,1532617200
6320,R_1ouRfsTlr2iWPge,SHELF,2018-07-26,1532617200
6321,R_1zVJnDAfoFLamOd,SHAMPOO,2018-07-26,1532617200
6322,R_20O6baqxT4T2CbA,BATTERY,2018-07-26,1532617200
6323,R_20S7crqtX9XLeBx,SOCKS,2018-07-26,1532617200
6324,R_20Yd9DvrGselmZY,MEDICATION,2018-07-26,1532617200
6325,R_20Yd9DvrGselmZY,SHOES,2018-07-26,1532617200
6326,R_24P0vykrD1RJG07,HEALTH_PERSONAL_CARE,2018-07-26,1532617200
6327,R_25z5LHPaAsxktx7,HEADPHONES,2018-07-26,1532617200
6328,R_25z5LHPaAsxktx7,SKIN_CLEANING_AGENT,2018-07-26,1532617200
6329,R_27lE2A8TyANjHWE,CONFETTI,2018-07-26,1532617200
6330,R_27lE2A8TyANjHWE,SHIRT,2018-07-26,1532617200
6331,R_27lE2A8TyANjHWE,TOY_FIGURE_PLAYSET,2018-07-26,1532617200
6332,R_2DNtqbBKGHzSDN9,HEALTH_PERSONAL_CARE,2018-07-26,1532617200
6333,R_2DNtqbBKGHzSDN9,TOW_HITCH,2018-07-26,1532617200
6334,R_2DNtqbBKGHzSDN9,SHIRT,2018-07-26,1532617200
6335,R_2DNtqbBKGHzSDN9,ABIS_BOOK,2018-07-26,1532617200
6336,R_2DV0bsqugjyav1y,SHOES,2018-07-26,1532617200
6337,R_2DV0bsqugjyav1y,GUILD_HOME,2018-07-26,1532617200
6338,R_2En0sbvQ7s48ufv,SOCKS,2018-07-26,1532617200
6339,R_2WAagX64hf1kdMI,PANTRY,2018-07-26,1532617200
6340,R_2WAagX64hf1kdMI,ROTARY_TOOL,2018-07-26,1532617200
6341,R_2WwzM8WiFsk4o3g,SOLDERING_IRON,2018-07-26,1532617200
6342,R_2YeJ7ZNQ5xBFmxw,SKIN_MOISTURIZER,2018-07-26,1532617200
6343,R_2ZEoREY3x7s7zEM,COOLING_RACK,2018-07-26,1532617200
6344,R_2ZOgImZ5BSZcQoz,PHYSICAL_MOVIE,2018-07-26,1532617200
6345,R_2djaIfKORskyeuO,SHOES,2018-07-26,1532617200
6346,R_2fD6Jy2muMgaubH,NUTRITIONAL_SUPPLEMENT,2018-07-26,1532617200
6347,R_2qD8ep8d313iLj4,MEDICATION,2018-07-26,1532617200
6348,R_2qD8ep8d313iLj4,MEDICATION,2018-07-26,1532617200
6349,R_2taM3mpNPF0o1yf,SUNGLASSES,2018-07-26,1532617200
6350,R_2taM3mpNPF0o1yf,CELLULAR_PHONE_CASE,2018-07-26,1532617200
6351,R_2taM3mpNPF0o1yf,HEALTH_PERSONAL_CARE,2018-07-26,1532617200
6352,R_2tfHzrdo6EEaiWi,DECORATIVE_RIBBON_TRIM,2018-07-26,1532617200
6353,R_2tfh4rvpUWWJndF,BATHWATER_ADDITIVE,2018-07-26,1532617200
6354,R_2uTysluImvxkQBY,PANTS,2018-07-26,1532617200
6355,R_2uTysluImvxkQBY,INSECT_REPELLENT,2018-07-26,1532617200
6356,R_2uTysluImvxkQBY,NUTRITIONAL_SUPPLEMENT,2018-07-26,1532617200
6357,R_2wagDt0ZaSu1p8q,WRITING_INSTRUMENT,2018-07-26,1532617200
6358,R_2wagDt0ZaSu1p8q,CELLULAR_PHONE_CASE,2018-07-26,1532617200
6359,R_2yplkUxhAWZaFUL,SKIN_CLEANING_AGENT,2018-07-26,1532617200
6360,R_2yplkUxhAWZaFUL,SHIRT,2018-07-26,1532617200
6361,R_2z7rLZb69WuqDdf,SHAMPOO,2018-07-26,1532617200
6362,R_2z7rLZb69WuqDdf,INCONTINENCE_PROTECTOR,2018-07-26,1532617200
6363,R_2z7rLZb69WuqDdf,PHYSICAL_MOVIE,2018-07-26,1532617200
6364,R_2z7rLZb69WuqDdf,PICTURE_HANGER,2018-07-26,1532617200
6365,R_31XTJUT1qHoBGRZ,CAN_OPENER,2018-07-26,1532617200
6366,R_31ZxYxyOSie94bK,JERKY,2018-07-26,1532617200
6367,R_31ZxYxyOSie94bK,PUFFED_SNACK,2018-07-26,1532617200
6368,R_31ZxYxyOSie94bK,ELECTRONIC_CABLE,2018-07-26,1532617200
6369,R_31ZxYxyOSie94bK,JERKY,2018-07-26,1532617200
6370,R_31ZxYxyOSie94bK,NUT_AND_SEED,2018-07-26,1532617200
6371,R_31ZxYxyOSie94bK,TOYS_AND_GAMES,2018-07-26,1532617200
6372,R_31ZxYxyOSie94bK,ENVELOPE,2018-07-26,1532617200
6373,R_31ZxYxyOSie94bK,SWEATSHIRT,2018-07-26,1532617200
6374,R_31ZxYxyOSie94bK,HEALTH_PERSONAL_CARE,2018-07-26,1532617200
6375,R_31ZxYxyOSie94bK,HEALTH_PERSONAL_CARE,2018-07-26,1532617200
6376,R_32LAHRoBCbjkYZj,WRITING_INSTRUMENT,2018-07-26,1532617200
6377,R_33jcUkAZ8knoq82,SUNGLASSES,2018-07-26,1532617200
6378,R_3G7BILj5lidHb8M,ELECTRONIC_SENSOR,2018-07-26,1532617200
6379,R_3Ge2RzIsoM2g5lL,FOOD_OR_BEVERAGE_WARMER,2018-07-26,1532617200
6380,R_3Ge2RzIsoM2g5lL,SKIN_CLEANING_AGENT,2018-07-26,1532617200
6381,R_3GqfePl8gH1VWP1,SOCKS,2018-07-26,1532617200
6382,R_3Hphzg7zu04Hgy1,PANTS,2018-07-26,1532617200
6383,R_3Hphzg7zu04Hgy1,SHIRT,2018-07-26,1532617200
6384,R_3Hphzg7zu04Hgy1,DISH_DRYING_MAT,2018-07-26,1532617200
6385,R_3HzhKIwCcybjVbM,PUMP_SPRAYER,2018-07-26,1532617200
6386,R_3I0sWpLFEyMMVOV,COSMETIC_CASE,2018-07-26,1532617200
6387,R_3I0sWpLFEyMMVOV,TOYS_AND_GAMES,2018-07-26,1532617200
6388,R_3I0sWpLFEyMMVOV,HEALTH_PERSONAL_CARE,2018-07-26,1532617200
6389,R_3IQQB0Dtvv9riqZ,PET_FOOD,2018-07-26,1532617200
6390,R_3IQQB0Dtvv9riqZ,MEDICATION,2018-07-26,1532617200
6391,R_3IQQB0Dtvv9riqZ,HOLE_PUNCH,2018-07-26,1532617200
6392,R_3IQQB0Dtvv9riqZ,SUGAR_CANDY,2018-07-26,1532617200
6393,R_3IQQB0Dtvv9riqZ,SANITARY_NAPKIN,2018-07-26,1532617200
6394,R_3IQQB0Dtvv9riqZ,HEALTH_PERSONAL_CARE,2018-07-26,1532617200
6395,R_3IQQB0Dtvv9riqZ,SUGAR_CANDY,2018-07-26,1532617200
6396,R_3IQQB0Dtvv9riqZ,SELF_STICK_NOTE,2018-07-26,1532617200
6397,R_3IQQB0Dtvv9riqZ,CHARM,2018-07-26,1532617200
6398,R_3IQQB0Dtvv9riqZ,HEADPHONES,2018-07-26,1532617200
6399,R_3IQQB0Dtvv9riqZ,SELF_STICK_NOTE,2018-07-26,1532617200
6400,R_3IQQB0Dtvv9riqZ,HERBAL_SUPPLEMENT,2018-07-26,1532617200
6401,R_3IQQB0Dtvv9riqZ,BLADED_FOOD_PEELER,2018-07-26,1532617200
6402,R_3IQQB0Dtvv9riqZ,SHIRT,2018-07-26,1532617200
6403,R_3IQQB0Dtvv9riqZ,PANTS,2018-07-26,1532617200
6404,R_3IQQB0Dtvv9riqZ,HOLE_PUNCH,2018-07-26,1532617200
6405,R_3IQQB0Dtvv9riqZ,BATTERY,2018-07-26,1532617200
6406,R_3IQQB0Dtvv9riqZ,HEADPHONES,2018-07-26,1532617200
6407,R_3Jxiicg67etW2yt,NUTRITIONAL_SUPPLEMENT,2018-07-26,1532617200
6408,R_3L8dgu12mdk2UVH,SCREEN_PROTECTOR,2018-07-26,1532617200
6409,R_3LXRVZSdJiqH63S,BATTERY,2018-07-26,1532617200
6410,R_3MhBAq6V6XHU9ln,CRAFT_HOOP_FRAME,2018-07-26,1532617200
6411,R_3PcameSHVD10BZP,SHARPS_DISPOSAL_CONTAINER,2018-07-26,1532617200
6412,R_3PcameSHVD10BZP,SONAR_FATHOMETER,2018-07-26,1532617200
6413,R_3PcameSHVD10BZP,ONBOARD_CAMERA,2018-07-26,1532617200
6414,R_3RmDOazalOu0F1L,TOYS_AND_GAMES,2018-07-26,1532617200
6415,R_3eh02tn8YjYcUoE,CELLULAR_PHONE_CASE,2018-07-26,1532617200
6416,R_3eh02tn8YjYcUoE,DART_FLIGHT,2018-07-26,1532617200
6417,R_3eh02tn8YjYcUoE,SHOES,2018-07-26,1532617200
6418,R_3eh02tn8YjYcUoE,NAIL_CLIPPER,2018-07-26,1532617200
6419,R_3eh02tn8YjYcUoE,PENCIL_SHARPENER,2018-07-26,1532617200
6420,R_3emMy2Kk6GA8xPd,MEDICATION,2018-07-26,1532617200
6421,R_3emmbwwsXsxt4Oj,VIDEO_DVD,2018-07-26,1532617200
6422,R_3g1vpqtwzgBUs93,RAKE,2018-07-26,1532617200
6423,R_3gTrwWhEzAv6gzH,SWEATBAND,2018-07-26,1532617200
6424,R_3iydBpfsKD9jRTq,SYRUP,2018-07-26,1532617200
6425,R_3iydBpfsKD9jRTq,BATHING_SPONGE,2018-07-26,1532617200
6426,R_3iydBpfsKD9jRTq,SKIN_CLEANING_AGENT,2018-07-26,1532617200
6427,R_3iydBpfsKD9jRTq,NAIL_FILE,2018-07-26,1532617200
6428,R_3iydBpfsKD9jRTq,FIDGET_TOY,2018-07-26,1532617200
6429,R_3lXswIAy7Qq6UEZ,PHYSICAL_MOVIE,2018-07-26,1532617200
6430,R_3lXswIAy7Qq6UEZ,PORTABLE_ELECTRONIC_DEVICE_COVER,2018-07-26,1532617200
6431,R_3lXswIAy7Qq6UEZ,GROCERY,2018-07-26,1532617200
6432,R_3lXswIAy7Qq6UEZ,LIQUID_FUEL_CONTAINER,2018-07-26,1532617200
6433,R_3lXswIAy7Qq6UEZ,HEALTH_PERSONAL_CARE,2018-07-26,1532617200
6434,R_3lXswIAy7Qq6UEZ,ANTENNA,2018-07-26,1532617200
6435,R_3lXswIAy7Qq6UEZ,PANTS,2018-07-26,1532617200
6436,R_3lXswIAy7Qq6UEZ,STATIONARY_BICYCLE,2018-07-26,1532617200
6437,R_3lXswIAy7Qq6UEZ,GARMENT_STEAMER,2018-07-26,1532617200
6438,R_3m3H4mwZ2snYFua,HVAC_AIR_FILTER,2018-07-26,1532617200
6439,R_3oB0VIIWn6ZnPjN,ITEM_STAND,2018-07-26,1532617200
6440,R_3qTFp0FJqUeMhVZ,PORTABLE_ELECTRONIC_DEVICE_COVER,2018-07-26,1532617200
6441,R_3qTFp0FJqUeMhVZ,MAPS,2018-07-26,1532617200
6442,R_3qTFp0FJqUeMhVZ,BLOOD_LANCET,2018-07-26,1532617200
6443,R_3qTFp0FJqUeMhVZ,VITAMIN,2018-07-26,1532617200
6444,R_3qTFp0FJqUeMhVZ,SHOES,2018-07-26,1532617200
6445,R_3qTFp0FJqUeMhVZ,ELECTRONIC_FINDER,2018-07-26,1532617200
6446,R_3qTFp0FJqUeMhVZ,CELLULAR_PHONE_CASE,2018-07-26,1532617200
6447,R_3qTFp0FJqUeMhVZ,HEALTH_PERSONAL_CARE,2018-07-26,1532617200
6448,R_3qlnIILTEuzSyGe,WRENCH,2018-07-26,1532617200
6449,R_3qlnIILTEuzSyGe,MEAL_REPLACEMENT_BEVERAGE,2018-07-26,1532617200
6450,R_3qlnIILTEuzSyGe,SKIN_CLEANING_AGENT,2018-07-26,1532617200
6451,R_3qlnIILTEuzSyGe,PET_ACTIVITY_STRUCTURE,2018-07-26,1532617200
6452,R_3qlnIILTEuzSyGe,AUTO_PART,2018-07-26,1532617200
6453,R_3qlnIILTEuzSyGe,SHIRT,2018-07-26,1532617200
6454,R_3qlnIILTEuzSyGe,HAND_SEWING_NEEDLE,2018-07-26,1532617200
6455,R_3qlnIILTEuzSyGe,PET_FOOD,2018-07-26,1532617200
6456,R_5uabKnJBMc7HyEN,BATTERY,2018-07-26,1532617200
6457,R_8pMsG4P0RqzoSlz,HARDWARE_TUBING,2018-07-26,1532617200
6458,R_8pMsG4P0RqzoSlz,NUTRITIONAL_SUPPLEMENT,2018-07-26,1532617200
6459,R_9L8Lum5AaHh6bq9,LIP_BALM,2018-07-26,1532617200
6460,R_BWhnv4EdbhSS6rf,SEASONING,2018-07-26,1532617200
6461,R_BWhnv4EdbhSS6rf,SKIN_MOISTURIZER,2018-07-26,1532617200
6462,R_BWhnv4EdbhSS6rf,SCREEN_PROTECTOR,2018-07-26,1532617200
6463,R_BWhnv4EdbhSS6rf,SHIRT,2018-07-26,1532617200
6464,R_BWhnv4EdbhSS6rf,PANTS,2018-07-26,1532617200
6465,R_BWhnv4EdbhSS6rf,SKIN_CLEANING_AGENT,2018-07-26,1532617200
6466,R_BWhnv4EdbhSS6rf,SHIRT,2018-07-26,1532617200
6467,R_BWhnv4EdbhSS6rf,COFFEE,2018-07-26,1532617200
6468,R_D8LcojwusttCWaJ,HEALTH_PERSONAL_CARE,2018-07-26,1532617200
6469,R_D8LcojwusttCWaJ,NUTRITIONAL_SUPPLEMENT,2018-07-26,1532617200
6470,R_D8LcojwusttCWaJ,WATCH,2018-07-26,1532617200
6471,R_Djcs43mP6ReoYgN,PANTS,2018-07-26,1532617200
6472,R_Qp7pqfzWe3Qmcrn,THERMOMETER,2018-07-26,1532617200
6473,R_Qp7pqfzWe3Qmcrn,COSMETIC_POWDER,2018-07-26,1532617200
6474,R_SE2qI33L0z1rw2J,FACIAL_TISSUE,2018-07-26,1532617200
6475,R_SE2qI33L0z1rw2J,LITTER_BOX,2018-07-26,1532617200
6476,R_SE2qI33L0z1rw2J,RING,2018-07-26,1532617200
6477,R_SE2qI33L0z1rw2J,RING,2018-07-26,1532617200
6478,R_Xhz81T9LodPX0KB,SHOE_INSERT,2018-07-26,1532617200
6479,R_Xhz81T9LodPX0KB,ESSENTIAL_OIL,2018-07-26,1532617200
6480,R_Xhz81T9LodPX0KB,SHIRT,2018-07-26,1532617200
6481,R_Xhz81T9LodPX0KB,SHOE_INSERT,2018-07-26,1532617200
6482,R_Xhz81T9LodPX0KB,MOUTHWASH,2018-07-26,1532617200
6483,R_Xhz81T9LodPX0KB,LIGHT_FIXTURE,2018-07-26,1532617200
6484,R_Y3PPLmdNg6NnwZz,SPORTING_GOODS,2018-07-26,1532617200
6485,R_Y3PPLmdNg6NnwZz,SHIRT,2018-07-26,1532617200
6486,R_Y3PPLmdNg6NnwZz,SNACK_FOOD_BAR,2018-07-26,1532617200
6487,R_Y3TdYiBodZOLXlT,SKIN_CLEANING_AGENT,2018-07-26,1532617200
6488,R_Y3TdYiBodZOLXlT,SHIRT,2018-07-26,1532617200
6489,R_Z4qMkqhWSmIbdSh,PHYSICAL_MOVIE,2018-07-26,1532617200
6490,R_bHPddsX5H49vNL3,PHYSICAL_MOVIE,2018-07-26,1532617200
6491,R_bK5PUvc46zAxoQN,RAM_MEMORY,2018-07-26,1532617200
6492,R_bK5PUvc46zAxoQN,COMPUTER_DRIVE_OR_STORAGE,2018-07-26,1532617200
6493,R_bK5PUvc46zAxoQN,MEDICATION,2018-07-26,1532617200
6494,R_bK5PUvc46zAxoQN,COFFEE,2018-07-26,1532617200
6495,R_e387De1jF0gN2OB,MARKING_PEN,2018-07-26,1532617200
6496,R_e8KTElZZLWryLWp,BODY_POSITIONER,2018-07-26,1532617200
6497,R_e8KTElZZLWryLWp,SANDAL,2018-07-26,1532617200
6498,R_eOMCliqYqUD4oOR,CAKE_TOPPER,2018-07-26,1532617200
6499,R_eOMCliqYqUD4oOR,TOYS_AND_GAMES,2018-07-26,1532617200
6500,R_r3IM83Ecq7eY7QJ,POWER_SUPPLIES_OR_PROTECTION,2018-07-26,1532617200
6501,R_r3IM83Ecq7eY7QJ,DEHUMIDIFIER,2018-07-26,1532617200
6502,R_r3IM83Ecq7eY7QJ,SKIN_MOISTURIZER,2018-07-26,1532617200
6503,R_r3IM83Ecq7eY7QJ,SKIN_CLEANING_WIPE,2018-07-26,1532617200
6504,R_r3IM83Ecq7eY7QJ,SKIN_MOISTURIZER,2018-07-26,1532617200
6505,R_reG3llJtTwO6ccV,WHISK_UTENSIL,2018-07-26,1532617200
6506,R_reG3llJtTwO6ccV,ABIS_BOOK,2018-07-26,1532617200
6507,R_sGohXmtT8TjLibT,MARKING_PEN,2018-07-26,1532617200
6508,R_sGohXmtT8TjLibT,BATTERY,2018-07-26,1532617200
6509,R_sGohXmtT8TjLibT,HEADPHONES,2018-07-26,1532617200
6510,R_u9qeol6zlUcq13j,SKIN_MOISTURIZER,2018-07-26,1532617200
6511,R_u9qeol6zlUcq13j,SUGAR_SUBSTITUTE,2018-07-26,1532617200
6512,R_xsyCKTazvY4vHbz,MEDICATION,2018-07-26,1532617200
6513,R_xsyCKTazvY4vHbz,CABLE_OR_ADAPTER,2018-07-26,1532617200
6514,R_xsyCKTazvY4vHbz,PET_FOOD,2018-07-26,1532617200
6515,R_xzt7BAlQUA8iNyh,GROCERY,2018-07-26,1532617200
6516,R_xzt7BAlQUA8iNyh,PHYSICAL_MOVIE,2018-07-26,1532617200
6517,R_xzt7BAlQUA8iNyh,STEAM_CLEANER,2018-07-26,1532617200
6518,R_xzt7BAlQUA8iNyh,LIGHT_FIXTURE,2018-07-26,1532617200
6519,R_yC5ffbdBLVi93Pz,WALL_ART,2018-07-26,1532617200
6520,R_0f8u2tSB99LkgCt,VITAMIN,2018-07-27,1532703600
6521,R_0f8u2tSB99LkgCt,NUTRITIONAL_SUPPLEMENT,2018-07-27,1532703600
6522,R_10TV1zyi4yCEEkl,VEHICLE_MAT,2018-07-27,1532703600
6523,R_1C75XRebT1eliL0,ICE_CUBE_TRAY,2018-07-27,1532703600
6524,R_1CDqTWLWIk642Vp,PET_FEEDER,2018-07-27,1532703600
6525,R_1IZBlduDFUJEphM,HEALTH_PERSONAL_CARE,2018-07-27,1532703600
6526,R_1ImFLLGALT606WO,HOME_LIGHTING_AND_LAMPS,2018-07-27,1532703600
6527,R_1ImFLLGALT606WO,SCREEN_PROTECTOR,2018-07-27,1532703600
6528,R_1ImFLLGALT606WO,SKIN_CLEANING_AGENT,2018-07-27,1532703600
6529,R_1ImFLLGALT606WO,PET_PEST_CONTROL,2018-07-27,1532703600
6530,R_1ImFLLGALT606WO,WIND_CHIME,2018-07-27,1532703600
6531,R_1Kru2C0Zf28ZbQ0,PLANTER,2018-07-27,1532703600
6532,R_1Q62CIVb2WAS8hB,EXERCISE_MAT,2018-07-27,1532703600
6533,R_1Q62CIVb2WAS8hB,BABY_PRODUCT,2018-07-27,1532703600
6534,R_1dFu7LeBJE3Wd6p,FACE_SHAPING_MAKEUP,2018-07-27,1532703600
6535,R_1dppjLIFEdj7Kq5,MUSICAL_INSTRUMENTS,2018-07-27,1532703600
6536,R_1f1PzEZw8H2N4zm,ELECTRONIC_CABLE,2018-07-27,1532703600
6537,R_1f1PzEZw8H2N4zm,PRODUCT,2018-07-27,1532703600
6538,R_1f1PzEZw8H2N4zm,JEWELRY,2018-07-27,1532703600
6539,R_1gU6N4NRSwc9ONd,PHYSICAL_MOVIE,2018-07-27,1532703600
6540,R_1jARg5bGH5uqAKW,RIDE_ON_TOY,2018-07-27,1532703600
6541,R_1jARg5bGH5uqAKW,PET_FOOD,2018-07-27,1532703600
6542,R_1jdLI5cWhAhAzSB,BLANKET,2018-07-27,1532703600
6543,R_1l6OglubZSTYfi3,RECIPROCATING_HEDGE_TRIMMER,2018-07-27,1532703600
6544,R_1mEmb9jWLRYCU4e,ELECTRONIC_CABLE,2018-07-27,1532703600
6545,R_1mEmb9jWLRYCU4e,PET_FOOD,2018-07-27,1532703600
6546,R_1oFSDeGAQcUN2v8,SPORT_ACTIVITY_GLOVE,2018-07-27,1532703600
6547,R_1oFSDeGAQcUN2v8,SKIN_EXFOLIANT,2018-07-27,1532703600
6548,R_1pu6yYPsuymsIIz,PANTS,2018-07-27,1532703600
6549,R_1pu6yYPsuymsIIz,ANIMAL_MEDICATION,2018-07-27,1532703600
6550,R_1rq9oimamSF6rsF,SCREEN_PROTECTOR,2018-07-27,1532703600
6551,R_1rq9oimamSF6rsF,HEADPHONES,2018-07-27,1532703600
6552,R_1rq9oimamSF6rsF,VITAMIN,2018-07-27,1532703600
6553,R_1zVJnDAfoFLamOd,CELLULAR_PHONE_CASE,2018-07-27,1532703600
6554,R_1zVJnDAfoFLamOd,ABIS_BOOK,2018-07-27,1532703600
6555,R_1zVJnDAfoFLamOd,ELECTRONIC_CABLE,2018-07-27,1532703600
6556,R_1zVJnDAfoFLamOd,AIR_COOLER,2018-07-27,1532703600
6557,R_1zVJnDAfoFLamOd,TAMPON,2018-07-27,1532703600
6558,R_20ON9TjJWV64IZO,NAIL_POLISH,2018-07-27,1532703600
6559,R_20Z3XrmdVrFDp3r,BOXING_GLOVE,2018-07-27,1532703600
6560,R_20Z3XrmdVrFDp3r,SCREEN_PROTECTOR,2018-07-27,1532703600
6561,R_24csoaO569P4Yzz,PHYSICAL_MOVIE,2018-07-27,1532703600
6562,R_24csoaO569P4Yzz,ABIS_BOOK,2018-07-27,1532703600
6563,R_24csoaO569P4Yzz,DRINKING_CUP,2018-07-27,1532703600
6564,R_24csoaO569P4Yzz,NUTRITIONAL_SUPPLEMENT,2018-07-27,1532703600
6565,R_24csoaO569P4Yzz,SCREEN_PROTECTOR,2018-07-27,1532703600
6566,R_24ovSGBcJmAm7rm,LIQUID_INK,2018-07-27,1532703600
6567,R_24ovSGBcJmAm7rm,SURVEILLANCE_RECORDER_SYSTEM,2018-07-27,1532703600
6568,R_24ovSGBcJmAm7rm,SKIN_CLEANING_AGENT,2018-07-27,1532703600
6569,R_24ovSGBcJmAm7rm,PANTS,2018-07-27,1532703600
6570,R_24ovSGBcJmAm7rm,SNACK_FOOD_BAR,2018-07-27,1532703600
6571,R_25SbPPTyE45YzXP,TOYS_AND_GAMES,2018-07-27,1532703600
6572,R_25thHabUddjXGzt,TUNIC,2018-07-27,1532703600
6573,R_25thHabUddjXGzt,TRAILER_HITCH_COVER,2018-07-27,1532703600
6574,R_25thHabUddjXGzt,TOYS_AND_GAMES,2018-07-27,1532703600
6575,R_277i50HinKYVoY9,CARGO_NET,2018-07-27,1532703600
6576,R_277i50HinKYVoY9,VACUUM_CLEANER,2018-07-27,1532703600
6577,R_27DL80quzRiSEmq,SHIRT,2018-07-27,1532703600
6578,R_27DL80quzRiSEmq,HEADPHONES,2018-07-27,1532703600
6579,R_27DL80quzRiSEmq,BRA,2018-07-27,1532703600
6580,R_27DL80quzRiSEmq,VACUUM_FILTER,2018-07-27,1532703600
6581,R_27DL80quzRiSEmq,SKIN_MOISTURIZER,2018-07-27,1532703600
6582,R_27DL80quzRiSEmq,GROCERY,2018-07-27,1532703600
6583,R_27DL80quzRiSEmq,BATTERY,2018-07-27,1532703600
6584,R_27DL80quzRiSEmq,HERB,2018-07-27,1532703600
6585,R_27DL80quzRiSEmq,PANTS,2018-07-27,1532703600
6586,R_27DL80quzRiSEmq,HEADPHONES,2018-07-27,1532703600
6587,R_27DL80quzRiSEmq,SPACE_HEATER,2018-07-27,1532703600
6588,R_27DL80quzRiSEmq,ELECTRONIC_DEVICE_SKIN,2018-07-27,1532703600
6589,R_27DL80quzRiSEmq,SHIRT,2018-07-27,1532703600
6590,R_27DL80quzRiSEmq,ELECTRONIC_CABLE,2018-07-27,1532703600
6591,R_27DL80quzRiSEmq,NUTRITIONAL_SUPPLEMENT,2018-07-27,1532703600
6592,R_27DL80quzRiSEmq,NUTRITIONAL_SUPPLEMENT,2018-07-27,1532703600
6593,R_27DL80quzRiSEmq,SCREEN_PROTECTOR,2018-07-27,1532703600
6594,R_27DL80quzRiSEmq,BRA,2018-07-27,1532703600
6595,R_27DL80quzRiSEmq,MEDICAL_TEST_STRIP,2018-07-27,1532703600
6596,R_27DL80quzRiSEmq,HEALTH_PERSONAL_CARE,2018-07-27,1532703600
6597,R_27DL80quzRiSEmq,CELLULAR_PHONE_CASE,2018-07-27,1532703600
6598,R_27DL80quzRiSEmq,DRESS,2018-07-27,1532703600
6599,R_27DL80quzRiSEmq,PET_FOOD,2018-07-27,1532703600
6600,R_27DL80quzRiSEmq,FISHING_NET,2018-07-27,1532703600
6601,R_27DL80quzRiSEmq,MEDICAL_TEST_STRIP,2018-07-27,1532703600
6602,R_27DL80quzRiSEmq,HOME,2018-07-27,1532703600
6603,R_27DL80quzRiSEmq,VACUUM_FILTER,2018-07-27,1532703600
6604,R_27DL80quzRiSEmq,KICK_SCOOTER,2018-07-27,1532703600
6605,R_27DL80quzRiSEmq,KICK_SCOOTER,2018-07-27,1532703600
6606,R_27DL80quzRiSEmq,FOOD_STORAGE_CONTAINER,2018-07-27,1532703600
6607,R_27DL80quzRiSEmq,ABIS_BOOK,2018-07-27,1532703600
6608,R_27DL80quzRiSEmq,GROCERY,2018-07-27,1532703600
6609,R_29tYnNf049lSPEe,PHYSICAL_MOVIE,2018-07-27,1532703600
6610,R_29tYnNf049lSPEe,REMOTE_CONTROL,2018-07-27,1532703600
6611,R_2AGpSTOzeeHqMYd,SHIRT,2018-07-27,1532703600
6612,R_2ASz0xBmcxqYzUJ,PUZZLES,2018-07-27,1532703600
6613,R_2BstrkPd4gMc6Ih,SHIRT,2018-07-27,1532703600
6614,R_2D2K5rKv8NODIDZ,SKIN_SERUM,2018-07-27,1532703600
6615,R_2D2K5rKv8NODIDZ,MEMORY_CARD_READER,2018-07-27,1532703600
6616,R_2D2K5rKv8NODIDZ,MEMORY_CARD_READER,2018-07-27,1532703600
6617,R_2D2K5rKv8NODIDZ,WEBCAM,2018-07-27,1532703600
6618,R_2EglJpTWGEiwQYa,SNACK_FOOD_BAR,2018-07-27,1532703600
6619,R_2Qu0fgUOnDpaKDH,BED_LINEN_SET,2018-07-27,1532703600
6620,R_2U0l40aPYAoBJLV,LIGHT_FIXTURE,2018-07-27,1532703600
6621,R_2Uc0eY0mHq5DQgt,STOOL_SEATING,2018-07-27,1532703600
6622,R_2VaWg2jhtCG6zmh,PLANNER,2018-07-27,1532703600
6623,R_2VwjXhJ5OznStEi,BALLOON,2018-07-27,1532703600
6624,R_2YJLVqCGAyLiODQ,PANTS,2018-07-27,1532703600
6625,R_2YJLVqCGAyLiODQ,SKIN_CLEANING_AGENT,2018-07-27,1532703600
6626,R_2YeJ7ZNQ5xBFmxw,ENGINE_AIR_FILTER,2018-07-27,1532703600
6627,R_2mKYTXpTsUEkSGt,MATERIAL_HANDLING,2018-07-27,1532703600
6628,R_2r7Zl5CTeW1dMqd,PUMP_SPRAYER,2018-07-27,1532703600
6629,R_2tfHzrdo6EEaiWi,SHOES,2018-07-27,1532703600
6630,R_2uTysluImvxkQBY,PANTS,2018-07-27,1532703600
6631,R_2uTysluImvxkQBY,SKIN_CLEANING_AGENT,2018-07-27,1532703600
6632,R_2uTysluImvxkQBY,HAIR_COLORING_AGENT,2018-07-27,1532703600
6633,R_2uTysluImvxkQBY,PANTS,2018-07-27,1532703600
6634,R_2ugDyrE1yi1FjvH,FIRST_AID_KIT,2018-07-27,1532703600
6635,R_2wagDt0ZaSu1p8q,ELECTRONIC_WIRE,2018-07-27,1532703600
6636,R_2wzatCV9Z18xLF2,NUTRITIONAL_SUPPLEMENT,2018-07-27,1532703600
6637,R_32WvdLjYpicai6o,PRINT_COPY_PAPER,2018-07-27,1532703600
6638,R_338AsE7QedeQ72w,SKIN_TREATMENT_MASK,2018-07-27,1532703600
6639,R_3CKmnc9zwNPauw5,SURFACE_CLEANING_WIPE,2018-07-27,1532703600
6640,R_3D7xJuXSy25PXbg,CELLULAR_PHONE_CASE,2018-07-27,1532703600
6641,R_3D8fwycJF7eksBo,SUGAR_SUBSTITUTE,2018-07-27,1532703600
6642,R_3D8fwycJF7eksBo,SNACK_FOOD_BAR,2018-07-27,1532703600
6643,R_3D8fwycJF7eksBo,SKIN_MOISTURIZER,2018-07-27,1532703600
6644,R_3D8fwycJF7eksBo,COSTUME_HEADWEAR,2018-07-27,1532703600
6645,R_3GqfePl8gH1VWP1,ANIMAL_FUR_CLEANER_CONDITIONER,2018-07-27,1532703600
6646,R_3HigTq4itishziE,BREAD,2018-07-27,1532703600
6647,R_3HigTq4itishziE,SNACK_FOOD_BAR,2018-07-27,1532703600
6648,R_3HigTq4itishziE,PANTS,2018-07-27,1532703600
6649,R_3HigTq4itishziE,BARBECUE_TOOL_SET,2018-07-27,1532703600
6650,R_3HigTq4itishziE,HEALTH_PERSONAL_CARE,2018-07-27,1532703600
6651,R_3HigTq4itishziE,SKIN_MOISTURIZER,2018-07-27,1532703600
6652,R_3HigTq4itishziE,PACKAGED_SOUP_AND_STEW,2018-07-27,1532703600
6653,R_3HvPXLfubbb9a6G,SKIN_MOISTURIZER,2018-07-27,1532703600
6654,R_3HvPXLfubbb9a6G,SCREEN_PROTECTOR,2018-07-27,1532703600
6655,R_3HvPXLfubbb9a6G,SOAP_DISH,2018-07-27,1532703600
6656,R_3HvPXLfubbb9a6G,FOOD_STORAGE_BAG,2018-07-27,1532703600
6657,R_3HvPXLfubbb9a6G,PET_FOOD,2018-07-27,1532703600
6658,R_3IQQB0Dtvv9riqZ,SKIN_MOISTURIZER,2018-07-27,1532703600
6659,R_3IQQB0Dtvv9riqZ,JUICE_AND_JUICE_DRINK,2018-07-27,1532703600
6660,R_3IQQB0Dtvv9riqZ,HEALTH_PERSONAL_CARE,2018-07-27,1532703600
6661,R_3Jl5q6tZJctgL8B,HEALTH_PERSONAL_CARE,2018-07-27,1532703600
6662,R_3Jl5q6tZJctgL8B,PHYSICAL_MOVIE,2018-07-27,1532703600
6663,R_3Jl5q6tZJctgL8B,UNINTERRUPTIBLE_POWER_SUPPLY,2018-07-27,1532703600
6664,R_3Jl5q6tZJctgL8B,PANTS,2018-07-27,1532703600
6665,R_3Jl5q6tZJctgL8B,KETTLEBELL,2018-07-27,1532703600
6666,R_3Jl5q6tZJctgL8B,PHYSICAL_MOVIE,2018-07-27,1532703600
6667,R_3Jl5q6tZJctgL8B,HEALTH_PERSONAL_CARE,2018-07-27,1532703600
6668,R_3Jl5q6tZJctgL8B,SHOES,2018-07-27,1532703600
6669,R_3LXRVZSdJiqH63S,TOOTHBRUSH,2018-07-27,1532703600
6670,R_3MgSphhiCDCqZgD,ELECTRONIC_CABLE,2018-07-27,1532703600
6671,R_3MgSphhiCDCqZgD,PROTECTIVE_GLOVE,2018-07-27,1532703600
6672,R_3MgSphhiCDCqZgD,SHIRT,2018-07-27,1532703600
6673,R_3NCfhSJSgGWexUL,VEHICLE_WIND_DEFLECTOR,2018-07-27,1532703600
6674,R_3NCfhSJSgGWexUL,SHIRT,2018-07-27,1532703600
6675,R_3QXUWuTn4OdbNmh,TRASH_CAN,2018-07-27,1532703600
6676,R_3QXUWuTn4OdbNmh,PLUG_STOPPER,2018-07-27,1532703600
6677,R_3QXUWuTn4OdbNmh,COMPUTER_ADD_ON,2018-07-27,1532703600
6678,R_3QtdtxnX6fJnkNr,SHAMPOO,2018-07-27,1532703600
6679,R_3ek9YZGdsDHjUZf,SURFACE_CLEANING_WIPE,2018-07-27,1532703600
6680,R_3ek9YZGdsDHjUZf,ABIS_BOOK,2018-07-27,1532703600
6681,R_3enuyEOsaEVxTNX,BONDING_ADHESIVES,2018-07-27,1532703600
6682,R_3fB1NIeE1OGUd72,BATTERY,2018-07-27,1532703600
6683,R_3fBmKcLTAgFITMo,GROCERY,2018-07-27,1532703600
6684,R_3fBmKcLTAgFITMo,SCREEN_PROTECTOR,2018-07-27,1532703600
6685,R_3fcOMdQm2jGBLKm,SNACK_FOOD_BAR,2018-07-27,1532703600
6686,R_3fcOMdQm2jGBLKm,BABY_SEAT,2018-07-27,1532703600
6687,R_3gTrwWhEzAv6gzH,SWIMWEAR,2018-07-27,1532703600
6688,R_3lt1ZPBv09u1seD,SHIRT,2018-07-27,1532703600
6689,R_3n2VXT4Z99FpnEG,FOOD_STORAGE_BAG,2018-07-27,1532703600
6690,R_3n2VXT4Z99FpnEG,GROCERY,2018-07-27,1532703600
6691,R_3n2VXT4Z99FpnEG,NAIL_CLIPPER,2018-07-27,1532703600
6692,R_3n2VXT4Z99FpnEG,VASE,2018-07-27,1532703600
6693,R_3n2VXT4Z99FpnEG,WATER_PURIFICATION_UNIT,2018-07-27,1532703600
6694,R_3qWnPpXqudB3ETJ,SHAMPOO,2018-07-27,1532703600
6695,R_3rZHdmB75jSgwhr,SEEDS_AND_PLANTS,2018-07-27,1532703600
6696,R_3s60LmlFm5fAEP5,SKIN_MOISTURIZER,2018-07-27,1532703600
6697,R_3socPWD3wXD0iDP,SNACK_FOOD_BAR,2018-07-27,1532703600
6698,R_3sp0qsXaE11taC1,SPORTING_GOODS,2018-07-27,1532703600
6699,R_3sp0qsXaE11taC1,SPRAY_BOTTLE,2018-07-27,1532703600
6700,R_3sp0qsXaE11taC1,NUTRITIONAL_SUPPLEMENT,2018-07-27,1532703600
6701,R_3sp0qsXaE11taC1,ELLIPTICAL_TRAINER,2018-07-27,1532703600
6702,R_4PhRzF4UI9ooLh7,SNACK_FOOD_BAR,2018-07-27,1532703600
6703,R_4PhRzF4UI9ooLh7,PAINT,2018-07-27,1532703600
6704,R_7ZH1uBNuL9RQ2K5,CELLULAR_PHONE_CASE,2018-07-27,1532703600
6705,R_7ZH1uBNuL9RQ2K5,ABIS_BOOK,2018-07-27,1532703600
6706,R_7ZH1uBNuL9RQ2K5,ASTRINGENT_SUBSTANCE,2018-07-27,1532703600
6707,R_7ZH1uBNuL9RQ2K5,CAMERA_STAGE_LIGHTING_MODIFIER,2018-07-27,1532703600
6708,R_85OdkeCoFP5daLL,NUTRITIONAL_SUPPLEMENT,2018-07-27,1532703600
6709,R_85OdkeCoFP5daLL,CADDY,2018-07-27,1532703600
6710,R_85OdkeCoFP5daLL,APPAREL_HEAD_NECK_COVERING,2018-07-27,1532703600
6711,R_85OdkeCoFP5daLL,SKIN_MOISTURIZER,2018-07-27,1532703600
6712,R_85OdkeCoFP5daLL,SANDAL,2018-07-27,1532703600
6713,R_85OdkeCoFP5daLL,SERVEWARE,2018-07-27,1532703600
6714,R_85OdkeCoFP5daLL,FILE_FOLDER,2018-07-27,1532703600
6715,R_8CXcySQawXPuJwJ,SKIN_MOISTURIZER,2018-07-27,1532703600
6716,R_8CXcySQawXPuJwJ,HEALTH_PERSONAL_CARE,2018-07-27,1532703600
6717,R_8CXcySQawXPuJwJ,HARDWARE_TUBING,2018-07-27,1532703600
6718,R_8CXcySQawXPuJwJ,ELECTRICAL_HOUSING,2018-07-27,1532703600
6719,R_8diYSw75MwRT2md,MICROWAVE_OVEN,2018-07-27,1532703600
6720,R_8pMsG4P0RqzoSlz,ELECTRONIC_CABLE,2018-07-27,1532703600
6721,R_8vnpSkm79W7Jsv7,SKIN_MOISTURIZER,2018-07-27,1532703600
6722,R_AEBbAiW2xdXI2at,HVAC_AIR_FILTER,2018-07-27,1532703600
6723,R_AKBlDprDMrv4M7v,CAMERA_STAGE_LIGHTING_MODIFIER,2018-07-27,1532703600
6724,R_AKBlDprDMrv4M7v,PHYSICAL_MOVIE,2018-07-27,1532703600
6725,R_AKBlDprDMrv4M7v,SHOES,2018-07-27,1532703600
6726,R_AKBlDprDMrv4M7v,TOYS_AND_GAMES,2018-07-27,1532703600
6727,R_AM0OvM0F9kBvqal,ELECTRONIC_CABLE,2018-07-27,1532703600
6728,R_AM0OvM0F9kBvqal,ABIS_BOOK,2018-07-27,1532703600
6729,R_AM0OvM0F9kBvqal,PASTRY,2018-07-27,1532703600
6730,R_AM0OvM0F9kBvqal,PHYSICAL_MOVIE,2018-07-27,1532703600
6731,R_AM0OvM0F9kBvqal,TOYS_AND_GAMES,2018-07-27,1532703600
6732,R_AM0OvM0F9kBvqal,SNACK_FOOD_BAR,2018-07-27,1532703600
6733,R_AM0OvM0F9kBvqal,SHOES,2018-07-27,1532703600
6734,R_AM0OvM0F9kBvqal,ABIS_BOOK,2018-07-27,1532703600
6735,R_BWAjcs1sKUc6NQl,CALENDAR,2018-07-27,1532703600
6736,R_O9FzIlCvCxllJSN,HEALTH_PERSONAL_CARE,2018-07-27,1532703600
6737,R_O9FzIlCvCxllJSN,HARDWARE,2018-07-27,1532703600
6738,R_O9FzIlCvCxllJSN,TEETHER,2018-07-27,1532703600
6739,R_PwlnzzccUMXV0n7,HEADPHONES,2018-07-27,1532703600
6740,R_Q6WPHvxgbOBjvZ7,SYSTEM_CABINET,2018-07-27,1532703600
6741,R_SBiEJOUFyfjK5eF,BABY_BOTTLE,2018-07-27,1532703600
6742,R_Uit4G2WjoT7WM6d,GROCERY,2018-07-27,1532703600
6743,R_VKZzr77ll29A1iN,PUPPET,2018-07-27,1532703600
6744,R_Y3PPLmdNg6NnwZz,SKIN_CLEANING_AGENT,2018-07-27,1532703600
6745,R_Z4qMkqhWSmIbdSh,PET_FOOD,2018-07-27,1532703600
6746,R_Z4qMkqhWSmIbdSh,VEHICLE_ACCENT_LIGHT,2018-07-27,1532703600
6747,R_afsmqQnUctcdeY9,VIDEO_GAME_HARDWARE,2018-07-27,1532703600
6748,R_b8UnkZJoU93ZxEB,LANDLINE_PHONE,2018-07-27,1532703600
6749,R_b8UnkZJoU93ZxEB,SHIRT,2018-07-27,1532703600
6750,R_b8UnkZJoU93ZxEB,TOYS_AND_GAMES,2018-07-27,1532703600
6751,R_b8UnkZJoU93ZxEB,FOOD_SERVICE_SUPPLY,2018-07-27,1532703600
6752,R_bBgIkZfU6RwGLWF,SHIRT,2018-07-27,1532703600
6753,R_e8KTElZZLWryLWp,MASSAGER,2018-07-27,1532703600
6754,R_reG3llJtTwO6ccV,APPAREL_PIN,2018-07-27,1532703600
6755,R_sGohXmtT8TjLibT,PET_TOY,2018-07-27,1532703600
6756,R_sGohXmtT8TjLibT,PANTS,2018-07-27,1532703600
6757,R_tXHOaasrDjYwLO9,PET_FOOD,2018-07-27,1532703600
6758,R_u94bdSj5JBe7WZb,SUNGLASSES,2018-07-27,1532703600
6759,R_vNUg1BUX4xLMPER,UNDERPANTS,2018-07-27,1532703600
6760,R_vNUg1BUX4xLMPER,SKIN_MOISTURIZER,2018-07-27,1532703600
6761,R_vYtQIbKQv9vFKuZ,DISHWARE_PLATE,2018-07-27,1532703600
6762,R_w5bE96azoKnM6Ih,PANTS,2018-07-27,1532703600
6763,R_xmW6sCBJmFDlI8V,FLAVORED_DRINK_CONCENTRATE,2018-07-27,1532703600
6764,R_xmW6sCBJmFDlI8V,OPTICAL_DISC_DRIVE,2018-07-27,1532703600
6765,R_xmW6sCBJmFDlI8V,STEAM_CLEANER,2018-07-27,1532703600
6766,R_xzt7BAlQUA8iNyh,SAUCE,2018-07-27,1532703600
6767,R_xzt7BAlQUA8iNyh,HERBAL_SUPPLEMENT,2018-07-27,1532703600
6768,R_xzt7BAlQUA8iNyh,VACUUM_FILTER,2018-07-27,1532703600
6769,R_xzt7BAlQUA8iNyh,TOYS_AND_GAMES,2018-07-27,1532703600
6770,R_yC5ffbdBLVi93Pz,LIGHTED_OUTDOOR_DISPLAY,2018-07-27,1532703600
6771,R_yC5ffbdBLVi93Pz,TOYS_AND_GAMES,2018-07-27,1532703600
6772,R_yJz6aXbKddNbgZz,DRINK_COASTER,2018-07-27,1532703600
6773,R_0pRmRjHkwStzNQJ,HOME_LIGHTING_ACCESSORY,2018-07-28,1532790000
6774,R_0pRmRjHkwStzNQJ,GROCERY,2018-07-28,1532790000
6775,R_0pRmRjHkwStzNQJ,PHYSICAL_MOVIE,2018-07-28,1532790000
6776,R_0pRmRjHkwStzNQJ,SKIN_MOISTURIZER,2018-07-28,1532790000
6777,R_10wSqGFumZGSTmH,SNACK_FOOD_BAR,2018-07-28,1532790000
6778,R_1C75XRebT1eliL0,SCREEN_PROTECTOR,2018-07-28,1532790000
6779,R_1C75XRebT1eliL0,HEALTH_PERSONAL_CARE,2018-07-28,1532790000
6780,R_1C8w4NDDQC5fcgE,SHOES,2018-07-28,1532790000
6781,R_1C9YUFD8GunlGej,INK_OR_TONER,2018-07-28,1532790000
6782,R_1C9YUFD8GunlGej,RAZOR_BLADE_CARTRIDGE,2018-07-28,1532790000
6783,R_1C9YUFD8GunlGej,SHOES,2018-07-28,1532790000
6784,R_1GVN63HjPpVXPEx,SNACK_FOOD_BAR,2018-07-28,1532790000
6785,R_1GVN63HjPpVXPEx,ABIS_BOOK,2018-07-28,1532790000
6786,R_1GVN63HjPpVXPEx,MUSICAL_INSTRUMENT_TOY,2018-07-28,1532790000
6787,R_1KloshKwV8MUAx4,MONITOR,2018-07-28,1532790000
6788,R_1KxVDxZl2H0XoHS,SKIN_CLEANING_AGENT,2018-07-28,1532790000
6789,R_1LRR1P5IQqdSvIP,EXERCISE_BAND,2018-07-28,1532790000
6790,R_1LRR1P5IQqdSvIP,SNACK_FOOD_BAR,2018-07-28,1532790000
6791,R_1NCzj2eSHI4QGcd,HEALTH_PERSONAL_CARE,2018-07-28,1532790000
6792,R_1NDq0rxoUSu6oyz,SHIRT,2018-07-28,1532790000
6793,R_1NDq0rxoUSu6oyz,INCONTINENCE_PROTECTOR,2018-07-28,1532790000
6794,R_1Q9JeeKncbbLcz0,MEDICATION,2018-07-28,1532790000
6795,R_1QoPHtffEy2UzWJ,GIFT_WRAP,2018-07-28,1532790000
6796,R_1dKBjc0UTA0ZiYb,PANTS,2018-07-28,1532790000
6797,R_1dKBjc0UTA0ZiYb,MEDICATION,2018-07-28,1532790000
6798,R_1dKBjc0UTA0ZiYb,ABIS_BOOK,2018-07-28,1532790000
6799,R_1dKBjc0UTA0ZiYb,HEADPHONES,2018-07-28,1532790000
6800,R_1dppjLIFEdj7Kq5,PET_APPAREL,2018-07-28,1532790000
6801,R_1dppjLIFEdj7Kq5,GROCERY,2018-07-28,1532790000
6802,R_1l6OglubZSTYfi3,BATHING_SPONGE,2018-07-28,1532790000
6803,R_1l6OglubZSTYfi3,BAKING_PAN,2018-07-28,1532790000
6804,R_1l6OglubZSTYfi3,PHYSICAL_MOVIE,2018-07-28,1532790000
6805,R_1l6OglubZSTYfi3,FUSE,2018-07-28,1532790000
6806,R_1mEmb9jWLRYCU4e,WRITING_INSTRUMENT,2018-07-28,1532790000
6807,R_1mQrQ5EFGvbBRLb,ANTENNA,2018-07-28,1532790000
6808,R_1owkdABF1wNKFKI,BICYCLE_SEAT,2018-07-28,1532790000
6809,R_1rlhYXAI77eUSbB,NIGHTGOWN_NIGHTSHIRT,2018-07-28,1532790000
6810,R_1rlhYXAI77eUSbB,POTABLE_WATER_FILTER,2018-07-28,1532790000
6811,R_1roTOelTygZr5G8,GROCERY,2018-07-28,1532790000
6812,R_21GPeeqYRjC1kb1,COFFEE_MAKER,2018-07-28,1532790000
6813,R_24ovSGBcJmAm7rm,ABIS_BOOK,2018-07-28,1532790000
6814,R_25thHabUddjXGzt,DUMBBELL,2018-07-28,1532790000
6815,R_25thHabUddjXGzt,CELLULAR_PHONE_CASE,2018-07-28,1532790000
6816,R_25thHabUddjXGzt,ORAL_IRRIGATOR,2018-07-28,1532790000
6817,R_27DL80quzRiSEmq,SKIN_MOISTURIZER,2018-07-28,1532790000
6818,R_27DL80quzRiSEmq,NECKLACE,2018-07-28,1532790000
6819,R_27DL80quzRiSEmq,HEADPHONES,2018-07-28,1532790000
6820,R_27DL80quzRiSEmq,UTILITY_SPONGE,2018-07-28,1532790000
6821,R_27DL80quzRiSEmq,PHYSICAL_MOVIE,2018-07-28,1532790000
6822,R_27DL80quzRiSEmq,HERB,2018-07-28,1532790000
6823,R_27DL80quzRiSEmq,TOYS_AND_GAMES,2018-07-28,1532790000
6824,R_27DL80quzRiSEmq,PANTS,2018-07-28,1532790000
6825,R_27DL80quzRiSEmq,SKIN_CLEANING_AGENT,2018-07-28,1532790000
6826,R_27DL80quzRiSEmq,MEDICAL_TEST_STRIP,2018-07-28,1532790000
6827,R_27DL80quzRiSEmq,ARTIFICIAL_PLANT,2018-07-28,1532790000
6828,R_27DL80quzRiSEmq,BRA,2018-07-28,1532790000
6829,R_2ASBFgthVbaGlF3,SKIN_CLEANING_AGENT,2018-07-28,1532790000
6830,R_2ASBFgthVbaGlF3,VEHICLE_WIND_DEFLECTOR,2018-07-28,1532790000
6831,R_2ASBFgthVbaGlF3,GROCERY,2018-07-28,1532790000
6832,R_2Qu0fgUOnDpaKDH,HEALTH_PERSONAL_CARE,2018-07-28,1532790000
6833,R_2VaWg2jhtCG6zmh,MASSAGER,2018-07-28,1532790000
6834,R_2VkFzKtUReuEWm9,ELECTRIC_MOTOR,2018-07-28,1532790000
6835,R_2Y9fPhqa2Xf2QdZ,PHYSICAL_MOVIE,2018-07-28,1532790000
6836,R_2YYB0ZXHHFsMn1o,TOYS_AND_GAMES,2018-07-28,1532790000
6837,R_2YYB0ZXHHFsMn1o,O_RINGS,2018-07-28,1532790000
6838,R_2YeJ7ZNQ5xBFmxw,CELLULAR_PHONE_CASE,2018-07-28,1532790000
6839,R_2YeJ7ZNQ5xBFmxw,COSMETIC_NAIL_SET,2018-07-28,1532790000
6840,R_2YeJ7ZNQ5xBFmxw,PANTS,2018-07-28,1532790000
6841,R_2YeJ7ZNQ5xBFmxw,TRAILER_HITCH_COVER,2018-07-28,1532790000
6842,R_2ZTFfLAcuwm22Yh,STRING_LIGHT,2018-07-28,1532790000
6843,R_2aKrOq0DBielcig,TASK_TRAY,2018-07-28,1532790000
6844,R_2dmZyPIDedcDR2J,SHORTS,2018-07-28,1532790000
6845,R_2fuPf0OEnWfOjjm,BREAST_PETAL,2018-07-28,1532790000
6846,R_2uIMLcJgQmb0v3G,HEADPHONES,2018-07-28,1532790000
6847,R_2wHwNZWEecJflLc,DISH_DRYING_MAT,2018-07-28,1532790000
6848,R_2wHwNZWEecJflLc,FRUIT,2018-07-28,1532790000
6849,R_2wHwNZWEecJflLc,BATTERY,2018-07-28,1532790000
6850,R_2wmLE1q4FIpfioi,TUNIC,2018-07-28,1532790000
6851,R_2woyYEH5qlAG264,SNACK_FOOD_BAR,2018-07-28,1532790000
6852,R_2woyYEH5qlAG264,MECHANICAL_BELT,2018-07-28,1532790000
6853,R_2woyYEH5qlAG264,CONSUMER_ELECTRONICS,2018-07-28,1532790000
6854,R_2woyYEH5qlAG264,GROCERY,2018-07-28,1532790000
6855,R_2wzatCV9Z18xLF2,HARDWARE_PLANER,2018-07-28,1532790000
6856,R_2wzatCV9Z18xLF2,PHYSICAL_MOVIE,2018-07-28,1532790000
6857,R_2xLvxRKX2448l9k,ABIS_BOOK,2018-07-28,1532790000
6858,R_2xLvxRKX2448l9k,ELECTRONIC_CABLE,2018-07-28,1532790000
6859,R_32UZncFA03IrQwQ,SYRUP,2018-07-28,1532790000
6860,R_3Em4Q2OBHB3m5rz,MEDICATION,2018-07-28,1532790000
6861,R_3HAk4tN4hE1Arcm,PANTS,2018-07-28,1532790000
6862,R_3HAk4tN4hE1Arcm,BED_LINEN_SET,2018-07-28,1532790000
6863,R_3HAk4tN4hE1Arcm,JEWELRY_STORAGE,2018-07-28,1532790000
6864,R_3HAk4tN4hE1Arcm,SOCKS,2018-07-28,1532790000
6865,R_3HAk4tN4hE1Arcm,WEIGHT_RACK,2018-07-28,1532790000
6866,R_3Hphzg7zu04Hgy1,TOY_FIGURE,2018-07-28,1532790000
6867,R_3Hphzg7zu04Hgy1,SKIN_MOISTURIZER,2018-07-28,1532790000
6868,R_3Hphzg7zu04Hgy1,HEALTH_PERSONAL_CARE,2018-07-28,1532790000
6869,R_3JjRmgOh3ZydDiW,VIDEO_CARD,2018-07-28,1532790000
6870,R_3MhBAq6V6XHU9ln,ABIS_BOOK,2018-07-28,1532790000
6871,R_3MhBAq6V6XHU9ln,ABIS_BOOK,2018-07-28,1532790000
6872,R_3MhBAq6V6XHU9ln,HEADPHONES,2018-07-28,1532790000
6873,R_3MhBAq6V6XHU9ln,HOME,2018-07-28,1532790000
6874,R_3MhBAq6V6XHU9ln,VITAMIN,2018-07-28,1532790000
6875,R_3MhBAq6V6XHU9ln,HEADPHONES,2018-07-28,1532790000
6876,R_3MhBAq6V6XHU9ln,HEALTH_PERSONAL_CARE,2018-07-28,1532790000
6877,R_3MhBAq6V6XHU9ln,COAT,2018-07-28,1532790000
6878,R_3MhBAq6V6XHU9ln,SCISSORS,2018-07-28,1532790000
6879,R_3MnSLQdJkly3wfg,TOY_FIGURE,2018-07-28,1532790000
6880,R_3O9aPnM7ixjsbYK,VIDEO_GAME_HARDWARE,2018-07-28,1532790000
6881,R_3PaGuwKhYPfHa15,SKIN_MOISTURIZER,2018-07-28,1532790000
6882,R_3PaGuwKhYPfHa15,LAUNDRY_APPLIANCE,2018-07-28,1532790000
6883,R_3emmbwwsXsxt4Oj,PROJECTILE_BOW,2018-07-28,1532790000
6884,R_3enuyEOsaEVxTNX,SHIRT,2018-07-28,1532790000
6885,R_3enuyEOsaEVxTNX,PORTABLE_ELECTRONIC_DEVICE_STAND,2018-07-28,1532790000
6886,R_3fcOMdQm2jGBLKm,WEIGH_SCALE,2018-07-28,1532790000
6887,R_3n17fNI56KA8rTV,HEADPHONES,2018-07-28,1532790000
6888,R_3n17fNI56KA8rTV,VITAMIN,2018-07-28,1532790000
6889,R_3n5UcqVpRJZsXYi,NUTRITIONAL_SUPPLEMENT,2018-07-28,1532790000
6890,R_3n5UcqVpRJZsXYi,ABIS_BOOK,2018-07-28,1532790000
6891,R_3n5UcqVpRJZsXYi,TRASH_CAN,2018-07-28,1532790000
6892,R_3nH1Odp9Yjm86gN,PHYSICAL_MOVIE,2018-07-28,1532790000
6893,R_3qPt2VOIZdr6Kio,BATTERY,2018-07-28,1532790000
6894,R_3qPt2VOIZdr6Kio,FOOD_STORAGE_CONTAINER,2018-07-28,1532790000
6895,R_3qPt2VOIZdr6Kio,AMAZON_BOOK_READER,2018-07-28,1532790000
6896,R_3rSVzZdjthhnCx0,UTILITY_HOLSTER_POUCH,2018-07-28,1532790000
6897,R_3rSVzZdjthhnCx0,POWER_CORD,2018-07-28,1532790000
6898,R_3rV7kPHe9hVsMee,HEALTH_PERSONAL_CARE,2018-07-28,1532790000
6899,R_3rV7kPHe9hVsMee,INPUT_MOUSE,2018-07-28,1532790000
6900,R_3rV7kPHe9hVsMee,HEALTH_PERSONAL_CARE,2018-07-28,1532790000
6901,R_3rV7kPHe9hVsMee,HEALTH_PERSONAL_CARE,2018-07-28,1532790000
6902,R_3rV7kPHe9hVsMee,BATTERY,2018-07-28,1532790000
6903,R_3rV7kPHe9hVsMee,ELECTRONIC_COMPONENT_FAN,2018-07-28,1532790000
6904,R_3rV7kPHe9hVsMee,PANTS,2018-07-28,1532790000
6905,R_3socPWD3wXD0iDP,ELECTRONIC_CABLE,2018-07-28,1532790000
6906,R_55BKHeW1aOzYOUp,COORDINATED_OUTFIT,2018-07-28,1532790000
6907,R_55BKHeW1aOzYOUp,UNDERGARMENT_SLIP,2018-07-28,1532790000
6908,R_55BKHeW1aOzYOUp,ELECTRONIC_CABLE,2018-07-28,1532790000
6909,R_8CXcySQawXPuJwJ,PAJAMAS,2018-07-28,1532790000
6910,R_8CXcySQawXPuJwJ,PHYSICAL_MOVIE,2018-07-28,1532790000
6911,R_OdTirYYBS6ms6nn,PRINTER,2018-07-28,1532790000
6912,R_OdTirYYBS6ms6nn,GROCERY,2018-07-28,1532790000
6913,R_Q4ZjTFeyiC5kgQV,VITAMIN,2018-07-28,1532790000
6914,R_Q4ZjTFeyiC5kgQV,BARBECUE_TOOL_SET,2018-07-28,1532790000
6915,R_Q4ZjTFeyiC5kgQV,ABIS_BOOK,2018-07-28,1532790000
6916,R_Q4ZjTFeyiC5kgQV,TOYS_AND_GAMES,2018-07-28,1532790000
6917,R_RaeWxaWjb7z8CLT,HAIR_IRON,2018-07-28,1532790000
6918,R_UiGJcgWtDtZPfih,TOYS_AND_GAMES,2018-07-28,1532790000
6919,R_VKZzr77ll29A1iN,PRINTER,2018-07-28,1532790000
6920,R_VKZzr77ll29A1iN,ABIS_BOOK,2018-07-28,1532790000
6921,R_VKZzr77ll29A1iN,TOYS_AND_GAMES,2018-07-28,1532790000
6922,R_Wr3OvD5tOnb6kmZ,CARD_DOCUMENT_SLEEVE,2018-07-28,1532790000
6923,R_Wr3OvD5tOnb6kmZ,ELECTRONIC_CABLE,2018-07-28,1532790000
6924,R_XAphEY817eORyx3,ENGINE_EXHAUST_PIPE,2018-07-28,1532790000
6925,R_XAphEY817eORyx3,INSECT_REPELLENT,2018-07-28,1532790000
6926,R_XAphEY817eORyx3,MEDICATION,2018-07-28,1532790000
6927,R_XAphEY817eORyx3,GARLAND,2018-07-28,1532790000
6928,R_XZAx9TyW7gz9GxP,SKIN_CLEANING_AGENT,2018-07-28,1532790000
6929,R_XuCuybjxPer1OeJ,NON_RIDING_TOY_VEHICLE,2018-07-28,1532790000
6930,R_ZkokwdIEZybYo9z,NUTRITIONAL_SUPPLEMENT,2018-07-28,1532790000
6931,R_ZkokwdIEZybYo9z,SPROCKETS,2018-07-28,1532790000
6932,R_ZkokwdIEZybYo9z,TEA,2018-07-28,1532790000
6933,R_bKJcIltPwncL9uN,AREA_DEODORIZER,2018-07-28,1532790000
6934,R_bKJcIltPwncL9uN,SNACK_FOOD_BAR,2018-07-28,1532790000
6935,R_cAcAtozIWnZIbGp,FUSE,2018-07-28,1532790000
6936,R_dnb5fN79bJTa6Up,NAIL_POLISH,2018-07-28,1532790000
6937,R_u2EdYogSnJBrpex,PANTS,2018-07-28,1532790000
6938,R_u2EdYogSnJBrpex,GROCERY,2018-07-28,1532790000
6939,R_x0hVvTTXGQY9FRf,TIGHTS,2018-07-28,1532790000
6940,R_x0hVvTTXGQY9FRf,HANGING_ROD,2018-07-28,1532790000
6941,R_x0hVvTTXGQY9FRf,INCONTINENCE_PROTECTOR,2018-07-28,1532790000
6942,R_x969WzGgXuE1CuJ,NUTRITIONAL_SUPPLEMENT,2018-07-28,1532790000
6943,R_z1fvSibqdewGSD7,SKIRT,2018-07-28,1532790000
6944,R_z1fvSibqdewGSD7,TUNIC,2018-07-28,1532790000
6945,R_z1fvSibqdewGSD7,SPACE_HEATER,2018-07-28,1532790000
6946,R_z1fvSibqdewGSD7,SPACE_HEATER,2018-07-28,1532790000
6947,R_z1fvSibqdewGSD7,OFFICE_PRODUCTS,2018-07-28,1532790000
6948,R_0wCTiXC54rMN0J3,INSULATION,2018-07-29,1532876400
6949,R_10wSqGFumZGSTmH,HEALTH_PERSONAL_CARE,2018-07-29,1532876400
6950,R_1BWAygjxkFXfxql,SKIN_CLEANING_AGENT,2018-07-29,1532876400
6951,R_1BWAygjxkFXfxql,CAULKS,2018-07-29,1532876400
6952,R_1BWAygjxkFXfxql,PET_FOOD,2018-07-29,1532876400
6953,R_1BWAygjxkFXfxql,AIR_CONDITIONER,2018-07-29,1532876400
6954,R_1BWAygjxkFXfxql,ABIS_BOOK,2018-07-29,1532876400
6955,R_1BWAygjxkFXfxql,CAULKS,2018-07-29,1532876400
6956,R_1BWAygjxkFXfxql,COSMETIC_SPONGE,2018-07-29,1532876400
6957,R_1BWAygjxkFXfxql,SKIN_CLEANING_AGENT,2018-07-29,1532876400
6958,R_1BWAygjxkFXfxql,CAULKS,2018-07-29,1532876400
6959,R_1BWAygjxkFXfxql,AIR_CONDITIONER,2018-07-29,1532876400
6960,R_1C4tcyEfmcsKI9X,NUTRITIONAL_SUPPLEMENT,2018-07-29,1532876400
6961,R_1C4tcyEfmcsKI9X,ENEMA_DOUCHE,2018-07-29,1532876400
6962,R_1C4tcyEfmcsKI9X,BRAKE_KIT,2018-07-29,1532876400
6963,R_1CDqTWLWIk642Vp,TABLECLOTH,2018-07-29,1532876400
6964,R_1CDqTWLWIk642Vp,MEDICATION,2018-07-29,1532876400
6965,R_1GVsIStj8gTkbIE,SHIRT,2018-07-29,1532876400
6966,R_1HcpQT6Ffivx73P,CORRECTION_MATERIAL,2018-07-29,1532876400
6967,R_1HcpQT6Ffivx73P,CELLULAR_PHONE_CASE,2018-07-29,1532876400
6968,R_1HcpQT6Ffivx73P,CORRECTION_MATERIAL,2018-07-29,1532876400
6969,R_1HcpQT6Ffivx73P,ARTIFICIAL_PLANT,2018-07-29,1532876400
6970,R_1Hena1rUph3TnA3,POT_HOLDER,2018-07-29,1532876400
6971,R_1JLBP1fFf3p8tpy,PHYSICAL_MOVIE,2018-07-29,1532876400
6972,R_1KxVDxZl2H0XoHS,PHYSICAL_MOVIE,2018-07-29,1532876400
6973,R_1NCzj2eSHI4QGcd,MEDICATION,2018-07-29,1532876400
6974,R_1dKBjc0UTA0ZiYb,MANUAL_SHAVING_RAZOR,2018-07-29,1532876400
6975,R_1dKBjc0UTA0ZiYb,PANTS,2018-07-29,1532876400
6976,R_1dlSByn2AyHWx7r,TEA,2018-07-29,1532876400
6977,R_1dlSByn2AyHWx7r,SHIRT,2018-07-29,1532876400
6978,R_1dppjLIFEdj7Kq5,MUSICAL_INSTRUMENTS,2018-07-29,1532876400
6979,R_1dppjLIFEdj7Kq5,ART_AND_CRAFT_SUPPLY,2018-07-29,1532876400
6980,R_1gU6N4NRSwc9ONd,STANDALONE_STREAMING_MEDIA_PLAYER,2018-07-29,1532876400
6981,R_1gU6N4NRSwc9ONd,ABIS_BOOK,2018-07-29,1532876400
6982,R_1gjdRVy7DXPMldc,HEALTH_PERSONAL_CARE,2018-07-29,1532876400
6983,R_1jdLI5cWhAhAzSB,WALL_ART,2018-07-29,1532876400
6984,R_1jdLI5cWhAhAzSB,GROCERY,2018-07-29,1532876400
6985,R_1jdLI5cWhAhAzSB,VEGETABLE,2018-07-29,1532876400
6986,R_1jdLI5cWhAhAzSB,PET_FOOD,2018-07-29,1532876400
6987,R_1jdLI5cWhAhAzSB,SUIT,2018-07-29,1532876400
6988,R_1mEmb9jWLRYCU4e,ELECTRONIC_CABLE,2018-07-29,1532876400
6989,R_1obwpb6iowh7vew,STORAGE_BOX,2018-07-29,1532876400
6990,R_1obwpb6iowh7vew,SKIN_MOISTURIZER,2018-07-29,1532876400
6991,R_1owkdABF1wNKFKI,SHOES,2018-07-29,1532876400
6992,R_1pKZVLBbrpZM8bP,GROCERY,2018-07-29,1532876400
6993,R_1pu6yYPsuymsIIz,BLANK_BOOK,2018-07-29,1532876400
6994,R_1pu6yYPsuymsIIz,GROCERY,2018-07-29,1532876400
6995,R_1pu6yYPsuymsIIz,SWIMWEAR,2018-07-29,1532876400
6996,R_1pu6yYPsuymsIIz,ANIMAL_MEDICATION,2018-07-29,1532876400
6997,R_1rq9oimamSF6rsF,TOY_GUN,2018-07-29,1532876400
6998,R_1rq9oimamSF6rsF,SNACK_FOOD_BAR,2018-07-29,1532876400
6999,R_20ON9TjJWV64IZO,CELLULAR_PHONE_CASE,2018-07-29,1532876400
7000,R_20S7crqtX9XLeBx,TOILET_PAPER,2018-07-29,1532876400
7001,R_20S7crqtX9XLeBx,TWEEZER,2018-07-29,1532876400
7002,R_210tLKdUbUZuf7O,CELLULAR_PHONE_CASE,2018-07-29,1532876400
7003,R_210tLKdUbUZuf7O,NUTRITIONAL_SUPPLEMENT,2018-07-29,1532876400
7004,R_21ttkGbeIL6HdlR,OUTBUILDING,2018-07-29,1532876400
7005,R_24dbGLxukEKohG6,HARDWARE_HANDLE,2018-07-29,1532876400
7006,R_24dbGLxukEKohG6,FOOD_STORAGE_CONTAINER,2018-07-29,1532876400
7007,R_24dbGLxukEKohG6,TOY_FIGURE,2018-07-29,1532876400
7008,R_24dbGLxukEKohG6,ELECTRONIC_CABLE,2018-07-29,1532876400
7009,R_24dbGLxukEKohG6,LAB_CHEMICAL,2018-07-29,1532876400
7010,R_24dbGLxukEKohG6,PET_FOOD,2018-07-29,1532876400
7011,R_25SbPPTyE45YzXP,SOCKS,2018-07-29,1532876400
7012,R_25Wwg273Uw26jA1,PAPER_TOWEL,2018-07-29,1532876400
7013,R_25Wwg273Uw26jA1,WATER,2018-07-29,1532876400
7014,R_25Wwg273Uw26jA1,SEWING_PATTERN,2018-07-29,1532876400
7015,R_25Wwg273Uw26jA1,PRESSURE_COOKER,2018-07-29,1532876400
7016,R_25Wwg273Uw26jA1,NUTRITIONAL_SUPPLEMENT,2018-07-29,1532876400
7017,R_25YqaojEWt641sK,VITAMIN,2018-07-29,1532876400
7018,R_25thHabUddjXGzt,CARRIER_BAG_CASE,2018-07-29,1532876400
7019,R_279ENCaNyRMf98u,HONEY,2018-07-29,1532876400
7020,R_279ENCaNyRMf98u,RIDE_ON_TOY,2018-07-29,1532876400
7021,R_27DL80quzRiSEmq,ARTIFICIAL_PLANT,2018-07-29,1532876400
7022,R_27DL80quzRiSEmq,BRA,2018-07-29,1532876400
7023,R_27Nf8ImFlWu3J9O,FOOD_COLORING,2018-07-29,1532876400
7024,R_27Nf8ImFlWu3J9O,ABIS_BOOK,2018-07-29,1532876400
7025,R_2BesSIAnd7POW2C,ACCESSORY,2018-07-29,1532876400
7026,R_2BstrkPd4gMc6Ih,GROCERY,2018-07-29,1532876400
7027,R_2Byb17bNJrQUQTo,WREATH,2018-07-29,1532876400
7028,R_2D1zydYR5SZ0LpK,SNACK_FOOD_BAR,2018-07-29,1532876400
7029,R_2D1zydYR5SZ0LpK,TOWEL_HOLDER,2018-07-29,1532876400
7030,R_2D1zydYR5SZ0LpK,HERBAL_SUPPLEMENT,2018-07-29,1532876400
7031,R_2D1zydYR5SZ0LpK,PHYSICAL_MOVIE,2018-07-29,1532876400
7032,R_2D1zydYR5SZ0LpK,HEALTH_PERSONAL_CARE,2018-07-29,1532876400
7033,R_2DSIdH6iUv9yJ8V,AIMING_SCOPE_SIGHT,2018-07-29,1532876400
7034,R_2DSIdH6iUv9yJ8V,ABIS_BOOK,2018-07-29,1532876400
7035,R_2DSIdH6iUv9yJ8V,VITAMIN,2018-07-29,1532876400
7036,R_2DSIdH6iUv9yJ8V,BARBELL,2018-07-29,1532876400
7037,R_2DSIdH6iUv9yJ8V,CEREAL,2018-07-29,1532876400
7038,R_2QQl58nFfrZayxf,SLEEP_MASK,2018-07-29,1532876400
7039,R_2WVIxBGaj1uOr8S,SPEAKERS,2018-07-29,1532876400
7040,R_2WVIxBGaj1uOr8S,PET_PEST_CONTROL,2018-07-29,1532876400
7041,R_2alDLWrajjnLX6F,SKIN_CLEANING_AGENT,2018-07-29,1532876400
7042,R_2aldwxmUZox7Yfd,MACHINE_LUBRICANT,2018-07-29,1532876400
7043,R_2aldwxmUZox7Yfd,PAPER_TOWEL,2018-07-29,1532876400
7044,R_2aldwxmUZox7Yfd,WASTE_BAG,2018-07-29,1532876400
7045,R_2aldwxmUZox7Yfd,SKIN_MOISTURIZER,2018-07-29,1532876400
7046,R_2aldwxmUZox7Yfd,SNACK_FOOD_BAR,2018-07-29,1532876400
7047,R_2aldwxmUZox7Yfd,MEDICATION,2018-07-29,1532876400
7048,R_2aldwxmUZox7Yfd,SHOES,2018-07-29,1532876400
7049,R_2cd9jCAamQMAsxe,MEDICATION,2018-07-29,1532876400
7050,R_2cd9jCAamQMAsxe,DAIRY_BASED_YOGURT,2018-07-29,1532876400
7051,R_2cd9jCAamQMAsxe,VALVE,2018-07-29,1532876400
7052,R_2cd9jCAamQMAsxe,NUTRITIONAL_SUPPLEMENT,2018-07-29,1532876400
7053,R_2cvmrv8q51q8yh1,SHIRT,2018-07-29,1532876400
7054,R_2cvmrv8q51q8yh1,PHYSICAL_MOVIE,2018-07-29,1532876400
7055,R_2cvmrv8q51q8yh1,LAB_SUPPLY,2018-07-29,1532876400
7056,R_2dvh9tu7PLPeipE,TOYS_AND_GAMES,2018-07-29,1532876400
7057,R_2dvh9tu7PLPeipE,CONSOLE_VIDEO_GAMES,2018-07-29,1532876400
7058,R_2dvh9tu7PLPeipE,STANDALONE_STREAMING_MEDIA_PLAYER,2018-07-29,1532876400
7059,R_2dvh9tu7PLPeipE,HOT_TUB,2018-07-29,1532876400
7060,R_2dvh9tu7PLPeipE,NUTRITIONAL_SUPPLEMENT,2018-07-29,1532876400
7061,R_2dyITPHbbfmCXJn,SCREEN_PROTECTOR,2018-07-29,1532876400
7062,R_2ebzj3o225IisIQ,PHYSICAL_MOVIE,2018-07-29,1532876400
7063,R_2foIkyims4WyyYQ,HEADPHONES,2018-07-29,1532876400
7064,R_2s5OzoDX56gIWr0,PANTS,2018-07-29,1532876400
7065,R_2taM3mpNPF0o1yf,MEDICATION,2018-07-29,1532876400
7066,R_2taM3mpNPF0o1yf,SKIN_MOISTURIZER,2018-07-29,1532876400
7067,R_2wmCdm6ETy6g3k0,SHOES,2018-07-29,1532876400
7068,R_2y7p58Cp5veeRa6,CHANGING_PAD,2018-07-29,1532876400
7069,R_2zSlTKG9lhZH3r9,BATTERY,2018-07-29,1532876400
7070,R_2zSlTKG9lhZH3r9,ABIS_BOOK,2018-07-29,1532876400
7071,R_325wNEypLBLRTf7,SKIN_CLEANING_AGENT,2018-07-29,1532876400
7072,R_331r8PPvTyqKSoh,VITAMIN,2018-07-29,1532876400
7073,R_331r8PPvTyqKSoh,BATTERY,2018-07-29,1532876400
7074,R_331r8PPvTyqKSoh,PANTS,2018-07-29,1532876400
7075,R_3CKmnc9zwNPauw5,SHOES,2018-07-29,1532876400
7076,R_3CKmnc9zwNPauw5,GREETING_CARD,2018-07-29,1532876400
7077,R_3DqB7pyNczSugtj,TIGHTS,2018-07-29,1532876400
7078,R_3DqB7pyNczSugtj,CELLULAR_PHONE_CASE,2018-07-29,1532876400
7079,R_3DqB7pyNczSugtj,KEYBOARD_MOUSE_SET,2018-07-29,1532876400
7080,R_3DqB7pyNczSugtj,WRITING_INSTRUMENT,2018-07-29,1532876400
7081,R_3DqB7pyNczSugtj,SHOES,2018-07-29,1532876400
7082,R_3DqB7pyNczSugtj,WRITING_INSTRUMENT,2018-07-29,1532876400
7083,R_3EbttwlSceKvWpl,HAT,2018-07-29,1532876400
7084,R_3FPeOTnJa3dJ112,SHELF,2018-07-29,1532876400
7085,R_3Ge2RzIsoM2g5lL,SHOES,2018-07-29,1532876400
7086,R_3JJfhp7Z7vUO8K2,HEALTH_PERSONAL_CARE,2018-07-29,1532876400
7087,R_3JJfhp7Z7vUO8K2,ADHESIVE_TAPES,2018-07-29,1532876400
7088,R_3JJfhp7Z7vUO8K2,SKIN_CLEANING_AGENT,2018-07-29,1532876400
7089,R_3NwUrzA3eAsS3xO,VITAMIN,2018-07-29,1532876400
7090,R_3NwUrzA3eAsS3xO,PHYSICAL_MOVIE,2018-07-29,1532876400
7091,R_3O9aPnM7ixjsbYK,HEALTH_PERSONAL_CARE,2018-07-29,1532876400
7092,R_3O9aPnM7ixjsbYK,SKIN_MOISTURIZER,2018-07-29,1532876400
7093,R_3O9aPnM7ixjsbYK,ABIS_BOOK,2018-07-29,1532876400
7094,R_3O9aPnM7ixjsbYK,ELECTRONIC_CABLE,2018-07-29,1532876400
7095,R_3O9aPnM7ixjsbYK,MUSCLE_ROLLER,2018-07-29,1532876400
7096,R_3O9aPnM7ixjsbYK,SQUEEZE_TOY,2018-07-29,1532876400
7097,R_3OiAK9V155cWEsy,LIGHT_BULB,2018-07-29,1532876400
7098,R_3Pwa112XZRRejbA,ABIS_BOOK,2018-07-29,1532876400
7099,R_3QtdtxnX6fJnkNr,SOCKS,2018-07-29,1532876400
7100,R_3QtdtxnX6fJnkNr,STORAGE_RACK,2018-07-29,1532876400
7101,R_3QtdtxnX6fJnkNr,SUITCASE,2018-07-29,1532876400
7102,R_3emmbwwsXsxt4Oj,SHIRT,2018-07-29,1532876400
7103,R_3emmbwwsXsxt4Oj,GROCERY,2018-07-29,1532876400
7104,R_3fcOMdQm2jGBLKm,VEHICLE_TIRE,2018-07-29,1532876400
7105,R_3iJyVGzX7fyajRz,FOOD_STORAGE_CONTAINER,2018-07-29,1532876400
7106,R_3iJyVGzX7fyajRz,SHIRT,2018-07-29,1532876400
7107,R_3iJyVGzX7fyajRz,GROCERY,2018-07-29,1532876400
7108,R_3lYUnPKDsGA54tw,SCREEN_PROTECTOR,2018-07-29,1532876400
7109,R_3lYUnPKDsGA54tw,BREAST_PUMP,2018-07-29,1532876400
7110,R_3n17fNI56KA8rTV,PUZZLES,2018-07-29,1532876400
7111,R_3nN7gDrlTTNu9A9,SHIRT,2018-07-29,1532876400
7112,R_3nN7gDrlTTNu9A9,PHYSICAL_MOVIE,2018-07-29,1532876400
7113,R_3p8Rjor8VyZP2Qp,PANTS,2018-07-29,1532876400
7114,R_3s5NxhqKpoWo6zm,SNACK_FOOD_BAR,2018-07-29,1532876400
7115,R_3s5NxhqKpoWo6zm,PERSONAL_FRAGRANCE,2018-07-29,1532876400
7116,R_3s5NxhqKpoWo6zm,PORTABLE_VIDEO_DISC_PLAYER,2018-07-29,1532876400
7117,R_3s5NxhqKpoWo6zm,BATTERY,2018-07-29,1532876400
7118,R_3sp0qsXaE11taC1,TOYS_AND_GAMES,2018-07-29,1532876400
7119,R_4PhRzF4UI9ooLh7,PET_PLACEMAT,2018-07-29,1532876400
7120,R_4PhRzF4UI9ooLh7,HEALTH_PERSONAL_CARE,2018-07-29,1532876400
7121,R_4PhRzF4UI9ooLh7,SHIRT,2018-07-29,1532876400
7122,R_4PhRzF4UI9ooLh7,COOKIE_CUTTER,2018-07-29,1532876400
7123,R_8pMsG4P0RqzoSlz,NUTRITIONAL_SUPPLEMENT,2018-07-29,1532876400
7124,R_8pMsG4P0RqzoSlz,UTILITY_CART_WAGON,2018-07-29,1532876400
7125,R_8piDwWBq7V7tyZb,CELL_PHONE_GRIP,2018-07-29,1532876400
7126,R_8piDwWBq7V7tyZb,PHYSICAL_VIDEO_GAME_SOFTWARE,2018-07-29,1532876400
7127,R_8piDwWBq7V7tyZb,TOYS_AND_GAMES,2018-07-29,1532876400
7128,R_8vnpSkm79W7Jsv7,STRING_LIGHT,2018-07-29,1532876400
7129,R_AM0OvM0F9kBvqal,PET_FOOD,2018-07-29,1532876400
7130,R_ApVmIUhdKhewFtn,SKIN_CLEANING_AGENT,2018-07-29,1532876400
7131,R_ApVmIUhdKhewFtn,SKIN_CLEANING_AGENT,2018-07-29,1532876400
7132,R_ApVmIUhdKhewFtn,HEALTH_PERSONAL_CARE,2018-07-29,1532876400
7133,R_Djcs43mP6ReoYgN,SKIN_CLEANING_AGENT,2018-07-29,1532876400
7134,R_O9FzIlCvCxllJSN,TABLE,2018-07-29,1532876400
7135,R_O9FzIlCvCxllJSN,SECURITY_CAMERA,2018-07-29,1532876400
7136,R_O9FzIlCvCxllJSN,SCREEN_PROTECTOR,2018-07-29,1532876400
7137,R_O9FzIlCvCxllJSN,DRYING_RACK,2018-07-29,1532876400
7138,R_OGN3QDO9930tfAl,POWER_SUPPLY,2018-07-29,1532876400
7139,R_OfntYUzw43qHbuF,HEADPHONES,2018-07-29,1532876400
7140,R_SE2qI33L0z1rw2J,HOT_MELT,2018-07-29,1532876400
7141,R_TtK3Qkb3c3EIeoV,SHOES,2018-07-29,1532876400
7142,R_XAphEY817eORyx3,ABIS_GIFT_CARD,2018-07-29,1532876400
7143,R_XAphEY817eORyx3,ENGINE_EXHAUST_PIPE,2018-07-29,1532876400
7144,R_XSu10jIDimUl5m1,MEDICATION,2018-07-29,1532876400
7145,R_XSu10jIDimUl5m1,LIGHT_FIXTURE,2018-07-29,1532876400
7146,R_XSu10jIDimUl5m1,PANTS,2018-07-29,1532876400
7147,R_Zwn68Xfx8lenBER,SKIN_MOISTURIZER,2018-07-29,1532876400
7148,R_Zwn68Xfx8lenBER,TOYS_AND_GAMES,2018-07-29,1532876400
7149,R_b3NWnTBcFyWqXjH,TOPICAL_HAIR_REGROWTH_TREATMENT,2018-07-29,1532876400
7150,R_bJI8lmXMZWL6oql,TAPE_LABEL_DISPENSER,2018-07-29,1532876400
7151,R_bJI8lmXMZWL6oql,LAMP,2018-07-29,1532876400
7152,R_cAcAtozIWnZIbGp,CELLULAR_PHONE_CASE,2018-07-29,1532876400
7153,R_cAcAtozIWnZIbGp,PROFESSIONAL_HEALTHCARE,2018-07-29,1532876400
7154,R_cAcAtozIWnZIbGp,SCREEN_PROTECTOR,2018-07-29,1532876400
7155,R_d5O7dqvA1EWCrPb,THREAD_CORD,2018-07-29,1532876400
7156,R_eyQl26Pq4cq0Xmx,CULINARY_SALT,2018-07-29,1532876400
7157,R_pRWnSKTREPIwpSF,LEASH,2018-07-29,1532876400
7158,R_plnyqyltsGtao9P,NUTRITIONAL_SUPPLEMENT,2018-07-29,1532876400
7159,R_tXHOaasrDjYwLO9,MARKING_PEN,2018-07-29,1532876400
7160,R_u2EdYogSnJBrpex,ABIS_BOOK,2018-07-29,1532876400
7161,R_u9qeol6zlUcq13j,BEAUTY,2018-07-29,1532876400
7162,R_u9qeol6zlUcq13j,SHELF,2018-07-29,1532876400
7163,R_xsyCKTazvY4vHbz,HEADPHONES,2018-07-29,1532876400
7164,R_zdLOP8JD2pe1brj,CHARGING_ADAPTER,2018-07-29,1532876400
7165,R_zdLOP8JD2pe1brj,BOTTLE,2018-07-29,1532876400
7166,R_0pRmRjHkwStzNQJ,COUNTERTOP_BURNER,2018-07-30,1532962800
7167,R_129jUlsvVcVBDur,TEXTILE_DEODORIZER,2018-07-30,1532962800
7168,R_129jUlsvVcVBDur,CARRIER_BAG_CASE,2018-07-30,1532962800
7169,R_129jUlsvVcVBDur,BALLOON,2018-07-30,1532962800
7170,R_1C4nKyrv0w2thJn,CELLULAR_PHONE_CASE,2018-07-30,1532962800
7171,R_1C4nKyrv0w2thJn,SKIN_CLEANING_AGENT,2018-07-30,1532962800
7172,R_1C4nKyrv0w2thJn,TWO_WAY_RADIO,2018-07-30,1532962800
7173,R_1C8w4NDDQC5fcgE,SNACK_FOOD_BAR,2018-07-30,1532962800
7174,R_1C8w4NDDQC5fcgE,NETWORKING_ROUTER,2018-07-30,1532962800
7175,R_1CIQjlABWt7jZWc,PHYSICAL_VIDEO_GAME_SOFTWARE,2018-07-30,1532962800
7176,R_1CIQjlABWt7jZWc,HARDWARE_HANDLE,2018-07-30,1532962800
7177,R_1Cd5zmz07X5BqKa,SOCKS,2018-07-30,1532962800
7178,R_1F35QiIK5csZBEC,TOY_FIGURE,2018-07-30,1532962800
7179,R_1Fyt6rHyiQcVOT8,FLAME_WICK,2018-07-30,1532962800
7180,R_1Fyt6rHyiQcVOT8,SKIN_CLEANING_AGENT,2018-07-30,1532962800
7181,R_1Fyt6rHyiQcVOT8,HEALTH_PERSONAL_CARE,2018-07-30,1532962800
7182,R_1Fyt6rHyiQcVOT8,LIGHT_SOURCE,2018-07-30,1532962800
7183,R_1I6meOeB0piHEX8,HEADPHONES,2018-07-30,1532962800
7184,R_1I6meOeB0piHEX8,BABY_PRODUCT,2018-07-30,1532962800
7185,R_1I6meOeB0piHEX8,ELECTRONIC_CABLE,2018-07-30,1532962800
7186,R_1LMa9REuvUok05j,NUTRITIONAL_SUPPLEMENT,2018-07-30,1532962800
7187,R_1LMa9REuvUok05j,AUTO_ACCESSORY,2018-07-30,1532962800
7188,R_1NCzj2eSHI4QGcd,SCREEN_PROTECTOR,2018-07-30,1532962800
7189,R_1NCzj2eSHI4QGcd,SNACK_FOOD_BAR,2018-07-30,1532962800
7190,R_1NCzj2eSHI4QGcd,SCREEN_PROTECTOR,2018-07-30,1532962800
7191,R_1NDq0rxoUSu6oyz,COSTUME_EYEWEAR,2018-07-30,1532962800
7192,R_1NDq0rxoUSu6oyz,WASHERS,2018-07-30,1532962800
7193,R_1NDq0rxoUSu6oyz,ART_CRAFT_KIT,2018-07-30,1532962800
7194,R_1NDq0rxoUSu6oyz,COSTUME_EYEWEAR,2018-07-30,1532962800
7195,R_1NDq0rxoUSu6oyz,TOY_FIGURE,2018-07-30,1532962800
7196,R_1NDq0rxoUSu6oyz,TOY_FIGURE,2018-07-30,1532962800
7197,R_1OlyKZYuQUE5Cgc,BATTERY,2018-07-30,1532962800
7198,R_1OlyKZYuQUE5Cgc,CELLULAR_PHONE_CASE,2018-07-30,1532962800
7199,R_1OlyKZYuQUE5Cgc,IMPACT_PROTECTION_GEAR,2018-07-30,1532962800
7200,R_1OlyKZYuQUE5Cgc,TOYS_AND_GAMES,2018-07-30,1532962800
7201,R_1gBFjjzA3U3mmXf,VEHICLE_WIND_DEFLECTOR,2018-07-30,1532962800
7202,R_1gBFjjzA3U3mmXf,CELLULAR_PHONE_CASE,2018-07-30,1532962800
7203,R_1gBFjjzA3U3mmXf,MOUSE_PAD,2018-07-30,1532962800
7204,R_1gBFjjzA3U3mmXf,BACKPACK,2018-07-30,1532962800
7205,R_1gBFjjzA3U3mmXf,EXERCISE_BLOCK,2018-07-30,1532962800
7206,R_1gq1l7L7YXNcp13,HEADPHONES,2018-07-30,1532962800
7207,R_1lxYa2W6GgcAQ19,TOYS_AND_GAMES,2018-07-30,1532962800
7208,R_1lxYa2W6GgcAQ19,VITAMIN,2018-07-30,1532962800
7209,R_1n8h8059UUul8Dr,SKIN_MOISTURIZER,2018-07-30,1532962800
7210,R_1oFSDeGAQcUN2v8,FOOD,2018-07-30,1532962800
7211,R_20V73ixsOYXCBbP,POOL_HEATER,2018-07-30,1532962800
7212,R_210tLKdUbUZuf7O,ANIMAL_WATER_DISPENSER,2018-07-30,1532962800
7213,R_22SxELlmhBQCe1C,BATTERY,2018-07-30,1532962800
7214,R_22SxELlmhBQCe1C,DISPLAY_ALBUM,2018-07-30,1532962800
7215,R_24BGQeYnh5rnOEv,CELLULAR_PHONE_CASE,2018-07-30,1532962800
7216,R_24csoaO569P4Yzz,BATTERY,2018-07-30,1532962800
7217,R_24csoaO569P4Yzz,PAINT_BRUSH,2018-07-30,1532962800
7218,R_24ovSGBcJmAm7rm,ITEM_CONTAINER,2018-07-30,1532962800
7219,R_25YqaojEWt641sK,SHOES,2018-07-30,1532962800
7220,R_27B5jMHYqArQV6X,SHOES,2018-07-30,1532962800
7221,R_28BST1zc80UaP2C,FASTENER_DRIVE_BIT,2018-07-30,1532962800
7222,R_28IDNbS8mqpfyKD,PERSONAL_COMPUTER,2018-07-30,1532962800
7223,R_28IDNbS8mqpfyKD,DAILY_LIVING_AIDS,2018-07-30,1532962800
7224,R_28IDNbS8mqpfyKD,SHIRT,2018-07-30,1532962800
7225,R_2DSmjafbkSAict9,PRINT_COPY_PAPER,2018-07-30,1532962800
7226,R_2OHgbfVLtFIinBW,BATTERY,2018-07-30,1532962800
7227,R_2QRMdwLStyElYoU,JUICE_AND_JUICE_DRINK,2018-07-30,1532962800
7228,R_2UfTIFhpicfXgPX,HOME,2018-07-30,1532962800
7229,R_2UfTIFhpicfXgPX,ABIS_BOOK,2018-07-30,1532962800
7230,R_2UgruQ1jzpNXLQZ,VEGETABLE,2018-07-30,1532962800
7231,R_2VwjXhJ5OznStEi,PET_FOOD,2018-07-30,1532962800
7232,R_2VwjXhJ5OznStEi,SKIN_MOISTURIZER,2018-07-30,1532962800
7233,R_2VwjXhJ5OznStEi,PHYSICAL_MOVIE,2018-07-30,1532962800
7234,R_2WAagX64hf1kdMI,TOYS_AND_GAMES,2018-07-30,1532962800
7235,R_2WAagX64hf1kdMI,HEADPHONES,2018-07-30,1532962800
7236,R_2WAagX64hf1kdMI,HARDWARE_STAPLE,2018-07-30,1532962800
7237,R_2XoI6KbLJRGFz5X,VACUUM_CLEANER,2018-07-30,1532962800
7238,R_2XoI6KbLJRGFz5X,HEALTH_PERSONAL_CARE,2018-07-30,1532962800
7239,R_2XoI6KbLJRGFz5X,MEDICATION,2018-07-30,1532962800
7240,R_2XoI6KbLJRGFz5X,BATTERY,2018-07-30,1532962800
7241,R_2XoI6KbLJRGFz5X,HEALTH_PERSONAL_CARE,2018-07-30,1532962800
7242,R_2XoI6KbLJRGFz5X,BATTERY,2018-07-30,1532962800
7243,R_2XoI6KbLJRGFz5X,GUILD_HOME,2018-07-30,1532962800
7244,R_2XoI6KbLJRGFz5X,MEDICATION,2018-07-30,1532962800
7245,R_2XoI6KbLJRGFz5X,WATCH_BAND,2018-07-30,1532962800
7246,R_2XoI6KbLJRGFz5X,PIPING_TIP,2018-07-30,1532962800
7247,R_2YKPfnktaDrPIYT,ABIS_BEAUTY,2018-07-30,1532962800
7248,R_2YKPfnktaDrPIYT,HEALTH_PERSONAL_CARE,2018-07-30,1532962800
7249,R_2YKPfnktaDrPIYT,BRA,2018-07-30,1532962800
7250,R_2YR2Yn7wGzAeAj0,VEST,2018-07-30,1532962800
7251,R_2aldwxmUZox7Yfd,CELLULAR_PHONE_CASE,2018-07-30,1532962800
7252,R_2cBADxleVyzT89z,HEADPHONES,2018-07-30,1532962800
7253,R_2dGCaOSuAKevfs7,APPAREL_HEAD_NECK_COVERING,2018-07-30,1532962800
7254,R_2dRR9SjNrn4s7xU,SAUCE,2018-07-30,1532962800
7255,R_2dY2NzAgp2digAs,NUTRITIONAL_SUPPLEMENT,2018-07-30,1532962800
7256,R_2djaIfKORskyeuO,SCREEN_PROTECTOR,2018-07-30,1532962800
7257,R_2q2hekIiutgInrE,BABY_PRODUCT,2018-07-30,1532962800
7258,R_2q2hekIiutgInrE,INPUT_OUTPUT_CARD,2018-07-30,1532962800
7259,R_2qD8ep8d313iLj4,SLIPPER,2018-07-30,1532962800
7260,R_2qD8ep8d313iLj4,UMBRELLA,2018-07-30,1532962800
7261,R_2vYeXyFdrSyrVwh,ABIS_BOOK,2018-07-30,1532962800
7262,R_2vYeXyFdrSyrVwh,CLOTHES_HANGER,2018-07-30,1532962800
7263,R_2vkMWH10xWp7o9s,PHYSICAL_MOVIE,2018-07-30,1532962800
7264,R_2vkMWH10xWp7o9s,SNACK_FOOD_BAR,2018-07-30,1532962800
7265,R_2vkMWH10xWp7o9s,ABIS_BOOK,2018-07-30,1532962800
7266,R_2vkMWH10xWp7o9s,LABEL,2018-07-30,1532962800
7267,R_2vkMWH10xWp7o9s,BABY_PRODUCT,2018-07-30,1532962800
7268,R_2vkMWH10xWp7o9s,BATTERY,2018-07-30,1532962800
7269,R_2vkMWH10xWp7o9s,HAIR_CLEANER_CONDITIONER,2018-07-30,1532962800
7270,R_2vkMWH10xWp7o9s,BOOK,2018-07-30,1532962800
7271,R_325wNEypLBLRTf7,FERTILIZER,2018-07-30,1532962800
7272,R_325wPQDFbzpv3zZ,DRYING_RACK,2018-07-30,1532962800
7273,R_3D0FIkesMnTGsnm,TOY_FIGURE_PLAYSET,2018-07-30,1532962800
7274,R_3D8fwycJF7eksBo,LIGHT_FIXTURE,2018-07-30,1532962800
7275,R_3ElHoNUS8Tyu7RP,ABIS_BOOK,2018-07-30,1532962800
7276,R_3ElHoNUS8Tyu7RP,HEALTH_PERSONAL_CARE,2018-07-30,1532962800
7277,R_3ElHoNUS8Tyu7RP,SKIN_MOISTURIZER,2018-07-30,1532962800
7278,R_3FPeOTnJa3dJ112,PANTS,2018-07-30,1532962800
7279,R_3FPeOTnJa3dJ112,NUTRITIONAL_SUPPLEMENT,2018-07-30,1532962800
7280,R_3FPeOTnJa3dJ112,SKIN_MOISTURIZER,2018-07-30,1532962800
7281,R_3GiFHVWzYKHT1F5,SKIN_CLEANING_AGENT,2018-07-30,1532962800
7282,R_3Hphzg7zu04Hgy1,SKIN_MOISTURIZER,2018-07-30,1532962800
7283,R_3Hphzg7zu04Hgy1,CURTAIN,2018-07-30,1532962800
7284,R_3Hphzg7zu04Hgy1,GROCERY,2018-07-30,1532962800
7285,R_3J8UJcgwnW51IvN,PET_FOOD,2018-07-30,1532962800
7286,R_3JK3aP5uRxffXiy,CURTAIN_SWAG_HOLDER,2018-07-30,1532962800
7287,R_3JK3aP5uRxffXiy,SHIRT,2018-07-30,1532962800
7288,R_3Jl5q6tZJctgL8B,BEAUTY,2018-07-30,1532962800
7289,R_3Jxiicg67etW2yt,SPORTING_GOODS,2018-07-30,1532962800
7290,R_3Jxiicg67etW2yt,SHAMPOO,2018-07-30,1532962800
7291,R_3MyEdXOZ8P75S1V,BATTERY,2018-07-30,1532962800
7292,R_3MyEdXOZ8P75S1V,ABIS_BOOK,2018-07-30,1532962800
7293,R_3MyEdXOZ8P75S1V,JUICE_AND_JUICE_DRINK,2018-07-30,1532962800
7294,R_3O9aPnM7ixjsbYK,ELECTRONIC_CABLE,2018-07-30,1532962800
7295,R_3O9aPnM7ixjsbYK,SKIN_MOISTURIZER,2018-07-30,1532962800
7296,R_3QXUWuTn4OdbNmh,FOOD_BLENDER,2018-07-30,1532962800
7297,R_3QXUWuTn4OdbNmh,REFRIGERATOR,2018-07-30,1532962800
7298,R_3ek9YZGdsDHjUZf,CORRECTIVE_EYEGLASSES,2018-07-30,1532962800
7299,R_3ek9YZGdsDHjUZf,CORRECTIVE_EYEGLASSES,2018-07-30,1532962800
7300,R_3ek9YZGdsDHjUZf,GROCERY,2018-07-30,1532962800
7301,R_3fB1NIeE1OGUd72,BICYCLE_BASKET,2018-07-30,1532962800
7302,R_3fB1NIeE1OGUd72,CLEANING_AGENT,2018-07-30,1532962800
7303,R_3h4JnsfebywTUxX,LOCK,2018-07-30,1532962800
7304,R_3h4JnsfebywTUxX,TOOLS,2018-07-30,1532962800
7305,R_3h4JnsfebywTUxX,SNACK_FOOD_BAR,2018-07-30,1532962800
7306,R_3h4JnsfebywTUxX,ABIS_BOOK,2018-07-30,1532962800
7307,R_3jSAmu0UzDwnhQD,MANUAL_SHAVING_RAZOR,2018-07-30,1532962800
7308,R_3jSAmu0UzDwnhQD,WATCH,2018-07-30,1532962800
7309,R_3m3H4mwZ2snYFua,NUTRITIONAL_SUPPLEMENT,2018-07-30,1532962800
7310,R_3m3H4mwZ2snYFua,PORTABLE_ELECTRONIC_DEVICE_COVER,2018-07-30,1532962800
7311,R_3qTFp0FJqUeMhVZ,HANGING_ROD,2018-07-30,1532962800
7312,R_3qTFp0FJqUeMhVZ,PORTABLE_ELECTRONIC_DEVICE_COVER,2018-07-30,1532962800
7313,R_3qqdzQnCaBYHx9o,ART_MEDIA_PAPER,2018-07-30,1532962800
7314,R_3qrqbddZ7eR9KW8,SCREEN_PROTECTOR,2018-07-30,1532962800
7315,R_3rSVzZdjthhnCx0,PHYSICAL_MOVIE,2018-07-30,1532962800
7316,R_3rZHdmB75jSgwhr,WEBCAM,2018-07-30,1532962800
7317,R_3rZHdmB75jSgwhr,SHIRT,2018-07-30,1532962800
7318,R_3socPWD3wXD0iDP,PHYSICAL_MOVIE,2018-07-30,1532962800
7319,R_5uabKnJBMc7HyEN,PET_FOOD,2018-07-30,1532962800
7320,R_8pMsG4P0RqzoSlz,PET_PLACEMAT,2018-07-30,1532962800
7321,R_8piDwWBq7V7tyZb,LIP_COLOR,2018-07-30,1532962800
7322,R_8piDwWBq7V7tyZb,SALAD_DRESSING,2018-07-30,1532962800
7323,R_8wRttNX3JNWugRr,SHOES,2018-07-30,1532962800
7324,R_A5Mg9h1PiJL0Wyd,PET_FOOD,2018-07-30,1532962800
7325,R_A5Mg9h1PiJL0Wyd,PHYSICAL_VIDEO_GAME_SOFTWARE,2018-07-30,1532962800
7326,R_A5Mg9h1PiJL0Wyd,SHOES,2018-07-30,1532962800
7327,R_A5Mg9h1PiJL0Wyd,SKIN_MOISTURIZER,2018-07-30,1532962800
7328,R_AKBlDprDMrv4M7v,SPORT_NET,2018-07-30,1532962800
7329,R_BWhnv4EdbhSS6rf,ELECTRIC_WATER_BOILER,2018-07-30,1532962800
7330,R_OdTirYYBS6ms6nn,SKIN_MOISTURIZER,2018-07-30,1532962800
7331,R_OdTirYYBS6ms6nn,PRINTER,2018-07-30,1532962800
7332,R_OdTirYYBS6ms6nn,LUXURY_BEAUTY,2018-07-30,1532962800
7333,R_OdTirYYBS6ms6nn,TAPE_LABEL_DISPENSER,2018-07-30,1532962800
7334,R_OdTirYYBS6ms6nn,VEHICLE_SAFETY_CAMERA,2018-07-30,1532962800
7335,R_OdTirYYBS6ms6nn,CAMCORDER,2018-07-30,1532962800
7336,R_OdTirYYBS6ms6nn,SKIN_CLEANING_AGENT,2018-07-30,1532962800
7337,R_Odixb15Ykmxb0Dn,WATER_FLOTATION_DEVICE,2018-07-30,1532962800
7338,R_OkSi9IxX5ddzzl7,HEALTH_PERSONAL_CARE,2018-07-30,1532962800
7339,R_Q4ZjTFeyiC5kgQV,POWER_SUPPLIES_OR_PROTECTION,2018-07-30,1532962800
7340,R_Q6WPHvxgbOBjvZ7,GUITAR_EFFECT_DEVICE,2018-07-30,1532962800
7341,R_UiGJcgWtDtZPfih,ELECTRONIC_CABLE,2018-07-30,1532962800
7342,R_VKZzr77ll29A1iN,TOYS_AND_GAMES,2018-07-30,1532962800
7343,R_XYTa0bvoaQqev3r,SHIRT,2018-07-30,1532962800
7344,R_Y3TdYiBodZOLXlT,VITAMIN,2018-07-30,1532962800
7345,R_ZIBCd5K8oQRXdm1,SNACK_FOOD_BAR,2018-07-30,1532962800
7346,R_ZkokwdIEZybYo9z,CONSUMER_ELECTRONICS,2018-07-30,1532962800
7347,R_bJbNhR1I5NnLKb7,VALVE,2018-07-30,1532962800
7348,R_bKJcIltPwncL9uN,DAIRY_BASED_DRINK,2018-07-30,1532962800
7349,R_bvB6935ZyXpoL5v,SHOES,2018-07-30,1532962800
7350,R_cAcAtozIWnZIbGp,HOOK_LOOP_FASTENER,2018-07-30,1532962800
7351,R_cCucjmijTJETC6d,PIERCING_JEWELRY,2018-07-30,1532962800
7352,R_ctNHcxd3vRvndXH,ELECTRONIC_CABLE,2018-07-30,1532962800
7353,R_e8KTElZZLWryLWp,SKIN_EXFOLIANT,2018-07-30,1532962800
7354,R_e8KTElZZLWryLWp,CHARGING_ADAPTER,2018-07-30,1532962800
7355,R_r1qqClBL89aFjXP,BATTERY,2018-07-30,1532962800
7356,R_reG3llJtTwO6ccV,SHOES,2018-07-30,1532962800
7357,R_sqjjAsz7GATggo1,INPUT_MOUSE,2018-07-30,1532962800
7358,R_vD2O13NgdnWBXMt,SCREEN_PROTECTOR,2018-07-30,1532962800
7359,R_w5bE96azoKnM6Ih,PANTS,2018-07-30,1532962800
7360,R_xsyCKTazvY4vHbz,ADHESIVE_TAPES,2018-07-30,1532962800
7361,R_xsyCKTazvY4vHbz,BUILDING_MATERIAL,2018-07-30,1532962800
7362,R_1C9YUFD8GunlGej,STICKER_DECAL,2018-07-31,1533049200
7363,R_1FWSWSjBuPMvSgx,SOIL,2018-07-31,1533049200
7364,R_1I4dnMKlrmtUP09,SUGAR,2018-07-31,1533049200
7365,R_1I4dnMKlrmtUP09,MOTHERBOARD,2018-07-31,1533049200
7366,R_1I4dnMKlrmtUP09,CELLULAR_PHONE_CASE,2018-07-31,1533049200
7367,R_1IaYiTSaUaD2W2i,TOILET_PAPER,2018-07-31,1533049200
7368,R_1LRR1P5IQqdSvIP,PROTECTIVE_GLOVE,2018-07-31,1533049200
7369,R_1NCzj2eSHI4QGcd,BATTERY,2018-07-31,1533049200
7370,R_1NCzj2eSHI4QGcd,LIP_BALM,2018-07-31,1533049200
7371,R_1NDq0rxoUSu6oyz,ELECTRONIC_CABLE,2018-07-31,1533049200
7372,R_1OlyKZYuQUE5Cgc,SKIRT,2018-07-31,1533049200
7373,R_1Oov0G05pkQnKNn,SHIRT,2018-07-31,1533049200
7374,R_1Q62CIVb2WAS8hB,HEADPHONES,2018-07-31,1533049200
7375,R_1gOX88nojaBXOt2,PANTS,2018-07-31,1533049200
7376,R_1gOX88nojaBXOt2,CELLULAR_PHONE_CASE,2018-07-31,1533049200
7377,R_1gOX88nojaBXOt2,GROCERY,2018-07-31,1533049200
7378,R_1gOX88nojaBXOt2,PROTEIN_SUPPLEMENT_POWDER,2018-07-31,1533049200
7379,R_1gOX88nojaBXOt2,ABIS_BOOK,2018-07-31,1533049200
7380,R_1hLPyY3aamfi3xT,PANTS,2018-07-31,1533049200
7381,R_1hLPyY3aamfi3xT,HANGING_ROD,2018-07-31,1533049200
7382,R_1hLPyY3aamfi3xT,SUGAR_CANDY,2018-07-31,1533049200
7383,R_1hLPyY3aamfi3xT,OUTDOOR_RECREATION_PRODUCT,2018-07-31,1533049200
7384,R_1hLPyY3aamfi3xT,SNACK_FOOD_BAR,2018-07-31,1533049200
7385,R_1hLPyY3aamfi3xT,STRING_TRIMMER,2018-07-31,1533049200
7386,R_1oFRyes3ggnKU4B,COSTUME_OUTFIT,2018-07-31,1533049200
7387,R_1pu6yYPsuymsIIz,ABIS_BOOK,2018-07-31,1533049200
7388,R_1pu6yYPsuymsIIz,SWIMWEAR,2018-07-31,1533049200
7389,R_1rq9oimamSF6rsF,DRINK_COASTER,2018-07-31,1533049200
7390,R_1rq9oimamSF6rsF,ELECTRONIC_CABLE,2018-07-31,1533049200
7391,R_21G54IjScAJhDAM,SAFETY_HARNESS,2018-07-31,1533049200
7392,R_21G54IjScAJhDAM,BOTTLE_NIPPLE,2018-07-31,1533049200
7393,R_21ttkGbeIL6HdlR,CELLULAR_PHONE_CASE,2018-07-31,1533049200
7394,R_21ttkGbeIL6HdlR,BONDING_ADHESIVES,2018-07-31,1533049200
7395,R_21ttkGbeIL6HdlR,HEADPHONES,2018-07-31,1533049200
7396,R_22XEVzemearX7mD,PET_TOY,2018-07-31,1533049200
7397,R_22XEVzemearX7mD,TOYS_AND_GAMES,2018-07-31,1533049200
7398,R_24csoaO569P4Yzz,SHIRT,2018-07-31,1533049200
7399,R_24csoaO569P4Yzz,POOL_SPA_WATER_TREATMENT,2018-07-31,1533049200
7400,R_24csoaO569P4Yzz,FISHING_HOOK,2018-07-31,1533049200
7401,R_24dbGLxukEKohG6,HARDWARE_HANDLE,2018-07-31,1533049200
7402,R_24dbGLxukEKohG6,ELASTIC_BAND,2018-07-31,1533049200
7403,R_24dbGLxukEKohG6,FOOD_STORAGE_CONTAINER,2018-07-31,1533049200
7404,R_24dbGLxukEKohG6,PHYSICAL_MOVIE,2018-07-31,1533049200
7405,R_24dbGLxukEKohG6,UTILITY_JACK,2018-07-31,1533049200
7406,R_25YqaojEWt641sK,GROCERY,2018-07-31,1533049200
7407,R_27DL80quzRiSEmq,MEDICATION,2018-07-31,1533049200
7408,R_27DL80quzRiSEmq,SHIRT,2018-07-31,1533049200
7409,R_2ASBFgthVbaGlF3,SNACK_FOOD_BAR,2018-07-31,1533049200
7410,R_2ASBFgthVbaGlF3,ELECTRONIC_CABLE,2018-07-31,1533049200
7411,R_2ASBFgthVbaGlF3,SKATEBOARD,2018-07-31,1533049200
7412,R_2ASBFgthVbaGlF3,MEDICATION,2018-07-31,1533049200
7413,R_2ASBFgthVbaGlF3,HOME,2018-07-31,1533049200
7414,R_2BesSIAnd7POW2C,SHORTS,2018-07-31,1533049200
7415,R_2CKdeuvfVrO8I49,FISHING_HOOK,2018-07-31,1533049200
7416,R_2D2K5rKv8NODIDZ,AIR_GUN_PROJECTILE,2018-07-31,1533049200
7417,R_2E9JSBmmNNT5YMi,ABIS_BOOK,2018-07-31,1533049200
7418,R_2E9JSBmmNNT5YMi,VEHICLE_LIGHT_ASSEMBLY,2018-07-31,1533049200
7419,R_2E9JSBmmNNT5YMi,PHYSICAL_MOVIE,2018-07-31,1533049200
7420,R_2E9JSBmmNNT5YMi,VITAMIN,2018-07-31,1533049200
7421,R_2QQl58nFfrZayxf,ABIS_BOOK,2018-07-31,1533049200
7422,R_2TL7w44l8M5vEok,TOY_FIGURE,2018-07-31,1533049200
7423,R_2TL7w44l8M5vEok,BATTERY,2018-07-31,1533049200
7424,R_2TL7w44l8M5vEok,COMPUTER_SPEAKER,2018-07-31,1533049200
7425,R_2TL7w44l8M5vEok,NUTRITIONAL_SUPPLEMENT,2018-07-31,1533049200
7426,R_2TL7w44l8M5vEok,ELECTRIC_FOOD_MILL_GRINDER,2018-07-31,1533049200
7427,R_2VwjXhJ5OznStEi,MEDICATION,2018-07-31,1533049200
7428,R_2WAagX64hf1kdMI,SINGLE_BOARD_COMPUTER,2018-07-31,1533049200
7429,R_2WAagX64hf1kdMI,SWIMWEAR,2018-07-31,1533049200
7430,R_2WAagX64hf1kdMI,VITAMIN,2018-07-31,1533049200
7431,R_2WAagX64hf1kdMI,ABIS_BOOK,2018-07-31,1533049200
7432,R_2WMQprO1e6US68f,PET_SUPPLIES,2018-07-31,1533049200
7433,R_2WSDyKoVDJhO1Os,WRIST_REST,2018-07-31,1533049200
7434,R_2WSDyKoVDJhO1Os,SNACK_FOOD_BAR,2018-07-31,1533049200
7435,R_2b1XOZR0PYTA1jX,HAT,2018-07-31,1533049200
7436,R_2b1XOZR0PYTA1jX,ABIS_BOOK,2018-07-31,1533049200
7437,R_2dFHfsIqQ6eEtVW,AUTO_PART,2018-07-31,1533049200
7438,R_2djaIfKORskyeuO,PHYSICAL_MOVIE,2018-07-31,1533049200
7439,R_2djaIfKORskyeuO,ELECTRONIC_CABLE,2018-07-31,1533049200
7440,R_2djaIfKORskyeuO,TRAILER_HITCH_COVER,2018-07-31,1533049200
7441,R_2djaIfKORskyeuO,EXERCISE_MAT,2018-07-31,1533049200
7442,R_2e9e8lhWqVtpb7m,VITAMIN,2018-07-31,1533049200
7443,R_2ebzj3o225IisIQ,GIFT_CARD,2018-07-31,1533049200
7444,R_2foIkyims4WyyYQ,HEALTH_PERSONAL_CARE,2018-07-31,1533049200
7445,R_2mKYTXpTsUEkSGt,GROCERY,2018-07-31,1533049200
7446,R_2mKYTXpTsUEkSGt,NAIL_POLISH_BRUSH,2018-07-31,1533049200
7447,R_2pWAVsUj7WsZHLs,SHIRT,2018-07-31,1533049200
7448,R_2pWAVsUj7WsZHLs,ELECTRONIC_CABLE,2018-07-31,1533049200
7449,R_2pWAVsUj7WsZHLs,MEDICATION,2018-07-31,1533049200
7450,R_2uPcQuKixR5S2ZO,SHOES,2018-07-31,1533049200
7451,R_2vkMWH10xWp7o9s,BALLOON,2018-07-31,1533049200
7452,R_2vkMWH10xWp7o9s,HAIR_CLEANER_CONDITIONER,2018-07-31,1533049200
7453,R_2wzatCV9Z18xLF2,SKIN_CLEANING_AGENT,2018-07-31,1533049200
7454,R_2wzatCV9Z18xLF2,SPORTING_GOODS,2018-07-31,1533049200
7455,R_2wzatCV9Z18xLF2,ELECTRONIC_CABLE,2018-07-31,1533049200
7456,R_2z7rLZb69WuqDdf,NUTRITIONAL_SUPPLEMENT,2018-07-31,1533049200
7457,R_2z7rLZb69WuqDdf,PORTABLE_STOVE,2018-07-31,1533049200
7458,R_2z7rLZb69WuqDdf,PANTS,2018-07-31,1533049200
7459,R_30608xSlGTOqDvx,PET_FOOD,2018-07-31,1533049200
7460,R_31QS1Ms6iQEU3mI,DIGITAL_DEVICE_4_ACCESSORY,2018-07-31,1533049200
7461,R_31SNC0DcyjBDcq3,SYRUP,2018-07-31,1533049200
7462,R_32LAHRoBCbjkYZj,FIGURINE,2018-07-31,1533049200
7463,R_33xxVtjHgiJnNli,SLIPPER,2018-07-31,1533049200
7464,R_3Em4Q2OBHB3m5rz,PHYSICAL_MOVIE,2018-07-31,1533049200
7465,R_3G7BILj5lidHb8M,CELLULAR_PHONE_CASE,2018-07-31,1533049200
7466,R_3G7BILj5lidHb8M,SCREEN_PROTECTOR,2018-07-31,1533049200
7467,R_3G7BILj5lidHb8M,ELECTRONIC_SENSOR,2018-07-31,1533049200
7468,R_3JjRmgOh3ZydDiW,SURVEILANCE_SYSTEMS,2018-07-31,1533049200
7469,R_3Jl5q6tZJctgL8B,UNINTERRUPTIBLE_POWER_SUPPLY,2018-07-31,1533049200
7470,R_3Jl5q6tZJctgL8B,SHOES,2018-07-31,1533049200
7471,R_3KCUnPI9FEz7vTo,HEALTH_PERSONAL_CARE,2018-07-31,1533049200
7472,R_3KCUnPI9FEz7vTo,HEADPHONES,2018-07-31,1533049200
7473,R_3MMW2ivCFCtjHIe,NUTRITIONAL_SUPPLEMENT,2018-07-31,1533049200
7474,R_3MMW2ivCFCtjHIe,PILLOW,2018-07-31,1533049200
7475,R_3NQyjCbeWDx3POa,SKIN_CLEANING_AGENT,2018-07-31,1533049200
7476,R_3Pwa112XZRRejbA,PANTS,2018-07-31,1533049200
7477,R_3RmDOazalOu0F1L,SNACK_FOOD_BAR,2018-07-31,1533049200
7478,R_3RmDOazalOu0F1L,ABIS_BOOK,2018-07-31,1533049200
7479,R_3RmDOazalOu0F1L,PROJECTILE_BOW,2018-07-31,1533049200
7480,R_3emmbwwsXsxt4Oj,ZIPPER_FASTENER,2018-07-31,1533049200
7481,R_3ezA9QwlGKzfZk4,SAFETY_GLASSES,2018-07-31,1533049200
7482,R_3g6FdS9TC745S4Y,VACUUM_CLEANER_BAG,2018-07-31,1533049200
7483,R_3g6FdS9TC745S4Y,WRITING_INSTRUMENT,2018-07-31,1533049200
7484,R_3g6FdS9TC745S4Y,EPILATOR,2018-07-31,1533049200
7485,R_3gTrwWhEzAv6gzH,NUTRITIONAL_SUPPLEMENT,2018-07-31,1533049200
7486,R_3gTrwWhEzAv6gzH,BATH_SAFETY_SEATING,2018-07-31,1533049200
7487,R_3gTrwWhEzAv6gzH,TOY_FIGURE,2018-07-31,1533049200
7488,R_3huKAYi4haQXzDn,ELECTRONIC_CABLE,2018-07-31,1533049200
7489,R_3jSAmu0UzDwnhQD,ART_CRAFT_KIT,2018-07-31,1533049200
7490,R_3mm166mlwrLpf6y,BLANK_MEDIA,2018-07-31,1533049200
7491,R_3mm166mlwrLpf6y,PROTECTIVE_GLOVE,2018-07-31,1533049200
7492,R_3mm166mlwrLpf6y,SCREEN_PROTECTOR,2018-07-31,1533049200
7493,R_3nAdXXqYg1JqHOf,BATTERY,2018-07-31,1533049200
7494,R_3oB0VIIWn6ZnPjN,FIREPLACE,2018-07-31,1533049200
7495,R_3pmeuOmzM4r5gMS,FLATWARE,2018-07-31,1533049200
7496,R_3pmeuOmzM4r5gMS,PET_SUPPLIES,2018-07-31,1533049200
7497,R_3qWnPpXqudB3ETJ,CAKE_TOPPER,2018-07-31,1533049200
7498,R_3qe2tDpGxexEAso,SHIRT,2018-07-31,1533049200
7499,R_3qjvaF4zWZz3obB,SKIN_MOISTURIZER,2018-07-31,1533049200
7500,R_3qqdzQnCaBYHx9o,CELLULAR_PHONE_CASE,2018-07-31,1533049200
7501,R_3qqdzQnCaBYHx9o,COFFEE_FILTER,2018-07-31,1533049200
7502,R_3qqdzQnCaBYHx9o,FILE_FOLDER,2018-07-31,1533049200
7503,R_3s60LmlFm5fAEP5,PET_FOOD,2018-07-31,1533049200
7504,R_3s60LmlFm5fAEP5,SHIRT,2018-07-31,1533049200
7505,R_3s60LmlFm5fAEP5,SKIN_MOISTURIZER,2018-07-31,1533049200
7506,R_3socPWD3wXD0iDP,UNDERPANTS,2018-07-31,1533049200
7507,R_3socPWD3wXD0iDP,GROCERY,2018-07-31,1533049200
7508,R_3socPWD3wXD0iDP,POOL_SPA_WATER_TREATMENT,2018-07-31,1533049200
7509,R_3socPWD3wXD0iDP,SKIN_MOISTURIZER,2018-07-31,1533049200
7510,R_3socPWD3wXD0iDP,SYSTEM_CABINET,2018-07-31,1533049200
7511,R_4ONrU60VenuwARr,SKIN_MOISTURIZER,2018-07-31,1533049200
7512,R_4ONrU60VenuwARr,CARGO_NET,2018-07-31,1533049200
7513,R_4ONrU60VenuwARr,MEDICATION,2018-07-31,1533049200
7514,R_4ONrU60VenuwARr,LABEL,2018-07-31,1533049200
7515,R_4ONrU60VenuwARr,DRINKING_STRAW,2018-07-31,1533049200
7516,R_4ONrU60VenuwARr,RING,2018-07-31,1533049200
7517,R_4PhRzF4UI9ooLh7,CELLULAR_PHONE_CASE,2018-07-31,1533049200
7518,R_4PhRzF4UI9ooLh7,CAMERA_LENS_FILTERS,2018-07-31,1533049200
7519,R_4PhRzF4UI9ooLh7,SHOES,2018-07-31,1533049200
7520,R_4PhRzF4UI9ooLh7,COOKIE_CUTTER,2018-07-31,1533049200
7521,R_55BKHeW1aOzYOUp,POWER_CONVERTER,2018-07-31,1533049200
7522,R_55BKHeW1aOzYOUp,MEDICATION,2018-07-31,1533049200
7523,R_5uabKnJBMc7HyEN,PANTS,2018-07-31,1533049200
7524,R_6Jw0sPgGkHLnKkp,TOYS_AND_GAMES,2018-07-31,1533049200
7525,R_8piDwWBq7V7tyZb,SNACK_MIX,2018-07-31,1533049200
7526,R_8piDwWBq7V7tyZb,PANTS,2018-07-31,1533049200
7527,R_8vnpSkm79W7Jsv7,SHIRT,2018-07-31,1533049200
7528,R_8vnpSkm79W7Jsv7,PAINT,2018-07-31,1533049200
7529,R_9L8Lum5AaHh6bq9,MAPS,2018-07-31,1533049200
7530,R_AM0OvM0F9kBvqal,HEALTH_PERSONAL_CARE,2018-07-31,1533049200
7531,R_AM0OvM0F9kBvqal,GROCERY,2018-07-31,1533049200
7532,R_ApVmIUhdKhewFtn,SKIN_CLEANING_AGENT,2018-07-31,1533049200
7533,R_ApVmIUhdKhewFtn,BATTERY_CHARGER,2018-07-31,1533049200
7534,R_BRQBOvIYvOAz5w5,VDO_DEVICES,2018-07-31,1533049200
7535,R_BRQBOvIYvOAz5w5,PET_FOOD,2018-07-31,1533049200
7536,R_BWhnv4EdbhSS6rf,ABIS_BOOK,2018-07-31,1533049200
7537,R_CaF1pc8CnyWJvCp,CELLULAR_PHONE_CASE,2018-07-31,1533049200
7538,R_Djcs43mP6ReoYgN,FOOD_BLENDER,2018-07-31,1533049200
7539,R_Djcs43mP6ReoYgN,WALLPAPER,2018-07-31,1533049200
7540,R_Djcs43mP6ReoYgN,PROFESSIONAL_HEALTHCARE,2018-07-31,1533049200
7541,R_OMNSdX5mDbUEZNf,BATTERY,2018-07-31,1533049200
7542,R_OMNSdX5mDbUEZNf,PET_FOOD,2018-07-31,1533049200
7543,R_OdTirYYBS6ms6nn,PAINT_BRUSH,2018-07-31,1533049200
7544,R_PwlnzzccUMXV0n7,HERBAL_SUPPLEMENT,2018-07-31,1533049200
7545,R_Rw7CA3irllJSRH3,CAPO,2018-07-31,1533049200
7546,R_Rw7CA3irllJSRH3,PANTS,2018-07-31,1533049200
7547,R_Rw7CA3irllJSRH3,SNACK_FOOD_BAR,2018-07-31,1533049200
7548,R_Rw7CA3irllJSRH3,SKIN_MOISTURIZER,2018-07-31,1533049200
7549,R_Rw7CA3irllJSRH3,PIPET,2018-07-31,1533049200
7550,R_SVHcBOlErkMEJjP,SNACK_FOOD_BAR,2018-07-31,1533049200
7551,R_SVHcBOlErkMEJjP,HOSE_PIPE_FITTING,2018-07-31,1533049200
7552,R_VKZzr77ll29A1iN,SHIRT,2018-07-31,1533049200
7553,R_VKZzr77ll29A1iN,PHYSICAL_MOVIE,2018-07-31,1533049200
7554,R_WerZwuLkMK4zfVf,SHIRT,2018-07-31,1533049200
7555,R_XwiCirQyfwJzVtv,PITCHER,2018-07-31,1533049200
7556,R_Y4jCkfTFzvtw5SF,SHIRT,2018-07-31,1533049200
7557,R_Y4jCkfTFzvtw5SF,STICKER_DECAL,2018-07-31,1533049200
7558,R_YS4MPsfM1Neg0RH,ELECTRONIC_CABLE,2018-07-31,1533049200
7559,R_YS4MPsfM1Neg0RH,ABIS_BOOK,2018-07-31,1533049200
7560,R_Z4qMkqhWSmIbdSh,SKIN_CLEANING_AGENT,2018-07-31,1533049200
7561,R_Z4qMkqhWSmIbdSh,WALLET,2018-07-31,1533049200
7562,R_ZkokwdIEZybYo9z,ELECTROMECHANICAL_GAUGE,2018-07-31,1533049200
7563,R_b3dSUlk76L0C6TD,WEATHER_STRIPPING,2018-07-31,1533049200
7564,R_b3dSUlk76L0C6TD,CAMERA_LENS_FILTERS,2018-07-31,1533049200
7565,R_b94CAnrDM9JIx4R,FOOD,2018-07-31,1533049200
7566,R_b94CAnrDM9JIx4R,TOY_SLIME,2018-07-31,1533049200
7567,R_b94CAnrDM9JIx4R,MEDICATION,2018-07-31,1533049200
7568,R_bJI8lmXMZWL6oql,ABIS_BOOK,2018-07-31,1533049200
7569,R_bJI8lmXMZWL6oql,FASHIONOTHER,2018-07-31,1533049200
7570,R_bJI8lmXMZWL6oql,ANIMAL_NUTRITIONAL_SUPPLEMENT,2018-07-31,1533049200
7571,R_bJI8lmXMZWL6oql,TAPE_LABEL_DISPENSER,2018-07-31,1533049200
7572,R_bkquoGQp5VhpihP,SELF_TANNER,2018-07-31,1533049200
7573,R_ctNHcxd3vRvndXH,ELECTRONIC_CABLE,2018-07-31,1533049200
7574,R_ctNHcxd3vRvndXH,BATTERY,2018-07-31,1533049200
7575,R_pRWnSKTREPIwpSF,SNACK_FOOD_BAR,2018-07-31,1533049200
7576,R_pRWnSKTREPIwpSF,SAW,2018-07-31,1533049200
7577,R_pRWnSKTREPIwpSF,PACIFIER,2018-07-31,1533049200
7578,R_pRWnSKTREPIwpSF,BATTERY,2018-07-31,1533049200
7579,R_pRWnSKTREPIwpSF,HEALTH_PERSONAL_CARE,2018-07-31,1533049200
7580,R_pRWnSKTREPIwpSF,HEADPHONES,2018-07-31,1533049200
7581,R_r3IM83Ecq7eY7QJ,ABIS_BOOK,2018-07-31,1533049200
7582,R_r3IM83Ecq7eY7QJ,CELLULAR_PHONE_CASE,2018-07-31,1533049200
7583,R_r3IM83Ecq7eY7QJ,PAPER_TOWEL,2018-07-31,1533049200
7584,R_r3IM83Ecq7eY7QJ,CONDITIONER,2018-07-31,1533049200
7585,R_sjbgjhzDO2r1Wlr,ENEMA_DOUCHE,2018-07-31,1533049200
7586,R_snaR9M3EsTpcPi9,SUGAR_CANDY,2018-07-31,1533049200
7587,R_snaR9M3EsTpcPi9,WASTE_BAG,2018-07-31,1533049200
7588,R_snaR9M3EsTpcPi9,ELECTRONIC_CABLE,2018-07-31,1533049200
7589,R_tXHOaasrDjYwLO9,HEADPHONES,2018-07-31,1533049200
7590,R_u2EdYogSnJBrpex,PET_FOOD,2018-07-31,1533049200
7591,R_u2EdYogSnJBrpex,SHOES,2018-07-31,1533049200
7592,R_vV9c87xuLM7zcC5,HEALTH_PERSONAL_CARE,2018-07-31,1533049200
7593,R_vV9c87xuLM7zcC5,ABIS_BOOK,2018-07-31,1533049200
7594,R_vV9c87xuLM7zcC5,SKIN_CLEANING_AGENT,2018-07-31,1533049200
7595,R_vV9c87xuLM7zcC5,ELECTRONIC_CABLE,2018-07-31,1533049200
7596,R_w5JAqptOytTan4J,PET_HEALTH_CARE,2018-07-31,1533049200
7597,R_w5JAqptOytTan4J,WILDLIFE_FEEDER,2018-07-31,1533049200
7598,R_w5JAqptOytTan4J,ABRASIVES,2018-07-31,1533049200
7599,R_w5JAqptOytTan4J,HEALTH_PERSONAL_CARE,2018-07-31,1533049200
7600,R_w5JAqptOytTan4J,SURFACE_PROTECTION_WAX,2018-07-31,1533049200
7601,R_w5JAqptOytTan4J,VITAMIN,2018-07-31,1533049200
7602,R_w5JAqptOytTan4J,NUTRITIONAL_SUPPLEMENT,2018-07-31,1533049200
7603,R_w5JAqptOytTan4J,SOUS_VIDE_MACHINE,2018-07-31,1533049200
7604,R_w5JAqptOytTan4J,TOYS_AND_GAMES,2018-07-31,1533049200
7605,R_x0hVvTTXGQY9FRf,VITAMIN,2018-07-31,1533049200
7606,R_xc0AiqTlV5cTvZn,VIDEO_GAME_PERIPHERAL_SET,2018-07-31,1533049200
7607,R_xc0AiqTlV5cTvZn,NUTRITIONAL_SUPPLEMENT,2018-07-31,1533049200
