,user_id,item_id,date,timestamp
0,R_0pRmRjHkwStzNQJ,SNACK_FOOD_BAR,2020-03-01,1583074800
1,R_0pRmRjHkwStzNQJ,ABIS_BOOK,2020-03-01,1583074800
2,R_0wCTiXC54rMN0J3,MEDICATION,2020-03-01,1583074800
3,R_129jUlsvVcVBDur,VITAMIN,2020-03-01,1583074800
4,R_129jUlsvVcVBDur,LAB_CHEMICAL,2020-03-01,1583074800
5,R_129jUlsvVcVBDur,TOWEL_HOLDER,2020-03-01,1583074800
6,R_129jUlsvVcVBDur,HOME_FURNITURE_AND_DECOR,2020-03-01,1583074800
7,R_129jUlsvVcVBDur,HEALTH_PERSONAL_CARE,2020-03-01,1583074800
8,R_12QFQ7lCIls8sRd,SNACK_FOOD_BAR,2020-03-01,1583074800
9,R_1C4nKyrv0w2thJn,SKIN_CLEANING_AGENT,2020-03-01,1583074800
10,R_1C4nKyrv0w2thJn,HEALTH_PERSONAL_CARE,2020-03-01,1583074800
11,R_1C4nKyrv0w2thJn,SCREEN_PROTECTOR,2020-03-01,1583074800
12,R_1C4nKyrv0w2thJn,ABIS_BOOK,2020-03-01,1583074800
13,R_1C4nKyrv0w2thJn,HAIR_ROLLER,2020-03-01,1583074800
14,R_1C4nKyrv0w2thJn,PET_FOOD,2020-03-01,1583074800
15,R_1C4nKyrv0w2thJn,CELLULAR_PHONE_CASE,2020-03-01,1583074800
16,R_1C4nKyrv0w2thJn,SKIN_CLEANING_AGENT,2020-03-01,1583074800
17,R_1C4nKyrv0w2thJn,PANTS,2020-03-01,1583074800
18,R_1C75XRebT1eliL0,PET_FOOD,2020-03-01,1583074800
19,R_1C9YUFD8GunlGej,COSMETIC_SPONGE,2020-03-01,1583074800
20,R_1DJ4QJgrJwK7g3Y,HEALTH_PERSONAL_CARE,2020-03-01,1583074800
21,R_1DJ4QJgrJwK7g3Y,SKIN_CLEANING_AGENT,2020-03-01,1583074800
22,R_1DYWdbAMt6LyCZH,SCREEN_PROTECTOR,2020-03-01,1583074800
23,R_1I6meOeB0piHEX8,MEDICATION,2020-03-01,1583074800
24,R_1I6meOeB0piHEX8,THERMOMETER,2020-03-01,1583074800
25,R_1I6meOeB0piHEX8,TOYS_AND_GAMES,2020-03-01,1583074800
26,R_1IaQCAaU1CcbXWO,VITAMIN,2020-03-01,1583074800
27,R_1IaQCAaU1CcbXWO,LIGHT_FIXTURE,2020-03-01,1583074800
28,R_1IaQCAaU1CcbXWO,CHARGING_ADAPTER,2020-03-01,1583074800
29,R_1JDhRjAMiEkIuKT,DIGITAL_PICTURE_FRAME,2020-03-01,1583074800
30,R_1KkFs7rgWXlWf58,HEALTH_PERSONAL_CARE,2020-03-01,1583074800
31,R_1KkFs7rgWXlWf58,CELLULAR_PHONE_CASE,2020-03-01,1583074800
32,R_1Kru2C0Zf28ZbQ0,ANIMAL_CAGE,2020-03-01,1583074800
33,R_1Kru2C0Zf28ZbQ0,ABIS_BOOK,2020-03-01,1583074800
34,R_1MY7yxvExjQWTkv,PET_FOOD,2020-03-01,1583074800
35,R_1Qyzwfx5HrXdw4U,NUTRITIONAL_SUPPLEMENT,2020-03-01,1583074800
36,R_1Qyzwfx5HrXdw4U,WEIGHT_RACK,2020-03-01,1583074800
37,R_1Qyzwfx5HrXdw4U,WEIGHT_RACK,2020-03-01,1583074800
38,R_1Qyzwfx5HrXdw4U,FOOD_STORAGE_BAG,2020-03-01,1583074800
39,R_1Qyzwfx5HrXdw4U,SHOES,2020-03-01,1583074800
40,R_1Qyzwfx5HrXdw4U,MEDICATION,2020-03-01,1583074800
41,R_1Qyzwfx5HrXdw4U,PHYSICAL_MOVIE,2020-03-01,1583074800
42,R_1Qyzwfx5HrXdw4U,ABIS_BOOK,2020-03-01,1583074800
43,R_1Qyzwfx5HrXdw4U,TOYS_AND_GAMES,2020-03-01,1583074800
44,R_1Qyzwfx5HrXdw4U,VITAMIN,2020-03-01,1583074800
45,R_1Qyzwfx5HrXdw4U,MEDICATION,2020-03-01,1583074800
46,R_1Qyzwfx5HrXdw4U,PANTS,2020-03-01,1583074800
47,R_1Qyzwfx5HrXdw4U,SHOES,2020-03-01,1583074800
48,R_1Qyzwfx5HrXdw4U,BATTERY,2020-03-01,1583074800
49,R_1Qyzwfx5HrXdw4U,HEADPHONES,2020-03-01,1583074800
50,R_1Qyzwfx5HrXdw4U,DUTCH_OVENS,2020-03-01,1583074800
51,R_1f1PzEZw8H2N4zm,CELLULAR_PHONE_CASE,2020-03-01,1583074800
52,R_1gq1l7L7YXNcp13,SNACK_FOOD_BAR,2020-03-01,1583074800
53,R_1gq1l7L7YXNcp13,GROCERY,2020-03-01,1583074800
54,R_1gq1l7L7YXNcp13,SKIN_CLEANING_AGENT,2020-03-01,1583074800
55,R_1gq1l7L7YXNcp13,OUTDOOR_LIVING,2020-03-01,1583074800
56,R_1gq1l7L7YXNcp13,SCREEN_PROTECTOR,2020-03-01,1583074800
57,R_1gq1l7L7YXNcp13,PET_FOOD,2020-03-01,1583074800
58,R_1gq1l7L7YXNcp13,PET_FOOD,2020-03-01,1583074800
59,R_1gq1l7L7YXNcp13,KITE,2020-03-01,1583074800
60,R_1gq1l7L7YXNcp13,TOYS_AND_GAMES,2020-03-01,1583074800
61,R_1hFMTehZQIAcBvZ,CELLULAR_PHONE_CASE,2020-03-01,1583074800
62,R_1mEmb9jWLRYCU4e,GROCERY,2020-03-01,1583074800
63,R_1mEmb9jWLRYCU4e,SUITCASE,2020-03-01,1583074800
64,R_1mEmb9jWLRYCU4e,ELECTRONIC_CABLE,2020-03-01,1583074800
65,R_1mQrQ5EFGvbBRLb,VITAMIN,2020-03-01,1583074800
66,R_1nZzu0Kj9WQ8P4x,HEALTH_PERSONAL_CARE,2020-03-01,1583074800
67,R_1nZzu0Kj9WQ8P4x,TOILET_PAPER,2020-03-01,1583074800
68,R_1nZzu0Kj9WQ8P4x,TOYS_AND_GAMES,2020-03-01,1583074800
69,R_1nZzu0Kj9WQ8P4x,SKIN_MOISTURIZER,2020-03-01,1583074800
70,R_1nZzu0Kj9WQ8P4x,SKIN_MOISTURIZER,2020-03-01,1583074800
71,R_1owkdABF1wNKFKI,ELECTRIC_FOOD_MILL_GRINDER,2020-03-01,1583074800
72,R_1owkdABF1wNKFKI,JEWELRY,2020-03-01,1583074800
73,R_1pu4x2PBb4LrSWk,SHOES,2020-03-01,1583074800
74,R_1pu4x2PBb4LrSWk,HARD_DRIVE_ENCLOSURE,2020-03-01,1583074800
75,R_1pu6yYPsuymsIIz,CELLULAR_PHONE_CASE,2020-03-01,1583074800
76,R_22SxELlmhBQCe1C,ABIS_BOOK,2020-03-01,1583074800
77,R_22mMopWqAj09mQc,SKIN_BLEMISH_REMOVAL_TOOL,2020-03-01,1583074800
78,R_24vf4xIuT0kGsZ3,SHOES,2020-03-01,1583074800
79,R_25thHabUddjXGzt,SNACK_FOOD_BAR,2020-03-01,1583074800
80,R_29oUfTgQ6sWbFG2,TOYS_AND_GAMES,2020-03-01,1583074800
81,R_29oUfTgQ6sWbFG2,SHOES,2020-03-01,1583074800
82,R_29oUfTgQ6sWbFG2,MEDICATION,2020-03-01,1583074800
83,R_29oUfTgQ6sWbFG2,PAPER_CLIP_CLAMP,2020-03-01,1583074800
84,R_29oUfTgQ6sWbFG2,TAPE_LABEL_DISPENSER,2020-03-01,1583074800
85,R_2BesSIAnd7POW2C,VEHICLE_BODY_PANEL,2020-03-01,1583074800
86,R_2CpozrevorP48sb,PANTS,2020-03-01,1583074800
87,R_2CpozrevorP48sb,NUTRITIONAL_SUPPLEMENT,2020-03-01,1583074800
88,R_2DSIdH6iUv9yJ8V,PHYSICAL_MOVIE,2020-03-01,1583074800
89,R_2DSIdH6iUv9yJ8V,GROCERY,2020-03-01,1583074800
90,R_2DSIdH6iUv9yJ8V,VITAMIN,2020-03-01,1583074800
91,R_2EglJpTWGEiwQYa,MEDICATION,2020-03-01,1583074800
92,R_2EglJpTWGEiwQYa,SUNSCREEN,2020-03-01,1583074800
93,R_2EglJpTWGEiwQYa,SHIRT,2020-03-01,1583074800
94,R_2Etc0qZ3B702xxn,VITAMIN,2020-03-01,1583074800
95,R_2QEQOSl4i81CHb1,CELLULAR_PHONE_CASE,2020-03-01,1583074800
96,R_2Qu0fgUOnDpaKDH,SKIN_MOISTURIZER,2020-03-01,1583074800
97,R_2Qu0fgUOnDpaKDH,ELECTRONIC_CABLE,2020-03-01,1583074800
98,R_2Qu0fgUOnDpaKDH,WATCH_BAND,2020-03-01,1583074800
99,R_2RUDh7piHU7frzt,HEALTH_PERSONAL_CARE,2020-03-01,1583074800
100,R_2UVhfjk1qQb6KI5,SKIN_MOISTURIZER,2020-03-01,1583074800
101,R_2VwjXhJ5OznStEi,NUTRITIONAL_SUPPLEMENT,2020-03-01,1583074800
102,R_2WAagX64hf1kdMI,SHOES,2020-03-01,1583074800
103,R_2WVIxBGaj1uOr8S,ABIS_BOOK,2020-03-01,1583074800
104,R_2WVIxBGaj1uOr8S,PHYSICAL_MOVIE,2020-03-01,1583074800
105,R_2c0kxk2rIJClCxm,ABIS_BOOK,2020-03-01,1583074800
106,R_2dFHfsIqQ6eEtVW,EYEBROW_COLOR,2020-03-01,1583074800
107,R_2dFHfsIqQ6eEtVW,GROCERY,2020-03-01,1583074800
108,R_2mKYTXpTsUEkSGt,SNACK_FOOD_BAR,2020-03-01,1583074800
109,R_2qjAN1lyLAdAxT2,ABIS_BOOK,2020-03-01,1583074800
110,R_2uIMLcJgQmb0v3G,HEALTH_PERSONAL_CARE,2020-03-01,1583074800
111,R_2uIMLcJgQmb0v3G,PANTS,2020-03-01,1583074800
112,R_2uTysluImvxkQBY,TOYS_AND_GAMES,2020-03-01,1583074800
113,R_2vkMWH10xWp7o9s,SHARPS_DISPOSAL_CONTAINER,2020-03-01,1583074800
114,R_2wHwNZWEecJflLc,CELLULAR_PHONE_CASE,2020-03-01,1583074800
115,R_2wagDt0ZaSu1p8q,SNACK_FOOD_BAR,2020-03-01,1583074800
116,R_2woyYEH5qlAG264,BATTERY,2020-03-01,1583074800
117,R_2y8edrQ8p3nRu8v,MEDICAL_TEST_STRIP,2020-03-01,1583074800
118,R_2y8edrQ8p3nRu8v,SKIN_CLEANING_AGENT,2020-03-01,1583074800
119,R_2z7rLZb69WuqDdf,VITAMIN,2020-03-01,1583074800
120,R_2z7rLZb69WuqDdf,PANTS,2020-03-01,1583074800
121,R_2z7rLZb69WuqDdf,EDIBLE_OIL_ANIMAL,2020-03-01,1583074800
122,R_3093m6Spz9VzxAK,SHIRT,2020-03-01,1583074800
123,R_31ZxYxyOSie94bK,ELECTRONIC_CABLE,2020-03-01,1583074800
124,R_31ZxYxyOSie94bK,HEALTH_PERSONAL_CARE,2020-03-01,1583074800
125,R_32Mm71oAJq2K9XK,SALAD_DRESSING,2020-03-01,1583074800
126,R_32Mm71oAJq2K9XK,SHOES,2020-03-01,1583074800
127,R_32Mm71oAJq2K9XK,O_RINGS,2020-03-01,1583074800
128,R_32Mm71oAJq2K9XK,PANTS,2020-03-01,1583074800
129,R_32UZncFA03IrQwQ,HARDWARE_CLAMP_VISE,2020-03-01,1583074800
130,R_33dxSOlpYwYOjFE,CELLULAR_PHONE_CASE,2020-03-01,1583074800
131,R_33dxSOlpYwYOjFE,SKIN_EXFOLIANT,2020-03-01,1583074800
132,R_33dxSOlpYwYOjFE,SCREEN_PROTECTOR,2020-03-01,1583074800
133,R_33dxSOlpYwYOjFE,ELECTRONIC_CABLE,2020-03-01,1583074800
134,R_33kcOqAkuOfPeI1,PILLOWCASE,2020-03-01,1583074800
135,R_3D0FIkesMnTGsnm,NUTRITIONAL_SUPPLEMENT,2020-03-01,1583074800
136,R_3D8fwycJF7eksBo,VITAMIN,2020-03-01,1583074800
137,R_3D8fwycJF7eksBo,SKIN_CLEANING_AGENT,2020-03-01,1583074800
138,R_3D8fwycJF7eksBo,SNACK_FOOD_BAR,2020-03-01,1583074800
139,R_3D8fwycJF7eksBo,ELECTRONIC_CABLE,2020-03-01,1583074800
140,R_3Em4Q2OBHB3m5rz,SCREEN_PROTECTOR,2020-03-01,1583074800
141,R_3Em4Q2OBHB3m5rz,PANTS,2020-03-01,1583074800
142,R_3EsC5YHmiHe5s54,BATTERY,2020-03-01,1583074800
143,R_3G1gYo1d23Zq8Np,TOYS_AND_GAMES,2020-03-01,1583074800
144,R_3G1gYo1d23Zq8Np,ABIS_BOOK,2020-03-01,1583074800
145,R_3G1gYo1d23Zq8Np,TRASH_CAN,2020-03-01,1583074800
146,R_3G1gYo1d23Zq8Np,BATTERY,2020-03-01,1583074800
147,R_3G1gYo1d23Zq8Np,SKIN_MOISTURIZER,2020-03-01,1583074800
148,R_3G1gYo1d23Zq8Np,ABIS_BOOK,2020-03-01,1583074800
149,R_3G1gYo1d23Zq8Np,MEDICATION,2020-03-01,1583074800
150,R_3G1gYo1d23Zq8Np,SCREEN_PROTECTOR,2020-03-01,1583074800
151,R_3G1gYo1d23Zq8Np,SKIN_MOISTURIZER,2020-03-01,1583074800
152,R_3GiFHVWzYKHT1F5,PANTS,2020-03-01,1583074800
153,R_3HgZOjGq4Ny969k,AUTO_KEY_SHELL,2020-03-01,1583074800
154,R_3HgZOjGq4Ny969k,PET_FOOD,2020-03-01,1583074800
155,R_3HigTq4itishziE,MINIATURE_TOY_FURNISHING,2020-03-01,1583074800
156,R_3HigTq4itishziE,HEALTH_PERSONAL_CARE,2020-03-01,1583074800
157,R_3HigTq4itishziE,KITCHEN_KNIFE,2020-03-01,1583074800
158,R_3Hphzg7zu04Hgy1,RAZOR_BLADE_CARTRIDGE,2020-03-01,1583074800
159,R_3Hphzg7zu04Hgy1,PROTEIN_DRINK,2020-03-01,1583074800
160,R_3JK3aP5uRxffXiy,SNACK_FOOD_BAR,2020-03-01,1583074800
161,R_3JK3aP5uRxffXiy,CELLULAR_PHONE_CASE,2020-03-01,1583074800
162,R_3LXRVZSdJiqH63S,PET_FOOD,2020-03-01,1583074800
163,R_3LXRVZSdJiqH63S,SKIN_MOISTURIZER,2020-03-01,1583074800
164,R_3LXRVZSdJiqH63S,PET_FOOD,2020-03-01,1583074800
165,R_3MncA46G8CO8juo,COOKIE_CUTTER,2020-03-01,1583074800
166,R_3O9aPnM7ixjsbYK,SKIN_TREATMENT_MASK,2020-03-01,1583074800
167,R_3O9aPnM7ixjsbYK,PHYSICAL_MOVIE,2020-03-01,1583074800
168,R_3O9aPnM7ixjsbYK,NUTRITIONAL_SUPPLEMENT,2020-03-01,1583074800
169,R_3Pc1ZZfNy58AvgE,SNACK_FOOD_BAR,2020-03-01,1583074800
170,R_3QXUWuTn4OdbNmh,ABIS_BOOK,2020-03-01,1583074800
171,R_3QtdtxnX6fJnkNr,SHAMPOO,2020-03-01,1583074800
172,R_3QtdtxnX6fJnkNr,GROCERY,2020-03-01,1583074800
173,R_3QtdtxnX6fJnkNr,ONE_PIECE_OUTFIT,2020-03-01,1583074800
174,R_3QtdtxnX6fJnkNr,NUTRITIONAL_SUPPLEMENT,2020-03-01,1583074800
175,R_3QtdtxnX6fJnkNr,TRASH_CAN,2020-03-01,1583074800
176,R_3QtdtxnX6fJnkNr,TOYS_AND_GAMES,2020-03-01,1583074800
177,R_3QtdtxnX6fJnkNr,GROCERY,2020-03-01,1583074800
178,R_3QtdtxnX6fJnkNr,NUTRITIONAL_SUPPLEMENT,2020-03-01,1583074800
179,R_3QtdtxnX6fJnkNr,ROTARY_TOOL,2020-03-01,1583074800
180,R_3QtdtxnX6fJnkNr,SKIN_MOISTURIZER,2020-03-01,1583074800
181,R_3QtdtxnX6fJnkNr,SHAMPOO,2020-03-01,1583074800
182,R_3QtdtxnX6fJnkNr,SHAMPOO,2020-03-01,1583074800
183,R_3QtdtxnX6fJnkNr,SHAMPOO,2020-03-01,1583074800
184,R_3QtdtxnX6fJnkNr,BATTERY,2020-03-01,1583074800
185,R_3QtdtxnX6fJnkNr,TUNIC,2020-03-01,1583074800
186,R_3VRB9w5rAtqNoWt,SKIN_CLEANING_AGENT,2020-03-01,1583074800
187,R_3VRB9w5rAtqNoWt,ABIS_BOOK,2020-03-01,1583074800
188,R_3VRB9w5rAtqNoWt,COAT,2020-03-01,1583074800
189,R_3VRB9w5rAtqNoWt,GAMING_EQUIPMENT_ENCLOSURE,2020-03-01,1583074800
190,R_3ek9YZGdsDHjUZf,BATTERY,2020-03-01,1583074800
191,R_3ek9YZGdsDHjUZf,SHOES,2020-03-01,1583074800
192,R_3exlTi02vMuoy59,BICYCLE_SEATPOST,2020-03-01,1583074800
193,R_3exlTi02vMuoy59,SHIRT,2020-03-01,1583074800
194,R_3gTrwWhEzAv6gzH,SKIN_CLEANING_AGENT,2020-03-01,1583074800
195,R_3iJQyWNMMY0KRV5,HEADPHONES,2020-03-01,1583074800
196,R_3iydBpfsKD9jRTq,ELECTRONIC_CABLE,2020-03-01,1583074800
197,R_3iydBpfsKD9jRTq,PHYSICAL_MOVIE,2020-03-01,1583074800
198,R_3iydBpfsKD9jRTq,SHOES,2020-03-01,1583074800
199,R_3jSvX9tw2goV083,HVAC_AIR_FILTER,2020-03-01,1583074800
200,R_3jSvX9tw2goV083,HEALTH_PERSONAL_CARE,2020-03-01,1583074800
201,R_3qPt2VOIZdr6Kio,PET_FOOD,2020-03-01,1583074800
202,R_3qTFp0FJqUeMhVZ,ABIS_BOOK,2020-03-01,1583074800
203,R_3qTFp0FJqUeMhVZ,ARTIFICIAL_TREE,2020-03-01,1583074800
204,R_3qWnPpXqudB3ETJ,DISPLAY_ALBUM,2020-03-01,1583074800
205,R_3socPWD3wXD0iDP,SKIN_MOISTURIZER,2020-03-01,1583074800
206,R_3socPWD3wXD0iDP,SHIRT,2020-03-01,1583074800
207,R_4PhRzF4UI9ooLh7,SKIN_MOISTURIZER,2020-03-01,1583074800
208,R_4PhRzF4UI9ooLh7,BATTERY,2020-03-01,1583074800
209,R_5oK9SmlCA2Td9rb,WEIGH_SCALE,2020-03-01,1583074800
210,R_6SbhJD23U5a2YJX,GROCERY,2020-03-01,1583074800
211,R_A0ZwhLeBVySdW8N,TRASH_COMPACTOR,2020-03-01,1583074800
212,R_A0ZwhLeBVySdW8N,NUTRITIONAL_SUPPLEMENT,2020-03-01,1583074800
213,R_AKBlDprDMrv4M7v,MEDICATION,2020-03-01,1583074800
214,R_AM0OvM0F9kBvqal,SUNSCREEN,2020-03-01,1583074800
215,R_BEQWMs4OT1kbHGx,CONDIMENT,2020-03-01,1583074800
216,R_BWAjcs1sKUc6NQl,SNACK_FOOD_BAR,2020-03-01,1583074800
217,R_CaF1pc8CnyWJvCp,PET_FOOD,2020-03-01,1583074800
218,R_PXSF6lxCnUB8Pg5,PANTS,2020-03-01,1583074800
219,R_PXSF6lxCnUB8Pg5,VITAMIN,2020-03-01,1583074800
220,R_PXSF6lxCnUB8Pg5,ABIS_BOOK,2020-03-01,1583074800
221,R_PXSF6lxCnUB8Pg5,ELASTIC_BAND,2020-03-01,1583074800
222,R_PXSF6lxCnUB8Pg5,MEDICATION,2020-03-01,1583074800
223,R_PXSF6lxCnUB8Pg5,MEDICATION,2020-03-01,1583074800
224,R_Ui78k1hRGuGWhln,LANDLINE_PHONE,2020-03-01,1583074800
225,R_XUhit9pAXhD746B,VITAMIN,2020-03-01,1583074800
226,R_XUhit9pAXhD746B,VITAMIN,2020-03-01,1583074800
227,R_Xt4H8BJ1Vx7ws8h,GROCERY,2020-03-01,1583074800
228,R_Xt4H8BJ1Vx7ws8h,STANDALONE_STREAMING_MEDIA_PLAYER,2020-03-01,1583074800
229,R_Xt4H8BJ1Vx7ws8h,FURNITURE_SLIDER,2020-03-01,1583074800
230,R_Xt4H8BJ1Vx7ws8h,ABIS_BOOK,2020-03-01,1583074800
231,R_Xt4H8BJ1Vx7ws8h,ANIMAL_HARNESS,2020-03-01,1583074800
232,R_XwiCirQyfwJzVtv,VITAMIN,2020-03-01,1583074800
233,R_Y3TdYiBodZOLXlT,ELECTRONIC_CABLE,2020-03-01,1583074800
234,R_Y3TdYiBodZOLXlT,HEADPHONES,2020-03-01,1583074800
235,R_Y4jCkfTFzvtw5SF,SKIN_MOISTURIZER,2020-03-01,1583074800
236,R_Y4jCkfTFzvtw5SF,BODY_STRAP,2020-03-01,1583074800
237,R_Y4jCkfTFzvtw5SF,ANIMAL_SHELTER,2020-03-01,1583074800
238,R_Y4jCkfTFzvtw5SF,NUTRITIONAL_SUPPLEMENT,2020-03-01,1583074800
239,R_ZkokwdIEZybYo9z,NUTRITIONAL_SUPPLEMENT,2020-03-01,1583074800
240,R_ZkokwdIEZybYo9z,BATTERY,2020-03-01,1583074800
241,R_blmQEhOrCwpqG4x,SHIRT,2020-03-01,1583074800
242,R_bvB6935ZyXpoL5v,SHOES,2020-03-01,1583074800
243,R_d5O7dqvA1EWCrPb,SCISSORS,2020-03-01,1583074800
244,R_d5O7dqvA1EWCrPb,TOYS_AND_GAMES,2020-03-01,1583074800
245,R_e387De1jF0gN2OB,GROCERY,2020-03-01,1583074800
246,R_e387De1jF0gN2OB,TOYS_AND_GAMES,2020-03-01,1583074800
247,R_pRWnSKTREPIwpSF,TOYS_AND_GAMES,2020-03-01,1583074800
248,R_rqK6K6zDsynoZHP,PANTS,2020-03-01,1583074800
249,R_rqK6K6zDsynoZHP,BATTERY,2020-03-01,1583074800
250,R_sM3qX7I1tHzvU09,CONDITIONER,2020-03-01,1583074800
251,R_sM3qX7I1tHzvU09,BATTERY,2020-03-01,1583074800
252,R_u99XwBV1boyooXT,HOME_LIGHTING_ACCESSORY,2020-03-01,1583074800
253,R_vNUg1BUX4xLMPER,PUZZLES,2020-03-01,1583074800
254,R_vNUg1BUX4xLMPER,PHYSICAL_MOVIE,2020-03-01,1583074800
255,R_vV9c87xuLM7zcC5,CUTLERY,2020-03-01,1583074800
256,R_vcsfXNFhlnqxtYd,SKIN_MOISTURIZER,2020-03-01,1583074800
257,R_voSNwyVcZWdCTJv,BRAKE_KIT,2020-03-01,1583074800
258,R_voSNwyVcZWdCTJv,CELLULAR_PHONE_CASE,2020-03-01,1583074800
259,R_x0hVvTTXGQY9FRf,SHOES,2020-03-01,1583074800
260,R_x969WzGgXuE1CuJ,CELLULAR_PHONE_CASE,2020-03-01,1583074800
261,R_xmW6sCBJmFDlI8V,PHYSICAL_MOVIE,2020-03-01,1583074800
262,R_0InTWTWokrqzy3n,HEALTH_PERSONAL_CARE,2020-03-02,1583161200
263,R_10TA7pCDmelHi5H,SHOES,2020-03-02,1583161200
264,R_1C4nKyrv0w2thJn,SNACK_FOOD_BAR,2020-03-02,1583161200
265,R_1C4nKyrv0w2thJn,PANTS,2020-03-02,1583161200
266,R_1C4tcyEfmcsKI9X,MEDIA_STORAGE,2020-03-02,1583161200
267,R_1C4tcyEfmcsKI9X,NUTRITIONAL_SUPPLEMENT,2020-03-02,1583161200
268,R_1C4tcyEfmcsKI9X,VIDEO_GAME_CONTROLLER,2020-03-02,1583161200
269,R_1C4tcyEfmcsKI9X,LINT_REMOVER,2020-03-02,1583161200
270,R_1C4tcyEfmcsKI9X,BATTERY,2020-03-02,1583161200
271,R_1C4tcyEfmcsKI9X,HEADPHONES,2020-03-02,1583161200
272,R_1C75XRebT1eliL0,FUEL_PUMP,2020-03-02,1583161200
273,R_1C75XRebT1eliL0,SKIN_MOISTURIZER,2020-03-02,1583161200
274,R_1C75XRebT1eliL0,GROCERY,2020-03-02,1583161200
275,R_1C75XRebT1eliL0,FUEL_PUMP,2020-03-02,1583161200
276,R_1C75XRebT1eliL0,VITAMIN,2020-03-02,1583161200
277,R_1C9YUFD8GunlGej,PHYSICAL_MOVIE,2020-03-02,1583161200
278,R_1C9YUFD8GunlGej,SHIRT,2020-03-02,1583161200
279,R_1C9YUFD8GunlGej,COSMETIC_SPONGE,2020-03-02,1583161200
280,R_1C9YUFD8GunlGej,SKIN_MOISTURIZER,2020-03-02,1583161200
281,R_1C9YUFD8GunlGej,NUTRITIONAL_SUPPLEMENT,2020-03-02,1583161200
282,R_1C9YUFD8GunlGej,HOME_THEATER_SYSTEM_OR_HTIB,2020-03-02,1583161200
283,R_1DJ4QJgrJwK7g3Y,SHOES,2020-03-02,1583161200
284,R_1DJdUrYA1I0QAKh,PET_FOOD,2020-03-02,1583161200
285,R_1DYWdbAMt6LyCZH,PHYSICAL_MOVIE,2020-03-02,1583161200
286,R_1DYWdbAMt6LyCZH,ABIS_BOOK,2020-03-02,1583161200
287,R_1DYWdbAMt6LyCZH,PHYSICAL_GIFT_CARD,2020-03-02,1583161200
288,R_1DYjkc1gJNvrzzL,HAND_STRENGTHENER,2020-03-02,1583161200
289,R_1DYjkc1gJNvrzzL,SCREEN_PROTECTOR,2020-03-02,1583161200
290,R_1DYjkc1gJNvrzzL,MEDICATION,2020-03-02,1583161200
291,R_1DYjkc1gJNvrzzL,PARTY_SUPPLIES,2020-03-02,1583161200
292,R_1Egu0oETMcJuIOb,SNACK_FOOD_BAR,2020-03-02,1583161200
293,R_1Egu0oETMcJuIOb,MEDICATION,2020-03-02,1583161200
294,R_1Egu0oETMcJuIOb,MEDICATION,2020-03-02,1583161200
295,R_1GghoTNZdgUeySl,BATTERY,2020-03-02,1583161200
296,R_1HcpQT6Ffivx73P,HEADPHONES,2020-03-02,1583161200
297,R_1LIJDv6NDuvkCi4,SCREEN_PROTECTOR,2020-03-02,1583161200
298,R_1NDq0rxoUSu6oyz,SCREEN_PROTECTOR,2020-03-02,1583161200
299,R_1NgAWSeub1pgOGj,BAKING_PAN,2020-03-02,1583161200
300,R_1NgAWSeub1pgOGj,CAMERA_FLASH,2020-03-02,1583161200
301,R_1Nh9okz5clSAlfl,PLANTER,2020-03-02,1583161200
302,R_1Nh9okz5clSAlfl,SHOE_INSERT,2020-03-02,1583161200
303,R_1PUcgnVG2i0EBz4,SNACK_FOOD_BAR,2020-03-02,1583161200
304,R_1PUcgnVG2i0EBz4,ELECTRONIC_CABLE,2020-03-02,1583161200
305,R_1QKu8qtvgo0d1uS,SKIN_MOISTURIZER,2020-03-02,1583161200
306,R_1QKu8qtvgo0d1uS,FOOD_PREPARATION_MOLD,2020-03-02,1583161200
307,R_1QupmKjSh9fA4l4,ELECTRONIC_CABLE,2020-03-02,1583161200
308,R_1Qyzwfx5HrXdw4U,SHIRT,2020-03-02,1583161200
309,R_1Qyzwfx5HrXdw4U,SCREEN_PROTECTOR,2020-03-02,1583161200
310,R_1Qyzwfx5HrXdw4U,SPROCKETS,2020-03-02,1583161200
311,R_1Qyzwfx5HrXdw4U,PANTS,2020-03-02,1583161200
312,R_1Qyzwfx5HrXdw4U,SHIRT,2020-03-02,1583161200
313,R_1Qyzwfx5HrXdw4U,ABRASIVES,2020-03-02,1583161200
314,R_1Qyzwfx5HrXdw4U,ABIS_BOOK,2020-03-02,1583161200
315,R_1Qyzwfx5HrXdw4U,SCREEN_PROTECTOR,2020-03-02,1583161200
316,R_1Qyzwfx5HrXdw4U,WEIGHT_RACK,2020-03-02,1583161200
317,R_1gwL8QZGzhV0g3G,NUTRITIONAL_SUPPLEMENT,2020-03-02,1583161200
318,R_1jARg5bGH5uqAKW,DISPLAY_ENCLOSURE,2020-03-02,1583161200
319,R_1jARg5bGH5uqAKW,VITAMIN,2020-03-02,1583161200
320,R_1jARg5bGH5uqAKW,VITAMIN,2020-03-02,1583161200
321,R_1l4zCtGUTvAWdS6,AQUARIUM_POND_WATER_TREATMENT,2020-03-02,1583161200
322,R_1l4zCtGUTvAWdS6,CELLULAR_PHONE_CASE,2020-03-02,1583161200
323,R_1l4zCtGUTvAWdS6,DRESS,2020-03-02,1583161200
324,R_1l4zCtGUTvAWdS6,ABIS_BOOK,2020-03-02,1583161200
325,R_1mxX9jjBSLwxiDU,PET_FOOD,2020-03-02,1583161200
326,R_1obwpb6iowh7vew,TABLETOP_GAME,2020-03-02,1583161200
327,R_1obwpb6iowh7vew,SHOELACE,2020-03-02,1583161200
328,R_1obwpb6iowh7vew,ELECTRONIC_CABLE,2020-03-02,1583161200
329,R_1obwpb6iowh7vew,YARN,2020-03-02,1583161200
330,R_1obwpb6iowh7vew,CHISEL,2020-03-02,1583161200
331,R_1rwhkWp9UYemFEH,GROCERY,2020-03-02,1583161200
332,R_1rwhkWp9UYemFEH,WHEEL_CUTTER,2020-03-02,1583161200
333,R_1zVJnDAfoFLamOd,SKIN_CLEANING_AGENT,2020-03-02,1583161200
334,R_20V73ixsOYXCBbP,CHANGING_PAD_COVER,2020-03-02,1583161200
335,R_20V73ixsOYXCBbP,SNACK_FOOD_BAR,2020-03-02,1583161200
336,R_210tLKdUbUZuf7O,VITAMIN,2020-03-02,1583161200
337,R_21uibgT9dgqRD9J,VITAMIN,2020-03-02,1583161200
338,R_22AmuBuGI7iFD1n,HEADPHONES,2020-03-02,1583161200
339,R_22DJIjS0M8yvaYO,PANTS,2020-03-02,1583161200
340,R_22DJIjS0M8yvaYO,NUTRITIONAL_SUPPLEMENT,2020-03-02,1583161200
341,R_22DJIjS0M8yvaYO,MODEM,2020-03-02,1583161200
342,R_22DJIjS0M8yvaYO,ELECTRONIC_CABLE,2020-03-02,1583161200
343,R_22SxELlmhBQCe1C,GROCERY,2020-03-02,1583161200
344,R_22SxELlmhBQCe1C,COMPUTER_DRIVE_OR_STORAGE,2020-03-02,1583161200
345,R_22XOWVbIo1lxpmy,PHYSICAL_VIDEO_GAME_SOFTWARE,2020-03-02,1583161200
346,R_24MKoSmvuiLEI76,HEADPHONES,2020-03-02,1583161200
347,R_24csoaO569P4Yzz,PORTABLE_ELECTRONIC_DEVICE_MOUNT,2020-03-02,1583161200
348,R_24csoaO569P4Yzz,ELECTRONIC_CABLE,2020-03-02,1583161200
349,R_24csoaO569P4Yzz,SKIN_CLEANING_AGENT,2020-03-02,1583161200
350,R_24csoaO569P4Yzz,VEHICLE_RAIL,2020-03-02,1583161200
351,R_24csoaO569P4Yzz,SHIRT,2020-03-02,1583161200
352,R_25Wwg273Uw26jA1,VITAMIN,2020-03-02,1583161200
353,R_25YqaojEWt641sK,PET_APPAREL,2020-03-02,1583161200
354,R_25YqaojEWt641sK,BODY_POSITIONER,2020-03-02,1583161200
355,R_25YqaojEWt641sK,BODY_POSITIONER,2020-03-02,1583161200
356,R_25YqaojEWt641sK,LEOTARD,2020-03-02,1583161200
357,R_25YqaojEWt641sK,CELLULAR_PHONE_CASE,2020-03-02,1583161200
358,R_25YqaojEWt641sK,TOYS_AND_GAMES,2020-03-02,1583161200
359,R_25thHabUddjXGzt,ELECTRONIC_DEVICE_SKIN,2020-03-02,1583161200
360,R_29uBVByYo0xAXiZ,PHYSICAL_MOVIE,2020-03-02,1583161200
361,R_2Bljhn8FOxqwglz,SNACK_FOOD_BAR,2020-03-02,1583161200
362,R_2Bljhn8FOxqwglz,TOYS_AND_GAMES,2020-03-02,1583161200
363,R_2Bljhn8FOxqwglz,SNACK_FOOD_BAR,2020-03-02,1583161200
364,R_2Byb17bNJrQUQTo,SNACK_FOOD_BAR,2020-03-02,1583161200
365,R_2Byb17bNJrQUQTo,MEDICATION,2020-03-02,1583161200
366,R_2Byb17bNJrQUQTo,PORTABLE_ELECTRONIC_DEVICE_COVER,2020-03-02,1583161200
367,R_2Byb17bNJrQUQTo,BATTERY,2020-03-02,1583161200
368,R_2Byb17bNJrQUQTo,SCREEN_PROTECTOR,2020-03-02,1583161200
369,R_2EglJpTWGEiwQYa,GROCERY,2020-03-02,1583161200
370,R_2EglJpTWGEiwQYa,SHOES,2020-03-02,1583161200
371,R_2OOq3ysdOS3TtBd,SCREEN_PROTECTOR,2020-03-02,1583161200
372,R_2P50Iq3Uo8HiCwT,SOCKS,2020-03-02,1583161200
373,R_2P50Iq3Uo8HiCwT,POWER_INVERTER,2020-03-02,1583161200
374,R_2P50Iq3Uo8HiCwT,HEADPHONES,2020-03-02,1583161200
375,R_2P50Iq3Uo8HiCwT,FLASH_MEMORY,2020-03-02,1583161200
376,R_2QEQOSl4i81CHb1,ELECTRONIC_CABLE,2020-03-02,1583161200
377,R_2QRMdwLStyElYoU,DAIRY_BASED_DRINK,2020-03-02,1583161200
378,R_2QRMdwLStyElYoU,POULTRY,2020-03-02,1583161200
379,R_2QRMdwLStyElYoU,CORSET,2020-03-02,1583161200
380,R_2QRMdwLStyElYoU,ELECTRONIC_CABLE,2020-03-02,1583161200
381,R_2QRMdwLStyElYoU,GROCERY,2020-03-02,1583161200
382,R_2QRMdwLStyElYoU,SLIPPER,2020-03-02,1583161200
383,R_2QRMdwLStyElYoU,FRUIT,2020-03-02,1583161200
384,R_2QRMdwLStyElYoU,PORTABLE_ELECTRONIC_DEVICE_COVER,2020-03-02,1583161200
385,R_2QRMdwLStyElYoU,BATTERY,2020-03-02,1583161200
386,R_2QRMdwLStyElYoU,CELLULAR_PHONE_CASE,2020-03-02,1583161200
387,R_2QRMdwLStyElYoU,CRACKER,2020-03-02,1583161200
388,R_2QRMdwLStyElYoU,CORSET,2020-03-02,1583161200
389,R_2QRMdwLStyElYoU,SKIN_CLEANING_AGENT,2020-03-02,1583161200
390,R_2QRMdwLStyElYoU,HERB,2020-03-02,1583161200
391,R_2QRMdwLStyElYoU,VEGETABLE,2020-03-02,1583161200
392,R_2QRMdwLStyElYoU,CORSET,2020-03-02,1583161200
393,R_2QRMdwLStyElYoU,AUTO_PART,2020-03-02,1583161200
394,R_2QRMdwLStyElYoU,SKIN_MOISTURIZER,2020-03-02,1583161200
395,R_2QRMdwLStyElYoU,FISH,2020-03-02,1583161200
396,R_2QRMdwLStyElYoU,TILE,2020-03-02,1583161200
397,R_2QRMdwLStyElYoU,BREAD,2020-03-02,1583161200
398,R_2QRMdwLStyElYoU,ELECTRONIC_CABLE,2020-03-02,1583161200
399,R_2QRMdwLStyElYoU,HERB,2020-03-02,1583161200
400,R_2QRMdwLStyElYoU,SNACK_FOOD_BAR,2020-03-02,1583161200
401,R_2QRMdwLStyElYoU,CELLULAR_PHONE_CASE,2020-03-02,1583161200
402,R_2QRMdwLStyElYoU,NIGHTGOWN_NIGHTSHIRT,2020-03-02,1583161200
403,R_2QRMdwLStyElYoU,NIGHTGOWN_NIGHTSHIRT,2020-03-02,1583161200
404,R_2QRMdwLStyElYoU,SEASONING,2020-03-02,1583161200
405,R_2QRMdwLStyElYoU,SNACK_FOOD_BAR,2020-03-02,1583161200
406,R_2QRMdwLStyElYoU,SKIN_CLEANING_AGENT,2020-03-02,1583161200
407,R_2QRMdwLStyElYoU,SEASONING,2020-03-02,1583161200
408,R_2QRMdwLStyElYoU,SHIRT,2020-03-02,1583161200
409,R_2QRMdwLStyElYoU,JUICE_AND_JUICE_DRINK,2020-03-02,1583161200
410,R_2QRMdwLStyElYoU,PORTABLE_ELECTRONIC_DEVICE_COVER,2020-03-02,1583161200
411,R_2QRMdwLStyElYoU,SNACK_FOOD_BAR,2020-03-02,1583161200
412,R_2QRMdwLStyElYoU,HEADPHONES,2020-03-02,1583161200
413,R_2QRMdwLStyElYoU,MILK_SUBSTITUTE,2020-03-02,1583161200
414,R_2QRMdwLStyElYoU,FISH,2020-03-02,1583161200
415,R_2QRMdwLStyElYoU,JUICE_AND_JUICE_DRINK,2020-03-02,1583161200
416,R_2QRMdwLStyElYoU,PANTS,2020-03-02,1583161200
417,R_2QRMdwLStyElYoU,AUTO_PART,2020-03-02,1583161200
418,R_2QRMdwLStyElYoU,SKIN_CLEANING_AGENT,2020-03-02,1583161200
419,R_2QRMdwLStyElYoU,SKIN_CLEANING_AGENT,2020-03-02,1583161200
420,R_2QRMdwLStyElYoU,TOYS_AND_GAMES,2020-03-02,1583161200
421,R_2QRMdwLStyElYoU,CORSET,2020-03-02,1583161200
422,R_2QRMdwLStyElYoU,ELECTRONIC_CABLE,2020-03-02,1583161200
423,R_2QRMdwLStyElYoU,VITAMIN,2020-03-02,1583161200
424,R_2QRMdwLStyElYoU,JUICE_AND_JUICE_DRINK,2020-03-02,1583161200
425,R_2QRMdwLStyElYoU,JUICE_AND_JUICE_DRINK,2020-03-02,1583161200
426,R_2QRMdwLStyElYoU,DRESS,2020-03-02,1583161200
427,R_2QRMdwLStyElYoU,DRESS,2020-03-02,1583161200
428,R_2QRMdwLStyElYoU,GROCERY,2020-03-02,1583161200
429,R_2QRMdwLStyElYoU,FISH,2020-03-02,1583161200
430,R_2QRMdwLStyElYoU,PANTS,2020-03-02,1583161200
431,R_2QRMdwLStyElYoU,FISH,2020-03-02,1583161200
432,R_2QRMdwLStyElYoU,NIGHTGOWN_NIGHTSHIRT,2020-03-02,1583161200
433,R_2QRMdwLStyElYoU,DRESS,2020-03-02,1583161200
434,R_2QRMdwLStyElYoU,SNACK_CHIP_AND_CRISP,2020-03-02,1583161200
435,R_2QRMdwLStyElYoU,SKIN_CLEANING_AGENT,2020-03-02,1583161200
436,R_2QRMdwLStyElYoU,TOYS_AND_GAMES,2020-03-02,1583161200
437,R_2QRMdwLStyElYoU,SURFACE_CLEANING_WIPE,2020-03-02,1583161200
438,R_2QRMdwLStyElYoU,DRESS,2020-03-02,1583161200
439,R_2QRMdwLStyElYoU,SHIRT,2020-03-02,1583161200
440,R_2QRMdwLStyElYoU,VEGETABLE,2020-03-02,1583161200
441,R_2QRMdwLStyElYoU,BREAD,2020-03-02,1583161200
442,R_2QRMdwLStyElYoU,CORSET,2020-03-02,1583161200
443,R_2QRMdwLStyElYoU,DRESS,2020-03-02,1583161200
444,R_2QRMdwLStyElYoU,POULTRY,2020-03-02,1583161200
445,R_2QRMdwLStyElYoU,SURFACE_CLEANING_WIPE,2020-03-02,1583161200
446,R_2QRMdwLStyElYoU,VEGETABLE,2020-03-02,1583161200
447,R_2QRMdwLStyElYoU,CELLULAR_PHONE_CASE,2020-03-02,1583161200
448,R_2QRMdwLStyElYoU,SNACK_CHIP_AND_CRISP,2020-03-02,1583161200
449,R_2QRMdwLStyElYoU,PHYSICAL_MOVIE,2020-03-02,1583161200
450,R_2QXJIE0UXBTy8wd,ELECTRONIC_CABLE,2020-03-02,1583161200
451,R_2QXJIE0UXBTy8wd,PHYSICAL_MOVIE,2020-03-02,1583161200
452,R_2Qu0fgUOnDpaKDH,FOOD_SERVICE_SUPPLY,2020-03-02,1583161200
453,R_2RVXjEovu4Y1yen,ELECTRONIC_CABLE,2020-03-02,1583161200
454,R_2RVXjEovu4Y1yen,COMPOST_BIN,2020-03-02,1583161200
455,R_2Ser7goSgo0gVBj,NUTRITIONAL_SUPPLEMENT,2020-03-02,1583161200
456,R_2UaV2vSZDxrE35n,BODY_LUBRICANT,2020-03-02,1583161200
457,R_2VaWg2jhtCG6zmh,PANTS,2020-03-02,1583161200
458,R_2VaWg2jhtCG6zmh,PHYSICAL_MOVIE,2020-03-02,1583161200
459,R_2VaWg2jhtCG6zmh,SKIN_MOISTURIZER,2020-03-02,1583161200
460,R_2WAagX64hf1kdMI,HEADPHONES,2020-03-02,1583161200
461,R_2WAagX64hf1kdMI,HEADPHONES,2020-03-02,1583161200
462,R_2ZTFfLAcuwm22Yh,HEADBOARD,2020-03-02,1583161200
463,R_2ZTFfLAcuwm22Yh,BUILDING_MATERIAL,2020-03-02,1583161200
464,R_2aKrOq0DBielcig,VITAMIN,2020-03-02,1583161200
465,R_2aKrOq0DBielcig,SKIN_MOISTURIZER,2020-03-02,1583161200
466,R_2cBADxleVyzT89z,CAKE_TOPPER,2020-03-02,1583161200
467,R_2cvmrv8q51q8yh1,VITAMIN,2020-03-02,1583161200
468,R_2cvmrv8q51q8yh1,HUMIDIFIER,2020-03-02,1583161200
469,R_2cvmrv8q51q8yh1,SUGAR_SUBSTITUTE,2020-03-02,1583161200
470,R_2cvmrv8q51q8yh1,WRITING_INSTRUMENT,2020-03-02,1583161200
471,R_2dzIuPT8QnK8NCo,SHIRT,2020-03-02,1583161200
472,R_2dzIuPT8QnK8NCo,SHIRT,2020-03-02,1583161200
473,R_2dzIuPT8QnK8NCo,PET_FOOD,2020-03-02,1583161200
474,R_2dzIuPT8QnK8NCo,PET_PEST_CONTROL,2020-03-02,1583161200
475,R_2dzIuPT8QnK8NCo,CAMERA,2020-03-02,1583161200
476,R_2dzIuPT8QnK8NCo,SNACK_FOOD_BAR,2020-03-02,1583161200
477,R_2dzIuPT8QnK8NCo,EXERCISE_STEP_PLATFORM,2020-03-02,1583161200
478,R_2dzIuPT8QnK8NCo,BODY_LUBRICANT,2020-03-02,1583161200
479,R_2dzIuPT8QnK8NCo,PHYSICAL_MOVIE,2020-03-02,1583161200
480,R_2dzIuPT8QnK8NCo,ABIS_BOOK,2020-03-02,1583161200
481,R_2dzIuPT8QnK8NCo,SKIN_MOISTURIZER,2020-03-02,1583161200
482,R_2dzIuPT8QnK8NCo,VITAMIN,2020-03-02,1583161200
483,R_2e3bppvzM7Ynmch,GROCERY,2020-03-02,1583161200
484,R_2fD6Jy2muMgaubH,HERBAL_SUPPLEMENT,2020-03-02,1583161200
485,R_2fD6Jy2muMgaubH,STROLLER,2020-03-02,1583161200
486,R_2pWwhBj1ZE9iNrB,SKIN_MOISTURIZER,2020-03-02,1583161200
487,R_2q2hekIiutgInrE,BATTERY,2020-03-02,1583161200
488,R_2q2hekIiutgInrE,SNACK_FOOD_BAR,2020-03-02,1583161200
489,R_2q2hekIiutgInrE,ABIS_BOOK,2020-03-02,1583161200
490,R_2r7Zl5CTeW1dMqd,BATTERY,2020-03-02,1583161200
491,R_2r7Zl5CTeW1dMqd,SCREEN_PROTECTOR,2020-03-02,1583161200
492,R_2rIQ3xPfAH7KF8A,PANTS,2020-03-02,1583161200
493,R_2ri4RVtvkxnZzHj,HEADPHONES,2020-03-02,1583161200
494,R_2ri4RVtvkxnZzHj,SCULPTURE,2020-03-02,1583161200
495,R_2ri4RVtvkxnZzHj,BATTERY,2020-03-02,1583161200
496,R_2s5YO3cdqKDFyIM,VITAMIN,2020-03-02,1583161200
497,R_2s5YO3cdqKDFyIM,CLEANING_AGENT,2020-03-02,1583161200
498,R_2s5YO3cdqKDFyIM,SCREEN_PROTECTOR,2020-03-02,1583161200
499,R_2sbCr0DY5BIHWiF,SNACK_FOOD_BAR,2020-03-02,1583161200
500,R_2t3ifk3xBqzIWG9,STAPLER,2020-03-02,1583161200
501,R_2t3ifk3xBqzIWG9,HEADPHONES,2020-03-02,1583161200
502,R_2t3ifk3xBqzIWG9,CELLULAR_PHONE_CASE,2020-03-02,1583161200
503,R_2tfHzrdo6EEaiWi,SURFACE_PROTECTION_WAX,2020-03-02,1583161200
504,R_2uTysluImvxkQBY,SHIRT,2020-03-02,1583161200
505,R_2yplkUxhAWZaFUL,GROCERY,2020-03-02,1583161200
506,R_2yplkUxhAWZaFUL,PANTS,2020-03-02,1583161200
507,R_2yplkUxhAWZaFUL,SHIRT,2020-03-02,1583161200
508,R_2yplkUxhAWZaFUL,JERKY,2020-03-02,1583161200
509,R_2yplkUxhAWZaFUL,CELLULAR_PHONE_CASE,2020-03-02,1583161200
510,R_32R69KRWIzuH9Im,KNITTING_NEEDLE,2020-03-02,1583161200
511,R_32UZncFA03IrQwQ,SOLDERING_IRON,2020-03-02,1583161200
512,R_32UZncFA03IrQwQ,HEADPHONES,2020-03-02,1583161200
513,R_32UZncFA03IrQwQ,SCREEN_PROTECTOR,2020-03-02,1583161200
514,R_32UZncFA03IrQwQ,ABIS_BOOK,2020-03-02,1583161200
515,R_3EQ2dhEXGhy72Xx,SNACK_FOOD_BAR,2020-03-02,1583161200
516,R_3EQ2dhEXGhy72Xx,SHIRT,2020-03-02,1583161200
517,R_3EQ2dhEXGhy72Xx,SWIMWEAR,2020-03-02,1583161200
518,R_3EQ2dhEXGhy72Xx,SCREEN_PROTECTOR,2020-03-02,1583161200
519,R_3EQ2dhEXGhy72Xx,SKIN_MOISTURIZER,2020-03-02,1583161200
520,R_3EQ2dhEXGhy72Xx,HAIR_STYLING_AGENT,2020-03-02,1583161200
521,R_3FPeOTnJa3dJ112,STEAM_CLEANER,2020-03-02,1583161200
522,R_3FPeOTnJa3dJ112,ELECTRONIC_CABLE,2020-03-02,1583161200
523,R_3FPeOTnJa3dJ112,BOTTLE,2020-03-02,1583161200
524,R_3FPeOTnJa3dJ112,STEAM_CLEANER,2020-03-02,1583161200
525,R_3GBSX5xvcH0uSyx,MEDICATION,2020-03-02,1583161200
526,R_3GBSX5xvcH0uSyx,PANTS,2020-03-02,1583161200
527,R_3I0sWpLFEyMMVOV,HEADPHONES,2020-03-02,1583161200
528,R_3IQQB0Dtvv9riqZ,SCREEN_PROTECTOR,2020-03-02,1583161200
529,R_3J8UIMbwljBx6df,PHONE_ACCESSORY,2020-03-02,1583161200
530,R_3J8UIMbwljBx6df,NUTRITIONAL_SUPPLEMENT,2020-03-02,1583161200
531,R_3J8UIMbwljBx6df,HEALTH_PERSONAL_CARE,2020-03-02,1583161200
532,R_3Jxiicg67etW2yt,PET_FOOD,2020-03-02,1583161200
533,R_3Jxiicg67etW2yt,ABIS_BOOK,2020-03-02,1583161200
534,R_3L20DbmNPSMtKUd,MEDICATION,2020-03-02,1583161200
535,R_3L20DbmNPSMtKUd,SKIN_MOISTURIZER,2020-03-02,1583161200
536,R_3L20DbmNPSMtKUd,SKIN_TREATMENT_MASK,2020-03-02,1583161200
537,R_3L20DbmNPSMtKUd,SURFACE_CLEANING_WIPE,2020-03-02,1583161200
538,R_3L20DbmNPSMtKUd,NUTRITIONAL_SUPPLEMENT,2020-03-02,1583161200
539,R_3Mc9nZhk6fg7b8z,VITAMIN,2020-03-02,1583161200
540,R_3MncA46G8CO8juo,CELLULAR_PHONE,2020-03-02,1583161200
541,R_3dN6S4adN4KjQO1,HEALTH_PERSONAL_CARE,2020-03-02,1583161200
542,R_3emmbwwsXsxt4Oj,SCREEN_PROTECTOR,2020-03-02,1583161200
543,R_3emmbwwsXsxt4Oj,SWEATER,2020-03-02,1583161200
544,R_3emmbwwsXsxt4Oj,SWEATER,2020-03-02,1583161200
545,R_3enuyEOsaEVxTNX,MAKE_UP,2020-03-02,1583161200
546,R_3enuyEOsaEVxTNX,GROCERY,2020-03-02,1583161200
547,R_3enuyEOsaEVxTNX,GROCERY,2020-03-02,1583161200
548,R_3iJyVGzX7fyajRz,BATTERY,2020-03-02,1583161200
549,R_3nqGVGe1oo00hRC,APPAREL_BELT,2020-03-02,1583161200
550,R_3peWF42INuePUWA,SHIRT,2020-03-02,1583161200
551,R_3peWF42INuePUWA,PET_FOOD,2020-03-02,1583161200
552,R_3qPt2VOIZdr6Kio,TOYS_AND_GAMES,2020-03-02,1583161200
553,R_3qlnIILTEuzSyGe,VITAMIN,2020-03-02,1583161200
554,R_3qlnIILTEuzSyGe,ABIS_BOOK,2020-03-02,1583161200
555,R_3qlnIILTEuzSyGe,PILLOW,2020-03-02,1583161200
556,R_3qlnIILTEuzSyGe,PET_FOOD,2020-03-02,1583161200
557,R_3qqdzQnCaBYHx9o,CELLULAR_PHONE_CASE,2020-03-02,1583161200
558,R_3s07B19Gl5Ix56W,TOYS_AND_GAMES,2020-03-02,1583161200
559,R_6Jw0sPgGkHLnKkp,SKIN_CLEANING_AGENT,2020-03-02,1583161200
560,R_6Jw0sPgGkHLnKkp,ABIS_BOOK,2020-03-02,1583161200
561,R_6gwxeBuC9V7nKsF,PILLOW,2020-03-02,1583161200
562,R_6gwxeBuC9V7nKsF,MEDICATION,2020-03-02,1583161200
563,R_6gwxeBuC9V7nKsF,KITCHEN,2020-03-02,1583161200
564,R_6gwxeBuC9V7nKsF,BATTERY,2020-03-02,1583161200
565,R_6gwxeBuC9V7nKsF,TV_TUNER_CARD,2020-03-02,1583161200
566,R_8CXcySQawXPuJwJ,SKIN_CLEANING_AGENT,2020-03-02,1583161200
567,R_Ap2HcvpPLRDJv9L,BATTERY,2020-03-02,1583161200
568,R_BWAjcs1sKUc6NQl,GROCERY,2020-03-02,1583161200
569,R_BWAjcs1sKUc6NQl,EXERCISE_STEP_PLATFORM,2020-03-02,1583161200
570,R_BWAjcs1sKUc6NQl,PHYSICAL_MOVIE,2020-03-02,1583161200
571,R_BWhnv4EdbhSS6rf,ABIS_BOOK,2020-03-02,1583161200
572,R_BWhnv4EdbhSS6rf,CELLULAR_PHONE_CASE,2020-03-02,1583161200
573,R_BWhnv4EdbhSS6rf,CAMCORDER,2020-03-02,1583161200
574,R_BWhnv4EdbhSS6rf,HEADPHONES,2020-03-02,1583161200
575,R_BWhnv4EdbhSS6rf,PANTS,2020-03-02,1583161200
576,R_Djcs43mP6ReoYgN,SKIN_MOISTURIZER,2020-03-02,1583161200
577,R_Odixb15Ykmxb0Dn,TOYS_AND_GAMES,2020-03-02,1583161200
578,R_Odixb15Ykmxb0Dn,PHYSICAL_MOVIE,2020-03-02,1583161200
579,R_Og8Cqd3iUgldHRn,FOOD_WRAP,2020-03-02,1583161200
580,R_Og8Cqd3iUgldHRn,SHOES,2020-03-02,1583161200
581,R_Qp7pqfzWe3Qmcrn,TOYS_AND_GAMES,2020-03-02,1583161200
582,R_Qp7pqfzWe3Qmcrn,TOILET_PAPER,2020-03-02,1583161200
583,R_RaeWxaWjb7z8CLT,MEDICATION,2020-03-02,1583161200
584,R_RaeWxaWjb7z8CLT,MEDICATION,2020-03-02,1583161200
585,R_RaeWxaWjb7z8CLT,SCREEN_PROTECTOR,2020-03-02,1583161200
586,R_RaeWxaWjb7z8CLT,POWER_CONVERTER,2020-03-02,1583161200
587,R_RaeWxaWjb7z8CLT,NUTRITIONAL_SUPPLEMENT,2020-03-02,1583161200
588,R_UFrfTy7RlXqKDOV,ELECTRONIC_CABLE,2020-03-02,1583161200
589,R_UFrfTy7RlXqKDOV,SPORT_ACTIVITY_GLOVE,2020-03-02,1583161200
590,R_Uit4G2WjoT7WM6d,CELLULAR_PHONE_CASE,2020-03-02,1583161200
591,R_XuCuybjxPer1OeJ,SNACK_FOOD_BAR,2020-03-02,1583161200
592,R_XuCuybjxPer1OeJ,MEDICATION,2020-03-02,1583161200
593,R_XwiCirQyfwJzVtv,SCREEN_PROTECTOR,2020-03-02,1583161200
594,R_XwiCirQyfwJzVtv,ELECTRONIC_CABLE,2020-03-02,1583161200
595,R_ZkokwdIEZybYo9z,HEADPHONES,2020-03-02,1583161200
596,R_ZkokwdIEZybYo9z,CORRECTIVE_EYEGLASSES,2020-03-02,1583161200
597,R_Zwn68Xfx8lenBER,TOYS_AND_GAMES,2020-03-02,1583161200
598,R_Zz495Ir7AjUbSCJ,HEADPHONES,2020-03-02,1583161200
599,R_Zz495Ir7AjUbSCJ,HEADPHONES,2020-03-02,1583161200
600,R_Zz495Ir7AjUbSCJ,SCREEN_PROTECTOR,2020-03-02,1583161200
601,R_Zz495Ir7AjUbSCJ,AUTO_ACCESSORY,2020-03-02,1583161200
602,R_b3dSUlk76L0C6TD,PANTS,2020-03-02,1583161200
603,R_b8UnkZJoU93ZxEB,VITAMIN,2020-03-02,1583161200
604,R_b8UnkZJoU93ZxEB,PHYSICAL_MOVIE,2020-03-02,1583161200
605,R_b8UnkZJoU93ZxEB,CALISTHENICS_STAND,2020-03-02,1583161200
606,R_bJI8lmXMZWL6oql,SAFETY_MASK,2020-03-02,1583161200
607,R_bw2nQ0iRh2wCa8p,CAMERA_STAGE_LIGHTING_MODIFIER,2020-03-02,1583161200
608,R_czHyAR1xMvT2FbP,LANDLINE_PHONE,2020-03-02,1583161200
609,R_d5O7dqvA1EWCrPb,CELLULAR_PHONE_CASE,2020-03-02,1583161200
610,R_e8KTElZZLWryLWp,STEERING_WHEEL_COVER,2020-03-02,1583161200
611,R_e8KTElZZLWryLWp,MECHANICAL_LIGHTER,2020-03-02,1583161200
612,R_eOMCliqYqUD4oOR,CAKE_TOPPER,2020-03-02,1583161200
613,R_eOMCliqYqUD4oOR,SHOES,2020-03-02,1583161200
614,R_rqK6K6zDsynoZHP,HEALTH_PERSONAL_CARE,2020-03-02,1583161200
615,R_sRSLCxzK04aJvhL,HEADPHONES,2020-03-02,1583161200
616,R_tXHOaasrDjYwLO9,SHIRT,2020-03-02,1583161200
617,R_vCykMx1wpGTjjTb,MEDICATION,2020-03-02,1583161200
618,R_vCykMx1wpGTjjTb,AMAZON_TABLET,2020-03-02,1583161200
619,R_vCykMx1wpGTjjTb,ABIS_BOOK,2020-03-02,1583161200
620,R_vCykMx1wpGTjjTb,RADIO,2020-03-02,1583161200
621,R_vCykMx1wpGTjjTb,SNACK_FOOD_BAR,2020-03-02,1583161200
622,R_vCykMx1wpGTjjTb,BLOOD_PRESSURE_MONITOR,2020-03-02,1583161200
623,R_xrrF4kkA2JEG6OZ,BED_LINEN_SET,2020-03-02,1583161200
624,R_yC5ffbdBLVi93Pz,HEADPHONES,2020-03-02,1583161200
625,R_yrLrYUf4oFzOnjb,SKIN_MOISTURIZER,2020-03-02,1583161200
626,R_0D6GtQwa6VcnXpv,BATTERY,2020-03-03,1583247600
627,R_0InTWTWokrqzy3n,SKIN_MOISTURIZER,2020-03-03,1583247600
628,R_0InTWTWokrqzy3n,COMPUTER,2020-03-03,1583247600
629,R_10AtO7bUfe8iWYK,GARBAGE_DISPOSAL_UNIT,2020-03-03,1583247600
630,R_1C8w4NDDQC5fcgE,SNACK_FOOD_BAR,2020-03-03,1583247600
631,R_1Cx2TzfSj9KxVhR,SKIN_MOISTURIZER,2020-03-03,1583247600
632,R_1Cx2TzfSj9KxVhR,SNACK_FOOD_BAR,2020-03-03,1583247600
633,R_1DJdUrYA1I0QAKh,ABIS_ELECTRONICS,2020-03-03,1583247600
634,R_1DJdUrYA1I0QAKh,ANIMAL_NUTRITIONAL_SUPPLEMENT,2020-03-03,1583247600
635,R_1DJdUrYA1I0QAKh,SCREEN_PROTECTOR,2020-03-03,1583247600
636,R_1DJdUrYA1I0QAKh,PET_FOOD,2020-03-03,1583247600
637,R_1DYWdbAMt6LyCZH,SHIRT,2020-03-03,1583247600
638,R_1DYWdbAMt6LyCZH,ABIS_BOOK,2020-03-03,1583247600
639,R_1Fyt6rHyiQcVOT8,SKIN_MOISTURIZER,2020-03-03,1583247600
640,R_1GghoTNZdgUeySl,SOCKS,2020-03-03,1583247600
641,R_1GghoTNZdgUeySl,SYSTEM_CABINET,2020-03-03,1583247600
642,R_1I6meOeB0piHEX8,VITAMIN,2020-03-03,1583247600
643,R_1I6meOeB0piHEX8,PHYSICAL_MOVIE,2020-03-03,1583247600
644,R_1I6meOeB0piHEX8,ELECTRONIC_CABLE,2020-03-03,1583247600
645,R_1I6meOeB0piHEX8,SHIRT,2020-03-03,1583247600
646,R_1MTbVUzYEQq2MzU,SKIN_CLEANING_AGENT,2020-03-03,1583247600
647,R_1MTbVUzYEQq2MzU,PANTS,2020-03-03,1583247600
648,R_1MTbVUzYEQq2MzU,ABIS_BEAUTY,2020-03-03,1583247600
649,R_1MTbVUzYEQq2MzU,SPRAY_BOTTLE,2020-03-03,1583247600
650,R_1NgAWSeub1pgOGj,SKIN_MOISTURIZER,2020-03-03,1583247600
651,R_1NlGZCWpxXc8mjn,PANTS,2020-03-03,1583247600
652,R_1OMKeKICcW0F652,GROCERY,2020-03-03,1583247600
653,R_1OMKeKICcW0F652,STORAGE_BINDER,2020-03-03,1583247600
654,R_1OMKeKICcW0F652,LIGHT_BOX,2020-03-03,1583247600
655,R_1OMKeKICcW0F652,TOYS_AND_GAMES,2020-03-03,1583247600
656,R_1OlyKZYuQUE5Cgc,PANTS,2020-03-03,1583247600
657,R_1OlyKZYuQUE5Cgc,HEADPHONES,2020-03-03,1583247600
658,R_1QKu8qtvgo0d1uS,PANTS,2020-03-03,1583247600
659,R_1dlSByn2AyHWx7r,TOYS_AND_GAMES,2020-03-03,1583247600
660,R_1dlSByn2AyHWx7r,HEALTH_PERSONAL_CARE,2020-03-03,1583247600
661,R_1dppjLIFEdj7Kq5,PET_FOOD,2020-03-03,1583247600
662,R_1gOX88nojaBXOt2,HEADPHONES,2020-03-03,1583247600
663,R_1ig4LC2I0cwMCHk,PANTS,2020-03-03,1583247600
664,R_1ig4LC2I0cwMCHk,PHYSICAL_MOVIE,2020-03-03,1583247600
665,R_1jARg5bGH5uqAKW,SHIRT,2020-03-03,1583247600
666,R_1jARg5bGH5uqAKW,SHIRT,2020-03-03,1583247600
667,R_1jUqdfR1Zz6mZMf,NUTRITIONAL_SUPPLEMENT,2020-03-03,1583247600
668,R_1jUqdfR1Zz6mZMf,OFFICE_PRODUCTS,2020-03-03,1583247600
669,R_1jUqdfR1Zz6mZMf,MEDICATION,2020-03-03,1583247600
670,R_1kYuVPgjXmEfSf8,PAPER_SHREDDER,2020-03-03,1583247600
671,R_1lAIBWf5Qsww7eT,SKIN_CLEANING_AGENT,2020-03-03,1583247600
672,R_1lAIBWf5Qsww7eT,COMPUTER_ADD_ON,2020-03-03,1583247600
673,R_1lfNYOmsEIqOn65,GROCERY,2020-03-03,1583247600
674,R_1n8h8059UUul8Dr,TOYS_AND_GAMES,2020-03-03,1583247600
675,R_1oFSDeGAQcUN2v8,VITAMIN,2020-03-03,1583247600
676,R_1obwpb6iowh7vew,TABLETOP_GAME,2020-03-03,1583247600
677,R_1obwpb6iowh7vew,HEADPHONES,2020-03-03,1583247600
678,R_1obwpb6iowh7vew,ABIS_BOOK,2020-03-03,1583247600
679,R_1pKZVLBbrpZM8bP,TOYS_AND_GAMES,2020-03-03,1583247600
680,R_1pKZVLBbrpZM8bP,PANTS,2020-03-03,1583247600
681,R_1pKZVLBbrpZM8bP,PHYSICAL_MOVIE,2020-03-03,1583247600
682,R_1pKZVLBbrpZM8bP,OPTICAL_DISC_DRIVE,2020-03-03,1583247600
683,R_1pKZVLBbrpZM8bP,OPTICAL_DISC_DRIVE,2020-03-03,1583247600
684,R_1pKZVLBbrpZM8bP,SNACK_FOOD_BAR,2020-03-03,1583247600
685,R_1pKZVLBbrpZM8bP,HEADPHONES,2020-03-03,1583247600
686,R_1pu4x2PBb4LrSWk,PHYSICAL_MOVIE,2020-03-03,1583247600
687,R_1qdM6yLQigCFrkd,PHYSICAL_MOVIE,2020-03-03,1583247600
688,R_1qdM6yLQigCFrkd,HEALTH_PERSONAL_CARE,2020-03-03,1583247600
689,R_1qdM6yLQigCFrkd,TEMPORARY_GATE,2020-03-03,1583247600
690,R_1rPQIXSf3d1wvFO,PHYSICAL_MOVIE,2020-03-03,1583247600
691,R_1rPQIXSf3d1wvFO,SKIN_MOISTURIZER,2020-03-03,1583247600
692,R_1rPQIXSf3d1wvFO,PHYSICAL_MOVIE,2020-03-03,1583247600
693,R_1rPQIXSf3d1wvFO,HIP_FLASK,2020-03-03,1583247600
694,R_1rPQIXSf3d1wvFO,TOY_FIGURE,2020-03-03,1583247600
695,R_1rPQIXSf3d1wvFO,SKIN_CLEANING_AGENT,2020-03-03,1583247600
696,R_1rPQIXSf3d1wvFO,SCREEN_PROTECTOR,2020-03-03,1583247600
697,R_1rPQIXSf3d1wvFO,HEALTH_PERSONAL_CARE,2020-03-03,1583247600
698,R_1rPQIXSf3d1wvFO,HEALTH_PERSONAL_CARE,2020-03-03,1583247600
699,R_1rPQIXSf3d1wvFO,TOY_FIGURE,2020-03-03,1583247600
700,R_1rPQIXSf3d1wvFO,PANTS,2020-03-03,1583247600
701,R_1rPQIXSf3d1wvFO,NETWORKING_ROUTER,2020-03-03,1583247600
702,R_1rPQIXSf3d1wvFO,HOUSEHOLD_VARNISH,2020-03-03,1583247600
703,R_1rPQIXSf3d1wvFO,HEALTH_PERSONAL_CARE,2020-03-03,1583247600
704,R_1rPQIXSf3d1wvFO,SKIN_MOISTURIZER,2020-03-03,1583247600
705,R_1rPQIXSf3d1wvFO,TOGGLE_SWITCH,2020-03-03,1583247600
706,R_1rPQIXSf3d1wvFO,HEADPHONES,2020-03-03,1583247600
707,R_1rPQIXSf3d1wvFO,SKIN_MOISTURIZER,2020-03-03,1583247600
708,R_1rPQIXSf3d1wvFO,SKIN_MOISTURIZER,2020-03-03,1583247600
709,R_1rPQIXSf3d1wvFO,TOGGLE_SWITCH,2020-03-03,1583247600
710,R_1rPQIXSf3d1wvFO,SKIN_MOISTURIZER,2020-03-03,1583247600
711,R_1rPQIXSf3d1wvFO,NUTRITIONAL_SUPPLEMENT,2020-03-03,1583247600
712,R_1rPQIXSf3d1wvFO,PHYSICAL_MOVIE,2020-03-03,1583247600
713,R_1rPQIXSf3d1wvFO,PHYSICAL_MOVIE,2020-03-03,1583247600
714,R_1rPQIXSf3d1wvFO,GROCERY,2020-03-03,1583247600
715,R_1rPQIXSf3d1wvFO,ABIS_BOOK,2020-03-03,1583247600
716,R_1rPQIXSf3d1wvFO,PHYSICAL_SOFTWARE,2020-03-03,1583247600
717,R_1rq9oimamSF6rsF,HEALTH_PERSONAL_CARE,2020-03-03,1583247600
718,R_1rq9oimamSF6rsF,HEALTH_PERSONAL_CARE,2020-03-03,1583247600
719,R_1zVJnDAfoFLamOd,SCREEN_PROTECTOR,2020-03-03,1583247600
720,R_20V7srZUzANQQ4T,STANDALONE_STREAMING_MEDIA_PLAYER,2020-03-03,1583247600
721,R_20V7srZUzANQQ4T,CELLULAR_PHONE_CASE,2020-03-03,1583247600
722,R_20Yd9DvrGselmZY,HEALTH_PERSONAL_CARE,2020-03-03,1583247600
723,R_21ttkGbeIL6HdlR,CELLULAR_PHONE_CASE,2020-03-03,1583247600
724,R_22DJIjS0M8yvaYO,PHYSICAL_MOVIE,2020-03-03,1583247600
725,R_22DJIjS0M8yvaYO,VITAMIN,2020-03-03,1583247600
726,R_22mMopWqAj09mQc,MANUAL_FOOD_MILL_GRINDER,2020-03-03,1583247600
727,R_22mMopWqAj09mQc,GROCERY,2020-03-03,1583247600
728,R_24csoaO569P4Yzz,SNACK_FOOD_BAR,2020-03-03,1583247600
729,R_24dbGLxukEKohG6,ABIS_BOOK,2020-03-03,1583247600
730,R_25KMnVsE9ynaHcA,FOOD_MASHER,2020-03-03,1583247600
731,R_279ENCaNyRMf98u,SCREEN_PROTECTOR,2020-03-03,1583247600
732,R_27DL80quzRiSEmq,LOCK,2020-03-03,1583247600
733,R_27DL80quzRiSEmq,DRESS,2020-03-03,1583247600
734,R_27DL80quzRiSEmq,PHYSICAL_MOVIE,2020-03-03,1583247600
735,R_27DL80quzRiSEmq,ABIS_BOOK,2020-03-03,1583247600
736,R_27DL80quzRiSEmq,TIRE_VALVE_STEM_CAP,2020-03-03,1583247600
737,R_27DL80quzRiSEmq,ABIS_BOOK,2020-03-03,1583247600
738,R_27DL80quzRiSEmq,TIRE_VALVE_STEM_CAP,2020-03-03,1583247600
739,R_27DL80quzRiSEmq,VITAMIN,2020-03-03,1583247600
740,R_27DL80quzRiSEmq,CELLULAR_PHONE_CASE,2020-03-03,1583247600
741,R_27DL80quzRiSEmq,SKIN_CLEANING_AGENT,2020-03-03,1583247600
742,R_27DL80quzRiSEmq,ABIS_BOOK,2020-03-03,1583247600
743,R_27DL80quzRiSEmq,GROCERY,2020-03-03,1583247600
744,R_27Nf8ImFlWu3J9O,GROCERY,2020-03-03,1583247600
745,R_27Nf8ImFlWu3J9O,NUTRITIONAL_SUPPLEMENT,2020-03-03,1583247600
746,R_28ANyXf1czOlXey,SKIN_MOISTURIZER,2020-03-03,1583247600
747,R_28ANyXf1czOlXey,JEWELRY,2020-03-03,1583247600
748,R_29tZUWisKTCWczv,SKIN_MOISTURIZER,2020-03-03,1583247600
749,R_29tZUWisKTCWczv,SCREEN_PROTECTOR,2020-03-03,1583247600
750,R_2ASBFgthVbaGlF3,DISPLAY_ALBUM,2020-03-03,1583247600
751,R_2E9JSBmmNNT5YMi,SKIN_MOISTURIZER,2020-03-03,1583247600
752,R_2QXq900Df6biUD7,GROCERY,2020-03-03,1583247600
753,R_2QXq900Df6biUD7,POWERSPORTS_PROTECTIVE_GEAR,2020-03-03,1583247600
754,R_2QXq900Df6biUD7,PHYSICAL_MOVIE,2020-03-03,1583247600
755,R_2TXBHPMwNAwKR7Q,SHOES,2020-03-03,1583247600
756,R_2TXBHPMwNAwKR7Q,ABIS_BOOK,2020-03-03,1583247600
757,R_2TXBHPMwNAwKR7Q,NUTRITIONAL_SUPPLEMENT,2020-03-03,1583247600
758,R_2TXBHPMwNAwKR7Q,BATTERY,2020-03-03,1583247600
759,R_2Y9fPhqa2Xf2QdZ,PET_FOOD,2020-03-03,1583247600
760,R_2Y9fPhqa2Xf2QdZ,ELECTRONIC_CABLE,2020-03-03,1583247600
761,R_2Y9fPhqa2Xf2QdZ,ABIS_MUSIC,2020-03-03,1583247600
762,R_2YR2Yn7wGzAeAj0,SKIN_CLEANING_AGENT,2020-03-03,1583247600
763,R_2ZEQSnRGlS7ZscC,HEADPHONES,2020-03-03,1583247600
764,R_2ZNPweVWnwFNjiC,ELECTRONIC_COMPONENT,2020-03-03,1583247600
765,R_2ZNPweVWnwFNjiC,SKIN_MOISTURIZER,2020-03-03,1583247600
766,R_2ZNPweVWnwFNjiC,CAPO,2020-03-03,1583247600
767,R_2b1XOZR0PYTA1jX,CELLULAR_PHONE_CASE,2020-03-03,1583247600
768,R_2b1XOZR0PYTA1jX,PANTS,2020-03-03,1583247600
769,R_2b1XOZR0PYTA1jX,TOYS_AND_GAMES,2020-03-03,1583247600
770,R_2dFHfsIqQ6eEtVW,GROCERY,2020-03-03,1583247600
771,R_2dFHfsIqQ6eEtVW,HEADPHONES,2020-03-03,1583247600
772,R_2dvh9tu7PLPeipE,FLAME_WICK,2020-03-03,1583247600
773,R_2dvh9tu7PLPeipE,PET_FOOD,2020-03-03,1583247600
774,R_2dvh9tu7PLPeipE,PANTS,2020-03-03,1583247600
775,R_2dvh9tu7PLPeipE,MEDICATION,2020-03-03,1583247600
776,R_2dvh9tu7PLPeipE,FALSE_EYELASH,2020-03-03,1583247600
777,R_2dvh9tu7PLPeipE,OPTICAL_DISC_DRIVE,2020-03-03,1583247600
778,R_2fxhde3AmAoBQBS,BICYCLE_LIGHT,2020-03-03,1583247600
779,R_2mAJniG0xVBIInL,CRAFT_HOOP_FRAME,2020-03-03,1583247600
780,R_2mAJniG0xVBIInL,PET_FOOD,2020-03-03,1583247600
781,R_2mKYTXpTsUEkSGt,SHOES,2020-03-03,1583247600
782,R_2r7Zl5CTeW1dMqd,VACUUM_SEALER_MACHINE,2020-03-03,1583247600
783,R_2r7Zl5CTeW1dMqd,MEDICATION,2020-03-03,1583247600
784,R_2uIMLcJgQmb0v3G,PHYSICAL_MOVIE,2020-03-03,1583247600
785,R_2uIMLcJgQmb0v3G,MEAL_REPLACEMENT_BEVERAGE,2020-03-03,1583247600
786,R_2uIMLcJgQmb0v3G,TOYS_AND_GAMES,2020-03-03,1583247600
787,R_2uIMLcJgQmb0v3G,HAIR_DRYER,2020-03-03,1583247600
788,R_2uIMLcJgQmb0v3G,HEALTH_PERSONAL_CARE,2020-03-03,1583247600
789,R_2uIMLcJgQmb0v3G,VITAMIN,2020-03-03,1583247600
790,R_2uTysluImvxkQBY,HAIR_COLORING_AGENT,2020-03-03,1583247600
791,R_2uZDxTZAORBIW1o,SHIRT,2020-03-03,1583247600
792,R_2uZDxTZAORBIW1o,INSECT_REPELLENT,2020-03-03,1583247600
793,R_2uZDxTZAORBIW1o,ASTRINGENT_SUBSTANCE,2020-03-03,1583247600
794,R_2vYeXyFdrSyrVwh,BED_RAIL,2020-03-03,1583247600
795,R_2vYeXyFdrSyrVwh,BAKING_PAN,2020-03-03,1583247600
796,R_2wmLE1q4FIpfioi,PICTURE_FRAME,2020-03-03,1583247600
797,R_2wmLE1q4FIpfioi,PAPER_TOWEL,2020-03-03,1583247600
798,R_2wtVmKidhQR0wju,NUTRITIONAL_SUPPLEMENT,2020-03-03,1583247600
799,R_2wzatCV9Z18xLF2,ELECTRONIC_CABLE,2020-03-03,1583247600
800,R_2wzatCV9Z18xLF2,BASKET,2020-03-03,1583247600
801,R_2xxvsVGQ2kSdXpV,SKIN_MOISTURIZER,2020-03-03,1583247600
802,R_2xxvsVGQ2kSdXpV,TOYS_AND_GAMES,2020-03-03,1583247600
803,R_2xxvsVGQ2kSdXpV,ELECTRONIC_CABLE,2020-03-03,1583247600
804,R_2xxvsVGQ2kSdXpV,SHARPS_DISPOSAL_CONTAINER,2020-03-03,1583247600
805,R_2xxvsVGQ2kSdXpV,PANTS,2020-03-03,1583247600
806,R_2xxvsVGQ2kSdXpV,ELECTRONIC_CABLE,2020-03-03,1583247600
807,R_2xxvsVGQ2kSdXpV,VITAMIN,2020-03-03,1583247600
808,R_2xxvsVGQ2kSdXpV,ELECTRIC_FAN,2020-03-03,1583247600
809,R_2zCmQhJtrw3xBtV,TOYS_AND_GAMES,2020-03-03,1583247600
810,R_31QS1Ms6iQEU3mI,PANTS,2020-03-03,1583247600
811,R_31QS1Ms6iQEU3mI,PAINT,2020-03-03,1583247600
812,R_31aclNgWw4mxrPd,ENVELOPE,2020-03-03,1583247600
813,R_31n2MLk9w05iLzN,HEADPHONES,2020-03-03,1583247600
814,R_325wNEypLBLRTf7,ELECTRIC_FAN,2020-03-03,1583247600
815,R_32MgYCncUh7NkQE,PAW_HOOF_PROTECTOR,2020-03-03,1583247600
816,R_32RSCpvF0PqDFBp,PET_FOOD,2020-03-03,1583247600
817,R_32RSCpvF0PqDFBp,SUGAR_SUBSTITUTE,2020-03-03,1583247600
818,R_39HhVszlqdawZPP,VALVE,2020-03-03,1583247600
819,R_3D8fwycJF7eksBo,VITAMIN,2020-03-03,1583247600
820,R_3D8fwycJF7eksBo,HEADPHONES,2020-03-03,1583247600
821,R_3ESuELdvO5mTjxj,TOYS_AND_GAMES,2020-03-03,1583247600
822,R_3G1gYo1d23Zq8Np,TOYS_AND_GAMES,2020-03-03,1583247600
823,R_3GiSNq0yPsXSvhf,HEALTH_PERSONAL_CARE,2020-03-03,1583247600
824,R_3GiSNq0yPsXSvhf,HEADPHONES,2020-03-03,1583247600
825,R_3GiSNq0yPsXSvhf,COLLECTIBLE_CARD,2020-03-03,1583247600
826,R_3GiSNq0yPsXSvhf,BOTTLE,2020-03-03,1583247600
827,R_3I0sWpLFEyMMVOV,ANIMAL_VITAMIN,2020-03-03,1583247600
828,R_3J8UIMbwljBx6df,HEADPHONES,2020-03-03,1583247600
829,R_3J8UIMbwljBx6df,NUT_BUTTER,2020-03-03,1583247600
830,R_3J8UIMbwljBx6df,BEAUTY,2020-03-03,1583247600
831,R_3L20DbmNPSMtKUd,VIVARIUM,2020-03-03,1583247600
832,R_3L8dgu12mdk2UVH,PET_FOOD,2020-03-03,1583247600
833,R_3LXRVZSdJiqH63S,ELECTRONIC_CABLE,2020-03-03,1583247600
834,R_3LXRVZSdJiqH63S,SHIRT,2020-03-03,1583247600
835,R_3M3RSZ7wNRSaxNx,PHYSICAL_MOVIE,2020-03-03,1583247600
836,R_3M3RSZ7wNRSaxNx,TOYS_AND_GAMES,2020-03-03,1583247600
837,R_3M3RSZ7wNRSaxNx,NAIL_CLIPPER,2020-03-03,1583247600
838,R_3NCfhSJSgGWexUL,UNDERPANTS,2020-03-03,1583247600
839,R_3NCfhSJSgGWexUL,PET_FOOD,2020-03-03,1583247600
840,R_3NwUrzA3eAsS3xO,ABIS_BOOK,2020-03-03,1583247600
841,R_3OiAK9V155cWEsy,SCREEN_PROTECTOR,2020-03-03,1583247600
842,R_3OiAK9V155cWEsy,TOYS_AND_GAMES,2020-03-03,1583247600
843,R_3PAyJj7mQvMzMco,BARBELL,2020-03-03,1583247600
844,R_3PUi8o2if0JqKfl,TOY_FIGURE,2020-03-03,1583247600
845,R_3PUi8o2if0JqKfl,TOY_FIGURE,2020-03-03,1583247600
846,R_3QE72T2NXn4ninT,SNACK_FOOD_BAR,2020-03-03,1583247600
847,R_3QE72T2NXn4ninT,SAFE,2020-03-03,1583247600
848,R_3QE72T2NXn4ninT,SECURITY_ELECTRONICS,2020-03-03,1583247600
849,R_3QE72T2NXn4ninT,SOLDERING_IRON,2020-03-03,1583247600
850,R_3QE72T2NXn4ninT,NUT_AND_SEED,2020-03-03,1583247600
851,R_3QXUWuTn4OdbNmh,SHOES,2020-03-03,1583247600
852,R_3QXUWuTn4OdbNmh,CYCLING_TIRE,2020-03-03,1583247600
853,R_3R3FfvTaRKxigNl,CELLULAR_PHONE_CASE,2020-03-03,1583247600
854,R_3R3FfvTaRKxigNl,MUFFLER,2020-03-03,1583247600
855,R_3R3FfvTaRKxigNl,MINERAL_SUPPLEMENT,2020-03-03,1583247600
856,R_3RmDOazalOu0F1L,ABIS_MUSIC,2020-03-03,1583247600
857,R_3VRB9w5rAtqNoWt,APPAREL_BELT,2020-03-03,1583247600
858,R_3ez7TNnB78XtMa7,BABY_PRODUCT,2020-03-03,1583247600
859,R_3h4JnsfebywTUxX,BATTERY,2020-03-03,1583247600
860,R_3iJyVGzX7fyajRz,SKIN_CLEANING_AGENT,2020-03-03,1583247600
861,R_3iJyVGzX7fyajRz,SHELLFISH,2020-03-03,1583247600
862,R_3jSvX9tw2goV083,HEALTH_PERSONAL_CARE,2020-03-03,1583247600
863,R_3peWF42INuePUWA,MEDICATION,2020-03-03,1583247600
864,R_3peWF42INuePUWA,SNACK_FOOD_BAR,2020-03-03,1583247600
865,R_3peWF42INuePUWA,ELECTRONIC_CABLE,2020-03-03,1583247600
866,R_3peWF42INuePUWA,MEDICATION,2020-03-03,1583247600
867,R_3peWF42INuePUWA,HEADPHONES,2020-03-03,1583247600
868,R_3peWF42INuePUWA,SHIRT,2020-03-03,1583247600
869,R_3peWF42INuePUWA,SHOES,2020-03-03,1583247600
870,R_3peWF42INuePUWA,SOIL,2020-03-03,1583247600
871,R_3peWF42INuePUWA,SNACK_FOOD_BAR,2020-03-03,1583247600
872,R_3peWF42INuePUWA,MEDICATION,2020-03-03,1583247600
873,R_3peWF42INuePUWA,SOIL,2020-03-03,1583247600
874,R_3peWF42INuePUWA,TOYS_AND_GAMES,2020-03-03,1583247600
875,R_3peWF42INuePUWA,BATTERY,2020-03-03,1583247600
876,R_4YnsyJn7OBPaUut,ESSENTIAL_OIL,2020-03-03,1583247600
877,R_4YnsyJn7OBPaUut,STRENGTH_TRAINING_MACHINE,2020-03-03,1583247600
878,R_4YnsyJn7OBPaUut,SKIN_CLEANING_AGENT,2020-03-03,1583247600
879,R_55BKHeW1aOzYOUp,TRANSPORT_RACK,2020-03-03,1583247600
880,R_55BKHeW1aOzYOUp,ELECTRONIC_CABLE,2020-03-03,1583247600
881,R_55BKHeW1aOzYOUp,SKIN_MOISTURIZER,2020-03-03,1583247600
882,R_5uabKnJBMc7HyEN,TOYS_AND_GAMES,2020-03-03,1583247600
883,R_7ZH1uBNuL9RQ2K5,SKIN_CLEANING_AGENT,2020-03-03,1583247600
884,R_8pMsG4P0RqzoSlz,ADHESIVE_TAPES,2020-03-03,1583247600
885,R_8vnpSkm79W7Jsv7,SHIRT,2020-03-03,1583247600
886,R_8vnpSkm79W7Jsv7,NUTRITIONAL_SUPPLEMENT,2020-03-03,1583247600
887,R_8vnpSkm79W7Jsv7,ELECTRONIC_CABLE,2020-03-03,1583247600
888,R_8vnpSkm79W7Jsv7,VIDEO_DISC_PLAYER,2020-03-03,1583247600
889,R_8vnpSkm79W7Jsv7,WIPER_BLADE,2020-03-03,1583247600
890,R_8vnpSkm79W7Jsv7,SHIRT,2020-03-03,1583247600
891,R_8vnpSkm79W7Jsv7,INSTRUMENT_PARTS_AND_ACCESSORIES,2020-03-03,1583247600
892,R_AM0OvM0F9kBvqal,BOOKSHELF_OR_MICRO_STEREO_SYS,2020-03-03,1583247600
893,R_BWAjcs1sKUc6NQl,COOKING_POT,2020-03-03,1583247600
894,R_BWhnv4EdbhSS6rf,KITCHEN_KNIFE,2020-03-03,1583247600
895,R_Cgbr25P8IQSFnr3,ELECTRONIC_CABLE,2020-03-03,1583247600
896,R_D8LcojwusttCWaJ,RESPIRATOR,2020-03-03,1583247600
897,R_D8LcojwusttCWaJ,VITAMIN,2020-03-03,1583247600
898,R_D8LcojwusttCWaJ,KNITTING_NEEDLE,2020-03-03,1583247600
899,R_D8LcojwusttCWaJ,BATTERY,2020-03-03,1583247600
900,R_Djcs43mP6ReoYgN,SCREEN_PROTECTOR,2020-03-03,1583247600
901,R_OPfbKZtf2Azgit3,PANTS,2020-03-03,1583247600
902,R_OPfbKZtf2Azgit3,CELLULAR_PHONE_CASE,2020-03-03,1583247600
903,R_OdTirYYBS6ms6nn,MEDICATION,2020-03-03,1583247600
904,R_PXSF6lxCnUB8Pg5,TOYS_AND_GAMES,2020-03-03,1583247600
905,R_PXSF6lxCnUB8Pg5,NUTRITIONAL_SUPPLEMENT,2020-03-03,1583247600
906,R_XwiCirQyfwJzVtv,SUNSCREEN,2020-03-03,1583247600
907,R_XwiCirQyfwJzVtv,BOOK,2020-03-03,1583247600
908,R_XwiCirQyfwJzVtv,NUTRITIONAL_SUPPLEMENT,2020-03-03,1583247600
909,R_XwiCirQyfwJzVtv,WREATH,2020-03-03,1583247600
910,R_XwiCirQyfwJzVtv,NUTRITIONAL_SUPPLEMENT,2020-03-03,1583247600
911,R_XwiCirQyfwJzVtv,SHOES,2020-03-03,1583247600
912,R_XwiCirQyfwJzVtv,NUTRITIONAL_SUPPLEMENT,2020-03-03,1583247600
913,R_Z4qMkqhWSmIbdSh,TEAPOT,2020-03-03,1583247600
914,R_cCucjmijTJETC6d,PANTS,2020-03-03,1583247600
915,R_puS9dcuNnDHSZ8Z,OUTDOOR_LIVING,2020-03-03,1583247600
916,R_s4I8huB9BOcWI5H,PHYSICAL_MOVIE,2020-03-03,1583247600
917,R_s6BUJFPzFF8fk2d,SPLASH_POOL,2020-03-03,1583247600
918,R_s6BUJFPzFF8fk2d,ROTARY_TOOL,2020-03-03,1583247600
919,R_sH8W9PyBq2swyLn,ELECTRONIC_CABLE,2020-03-03,1583247600
920,R_sotmrGe7Rv3U10J,PET_FOOD,2020-03-03,1583247600
921,R_sotmrGe7Rv3U10J,CELLULAR_PHONE_CASE,2020-03-03,1583247600
922,R_sotmrGe7Rv3U10J,ELECTRONIC_CABLE,2020-03-03,1583247600
923,R_tJNLenUlMH5f4el,SHOES,2020-03-03,1583247600
924,R_tJNLenUlMH5f4el,CELLULAR_PHONE_CASE,2020-03-03,1583247600
925,R_tJNLenUlMH5f4el,HEADPHONES,2020-03-03,1583247600
926,R_tXHOaasrDjYwLO9,PILLOWCASE,2020-03-03,1583247600
927,R_tXHOaasrDjYwLO9,MEDICATION,2020-03-03,1583247600
928,R_tXHOaasrDjYwLO9,EYELASH_CURLER,2020-03-03,1583247600
929,R_tXHOaasrDjYwLO9,ELECTRONIC_CABLE,2020-03-03,1583247600
930,R_u94bdSj5JBe7WZb,TOYS_AND_GAMES,2020-03-03,1583247600
931,R_uwVFb8VFUUGbCBH,PET_FOOD,2020-03-03,1583247600
932,R_uwVFb8VFUUGbCBH,ELECTRONIC_CABLE,2020-03-03,1583247600
933,R_vCykMx1wpGTjjTb,HEALTH_PERSONAL_CARE,2020-03-03,1583247600
934,R_x0hVvTTXGQY9FRf,ERASER,2020-03-03,1583247600
935,R_x0hVvTTXGQY9FRf,HEALTH_PERSONAL_CARE,2020-03-03,1583247600
936,R_xc0AiqTlV5cTvZn,SNACK_FOOD_BAR,2020-03-03,1583247600
937,R_zfnsck2ZatnGtY5,PANTS,2020-03-03,1583247600
938,R_zfnsck2ZatnGtY5,SKIN_CLEANING_AGENT,2020-03-03,1583247600
939,R_0pRmRjHkwStzNQJ,PET_FOOD,2020-03-04,1583334000
940,R_0wCTiXC54rMN0J3,STICKER_DECAL,2020-03-04,1583334000
941,R_10CAlrx7dbJty9R,WATCH_BAND,2020-03-04,1583334000
942,R_10CAlrx7dbJty9R,SNACK_FOOD_BAR,2020-03-04,1583334000
943,R_10CAlrx7dbJty9R,DRESSER,2020-03-04,1583334000
944,R_10CAlrx7dbJty9R,CELLULAR_PHONE_CASE,2020-03-04,1583334000
945,R_10MFxyIhsIDW0nP,BATTERY,2020-03-04,1583334000
946,R_10TA7pCDmelHi5H,VEHICLE_WIND_DEFLECTOR,2020-03-04,1583334000
947,R_10YnFpDzlwQlmrX,CURTAIN,2020-03-04,1583334000
948,R_10wSqGFumZGSTmH,GROCERY,2020-03-04,1583334000
949,R_10wSqGFumZGSTmH,HEALTH_PERSONAL_CARE,2020-03-04,1583334000
950,R_10wSqGFumZGSTmH,PHONE_ACCESSORY,2020-03-04,1583334000
951,R_10wSqGFumZGSTmH,ELECTRONIC_CABLE,2020-03-04,1583334000
952,R_10wSqGFumZGSTmH,VITAMIN,2020-03-04,1583334000
953,R_10wSqGFumZGSTmH,SKIN_CLEANING_AGENT,2020-03-04,1583334000
954,R_10wSqGFumZGSTmH,INDUSTRIAL_CASTERS,2020-03-04,1583334000
955,R_129jUlsvVcVBDur,HOME_FURNITURE_AND_DECOR,2020-03-04,1583334000
956,R_129jUlsvVcVBDur,HEALTH_PERSONAL_CARE,2020-03-04,1583334000
957,R_1BNwZP0DdTOa4rT,GROCERY,2020-03-04,1583334000
958,R_1BWAygjxkFXfxql,PET_FOOD,2020-03-04,1583334000
959,R_1BWAygjxkFXfxql,DIMENSIONAL_MEASUREMENT_CALIPER,2020-03-04,1583334000
960,R_1C4nKyrv0w2thJn,STOVETOP_KETTLE,2020-03-04,1583334000
961,R_1C8w4NDDQC5fcgE,BATTERY,2020-03-04,1583334000
962,R_1C8w4NDDQC5fcgE,VITAMIN,2020-03-04,1583334000
963,R_1C8w4NDDQC5fcgE,PERSONAL_FRAGRANCE,2020-03-04,1583334000
964,R_1C8w4NDDQC5fcgE,NUTRITIONAL_SUPPLEMENT,2020-03-04,1583334000
965,R_1C8w4NDDQC5fcgE,SHOES,2020-03-04,1583334000
966,R_1C8w4NDDQC5fcgE,SKIN_CLEANING_AGENT,2020-03-04,1583334000
967,R_1C8w4NDDQC5fcgE,HEADPHONES,2020-03-04,1583334000
968,R_1C8w4NDDQC5fcgE,BATTERY,2020-03-04,1583334000
969,R_1Cd5zmz07X5BqKa,SKIN_MOISTURIZER,2020-03-04,1583334000
970,R_1Cd5zmz07X5BqKa,HEADPHONES,2020-03-04,1583334000
971,R_1DOwHkGiX8DX7mF,STICKER_DECAL,2020-03-04,1583334000
972,R_1DOwHkGiX8DX7mF,SCREEN_PROTECTOR,2020-03-04,1583334000
973,R_1DOwHkGiX8DX7mF,PET_FOOD,2020-03-04,1583334000
974,R_1DOwHkGiX8DX7mF,WEIGH_SCALE,2020-03-04,1583334000
975,R_1DYjkc1gJNvrzzL,FOOD_STORAGE_BAG,2020-03-04,1583334000
976,R_1FrdQkXjcUod40Z,NUTRITIONAL_SUPPLEMENT,2020-03-04,1583334000
977,R_1LFmho6mBajcceh,FOOD_PROCESSOR,2020-03-04,1583334000
978,R_1LRR1P5IQqdSvIP,SNACK_FOOD_BAR,2020-03-04,1583334000
979,R_1MTbVUzYEQq2MzU,RUG_PAD,2020-03-04,1583334000
980,R_1NCzj2eSHI4QGcd,THERMOPLASTIC_FILAMENT,2020-03-04,1583334000
981,R_1NFde2vzLpu8IWT,ELECTRONIC_CABLE,2020-03-04,1583334000
982,R_1NFde2vzLpu8IWT,DISPOSABLE_NAPKIN,2020-03-04,1583334000
983,R_1NlGZCWpxXc8mjn,BATTERY,2020-03-04,1583334000
984,R_1Oov0G05pkQnKNn,SCREEN_PROTECTOR,2020-03-04,1583334000
985,R_1QKu8qtvgo0d1uS,CELLULAR_PHONE_CASE,2020-03-04,1583334000
986,R_1QozBaV2v9k1qO9,PHYSICAL_MOVIE,2020-03-04,1583334000
987,R_1QozBaV2v9k1qO9,PHYSICAL_MOVIE,2020-03-04,1583334000
988,R_1QozBaV2v9k1qO9,CELLULAR_PHONE_CASE,2020-03-04,1583334000
989,R_1QozBaV2v9k1qO9,WEIGH_SCALE,2020-03-04,1583334000
990,R_1QozBaV2v9k1qO9,TOYS_AND_GAMES,2020-03-04,1583334000
991,R_1jARg5bGH5uqAKW,PHYSICAL_MOVIE,2020-03-04,1583334000
992,R_1jARg5bGH5uqAKW,NUTRITIONAL_SUPPLEMENT,2020-03-04,1583334000
993,R_1jARg5bGH5uqAKW,FACE_SHIELD,2020-03-04,1583334000
994,R_1jARg5bGH5uqAKW,VITAMIN,2020-03-04,1583334000
995,R_1jARg5bGH5uqAKW,KITCHEN,2020-03-04,1583334000
996,R_1jARg5bGH5uqAKW,MICROPHONE_STAND,2020-03-04,1583334000
997,R_1jO4s7oht3pyKEc,SHOES,2020-03-04,1583334000
998,R_1lfNYOmsEIqOn65,PHYSICAL_MOVIE,2020-03-04,1583334000
999,R_1lfNYOmsEIqOn65,SCREEN_PROTECTOR,2020-03-04,1583334000
1000,R_1lfNYOmsEIqOn65,SUSPENDER,2020-03-04,1583334000
1001,R_1lfNYOmsEIqOn65,CELLULAR_PHONE_CASE,2020-03-04,1583334000
1002,R_1lfNYOmsEIqOn65,BAKING_PAN,2020-03-04,1583334000
1003,R_1lfNYOmsEIqOn65,ABIS_DVD,2020-03-04,1583334000
1004,R_1lfNYOmsEIqOn65,ELECTRONIC_CABLE,2020-03-04,1583334000
1005,R_1lfNYOmsEIqOn65,TOYS_AND_GAMES,2020-03-04,1583334000
1006,R_1lxYa2W6GgcAQ19,HEALTH_PERSONAL_CARE,2020-03-04,1583334000
1007,R_1mQrQ5EFGvbBRLb,MEDICATION,2020-03-04,1583334000
1008,R_1oFSDeGAQcUN2v8,ABIS_BOOK,2020-03-04,1583334000
1009,R_1qdM6yLQigCFrkd,SHOES,2020-03-04,1583334000
1010,R_1qdM6yLQigCFrkd,PET_SUPPLIES,2020-03-04,1583334000
1011,R_1qdM6yLQigCFrkd,LUGGAGE,2020-03-04,1583334000
1012,R_1rlhYXAI77eUSbB,SKIN_CLEANING_AGENT,2020-03-04,1583334000
1013,R_1rlhYXAI77eUSbB,CELLULAR_PHONE_CASE,2020-03-04,1583334000
1014,R_1rlhYXAI77eUSbB,ABIS_BOOK,2020-03-04,1583334000
1015,R_1rlhYXAI77eUSbB,ABIS_BOOK,2020-03-04,1583334000
1016,R_1rlhYXAI77eUSbB,RULER,2020-03-04,1583334000
1017,R_1rlhYXAI77eUSbB,PRINT_COPY_PAPER,2020-03-04,1583334000
1018,R_1rr9XOz2pHFyWi3,SCREEN_PROTECTOR,2020-03-04,1583334000
1019,R_20Yd9DvrGselmZY,SWEATER,2020-03-04,1583334000
1020,R_20Z3XrmdVrFDp3r,FLASH_MEMORY,2020-03-04,1583334000
1021,R_210tLKdUbUZuf7O,BEAUTY,2020-03-04,1583334000
1022,R_21G54IjScAJhDAM,VITAMIN,2020-03-04,1583334000
1023,R_21G54IjScAJhDAM,HEALTH_PERSONAL_CARE,2020-03-04,1583334000
1024,R_21uibgT9dgqRD9J,SKIN_MOISTURIZER,2020-03-04,1583334000
1025,R_24MKoSmvuiLEI76,SNACK_FOOD_BAR,2020-03-04,1583334000
1026,R_24csoaO569P4Yzz,PORTABLE_ELECTRONIC_DEVICE_MOUNT,2020-03-04,1583334000
1027,R_24csoaO569P4Yzz,ABIS_BOOK,2020-03-04,1583334000
1028,R_24csoaO569P4Yzz,GROCERY,2020-03-04,1583334000
1029,R_24csoaO569P4Yzz,PANTS,2020-03-04,1583334000
1030,R_24csoaO569P4Yzz,HEADPHONES,2020-03-04,1583334000
1031,R_24csoaO569P4Yzz,SKIN_CLEANING_AGENT,2020-03-04,1583334000
1032,R_24csoaO569P4Yzz,HEALTH_PERSONAL_CARE,2020-03-04,1583334000
1033,R_25SbPPTyE45YzXP,WATER,2020-03-04,1583334000
1034,R_29iGyG3WSmKo5Te,PANTS,2020-03-04,1583334000
1035,R_29iGyG3WSmKo5Te,HOOK_LOOP_FASTENER,2020-03-04,1583334000
1036,R_29iGyG3WSmKo5Te,CELLULAR_PHONE_CASE,2020-03-04,1583334000
1037,R_29iGyG3WSmKo5Te,HEALTH_PERSONAL_CARE,2020-03-04,1583334000
1038,R_29iGyG3WSmKo5Te,TOYS_AND_GAMES,2020-03-04,1583334000
1039,R_2AGpSTOzeeHqMYd,MEDICATION,2020-03-04,1583334000
1040,R_2AGpSTOzeeHqMYd,TOYS_AND_GAMES,2020-03-04,1583334000
1041,R_2CJ9tQVGVUnaesS,IMMERSION_HEATER,2020-03-04,1583334000
1042,R_2CJ9tQVGVUnaesS,BATTERY,2020-03-04,1583334000
1043,R_2CUG0NuB8UE98kw,UNDERGARMENT_SLIP,2020-03-04,1583334000
1044,R_2CpozrevorP48sb,SHIRT,2020-03-04,1583334000
1045,R_2CpozrevorP48sb,CELLULAR_PHONE_CASE,2020-03-04,1583334000
1046,R_2DOWnSX3XtTVapF,PET_FOOD,2020-03-04,1583334000
1047,R_2E9JSBmmNNT5YMi,SNACK_FOOD_BAR,2020-03-04,1583334000
1048,R_2E9JSBmmNNT5YMi,VITAMIN,2020-03-04,1583334000
1049,R_2RVXjEovu4Y1yen,CELLULAR_PHONE_CASE,2020-03-04,1583334000
1050,R_2UgruQ1jzpNXLQZ,PET_FOOD,2020-03-04,1583334000
1051,R_2WAagX64hf1kdMI,SWEATER,2020-03-04,1583334000
1052,R_2WAagX64hf1kdMI,SHOES,2020-03-04,1583334000
1053,R_2WAagX64hf1kdMI,CELLULAR_PHONE_CASE,2020-03-04,1583334000
1054,R_2WMQprO1e6US68f,PHYSICAL_MOVIE,2020-03-04,1583334000
1055,R_2WVIxBGaj1uOr8S,SKIN_CLEANING_AGENT,2020-03-04,1583334000
1056,R_2WVIxBGaj1uOr8S,GROCERY,2020-03-04,1583334000
1057,R_2WVIxBGaj1uOr8S,TOYS_AND_GAMES,2020-03-04,1583334000
1058,R_2WVIxBGaj1uOr8S,SNOW_PANT,2020-03-04,1583334000
1059,R_2WVIxBGaj1uOr8S,SHIRT,2020-03-04,1583334000
1060,R_2WVIxBGaj1uOr8S,PHYSICAL_MOVIE,2020-03-04,1583334000
1061,R_2YCU6JHbCzus4zy,MEDICATION,2020-03-04,1583334000
1062,R_2YCU6JHbCzus4zy,SKIN_MOISTURIZER,2020-03-04,1583334000
1063,R_2YR2Yn7wGzAeAj0,SKIN_CLEANING_AGENT,2020-03-04,1583334000
1064,R_2ZEQSnRGlS7ZscC,PET_FOOD,2020-03-04,1583334000
1065,R_2ZEQSnRGlS7ZscC,PANTS,2020-03-04,1583334000
1066,R_2ZEQSnRGlS7ZscC,ELECTRONIC_CABLE,2020-03-04,1583334000
1067,R_2b1MfkpNO4V6xMv,GIFT_CARD,2020-03-04,1583334000
1068,R_2bTLZFP7p4CPlTT,SNACK_FOOD_BAR,2020-03-04,1583334000
1069,R_2cd9jCAamQMAsxe,PILLOWCASE,2020-03-04,1583334000
1070,R_2cd9jCAamQMAsxe,TEMPORARY_TATTOO,2020-03-04,1583334000
1071,R_2cvmrv8q51q8yh1,HEALTH_PERSONAL_CARE,2020-03-04,1583334000
1072,R_2cvmrv8q51q8yh1,TOWEL,2020-03-04,1583334000
1073,R_2cvmrv8q51q8yh1,SUGAR_SUBSTITUTE,2020-03-04,1583334000
1074,R_2eaIHfPqBAh3Zqa,FOOD,2020-03-04,1583334000
1075,R_2ebzj3o225IisIQ,SKIN_MOISTURIZER,2020-03-04,1583334000
1076,R_2f7MFUqYnEv92pF,HEADPHONES,2020-03-04,1583334000
1077,R_2f7MFUqYnEv92pF,ABIS_BOOK,2020-03-04,1583334000
1078,R_2f7MFUqYnEv92pF,MODEM,2020-03-04,1583334000
1079,R_2f7MFUqYnEv92pF,CONDITIONER,2020-03-04,1583334000
1080,R_2fuPf0OEnWfOjjm,BREAST_PETAL,2020-03-04,1583334000
1081,R_2fuPf0OEnWfOjjm,SELF_TANNER,2020-03-04,1583334000
1082,R_2qD8ep8d313iLj4,HEALTH_PERSONAL_CARE,2020-03-04,1583334000
1083,R_2qD8ep8d313iLj4,RAW_MATERIALS,2020-03-04,1583334000
1084,R_2s5YO3cdqKDFyIM,NUTRITIONAL_SUPPLEMENT,2020-03-04,1583334000
1085,R_2s5YO3cdqKDFyIM,WATER,2020-03-04,1583334000
1086,R_2uIMLcJgQmb0v3G,NUTRITIONAL_SUPPLEMENT,2020-03-04,1583334000
1087,R_2uIMLcJgQmb0v3G,CLOTHES_HANGER,2020-03-04,1583334000
1088,R_2vYO5d3Ry8qjf5g,WALL_ART,2020-03-04,1583334000
1089,R_2wHwNZWEecJflLc,TOYS_AND_GAMES,2020-03-04,1583334000
1090,R_2wagDt0ZaSu1p8q,CONSOLE_VIDEO_GAMES,2020-03-04,1583334000
1091,R_2wmCdm6ETy6g3k0,TOYS_AND_GAMES,2020-03-04,1583334000
1092,R_2z7rLZb69WuqDdf,SHIRT,2020-03-04,1583334000
1093,R_31QS1Ms6iQEU3mI,BATTERY,2020-03-04,1583334000
1094,R_31aclNgWw4mxrPd,PORTABLE_ELECTRONIC_DEVICE_COVER,2020-03-04,1583334000
1095,R_31aclNgWw4mxrPd,PORTABLE_ELECTRONIC_DEVICE_COVER,2020-03-04,1583334000
1096,R_31ycQ8SiOEF1cUN,HAIR_CARE_PRODUCT,2020-03-04,1583334000
1097,R_31ycQ8SiOEF1cUN,ABIS_BOOK,2020-03-04,1583334000
1098,R_31ycQ8SiOEF1cUN,CAMERA_CONTINUOUS_LIGHT,2020-03-04,1583334000
1099,R_32WvdLjYpicai6o,HEALTH_PERSONAL_CARE,2020-03-04,1583334000
1100,R_32WvdLjYpicai6o,ABIS_BOOK,2020-03-04,1583334000
1101,R_338AsE7QedeQ72w,PET_FOOD,2020-03-04,1583334000
1102,R_3CVMAH13SNAWjLZ,SKIN_CLEANING_AGENT,2020-03-04,1583334000
1103,R_3CVMAH13SNAWjLZ,SKIN_CLEANING_AGENT,2020-03-04,1583334000
1104,R_3CVMAH13SNAWjLZ,SNACK_FOOD_BAR,2020-03-04,1583334000
1105,R_3D8tZyjLz903WIf,SHOES,2020-03-04,1583334000
1106,R_3D8tZyjLz903WIf,TOYS_AND_GAMES,2020-03-04,1583334000
1107,R_3D8tZyjLz903WIf,ANIMAL_COLLAR,2020-03-04,1583334000
1108,R_3G1gYo1d23Zq8Np,SNACK_FOOD_BAR,2020-03-04,1583334000
1109,R_3G1gYo1d23Zq8Np,BARBECUE_GRILL,2020-03-04,1583334000
1110,R_3GBSX5xvcH0uSyx,UTILITY_CART_WAGON,2020-03-04,1583334000
1111,R_3HigTq4itishziE,VITAMIN,2020-03-04,1583334000
1112,R_3HigTq4itishziE,PACKAGED_SOUP_AND_STEW,2020-03-04,1583334000
1113,R_3HigTq4itishziE,MASSAGER,2020-03-04,1583334000
1114,R_3JnjKsPAuFGDhrx,SOLDERING_IRON,2020-03-04,1583334000
1115,R_3L8dgu12mdk2UVH,SKIN_CLEANING_AGENT,2020-03-04,1583334000
1116,R_3Mc9nZhk6fg7b8z,SKIN_FOUNDATION_CONCEALER,2020-03-04,1583334000
1117,R_3Mc9nZhk6fg7b8z,TRANSFORMER,2020-03-04,1583334000
1118,R_3MnSLQdJkly3wfg,HEADPHONES,2020-03-04,1583334000
1119,R_3QWPI81N7eJPgeK,ABIS_BOOK,2020-03-04,1583334000
1120,R_3ek9YZGdsDHjUZf,ITEM_STAND,2020-03-04,1583334000
1121,R_3ek9YZGdsDHjUZf,DRY_SHAMPOO,2020-03-04,1583334000
1122,R_3ez7TNnB78XtMa7,ITEM_CONTAINER,2020-03-04,1583334000
1123,R_3ez7TNnB78XtMa7,SUSPENDER,2020-03-04,1583334000
1124,R_3ez7TNnB78XtMa7,SKIN_CLEANING_AGENT,2020-03-04,1583334000
1125,R_3fBmKcLTAgFITMo,PANTS,2020-03-04,1583334000
1126,R_3fBmKcLTAgFITMo,PICKLE,2020-03-04,1583334000
1127,R_3fBmKcLTAgFITMo,NUTRITIONAL_SUPPLEMENT,2020-03-04,1583334000
1128,R_3fJXgeZMDEMzirc,TOYS_AND_GAMES,2020-03-04,1583334000
1129,R_3gTrwWhEzAv6gzH,SKIN_MOISTURIZER,2020-03-04,1583334000
1130,R_3gTrwWhEzAv6gzH,PROTEIN_SUPPLEMENT_POWDER,2020-03-04,1583334000
1131,R_3lLhrGoskvkadDT,TOYS_AND_GAMES,2020-03-04,1583334000
1132,R_3lLhrGoskvkadDT,ELECTRONIC_CABLE,2020-03-04,1583334000
1133,R_3lLhrGoskvkadDT,NUTRITIONAL_SUPPLEMENT,2020-03-04,1583334000
1134,R_3mm166mlwrLpf6y,CUFF_LINK,2020-03-04,1583334000
1135,R_3mm166mlwrLpf6y,MEDICATION,2020-03-04,1583334000
1136,R_3mm166mlwrLpf6y,GROCERY,2020-03-04,1583334000
1137,R_3mm166mlwrLpf6y,NUTRITIONAL_SUPPLEMENT,2020-03-04,1583334000
1138,R_3n5zOvmozURNzXz,HEADPHONES,2020-03-04,1583334000
1139,R_3n5zOvmozURNzXz,HEADPHONES,2020-03-04,1583334000
1140,R_3n5zOvmozURNzXz,SKIN_CLEANING_AGENT,2020-03-04,1583334000
1141,R_3n5zOvmozURNzXz,SHIRT,2020-03-04,1583334000
1142,R_3n5zOvmozURNzXz,ELECTRONIC_CABLE,2020-03-04,1583334000
1143,R_3oWSVjKtFIw0OE8,NUTRITIONAL_SUPPLEMENT,2020-03-04,1583334000
1144,R_3peWF42INuePUWA,SKIN_CLEANING_AGENT,2020-03-04,1583334000
1145,R_3qTFp0FJqUeMhVZ,ARTIFICIAL_TREE,2020-03-04,1583334000
1146,R_3qTFp0FJqUeMhVZ,SCREEN_PROTECTOR,2020-03-04,1583334000
1147,R_3qTFp0FJqUeMhVZ,PHYSICAL_MOVIE,2020-03-04,1583334000
1148,R_3qTFp0FJqUeMhVZ,GROCERY,2020-03-04,1583334000
1149,R_3qTFp0FJqUeMhVZ,CYCLING_TIRE,2020-03-04,1583334000
1150,R_3qTFp0FJqUeMhVZ,CYCLING_TIRE,2020-03-04,1583334000
1151,R_3sbM1ke1qD79iaT,LAMP,2020-03-04,1583334000
1152,R_6yXSEznYlOrZwSB,HEALTH_PERSONAL_CARE,2020-03-04,1583334000
1153,R_7ZH1uBNuL9RQ2K5,SHOES,2020-03-04,1583334000
1154,R_7ZH1uBNuL9RQ2K5,PANTS,2020-03-04,1583334000
1155,R_7ZH1uBNuL9RQ2K5,CURTAIN,2020-03-04,1583334000
1156,R_7ZH1uBNuL9RQ2K5,MEDICATION,2020-03-04,1583334000
1157,R_8CXcySQawXPuJwJ,FISHING_REEL,2020-03-04,1583334000
1158,R_8CXcySQawXPuJwJ,PHYSICAL_MOVIE,2020-03-04,1583334000
1159,R_8CXcySQawXPuJwJ,PHONE_ACCESSORY,2020-03-04,1583334000
1160,R_8vnpSkm79W7Jsv7,MEDICATION,2020-03-04,1583334000
1161,R_AKBlDprDMrv4M7v,LIGHT_BOX,2020-03-04,1583334000
1162,R_AKBlDprDMrv4M7v,SPRAY_BOTTLE,2020-03-04,1583334000
1163,R_AM0OvM0F9kBvqal,TOY_BUILDING_BLOCK,2020-03-04,1583334000
1164,R_AM0OvM0F9kBvqal,ELECTRONIC_CABLE,2020-03-04,1583334000
1165,R_Amq2LudEdwYblXX,SNACK_FOOD_BAR,2020-03-04,1583334000
1166,R_BWhnv4EdbhSS6rf,BATTERY,2020-03-04,1583334000
1167,R_BWhnv4EdbhSS6rf,GROCERY,2020-03-04,1583334000
1168,R_BWhnv4EdbhSS6rf,CLOTHES_HANGER,2020-03-04,1583334000
1169,R_BWhnv4EdbhSS6rf,COFFEE,2020-03-04,1583334000
1170,R_BWhnv4EdbhSS6rf,SKIN_CLEANING_AGENT,2020-03-04,1583334000
1171,R_Cgbr25P8IQSFnr3,PANTS,2020-03-04,1583334000
1172,R_Cgbr25P8IQSFnr3,BATTERY,2020-03-04,1583334000
1173,R_O6ZX76mggPnAOfD,MEASURING_CUP,2020-03-04,1583334000
1174,R_O6ZX76mggPnAOfD,KNIFE_SHARPENER,2020-03-04,1583334000
1175,R_O6ZX76mggPnAOfD,VITAMIN,2020-03-04,1583334000
1176,R_PHgbX4EoPqUsLjb,BARBECUE_GRILL,2020-03-04,1583334000
1177,R_Q6WPHvxgbOBjvZ7,MOTOR_ENGINE_FUEL_TANK,2020-03-04,1583334000
1178,R_Qp7pqfzWe3Qmcrn,SKIN_MOISTURIZER,2020-03-04,1583334000
1179,R_Qp7pqfzWe3Qmcrn,VIDEO_GAME_HARDWARE,2020-03-04,1583334000
1180,R_Qp7pqfzWe3Qmcrn,SNACK_FOOD_BAR,2020-03-04,1583334000
1181,R_Qp7pqfzWe3Qmcrn,TOILET_PAPER,2020-03-04,1583334000
1182,R_Qp7pqfzWe3Qmcrn,BICYCLE_DERAILLEUR,2020-03-04,1583334000
1183,R_RK5cwWjrNzWCfLj,NON_RIDING_TOY_VEHICLE,2020-03-04,1583334000
1184,R_XSu10jIDimUl5m1,HEALTH_PERSONAL_CARE,2020-03-04,1583334000
1185,R_Xhz81T9LodPX0KB,HEALTH_PERSONAL_CARE,2020-03-04,1583334000
1186,R_Xhz81T9LodPX0KB,SKIN_CLEANING_AGENT,2020-03-04,1583334000
1187,R_Xhz81T9LodPX0KB,ANIMAL_NUTRITIONAL_SUPPLEMENT,2020-03-04,1583334000
1188,R_XwiCirQyfwJzVtv,COLLECTIBLE_COINS,2020-03-04,1583334000
1189,R_XwiCirQyfwJzVtv,SKIN_CLEANING_AGENT,2020-03-04,1583334000
1190,R_b8UnkZJoU93ZxEB,CALISTHENICS_STAND,2020-03-04,1583334000
1191,R_bJI8lmXMZWL6oql,SAFETY_MASK,2020-03-04,1583334000
1192,R_bJI8lmXMZWL6oql,GROCERY,2020-03-04,1583334000
1193,R_bJbNhR1I5NnLKb7,ELECTRONIC_CABLE,2020-03-04,1583334000
1194,R_cCucjmijTJETC6d,CELLULAR_PHONE_CASE,2020-03-04,1583334000
1195,R_cCucjmijTJETC6d,TOYS_AND_GAMES,2020-03-04,1583334000
1196,R_cCucjmijTJETC6d,PIERCING_JEWELRY,2020-03-04,1583334000
1197,R_cCucjmijTJETC6d,PET_FOOD,2020-03-04,1583334000
1198,R_cCucjmijTJETC6d,BATTERY,2020-03-04,1583334000
1199,R_cCucjmijTJETC6d,SNACK_FOOD_BAR,2020-03-04,1583334000
1200,R_dnb5fN79bJTa6Up,CLOTHES_HANGER,2020-03-04,1583334000
1201,R_dnb5fN79bJTa6Up,ELECTRONIC_CABLE,2020-03-04,1583334000
1202,R_e8KTElZZLWryLWp,ELECTRIC_FAN,2020-03-04,1583334000
1203,R_pRWnSKTREPIwpSF,SHIRT,2020-03-04,1583334000
1204,R_r1oTDkv1OlGnNuN,HEALTH_PERSONAL_CARE,2020-03-04,1583334000
1205,R_rcId0AtM417vPGN,HEADPHONES,2020-03-04,1583334000
1206,R_reG3llJtTwO6ccV,ELECTRONIC_CABLE,2020-03-04,1583334000
1207,R_u94bdSj5JBe7WZb,CELLULAR_PHONE_CASE,2020-03-04,1583334000
1208,R_uqbcSq7y153jKmZ,BATTERY,2020-03-04,1583334000
1209,R_vCykMx1wpGTjjTb,HEADPHONES,2020-03-04,1583334000
1210,R_voSNwyVcZWdCTJv,SHIRT,2020-03-04,1583334000
1211,R_10TA7pCDmelHi5H,ABIS_BOOK,2020-03-05,1583420400
1212,R_10TV1zyi4yCEEkl,WATER_DISPENSER,2020-03-05,1583420400
1213,R_1C9YUFD8GunlGej,PET_FOOD,2020-03-05,1583420400
1214,R_1C9YUFD8GunlGej,PRELOADED_ELECTRONIC_GAME,2020-03-05,1583420400
1215,R_1C9YUFD8GunlGej,SKIN_MOISTURIZER,2020-03-05,1583420400
1216,R_1C9YUFD8GunlGej,TOYS_AND_GAMES,2020-03-05,1583420400
1217,R_1C9YUFD8GunlGej,SKIN_MOISTURIZER,2020-03-05,1583420400
1218,R_1C9YUFD8GunlGej,SNACK_FOOD_BAR,2020-03-05,1583420400
1219,R_1C9YUFD8GunlGej,HEADPHONES,2020-03-05,1583420400
1220,R_1DOwHkGiX8DX7mF,ABIS_BOOK,2020-03-05,1583420400
1221,R_1DOwHkGiX8DX7mF,SHOES,2020-03-05,1583420400
1222,R_1DYWdbAMt6LyCZH,SNACK_FOOD_BAR,2020-03-05,1583420400
1223,R_1DYWdbAMt6LyCZH,BRA_UNDERWEAR_SET,2020-03-05,1583420400
1224,R_1DYjkc1gJNvrzzL,VITAMIN,2020-03-05,1583420400
1225,R_1DYjkc1gJNvrzzL,PHYSICAL_MOVIE,2020-03-05,1583420400
1226,R_1GWwhndoXXJDzDA,RECREATION_BALL,2020-03-05,1583420400
1227,R_1GghoTNZdgUeySl,BATTERY,2020-03-05,1583420400
1228,R_1GghoTNZdgUeySl,MARBLE_TRACK,2020-03-05,1583420400
1229,R_1I6meOeB0piHEX8,SCREWDRIVER,2020-03-05,1583420400
1230,R_1Kru2C0Zf28ZbQ0,BATTERY,2020-03-05,1583420400
1231,R_1LRR1P5IQqdSvIP,SHOES,2020-03-05,1583420400
1232,R_1LcCULNDVzpY8B5,HEADPHONES,2020-03-05,1583420400
1233,R_1LcCULNDVzpY8B5,TOGGLE_SWITCH,2020-03-05,1583420400
1234,R_1LcCULNDVzpY8B5,SCREEN_PROTECTOR,2020-03-05,1583420400
1235,R_1LcCULNDVzpY8B5,WHISK_UTENSIL,2020-03-05,1583420400
1236,R_1Luv7PTSNMEjqFV,SKIN_CLEANING_AGENT,2020-03-05,1583420400
1237,R_1Luv7PTSNMEjqFV,SKIN_CLEANING_AGENT,2020-03-05,1583420400
1238,R_1NFde2vzLpu8IWT,NUTRITIONAL_SUPPLEMENT,2020-03-05,1583420400
1239,R_1NlGZCWpxXc8mjn,SKIN_CLEANING_AGENT,2020-03-05,1583420400
1240,R_1QKu8qtvgo0d1uS,CELLULAR_PHONE_CASE,2020-03-05,1583420400
1241,R_1esG9Jlh9NISLaO,SPOON_REST,2020-03-05,1583420400
1242,R_1f1PzEZw8H2N4zm,VITAMIN,2020-03-05,1583420400
1243,R_1gOX88nojaBXOt2,PET_FOOD,2020-03-05,1583420400
1244,R_1jARg5bGH5uqAKW,VEHICLE_COVER,2020-03-05,1583420400
1245,R_1jdLI5cWhAhAzSB,COMPUTER_DRIVE_OR_STORAGE,2020-03-05,1583420400
1246,R_1jdLI5cWhAhAzSB,TOYS_AND_GAMES,2020-03-05,1583420400
1247,R_1jdLI5cWhAhAzSB,UTILITY_SPONGE,2020-03-05,1583420400
1248,R_1jdLI5cWhAhAzSB,BATTERY,2020-03-05,1583420400
1249,R_1kYuVPgjXmEfSf8,HEALTH_PERSONAL_CARE,2020-03-05,1583420400
1250,R_1kYuVPgjXmEfSf8,VEHICLE_BRAKE_PAD,2020-03-05,1583420400
1251,R_1l4zCtGUTvAWdS6,NUTRITIONAL_SUPPLEMENT,2020-03-05,1583420400
1252,R_1l4zCtGUTvAWdS6,BATHTUB_SHOWER_MAT,2020-03-05,1583420400
1253,R_1l4zCtGUTvAWdS6,NUTRITIONAL_SUPPLEMENT,2020-03-05,1583420400
1254,R_1lxYa2W6GgcAQ19,FOOD_STORAGE_BAG,2020-03-05,1583420400
1255,R_1lxYa2W6GgcAQ19,SHOES,2020-03-05,1583420400
1256,R_1lxYa2W6GgcAQ19,NUTRITIONAL_SUPPLEMENT,2020-03-05,1583420400
1257,R_1lxYa2W6GgcAQ19,DRYING_RACK,2020-03-05,1583420400
1258,R_1mCoq1CQXRu1pPq,GUN_HOLSTER,2020-03-05,1583420400
1259,R_1nOCRAcsi1AU77q,FOOD,2020-03-05,1583420400
1260,R_1pKZVLBbrpZM8bP,CELLULAR_PHONE_CASE,2020-03-05,1583420400
1261,R_1q4eVtHN10S5gPB,GROCERY,2020-03-05,1583420400
1262,R_20Yd9DvrGselmZY,SKIN_CLEANING_AGENT,2020-03-05,1583420400
1263,R_21ttkGbeIL6HdlR,BATTERY,2020-03-05,1583420400
1264,R_22SxELlmhBQCe1C,PRODUCT,2020-03-05,1583420400
1265,R_248iRXgLLXgwGMZ,SNACK_FOOD_BAR,2020-03-05,1583420400
1266,R_248iRXgLLXgwGMZ,TOYS_AND_GAMES,2020-03-05,1583420400
1267,R_24HjnyxNZEm32Xb,NUTRITIONAL_SUPPLEMENT,2020-03-05,1583420400
1268,R_24HjnyxNZEm32Xb,SHIRT,2020-03-05,1583420400
1269,R_24csoaO569P4Yzz,RECREATION_BALL,2020-03-05,1583420400
1270,R_24dbGLxukEKohG6,SHIRT,2020-03-05,1583420400
1271,R_24dbGLxukEKohG6,LITTER_BOX,2020-03-05,1583420400
1272,R_24dbGLxukEKohG6,GROCERY,2020-03-05,1583420400
1273,R_25Wwg273Uw26jA1,SKIN_CLEANING_AGENT,2020-03-05,1583420400
1274,R_25z5LHPaAsxktx7,UMBRELLA,2020-03-05,1583420400
1275,R_273TMGuLM3jXisi,PUMP_SPRAYER,2020-03-05,1583420400
1276,R_277i50HinKYVoY9,PET_FOOD,2020-03-05,1583420400
1277,R_28ANyXf1czOlXey,SNACK_FOOD_BAR,2020-03-05,1583420400
1278,R_2ASBFgthVbaGlF3,NUT_AND_SEED,2020-03-05,1583420400
1279,R_2ASBFgthVbaGlF3,PET_FOOD,2020-03-05,1583420400
1280,R_2ASz0xBmcxqYzUJ,HEALTH_PERSONAL_CARE,2020-03-05,1583420400
1281,R_2ASz0xBmcxqYzUJ,PENCIL_SHARPENER,2020-03-05,1583420400
1282,R_2ASz0xBmcxqYzUJ,TOYS_AND_GAMES,2020-03-05,1583420400
1283,R_2BesSIAnd7POW2C,BASE_LAYER_APPAREL_SET,2020-03-05,1583420400
1284,R_2D1zydYR5SZ0LpK,HEARING_AMPLIFIER,2020-03-05,1583420400
1285,R_2D6v6VH3RC5ZGC4,PET_FOOD,2020-03-05,1583420400
1286,R_2DXPyU9bPnWuZPM,SCREEN_PROTECTOR,2020-03-05,1583420400
1287,R_2DXPyU9bPnWuZPM,CELLULAR_PHONE_CASE,2020-03-05,1583420400
1288,R_2EglJpTWGEiwQYa,RICE_MIX,2020-03-05,1583420400
1289,R_2Etc0qZ3B702xxn,HEALTH_PERSONAL_CARE,2020-03-05,1583420400
1290,R_2ONDyHxQviDmrWg,NUTRITIONAL_SUPPLEMENT,2020-03-05,1583420400
1291,R_2ONDyHxQviDmrWg,CELLULAR_PHONE_CASE,2020-03-05,1583420400
1292,R_2QXJIE0UXBTy8wd,TOYS_AND_GAMES,2020-03-05,1583420400
1293,R_2R20tGsAciB0E9U,CHAIR,2020-03-05,1583420400
1294,R_2R20tGsAciB0E9U,VITAMIN,2020-03-05,1583420400
1295,R_2R3ayuIYVgX07CZ,PHYSICAL_MOVIE,2020-03-05,1583420400
1296,R_2R3ayuIYVgX07CZ,NUTRITIONAL_SUPPLEMENT,2020-03-05,1583420400
1297,R_2R3ayuIYVgX07CZ,PHOTOGRAPHIC_LIGHTING,2020-03-05,1583420400
1298,R_2TEGPne2Cu1LmmT,HEALTH_PERSONAL_CARE,2020-03-05,1583420400
1299,R_2ToRb0eNQrFNM3u,TOYS_AND_GAMES,2020-03-05,1583420400
1300,R_2ToRb0eNQrFNM3u,SWORD,2020-03-05,1583420400
1301,R_2UVhfjk1qQb6KI5,CONTROLLER,2020-03-05,1583420400
1302,R_2XoI6KbLJRGFz5X,SHIRT,2020-03-05,1583420400
1303,R_2XoI6KbLJRGFz5X,PET_FOOD,2020-03-05,1583420400
1304,R_2XoI6KbLJRGFz5X,CELLULAR_PHONE_CASE,2020-03-05,1583420400
1305,R_2XoI6KbLJRGFz5X,LASER_PRINTER_TONER,2020-03-05,1583420400
1306,R_2YR2Yn7wGzAeAj0,HEALTH_PERSONAL_CARE,2020-03-05,1583420400
1307,R_2YR2Yn7wGzAeAj0,CADDY,2020-03-05,1583420400
1308,R_2YR2Yn7wGzAeAj0,BALANCE_BOARD,2020-03-05,1583420400
1309,R_2YR2Yn7wGzAeAj0,ADHESIVE_TAPES,2020-03-05,1583420400
1310,R_2YR2Yn7wGzAeAj0,HEADPHONES,2020-03-05,1583420400
1311,R_2YR2Yn7wGzAeAj0,HEADPHONES,2020-03-05,1583420400
1312,R_2YR2Yn7wGzAeAj0,PITCHER,2020-03-05,1583420400
1313,R_2YR2Yn7wGzAeAj0,ELECTRONIC_CABLE,2020-03-05,1583420400
1314,R_2YR2Yn7wGzAeAj0,ADHESIVE_TAPES,2020-03-05,1583420400
1315,R_2b1MfkpNO4V6xMv,SAW,2020-03-05,1583420400
1316,R_2dY2NzAgp2digAs,FACE_SHAPING_MAKEUP,2020-03-05,1583420400
1317,R_2dvh9tu7PLPeipE,ABIS_BOOK,2020-03-05,1583420400
1318,R_2dvh9tu7PLPeipE,FALSE_EYELASH,2020-03-05,1583420400
1319,R_2dvh9tu7PLPeipE,ABIS_BOOK,2020-03-05,1583420400
1320,R_2ebzj3o225IisIQ,GROCERY,2020-03-05,1583420400
1321,R_2f7MFUqYnEv92pF,HAIR_COLORING_AGENT,2020-03-05,1583420400
1322,R_2f7MFUqYnEv92pF,SKIN_CLEANING_AGENT,2020-03-05,1583420400
1323,R_2mAJniG0xVBIInL,GROCERY,2020-03-05,1583420400
1324,R_2mAJniG0xVBIInL,SHIRT,2020-03-05,1583420400
1325,R_2mAJniG0xVBIInL,CHAIR,2020-03-05,1583420400
1326,R_2qD8ep8d313iLj4,COFFEE,2020-03-05,1583420400
1327,R_2qjAN1lyLAdAxT2,PORTABLE_ELECTRONIC_DEVICE_STAND,2020-03-05,1583420400
1328,R_2r7Zl5CTeW1dMqd,PUMP_SPRAYER,2020-03-05,1583420400
1329,R_2r7Zl5CTeW1dMqd,VACUUM_SEALER_MACHINE,2020-03-05,1583420400
1330,R_2s5YO3cdqKDFyIM,BATTERY,2020-03-05,1583420400
1331,R_2t2UfXrRfbnyKGU,ABIS_BOOK,2020-03-05,1583420400
1332,R_2tfEDXuyNRcQoWs,PET_FOOD,2020-03-05,1583420400
1333,R_2tfEDXuyNRcQoWs,GROCERY,2020-03-05,1583420400
1334,R_2ugDyrE1yi1FjvH,BATTERY,2020-03-05,1583420400
1335,R_2ugDyrE1yi1FjvH,SHIRT,2020-03-05,1583420400
1336,R_2wmLE1q4FIpfioi,GROCERY,2020-03-05,1583420400
1337,R_2wmLE1q4FIpfioi,PET_FOOD,2020-03-05,1583420400
1338,R_2wmLE1q4FIpfioi,PANTS,2020-03-05,1583420400
1339,R_2wmLE1q4FIpfioi,PHYSICAL_MOVIE,2020-03-05,1583420400
1340,R_2wmLE1q4FIpfioi,BATTERY,2020-03-05,1583420400
1341,R_2wzatCV9Z18xLF2,SIGNAGE,2020-03-05,1583420400
1342,R_2ze9t15YGQDJxR3,SKIN_MOISTURIZER,2020-03-05,1583420400
1343,R_2ze9t15YGQDJxR3,SEWING_MACHINE,2020-03-05,1583420400
1344,R_2ze9t15YGQDJxR3,PORTABLE_ELECTRONIC_DEVICE_COVER,2020-03-05,1583420400
1345,R_2ze9t15YGQDJxR3,PET_FOOD,2020-03-05,1583420400
1346,R_2ze9t15YGQDJxR3,ABIS_BOOK,2020-03-05,1583420400
1347,R_31aclNgWw4mxrPd,PHYSICAL_MOVIE,2020-03-05,1583420400
1348,R_31aclNgWw4mxrPd,PHYSICAL_MOVIE,2020-03-05,1583420400
1349,R_31aclNgWw4mxrPd,VEHICLE_SPOILER,2020-03-05,1583420400
1350,R_31n2MLk9w05iLzN,NUTRITIONAL_SUPPLEMENT,2020-03-05,1583420400
1351,R_32Mm71oAJq2K9XK,ABIS_BOOK,2020-03-05,1583420400
1352,R_32Mm71oAJq2K9XK,ELECTRONIC_CABLE,2020-03-05,1583420400
1353,R_32Mm71oAJq2K9XK,HEALTH_PERSONAL_CARE,2020-03-05,1583420400
1354,R_32R69KRWIzuH9Im,DECORATIVE_RIBBON_TRIM,2020-03-05,1583420400
1355,R_32R69KRWIzuH9Im,MEDICATION,2020-03-05,1583420400
1356,R_32R69KRWIzuH9Im,PET_FOOD,2020-03-05,1583420400
1357,R_32R69KRWIzuH9Im,VITAMIN,2020-03-05,1583420400
1358,R_32R69KRWIzuH9Im,NUTRITIONAL_SUPPLEMENT,2020-03-05,1583420400
1359,R_32RSCpvF0PqDFBp,HEALTH_PERSONAL_CARE,2020-03-05,1583420400
1360,R_32RSCpvF0PqDFBp,PHYSICAL_MOVIE,2020-03-05,1583420400
1361,R_3D7xJuXSy25PXbg,VITAMIN,2020-03-05,1583420400
1362,R_3EQJpaOtt2aP8HS,BOTTLE_OPENER,2020-03-05,1583420400
1363,R_3Em4Q2OBHB3m5rz,BED_CURTAIN,2020-03-05,1583420400
1364,R_3G1gYo1d23Zq8Np,MEDICATION,2020-03-05,1583420400
1365,R_3G1gYo1d23Zq8Np,BODY_LUBRICANT,2020-03-05,1583420400
1366,R_3G1gYo1d23Zq8Np,PET_FOOD,2020-03-05,1583420400
1367,R_3G1gYo1d23Zq8Np,PANTS,2020-03-05,1583420400
1368,R_3G1gYo1d23Zq8Np,CARRYING_CASE_OR_BAG,2020-03-05,1583420400
1369,R_3GiFHVWzYKHT1F5,TOYS_AND_GAMES,2020-03-05,1583420400
1370,R_3Hphzg7zu04Hgy1,INCONTINENCE_PROTECTOR,2020-03-05,1583420400
1371,R_3Hphzg7zu04Hgy1,ABIS_BOOK,2020-03-05,1583420400
1372,R_3HzhKIwCcybjVbM,GROCERY,2020-03-05,1583420400
1373,R_3L20DbmNPSMtKUd,VITAMIN,2020-03-05,1583420400
1374,R_3L20DbmNPSMtKUd,SHOES,2020-03-05,1583420400
1375,R_3Mc9nZhk6fg7b8z,SKIN_CLEANING_AGENT,2020-03-05,1583420400
1376,R_3Mc9nZhk6fg7b8z,HERBAL_SUPPLEMENT,2020-03-05,1583420400
1377,R_3Mc9nZhk6fg7b8z,SHOES,2020-03-05,1583420400
1378,R_3Mc9nZhk6fg7b8z,ANIMAL_SHELTER,2020-03-05,1583420400
1379,R_3MnSLQdJkly3wfg,TOYS_AND_GAMES,2020-03-05,1583420400
1380,R_3MnSLQdJkly3wfg,PHYSICAL_MOVIE,2020-03-05,1583420400
1381,R_3MnSLQdJkly3wfg,MEDICATION,2020-03-05,1583420400
1382,R_3NwUrzA3eAsS3xO,VITAMIN,2020-03-05,1583420400
1383,R_3O9aPnM7ixjsbYK,MEAL_HOLDER,2020-03-05,1583420400
1384,R_3O9aPnM7ixjsbYK,PROFESSIONAL_HEALTHCARE,2020-03-05,1583420400
1385,R_3O9aPnM7ixjsbYK,AUTO_PART,2020-03-05,1583420400
1386,R_3O9aPnM7ixjsbYK,NUTRITIONAL_SUPPLEMENT,2020-03-05,1583420400
1387,R_3O9aPnM7ixjsbYK,BATTERY,2020-03-05,1583420400
1388,R_3eh02tn8YjYcUoE,MEDICATION,2020-03-05,1583420400
1389,R_3eh02tn8YjYcUoE,STORAGE_BOX,2020-03-05,1583420400
1390,R_3eh02tn8YjYcUoE,BATTERY,2020-03-05,1583420400
1391,R_3eh02tn8YjYcUoE,HEALTH_PERSONAL_CARE,2020-03-05,1583420400
1392,R_3eh02tn8YjYcUoE,PET_FOOD,2020-03-05,1583420400
1393,R_3eh02tn8YjYcUoE,SCREEN_PROTECTOR,2020-03-05,1583420400
1394,R_3eh02tn8YjYcUoE,PET_FOOD,2020-03-05,1583420400
1395,R_3eh02tn8YjYcUoE,PANTS,2020-03-05,1583420400
1396,R_3eh02tn8YjYcUoE,ELECTRONIC_CABLE,2020-03-05,1583420400
1397,R_3eh02tn8YjYcUoE,NUTRITIONAL_SUPPLEMENT,2020-03-05,1583420400
1398,R_3ek9YZGdsDHjUZf,PHYSICAL_MOVIE,2020-03-05,1583420400
1399,R_3ek9YZGdsDHjUZf,HAIR_COLORING_AGENT,2020-03-05,1583420400
1400,R_3ek9YZGdsDHjUZf,SHIRT,2020-03-05,1583420400
1401,R_3ek9YZGdsDHjUZf,SKIN_CLEANING_AGENT,2020-03-05,1583420400
1402,R_3ek9YZGdsDHjUZf,PET_FOOD,2020-03-05,1583420400
1403,R_3ek9YZGdsDHjUZf,HEADPHONES,2020-03-05,1583420400
1404,R_3ek9YZGdsDHjUZf,SHIRT,2020-03-05,1583420400
1405,R_3enuyEOsaEVxTNX,GROCERY,2020-03-05,1583420400
1406,R_3ez7TNnB78XtMa7,LEOTARD,2020-03-05,1583420400
1407,R_3gTrwWhEzAv6gzH,SHOES,2020-03-05,1583420400
1408,R_3ik7mYg7wgFsyfj,SHAMPOO,2020-03-05,1583420400
1409,R_3ik7mYg7wgFsyfj,MEDICATION,2020-03-05,1583420400
1410,R_3ixOwXLuUfjiWS8,SKIN_CLEANING_AGENT,2020-03-05,1583420400
1411,R_3ixOwXLuUfjiWS8,PHYSICAL_MOVIE,2020-03-05,1583420400
1412,R_3ixOwXLuUfjiWS8,PET_FOOD,2020-03-05,1583420400
1413,R_3ixOwXLuUfjiWS8,ABIS_BOOK,2020-03-05,1583420400
1414,R_3ixOwXLuUfjiWS8,SHOES,2020-03-05,1583420400
1415,R_3ixOwXLuUfjiWS8,PET_FOOD,2020-03-05,1583420400
1416,R_3mm166mlwrLpf6y,BATTERY,2020-03-05,1583420400
1417,R_3mm166mlwrLpf6y,CELLULAR_PHONE_CASE,2020-03-05,1583420400
1418,R_3mm166mlwrLpf6y,SKIN_CLEANING_AGENT,2020-03-05,1583420400
1419,R_3mm166mlwrLpf6y,ELECTRONIC_CABLE,2020-03-05,1583420400
1420,R_3nA7SneXu81knN1,TOYS_AND_GAMES,2020-03-05,1583420400
1421,R_3qe2tDpGxexEAso,ABIS_BOOK,2020-03-05,1583420400
1422,R_3r26NAbVnDpIxzF,CELLULAR_PHONE_CASE,2020-03-05,1583420400
1423,R_4PhRzF4UI9ooLh7,SKIN_MOISTURIZER,2020-03-05,1583420400
1424,R_55BKHeW1aOzYOUp,SHIRT,2020-03-05,1583420400
1425,R_6Jw0sPgGkHLnKkp,PET_FOOD,2020-03-05,1583420400
1426,R_6m1QCIXstgjIo4p,SKIN_MOISTURIZER,2020-03-05,1583420400
1427,R_9yOmfJyU0rNZGW5,PET_FOOD,2020-03-05,1583420400
1428,R_9yOmfJyU0rNZGW5,SNACK_FOOD_BAR,2020-03-05,1583420400
1429,R_A1fku0XPEwwfhC1,CONSUMER_ELECTRONICS,2020-03-05,1583420400
1430,R_Ap2HcvpPLRDJv9L,BATTERY,2020-03-05,1583420400
1431,R_DBhzVeGIG4SLSYV,MEDICATION,2020-03-05,1583420400
1432,R_DqTqoF539jfSsLf,SKIN_CLEANING_AGENT,2020-03-05,1583420400
1433,R_O6ZX76mggPnAOfD,APPAREL,2020-03-05,1583420400
1434,R_Odixb15Ykmxb0Dn,SCREEN_PROTECTOR,2020-03-05,1583420400
1435,R_Odixb15Ykmxb0Dn,SNACK_FOOD_BAR,2020-03-05,1583420400
1436,R_Odixb15Ykmxb0Dn,CHAIR,2020-03-05,1583420400
1437,R_RlYyUhsDFvyGwX7,ELECTRONIC_CABLE,2020-03-05,1583420400
1438,R_T4THXKAQCwg9ZXb,GROCERY,2020-03-05,1583420400
1439,R_TtK3Qkb3c3EIeoV,SKIN_CLEANING_AGENT,2020-03-05,1583420400
1440,R_XYTa0bvoaQqev3r,PANTS,2020-03-05,1583420400
1441,R_Xt4H8BJ1Vx7ws8h,SCREEN_PROTECTOR,2020-03-05,1583420400
1442,R_Zwn68Xfx8lenBER,JUICE_AND_JUICE_DRINK,2020-03-05,1583420400
1443,R_Zwn68Xfx8lenBER,MEASURING_CUP,2020-03-05,1583420400
1444,R_Zz495Ir7AjUbSCJ,SKIN_MOISTURIZER,2020-03-05,1583420400
1445,R_Zz495Ir7AjUbSCJ,SHOES,2020-03-05,1583420400
1446,R_bJI8lmXMZWL6oql,OFFICE_PRODUCTS,2020-03-05,1583420400
1447,R_bJI8lmXMZWL6oql,BATTERY,2020-03-05,1583420400
1448,R_bJI8lmXMZWL6oql,VITAMIN,2020-03-05,1583420400
1449,R_bkquoGQp5VhpihP,BATTERY,2020-03-05,1583420400
1450,R_bkquoGQp5VhpihP,BEVERAGE,2020-03-05,1583420400
1451,R_bw2nQ0iRh2wCa8p,BACKDROP,2020-03-05,1583420400
1452,R_e8KTElZZLWryLWp,SCREEN_PROTECTOR,2020-03-05,1583420400
1453,R_e8KTElZZLWryLWp,SHIRT,2020-03-05,1583420400
1454,R_e8KTElZZLWryLWp,AMAZON_TABLET,2020-03-05,1583420400
1455,R_e8KTElZZLWryLWp,SKIN_EXFOLIANT,2020-03-05,1583420400
1456,R_eg0ycbZcHEfhBAd,PANTS,2020-03-05,1583420400
1457,R_pRWnSKTREPIwpSF,NUTRITIONAL_SUPPLEMENT,2020-03-05,1583420400
1458,R_pzMCRYrC0qiSwIF,SCREEN_PROTECTOR,2020-03-05,1583420400
1459,R_s6BUJFPzFF8fk2d,ROTARY_TOOL,2020-03-05,1583420400
1460,R_s6BUJFPzFF8fk2d,GROCERY,2020-03-05,1583420400
1461,R_snaR9M3EsTpcPi9,CONDIMENT,2020-03-05,1583420400
1462,R_snaR9M3EsTpcPi9,CELLULAR_PHONE_CASE,2020-03-05,1583420400
1463,R_t0ccZ3CXpzqgSpr,SNACK_FOOD_BAR,2020-03-05,1583420400
1464,R_tXHOaasrDjYwLO9,ELECTRONIC_CABLE,2020-03-05,1583420400
1465,R_u94bdSj5JBe7WZb,HEADPHONES,2020-03-05,1583420400
1466,R_yILeYEcIeCBmy2t,GROCERY,2020-03-05,1583420400
1467,R_0c8VclJcriEXQqZ,BODY_PAINT,2020-03-06,1583506800
1468,R_0c8VclJcriEXQqZ,HEALTH_PERSONAL_CARE,2020-03-06,1583506800
1469,R_0c8VclJcriEXQqZ,MENSTRUAL_CUP,2020-03-06,1583506800
1470,R_0f8u2tSB99LkgCt,PET_FOOD,2020-03-06,1583506800
1471,R_0icLDXwMGw8dAqd,HEADPHONES,2020-03-06,1583506800
1472,R_0icLDXwMGw8dAqd,ELECTRONIC_CABLE,2020-03-06,1583506800
1473,R_10YnFpDzlwQlmrX,NUTRITIONAL_SUPPLEMENT,2020-03-06,1583506800
1474,R_129jUlsvVcVBDur,SHIRT,2020-03-06,1583506800
1475,R_129jUlsvVcVBDur,GAMING_EQUIPMENT_ENCLOSURE,2020-03-06,1583506800
1476,R_129jUlsvVcVBDur,SCREEN_PROTECTOR,2020-03-06,1583506800
1477,R_12QFQ7lCIls8sRd,MEDICATION,2020-03-06,1583506800
1478,R_12bC3rUwQ2h1sz5,PET_FOOD,2020-03-06,1583506800
1479,R_1BWAygjxkFXfxql,DRESS,2020-03-06,1583506800
1480,R_1BWAygjxkFXfxql,SNACK_FOOD_BAR,2020-03-06,1583506800
1481,R_1BWAygjxkFXfxql,SNACK_FOOD_BAR,2020-03-06,1583506800
1482,R_1BWAygjxkFXfxql,PANTS,2020-03-06,1583506800
1483,R_1BWAygjxkFXfxql,GROCERY,2020-03-06,1583506800
1484,R_1C75XRebT1eliL0,TARP,2020-03-06,1583506800
1485,R_1C8w4NDDQC5fcgE,MEDICATION,2020-03-06,1583506800
1486,R_1Cd5zmz07X5BqKa,ROTATING_TRAY,2020-03-06,1583506800
1487,R_1DOwHkGiX8DX7mF,PET_FOOD,2020-03-06,1583506800
1488,R_1DOwHkGiX8DX7mF,ELECTRONIC_CABLE,2020-03-06,1583506800
1489,R_1DYWdbAMt6LyCZH,CELLULAR_PHONE_CASE,2020-03-06,1583506800
1490,R_1DYWdbAMt6LyCZH,MINERAL_SUPPLEMENT,2020-03-06,1583506800
1491,R_1E3TJBNJVtr3tcD,SKIN_CLEANING_AGENT,2020-03-06,1583506800
1492,R_1E3TJBNJVtr3tcD,PERSONAL_PILL_DISPENSER,2020-03-06,1583506800
1493,R_1E3TJBNJVtr3tcD,HEALTH_PERSONAL_CARE,2020-03-06,1583506800
1494,R_1E3TJBNJVtr3tcD,SHOES,2020-03-06,1583506800
1495,R_1E3TJBNJVtr3tcD,SNACK_FOOD_BAR,2020-03-06,1583506800
1496,R_1E3TJBNJVtr3tcD,ABIS_BOOK,2020-03-06,1583506800
1497,R_1I6meOeB0piHEX8,SHOES,2020-03-06,1583506800
1498,R_1I6meOeB0piHEX8,MEDICATION,2020-03-06,1583506800
1499,R_1I6meOeB0piHEX8,SKIN_MOISTURIZER,2020-03-06,1583506800
1500,R_1IN7vU4CWQnwLLx,HEADPHONES,2020-03-06,1583506800
1501,R_1KkFs7rgWXlWf58,LIGHT_BULB,2020-03-06,1583506800
1502,R_1KxVDxZl2H0XoHS,GROCERY,2020-03-06,1583506800
1503,R_1KxVDxZl2H0XoHS,GROCERY,2020-03-06,1583506800
1504,R_1KxVDxZl2H0XoHS,VITAMIN,2020-03-06,1583506800
1505,R_1LRR1P5IQqdSvIP,GRAVITY_BEVERAGE_DISPENSER,2020-03-06,1583506800
1506,R_1MTbVUzYEQq2MzU,NUTRITIONAL_SUPPLEMENT,2020-03-06,1583506800
1507,R_1MTbVUzYEQq2MzU,SHIRT,2020-03-06,1583506800
1508,R_1NDq0rxoUSu6oyz,INCONTINENCE_PROTECTOR,2020-03-06,1583506800
1509,R_1Oov0G05pkQnKNn,GROCERY,2020-03-06,1583506800
1510,R_1QutEVkZz69QFR7,GROCERY,2020-03-06,1583506800
1511,R_1dlSByn2AyHWx7r,SKIN_CLEANING_AGENT,2020-03-06,1583506800
1512,R_1dlSByn2AyHWx7r,MULTIPORT_HUB,2020-03-06,1583506800
1513,R_1dlSByn2AyHWx7r,FASTENER_DRIVE_BIT,2020-03-06,1583506800
1514,R_1hMV4AHCk04WO5V,ELECTRONIC_CABLE,2020-03-06,1583506800
1515,R_1ig4LC2I0cwMCHk,HEADPHONES,2020-03-06,1583506800
1516,R_1jdLI5cWhAhAzSB,WATCH_BAND,2020-03-06,1583506800
1517,R_1jdLI5cWhAhAzSB,SCREWDRIVER,2020-03-06,1583506800
1518,R_1kLdd31W284Angd,BROOM,2020-03-06,1583506800
1519,R_1nOCRAcsi1AU77q,PET_FOOD,2020-03-06,1583506800
1520,R_1nOCRAcsi1AU77q,BLADED_FOOD_PEELER,2020-03-06,1583506800
1521,R_1nZzu0Kj9WQ8P4x,ELECTRONIC_ADAPTER,2020-03-06,1583506800
1522,R_1nZzu0Kj9WQ8P4x,ELECTRONIC_ADAPTER,2020-03-06,1583506800
1523,R_1pu6yYPsuymsIIz,SKIN_MOISTURIZER,2020-03-06,1583506800
1524,R_1pu6yYPsuymsIIz,SHOES,2020-03-06,1583506800
1525,R_1pu6yYPsuymsIIz,SHOE_ACCESSORY,2020-03-06,1583506800
1526,R_1pu6yYPsuymsIIz,SECURITY_CAMERA,2020-03-06,1583506800
1527,R_1pu6yYPsuymsIIz,PHOTOGRAPHIC_FILM,2020-03-06,1583506800
1528,R_1pu6yYPsuymsIIz,SECURITY_CAMERA,2020-03-06,1583506800
1529,R_1q4eVtHN10S5gPB,PHYSICAL_MOVIE,2020-03-06,1583506800
1530,R_1q4eVtHN10S5gPB,TOY_FIGURE,2020-03-06,1583506800
1531,R_1qdM6yLQigCFrkd,HEADPHONES,2020-03-06,1583506800
1532,R_1qdM6yLQigCFrkd,GARBAGE_DISPOSAL_UNIT,2020-03-06,1583506800
1533,R_1qdM6yLQigCFrkd,SHOE_BAG,2020-03-06,1583506800
1534,R_1qdM6yLQigCFrkd,SURVEILLANCE_RECORDER_SYSTEM,2020-03-06,1583506800
1535,R_22QYpfx86KSwry8,ABIS_ELECTRONICS,2020-03-06,1583506800
1536,R_22QYpfx86KSwry8,SWEATBAND,2020-03-06,1583506800
1537,R_25thHabUddjXGzt,MEDICATION,2020-03-06,1583506800
1538,R_25thHabUddjXGzt,SHIRT,2020-03-06,1583506800
1539,R_25z5LHPaAsxktx7,PLAY_SLIDE,2020-03-06,1583506800
1540,R_25z5LHPaAsxktx7,HAIR_IRON,2020-03-06,1583506800
1541,R_28IDNbS8mqpfyKD,GROCERY,2020-03-06,1583506800
1542,R_28IDNbS8mqpfyKD,MEAT,2020-03-06,1583506800
1543,R_29uBVByYo0xAXiZ,ELECTRONIC_CABLE,2020-03-06,1583506800
1544,R_2ASz0xBmcxqYzUJ,MEDICATION,2020-03-06,1583506800
1545,R_2Etc0qZ3B702xxn,NUTRITIONAL_SUPPLEMENT,2020-03-06,1583506800
1546,R_2OHgbfVLtFIinBW,ABIS_BOOK,2020-03-06,1583506800
1547,R_2ONDyHxQviDmrWg,BATTERY,2020-03-06,1583506800
1548,R_2ONDyHxQviDmrWg,TOYS_AND_GAMES,2020-03-06,1583506800
1549,R_2QswpKsGnL3NBXE,PANTS,2020-03-06,1583506800
1550,R_2Qu0fgUOnDpaKDH,PET_FOOD,2020-03-06,1583506800
1551,R_2Qu0fgUOnDpaKDH,ELECTRONIC_CABLE,2020-03-06,1583506800
1552,R_2R3ayuIYVgX07CZ,NUTRITIONAL_SUPPLEMENT,2020-03-06,1583506800
1553,R_2R3ayuIYVgX07CZ,AV_RECEIVER,2020-03-06,1583506800
1554,R_2R3ayuIYVgX07CZ,SKIN_CLEANING_AGENT,2020-03-06,1583506800
1555,R_2R3ayuIYVgX07CZ,PRINT_COPY_PAPER,2020-03-06,1583506800
1556,R_2RUDh7piHU7frzt,MEAL_HOLDER,2020-03-06,1583506800
1557,R_2RUDh7piHU7frzt,HEADPHONES,2020-03-06,1583506800
1558,R_2RUDh7piHU7frzt,BATTERY,2020-03-06,1583506800
1559,R_2RUDh7piHU7frzt,HEALTH_PERSONAL_CARE,2020-03-06,1583506800
1560,R_2ToRb0eNQrFNM3u,SWIMWEAR,2020-03-06,1583506800
1561,R_2UVhfjk1qQb6KI5,AROMA_DIFFUSER,2020-03-06,1583506800
1562,R_2UfTIFhpicfXgPX,PHYSICAL_MOVIE,2020-03-06,1583506800
1563,R_2UfTIFhpicfXgPX,SHOES,2020-03-06,1583506800
1564,R_2YYB0ZXHHFsMn1o,MOISTURIZING_SOCK_GLOVE,2020-03-06,1583506800
1565,R_2YYB0ZXHHFsMn1o,NUTRITIONAL_SUPPLEMENT,2020-03-06,1583506800
1566,R_2YbuDFbvaGnuvff,SNACK_FOOD_BAR,2020-03-06,1583506800
1567,R_2YbuDFbvaGnuvff,PANTS,2020-03-06,1583506800
1568,R_2YbuDFbvaGnuvff,BATTERY,2020-03-06,1583506800
1569,R_2YbuDFbvaGnuvff,PASTA_MAKER,2020-03-06,1583506800
1570,R_2alDLWrajjnLX6F,PANTS,2020-03-06,1583506800
1571,R_2alDLWrajjnLX6F,SKIN_CLEANING_AGENT,2020-03-06,1583506800
1572,R_2aldwxmUZox7Yfd,BATTERY,2020-03-06,1583506800
1573,R_2bTLZFP7p4CPlTT,PET_SUPPLIES,2020-03-06,1583506800
1574,R_2bTLZFP7p4CPlTT,HEADPHONES,2020-03-06,1583506800
1575,R_2cBADxleVyzT89z,PHYSICAL_MOVIE,2020-03-06,1583506800
1576,R_2cBADxleVyzT89z,PANTS,2020-03-06,1583506800
1577,R_2cBADxleVyzT89z,ELECTRONIC_CABLE,2020-03-06,1583506800
1578,R_2cBADxleVyzT89z,SKIN_MOISTURIZER,2020-03-06,1583506800
1579,R_2cvmrv8q51q8yh1,SNACK_FOOD_BAR,2020-03-06,1583506800
1580,R_2cvmrv8q51q8yh1,BATTERY,2020-03-06,1583506800
1581,R_2cvmrv8q51q8yh1,BICYCLE_LIGHT,2020-03-06,1583506800
1582,R_2dEe5MXA0pGB5Fr,PHYSICAL_MOVIE,2020-03-06,1583506800
1583,R_2dEe5MXA0pGB5Fr,PRESSURE_COOKER,2020-03-06,1583506800
1584,R_2dEe5MXA0pGB5Fr,PHYSICAL_MOVIE,2020-03-06,1583506800
1585,R_2dEe5MXA0pGB5Fr,VITAMIN,2020-03-06,1583506800
1586,R_2dEe5MXA0pGB5Fr,GROCERY,2020-03-06,1583506800
1587,R_2dEe5MXA0pGB5Fr,SKIN_MOISTURIZER,2020-03-06,1583506800
1588,R_2dEe5MXA0pGB5Fr,TOYS_AND_GAMES,2020-03-06,1583506800
1589,R_2dEe5MXA0pGB5Fr,SHIRT,2020-03-06,1583506800
1590,R_2dEe5MXA0pGB5Fr,SKIN_CLEANING_AGENT,2020-03-06,1583506800
1591,R_2dEe5MXA0pGB5Fr,ABIS_BOOK,2020-03-06,1583506800
1592,R_2dEe5MXA0pGB5Fr,SNACK_FOOD_BAR,2020-03-06,1583506800
1593,R_2dEe5MXA0pGB5Fr,PET_PEST_CONTROL,2020-03-06,1583506800
1594,R_2dFHfsIqQ6eEtVW,AUTO_PART,2020-03-06,1583506800
1595,R_2dFHfsIqQ6eEtVW,FLOUR,2020-03-06,1583506800
1596,R_2dFHfsIqQ6eEtVW,BREAST_PETAL,2020-03-06,1583506800
1597,R_2dFHfsIqQ6eEtVW,BATTERY,2020-03-06,1583506800
1598,R_2dFHfsIqQ6eEtVW,HEADPHONES,2020-03-06,1583506800
1599,R_2dGCaOSuAKevfs7,APPAREL_HEAD_NECK_COVERING,2020-03-06,1583506800
1600,R_2dvh9tu7PLPeipE,CELLULAR_PHONE_CASE,2020-03-06,1583506800
1601,R_2dz3LTOMlLK2R8T,DRILL,2020-03-06,1583506800
1602,R_2ebzj3o225IisIQ,BATTERY,2020-03-06,1583506800
1603,R_2ebzj3o225IisIQ,SCREEN_PROTECTOR,2020-03-06,1583506800
1604,R_2f7MFUqYnEv92pF,NUTRITIONAL_SUPPLEMENT,2020-03-06,1583506800
1605,R_2pWAVsUj7WsZHLs,SNACK_FOOD_BAR,2020-03-06,1583506800
1606,R_2q2hekIiutgInrE,SCREEN_PROTECTOR,2020-03-06,1583506800
1607,R_2q2hekIiutgInrE,SHIRT,2020-03-06,1583506800
1608,R_2qD8ep8d313iLj4,VITAMIN,2020-03-06,1583506800
1609,R_2qD8ep8d313iLj4,EDIBLE_OIL_VEGETABLE,2020-03-06,1583506800
1610,R_2qjAN1lyLAdAxT2,SHOES,2020-03-06,1583506800
1611,R_2uPcQuKixR5S2ZO,BATTERY,2020-03-06,1583506800
1612,R_2uPcQuKixR5S2ZO,PET_FOOD,2020-03-06,1583506800
1613,R_2uZDxTZAORBIW1o,NOODLE,2020-03-06,1583506800
1614,R_2uZDxTZAORBIW1o,SNACK_FOOD_BAR,2020-03-06,1583506800
1615,R_2w6Kv77UCoeyLbP,FISHING_EQUIPMENT,2020-03-06,1583506800
1616,R_2w6Kv77UCoeyLbP,SKIN_CLEANING_AGENT,2020-03-06,1583506800
1617,R_2yplkUxhAWZaFUL,SCREEN_PROTECTOR,2020-03-06,1583506800
1618,R_2ze9t15YGQDJxR3,NUTRITIONAL_SUPPLEMENT,2020-03-06,1583506800
1619,R_30kp7Wf9aTgpeIN,GUN_CLEANING_KIT,2020-03-06,1583506800
1620,R_31QS1Ms6iQEU3mI,SHIRT,2020-03-06,1583506800
1621,R_33a2eGfoj5xSrE2,SHIRT,2020-03-06,1583506800
1622,R_3D7xJuXSy25PXbg,MISC_OTHER,2020-03-06,1583506800
1623,R_3Em4Q2OBHB3m5rz,ABIS_BOOK,2020-03-06,1583506800
1624,R_3G1gYo1d23Zq8Np,SKIN_CLEANING_AGENT,2020-03-06,1583506800
1625,R_3G1gYo1d23Zq8Np,WALL_ART,2020-03-06,1583506800
1626,R_3JFAj4jTW4qftb2,PHYSICAL_MOVIE,2020-03-06,1583506800
1627,R_3MyEdXOZ8P75S1V,PHYSICAL_MOVIE,2020-03-06,1583506800
1628,R_3MyEdXOZ8P75S1V,NUTRITIONAL_SUPPLEMENT,2020-03-06,1583506800
1629,R_3NwUrzA3eAsS3xO,MEDICATION,2020-03-06,1583506800
1630,R_3PcameSHVD10BZP,SKIN_CLEANING_AGENT,2020-03-06,1583506800
1631,R_3VRB9w5rAtqNoWt,PANTS,2020-03-06,1583506800
1632,R_3VRB9w5rAtqNoWt,PET_FOOD,2020-03-06,1583506800
1633,R_3VRB9w5rAtqNoWt,CAKE_TOPPER,2020-03-06,1583506800
1634,R_3eh02tn8YjYcUoE,GROCERY,2020-03-06,1583506800
1635,R_3ek9YZGdsDHjUZf,MEDICATION,2020-03-06,1583506800
1636,R_3ek9YZGdsDHjUZf,SHOES,2020-03-06,1583506800
1637,R_3ek9YZGdsDHjUZf,MEDICATION,2020-03-06,1583506800
1638,R_3ez7TNnB78XtMa7,HEALTH_PERSONAL_CARE,2020-03-06,1583506800
1639,R_3ez7TNnB78XtMa7,SCULPTURE,2020-03-06,1583506800
1640,R_3fB1NIeE1OGUd72,SHARPS_DISPOSAL_CONTAINER,2020-03-06,1583506800
1641,R_3fB1NIeE1OGUd72,CRAFT_HOOP_FRAME,2020-03-06,1583506800
1642,R_3fB1NIeE1OGUd72,CRAFT_HOOP_FRAME,2020-03-06,1583506800
1643,R_3gTrwWhEzAv6gzH,GROCERY,2020-03-06,1583506800
1644,R_3iJQyWNMMY0KRV5,VITAMIN,2020-03-06,1583506800
1645,R_3jSAmu0UzDwnhQD,SHIRT,2020-03-06,1583506800
1646,R_3kAg3F3SGS36qHc,TOY_FIGURE,2020-03-06,1583506800
1647,R_3lXswIAy7Qq6UEZ,DUST_REMOVAL_TOOL,2020-03-06,1583506800
1648,R_3lXswIAy7Qq6UEZ,HEALTH_PERSONAL_CARE,2020-03-06,1583506800
1649,R_3lXswIAy7Qq6UEZ,ANTENNA,2020-03-06,1583506800
1650,R_3lXswIAy7Qq6UEZ,BATTERY,2020-03-06,1583506800
1651,R_3lXswIAy7Qq6UEZ,ABIS_BOOK,2020-03-06,1583506800
1652,R_3n17fNI56KA8rTV,SKIN_MOISTURIZER,2020-03-06,1583506800
1653,R_3n17fNI56KA8rTV,SNACK_FOOD_BAR,2020-03-06,1583506800
1654,R_3oO3DoeTgXHrEzx,GUN_SUPPORT,2020-03-06,1583506800
1655,R_3p8Rjor8VyZP2Qp,ANIMAL_LITTER,2020-03-06,1583506800
1656,R_3qrqbddZ7eR9KW8,SCREEN_PROTECTOR,2020-03-06,1583506800
1657,R_3rZHdmB75jSgwhr,SHIRT,2020-03-06,1583506800
1658,R_3rZHdmB75jSgwhr,SHORTS,2020-03-06,1583506800
1659,R_5uabKnJBMc7HyEN,TOYS_AND_GAMES,2020-03-06,1583506800
1660,R_5uabKnJBMc7HyEN,ABIS_BOOK,2020-03-06,1583506800
1661,R_6m1QCIXstgjIo4p,GROCERY,2020-03-06,1583506800
1662,R_6m1QCIXstgjIo4p,ART_MEDIA_PAPER,2020-03-06,1583506800
1663,R_8CXcySQawXPuJwJ,SNACK_FOOD_BAR,2020-03-06,1583506800
1664,R_8pMsG4P0RqzoSlz,OUTDOOR_LIVING,2020-03-06,1583506800
1665,R_8pMsG4P0RqzoSlz,MEDICATION,2020-03-06,1583506800
1666,R_8vnpSkm79W7Jsv7,PHYSICAL_MOVIE,2020-03-06,1583506800
1667,R_8vnpSkm79W7Jsv7,CELLULAR_PHONE_CASE,2020-03-06,1583506800
1668,R_AM0OvM0F9kBvqal,TOYS_AND_GAMES,2020-03-06,1583506800
1669,R_AM0OvM0F9kBvqal,PASTRY,2020-03-06,1583506800
1670,R_AM0OvM0F9kBvqal,SCREEN_PROTECTOR,2020-03-06,1583506800
1671,R_AM0OvM0F9kBvqal,SKIN_MOISTURIZER,2020-03-06,1583506800
1672,R_AM0OvM0F9kBvqal,SUGAR_CANDY,2020-03-06,1583506800
1673,R_AM0OvM0F9kBvqal,ANIMAL_LITTER,2020-03-06,1583506800
1674,R_Amq2LudEdwYblXX,PORTABLE_FREESTANDING_SHELTER,2020-03-06,1583506800
1675,R_BWAjcs1sKUc6NQl,MICROPHONE,2020-03-06,1583506800
1676,R_Cgbr25P8IQSFnr3,PIERCING_JEWELRY,2020-03-06,1583506800
1677,R_O6ZX76mggPnAOfD,SCREEN_PROTECTOR,2020-03-06,1583506800
1678,R_Odixb15Ykmxb0Dn,PET_FOOD,2020-03-06,1583506800
1679,R_Odixb15Ykmxb0Dn,GROCERY,2020-03-06,1583506800
1680,R_OfntYUzw43qHbuF,SNACK_FOOD_BAR,2020-03-06,1583506800
1681,R_SVHcBOlErkMEJjP,SHIRT,2020-03-06,1583506800
1682,R_SVHcBOlErkMEJjP,ELECTRONIC_CABLE,2020-03-06,1583506800
1683,R_TtK3Qkb3c3EIeoV,UNDERPANTS,2020-03-06,1583506800
1684,R_TtK3Qkb3c3EIeoV,GROCERY,2020-03-06,1583506800
1685,R_TtK3Qkb3c3EIeoV,HUMIDOR,2020-03-06,1583506800
1686,R_TtK3Qkb3c3EIeoV,TOYS_AND_GAMES,2020-03-06,1583506800
1687,R_UEke64xAaOG3mTf,SCREEN_PROTECTOR,2020-03-06,1583506800
1688,R_UEke64xAaOG3mTf,NUTRITIONAL_SUPPLEMENT,2020-03-06,1583506800
1689,R_UEke64xAaOG3mTf,ABRASIVE_WHEELS,2020-03-06,1583506800
1690,R_Ui78k1hRGuGWhln,HAND_FAN,2020-03-06,1583506800
1691,R_Ui78k1hRGuGWhln,ABIS_BOOK,2020-03-06,1583506800
1692,R_XSu10jIDimUl5m1,HEALTH_PERSONAL_CARE,2020-03-06,1583506800
1693,R_XSu10jIDimUl5m1,POT_HOLDER,2020-03-06,1583506800
1694,R_XSu10jIDimUl5m1,PHYSICAL_MOVIE,2020-03-06,1583506800
1695,R_XSu10jIDimUl5m1,CELLULAR_PHONE_CASE,2020-03-06,1583506800
1696,R_XSu10jIDimUl5m1,BATTERY,2020-03-06,1583506800
1697,R_XwiCirQyfwJzVtv,ABIS_BOOK,2020-03-06,1583506800
1698,R_YWC7NpQLctWlPVf,POWER_BANK,2020-03-06,1583506800
1699,R_Z4qMkqhWSmIbdSh,CALISTHENICS_STAND,2020-03-06,1583506800
1700,R_Zwn68Xfx8lenBER,CELLULAR_PHONE_CASE,2020-03-06,1583506800
1701,R_b14mPI2m0e5yH9D,PROTEIN_SUPPLEMENT_POWDER,2020-03-06,1583506800
1702,R_b3dSUlk76L0C6TD,SHIRT,2020-03-06,1583506800
1703,R_bJbNhR1I5NnLKb7,INDUSTRIAL_CASTERS,2020-03-06,1583506800
1704,R_bkquoGQp5VhpihP,SHOVEL_SPADE,2020-03-06,1583506800
1705,R_bkquoGQp5VhpihP,WEARABLE_WEIGHT,2020-03-06,1583506800
1706,R_bkquoGQp5VhpihP,SKIN_CLEANING_AGENT,2020-03-06,1583506800
1707,R_br5a8OxAqrKRxQd,VITAMIN,2020-03-06,1583506800
1708,R_cCucjmijTJETC6d,HAT,2020-03-06,1583506800
1709,R_e387De1jF0gN2OB,PANTS,2020-03-06,1583506800
1710,R_pGDKh38nCQ4KsMx,ORTHOPEDIC_BRACE,2020-03-06,1583506800
1711,R_pMnqpu31myYoxy1,WRITING_BOARD,2020-03-06,1583506800
1712,R_qxTrp3qz2YCQAnv,DIGITAL_DEVICE_7,2020-03-06,1583506800
1713,R_qxTrp3qz2YCQAnv,IGNITION_COIL,2020-03-06,1583506800
1714,R_qxTrp3qz2YCQAnv,SHORTS,2020-03-06,1583506800
1715,R_qxTrp3qz2YCQAnv,HEADPHONES,2020-03-06,1583506800
1716,R_qxTrp3qz2YCQAnv,FURNITURE_EDGE_BUMPER,2020-03-06,1583506800
1717,R_s6BUJFPzFF8fk2d,SHIRT,2020-03-06,1583506800
1718,R_s6BUJFPzFF8fk2d,VITAMIN,2020-03-06,1583506800
1719,R_voSNwyVcZWdCTJv,PET_FOOD,2020-03-06,1583506800
1720,R_w5bE96azoKnM6Ih,SPLASH_POOL,2020-03-06,1583506800
1721,R_x0hVvTTXGQY9FRf,BICYCLE_TRAINER,2020-03-06,1583506800
1722,R_xc0AiqTlV5cTvZn,VIVARIUM,2020-03-06,1583506800
1723,R_yJz6aXbKddNbgZz,TOYS_AND_GAMES,2020-03-06,1583506800
1724,R_yJz6aXbKddNbgZz,GROCERY,2020-03-06,1583506800
1725,R_yJz6aXbKddNbgZz,SWEATSHIRT,2020-03-06,1583506800
1726,R_yJz6aXbKddNbgZz,CHANGING_PAD_COVER,2020-03-06,1583506800
1727,R_yPgyGUixTuXuX5v,PET_FOOD,2020-03-06,1583506800
1728,R_z1mFB9Qp9HSTCIV,CELLULAR_PHONE_CASE,2020-03-06,1583506800
1729,R_0f8u2tSB99LkgCt,GROCERY,2020-03-07,1583593200
1730,R_0f8u2tSB99LkgCt,SNACK_FOOD_BAR,2020-03-07,1583593200
1731,R_10YnFpDzlwQlmrX,ANIMAL_LITTER,2020-03-07,1583593200
1732,R_10YnFpDzlwQlmrX,MOTORCYCLE_ACCESSORY,2020-03-07,1583593200
1733,R_1C4nKyrv0w2thJn,TOYS_AND_GAMES,2020-03-07,1583593200
1734,R_1C4nKyrv0w2thJn,SHOES,2020-03-07,1583593200
1735,R_1C4nKyrv0w2thJn,PANTS,2020-03-07,1583593200
1736,R_1C75XRebT1eliL0,SNACK_FOOD_BAR,2020-03-07,1583593200
1737,R_1C8w4NDDQC5fcgE,FOOD_SMOKER,2020-03-07,1583593200
1738,R_1ClqO4ZMDuwGjfl,HEALTH_PERSONAL_CARE,2020-03-07,1583593200
1739,R_1ClqO4ZMDuwGjfl,FOOD_STORAGE_CONTAINER,2020-03-07,1583593200
1740,R_1Cx2TzfSj9KxVhR,MEDICATION,2020-03-07,1583593200
1741,R_1Cx2TzfSj9KxVhR,DRINKING_STRAW,2020-03-07,1583593200
1742,R_1Cx2TzfSj9KxVhR,MODEM,2020-03-07,1583593200
1743,R_1Cx2TzfSj9KxVhR,SHOES,2020-03-07,1583593200
1744,R_1Cx2TzfSj9KxVhR,SCREEN_PROTECTOR,2020-03-07,1583593200
1745,R_1Cx2TzfSj9KxVhR,GROCERY,2020-03-07,1583593200
1746,R_1Cx2TzfSj9KxVhR,BATTERY,2020-03-07,1583593200
1747,R_1Cx2TzfSj9KxVhR,SHIRT,2020-03-07,1583593200
1748,R_1DJdUrYA1I0QAKh,PHYSICAL_MOVIE,2020-03-07,1583593200
1749,R_1DYWdbAMt6LyCZH,HEALTH_PERSONAL_CARE,2020-03-07,1583593200
1750,R_1DYWdbAMt6LyCZH,TABLETOP_GAME,2020-03-07,1583593200
1751,R_1DYWdbAMt6LyCZH,PET_FOOD,2020-03-07,1583593200
1752,R_1H7zBXFz4gN1Ezl,FIRST_AID_KIT,2020-03-07,1583593200
1753,R_1LRR1P5IQqdSvIP,SHIRT,2020-03-07,1583593200
1754,R_1LRR1P5IQqdSvIP,SHORTS,2020-03-07,1583593200
1755,R_1LRR1P5IQqdSvIP,MACHINE_LUBRICANT,2020-03-07,1583593200
1756,R_1LRR1P5IQqdSvIP,WALLPAPER,2020-03-07,1583593200
1757,R_1Q9JeeKncbbLcz0,CELLULAR_PHONE_CASE,2020-03-07,1583593200
1758,R_1Q9JeeKncbbLcz0,GROCERY,2020-03-07,1583593200
1759,R_1Q9JeeKncbbLcz0,WEATHER_STATION,2020-03-07,1583593200
1760,R_1QupmKjSh9fA4l4,GROCERY,2020-03-07,1583593200
1761,R_1daE3vUDxFrSw4I,SKIN_CLEANING_AGENT,2020-03-07,1583593200
1762,R_1escXXhyvAgsBYq,SHIRT,2020-03-07,1583593200
1763,R_1escXXhyvAgsBYq,GROCERY,2020-03-07,1583593200
1764,R_1escXXhyvAgsBYq,SHOES,2020-03-07,1583593200
1765,R_1escXXhyvAgsBYq,SHIRT,2020-03-07,1583593200
1766,R_1goV1AJmLMRsVRE,SHIRT,2020-03-07,1583593200
1767,R_1hMV4AHCk04WO5V,SCREEN_PROTECTOR,2020-03-07,1583593200
1768,R_1hMV4AHCk04WO5V,HEADPHONES,2020-03-07,1583593200
1769,R_1ig4LC2I0cwMCHk,HEADPHONES,2020-03-07,1583593200
1770,R_1jARg5bGH5uqAKW,PHYSICAL_MOVIE,2020-03-07,1583593200
1771,R_1lfNYOmsEIqOn65,MEDICATION,2020-03-07,1583593200
1772,R_1lfNYOmsEIqOn65,BATTERY,2020-03-07,1583593200
1773,R_1lxYa2W6GgcAQ19,THERMOMETER,2020-03-07,1583593200
1774,R_1mEmb9jWLRYCU4e,SCREEN_PROTECTOR,2020-03-07,1583593200
1775,R_1mebUZZHsgPDgzX,CULINARY_SALT,2020-03-07,1583593200
1776,R_1obwpb6iowh7vew,PHYSICAL_VIDEO_GAME_SOFTWARE,2020-03-07,1583593200
1777,R_1obwpb6iowh7vew,LEVEL,2020-03-07,1583593200
1778,R_1obwpb6iowh7vew,PHYSICAL_VIDEO_GAME_SOFTWARE,2020-03-07,1583593200
1779,R_1obwpb6iowh7vew,COMPUTER_DRIVE_OR_STORAGE,2020-03-07,1583593200
1780,R_1obwpb6iowh7vew,BUBBLE_MAKER,2020-03-07,1583593200
1781,R_1pu4x2PBb4LrSWk,HEALTH_PERSONAL_CARE,2020-03-07,1583593200
1782,R_1zVJnDAfoFLamOd,NUTRITIONAL_SUPPLEMENT,2020-03-07,1583593200
1783,R_20O6baqxT4T2CbA,TOYS_AND_GAMES,2020-03-07,1583593200
1784,R_20Yd9DvrGselmZY,PUMP_DISPENSER,2020-03-07,1583593200
1785,R_23enipHqTsjcQfN,HOBBIES,2020-03-07,1583593200
1786,R_24HjnyxNZEm32Xb,SHARP_PIN,2020-03-07,1583593200
1787,R_24csoaO569P4Yzz,GROCERY,2020-03-07,1583593200
1788,R_24csoaO569P4Yzz,TOYS_AND_GAMES,2020-03-07,1583593200
1789,R_24csoaO569P4Yzz,TOYS_AND_GAMES,2020-03-07,1583593200
1790,R_24dbGLxukEKohG6,WILDLIFE_FEEDER,2020-03-07,1583593200
1791,R_25z5LHPaAsxktx7,SHIRT,2020-03-07,1583593200
1792,R_25z5LHPaAsxktx7,FURNITURE_CART,2020-03-07,1583593200
1793,R_25z5LHPaAsxktx7,MEDICATION,2020-03-07,1583593200
1794,R_25z5LHPaAsxktx7,STETHOSCOPE,2020-03-07,1583593200
1795,R_25z5LHPaAsxktx7,SCREEN_PROTECTOR,2020-03-07,1583593200
1796,R_25z5LHPaAsxktx7,SHIRT,2020-03-07,1583593200
1797,R_25z5LHPaAsxktx7,SKIN_CLEANING_AGENT,2020-03-07,1583593200
1798,R_277i50HinKYVoY9,TOY_FIGURE,2020-03-07,1583593200
1799,R_27DL80quzRiSEmq,BATTERY,2020-03-07,1583593200
1800,R_28IDNbS8mqpfyKD,SCREEN_PROTECTOR,2020-03-07,1583593200
1801,R_2ASBFgthVbaGlF3,SHOES,2020-03-07,1583593200
1802,R_2ASBFgthVbaGlF3,MEDICATION,2020-03-07,1583593200
1803,R_2ASBFgthVbaGlF3,PET_FOOD,2020-03-07,1583593200
1804,R_2BstrkPd4gMc6Ih,SHIRT,2020-03-07,1583593200
1805,R_2DMQ4Npnlu3WWyq,PANTS,2020-03-07,1583593200
1806,R_2DV0bsqugjyav1y,UNDERPANTS,2020-03-07,1583593200
1807,R_2DV0bsqugjyav1y,DRINKING_CUP,2020-03-07,1583593200
1808,R_2DV0bsqugjyav1y,NUTRITIONAL_SUPPLEMENT,2020-03-07,1583593200
1809,R_2E5XCpTY2B5ZQ1f,ELECTRONIC_CABLE,2020-03-07,1583593200
1810,R_2E5XCpTY2B5ZQ1f,SKIN_PROTECTANT,2020-03-07,1583593200
1811,R_2E5XCpTY2B5ZQ1f,VITAMIN,2020-03-07,1583593200
1812,R_2EglJpTWGEiwQYa,SHIRT,2020-03-07,1583593200
1813,R_2Etc0qZ3B702xxn,HEADPHONES,2020-03-07,1583593200
1814,R_2Pd2JtrvgaRUFB3,SCREEN_PROTECTOR,2020-03-07,1583593200
1815,R_2Pd2JtrvgaRUFB3,SKIN_CLEANING_AGENT,2020-03-07,1583593200
1816,R_2QEQOSl4i81CHb1,SHIRT,2020-03-07,1583593200
1817,R_2QXq900Df6biUD7,HAT,2020-03-07,1583593200
1818,R_2QXq900Df6biUD7,HEALTH_PERSONAL_CARE,2020-03-07,1583593200
1819,R_2QXq900Df6biUD7,GROCERY,2020-03-07,1583593200
1820,R_2QXq900Df6biUD7,GROCERY,2020-03-07,1583593200
1821,R_2R20tGsAciB0E9U,STATIONARY_BICYCLE,2020-03-07,1583593200
1822,R_2R20tGsAciB0E9U,ONE_PIECE_OUTFIT,2020-03-07,1583593200
1823,R_2UfTIFhpicfXgPX,CUFF_LINK,2020-03-07,1583593200
1824,R_2UfTIFhpicfXgPX,SKIN_MOISTURIZER,2020-03-07,1583593200
1825,R_2VwjXhJ5OznStEi,ABIS_BOOK,2020-03-07,1583593200
1826,R_2aOUTzNgkEajgjw,ELECTRONIC_DEVICE_SKIN,2020-03-07,1583593200
1827,R_2aOUTzNgkEajgjw,SKIN_MOISTURIZER,2020-03-07,1583593200
1828,R_2aOUTzNgkEajgjw,AMAZON_TABLET,2020-03-07,1583593200
1829,R_2dFHfsIqQ6eEtVW,CLOTH_NAPKIN,2020-03-07,1583593200
1830,R_2ri4RVtvkxnZzHj,ELECTRONIC_CABLE,2020-03-07,1583593200
1831,R_2ri4RVtvkxnZzHj,UNDERWEAR,2020-03-07,1583593200
1832,R_2ri4RVtvkxnZzHj,CELL_PHONE_HOLSTER,2020-03-07,1583593200
1833,R_2ri4RVtvkxnZzHj,PANTS,2020-03-07,1583593200
1834,R_2sbf0hqTGFb880u,JUICE_AND_JUICE_DRINK,2020-03-07,1583593200
1835,R_2ugDyrE1yi1FjvH,DECORATIVE_MAGNET,2020-03-07,1583593200
1836,R_2ugDyrE1yi1FjvH,SHOES,2020-03-07,1583593200
1837,R_2ugDyrE1yi1FjvH,ROLLER_CHAIN,2020-03-07,1583593200
1838,R_2wmCdm6ETy6g3k0,NECKLACE,2020-03-07,1583593200
1839,R_2wmCdm6ETy6g3k0,ERASER,2020-03-07,1583593200
1840,R_2wsihriTqG6n6Sj,BATTERY,2020-03-07,1583593200
1841,R_2xxvsVGQ2kSdXpV,COLLECTIBLE_CARD,2020-03-07,1583593200
1842,R_2xxvsVGQ2kSdXpV,SHIRT,2020-03-07,1583593200
1843,R_2xxvsVGQ2kSdXpV,PHYSICAL_MOVIE,2020-03-07,1583593200
1844,R_2xxvsVGQ2kSdXpV,CAMERA_CONTINUOUS_LIGHT,2020-03-07,1583593200
1845,R_2yplkUxhAWZaFUL,FOOD_SLICER,2020-03-07,1583593200
1846,R_2yplkUxhAWZaFUL,PHYSICAL_MOVIE,2020-03-07,1583593200
1847,R_2yplkUxhAWZaFUL,VITAMIN,2020-03-07,1583593200
1848,R_31SNC0DcyjBDcq3,PET_FOOD,2020-03-07,1583593200
1849,R_32UZncFA03IrQwQ,NOODLE,2020-03-07,1583593200
1850,R_3Em4Q2OBHB3m5rz,DRINK_FLAVORED,2020-03-07,1583593200
1851,R_3G1gYo1d23Zq8Np,BAKING_CHOCOLATE,2020-03-07,1583593200
1852,R_3G1gYo1d23Zq8Np,SKIN_CLEANING_AGENT,2020-03-07,1583593200
1853,R_3G1gYo1d23Zq8Np,NUTRITIONAL_SUPPLEMENT,2020-03-07,1583593200
1854,R_3G1gYo1d23Zq8Np,BARBECUE_GRILL,2020-03-07,1583593200
1855,R_3G1gYo1d23Zq8Np,PHYSICAL_MOVIE,2020-03-07,1583593200
1856,R_3G1gYo1d23Zq8Np,BATTERY,2020-03-07,1583593200
1857,R_3GiFHVWzYKHT1F5,CELLULAR_PHONE_CASE,2020-03-07,1583593200
1858,R_3GiFHVWzYKHT1F5,ELECTRONIC_CABLE,2020-03-07,1583593200
1859,R_3GiFHVWzYKHT1F5,PHYSICAL_MOVIE,2020-03-07,1583593200
1860,R_3GiFHVWzYKHT1F5,MEDICATION,2020-03-07,1583593200
1861,R_3JjRmgOh3ZydDiW,INPUT_OUTPUT_CARD,2020-03-07,1583593200
1862,R_3JjRmgOh3ZydDiW,COMPUTER_DRIVE_OR_STORAGE,2020-03-07,1583593200
1863,R_3JjRmgOh3ZydDiW,SURVEILANCE_SYSTEMS,2020-03-07,1583593200
1864,R_3JjRmgOh3ZydDiW,TOYS_AND_GAMES,2020-03-07,1583593200
1865,R_3JnjKsPAuFGDhrx,CELLULAR_PHONE_CASE,2020-03-07,1583593200
1866,R_3JnjKsPAuFGDhrx,SHOES,2020-03-07,1583593200
1867,R_3JnjKsPAuFGDhrx,SCREEN_PROTECTOR,2020-03-07,1583593200
1868,R_3Kv8PUwM5KE3ZA2,CELLULAR_PHONE_CASE,2020-03-07,1583593200
1869,R_3Kv8PUwM5KE3ZA2,SCREEN_PROTECTOR,2020-03-07,1583593200
1870,R_3Kv8PUwM5KE3ZA2,SKIN_CLEANING_AGENT,2020-03-07,1583593200
1871,R_3Kv8PUwM5KE3ZA2,KEYBOARD_MOUSE_SET,2020-03-07,1583593200
1872,R_3Kv8PUwM5KE3ZA2,BRA,2020-03-07,1583593200
1873,R_3KxaCMXQTDz1Z7P,MEDICATION,2020-03-07,1583593200
1874,R_3KxaCMXQTDz1Z7P,ELECTRIC_FOOD_MILL_GRINDER,2020-03-07,1583593200
1875,R_3KxaCMXQTDz1Z7P,CELLULAR_PHONE_CASE,2020-03-07,1583593200
1876,R_3L8dgu12mdk2UVH,SALAD_DRESSING,2020-03-07,1583593200
1877,R_3MyEdXOZ8P75S1V,HOSE_PIPE_FITTING,2020-03-07,1583593200
1878,R_3MyEdXOZ8P75S1V,HEALTH_PERSONAL_CARE,2020-03-07,1583593200
1879,R_3ek9YZGdsDHjUZf,BATTERY,2020-03-07,1583593200
1880,R_3ek9YZGdsDHjUZf,HEADPHONES,2020-03-07,1583593200
1881,R_3emmbwwsXsxt4Oj,PET_FOOD,2020-03-07,1583593200
1882,R_3ez7TNnB78XtMa7,CABINET,2020-03-07,1583593200
1883,R_3fcOMdQm2jGBLKm,VITAMIN,2020-03-07,1583593200
1884,R_3fcOMdQm2jGBLKm,TOYS_AND_GAMES,2020-03-07,1583593200
1885,R_3h4JnsfebywTUxX,LOCK,2020-03-07,1583593200
1886,R_3h4JnsfebywTUxX,TOOLS,2020-03-07,1583593200
1887,R_3h4JnsfebywTUxX,HEALTH_PERSONAL_CARE,2020-03-07,1583593200
1888,R_3h4JnsfebywTUxX,LOCK,2020-03-07,1583593200
1889,R_3jSAmu0UzDwnhQD,ABIS_BOOK,2020-03-07,1583593200
1890,R_3jSAmu0UzDwnhQD,PANTS,2020-03-07,1583593200
1891,R_3jSvX9tw2goV083,BATTERY,2020-03-07,1583593200
1892,R_3kM9FhqXba9VXRS,SNACK_FOOD_BAR,2020-03-07,1583593200
1893,R_3kM9FhqXba9VXRS,PET_FOOD,2020-03-07,1583593200
1894,R_3kM9FhqXba9VXRS,PANTS,2020-03-07,1583593200
1895,R_3kM9FhqXba9VXRS,SCREEN_PROTECTOR,2020-03-07,1583593200
1896,R_3kM9FhqXba9VXRS,SKIN_MOISTURIZER,2020-03-07,1583593200
1897,R_3kM9FhqXba9VXRS,PHYSICAL_VIDEO_GAME_SOFTWARE,2020-03-07,1583593200
1898,R_3kM9FhqXba9VXRS,TOYS_AND_GAMES,2020-03-07,1583593200
1899,R_3kM9FhqXba9VXRS,GUITAR_EFFECT_DEVICE,2020-03-07,1583593200
1900,R_3kM9FhqXba9VXRS,CELLULAR_PHONE_CASE,2020-03-07,1583593200
1901,R_3kM9FhqXba9VXRS,NETWORKING_ROUTER,2020-03-07,1583593200
1902,R_3kM9FhqXba9VXRS,PHYSICAL_MOVIE,2020-03-07,1583593200
1903,R_3m3H4mwZ2snYFua,PET_FOOD,2020-03-07,1583593200
1904,R_3m3H4mwZ2snYFua,FAUCET,2020-03-07,1583593200
1905,R_3n0OjYgGHf96Wuh,TOYS_AND_GAMES,2020-03-07,1583593200
1906,R_3n5zOvmozURNzXz,SHIRT,2020-03-07,1583593200
1907,R_3n5zOvmozURNzXz,SIGNAGE,2020-03-07,1583593200
1908,R_3n5zOvmozURNzXz,ASTRINGENT_SUBSTANCE,2020-03-07,1583593200
1909,R_3n5zOvmozURNzXz,UMBRELLA,2020-03-07,1583593200
1910,R_3oO3DoeTgXHrEzx,CELLULAR_PHONE_CASE,2020-03-07,1583593200
1911,R_3oO3DoeTgXHrEzx,SHIRT,2020-03-07,1583593200
1912,R_3oO3DoeTgXHrEzx,GROCERY,2020-03-07,1583593200
1913,R_3qlnIILTEuzSyGe,PANTS,2020-03-07,1583593200
1914,R_3qqdzQnCaBYHx9o,BED_RAIL,2020-03-07,1583593200
1915,R_3qqdzQnCaBYHx9o,GROCERY,2020-03-07,1583593200
1916,R_3qqdzQnCaBYHx9o,TOYS_AND_GAMES,2020-03-07,1583593200
1917,R_3qqdzQnCaBYHx9o,SKIN_CLEANING_AGENT,2020-03-07,1583593200
1918,R_3rZHdmB75jSgwhr,CHANGING_PAD,2020-03-07,1583593200
1919,R_3rZHdmB75jSgwhr,SPORT_HELMET,2020-03-07,1583593200
1920,R_3rZHdmB75jSgwhr,DIVE_MASK,2020-03-07,1583593200
1921,R_3s60LmlFm5fAEP5,TOYS_AND_GAMES,2020-03-07,1583593200
1922,R_3s60LmlFm5fAEP5,FITNESS_STEPPER,2020-03-07,1583593200
1923,R_AKBlDprDMrv4M7v,SKIN_MOISTURIZER,2020-03-07,1583593200
1924,R_Amq2LudEdwYblXX,PHYSICAL_MOVIE,2020-03-07,1583593200
1925,R_Ap2HcvpPLRDJv9L,HEALTH_PERSONAL_CARE,2020-03-07,1583593200
1926,R_Ap2HcvpPLRDJv9L,BACKPACK,2020-03-07,1583593200
1927,R_C1gEwoKxaLBh0eR,FISHING_EQUIPMENT,2020-03-07,1583593200
1928,R_C1gEwoKxaLBh0eR,ABIS_BOOK,2020-03-07,1583593200
1929,R_OPfbKZtf2Azgit3,GROCERY,2020-03-07,1583593200
1930,R_OPfbKZtf2Azgit3,WALKER,2020-03-07,1583593200
1931,R_OPfbKZtf2Azgit3,HEALTH_PERSONAL_CARE,2020-03-07,1583593200
1932,R_PwlnzzccUMXV0n7,CELLULAR_PHONE_CASE,2020-03-07,1583593200
1933,R_Q4ZjTFeyiC5kgQV,MAJOR_HOME_APPLIANCES,2020-03-07,1583593200
1934,R_Ui78k1hRGuGWhln,PANTS,2020-03-07,1583593200
1935,R_Xhz81T9LodPX0KB,THREAD_CORD,2020-03-07,1583593200
1936,R_Xt4H8BJ1Vx7ws8h,PANTS,2020-03-07,1583593200
1937,R_Xt4H8BJ1Vx7ws8h,PET_FOOD,2020-03-07,1583593200
1938,R_ZkokwdIEZybYo9z,CELLULAR_PHONE_CASE,2020-03-07,1583593200
1939,R_ZkokwdIEZybYo9z,NUTRITIONAL_SUPPLEMENT,2020-03-07,1583593200
1940,R_ZkokwdIEZybYo9z,SHOES,2020-03-07,1583593200
1941,R_ZkokwdIEZybYo9z,TOYS_AND_GAMES,2020-03-07,1583593200
1942,R_b3dSUlk76L0C6TD,WASTE_BAG,2020-03-07,1583593200
1943,R_bJI8lmXMZWL6oql,PHYSICAL_MOVIE,2020-03-07,1583593200
1944,R_bJI8lmXMZWL6oql,SHOES,2020-03-07,1583593200
1945,R_bJI8lmXMZWL6oql,SKIN_CLEANING_AGENT,2020-03-07,1583593200
1946,R_cCucjmijTJETC6d,BATTERY,2020-03-07,1583593200
1947,R_pMnqpu31myYoxy1,LEOTARD,2020-03-07,1583593200
1948,R_pRWnSKTREPIwpSF,HANGING_ORNAMENT,2020-03-07,1583593200
1949,R_pRWnSKTREPIwpSF,HEADPHONES,2020-03-07,1583593200
1950,R_pRWnSKTREPIwpSF,SNACK_FOOD_BAR,2020-03-07,1583593200
1951,R_pRWnSKTREPIwpSF,NUTRITIONAL_SUPPLEMENT,2020-03-07,1583593200
1952,R_plnyqyltsGtao9P,SEASONING,2020-03-07,1583593200
1953,R_plnyqyltsGtao9P,HEADPHONES,2020-03-07,1583593200
1954,R_qxTrp3qz2YCQAnv,ABIS_BOOK,2020-03-07,1583593200
1955,R_qxTrp3qz2YCQAnv,BATTERY,2020-03-07,1583593200
1956,R_qxTrp3qz2YCQAnv,HOBBIES,2020-03-07,1583593200
1957,R_s6BUJFPzFF8fk2d,PUPPET,2020-03-07,1583593200
1958,R_sM3qX7I1tHzvU09,SANITARY_NAPKIN,2020-03-07,1583593200
1959,R_tDI0MmPcVp5b2Xn,TWEEZER,2020-03-07,1583593200
1960,R_tDI0MmPcVp5b2Xn,SHIRT,2020-03-07,1583593200
1961,R_tDI0MmPcVp5b2Xn,LIQUID_FUEL_CONTAINER,2020-03-07,1583593200
1962,R_tDI0MmPcVp5b2Xn,SKIN_CLEANING_AGENT,2020-03-07,1583593200
1963,R_tDI0MmPcVp5b2Xn,SCREEN_PROTECTOR,2020-03-07,1583593200
1964,R_tDI0MmPcVp5b2Xn,SWEATSHIRT,2020-03-07,1583593200
1965,R_tDI0MmPcVp5b2Xn,VITAMIN,2020-03-07,1583593200
1966,R_tFf2GViNMUolxaV,PANTS,2020-03-07,1583593200
1967,R_tFf2GViNMUolxaV,ELECTRONIC_CABLE,2020-03-07,1583593200
1968,R_tFf2GViNMUolxaV,CAULKS,2020-03-07,1583593200
1969,R_tFf2GViNMUolxaV,PUMP_SPRAYER,2020-03-07,1583593200
1970,R_tFf2GViNMUolxaV,HARDWARE,2020-03-07,1583593200
1971,R_tFf2GViNMUolxaV,SKIN_MOISTURIZER,2020-03-07,1583593200
1972,R_tFf2GViNMUolxaV,LIGHT_FIXTURE,2020-03-07,1583593200
1973,R_tFf2GViNMUolxaV,ELECTRONIC_CABLE,2020-03-07,1583593200
1974,R_u2EdYogSnJBrpex,SHOES,2020-03-07,1583593200
1975,R_u2EdYogSnJBrpex,FIGURINE,2020-03-07,1583593200
1976,R_u2EdYogSnJBrpex,MEDICATION,2020-03-07,1583593200
1977,R_u2EdYogSnJBrpex,SKIN_MOISTURIZER,2020-03-07,1583593200
1978,R_u2EdYogSnJBrpex,PET_FOOD,2020-03-07,1583593200
1979,R_u94bdSj5JBe7WZb,MEDICATION,2020-03-07,1583593200
1980,R_vcsfXNFhlnqxtYd,NETWORK_INTERFACE_CONTROLLER_ADAPTER,2020-03-07,1583593200
1981,R_vcsfXNFhlnqxtYd,BATTERY,2020-03-07,1583593200
1982,R_vcsfXNFhlnqxtYd,GIFT_WRAP,2020-03-07,1583593200
1983,R_vcsfXNFhlnqxtYd,COFFEE_MAKER,2020-03-07,1583593200
1984,R_vcsfXNFhlnqxtYd,SHIRT,2020-03-07,1583593200
1985,R_voSNwyVcZWdCTJv,GOLF_CLUB,2020-03-07,1583593200
1986,R_w5bE96azoKnM6Ih,SWIMWEAR,2020-03-07,1583593200
1987,R_w5bE96azoKnM6Ih,TOYS_AND_GAMES,2020-03-07,1583593200
1988,R_x0hVvTTXGQY9FRf,SPORT_ACTIVITY_GLOVE,2020-03-07,1583593200
1989,R_xDvEzzSGeDDkvU5,ABIS_BOOK,2020-03-07,1583593200
1990,R_xDvEzzSGeDDkvU5,ENGINE_AIR_FILTER,2020-03-07,1583593200
1991,R_xDvEzzSGeDDkvU5,SHIRT,2020-03-07,1583593200
1992,R_xDvEzzSGeDDkvU5,ELECTRONIC_CABLE,2020-03-07,1583593200
1993,R_xDvEzzSGeDDkvU5,STOOL_SEATING,2020-03-07,1583593200
1994,R_xDvEzzSGeDDkvU5,ABIS_BOOK,2020-03-07,1583593200
1995,R_xDvEzzSGeDDkvU5,3D_PRINTER,2020-03-07,1583593200
1996,R_xGwDp6qu8JCFdIJ,HEADPHONES,2020-03-07,1583593200
1997,R_xGwDp6qu8JCFdIJ,SKIN_MOISTURIZER,2020-03-07,1583593200
1998,R_xGwDp6qu8JCFdIJ,PANTS,2020-03-07,1583593200
1999,R_xGwDp6qu8JCFdIJ,SHOES,2020-03-07,1583593200
2000,R_xGwDp6qu8JCFdIJ,OIL_FILTER,2020-03-07,1583593200
2001,R_xGwDp6qu8JCFdIJ,SKIN_MOISTURIZER,2020-03-07,1583593200
2002,R_xGwDp6qu8JCFdIJ,SHIRT,2020-03-07,1583593200
2003,R_yJz6aXbKddNbgZz,HEALTH_PERSONAL_CARE,2020-03-07,1583593200
2004,R_yPgyGUixTuXuX5v,SHOES,2020-03-07,1583593200
2005,R_yPgyGUixTuXuX5v,ANIMAL_HARNESS,2020-03-07,1583593200
2006,R_10CAlrx7dbJty9R,SCREEN_PROTECTOR,2020-03-08,1583679600
2007,R_10CAlrx7dbJty9R,HERBAL_SUPPLEMENT,2020-03-08,1583679600
2008,R_10CAlrx7dbJty9R,HARDWARE_HINGE,2020-03-08,1583679600
2009,R_10uU7A3PqkL1i0o,VDO_DEVICES,2020-03-08,1583679600
2010,R_1BNwZP0DdTOa4rT,ANIMAL_LITTER,2020-03-08,1583679600
2011,R_1ClqO4ZMDuwGjfl,PANTS,2020-03-08,1583679600
2012,R_1ClqO4ZMDuwGjfl,PANTS,2020-03-08,1583679600
2013,R_1ClqO4ZMDuwGjfl,SHOES,2020-03-08,1583679600
2014,R_1Cx2TzfSj9KxVhR,HEALTH_PERSONAL_CARE,2020-03-08,1583679600
2015,R_1Cx2TzfSj9KxVhR,POWER_STRIP,2020-03-08,1583679600
2016,R_1DYWdbAMt6LyCZH,PHYSICAL_MOVIE,2020-03-08,1583679600
2017,R_1DYWdbAMt6LyCZH,HEADPHONES,2020-03-08,1583679600
2018,R_1Hena1rUph3TnA3,ABIS_BOOK,2020-03-08,1583679600
2019,R_1KxVDxZl2H0XoHS,SHIRT,2020-03-08,1583679600
2020,R_1KxVDxZl2H0XoHS,BATTERY,2020-03-08,1583679600
2021,R_1MTbVUzYEQq2MzU,SHOES,2020-03-08,1583679600
2022,R_1MTbVUzYEQq2MzU,GUITAR_EFFECT_DEVICE,2020-03-08,1583679600
2023,R_1MTbVUzYEQq2MzU,HIP_FLASK,2020-03-08,1583679600
2024,R_1NCzj2eSHI4QGcd,NUTRITIONAL_SUPPLEMENT,2020-03-08,1583679600
2025,R_1NCzj2eSHI4QGcd,HEALTH_PERSONAL_CARE,2020-03-08,1583679600
2026,R_1NCzj2eSHI4QGcd,PERSONAL_COMPUTER,2020-03-08,1583679600
2027,R_1NCzj2eSHI4QGcd,SPORT_NET,2020-03-08,1583679600
2028,R_1Oov0G05pkQnKNn,PARTY_FAVOR,2020-03-08,1583679600
2029,R_1Oov0G05pkQnKNn,SCREEN_PROTECTOR,2020-03-08,1583679600
2030,R_1Oov0G05pkQnKNn,ABIS_BOOK,2020-03-08,1583679600
2031,R_1Oov0G05pkQnKNn,HEALTH_PERSONAL_CARE,2020-03-08,1583679600
2032,R_1PUcgnVG2i0EBz4,PLACEMAT,2020-03-08,1583679600
2033,R_1PUcgnVG2i0EBz4,MANUAL_SHAVING_RAZOR,2020-03-08,1583679600
2034,R_1PUcgnVG2i0EBz4,DRESSER,2020-03-08,1583679600
2035,R_1PUcgnVG2i0EBz4,SKIN_MOISTURIZER,2020-03-08,1583679600
2036,R_1PUcgnVG2i0EBz4,BATTERY,2020-03-08,1583679600
2037,R_1Q9JeeKncbbLcz0,PHYSICAL_MOVIE,2020-03-08,1583679600
2038,R_1Q9JeeKncbbLcz0,BATTERY,2020-03-08,1583679600
2039,R_1Q9JeeKncbbLcz0,SHIRT,2020-03-08,1583679600
2040,R_1Q9JeeKncbbLcz0,HEALTH_PERSONAL_CARE,2020-03-08,1583679600
2041,R_1Q9JeeKncbbLcz0,GROCERY,2020-03-08,1583679600
2042,R_1QKu8qtvgo0d1uS,TOYS_AND_GAMES,2020-03-08,1583679600
2043,R_1QKu8qtvgo0d1uS,SKIN_MOISTURIZER,2020-03-08,1583679600
2044,R_1QKu8qtvgo0d1uS,PANTS,2020-03-08,1583679600
2045,R_1QKu8qtvgo0d1uS,ABIS_BOOK,2020-03-08,1583679600
2046,R_1QKu8qtvgo0d1uS,VITAMIN,2020-03-08,1583679600
2047,R_1QKu8qtvgo0d1uS,FOUNTAIN,2020-03-08,1583679600
2048,R_1QKu8qtvgo0d1uS,PET_FOOD,2020-03-08,1583679600
2049,R_1QKu8qtvgo0d1uS,HEADPHONES,2020-03-08,1583679600
2050,R_1QKu8qtvgo0d1uS,GROCERY,2020-03-08,1583679600
2051,R_1QKu8qtvgo0d1uS,BABY_BOTTLE,2020-03-08,1583679600
2052,R_1QKu8qtvgo0d1uS,HEALTH_PERSONAL_CARE,2020-03-08,1583679600
2053,R_1QKu8qtvgo0d1uS,SKIN_MOISTURIZER,2020-03-08,1583679600
2054,R_1QKu8qtvgo0d1uS,HEADPHONES,2020-03-08,1583679600
2055,R_1QKu8qtvgo0d1uS,ANTENNA,2020-03-08,1583679600
2056,R_1QKu8qtvgo0d1uS,BED_RAIL,2020-03-08,1583679600
2057,R_1QKu8qtvgo0d1uS,GROCERY,2020-03-08,1583679600
2058,R_1QLfbB3Lho273wG,ROLLING_PAPER,2020-03-08,1583679600
2059,R_1QhEPMXONBU12sq,CABINET,2020-03-08,1583679600
2060,R_1QhEPMXONBU12sq,SNACK_FOOD_BAR,2020-03-08,1583679600
2061,R_1QhEPMXONBU12sq,DUTCH_OVENS,2020-03-08,1583679600
2062,R_1Qyzwfx5HrXdw4U,DAIRY_BASED_CHEESE,2020-03-08,1583679600
2063,R_1Qyzwfx5HrXdw4U,HAIR_STYLING_AGENT,2020-03-08,1583679600
2064,R_1daE3vUDxFrSw4I,HEADPHONES,2020-03-08,1583679600
2065,R_1daE3vUDxFrSw4I,PET_FOOD,2020-03-08,1583679600
2066,R_1daE3vUDxFrSw4I,PACKING_MATERIAL,2020-03-08,1583679600
2067,R_1f1PzEZw8H2N4zm,CARRIER_BAG_CASE,2020-03-08,1583679600
2068,R_1hMV4AHCk04WO5V,PERSONAL_FLOTATION_DEVICE,2020-03-08,1583679600
2069,R_1hMV4AHCk04WO5V,NUTRITIONAL_SUPPLEMENT,2020-03-08,1583679600
2070,R_1hMV4AHCk04WO5V,BATTERY,2020-03-08,1583679600
2071,R_1lAIBWf5Qsww7eT,GROCERY,2020-03-08,1583679600
2072,R_1lAIBWf5Qsww7eT,BATTERY,2020-03-08,1583679600
2073,R_1lAIBWf5Qsww7eT,SNACK_FOOD_BAR,2020-03-08,1583679600
2074,R_1lAIBWf5Qsww7eT,SKIN_CLEANING_AGENT,2020-03-08,1583679600
2075,R_1lAIBWf5Qsww7eT,MECHANICAL_LIGHTER,2020-03-08,1583679600
2076,R_1lAIBWf5Qsww7eT,ABIS_BOOK,2020-03-08,1583679600
2077,R_1mQrQ5EFGvbBRLb,GROCERY,2020-03-08,1583679600
2078,R_1mxX9jjBSLwxiDU,KEYBOARD_INSTRUMENTS,2020-03-08,1583679600
2079,R_1oFSDeGAQcUN2v8,TRIVET,2020-03-08,1583679600
2080,R_1pKZVLBbrpZM8bP,SHOES,2020-03-08,1583679600
2081,R_1pu6yYPsuymsIIz,LAB_SUPPLY,2020-03-08,1583679600
2082,R_1pu6yYPsuymsIIz,HEALTH_PERSONAL_CARE,2020-03-08,1583679600
2083,R_1q4eVtHN10S5gPB,TOY_FIGURE,2020-03-08,1583679600
2084,R_1q4eVtHN10S5gPB,VITAMIN,2020-03-08,1583679600
2085,R_1q7AvsyRPpTSWFi,DEHUMIDIFIER,2020-03-08,1583679600
2086,R_1rq9oimamSF6rsF,SNACK_FOOD_BAR,2020-03-08,1583679600
2087,R_1rq9oimamSF6rsF,GROCERY,2020-03-08,1583679600
2088,R_1rq9oimamSF6rsF,TOOTH_CLEANING_AGENT,2020-03-08,1583679600
2089,R_20V73ixsOYXCBbP,WATER,2020-03-08,1583679600
2090,R_20V73ixsOYXCBbP,WATER,2020-03-08,1583679600
2091,R_23eD9Db68xpXl0d,FIREPLACE,2020-03-08,1583679600
2092,R_23eD9Db68xpXl0d,PANTS,2020-03-08,1583679600
2093,R_248HEjiUt8tw60V,SURFACE_CLEANING_WIPE,2020-03-08,1583679600
2094,R_248HEjiUt8tw60V,VITAMIN,2020-03-08,1583679600
2095,R_25Wwg273Uw26jA1,HEADPHONES,2020-03-08,1583679600
2096,R_25Wwg273Uw26jA1,TOOTH_CLEANING_AGENT,2020-03-08,1583679600
2097,R_25Wwg273Uw26jA1,NUTRITIONAL_SUPPLEMENT,2020-03-08,1583679600
2098,R_25Wwg273Uw26jA1,HEADPHONES,2020-03-08,1583679600
2099,R_26nB6rfoaXIEb6Z,BABY_PRODUCT,2020-03-08,1583679600
2100,R_26nB6rfoaXIEb6Z,SCREEN_PROTECTOR,2020-03-08,1583679600
2101,R_273TMGuLM3jXisi,SHIRT,2020-03-08,1583679600
2102,R_273TMGuLM3jXisi,CELLULAR_PHONE_CASE,2020-03-08,1583679600
2103,R_277i50HinKYVoY9,VACUUM_CLEANER,2020-03-08,1583679600
2104,R_277i50HinKYVoY9,SHOES,2020-03-08,1583679600
2105,R_279ENCaNyRMf98u,CELLULAR_PHONE_CASE,2020-03-08,1583679600
2106,R_27B5jMHYqArQV6X,BATTERY,2020-03-08,1583679600
2107,R_27lE2A8TyANjHWE,PHYSICAL_MOVIE,2020-03-08,1583679600
2108,R_27lE2A8TyANjHWE,PICTURE_HANGER,2020-03-08,1583679600
2109,R_28SckJ1LanzFPvD,ABIS_BOOK,2020-03-08,1583679600
2110,R_2CJ9tQVGVUnaesS,IMMERSION_HEATER,2020-03-08,1583679600
2111,R_2CJ9tQVGVUnaesS,COMPUTER_CHASSIS,2020-03-08,1583679600
2112,R_2CJ9tQVGVUnaesS,HEADPHONES,2020-03-08,1583679600
2113,R_2CKdeuvfVrO8I49,KAYAK,2020-03-08,1583679600
2114,R_2CPzjeQqe1GCW73,SNACK_FOOD_BAR,2020-03-08,1583679600
2115,R_2CPzjeQqe1GCW73,SHOES,2020-03-08,1583679600
2116,R_2CPzjeQqe1GCW73,ABIS_BOOK,2020-03-08,1583679600
2117,R_2D6v6VH3RC5ZGC4,PANTS,2020-03-08,1583679600
2118,R_2DSIdH6iUv9yJ8V,BATTERY,2020-03-08,1583679600
2119,R_2DSIdH6iUv9yJ8V,COFFEE,2020-03-08,1583679600
2120,R_2DSIdH6iUv9yJ8V,TOYS_AND_GAMES,2020-03-08,1583679600
2121,R_2DSIdH6iUv9yJ8V,SKIN_CLEANING_AGENT,2020-03-08,1583679600
2122,R_2DSIdH6iUv9yJ8V,TOYS_AND_GAMES,2020-03-08,1583679600
2123,R_2DSIdH6iUv9yJ8V,HEALTH_PERSONAL_CARE,2020-03-08,1583679600
2124,R_2DSIdH6iUv9yJ8V,PANTS,2020-03-08,1583679600
2125,R_2DSIdH6iUv9yJ8V,SKIN_MOISTURIZER,2020-03-08,1583679600
2126,R_2DSIdH6iUv9yJ8V,PHYSICAL_MOVIE,2020-03-08,1583679600
2127,R_2DSIdH6iUv9yJ8V,HEADPHONES,2020-03-08,1583679600
2128,R_2DSIdH6iUv9yJ8V,SHOES,2020-03-08,1583679600
2129,R_2DSIdH6iUv9yJ8V,TOYS_AND_GAMES,2020-03-08,1583679600
2130,R_2DSIdH6iUv9yJ8V,SYRUP,2020-03-08,1583679600
2131,R_2DSIdH6iUv9yJ8V,SNACK_FOOD_BAR,2020-03-08,1583679600
2132,R_2DSIdH6iUv9yJ8V,CELLULAR_PHONE_CASE,2020-03-08,1583679600
2133,R_2DSIdH6iUv9yJ8V,SKIN_MOISTURIZER,2020-03-08,1583679600
2134,R_2DSIdH6iUv9yJ8V,NUTRITIONAL_SUPPLEMENT,2020-03-08,1583679600
2135,R_2DSIdH6iUv9yJ8V,SUNSCREEN,2020-03-08,1583679600
2136,R_2DSIdH6iUv9yJ8V,PRINT_COPY_PAPER,2020-03-08,1583679600
2137,R_2DSIdH6iUv9yJ8V,HERBAL_SUPPLEMENT,2020-03-08,1583679600
2138,R_2DSIdH6iUv9yJ8V,SHOES,2020-03-08,1583679600
2139,R_2DSIdH6iUv9yJ8V,SUNSCREEN,2020-03-08,1583679600
2140,R_2DSIdH6iUv9yJ8V,HEALTH_PERSONAL_CARE,2020-03-08,1583679600
2141,R_2DSIdH6iUv9yJ8V,HEALTH_PERSONAL_CARE,2020-03-08,1583679600
2142,R_2DSIdH6iUv9yJ8V,MEDICATION,2020-03-08,1583679600
2143,R_2DSIdH6iUv9yJ8V,SCREEN_PROTECTOR,2020-03-08,1583679600
2144,R_2DSIdH6iUv9yJ8V,SKIN_CLEANING_AGENT,2020-03-08,1583679600
2145,R_2DSIdH6iUv9yJ8V,NUTRITIONAL_SUPPLEMENT,2020-03-08,1583679600
2146,R_2DSIdH6iUv9yJ8V,CELLULAR_PHONE_CASE,2020-03-08,1583679600
2147,R_2DSIdH6iUv9yJ8V,SKIN_CLEANING_AGENT,2020-03-08,1583679600
2148,R_2DSIdH6iUv9yJ8V,MESS_KIT,2020-03-08,1583679600
2149,R_2DSIdH6iUv9yJ8V,PRINT_COPY_PAPER,2020-03-08,1583679600
2150,R_2DSIdH6iUv9yJ8V,SKIN_CLEANING_AGENT,2020-03-08,1583679600
2151,R_2DSIdH6iUv9yJ8V,COLLECTIBLE_COINS,2020-03-08,1583679600
2152,R_2DSIdH6iUv9yJ8V,TOPICAL_HAIR_REGROWTH_TREATMENT,2020-03-08,1583679600
2153,R_2DSIdH6iUv9yJ8V,VIDEO_GAME_HARDWARE,2020-03-08,1583679600
2154,R_2DSIdH6iUv9yJ8V,CELLULAR_PHONE_CASE,2020-03-08,1583679600
2155,R_2DSIdH6iUv9yJ8V,SUNSCREEN,2020-03-08,1583679600
2156,R_2DSIdH6iUv9yJ8V,ABIS_BOOK,2020-03-08,1583679600
2157,R_2DSIdH6iUv9yJ8V,GRAVITY_BEVERAGE_DISPENSER,2020-03-08,1583679600
2158,R_2DSmjafbkSAict9,NAIL_POWDER,2020-03-08,1583679600
2159,R_2DSmjafbkSAict9,PHYSICAL_MOVIE,2020-03-08,1583679600
2160,R_2DSmjafbkSAict9,PANTS,2020-03-08,1583679600
2161,R_2DSmjafbkSAict9,SKIN_CLEANING_AGENT,2020-03-08,1583679600
2162,R_2DSmjafbkSAict9,SNACK_FOOD_BAR,2020-03-08,1583679600
2163,R_2DSmjafbkSAict9,NAIL_POWDER,2020-03-08,1583679600
2164,R_2EglJpTWGEiwQYa,NUTRITIONAL_SUPPLEMENT,2020-03-08,1583679600
2165,R_2EglJpTWGEiwQYa,SHIRT,2020-03-08,1583679600
2166,R_2EglJpTWGEiwQYa,SKIN_PROTECTANT,2020-03-08,1583679600
2167,R_2EglJpTWGEiwQYa,HEALTH_PERSONAL_CARE,2020-03-08,1583679600
2168,R_2QEQOSl4i81CHb1,THICKENING_AGENT,2020-03-08,1583679600
2169,R_2QXq900Df6biUD7,HAT,2020-03-08,1583679600
2170,R_2QXq900Df6biUD7,PANTS,2020-03-08,1583679600
2171,R_2R20tGsAciB0E9U,LIGHT_BULB_SOCKET,2020-03-08,1583679600
2172,R_2R20tGsAciB0E9U,HEADPHONES,2020-03-08,1583679600
2173,R_2R20tGsAciB0E9U,ONE_PIECE_OUTFIT,2020-03-08,1583679600
2174,R_2TKO641FpWMebOd,SKIN_MOISTURIZER,2020-03-08,1583679600
2175,R_2Uc0eY0mHq5DQgt,APRON,2020-03-08,1583679600
2176,R_2VyUSFk11bbTVej,WEIGHT_PLATE,2020-03-08,1583679600
2177,R_2XoI6KbLJRGFz5X,TOYS_AND_GAMES,2020-03-08,1583679600
2178,R_2XoI6KbLJRGFz5X,VITAMIN,2020-03-08,1583679600
2179,R_2XoI6KbLJRGFz5X,BEAUTY,2020-03-08,1583679600
2180,R_2Y9fPhqa2Xf2QdZ,GROCERY,2020-03-08,1583679600
2181,R_2Y9fPhqa2Xf2QdZ,CUTLERY,2020-03-08,1583679600
2182,R_2Y9fPhqa2Xf2QdZ,CELLULAR_PHONE_CASE,2020-03-08,1583679600
2183,R_2Y9fPhqa2Xf2QdZ,PET_FOOD,2020-03-08,1583679600
2184,R_2YR2Yn7wGzAeAj0,HOME,2020-03-08,1583679600
2185,R_2ZEQSnRGlS7ZscC,WOUND_DRESSING,2020-03-08,1583679600
2186,R_2ZEQSnRGlS7ZscC,SHOES,2020-03-08,1583679600
2187,R_2ZEQSnRGlS7ZscC,SLOW_COOKER,2020-03-08,1583679600
2188,R_2ZEQSnRGlS7ZscC,HEADPHONES,2020-03-08,1583679600
2189,R_2ZTFfLAcuwm22Yh,CELLULAR_PHONE_CASE,2020-03-08,1583679600
2190,R_2aldwxmUZox7Yfd,SCREEN_PROTECTOR,2020-03-08,1583679600
2191,R_2c0kxk2rIJClCxm,LAP_DESK,2020-03-08,1583679600
2192,R_2c0kxk2rIJClCxm,SELF_STICK_NOTE,2020-03-08,1583679600
2193,R_2c0kxk2rIJClCxm,PHYSICAL_MOVIE,2020-03-08,1583679600
2194,R_2cvmrv8q51q8yh1,ELECTRONIC_CABLE,2020-03-08,1583679600
2195,R_2dmZyPIDedcDR2J,SKIN_MOISTURIZER,2020-03-08,1583679600
2196,R_2e9e8lhWqVtpb7m,CELLULAR_PHONE_CASE,2020-03-08,1583679600
2197,R_2e9e8lhWqVtpb7m,BATTERY,2020-03-08,1583679600
2198,R_2e9e8lhWqVtpb7m,ELECTRONIC_CABLE,2020-03-08,1583679600
2199,R_2q2hekIiutgInrE,PHYSICAL_MOVIE,2020-03-08,1583679600
2200,R_2qD8ep8d313iLj4,SCREEN_PROTECTOR,2020-03-08,1583679600
2201,R_2qjAN1lyLAdAxT2,COCKTAIL_SHAKER,2020-03-08,1583679600
2202,R_2qjAN1lyLAdAxT2,SKIN_CLEANING_AGENT,2020-03-08,1583679600
2203,R_2ri4RVtvkxnZzHj,UNDERWEAR,2020-03-08,1583679600
2204,R_2ri4RVtvkxnZzHj,SNACK_FOOD_BAR,2020-03-08,1583679600
2205,R_2ri4RVtvkxnZzHj,VITAMIN,2020-03-08,1583679600
2206,R_2s5YO3cdqKDFyIM,FOUNTAIN,2020-03-08,1583679600
2207,R_2s5YO3cdqKDFyIM,SHIRT,2020-03-08,1583679600
2208,R_2s5YO3cdqKDFyIM,PHYSICAL_MOVIE,2020-03-08,1583679600
2209,R_2sbf0hqTGFb880u,INSECT_REPELLENT,2020-03-08,1583679600
2210,R_2sbf0hqTGFb880u,ABIS_BOOK,2020-03-08,1583679600
2211,R_2t2UfXrRfbnyKGU,TOY_FIGURE,2020-03-08,1583679600
2212,R_2t2UfXrRfbnyKGU,SHIRT,2020-03-08,1583679600
2213,R_2uIMLcJgQmb0v3G,GROCERY,2020-03-08,1583679600
2214,R_2ugDyrE1yi1FjvH,HEADPHONES,2020-03-08,1583679600
2215,R_2xxvsVGQ2kSdXpV,SHIRT,2020-03-08,1583679600
2216,R_2xxvsVGQ2kSdXpV,BATTERY,2020-03-08,1583679600
2217,R_2xxvsVGQ2kSdXpV,HEALTH_PERSONAL_CARE,2020-03-08,1583679600
2218,R_2xxvsVGQ2kSdXpV,HEALTH_PERSONAL_CARE,2020-03-08,1583679600
2219,R_2xxvsVGQ2kSdXpV,BUCKLE,2020-03-08,1583679600
2220,R_2y8edrQ8p3nRu8v,SHOES,2020-03-08,1583679600
2221,R_2z6ASEYEd1PP5Hu,RICE_MIX,2020-03-08,1583679600
2222,R_3093m6Spz9VzxAK,VITAMIN,2020-03-08,1583679600
2223,R_3093m6Spz9VzxAK,PAPER_TOWEL_HOLDER,2020-03-08,1583679600
2224,R_3093m6Spz9VzxAK,SKIN_MOISTURIZER,2020-03-08,1583679600
2225,R_3093m6Spz9VzxAK,TOYS_AND_GAMES,2020-03-08,1583679600
2226,R_3093m6Spz9VzxAK,SOUS_VIDE_MACHINE,2020-03-08,1583679600
2227,R_325wNEypLBLRTf7,BATTERY,2020-03-08,1583679600
2228,R_325wNEypLBLRTf7,ELECTRONIC_CABLE,2020-03-08,1583679600
2229,R_325wNEypLBLRTf7,INDOOR_GROW_ENCLOSURE,2020-03-08,1583679600
2230,R_32UZncFA03IrQwQ,SKIN_CLEANING_AGENT,2020-03-08,1583679600
2231,R_33a2eGfoj5xSrE2,BICYCLE_TRAILER,2020-03-08,1583679600
2232,R_33a2eGfoj5xSrE2,CELLULAR_PHONE_CASE,2020-03-08,1583679600
2233,R_3CVMAH13SNAWjLZ,MEDICATION,2020-03-08,1583679600
2234,R_3CVMAH13SNAWjLZ,SNACK_FOOD_BAR,2020-03-08,1583679600
2235,R_3CZ8DrIEalrYlgu,BUBBLE_MAKER,2020-03-08,1583679600
2236,R_3CZ8DrIEalrYlgu,BLEACH,2020-03-08,1583679600
2237,R_3ElHoNUS8Tyu7RP,CELLULAR_PHONE_CASE,2020-03-08,1583679600
2238,R_3G1gYo1d23Zq8Np,SNACK_FOOD_BAR,2020-03-08,1583679600
2239,R_3G1gYo1d23Zq8Np,JUICE_AND_JUICE_DRINK,2020-03-08,1583679600
2240,R_3G1gYo1d23Zq8Np,CELLULAR_PHONE_CASE,2020-03-08,1583679600
2241,R_3GD1CL4OyjglmbZ,MEDICATION,2020-03-08,1583679600
2242,R_3Ge2RzIsoM2g5lL,SPORT_NET,2020-03-08,1583679600
2243,R_3HLKIA2u3ZnY9lM,TRIVET,2020-03-08,1583679600
2244,R_3HLKIA2u3ZnY9lM,PHYSICAL_MOVIE,2020-03-08,1583679600
2245,R_3HLKIA2u3ZnY9lM,KITE,2020-03-08,1583679600
2246,R_3HvPXLfubbb9a6G,FILE_FOLDER,2020-03-08,1583679600
2247,R_3L20DbmNPSMtKUd,NUTRITIONAL_SUPPLEMENT,2020-03-08,1583679600
2248,R_3L20DbmNPSMtKUd,PHYSICAL_MOVIE,2020-03-08,1583679600
2249,R_3L20DbmNPSMtKUd,RIDE_ON_TOY,2020-03-08,1583679600
2250,R_3L20DbmNPSMtKUd,PET_FOOD,2020-03-08,1583679600
2251,R_3L20DbmNPSMtKUd,BATTERY,2020-03-08,1583679600
2252,R_3L8dgu12mdk2UVH,ABIS_BOOK,2020-03-08,1583679600
2253,R_3PZvezr4ITRkiKV,PET_FOOD,2020-03-08,1583679600
2254,R_3PZvezr4ITRkiKV,ABIS_BOOK,2020-03-08,1583679600
2255,R_3PZvezr4ITRkiKV,SHIRT,2020-03-08,1583679600
2256,R_3PZvezr4ITRkiKV,OFFICE_ELECTRONICS,2020-03-08,1583679600
2257,R_3PZvezr4ITRkiKV,HEALTH_PERSONAL_CARE,2020-03-08,1583679600
2258,R_3PZvezr4ITRkiKV,TOYS_AND_GAMES,2020-03-08,1583679600
2259,R_3PZvezr4ITRkiKV,SKIN_CLEANING_AGENT,2020-03-08,1583679600
2260,R_3PZvezr4ITRkiKV,SNACK_FOOD_BAR,2020-03-08,1583679600
2261,R_3PZvezr4ITRkiKV,ABIS_BOOK,2020-03-08,1583679600
2262,R_3PZvezr4ITRkiKV,SHIRT,2020-03-08,1583679600
2263,R_3PZvezr4ITRkiKV,DISHWASHER_DETERGENT,2020-03-08,1583679600
2264,R_3PZvezr4ITRkiKV,CELLULAR_PHONE_CASE,2020-03-08,1583679600
2265,R_3PZvezr4ITRkiKV,VITAMIN,2020-03-08,1583679600
2266,R_3Pc1ZZfNy58AvgE,SKIN_MOISTURIZER,2020-03-08,1583679600
2267,R_3Pc1ZZfNy58AvgE,SKIN_CLEANING_AGENT,2020-03-08,1583679600
2268,R_3Pc1ZZfNy58AvgE,NUTRITIONAL_SUPPLEMENT,2020-03-08,1583679600
2269,R_3Pc1ZZfNy58AvgE,VIDEO_GAME_ACCESSORIES,2020-03-08,1583679600
2270,R_3dVMhrjV0qUkHSh,SCREEN_PROTECTOR,2020-03-08,1583679600
2271,R_3dVMhrjV0qUkHSh,REFRIGERATOR,2020-03-08,1583679600
2272,R_3eehQVQNcKmEJtd,DESK,2020-03-08,1583679600
2273,R_3eehQVQNcKmEJtd,VEHICLE_EXTERIOR_GUARD,2020-03-08,1583679600
2274,R_3exlTi02vMuoy59,SCREEN_PROTECTOR,2020-03-08,1583679600
2275,R_3flZSxKV8ViX1H4,CUFF_LINK,2020-03-08,1583679600
2276,R_3flZSxKV8ViX1H4,TOYS_AND_GAMES,2020-03-08,1583679600
2277,R_3flZSxKV8ViX1H4,HEALTH_PERSONAL_CARE,2020-03-08,1583679600
2278,R_3flZSxKV8ViX1H4,MEDICATION,2020-03-08,1583679600
2279,R_3flZSxKV8ViX1H4,SNACK_FOOD_BAR,2020-03-08,1583679600
2280,R_3g1vpqtwzgBUs93,CELL_PHONE_HOLSTER,2020-03-08,1583679600
2281,R_3g1vpqtwzgBUs93,VITAMIN,2020-03-08,1583679600
2282,R_3iJQyWNMMY0KRV5,MEDICATION,2020-03-08,1583679600
2283,R_3jSAmu0UzDwnhQD,BONDING_ADHESIVES,2020-03-08,1583679600
2284,R_3lLhrGoskvkadDT,VITAMIN,2020-03-08,1583679600
2285,R_3lLhrGoskvkadDT,HEADPHONES,2020-03-08,1583679600
2286,R_3lLhrGoskvkadDT,SNOW_CHAIN,2020-03-08,1583679600
2287,R_3n17fNI56KA8rTV,SNACK_FOOD_BAR,2020-03-08,1583679600
2288,R_3qjvaF4zWZz3obB,HEALTH_PERSONAL_CARE,2020-03-08,1583679600
2289,R_3rV7kPHe9hVsMee,PANTS,2020-03-08,1583679600
2290,R_3rV7kPHe9hVsMee,TOYS_AND_GAMES,2020-03-08,1583679600
2291,R_3socPWD3wXD0iDP,SNACK_FOOD_BAR,2020-03-08,1583679600
2292,R_3socPWD3wXD0iDP,VALVE,2020-03-08,1583679600
2293,R_40engukXSxhrtF7,SOUS_VIDE_MACHINE,2020-03-08,1583679600
2294,R_40engukXSxhrtF7,CELLULAR_PHONE_CASE,2020-03-08,1583679600
2295,R_40engukXSxhrtF7,CELLULAR_PHONE_CASE,2020-03-08,1583679600
2296,R_40engukXSxhrtF7,INPUT_OUTPUT_CARD,2020-03-08,1583679600
2297,R_40engukXSxhrtF7,PANTS,2020-03-08,1583679600
2298,R_7ZH1uBNuL9RQ2K5,GROCERY,2020-03-08,1583679600
2299,R_9yOmfJyU0rNZGW5,PET_FOOD,2020-03-08,1583679600
2300,R_Amq2LudEdwYblXX,CALENDAR,2020-03-08,1583679600
2301,R_Amq2LudEdwYblXX,PORTABLE_FREESTANDING_SHELTER,2020-03-08,1583679600
2302,R_BWhnv4EdbhSS6rf,SKIN_CLEANING_AGENT,2020-03-08,1583679600
2303,R_DBhzVeGIG4SLSYV,PHYSICAL_MOVIE,2020-03-08,1583679600
2304,R_DBhzVeGIG4SLSYV,COMPUTER_INPUT_DEVICE,2020-03-08,1583679600
2305,R_O6ZX76mggPnAOfD,SNACK_FOOD_BAR,2020-03-08,1583679600
2306,R_OPfbKZtf2Azgit3,GROCERY,2020-03-08,1583679600
2307,R_Odixb15Ykmxb0Dn,CHAIR,2020-03-08,1583679600
2308,R_Odixb15Ykmxb0Dn,TABLECLOTH,2020-03-08,1583679600
2309,R_RfThNEyjDIX9xwl,BATTERY,2020-03-08,1583679600
2310,R_RfThNEyjDIX9xwl,PET_FOOD,2020-03-08,1583679600
2311,R_RfThNEyjDIX9xwl,SHOES,2020-03-08,1583679600
2312,R_RfThNEyjDIX9xwl,SNACK_FOOD_BAR,2020-03-08,1583679600
2313,R_RlYyUhsDFvyGwX7,HEADPHONES,2020-03-08,1583679600
2314,R_RlYyUhsDFvyGwX7,ELECTRONIC_CABLE,2020-03-08,1583679600
2315,R_RlYyUhsDFvyGwX7,PET_FOOD,2020-03-08,1583679600
2316,R_RlYyUhsDFvyGwX7,SKIN_MOISTURIZER,2020-03-08,1583679600
2317,R_RlYyUhsDFvyGwX7,PHYSICAL_MOVIE,2020-03-08,1583679600
2318,R_SVHcBOlErkMEJjP,NUTRITIONAL_SUPPLEMENT,2020-03-08,1583679600
2319,R_SVHcBOlErkMEJjP,ELECTRONIC_CABLE,2020-03-08,1583679600
2320,R_SVHcBOlErkMEJjP,VEHICLE_SAFETY_CAMERA,2020-03-08,1583679600
2321,R_TwqkiWpv7r8ygAV,ARTIFICIAL_PLANT,2020-03-08,1583679600
2322,R_Ui78k1hRGuGWhln,FOOD_GRATER,2020-03-08,1583679600
2323,R_XuCuybjxPer1OeJ,COSMETIC_NAIL_SET,2020-03-08,1583679600
2324,R_XwiCirQyfwJzVtv,INKJET_PRINTER_INK,2020-03-08,1583679600
2325,R_b3dSUlk76L0C6TD,CELLULAR_PHONE_CASE,2020-03-08,1583679600
2326,R_b3dSUlk76L0C6TD,MEDICATION,2020-03-08,1583679600
2327,R_b8UnkZJoU93ZxEB,HEADPHONES,2020-03-08,1583679600
2328,R_bJI8lmXMZWL6oql,NUTRITIONAL_SUPPLEMENT,2020-03-08,1583679600
2329,R_bJbNhR1I5NnLKb7,CELLULAR_PHONE_CASE,2020-03-08,1583679600
2330,R_br5a8OxAqrKRxQd,MEDICATION,2020-03-08,1583679600
2331,R_pMnqpu31myYoxy1,NUTRITIONAL_SUPPLEMENT,2020-03-08,1583679600
2332,R_pMnqpu31myYoxy1,ELECTRIC_MOTOR,2020-03-08,1583679600
2333,R_rqK6K6zDsynoZHP,SCREEN_PROTECTOR,2020-03-08,1583679600
2334,R_rqK6K6zDsynoZHP,MEDICATION,2020-03-08,1583679600
2335,R_rqK6K6zDsynoZHP,ELECTRONIC_ADAPTER,2020-03-08,1583679600
2336,R_rqK6K6zDsynoZHP,SKIN_MOISTURIZER,2020-03-08,1583679600
2337,R_rqK6K6zDsynoZHP,BATTERY,2020-03-08,1583679600
2338,R_rqK6K6zDsynoZHP,VITAMIN,2020-03-08,1583679600
2339,R_s6BUJFPzFF8fk2d,GROCERY,2020-03-08,1583679600
2340,R_sH8W9PyBq2swyLn,PET_FOOD,2020-03-08,1583679600
2341,R_sH8W9PyBq2swyLn,POWER_STRIP,2020-03-08,1583679600
2342,R_sH8W9PyBq2swyLn,HEALTH_PERSONAL_CARE,2020-03-08,1583679600
2343,R_sH8W9PyBq2swyLn,SCREEN_PROTECTOR,2020-03-08,1583679600
2344,R_sH8W9PyBq2swyLn,TABLETOP_GAME,2020-03-08,1583679600
2345,R_snaR9M3EsTpcPi9,PHYSICAL_MOVIE,2020-03-08,1583679600
2346,R_tDI0MmPcVp5b2Xn,HEADPHONES,2020-03-08,1583679600
2347,R_tDI0MmPcVp5b2Xn,MEDICATION,2020-03-08,1583679600
2348,R_tXHOaasrDjYwLO9,SHIRT,2020-03-08,1583679600
2349,R_u99XwBV1boyooXT,SHOES,2020-03-08,1583679600
2350,R_u99XwBV1boyooXT,VEHICLE_LIGHTING_CONVERSION_KIT,2020-03-08,1583679600
2351,R_vV9c87xuLM7zcC5,DRINKING_CUP,2020-03-08,1583679600
2352,R_voSNwyVcZWdCTJv,CRAFT_BEAD,2020-03-08,1583679600
2353,R_voSNwyVcZWdCTJv,TOYS_AND_GAMES,2020-03-08,1583679600
2354,R_xGwDp6qu8JCFdIJ,PANTS,2020-03-08,1583679600
2355,R_yrLrYUf4oFzOnjb,PET_FOOD,2020-03-08,1583679600
2356,R_yrLrYUf4oFzOnjb,STROLLER,2020-03-08,1583679600
2357,R_zTf2i6s3E2OQZQR,PET_FOOD,2020-03-08,1583679600
2358,R_0c8VclJcriEXQqZ,SEXUAL_STIMULATION_DEVICE,2020-03-09,1583766000
2359,R_10TV1zyi4yCEEkl,GROCERY,2020-03-09,1583766000
2360,R_1C4nKyrv0w2thJn,SKIN_CLEANING_AGENT,2020-03-09,1583766000
2361,R_1Cd5zmz07X5BqKa,SCREEN_PROTECTOR,2020-03-09,1583766000
2362,R_1Cd5zmz07X5BqKa,SNACK_FOOD_BAR,2020-03-09,1583766000
2363,R_1Cd5zmz07X5BqKa,EXERCISE_MACHINE,2020-03-09,1583766000
2364,R_1Cd5zmz07X5BqKa,UNDERPANTS,2020-03-09,1583766000
2365,R_1DJdUrYA1I0QAKh,SPARK_PLUG,2020-03-09,1583766000
2366,R_1DYWdbAMt6LyCZH,SOCKS,2020-03-09,1583766000
2367,R_1GVN63HjPpVXPEx,CELLULAR_PHONE_CASE,2020-03-09,1583766000
2368,R_1HcpQT6Ffivx73P,SKIN_MOISTURIZER,2020-03-09,1583766000
2369,R_1HcpQT6Ffivx73P,ELECTRONIC_CABLE,2020-03-09,1583766000
2370,R_1I6meOeB0piHEX8,SCREEN_PROTECTOR,2020-03-09,1583766000
2371,R_1I6meOeB0piHEX8,BAKING_PAPER,2020-03-09,1583766000
2372,R_1IaYiTSaUaD2W2i,SNACK_FOOD_BAR,2020-03-09,1583766000
2373,R_1IaYiTSaUaD2W2i,ELECTRONIC_CABLE,2020-03-09,1583766000
2374,R_1KloshKwV8MUAx4,PHYSICAL_MOVIE,2020-03-09,1583766000
2375,R_1KloshKwV8MUAx4,LAB_CHEMICAL,2020-03-09,1583766000
2376,R_1Kru2C0Zf28ZbQ0,SLOW_COOKER,2020-03-09,1583766000
2377,R_1LFmho6mBajcceh,EXERCISE_STEP_PLATFORM,2020-03-09,1583766000
2378,R_1LMa9REuvUok05j,TOYS_AND_GAMES,2020-03-09,1583766000
2379,R_1LRR1P5IQqdSvIP,SNACK_FOOD_BAR,2020-03-09,1583766000
2380,R_1LRR1P5IQqdSvIP,ABIS_BOOK,2020-03-09,1583766000
2381,R_1MTbVUzYEQq2MzU,ELECTRONIC_CABLE,2020-03-09,1583766000
2382,R_1NCzj2eSHI4QGcd,BATTERY,2020-03-09,1583766000
2383,R_1NFde2vzLpu8IWT,GROCERY,2020-03-09,1583766000
2384,R_1NgAWSeub1pgOGj,SNACK_FOOD_BAR,2020-03-09,1583766000
2385,R_1NgAWSeub1pgOGj,SCREEN_PROTECTOR,2020-03-09,1583766000
2386,R_1NgAWSeub1pgOGj,BAKING_PAN,2020-03-09,1583766000
2387,R_1NgAWSeub1pgOGj,HEADPHONES,2020-03-09,1583766000
2388,R_1NgAWSeub1pgOGj,SKIN_CLEANING_AGENT,2020-03-09,1583766000
2389,R_1NgAWSeub1pgOGj,PILLOW,2020-03-09,1583766000
2390,R_1Q62CIVb2WAS8hB,PET_FOOD,2020-03-09,1583766000
2391,R_1Q62CIVb2WAS8hB,HEALTH_PERSONAL_CARE,2020-03-09,1583766000
2392,R_1Q62CIVb2WAS8hB,FISHING_EQUIPMENT,2020-03-09,1583766000
2393,R_1Q9JeeKncbbLcz0,SCREEN_PROTECTOR,2020-03-09,1583766000
2394,R_1Q9JeeKncbbLcz0,KNIFE,2020-03-09,1583766000
2395,R_1Q9JeeKncbbLcz0,SCREEN_PROTECTOR,2020-03-09,1583766000
2396,R_1Q9JeeKncbbLcz0,SCREEN_PROTECTOR,2020-03-09,1583766000
2397,R_1Q9JeeKncbbLcz0,NUTRITIONAL_SUPPLEMENT,2020-03-09,1583766000
2398,R_1QupmKjSh9fA4l4,GROCERY,2020-03-09,1583766000
2399,R_1jARg5bGH5uqAKW,BATTERY,2020-03-09,1583766000
2400,R_1luTSUbcBgaFCl6,VIDEO_GAME_HARDWARE,2020-03-09,1583766000
2401,R_1ow0Om61pqBADXh,BALLOON,2020-03-09,1583766000
2402,R_1owkdABF1wNKFKI,HEALTH_PERSONAL_CARE,2020-03-09,1583766000
2403,R_1pKZVLBbrpZM8bP,TOYS_AND_GAMES,2020-03-09,1583766000
2404,R_1pKZVLBbrpZM8bP,POT_HOLDER,2020-03-09,1583766000
2405,R_1pu4x2PBb4LrSWk,PANTS,2020-03-09,1583766000
2406,R_1pu4x2PBb4LrSWk,SHOES,2020-03-09,1583766000
2407,R_1qdM6yLQigCFrkd,PET_FOOD,2020-03-09,1583766000
2408,R_1rPQIXSf3d1wvFO,ABIS_BOOK,2020-03-09,1583766000
2409,R_1rwhkWp9UYemFEH,SUGAR_CANDY,2020-03-09,1583766000
2410,R_20O6baqxT4T2CbA,FACE_SHAPING_MAKEUP,2020-03-09,1583766000
2411,R_21ttkGbeIL6HdlR,TABLE,2020-03-09,1583766000
2412,R_22QYpfx86KSwry8,PANTS,2020-03-09,1583766000
2413,R_22QYpfx86KSwry8,ELECTRONIC_FINDER,2020-03-09,1583766000
2414,R_22QYpfx86KSwry8,SUNSCREEN,2020-03-09,1583766000
2415,R_22XEVzemearX7mD,ABIS_BOOK,2020-03-09,1583766000
2416,R_24MKoSmvuiLEI76,SKIN_MOISTURIZER,2020-03-09,1583766000
2417,R_24MKoSmvuiLEI76,HOME,2020-03-09,1583766000
2418,R_24MKoSmvuiLEI76,VITAMIN,2020-03-09,1583766000
2419,R_24MKoSmvuiLEI76,SHIRT,2020-03-09,1583766000
2420,R_24MKoSmvuiLEI76,SKIN_CLEANING_AGENT,2020-03-09,1583766000
2421,R_24MKoSmvuiLEI76,SHIRT,2020-03-09,1583766000
2422,R_24MKoSmvuiLEI76,CELLULAR_PHONE_CASE,2020-03-09,1583766000
2423,R_24MKoSmvuiLEI76,HEALTH_PERSONAL_CARE,2020-03-09,1583766000
2424,R_24MKoSmvuiLEI76,SUGAR_SUBSTITUTE,2020-03-09,1583766000
2425,R_24MKoSmvuiLEI76,PANTS,2020-03-09,1583766000
2426,R_24dbGLxukEKohG6,ELECTRONIC_CABLE,2020-03-09,1583766000
2427,R_24dbGLxukEKohG6,ELECTRONIC_CABLE,2020-03-09,1583766000
2428,R_24dbGLxukEKohG6,SKIN_CLEANING_AGENT,2020-03-09,1583766000
2429,R_24dbGLxukEKohG6,SKIN_MOISTURIZER,2020-03-09,1583766000
2430,R_25SbPPTyE45YzXP,CELLULAR_PHONE_CASE,2020-03-09,1583766000
2431,R_27llfKLBUotowNk,COMPUTER_INPUT_DEVICE,2020-03-09,1583766000
2432,R_29bHzqH6Blzwhem,VEHICLE_MAT,2020-03-09,1583766000
2433,R_29bHzqH6Blzwhem,GROCERY,2020-03-09,1583766000
2434,R_2D6v6VH3RC5ZGC4,NUTRITIONAL_SUPPLEMENT,2020-03-09,1583766000
2435,R_2ONDyHxQviDmrWg,SHOE_INSERT,2020-03-09,1583766000
2436,R_2RUDh7piHU7frzt,NUTRITIONAL_SUPPLEMENT,2020-03-09,1583766000
2437,R_2RUDh7piHU7frzt,SKIN_MOISTURIZER,2020-03-09,1583766000
2438,R_2RVXjEovu4Y1yen,APPAREL_BELT,2020-03-09,1583766000
2439,R_2SIYchF5txvb4ur,SKIN_CLEANING_AGENT,2020-03-09,1583766000
2440,R_2UaV2vSZDxrE35n,HEALTH_PERSONAL_CARE,2020-03-09,1583766000
2441,R_2UaV2vSZDxrE35n,VITAMIN,2020-03-09,1583766000
2442,R_2UaV2vSZDxrE35n,BODY_PAINT,2020-03-09,1583766000
2443,R_2WVIxBGaj1uOr8S,SNACK_FOOD_BAR,2020-03-09,1583766000
2444,R_2WVIxBGaj1uOr8S,ART_CRAFT_KIT,2020-03-09,1583766000
2445,R_2YVQQRVSdj7M8Va,SKIN_MOISTURIZER,2020-03-09,1583766000
2446,R_2cBADxleVyzT89z,BRA,2020-03-09,1583766000
2447,R_2cBADxleVyzT89z,NUTRITIONAL_SUPPLEMENT,2020-03-09,1583766000
2448,R_2dmZyPIDedcDR2J,HEADPHONES,2020-03-09,1583766000
2449,R_2eaIHfPqBAh3Zqa,CLIPBOARD,2020-03-09,1583766000
2450,R_2eaIHfPqBAh3Zqa,PHYSICAL_MOVIE,2020-03-09,1583766000
2451,R_2eaIHfPqBAh3Zqa,HAIR_COLORING_AGENT,2020-03-09,1583766000
2452,R_2eaIHfPqBAh3Zqa,CELLULAR_PHONE_CASE,2020-03-09,1583766000
2453,R_2eaIHfPqBAh3Zqa,CELLULAR_PHONE_CASE,2020-03-09,1583766000
2454,R_2eaIHfPqBAh3Zqa,PANTS,2020-03-09,1583766000
2455,R_2eaIHfPqBAh3Zqa,NUTRITIONAL_SUPPLEMENT,2020-03-09,1583766000
2456,R_2q2hekIiutgInrE,BATTERY,2020-03-09,1583766000
2457,R_2qqJ2Suzi2b36gJ,GUN_SUPPORT,2020-03-09,1583766000
2458,R_2ri4RVtvkxnZzHj,ABIS_BOOK,2020-03-09,1583766000
2459,R_2ri4RVtvkxnZzHj,SNACK_FOOD_BAR,2020-03-09,1583766000
2460,R_2ri4RVtvkxnZzHj,BATTERY,2020-03-09,1583766000
2461,R_2sbf0hqTGFb880u,MEDICATION,2020-03-09,1583766000
2462,R_2t3ifk3xBqzIWG9,PANTS,2020-03-09,1583766000
2463,R_2t3ifk3xBqzIWG9,SKIN_MOISTURIZER,2020-03-09,1583766000
2464,R_2wagDt0ZaSu1p8q,SHIRT,2020-03-09,1583766000
2465,R_2woyYEH5qlAG264,PET_FOOD,2020-03-09,1583766000
2466,R_2woyYEH5qlAG264,LIP_COLOR,2020-03-09,1583766000
2467,R_31ZxYxyOSie94bK,DRINK_FLAVORED,2020-03-09,1583766000
2468,R_31ZxYxyOSie94bK,GROCERY,2020-03-09,1583766000
2469,R_31ZxYxyOSie94bK,BODY_DEODORANT,2020-03-09,1583766000
2470,R_31ZxYxyOSie94bK,SKIN_CLEANING_AGENT,2020-03-09,1583766000
2471,R_31ZxYxyOSie94bK,PET_FOOD,2020-03-09,1583766000
2472,R_31ZxYxyOSie94bK,TOYS_AND_GAMES,2020-03-09,1583766000
2473,R_31ZxYxyOSie94bK,PERSONAL_FRAGRANCE,2020-03-09,1583766000
2474,R_31ZxYxyOSie94bK,WALLET,2020-03-09,1583766000
2475,R_31ZxYxyOSie94bK,SPRAY_BOTTLE,2020-03-09,1583766000
2476,R_31ZxYxyOSie94bK,BATTERY,2020-03-09,1583766000
2477,R_31ZxYxyOSie94bK,SKIN_MOISTURIZER,2020-03-09,1583766000
2478,R_31ZxYxyOSie94bK,GROCERY,2020-03-09,1583766000
2479,R_31ZxYxyOSie94bK,DRINK_FLAVORED,2020-03-09,1583766000
2480,R_31ZxYxyOSie94bK,WILDLIFE_FEEDER,2020-03-09,1583766000
2481,R_31ZxYxyOSie94bK,HEALTH_PERSONAL_CARE,2020-03-09,1583766000
2482,R_325wNEypLBLRTf7,HARDWARE_TUBING,2020-03-09,1583766000
2483,R_325wPQDFbzpv3zZ,RING,2020-03-09,1583766000
2484,R_32LAHRoBCbjkYZj,MATTRESS_COVER,2020-03-09,1583766000
2485,R_32MgYCncUh7NkQE,SHOES,2020-03-09,1583766000
2486,R_32MgYCncUh7NkQE,CELLULAR_PHONE_CASE,2020-03-09,1583766000
2487,R_32MgYCncUh7NkQE,SKIN_MOISTURIZER,2020-03-09,1583766000
2488,R_32Mm71oAJq2K9XK,VITAMIN,2020-03-09,1583766000
2489,R_32Mm71oAJq2K9XK,GROCERY,2020-03-09,1583766000
2490,R_32Mm71oAJq2K9XK,VITAMIN,2020-03-09,1583766000
2491,R_32Mm71oAJq2K9XK,ELECTRONIC_CABLE,2020-03-09,1583766000
2492,R_32Mm71oAJq2K9XK,ELECTRONIC_CABLE,2020-03-09,1583766000
2493,R_32Mm71oAJq2K9XK,LAWN_MOWER,2020-03-09,1583766000
2494,R_32Mm71oAJq2K9XK,ABIS_BOOK,2020-03-09,1583766000
2495,R_32Mm71oAJq2K9XK,GROCERY,2020-03-09,1583766000
2496,R_32Mm71oAJq2K9XK,HEALTH_PERSONAL_CARE,2020-03-09,1583766000
2497,R_32Mm71oAJq2K9XK,SHOES,2020-03-09,1583766000
2498,R_32Mm71oAJq2K9XK,GROCERY,2020-03-09,1583766000
2499,R_32Mm71oAJq2K9XK,DRYING_RACK,2020-03-09,1583766000
2500,R_32Mm71oAJq2K9XK,DRYING_RACK,2020-03-09,1583766000
2501,R_32Mm71oAJq2K9XK,ABIS_BOOK,2020-03-09,1583766000
2502,R_32Mm71oAJq2K9XK,LEAF_BLOWER,2020-03-09,1583766000
2503,R_32Mm71oAJq2K9XK,CRAFT_BEAD,2020-03-09,1583766000
2504,R_32Mm71oAJq2K9XK,SKIN_CLEANING_AGENT,2020-03-09,1583766000
2505,R_32Mm71oAJq2K9XK,CELLULAR_PHONE_CASE,2020-03-09,1583766000
2506,R_32UZncFA03IrQwQ,SOLDERING_IRON,2020-03-09,1583766000
2507,R_32VcKmw1biSyknq,TEETHER,2020-03-09,1583766000
2508,R_32VcKmw1biSyknq,SKIN_MOISTURIZER,2020-03-09,1583766000
2509,R_32VcKmw1biSyknq,SOIL_TILLER_CULTIVATOR,2020-03-09,1583766000
2510,R_32VcKmw1biSyknq,BATTERY,2020-03-09,1583766000
2511,R_32WvdLjYpicai6o,ELECTRONIC_CABLE,2020-03-09,1583766000
2512,R_333cPUAJRgYXqi1,TOYS_AND_GAMES,2020-03-09,1583766000
2513,R_333cPUAJRgYXqi1,MEDICATION,2020-03-09,1583766000
2514,R_333cPUAJRgYXqi1,VITAMIN,2020-03-09,1583766000
2515,R_3G1gYo1d23Zq8Np,TRAMPOLINE,2020-03-09,1583766000
2516,R_3G1gYo1d23Zq8Np,PET_FOOD,2020-03-09,1583766000
2517,R_3G1gYo1d23Zq8Np,ORTHOPEDIC_BRACE,2020-03-09,1583766000
2518,R_3G1gYo1d23Zq8Np,TRASH_CAN,2020-03-09,1583766000
2519,R_3G1gYo1d23Zq8Np,SKIN_CLEANING_WIPE,2020-03-09,1583766000
2520,R_3GD1CL4OyjglmbZ,CONFETTI,2020-03-09,1583766000
2521,R_3Ge2RzIsoM2g5lL,POWER_SUPPLY,2020-03-09,1583766000
2522,R_3GiFHVWzYKHT1F5,SNACK_FOOD_BAR,2020-03-09,1583766000
2523,R_3J8UIMbwljBx6df,SHIPPING_BOX,2020-03-09,1583766000
2524,R_3Jxiicg67etW2yt,SKIN_MOISTURIZER,2020-03-09,1583766000
2525,R_3LXRVZSdJiqH63S,SCREEN_PROTECTOR,2020-03-09,1583766000
2526,R_3M0euO2kPnoHrdt,HEALTH_PERSONAL_CARE,2020-03-09,1583766000
2527,R_3M0euO2kPnoHrdt,MEDICATION,2020-03-09,1583766000
2528,R_3MMW2ivCFCtjHIe,SKIN_MOISTURIZER,2020-03-09,1583766000
2529,R_3MMW2ivCFCtjHIe,TOOTH_WHITENER,2020-03-09,1583766000
2530,R_3MMW2ivCFCtjHIe,SAUCE,2020-03-09,1583766000
2531,R_3MhBAq6V6XHU9ln,SCREEN_PROTECTOR,2020-03-09,1583766000
2532,R_3MyEdXOZ8P75S1V,GROCERY,2020-03-09,1583766000
2533,R_3MyEdXOZ8P75S1V,CELLULAR_PHONE_CASE,2020-03-09,1583766000
2534,R_3MyEdXOZ8P75S1V,CELLULAR_PHONE_CASE,2020-03-09,1583766000
2535,R_3OcPFnYHBC8wrZe,SCREEN_PROTECTOR,2020-03-09,1583766000
2536,R_3OcPFnYHBC8wrZe,SKIN_MOISTURIZER,2020-03-09,1583766000
2537,R_3PUi8o2if0JqKfl,SCREEN_PROTECTOR,2020-03-09,1583766000
2538,R_3fB1NIeE1OGUd72,NUTRITIONAL_SUPPLEMENT,2020-03-09,1583766000
2539,R_3fB1NIeE1OGUd72,SHIRT,2020-03-09,1583766000
2540,R_3fB1NIeE1OGUd72,SHARPS_DISPOSAL_CONTAINER,2020-03-09,1583766000
2541,R_3fB1NIeE1OGUd72,GROCERY,2020-03-09,1583766000
2542,R_3fB1NIeE1OGUd72,SNACK_FOOD_BAR,2020-03-09,1583766000
2543,R_3fB1NIeE1OGUd72,ABIS_BOOK,2020-03-09,1583766000
2544,R_3fB1NIeE1OGUd72,HOME_ORGANIZERS_AND_STORAGE,2020-03-09,1583766000
2545,R_3fB1NIeE1OGUd72,CLEANING_AGENT,2020-03-09,1583766000
2546,R_3fBmKcLTAgFITMo,SCREEN_PROTECTOR,2020-03-09,1583766000
2547,R_3fBmKcLTAgFITMo,SHOES,2020-03-09,1583766000
2548,R_3fBmKcLTAgFITMo,PICKLE,2020-03-09,1583766000
2549,R_3fBmKcLTAgFITMo,NUTRITIONAL_SUPPLEMENT,2020-03-09,1583766000
2550,R_3fBmKcLTAgFITMo,PIPET,2020-03-09,1583766000
2551,R_3fBmKcLTAgFITMo,VITAMIN,2020-03-09,1583766000
2552,R_3ixOwXLuUfjiWS8,PHYSICAL_MOVIE,2020-03-09,1583766000
2553,R_3ixOwXLuUfjiWS8,BIOMETRIC_MONITOR,2020-03-09,1583766000
2554,R_3ixOwXLuUfjiWS8,NUTRITIONAL_SUPPLEMENT,2020-03-09,1583766000
2555,R_3ixOwXLuUfjiWS8,TOYS_AND_GAMES,2020-03-09,1583766000
2556,R_3ixOwXLuUfjiWS8,SAUTE_FRY_PAN,2020-03-09,1583766000
2557,R_3iydBpfsKD9jRTq,MINERAL_SUPPLEMENT,2020-03-09,1583766000
2558,R_3iydBpfsKD9jRTq,CELLULAR_PHONE_CASE,2020-03-09,1583766000
2559,R_3iydBpfsKD9jRTq,SNACK_FOOD_BAR,2020-03-09,1583766000
2560,R_3iydBpfsKD9jRTq,PANTS,2020-03-09,1583766000
2561,R_3lXswIAy7Qq6UEZ,NOISE_MACHINE,2020-03-09,1583766000
2562,R_3lXswIAy7Qq6UEZ,HEADPHONES,2020-03-09,1583766000
2563,R_3n5zOvmozURNzXz,HEALTH_PERSONAL_CARE,2020-03-09,1583766000
2564,R_3n5zOvmozURNzXz,HEALTH_PERSONAL_CARE,2020-03-09,1583766000
2565,R_3rZHdmB75jSgwhr,BUTTER_DISH,2020-03-09,1583766000
2566,R_3socPWD3wXD0iDP,PET_FOOD,2020-03-09,1583766000
2567,R_4ONrU60VenuwARr,TOYS_AND_GAMES,2020-03-09,1583766000
2568,R_6SbhJD23U5a2YJX,INTEGRATED_STEREO_SYSTEM,2020-03-09,1583766000
2569,R_6SbhJD23U5a2YJX,ELECTRONIC_CABLE,2020-03-09,1583766000
2570,R_6SbhJD23U5a2YJX,BATTERY,2020-03-09,1583766000
2571,R_8CXcySQawXPuJwJ,BLADED_FOOD_PEELER,2020-03-09,1583766000
2572,R_8CXcySQawXPuJwJ,VITAMIN,2020-03-09,1583766000
2573,R_9ppTjfBQZZs42WJ,NOODLE,2020-03-09,1583766000
2574,R_9ppTjfBQZZs42WJ,HEADPHONES,2020-03-09,1583766000
2575,R_Ap2HcvpPLRDJv9L,NOODLE,2020-03-09,1583766000
2576,R_Ap2HcvpPLRDJv9L,ABIS_BOOK,2020-03-09,1583766000
2577,R_Ap2HcvpPLRDJv9L,FITNESS_STEPPER,2020-03-09,1583766000
2578,R_Ap2HcvpPLRDJv9L,HEADPHONES,2020-03-09,1583766000
2579,R_Ap2HcvpPLRDJv9L,ABIS_BOOK,2020-03-09,1583766000
2580,R_Ap2HcvpPLRDJv9L,SKIN_MOISTURIZER,2020-03-09,1583766000
2581,R_Ap2HcvpPLRDJv9L,ELECTRONIC_CABLE,2020-03-09,1583766000
2582,R_Ap2HcvpPLRDJv9L,SCREEN_PROTECTOR,2020-03-09,1583766000
2583,R_Ap2HcvpPLRDJv9L,VIDEO_GAME_CONSOLE,2020-03-09,1583766000
2584,R_Ap2HcvpPLRDJv9L,SCREEN_PROTECTOR,2020-03-09,1583766000
2585,R_Ap2HcvpPLRDJv9L,SHELLFISH,2020-03-09,1583766000
2586,R_Ap2HcvpPLRDJv9L,ELECTRONIC_CABLE,2020-03-09,1583766000
2587,R_Ap2HcvpPLRDJv9L,CHARM,2020-03-09,1583766000
2588,R_Ap2HcvpPLRDJv9L,SHIRT,2020-03-09,1583766000
2589,R_Ap2HcvpPLRDJv9L,CURTAIN,2020-03-09,1583766000
2590,R_Ap2HcvpPLRDJv9L,PANTS,2020-03-09,1583766000
2591,R_Ap2HcvpPLRDJv9L,WALLET,2020-03-09,1583766000
2592,R_Ap2HcvpPLRDJv9L,VITAMIN,2020-03-09,1583766000
2593,R_Ap2HcvpPLRDJv9L,SKIN_MOISTURIZER,2020-03-09,1583766000
2594,R_Ap2HcvpPLRDJv9L,VITAMIN,2020-03-09,1583766000
2595,R_Ap2HcvpPLRDJv9L,PET_FOOD,2020-03-09,1583766000
2596,R_Ap2HcvpPLRDJv9L,PET_FOOD,2020-03-09,1583766000
2597,R_BWhnv4EdbhSS6rf,HEALTH_PERSONAL_CARE,2020-03-09,1583766000
2598,R_D8LcojwusttCWaJ,SCREEN_PROTECTOR,2020-03-09,1583766000
2599,R_D8LcojwusttCWaJ,SOUND_AND_RECORDING_EQUIPMENT,2020-03-09,1583766000
2600,R_D8LcojwusttCWaJ,NUTRITIONAL_SUPPLEMENT,2020-03-09,1583766000
2601,R_D8LcojwusttCWaJ,SCREEN_PROTECTOR,2020-03-09,1583766000
2602,R_D8LcojwusttCWaJ,SCREEN_PROTECTOR,2020-03-09,1583766000
2603,R_D8LcojwusttCWaJ,SCREEN_PROTECTOR,2020-03-09,1583766000
2604,R_D8LcojwusttCWaJ,SEXUAL_STIMULATION_DEVICE,2020-03-09,1583766000
2605,R_D8LcojwusttCWaJ,CONCENTRATED_FLAVORING_SUBSTANCE,2020-03-09,1583766000
2606,R_DM3u1ro7eb4ws93,BOTTLE_STOPPER,2020-03-09,1583766000
2607,R_DM3u1ro7eb4ws93,VITAMIN,2020-03-09,1583766000
2608,R_DM3u1ro7eb4ws93,SKIN_CLEANING_AGENT,2020-03-09,1583766000
2609,R_DM3u1ro7eb4ws93,SCREEN_PROTECTOR,2020-03-09,1583766000
2610,R_DM3u1ro7eb4ws93,SNACK_FOOD_BAR,2020-03-09,1583766000
2611,R_DM3u1ro7eb4ws93,PHYSICAL_MOVIE,2020-03-09,1583766000
2612,R_Og8sDefGp0SvLl7,BATTERY,2020-03-09,1583766000
2613,R_Og8sDefGp0SvLl7,SNACK_FOOD_BAR,2020-03-09,1583766000
2614,R_Q4ZjTFeyiC5kgQV,BATTERY,2020-03-09,1583766000
2615,R_Q4ZjTFeyiC5kgQV,TOYS_AND_GAMES,2020-03-09,1583766000
2616,R_Q4ZjTFeyiC5kgQV,HEALTH_PERSONAL_CARE,2020-03-09,1583766000
2617,R_Q6WPHvxgbOBjvZ7,ABIS_BOOK,2020-03-09,1583766000
2618,R_RPudbSO1mm9KZSp,HEALTH_PERSONAL_CARE,2020-03-09,1583766000
2619,R_UWlLZdb69GeLobf,ELECTRONIC_CABLE,2020-03-09,1583766000
2620,R_UiGJcgWtDtZPfih,GROCERY,2020-03-09,1583766000
2621,R_XwiCirQyfwJzVtv,ABIS_BOOK,2020-03-09,1583766000
2622,R_XwiCirQyfwJzVtv,SKIN_EXFOLIANT,2020-03-09,1583766000
2623,R_Y3PPLmdNg6NnwZz,SHOES,2020-03-09,1583766000
2624,R_ZeqLnp8IZFNzHMt,AIR_PUMP,2020-03-09,1583766000
2625,R_ZeqLnp8IZFNzHMt,BRASS_AND_WOODWIND_INSTRUMENTS,2020-03-09,1583766000
2626,R_Zw0unpmWGOSsWEF,THERMOMETER,2020-03-09,1583766000
2627,R_b3dSUlk76L0C6TD,SNACK_FOOD_BAR,2020-03-09,1583766000
2628,R_b3dSUlk76L0C6TD,CLOTHES_RACK,2020-03-09,1583766000
2629,R_b3dSUlk76L0C6TD,HEADPHONES,2020-03-09,1583766000
2630,R_b3dSUlk76L0C6TD,FLAVORED_DRINK_CONCENTRATE,2020-03-09,1583766000
2631,R_b3dSUlk76L0C6TD,COFFEE,2020-03-09,1583766000
2632,R_b3dSUlk76L0C6TD,AREA_DEODORIZER,2020-03-09,1583766000
2633,R_b3dSUlk76L0C6TD,PHYSICAL_MOVIE,2020-03-09,1583766000
2634,R_b3dSUlk76L0C6TD,SCREEN_PROTECTOR,2020-03-09,1583766000
2635,R_b3dSUlk76L0C6TD,HEALTH_PERSONAL_CARE,2020-03-09,1583766000
2636,R_b3dSUlk76L0C6TD,AREA_DEODORIZER,2020-03-09,1583766000
2637,R_b8UnkZJoU93ZxEB,SHIRT,2020-03-09,1583766000
2638,R_b8UnkZJoU93ZxEB,PET_FOOD,2020-03-09,1583766000
2639,R_b8UnkZJoU93ZxEB,SPEAKERS,2020-03-09,1583766000
2640,R_bJI8lmXMZWL6oql,DRY_SHAMPOO,2020-03-09,1583766000
2641,R_bJI8lmXMZWL6oql,ENVELOPE,2020-03-09,1583766000
2642,R_bJI8lmXMZWL6oql,VITAMIN,2020-03-09,1583766000
2643,R_bPzwAFdlVaA87Vn,UNDERPANTS,2020-03-09,1583766000
2644,R_bw2nQ0iRh2wCa8p,NUTRITIONAL_SUPPLEMENT,2020-03-09,1583766000
2645,R_bw2nQ0iRh2wCa8p,PET_FOOD,2020-03-09,1583766000
2646,R_bw2nQ0iRh2wCa8p,SHIRT,2020-03-09,1583766000
2647,R_ctNHcxd3vRvndXH,CELLULAR_PHONE_CASE,2020-03-09,1583766000
2648,R_d5O7dqvA1EWCrPb,NUTRITIONAL_SUPPLEMENT,2020-03-09,1583766000
2649,R_e8KTElZZLWryLWp,SKIN_CLEANING_AGENT,2020-03-09,1583766000
2650,R_e8KTElZZLWryLWp,SKIN_CLEANING_AGENT,2020-03-09,1583766000
2651,R_e8KTElZZLWryLWp,SKIN_CLEANING_AGENT,2020-03-09,1583766000
2652,R_e8KTElZZLWryLWp,VITAMIN,2020-03-09,1583766000
2653,R_e8KTElZZLWryLWp,MEDICATION,2020-03-09,1583766000
2654,R_e8KTElZZLWryLWp,SHOES,2020-03-09,1583766000
2655,R_e8KTElZZLWryLWp,WATER,2020-03-09,1583766000
2656,R_eOMCliqYqUD4oOR,GROCERY,2020-03-09,1583766000
2657,R_pRWnSKTREPIwpSF,HANGING_ORNAMENT,2020-03-09,1583766000
2658,R_r1oTDkv1OlGnNuN,TOYS_AND_GAMES,2020-03-09,1583766000
2659,R_rqK6K6zDsynoZHP,UNDERWEAR,2020-03-09,1583766000
2660,R_tJNLenUlMH5f4el,WALLET,2020-03-09,1583766000
2661,R_u94bdSj5JBe7WZb,SKIN_CLEANING_AGENT,2020-03-09,1583766000
2662,R_u94bdSj5JBe7WZb,PHYSICAL_MOVIE,2020-03-09,1583766000
2663,R_u94bdSj5JBe7WZb,HEALTH_PERSONAL_CARE,2020-03-09,1583766000
2664,R_u94bdSj5JBe7WZb,SKIN_CLEANING_AGENT,2020-03-09,1583766000
2665,R_u99XwBV1boyooXT,SKIN_MOISTURIZER,2020-03-09,1583766000
2666,R_vCykMx1wpGTjjTb,SHOE_POLISH,2020-03-09,1583766000
2667,R_vCykMx1wpGTjjTb,SHOE_POLISH,2020-03-09,1583766000
2668,R_vCykMx1wpGTjjTb,BATTERY,2020-03-09,1583766000
2669,R_vCykMx1wpGTjjTb,ELECTRICAL_OUTLET,2020-03-09,1583766000
2670,R_vCykMx1wpGTjjTb,PARTY_FAVOR,2020-03-09,1583766000
2671,R_vCykMx1wpGTjjTb,BATTERY,2020-03-09,1583766000
2672,R_vCykMx1wpGTjjTb,LIGHT_BULB_SOCKET,2020-03-09,1583766000
2673,R_vCykMx1wpGTjjTb,ABIS_BOOK,2020-03-09,1583766000
2674,R_vCykMx1wpGTjjTb,GROCERY,2020-03-09,1583766000
2675,R_vCykMx1wpGTjjTb,PARTY_FAVOR,2020-03-09,1583766000
2676,R_vCykMx1wpGTjjTb,PET_FOOD,2020-03-09,1583766000
2677,R_vCykMx1wpGTjjTb,HARDWARE_CLAMP_VISE,2020-03-09,1583766000
2678,R_x0hVvTTXGQY9FRf,SKIN_MOISTURIZER,2020-03-09,1583766000
2679,R_xzt7BAlQUA8iNyh,PUMP_DISPENSER,2020-03-09,1583766000
2680,R_xzt7BAlQUA8iNyh,NUTRITIONAL_SUPPLEMENT,2020-03-09,1583766000
2681,R_xzt7BAlQUA8iNyh,SNACK_FOOD_BAR,2020-03-09,1583766000
2682,R_xzt7BAlQUA8iNyh,HEADPHONES,2020-03-09,1583766000
2683,R_yC5ffbdBLVi93Pz,BODY_POSITIONER,2020-03-09,1583766000
2684,R_yC5ffbdBLVi93Pz,APPAREL_PIN,2020-03-09,1583766000
2685,R_yC5ffbdBLVi93Pz,STICKER_DECAL,2020-03-09,1583766000
2686,R_zTi3j2QuqAzr7NL,VITAMIN,2020-03-09,1583766000
2687,R_10CAlrx7dbJty9R,SHOES,2020-03-10,1583852400
2688,R_10wSqGFumZGSTmH,DRILL_BITS,2020-03-10,1583852400
2689,R_10wSqGFumZGSTmH,ABIS_BOOK,2020-03-10,1583852400
2690,R_10wSqGFumZGSTmH,SHOES,2020-03-10,1583852400
2691,R_10wSqGFumZGSTmH,CELLULAR_PHONE_CASE,2020-03-10,1583852400
2692,R_10wSqGFumZGSTmH,INDUSTRIAL_CASTERS,2020-03-10,1583852400
2693,R_10wSqGFumZGSTmH,CONTAINER_LID,2020-03-10,1583852400
2694,R_129jUlsvVcVBDur,PET_FOOD,2020-03-10,1583852400
2695,R_129jUlsvVcVBDur,SELF_STICK_NOTE,2020-03-10,1583852400
2696,R_1C4tcyEfmcsKI9X,BED,2020-03-10,1583852400
2697,R_1C4tcyEfmcsKI9X,BATTERY,2020-03-10,1583852400
2698,R_1C4tcyEfmcsKI9X,BED,2020-03-10,1583852400
2699,R_1Cd5zmz07X5BqKa,OUTDOOR_LIVING,2020-03-10,1583852400
2700,R_1Cd5zmz07X5BqKa,PLANTER,2020-03-10,1583852400
2701,R_1Cd5zmz07X5BqKa,MEDICATION,2020-03-10,1583852400
2702,R_1Fyt6rHyiQcVOT8,PHYSICAL_MOVIE,2020-03-10,1583852400
2703,R_1GVN63HjPpVXPEx,SPIRITS,2020-03-10,1583852400
2704,R_1KloshKwV8MUAx4,EYELID_COLOR,2020-03-10,1583852400
2705,R_1Kru2C0Zf28ZbQ0,PULL_UP_BAR,2020-03-10,1583852400
2706,R_1KxVDxZl2H0XoHS,OFFICE_ELECTRONICS,2020-03-10,1583852400
2707,R_1LRR1P5IQqdSvIP,GRAVITY_BEVERAGE_DISPENSER,2020-03-10,1583852400
2708,R_1LRR1P5IQqdSvIP,NUTRITIONAL_SUPPLEMENT,2020-03-10,1583852400
2709,R_1MY7yxvExjQWTkv,HEALTH_PERSONAL_CARE,2020-03-10,1583852400
2710,R_1NgAWSeub1pgOGj,GROCERY,2020-03-10,1583852400
2711,R_1QupmKjSh9fA4l4,NUTRITIONAL_SUPPLEMENT,2020-03-10,1583852400
2712,R_1dAhJdFXHV5xmMG,DECORATIVE_SIGNAGE,2020-03-10,1583852400
2713,R_1dAhJdFXHV5xmMG,TOYS_AND_GAMES,2020-03-10,1583852400
2714,R_1daE3vUDxFrSw4I,ELECTRONIC_CABLE,2020-03-10,1583852400
2715,R_1dppjLIFEdj7Kq5,PALETTE_PUTTY_KNIFE,2020-03-10,1583852400
2716,R_1dppjLIFEdj7Kq5,CELLULAR_PHONE_CASE,2020-03-10,1583852400
2717,R_1eEsLZ6SYLsIG0s,SHIRT,2020-03-10,1583852400
2718,R_1eLARPfQt7BNOE7,TOY_FIGURE,2020-03-10,1583852400
2719,R_1eLARPfQt7BNOE7,BRA,2020-03-10,1583852400
2720,R_1eLARPfQt7BNOE7,RING,2020-03-10,1583852400
2721,R_1eLARPfQt7BNOE7,MATTRESS_COVER,2020-03-10,1583852400
2722,R_1gU6N4NRSwc9ONd,COSMETIC_POWDER,2020-03-10,1583852400
2723,R_1hLPyY3aamfi3xT,ELECTRONIC_CABLE,2020-03-10,1583852400
2724,R_1lfNYOmsEIqOn65,CELLULAR_PHONE_CASE,2020-03-10,1583852400
2725,R_1lfNYOmsEIqOn65,ABIS_BOOK,2020-03-10,1583852400
2726,R_1lfNYOmsEIqOn65,SPORT_BAT,2020-03-10,1583852400
2727,R_1lsgykNxEU4BXTI,SKIN_CLEANING_AGENT,2020-03-10,1583852400
2728,R_1lsgykNxEU4BXTI,SNACK_FOOD_BAR,2020-03-10,1583852400
2729,R_1lsgykNxEU4BXTI,SWING,2020-03-10,1583852400
2730,R_1obwpb6iowh7vew,EYEGLASS_FRAME,2020-03-10,1583852400
2731,R_1obwpb6iowh7vew,HEALTH_PERSONAL_CARE,2020-03-10,1583852400
2732,R_1obwpb6iowh7vew,GROCERY,2020-03-10,1583852400
2733,R_1q4eVtHN10S5gPB,PHYSICAL_MOVIE,2020-03-10,1583852400
2734,R_1q4eVtHN10S5gPB,ABIS_BOOK,2020-03-10,1583852400
2735,R_1q4eVtHN10S5gPB,PANTS,2020-03-10,1583852400
2736,R_1r8u9f1vT8Y3HrC,PANTS,2020-03-10,1583852400
2737,R_1r8u9f1vT8Y3HrC,SNACK_FOOD_BAR,2020-03-10,1583852400
2738,R_1zVJnDAfoFLamOd,DOORSTOP,2020-03-10,1583852400
2739,R_1zVJnDAfoFLamOd,SHAMPOO,2020-03-10,1583852400
2740,R_1zVJnDAfoFLamOd,WEAPON_CASE,2020-03-10,1583852400
2741,R_1zVJnDAfoFLamOd,PANTS,2020-03-10,1583852400
2742,R_1zVJnDAfoFLamOd,SHOES,2020-03-10,1583852400
2743,R_20ON9TjJWV64IZO,FIGURINE,2020-03-10,1583852400
2744,R_20Yd9DvrGselmZY,ANIMAL_CAGE,2020-03-10,1583852400
2745,R_20Yd9DvrGselmZY,SKIN_CLEANING_AGENT,2020-03-10,1583852400
2746,R_20Yd9DvrGselmZY,MEDICATION,2020-03-10,1583852400
2747,R_20Yd9DvrGselmZY,ELECTRONIC_CABLE,2020-03-10,1583852400
2748,R_240KbZJVsY6fEEJ,SHOES,2020-03-10,1583852400
2749,R_240KbZJVsY6fEEJ,ELECTRONIC_CABLE,2020-03-10,1583852400
2750,R_240KbZJVsY6fEEJ,PET_FOOD,2020-03-10,1583852400
2751,R_240KbZJVsY6fEEJ,PANTS,2020-03-10,1583852400
2752,R_240KbZJVsY6fEEJ,SKIN_PROTECTANT,2020-03-10,1583852400
2753,R_240KbZJVsY6fEEJ,NASAL_ASPIRATOR,2020-03-10,1583852400
2754,R_240KbZJVsY6fEEJ,PANTS,2020-03-10,1583852400
2755,R_24MKoSmvuiLEI76,MEDICATION,2020-03-10,1583852400
2756,R_24MKoSmvuiLEI76,MEAL_HOLDER,2020-03-10,1583852400
2757,R_24MKoSmvuiLEI76,SNACK_FOOD_BAR,2020-03-10,1583852400
2758,R_24MKoSmvuiLEI76,SKIN_MOISTURIZER,2020-03-10,1583852400
2759,R_24csoaO569P4Yzz,HEADPHONES,2020-03-10,1583852400
2760,R_24csoaO569P4Yzz,GROCERY,2020-03-10,1583852400
2761,R_24csoaO569P4Yzz,SYRUP,2020-03-10,1583852400
2762,R_27B5jMHYqArQV6X,PORTABLE_AUDIO,2020-03-10,1583852400
2763,R_2BsOEd1kkGunQti,SCREEN_PROTECTOR,2020-03-10,1583852400
2764,R_2BsOEd1kkGunQti,HEADPHONES,2020-03-10,1583852400
2765,R_2BsOEd1kkGunQti,ABIS_BOOK,2020-03-10,1583852400
2766,R_2BsOEd1kkGunQti,CYCLING_COMPUTER,2020-03-10,1583852400
2767,R_2BsOEd1kkGunQti,ANTI_FATIGUE_FLOOR_MAT,2020-03-10,1583852400
2768,R_2QM76i5yRebcpiD,SHIRT,2020-03-10,1583852400
2769,R_2QM76i5yRebcpiD,TOYS_AND_GAMES,2020-03-10,1583852400
2770,R_2QM76i5yRebcpiD,WATCH,2020-03-10,1583852400
2771,R_2QM76i5yRebcpiD,VITAMIN,2020-03-10,1583852400
2772,R_2QM76i5yRebcpiD,GROCERY,2020-03-10,1583852400
2773,R_2QM76i5yRebcpiD,HEADPHONES,2020-03-10,1583852400
2774,R_2QQl58nFfrZayxf,HEALTH_PERSONAL_CARE,2020-03-10,1583852400
2775,R_2QRMdwLStyElYoU,FOOD,2020-03-10,1583852400
2776,R_2RUDh7piHU7frzt,KITCHEN,2020-03-10,1583852400
2777,R_2UgruQ1jzpNXLQZ,FACE_SHIELD,2020-03-10,1583852400
2778,R_2UgruQ1jzpNXLQZ,FACE_SHIELD,2020-03-10,1583852400
2779,R_2UgruQ1jzpNXLQZ,SHOES,2020-03-10,1583852400
2780,R_2UgruQ1jzpNXLQZ,SANITARY_NAPKIN,2020-03-10,1583852400
2781,R_2UgruQ1jzpNXLQZ,SEXUAL_STIMULATION_DEVICE,2020-03-10,1583852400
2782,R_2UgruQ1jzpNXLQZ,PANTS,2020-03-10,1583852400
2783,R_2UgruQ1jzpNXLQZ,SHOES,2020-03-10,1583852400
2784,R_2UgruQ1jzpNXLQZ,NETWORK_INTERFACE_CONTROLLER_ADAPTER,2020-03-10,1583852400
2785,R_2WVIxBGaj1uOr8S,ABIS_BOOK,2020-03-10,1583852400
2786,R_2WVIxBGaj1uOr8S,HEADPHONES,2020-03-10,1583852400
2787,R_2Xj7LtCe2Mt8jNi,WIRELESS_ACCESSORY,2020-03-10,1583852400
2788,R_2YKPfnktaDrPIYT,MEDICATION,2020-03-10,1583852400
2789,R_2YKPfnktaDrPIYT,NAIL_POWDER,2020-03-10,1583852400
2790,R_2YKPfnktaDrPIYT,SHIRT,2020-03-10,1583852400
2791,R_2YKPfnktaDrPIYT,NAIL_POWDER,2020-03-10,1583852400
2792,R_2YKPfnktaDrPIYT,PET_FOOD,2020-03-10,1583852400
2793,R_2YLHuI0WiiWMbKI,GARDEN_TOOL_SET,2020-03-10,1583852400
2794,R_2YLHuI0WiiWMbKI,GARDEN_TOOL_SET,2020-03-10,1583852400
2795,R_2YR2Yn7wGzAeAj0,PAPER_TOWEL,2020-03-10,1583852400
2796,R_2YR2Yn7wGzAeAj0,MEDICATION,2020-03-10,1583852400
2797,R_2ZEoREY3x7s7zEM,PHYSICAL_MOVIE,2020-03-10,1583852400
2798,R_2ZOgImZ5BSZcQoz,SNACK_FOOD_BAR,2020-03-10,1583852400
2799,R_2cvmrv8q51q8yh1,PANTS,2020-03-10,1583852400
2800,R_2cvmrv8q51q8yh1,SHIRT,2020-03-10,1583852400
2801,R_2dmZyPIDedcDR2J,SHIRT,2020-03-10,1583852400
2802,R_2dvh9tu7PLPeipE,INDOOR_GROW_ENCLOSURE,2020-03-10,1583852400
2803,R_2q2hekIiutgInrE,HEALTH_PERSONAL_CARE,2020-03-10,1583852400
2804,R_2q2hekIiutgInrE,BATTERY,2020-03-10,1583852400
2805,R_2q2hekIiutgInrE,PET_FOOD,2020-03-10,1583852400
2806,R_2q2hekIiutgInrE,SHOES,2020-03-10,1583852400
2807,R_2q2hekIiutgInrE,NUTRITIONAL_SUPPLEMENT,2020-03-10,1583852400
2808,R_2q2hekIiutgInrE,VITAMIN,2020-03-10,1583852400
2809,R_2q2hekIiutgInrE,GROCERY,2020-03-10,1583852400
2810,R_2qD8ep8d313iLj4,BATTERY,2020-03-10,1583852400
2811,R_2w6Kv77UCoeyLbP,BARBECUE_GRILL,2020-03-10,1583852400
2812,R_2wagDt0ZaSu1p8q,CONFETTI,2020-03-10,1583852400
2813,R_2wagDt0ZaSu1p8q,MANNEQUIN_CLOTHING_FORM,2020-03-10,1583852400
2814,R_2wagDt0ZaSu1p8q,TOYS_AND_GAMES,2020-03-10,1583852400
2815,R_2wmCdm6ETy6g3k0,PET_FOOD,2020-03-10,1583852400
2816,R_2wmLE1q4FIpfioi,DAIRY_BASED_CHEESE,2020-03-10,1583852400
2817,R_2yjckpDXWcsiLPz,VITAMIN,2020-03-10,1583852400
2818,R_2yjckpDXWcsiLPz,GUITARS,2020-03-10,1583852400
2819,R_30kPg5opkenrGPb,PET_FOOD,2020-03-10,1583852400
2820,R_30kPg5opkenrGPb,TOYS_AND_GAMES,2020-03-10,1583852400
2821,R_30kPg5opkenrGPb,ELECTRONIC_CABLE,2020-03-10,1583852400
2822,R_30kPg5opkenrGPb,SHIRT,2020-03-10,1583852400
2823,R_30kPg5opkenrGPb,PANTS,2020-03-10,1583852400
2824,R_32MgYCncUh7NkQE,CORD_MANAGEMENT_COVER,2020-03-10,1583852400
2825,R_32MgYCncUh7NkQE,SKIN_CLEANING_AGENT,2020-03-10,1583852400
2826,R_32Mm71oAJq2K9XK,CELLULAR_PHONE_CASE,2020-03-10,1583852400
2827,R_32Mm71oAJq2K9XK,HEADPHONES,2020-03-10,1583852400
2828,R_32Mm71oAJq2K9XK,ABIS_BOOK,2020-03-10,1583852400
2829,R_32Mm71oAJq2K9XK,COAT,2020-03-10,1583852400
2830,R_32Mm71oAJq2K9XK,HEALTH_PERSONAL_CARE,2020-03-10,1583852400
2831,R_32Mm71oAJq2K9XK,ELECTRONIC_CABLE,2020-03-10,1583852400
2832,R_32Mm71oAJq2K9XK,PET_FOOD,2020-03-10,1583852400
2833,R_32Mm71oAJq2K9XK,DRYING_RACK,2020-03-10,1583852400
2834,R_32Mm71oAJq2K9XK,SKIN_MOISTURIZER,2020-03-10,1583852400
2835,R_32Mm71oAJq2K9XK,SKIN_MOISTURIZER,2020-03-10,1583852400
2836,R_32Mm71oAJq2K9XK,SNACK_FOOD_BAR,2020-03-10,1583852400
2837,R_32Mm71oAJq2K9XK,PET_FOOD,2020-03-10,1583852400
2838,R_32Mm71oAJq2K9XK,SNACK_FOOD_BAR,2020-03-10,1583852400
2839,R_32Mm71oAJq2K9XK,CELLULAR_PHONE_CASE,2020-03-10,1583852400
2840,R_32Mm71oAJq2K9XK,HEALTH_PERSONAL_CARE,2020-03-10,1583852400
2841,R_32Mm71oAJq2K9XK,ELECTRONIC_CABLE,2020-03-10,1583852400
2842,R_32Mm71oAJq2K9XK,SKIN_CLEANING_AGENT,2020-03-10,1583852400
2843,R_32Mm71oAJq2K9XK,ABIS_BOOK,2020-03-10,1583852400
2844,R_32Mm71oAJq2K9XK,MEDICATION,2020-03-10,1583852400
2845,R_32Mm71oAJq2K9XK,JAR,2020-03-10,1583852400
2846,R_32Mm71oAJq2K9XK,SHIRT,2020-03-10,1583852400
2847,R_32UZncFA03IrQwQ,BATTERY,2020-03-10,1583852400
2848,R_32UZncFA03IrQwQ,KNEE_PAD,2020-03-10,1583852400
2849,R_32UZncFA03IrQwQ,CELLULAR_PHONE_CASE,2020-03-10,1583852400
2850,R_32UZncFA03IrQwQ,ABIS_BOOK,2020-03-10,1583852400
2851,R_32UZncFA03IrQwQ,NUTRITIONAL_SUPPLEMENT,2020-03-10,1583852400
2852,R_32UZncFA03IrQwQ,GARMENT_PROTECTOR_COVER,2020-03-10,1583852400
2853,R_32WvdLjYpicai6o,ABIS_BOOK,2020-03-10,1583852400
2854,R_333cPUAJRgYXqi1,MEDICATION,2020-03-10,1583852400
2855,R_3D0FIkesMnTGsnm,HEALTH_PERSONAL_CARE,2020-03-10,1583852400
2856,R_3D0FIkesMnTGsnm,SNACK_FOOD_BAR,2020-03-10,1583852400
2857,R_3D0FIkesMnTGsnm,ELECTRONIC_CABLE,2020-03-10,1583852400
2858,R_3D0FIkesMnTGsnm,PHYSICAL_MOVIE,2020-03-10,1583852400
2859,R_3D0FIkesMnTGsnm,HOME_FURNITURE_AND_DECOR,2020-03-10,1583852400
2860,R_3EQJpaOtt2aP8HS,GROCERY,2020-03-10,1583852400
2861,R_3Em4Q2OBHB3m5rz,NUTRITIONAL_SUPPLEMENT,2020-03-10,1583852400
2862,R_3GqfePl8gH1VWP1,VITAMIN,2020-03-10,1583852400
2863,R_3GqfePl8gH1VWP1,MASCARA,2020-03-10,1583852400
2864,R_3GqfePl8gH1VWP1,VEHICLE_INTERIOR_SHADE,2020-03-10,1583852400
2865,R_3JFAj4jTW4qftb2,SNACK_FOOD_BAR,2020-03-10,1583852400
2866,R_3JJfhp7Z7vUO8K2,ELECTRONIC_CABLE,2020-03-10,1583852400
2867,R_3JJfhp7Z7vUO8K2,CELLULAR_PHONE_CASE,2020-03-10,1583852400
2868,R_3JJfhp7Z7vUO8K2,PET_FOOD,2020-03-10,1583852400
2869,R_3MnSLQdJkly3wfg,BATTERY,2020-03-10,1583852400
2870,R_3PUi8o2if0JqKfl,SHIRT,2020-03-10,1583852400
2871,R_3PUi8o2if0JqKfl,PHYSICAL_MOVIE,2020-03-10,1583852400
2872,R_3e82J7pYxj5XP7j,VITAMIN,2020-03-10,1583852400
2873,R_3emMy2Kk6GA8xPd,PANTS,2020-03-10,1583852400
2874,R_3emMy2Kk6GA8xPd,SHIRT,2020-03-10,1583852400
2875,R_3emMy2Kk6GA8xPd,MEDICATION,2020-03-10,1583852400
2876,R_3emMy2Kk6GA8xPd,SCREEN_PROTECTOR,2020-03-10,1583852400
2877,R_3emMy2Kk6GA8xPd,PHYSICAL_MOVIE,2020-03-10,1583852400
2878,R_3emMy2Kk6GA8xPd,CYCLING_TIRE_TUBE,2020-03-10,1583852400
2879,R_3emMy2Kk6GA8xPd,SCREEN_PROTECTOR,2020-03-10,1583852400
2880,R_3emMy2Kk6GA8xPd,HEALTH_PERSONAL_CARE,2020-03-10,1583852400
2881,R_3fcOMdQm2jGBLKm,PHYSICAL_VIDEO_GAME_SOFTWARE,2020-03-10,1583852400
2882,R_3fcOMdQm2jGBLKm,SHIRT,2020-03-10,1583852400
2883,R_3fcOMdQm2jGBLKm,MEDICATION,2020-03-10,1583852400
2884,R_3fcOMdQm2jGBLKm,PANTS,2020-03-10,1583852400
2885,R_3g1vpqtwzgBUs93,SCREEN_PROTECTOR,2020-03-10,1583852400
2886,R_3h4JnsfebywTUxX,SCREEN_PROTECTOR,2020-03-10,1583852400
2887,R_3h4JnsfebywTUxX,DRAWER_SLIDE,2020-03-10,1583852400
2888,R_3h4JnsfebywTUxX,PET_FOOD,2020-03-10,1583852400
2889,R_3h4JnsfebywTUxX,SLEEPING_BAG,2020-03-10,1583852400
2890,R_3h4JnsfebywTUxX,SCREEN_PROTECTOR,2020-03-10,1583852400
2891,R_3h4JnsfebywTUxX,SCREEN_PROTECTOR,2020-03-10,1583852400
2892,R_3h4JnsfebywTUxX,3D_PRINTER,2020-03-10,1583852400
2893,R_3h4JnsfebywTUxX,SCREWS,2020-03-10,1583852400
2894,R_3h4JnsfebywTUxX,SHOES,2020-03-10,1583852400
2895,R_3hsFBjto7aXqKY7,TAPE_MEASURE,2020-03-10,1583852400
2896,R_3hsFBjto7aXqKY7,PET_FOOD,2020-03-10,1583852400
2897,R_3hsFBjto7aXqKY7,AUDIO_OR_VIDEO,2020-03-10,1583852400
2898,R_3hsFBjto7aXqKY7,BATTERY,2020-03-10,1583852400
2899,R_3hsFBjto7aXqKY7,BATTERY,2020-03-10,1583852400
2900,R_3hsFBjto7aXqKY7,BATTERY,2020-03-10,1583852400
2901,R_3hsFBjto7aXqKY7,SKIN_CLEANING_AGENT,2020-03-10,1583852400
2902,R_3hsFBjto7aXqKY7,NUTRITIONAL_SUPPLEMENT,2020-03-10,1583852400
2903,R_3hsFBjto7aXqKY7,FABRIC_APPLIQUE_PATCH,2020-03-10,1583852400
2904,R_3jSAmu0UzDwnhQD,PANTS,2020-03-10,1583852400
2905,R_3lXswIAy7Qq6UEZ,VITAMIN,2020-03-10,1583852400
2906,R_3lXswIAy7Qq6UEZ,MEDICATION,2020-03-10,1583852400
2907,R_3m3H4mwZ2snYFua,MACHINE_LUBRICANT,2020-03-10,1583852400
2908,R_3nBJeqR8nle2zSU,PET_FOOD,2020-03-10,1583852400
2909,R_3nH1Odp9Yjm86gN,PHYSICAL_MOVIE,2020-03-10,1583852400
2910,R_3nH1Odp9Yjm86gN,GROCERY,2020-03-10,1583852400
2911,R_3nH1Odp9Yjm86gN,CURTAIN,2020-03-10,1583852400
2912,R_3nH1Odp9Yjm86gN,VEHICLE_SAFETY_CAMERA,2020-03-10,1583852400
2913,R_3nH1Odp9Yjm86gN,ELECTRONIC_CABLE,2020-03-10,1583852400
2914,R_3nH1Odp9Yjm86gN,TOYS_AND_GAMES,2020-03-10,1583852400
2915,R_3nqGVGe1oo00hRC,FERTILIZER,2020-03-10,1583852400
2916,R_3peWF42INuePUWA,DISC_GRINDER_TOOL,2020-03-10,1583852400
2917,R_3peWF42INuePUWA,TIMER,2020-03-10,1583852400
2918,R_3qTFp0FJqUeMhVZ,HEALTH_PERSONAL_CARE,2020-03-10,1583852400
2919,R_3qTFp0FJqUeMhVZ,CYCLING_TIRE,2020-03-10,1583852400
2920,R_3qTFp0FJqUeMhVZ,PHYSICAL_MOVIE,2020-03-10,1583852400
2921,R_3qTFp0FJqUeMhVZ,ABIS_BOOK,2020-03-10,1583852400
2922,R_3qTFp0FJqUeMhVZ,GROCERY,2020-03-10,1583852400
2923,R_3qTFp0FJqUeMhVZ,ARTIFICIAL_TREE,2020-03-10,1583852400
2924,R_3qTFp0FJqUeMhVZ,CYCLING_TIRE,2020-03-10,1583852400
2925,R_3qTFp0FJqUeMhVZ,SKIN_MOISTURIZER,2020-03-10,1583852400
2926,R_3qTFp0FJqUeMhVZ,CYCLING_TIRE,2020-03-10,1583852400
2927,R_3qTFp0FJqUeMhVZ,PANTS,2020-03-10,1583852400
2928,R_3qTFp0FJqUeMhVZ,HEALTH_PERSONAL_CARE,2020-03-10,1583852400
2929,R_3qTFp0FJqUeMhVZ,ABIS_BOOK,2020-03-10,1583852400
2930,R_3qTFp0FJqUeMhVZ,GUN_CLEANING_KIT,2020-03-10,1583852400
2931,R_3qlnIILTEuzSyGe,BATTERY,2020-03-10,1583852400
2932,R_3qlnIILTEuzSyGe,TOYS_AND_GAMES,2020-03-10,1583852400
2933,R_3qlnIILTEuzSyGe,SNACK_FOOD_BAR,2020-03-10,1583852400
2934,R_3qlnIILTEuzSyGe,SKIN_MOISTURIZER,2020-03-10,1583852400
2935,R_3sbM1ke1qD79iaT,BATTERY,2020-03-10,1583852400
2936,R_3sbM1ke1qD79iaT,SPORT_ACTIVITY_GLOVE,2020-03-10,1583852400
2937,R_3socPWD3wXD0iDP,PET_FOOD,2020-03-10,1583852400
2938,R_3socPWD3wXD0iDP,BATTERY,2020-03-10,1583852400
2939,R_3socPWD3wXD0iDP,NAIL_POLISH_REMOVER,2020-03-10,1583852400
2940,R_4ONrU60VenuwARr,SUGAR_CANDY,2020-03-10,1583852400
2941,R_89aTM1JXN8SWr3b,BATTERY,2020-03-10,1583852400
2942,R_89aTM1JXN8SWr3b,SUNSCREEN,2020-03-10,1583852400
2943,R_9ppTjfBQZZs42WJ,PHYSICAL_MOVIE,2020-03-10,1583852400
2944,R_9ppTjfBQZZs42WJ,ABIS_BOOK,2020-03-10,1583852400
2945,R_A5Mg9h1PiJL0Wyd,VITAMIN,2020-03-10,1583852400
2946,R_AKBlDprDMrv4M7v,SKIN_MOISTURIZER,2020-03-10,1583852400
2947,R_ApVmIUhdKhewFtn,PORTABLE_VIDEO_DISC_PLAYER,2020-03-10,1583852400
2948,R_BWAjcs1sKUc6NQl,GROCERY,2020-03-10,1583852400
2949,R_D8LcojwusttCWaJ,SKIN_MOISTURIZER,2020-03-10,1583852400
2950,R_D8LcojwusttCWaJ,PET_FOOD,2020-03-10,1583852400
2951,R_D8LcojwusttCWaJ,TRACK_SUIT,2020-03-10,1583852400
2952,R_D8LcojwusttCWaJ,END_MILLS,2020-03-10,1583852400
2953,R_D8LcojwusttCWaJ,PET_FOOD,2020-03-10,1583852400
2954,R_D8LcojwusttCWaJ,TOYS_AND_GAMES,2020-03-10,1583852400
2955,R_D8LcojwusttCWaJ,END_MILLS,2020-03-10,1583852400
2956,R_D8LcojwusttCWaJ,HOME,2020-03-10,1583852400
2957,R_D8LcojwusttCWaJ,PANTS,2020-03-10,1583852400
2958,R_O6ZX76mggPnAOfD,SHIRT,2020-03-10,1583852400
2959,R_O6ZX76mggPnAOfD,ABIS_BOOK,2020-03-10,1583852400
2960,R_OdTirYYBS6ms6nn,CADDY,2020-03-10,1583852400
2961,R_Og8Cqd3iUgldHRn,SHOES,2020-03-10,1583852400
2962,R_Q4ZjTFeyiC5kgQV,PHYSICAL_MOVIE,2020-03-10,1583852400
2963,R_Q4ZjTFeyiC5kgQV,SCREEN_PROTECTOR,2020-03-10,1583852400
2964,R_Q4ZjTFeyiC5kgQV,MAJOR_HOME_APPLIANCES,2020-03-10,1583852400
2965,R_Q4ZjTFeyiC5kgQV,SCREEN_PROTECTOR,2020-03-10,1583852400
2966,R_Q4ZjTFeyiC5kgQV,WRITING_BOARD,2020-03-10,1583852400
2967,R_Q4ZjTFeyiC5kgQV,ANIMAL_MEDICATION,2020-03-10,1583852400
2968,R_Q4ZjTFeyiC5kgQV,PHYSICAL_MOVIE,2020-03-10,1583852400
2969,R_Q4ZjTFeyiC5kgQV,PET_FOOD,2020-03-10,1583852400
2970,R_Q4ZjTFeyiC5kgQV,GROCERY,2020-03-10,1583852400
2971,R_Q4ZjTFeyiC5kgQV,TOYS_AND_GAMES,2020-03-10,1583852400
2972,R_Q4ZjTFeyiC5kgQV,HEALTH_PERSONAL_CARE,2020-03-10,1583852400
2973,R_SIWNWQmjel55jzP,MEDICAL_COMPRESSION_GARMENT,2020-03-10,1583852400
2974,R_T4THXKAQCwg9ZXb,PANTS,2020-03-10,1583852400
2975,R_UEke64xAaOG3mTf,PANTS,2020-03-10,1583852400
2976,R_UWlLZdb69GeLobf,PANTS,2020-03-10,1583852400
2977,R_XYsrPCXL5N6boad,PANTS,2020-03-10,1583852400
2978,R_XYsrPCXL5N6boad,PHYSICAL_MOVIE,2020-03-10,1583852400
2979,R_XYsrPCXL5N6boad,LADDER,2020-03-10,1583852400
2980,R_XYsrPCXL5N6boad,RULER,2020-03-10,1583852400
2981,R_Y3PPLmdNg6NnwZz,UTILITY_MAGNET,2020-03-10,1583852400
2982,R_Y4Y0rnYYDKTzxM5,GROCERY,2020-03-10,1583852400
2983,R_Y4Y0rnYYDKTzxM5,SCREEN_PROTECTOR,2020-03-10,1583852400
2984,R_Y4Y0rnYYDKTzxM5,SAW_BLADE,2020-03-10,1583852400
2985,R_Y4jCkfTFzvtw5SF,TOYS_AND_GAMES,2020-03-10,1583852400
2986,R_Y4jCkfTFzvtw5SF,CAMERA_TRIPOD,2020-03-10,1583852400
2987,R_afsmqQnUctcdeY9,NUTRITIONAL_SUPPLEMENT,2020-03-10,1583852400
2988,R_cCucjmijTJETC6d,TILE,2020-03-10,1583852400
2989,R_cCucjmijTJETC6d,HEALTH_PERSONAL_CARE,2020-03-10,1583852400
2990,R_cCucjmijTJETC6d,PIERCING_JEWELRY,2020-03-10,1583852400
2991,R_ctNHcxd3vRvndXH,FIREPLACE,2020-03-10,1583852400
2992,R_ctNHcxd3vRvndXH,BOOT,2020-03-10,1583852400
2993,R_ctNHcxd3vRvndXH,BATTERY,2020-03-10,1583852400
2994,R_pMnqpu31myYoxy1,HEADPHONES,2020-03-10,1583852400
2995,R_pMnqpu31myYoxy1,BATTERY,2020-03-10,1583852400
2996,R_pMnqpu31myYoxy1,SHOE_INSERT,2020-03-10,1583852400
2997,R_pRWnSKTREPIwpSF,HEADPHONES,2020-03-10,1583852400
2998,R_qxTrp3qz2YCQAnv,SNACK_FOOD_BAR,2020-03-10,1583852400
2999,R_rcId0AtM417vPGN,TOYS_AND_GAMES,2020-03-10,1583852400
3000,R_rcId0AtM417vPGN,HOOKAH,2020-03-10,1583852400
3001,R_rcId0AtM417vPGN,NUTRITIONAL_SUPPLEMENT,2020-03-10,1583852400
3002,R_rcId0AtM417vPGN,ELECTRONIC_CABLE,2020-03-10,1583852400
3003,R_rcId0AtM417vPGN,HEALTH_PERSONAL_CARE,2020-03-10,1583852400
3004,R_s6BUJFPzFF8fk2d,SNACK_FOOD_BAR,2020-03-10,1583852400
3005,R_sGohXmtT8TjLibT,SCREEN_PROTECTOR,2020-03-10,1583852400
3006,R_tDI0MmPcVp5b2Xn,BUNGEE_CORD,2020-03-10,1583852400
3007,R_tDI0MmPcVp5b2Xn,SOUS_VIDE_MACHINE,2020-03-10,1583852400
3008,R_tDI0MmPcVp5b2Xn,HEALTH_PERSONAL_CARE,2020-03-10,1583852400
3009,R_tJNLenUlMH5f4el,SHIRT,2020-03-10,1583852400
3010,R_tJNLenUlMH5f4el,VITAMIN,2020-03-10,1583852400
3011,R_tXHOaasrDjYwLO9,PET_FOOD,2020-03-10,1583852400
3012,R_tXHOaasrDjYwLO9,PHYSICAL_MOVIE,2020-03-10,1583852400
3013,R_u99XwBV1boyooXT,WATERING_CAN,2020-03-10,1583852400
3014,R_voSNwyVcZWdCTJv,BEAUTY,2020-03-10,1583852400
3015,R_x0hVvTTXGQY9FRf,SPORT_ACTIVITY_GLOVE,2020-03-10,1583852400
3016,R_yC5ffbdBLVi93Pz,GROCERY,2020-03-10,1583852400
3017,R_yC5ffbdBLVi93Pz,PANTS,2020-03-10,1583852400
3018,R_z1mFB9Qp9HSTCIV,CAPACITOR,2020-03-10,1583852400
3019,R_zfnsck2ZatnGtY5,HEADPHONES,2020-03-10,1583852400
3020,R_0f8u2tSB99LkgCt,HEADPHONES,2020-03-11,1583938800
3021,R_128SoytOm4LO2kk,SNACK_FOOD_BAR,2020-03-11,1583938800
3022,R_129jUlsvVcVBDur,POOL_SPA_WATER_TREATMENT,2020-03-11,1583938800
3023,R_129jUlsvVcVBDur,CELLULAR_PHONE_CASE,2020-03-11,1583938800
3024,R_129jUlsvVcVBDur,SELF_STICK_NOTE,2020-03-11,1583938800
3025,R_129jUlsvVcVBDur,CELLULAR_PHONE_CASE,2020-03-11,1583938800
3026,R_1BNwZP0DdTOa4rT,SHIRT,2020-03-11,1583938800
3027,R_1C4tcyEfmcsKI9X,VITAMIN,2020-03-11,1583938800
3028,R_1C4tcyEfmcsKI9X,GROCERY,2020-03-11,1583938800
3029,R_1C4tcyEfmcsKI9X,SHOES,2020-03-11,1583938800
3030,R_1C4tcyEfmcsKI9X,LINT_REMOVER,2020-03-11,1583938800
3031,R_1C8w4NDDQC5fcgE,BATTERY,2020-03-11,1583938800
3032,R_1Cd5zmz07X5BqKa,SHOES,2020-03-11,1583938800
3033,R_1Cx2TzfSj9KxVhR,SKIN_MOISTURIZER,2020-03-11,1583938800
3034,R_1DJdUrYA1I0QAKh,APPENDAGE_WARMER,2020-03-11,1583938800
3035,R_1DJdUrYA1I0QAKh,MUFFLER,2020-03-11,1583938800
3036,R_1DYWdbAMt6LyCZH,PORTABLE_ELECTRONIC_DEVICE_ARMBAND,2020-03-11,1583938800
3037,R_1DYWdbAMt6LyCZH,NUTRITIONAL_SUPPLEMENT,2020-03-11,1583938800
3038,R_1DYWdbAMt6LyCZH,SHIRT,2020-03-11,1583938800
3039,R_1DYWdbAMt6LyCZH,TOYS_AND_GAMES,2020-03-11,1583938800
3040,R_1DYWdbAMt6LyCZH,SHOES,2020-03-11,1583938800
3041,R_1DYWdbAMt6LyCZH,SNACK_FOOD_BAR,2020-03-11,1583938800
3042,R_1DYWdbAMt6LyCZH,PLAYARD,2020-03-11,1583938800
3043,R_1DYjkc1gJNvrzzL,HEADPHONES,2020-03-11,1583938800
3044,R_1DYjkc1gJNvrzzL,TOYS_AND_GAMES,2020-03-11,1583938800
3045,R_1DYjkc1gJNvrzzL,NUTRITIONAL_SUPPLEMENT,2020-03-11,1583938800
3046,R_1DYjkc1gJNvrzzL,VIDEO_GAME_PERIPHERAL_SET,2020-03-11,1583938800
3047,R_1Fyt6rHyiQcVOT8,PHYSICAL_MOVIE,2020-03-11,1583938800
3048,R_1I6meOeB0piHEX8,SNACK_FOOD_BAR,2020-03-11,1583938800
3049,R_1I6meOeB0piHEX8,SNACK_FOOD_BAR,2020-03-11,1583938800
3050,R_1I6meOeB0piHEX8,HARDWARE_HANDLE,2020-03-11,1583938800
3051,R_1I6meOeB0piHEX8,PHYSICAL_MOVIE,2020-03-11,1583938800
3052,R_1IaYiTSaUaD2W2i,OVERALLS,2020-03-11,1583938800
3053,R_1IaYiTSaUaD2W2i,DRESSER,2020-03-11,1583938800
3054,R_1KxVDxZl2H0XoHS,TOY_BUILDING_BLOCK,2020-03-11,1583938800
3055,R_1LRR1P5IQqdSvIP,SNACK_FOOD_BAR,2020-03-11,1583938800
3056,R_1LRR1P5IQqdSvIP,SHOES,2020-03-11,1583938800
3057,R_1LRR1P5IQqdSvIP,HEALTH_PERSONAL_CARE,2020-03-11,1583938800
3058,R_1NCzj2eSHI4QGcd,DISPOSABLE_INCONTINENCE_SURFACE_PROTECTOR,2020-03-11,1583938800
3059,R_1NCzj2eSHI4QGcd,CRIMPING_PLIERS,2020-03-11,1583938800
3060,R_1OJZKQM4ZrHncBJ,PET_FOOD,2020-03-11,1583938800
3061,R_1OJZKQM4ZrHncBJ,FIRE_SCREEN,2020-03-11,1583938800
3062,R_1OJZKQM4ZrHncBJ,SKIN_MOISTURIZER,2020-03-11,1583938800
3063,R_1OrTsiPCkAlmb0N,BATTERY,2020-03-11,1583938800
3064,R_1OrTsiPCkAlmb0N,SCREEN_PROTECTOR,2020-03-11,1583938800
3065,R_1OrTsiPCkAlmb0N,MINIATURE_TOY_FURNISHING,2020-03-11,1583938800
3066,R_1OrTsiPCkAlmb0N,SKIN_CLEANING_AGENT,2020-03-11,1583938800
3067,R_1OrTsiPCkAlmb0N,CELLULAR_PHONE_CASE,2020-03-11,1583938800
3068,R_1OrTsiPCkAlmb0N,CLOCK,2020-03-11,1583938800
3069,R_1OrTsiPCkAlmb0N,ABIS_BOOK,2020-03-11,1583938800
3070,R_1Q9JeeKncbbLcz0,GPS_OR_NAVIGATION_SYSTEM,2020-03-11,1583938800
3071,R_1Q9JeeKncbbLcz0,HEALTH_PERSONAL_CARE,2020-03-11,1583938800
3072,R_1QLfbB3Lho273wG,MOTORCYCLE_ACCESSORY,2020-03-11,1583938800
3073,R_1QLfbB3Lho273wG,SYSTEM_CABINET,2020-03-11,1583938800
3074,R_1QLfbB3Lho273wG,TOYS_AND_GAMES,2020-03-11,1583938800
3075,R_1cYxarQPFQxNRHB,SNACK_FOOD_BAR,2020-03-11,1583938800
3076,R_1cYxarQPFQxNRHB,CELLULAR_PHONE_CASE,2020-03-11,1583938800
3077,R_1cYxarQPFQxNRHB,PICKLE,2020-03-11,1583938800
3078,R_1cYxarQPFQxNRHB,DRY_SHAMPOO,2020-03-11,1583938800
3079,R_1cYxarQPFQxNRHB,VEHICLE_COVER,2020-03-11,1583938800
3080,R_1cYxarQPFQxNRHB,HEALTH_PERSONAL_CARE,2020-03-11,1583938800
3081,R_1cYxarQPFQxNRHB,BATTERY,2020-03-11,1583938800
3082,R_1cYxarQPFQxNRHB,VITAMIN,2020-03-11,1583938800
3083,R_1cYxarQPFQxNRHB,ABIS_BOOK,2020-03-11,1583938800
3084,R_1cYxarQPFQxNRHB,SHOE_POLISH,2020-03-11,1583938800
3085,R_1dFu7LeBJE3Wd6p,HEADPHONES,2020-03-11,1583938800
3086,R_1dKBjc0UTA0ZiYb,MARKING_PEN,2020-03-11,1583938800
3087,R_1dKBjc0UTA0ZiYb,PET_FOOD,2020-03-11,1583938800
3088,R_1dKBjc0UTA0ZiYb,SKIN_BLEMISH_REMOVAL_TOOL,2020-03-11,1583938800
3089,R_1dKBjc0UTA0ZiYb,ELECTRONIC_CABLE,2020-03-11,1583938800
3090,R_1dKBjc0UTA0ZiYb,PET_FOOD,2020-03-11,1583938800
3091,R_1dKBjc0UTA0ZiYb,PHYSICAL_MOVIE,2020-03-11,1583938800
3092,R_1dKBjc0UTA0ZiYb,SKIN_MOISTURIZER,2020-03-11,1583938800
3093,R_1dKBjc0UTA0ZiYb,SOIL_TILLER_CULTIVATOR,2020-03-11,1583938800
3094,R_1eEsLZ6SYLsIG0s,FOOD_PROCESSOR,2020-03-11,1583938800
3095,R_1escXXhyvAgsBYq,PET_FOOD,2020-03-11,1583938800
3096,R_1escXXhyvAgsBYq,SHOES,2020-03-11,1583938800
3097,R_1escXXhyvAgsBYq,CURTAIN,2020-03-11,1583938800
3098,R_1hFMTehZQIAcBvZ,MOUTHWASH,2020-03-11,1583938800
3099,R_1hLPyY3aamfi3xT,PHYSICAL_MOVIE,2020-03-11,1583938800
3100,R_1hLPyY3aamfi3xT,TOYS_AND_GAMES,2020-03-11,1583938800
3101,R_1hLPyY3aamfi3xT,BATTERY,2020-03-11,1583938800
3102,R_1lAIBWf5Qsww7eT,COMPUTER_ADD_ON,2020-03-11,1583938800
3103,R_1lfNYOmsEIqOn65,SCIENCE_FUNDAMENTALS_KIT,2020-03-11,1583938800
3104,R_1pu4x2PBb4LrSWk,PHYSICAL_MOVIE,2020-03-11,1583938800
3105,R_1pu4x2PBb4LrSWk,NUT_BUTTER,2020-03-11,1583938800
3106,R_20TAzxGcUSMw2Gy,HOME_MIRROR,2020-03-11,1583938800
3107,R_21ttkGbeIL6HdlR,SCREEN_PROTECTOR,2020-03-11,1583938800
3108,R_21ttkGbeIL6HdlR,VACUUM_CLEANER_BAG,2020-03-11,1583938800
3109,R_24MKoSmvuiLEI76,PANTS,2020-03-11,1583938800
3110,R_24MKoSmvuiLEI76,MEDICATION,2020-03-11,1583938800
3111,R_24MKoSmvuiLEI76,SUGAR_CANDY,2020-03-11,1583938800
3112,R_24MKoSmvuiLEI76,SKIN_CLEANING_AGENT,2020-03-11,1583938800
3113,R_24MKoSmvuiLEI76,TOYS_AND_GAMES,2020-03-11,1583938800
3114,R_24MKoSmvuiLEI76,TOOTHBRUSH_HOLDER,2020-03-11,1583938800
3115,R_24MKoSmvuiLEI76,SHEET_PAN,2020-03-11,1583938800
3116,R_24MKoSmvuiLEI76,SKIN_MOISTURIZER,2020-03-11,1583938800
3117,R_24ovSGBcJmAm7rm,PITCHER,2020-03-11,1583938800
3118,R_24ovSGBcJmAm7rm,GAME_DICE,2020-03-11,1583938800
3119,R_24ovSGBcJmAm7rm,BARBECUE_TOOL_SET,2020-03-11,1583938800
3120,R_25SbPPTyE45YzXP,ELECTRONIC_CABLE,2020-03-11,1583938800
3121,R_27DL80quzRiSEmq,HEADPHONES,2020-03-11,1583938800
3122,R_27DL80quzRiSEmq,HEALTH_PERSONAL_CARE,2020-03-11,1583938800
3123,R_27DL80quzRiSEmq,HEADPHONES,2020-03-11,1583938800
3124,R_27DL80quzRiSEmq,SPOON,2020-03-11,1583938800
3125,R_27DL80quzRiSEmq,TIRE_VALVE_STEM_CAP,2020-03-11,1583938800
3126,R_29iGyG3WSmKo5Te,BATTERY,2020-03-11,1583938800
3127,R_29iGyG3WSmKo5Te,SKIN_MOISTURIZER,2020-03-11,1583938800
3128,R_29iGyG3WSmKo5Te,PIPET,2020-03-11,1583938800
3129,R_29iGyG3WSmKo5Te,SNACK_FOOD_BAR,2020-03-11,1583938800
3130,R_2AGpSTOzeeHqMYd,HEALTH_PERSONAL_CARE,2020-03-11,1583938800
3131,R_2CJ9tQVGVUnaesS,SNACK_FOOD_BAR,2020-03-11,1583938800
3132,R_2CKdeuvfVrO8I49,SKIN_MOISTURIZER,2020-03-11,1583938800
3133,R_2E9JSBmmNNT5YMi,CELLULAR_PHONE_CASE,2020-03-11,1583938800
3134,R_2E9JSBmmNNT5YMi,FLAVORED_DRINK_CONCENTRATE,2020-03-11,1583938800
3135,R_2E9JSBmmNNT5YMi,HEALTH_PERSONAL_CARE,2020-03-11,1583938800
3136,R_2Etc0qZ3B702xxn,WEED_MOSS_CONTROL_AGENT,2020-03-11,1583938800
3137,R_2Etc0qZ3B702xxn,PUMP_SPRAYER,2020-03-11,1583938800
3138,R_2QM76i5yRebcpiD,HEALTH_PERSONAL_CARE,2020-03-11,1583938800
3139,R_2QXJIE0UXBTy8wd,PET_FOOD,2020-03-11,1583938800
3140,R_2QXJIE0UXBTy8wd,ELECTRONIC_CABLE,2020-03-11,1583938800
3141,R_2QXJIE0UXBTy8wd,SHOES,2020-03-11,1583938800
3142,R_2QXJIE0UXBTy8wd,BATTERY,2020-03-11,1583938800
3143,R_2QXJIE0UXBTy8wd,HEALTH_PERSONAL_CARE,2020-03-11,1583938800
3144,R_2QXJIE0UXBTy8wd,ABIS_BOOK,2020-03-11,1583938800
3145,R_2QXJIE0UXBTy8wd,GROCERY,2020-03-11,1583938800
3146,R_2QXJIE0UXBTy8wd,SWIMWEAR,2020-03-11,1583938800
3147,R_2QXJIE0UXBTy8wd,CELLULAR_PHONE_CASE,2020-03-11,1583938800
3148,R_2QXJIE0UXBTy8wd,ABIS_BOOK,2020-03-11,1583938800
3149,R_2QXJIE0UXBTy8wd,CELLULAR_PHONE_CASE,2020-03-11,1583938800
3150,R_2QXJIE0UXBTy8wd,VITAMIN,2020-03-11,1583938800
3151,R_2QXJIE0UXBTy8wd,CELLULAR_PHONE_CASE,2020-03-11,1583938800
3152,R_2QXJIE0UXBTy8wd,VITAMIN,2020-03-11,1583938800
3153,R_2QXJIE0UXBTy8wd,SKIN_MOISTURIZER,2020-03-11,1583938800
3154,R_2QXJIE0UXBTy8wd,ABIS_BOOK,2020-03-11,1583938800
3155,R_2QXJIE0UXBTy8wd,PANTS,2020-03-11,1583938800
3156,R_2QXJIE0UXBTy8wd,ABIS_BOOK,2020-03-11,1583938800
3157,R_2Qu0fgUOnDpaKDH,VITAMIN,2020-03-11,1583938800
3158,R_2SIYchF5txvb4ur,SCREEN_PROTECTOR,2020-03-11,1583938800
3159,R_2XasM6V6LLwsutN,SPORT_ACTIVITY_GLOVE,2020-03-11,1583938800
3160,R_2Xj7LtCe2Mt8jNi,TOYS_AND_GAMES,2020-03-11,1583938800
3161,R_2XoI6KbLJRGFz5X,MAGNIFIER,2020-03-11,1583938800
3162,R_2XoI6KbLJRGFz5X,ELECTRONIC_CABLE,2020-03-11,1583938800
3163,R_2YR2Yn7wGzAeAj0,BRACELET,2020-03-11,1583938800
3164,R_2YVQQRVSdj7M8Va,PHYSICAL_MOVIE,2020-03-11,1583938800
3165,R_2ZEQSnRGlS7ZscC,GROCERY,2020-03-11,1583938800
3166,R_2ZZSS68rfn9BMtt,SHOES,2020-03-11,1583938800
3167,R_2ZZSS68rfn9BMtt,BATTERY,2020-03-11,1583938800
3168,R_2ZZSS68rfn9BMtt,BABY_RATTLE,2020-03-11,1583938800
3169,R_2ZZSS68rfn9BMtt,BABY_RATTLE,2020-03-11,1583938800
3170,R_2aKrOq0DBielcig,TEA,2020-03-11,1583938800
3171,R_2b1MfkpNO4V6xMv,SNACK_FOOD_BAR,2020-03-11,1583938800
3172,R_2b1MfkpNO4V6xMv,SHIRT,2020-03-11,1583938800
3173,R_2b1MfkpNO4V6xMv,SNACK_FOOD_BAR,2020-03-11,1583938800
3174,R_2bTLZFP7p4CPlTT,PET_SUPPLIES,2020-03-11,1583938800
3175,R_2cvmrv8q51q8yh1,SKIN_MOISTURIZER,2020-03-11,1583938800
3176,R_2dvh9tu7PLPeipE,PANTS,2020-03-11,1583938800
3177,R_2dvh9tu7PLPeipE,FLAME_WICK,2020-03-11,1583938800
3178,R_2dz21GRV17aGMQ6,SEXUAL_STIMULATION_DEVICE,2020-03-11,1583938800
3179,R_2dzIuPT8QnK8NCo,SHIRT,2020-03-11,1583938800
3180,R_2dzIuPT8QnK8NCo,SEAFOOD,2020-03-11,1583938800
3181,R_2dzIuPT8QnK8NCo,HEALTH_PERSONAL_CARE,2020-03-11,1583938800
3182,R_2dzIuPT8QnK8NCo,CELLULAR_PHONE_CASE,2020-03-11,1583938800
3183,R_2dzIuPT8QnK8NCo,CAMERA,2020-03-11,1583938800
3184,R_2dzIuPT8QnK8NCo,CURTAIN_SWAG_HOLDER,2020-03-11,1583938800
3185,R_2dzIuPT8QnK8NCo,SHOES,2020-03-11,1583938800
3186,R_2dzIuPT8QnK8NCo,CANDY,2020-03-11,1583938800
3187,R_2mAJniG0xVBIInL,PANTS,2020-03-11,1583938800
3188,R_2r7Zl5CTeW1dMqd,NUTRITIONAL_SUPPLEMENT,2020-03-11,1583938800
3189,R_2rIQ3xPfAH7KF8A,HEADPHONES,2020-03-11,1583938800
3190,R_2rIQ3xPfAH7KF8A,SHIRT,2020-03-11,1583938800
3191,R_2rIQ3xPfAH7KF8A,CELLULAR_PHONE_CASE,2020-03-11,1583938800
3192,R_2rIQ3xPfAH7KF8A,SCREEN_PROTECTOR,2020-03-11,1583938800
3193,R_2rVp4uDv9fYIfdd,SUGAR,2020-03-11,1583938800
3194,R_2s5YO3cdqKDFyIM,PET_APPAREL,2020-03-11,1583938800
3195,R_2sbCr0DY5BIHWiF,SHOES,2020-03-11,1583938800
3196,R_2uTysluImvxkQBY,PHYSICAL_MOVIE,2020-03-11,1583938800
3197,R_2uTysluImvxkQBY,ELECTRONIC_CABLE,2020-03-11,1583938800
3198,R_2uTysluImvxkQBY,SCREEN_PROTECTOR,2020-03-11,1583938800
3199,R_2ugDyrE1yi1FjvH,WEATHER_STRIPPING,2020-03-11,1583938800
3200,R_2vYeXyFdrSyrVwh,VITAMIN,2020-03-11,1583938800
3201,R_2wagDt0ZaSu1p8q,THERMOS,2020-03-11,1583938800
3202,R_2wmLE1q4FIpfioi,HEADPHONES,2020-03-11,1583938800
3203,R_2wtVmKidhQR0wju,SHIRT,2020-03-11,1583938800
3204,R_2yjckpDXWcsiLPz,APPENDAGE_WARMER,2020-03-11,1583938800
3205,R_2yme87wMCEU528h,HOSE_PIPE_FITTING,2020-03-11,1583938800
3206,R_2yme87wMCEU528h,COFFEE_FILTER,2020-03-11,1583938800
3207,R_2yme87wMCEU528h,COFFEE_FILTER,2020-03-11,1583938800
3208,R_2yplkUxhAWZaFUL,SHIRT,2020-03-11,1583938800
3209,R_2zD58KSXqhHfp5e,PASTA_MAKER,2020-03-11,1583938800
3210,R_2ze9t15YGQDJxR3,SKIN_CLEANING_AGENT,2020-03-11,1583938800
3211,R_2ze9t15YGQDJxR3,PROTEIN_SUPPLEMENT_POWDER,2020-03-11,1583938800
3212,R_31aclNgWw4mxrPd,CHISEL,2020-03-11,1583938800
3213,R_31aclNgWw4mxrPd,CELLULAR_PHONE_CASE,2020-03-11,1583938800
3214,R_325wNEypLBLRTf7,HARDWARE,2020-03-11,1583938800
3215,R_32Mm71oAJq2K9XK,SNACK_FOOD_BAR,2020-03-11,1583938800
3216,R_32Mm71oAJq2K9XK,JAR,2020-03-11,1583938800
3217,R_32Mm71oAJq2K9XK,PANTS,2020-03-11,1583938800
3218,R_32Mm71oAJq2K9XK,VINEGAR,2020-03-11,1583938800
3219,R_32Mm71oAJq2K9XK,CELLULAR_PHONE_CASE,2020-03-11,1583938800
3220,R_32Mm71oAJq2K9XK,SNACK_FOOD_BAR,2020-03-11,1583938800
3221,R_32RSCpvF0PqDFBp,PANTS,2020-03-11,1583938800
3222,R_32RSCpvF0PqDFBp,GARDEN_EDGING,2020-03-11,1583938800
3223,R_32RSCpvF0PqDFBp,SCREEN_PROTECTOR,2020-03-11,1583938800
3224,R_32RSCpvF0PqDFBp,SHOES,2020-03-11,1583938800
3225,R_32RSCpvF0PqDFBp,NUT_AND_SEED,2020-03-11,1583938800
3226,R_32RSCpvF0PqDFBp,SNACK_FOOD_BAR,2020-03-11,1583938800
3227,R_32RSCpvF0PqDFBp,SNACK_FOOD_BAR,2020-03-11,1583938800
3228,R_32WvdLjYpicai6o,MUSICAL_INSTRUMENTS,2020-03-11,1583938800
3229,R_32WvdLjYpicai6o,HEADPHONES,2020-03-11,1583938800
3230,R_32WvdLjYpicai6o,HOSIERY,2020-03-11,1583938800
3231,R_32WvdLjYpicai6o,MUSICAL_INSTRUMENTS,2020-03-11,1583938800
3232,R_333cPUAJRgYXqi1,PANTS,2020-03-11,1583938800
3233,R_33kcOqAkuOfPeI1,VITAMIN,2020-03-11,1583938800
3234,R_33kcOqAkuOfPeI1,VEHICLE_LIGHT_ASSEMBLY,2020-03-11,1583938800
3235,R_33kcOqAkuOfPeI1,PANTS,2020-03-11,1583938800
3236,R_3D7xJuXSy25PXbg,BOTTLE_NIPPLE,2020-03-11,1583938800
3237,R_3EF2sOVmTNA4e3u,TOYS_AND_GAMES,2020-03-11,1583938800
3238,R_3EF2sOVmTNA4e3u,HEALTH_PERSONAL_CARE,2020-03-11,1583938800
3239,R_3EF2sOVmTNA4e3u,BREAKFAST_CEREAL,2020-03-11,1583938800
3240,R_3EF2sOVmTNA4e3u,GROCERY,2020-03-11,1583938800
3241,R_3G1gYo1d23Zq8Np,HEADPHONES,2020-03-11,1583938800
3242,R_3Ge2RzIsoM2g5lL,PICTURE_FRAME,2020-03-11,1583938800
3243,R_3Jxiicg67etW2yt,SCREEN_PROTECTOR,2020-03-11,1583938800
3244,R_3Kv8PUwM5KE3ZA2,MOTOR_STARTER,2020-03-11,1583938800
3245,R_3L8dgu12mdk2UVH,ELECTRONIC_CABLE,2020-03-11,1583938800
3246,R_3L8dgu12mdk2UVH,ABIS_BOOK,2020-03-11,1583938800
3247,R_3L8dgu12mdk2UVH,ABIS_BOOK,2020-03-11,1583938800
3248,R_3L8dgu12mdk2UVH,VITAMIN,2020-03-11,1583938800
3249,R_3MhBAq6V6XHU9ln,SHIRT,2020-03-11,1583938800
3250,R_3QPk8nnI1s8wilh,AUTO_PART,2020-03-11,1583938800
3251,R_3ek9YZGdsDHjUZf,HAIR_COLORING_AGENT,2020-03-11,1583938800
3252,R_3ek9YZGdsDHjUZf,SNACK_FOOD_BAR,2020-03-11,1583938800
3253,R_3ek9YZGdsDHjUZf,HEADPHONES,2020-03-11,1583938800
3254,R_3ek9YZGdsDHjUZf,TOYS_AND_GAMES,2020-03-11,1583938800
3255,R_3ek9YZGdsDHjUZf,BAKING_MAT,2020-03-11,1583938800
3256,R_3ek9YZGdsDHjUZf,DRY_SHAMPOO,2020-03-11,1583938800
3257,R_3ek9YZGdsDHjUZf,SHIRT,2020-03-11,1583938800
3258,R_3ek9YZGdsDHjUZf,SHOES,2020-03-11,1583938800
3259,R_3exlTi02vMuoy59,DYE,2020-03-11,1583938800
3260,R_3fB1NIeE1OGUd72,SKIN_CLEANING_AGENT,2020-03-11,1583938800
3261,R_3fB1NIeE1OGUd72,HAIR_TIE,2020-03-11,1583938800
3262,R_3fB1NIeE1OGUd72,SHOES,2020-03-11,1583938800
3263,R_3fB1NIeE1OGUd72,PHYSICAL_MOVIE,2020-03-11,1583938800
3264,R_3fB1NIeE1OGUd72,TOYS_AND_GAMES,2020-03-11,1583938800
3265,R_3fB1NIeE1OGUd72,HEADPHONES,2020-03-11,1583938800
3266,R_3fB1NIeE1OGUd72,CELLULAR_PHONE_CASE,2020-03-11,1583938800
3267,R_3fcOMdQm2jGBLKm,SNACK_FOOD_BAR,2020-03-11,1583938800
3268,R_3g6FdS9TC745S4Y,PLUMBING_FIXTURE,2020-03-11,1583938800
3269,R_3hsFBjto7aXqKY7,TOYS_AND_GAMES,2020-03-11,1583938800
3270,R_3huKAYi4haQXzDn,BATTERY,2020-03-11,1583938800
3271,R_3m3H4mwZ2snYFua,PANTS,2020-03-11,1583938800
3272,R_3mm166mlwrLpf6y,VITAMIN,2020-03-11,1583938800
3273,R_3mm166mlwrLpf6y,EXERCISE_STEP_PLATFORM,2020-03-11,1583938800
3274,R_3mm166mlwrLpf6y,FLASH_MEMORY,2020-03-11,1583938800
3275,R_3n17fNI56KA8rTV,MEDICATION,2020-03-11,1583938800
3276,R_3n5zOvmozURNzXz,ASTRINGENT_SUBSTANCE,2020-03-11,1583938800
3277,R_3n5zOvmozURNzXz,PET_FOOD,2020-03-11,1583938800
3278,R_3n5zOvmozURNzXz,GROCERY,2020-03-11,1583938800
3279,R_3n5zOvmozURNzXz,SIGNAGE,2020-03-11,1583938800
3280,R_3n5zOvmozURNzXz,SKIN_MOISTURIZER,2020-03-11,1583938800
3281,R_3qTFp0FJqUeMhVZ,GROCERY,2020-03-11,1583938800
3282,R_3qTFp0FJqUeMhVZ,MEDICATION,2020-03-11,1583938800
3283,R_3qTFp0FJqUeMhVZ,FIGURINE,2020-03-11,1583938800
3284,R_3qlnIILTEuzSyGe,WRIST_REST,2020-03-11,1583938800
3285,R_3rZHdmB75jSgwhr,CAULKS,2020-03-11,1583938800
3286,R_3rZHdmB75jSgwhr,DECORATIVE_RIBBON_TRIM,2020-03-11,1583938800
3287,R_3rZHdmB75jSgwhr,HEALTH_PERSONAL_CARE,2020-03-11,1583938800
3288,R_3rZHdmB75jSgwhr,HEADPHONES,2020-03-11,1583938800
3289,R_3rZHdmB75jSgwhr,TOYS_AND_GAMES,2020-03-11,1583938800
3290,R_3rZHdmB75jSgwhr,BATTERY,2020-03-11,1583938800
3291,R_3rZHdmB75jSgwhr,HEALTH_PERSONAL_CARE,2020-03-11,1583938800
3292,R_3rZHdmB75jSgwhr,DECORATIVE_RIBBON_TRIM,2020-03-11,1583938800
3293,R_3rZHdmB75jSgwhr,SHOES,2020-03-11,1583938800
3294,R_3rZHdmB75jSgwhr,GUILD_HOME,2020-03-11,1583938800
3295,R_3rZHdmB75jSgwhr,BATTERY,2020-03-11,1583938800
3296,R_3rZHdmB75jSgwhr,BATTERY,2020-03-11,1583938800
3297,R_3rZHdmB75jSgwhr,SCREEN_PROTECTOR,2020-03-11,1583938800
3298,R_3socPWD3wXD0iDP,HEADPHONES,2020-03-11,1583938800
3299,R_3socPWD3wXD0iDP,PANTS,2020-03-11,1583938800
3300,R_3socPWD3wXD0iDP,TOYS_AND_GAMES,2020-03-11,1583938800
3301,R_6fzbeTqbnF0kBih,HEARING_AMPLIFIER,2020-03-11,1583938800
3302,R_8CXcySQawXPuJwJ,GROCERY,2020-03-11,1583938800
3303,R_8CXcySQawXPuJwJ,SKIN_CLEANING_AGENT,2020-03-11,1583938800
3304,R_8CXcySQawXPuJwJ,HEADPHONES,2020-03-11,1583938800
3305,R_8CXcySQawXPuJwJ,SMOKING_PIPE,2020-03-11,1583938800
3306,R_8CXcySQawXPuJwJ,PROTECTIVE_GLOVE,2020-03-11,1583938800
3307,R_8CXcySQawXPuJwJ,PET_FOOD,2020-03-11,1583938800
3308,R_8CXcySQawXPuJwJ,SHOES,2020-03-11,1583938800
3309,R_8CXcySQawXPuJwJ,BABY_BOTTLE,2020-03-11,1583938800
3310,R_8CXcySQawXPuJwJ,SCREEN_PROTECTOR,2020-03-11,1583938800
3311,R_8CXcySQawXPuJwJ,CELLULAR_PHONE_CASE,2020-03-11,1583938800
3312,R_8CXcySQawXPuJwJ,INCONTINENCE_PROTECTOR,2020-03-11,1583938800
3313,R_8CXcySQawXPuJwJ,BABY_PRODUCT,2020-03-11,1583938800
3314,R_8CXcySQawXPuJwJ,ABIS_BOOK,2020-03-11,1583938800
3315,R_8CXcySQawXPuJwJ,SNACK_FOOD_BAR,2020-03-11,1583938800
3316,R_8CXcySQawXPuJwJ,PET_FOOD,2020-03-11,1583938800
3317,R_9yOmfJyU0rNZGW5,PHYSICAL_MOVIE,2020-03-11,1583938800
3318,R_9yOmfJyU0rNZGW5,SKIN_CLEANING_AGENT,2020-03-11,1583938800
3319,R_9yOmfJyU0rNZGW5,SKIN_MOISTURIZER,2020-03-11,1583938800
3320,R_AM0OvM0F9kBvqal,GROCERY,2020-03-11,1583938800
3321,R_BWhnv4EdbhSS6rf,SKIN_CLEANING_AGENT,2020-03-11,1583938800
3322,R_BWhnv4EdbhSS6rf,SHIRT,2020-03-11,1583938800
3323,R_C3LfLBkg9TFvQnD,SCREEN_PROTECTOR,2020-03-11,1583938800
3324,R_Qp7pqfzWe3Qmcrn,NUTRITIONAL_SUPPLEMENT,2020-03-11,1583938800
3325,R_RlYyUhsDFvyGwX7,HAIR_COLORING_AGENT,2020-03-11,1583938800
3326,R_RlYyUhsDFvyGwX7,PET_FOOD,2020-03-11,1583938800
3327,R_ThgquWaLDQWLCcp,SKIN_MOISTURIZER,2020-03-11,1583938800
3328,R_ThgquWaLDQWLCcp,BATTERY,2020-03-11,1583938800
3329,R_ThgquWaLDQWLCcp,STORAGE_COVER,2020-03-11,1583938800
3330,R_ThgquWaLDQWLCcp,NUTRITIONAL_SUPPLEMENT,2020-03-11,1583938800
3331,R_TtjiPpPxtkd5Vnz,NUTRITIONAL_SUPPLEMENT,2020-03-11,1583938800
3332,R_TtjiPpPxtkd5Vnz,SCIENCE_FUNDAMENTALS_KIT,2020-03-11,1583938800
3333,R_TtjiPpPxtkd5Vnz,HOME_LIGHTING_AND_LAMPS,2020-03-11,1583938800
3334,R_UEke64xAaOG3mTf,HEADPHONES,2020-03-11,1583938800
3335,R_XwiCirQyfwJzVtv,WASTE_BAG,2020-03-11,1583938800
3336,R_XwiCirQyfwJzVtv,SHIRT,2020-03-11,1583938800
3337,R_XwiCirQyfwJzVtv,PHYSICAL_MOVIE,2020-03-11,1583938800
3338,R_Y4jCkfTFzvtw5SF,MEDICATION,2020-03-11,1583938800
3339,R_Y4jCkfTFzvtw5SF,SALAD_DRESSING,2020-03-11,1583938800
3340,R_b14mPI2m0e5yH9D,NUTRITIONAL_SUPPLEMENT,2020-03-11,1583938800
3341,R_b3dSUlk76L0C6TD,MEDICATION,2020-03-11,1583938800
3342,R_bKJcIltPwncL9uN,SCISSORS,2020-03-11,1583938800
3343,R_bKJcIltPwncL9uN,NUTRITIONAL_SUPPLEMENT,2020-03-11,1583938800
3344,R_bKJcIltPwncL9uN,DAIRY_BASED_CHEESE,2020-03-11,1583938800
3345,R_bKJcIltPwncL9uN,POULTRY,2020-03-11,1583938800
3346,R_bKJcIltPwncL9uN,MEDICATION,2020-03-11,1583938800
3347,R_bKJcIltPwncL9uN,CELLULAR_PHONE_CASE,2020-03-11,1583938800
3348,R_cAcAtozIWnZIbGp,ABIS_BOOK,2020-03-11,1583938800
3349,R_cAcAtozIWnZIbGp,VDO_DEVICES,2020-03-11,1583938800
3350,R_cAcAtozIWnZIbGp,ABIS_BOOK,2020-03-11,1583938800
3351,R_cAcAtozIWnZIbGp,MOUSE_PAD,2020-03-11,1583938800
3352,R_cAcAtozIWnZIbGp,TOYS_AND_GAMES,2020-03-11,1583938800
3353,R_cAcAtozIWnZIbGp,PHYSICAL_MOVIE,2020-03-11,1583938800
3354,R_cAcAtozIWnZIbGp,MEDICATION,2020-03-11,1583938800
3355,R_cAcAtozIWnZIbGp,VITAMIN,2020-03-11,1583938800
3356,R_cAcAtozIWnZIbGp,SHIRT,2020-03-11,1583938800
3357,R_cAcAtozIWnZIbGp,MOUSE_PAD,2020-03-11,1583938800
3358,R_cAcAtozIWnZIbGp,TOYS_AND_GAMES,2020-03-11,1583938800
3359,R_cAcAtozIWnZIbGp,SNACK_FOOD_BAR,2020-03-11,1583938800
3360,R_cCucjmijTJETC6d,HAT,2020-03-11,1583938800
3361,R_cCucjmijTJETC6d,CUP_HOLDER,2020-03-11,1583938800
3362,R_cCucjmijTJETC6d,SKIN_CLEANING_AGENT,2020-03-11,1583938800
3363,R_cCucjmijTJETC6d,BEAUTY,2020-03-11,1583938800
3364,R_cCucjmijTJETC6d,EYELID_COLOR,2020-03-11,1583938800
3365,R_cCucjmijTJETC6d,CULINARY_MUSHROOM,2020-03-11,1583938800
3366,R_cCucjmijTJETC6d,VITAMIN,2020-03-11,1583938800
3367,R_cCucjmijTJETC6d,SNACK_FOOD_BAR,2020-03-11,1583938800
3368,R_cCucjmijTJETC6d,MEDICATION,2020-03-11,1583938800
3369,R_cCucjmijTJETC6d,GROCERY,2020-03-11,1583938800
3370,R_cCucjmijTJETC6d,MEDICATION,2020-03-11,1583938800
3371,R_cCucjmijTJETC6d,MEDICATION,2020-03-11,1583938800
3372,R_cCucjmijTJETC6d,MEDICATION,2020-03-11,1583938800
3373,R_cCucjmijTJETC6d,HAT,2020-03-11,1583938800
3374,R_cCucjmijTJETC6d,NUTRITIONAL_SUPPLEMENT,2020-03-11,1583938800
3375,R_d5O7dqvA1EWCrPb,ABIS_BOOK,2020-03-11,1583938800
3376,R_pMnqpu31myYoxy1,SNACK_FOOD_BAR,2020-03-11,1583938800
3377,R_pRWnSKTREPIwpSF,INCONTINENCE_PROTECTOR,2020-03-11,1583938800
3378,R_pRWnSKTREPIwpSF,BATTERY,2020-03-11,1583938800
3379,R_pRWnSKTREPIwpSF,FISHING_ROD,2020-03-11,1583938800
3380,R_pRWnSKTREPIwpSF,SNACK_FOOD_BAR,2020-03-11,1583938800
3381,R_pRWnSKTREPIwpSF,VITAMIN,2020-03-11,1583938800
3382,R_plnyqyltsGtao9P,VEHICLE_BRAKE_PAD,2020-03-11,1583938800
3383,R_plnyqyltsGtao9P,VEHICLE_WRAP,2020-03-11,1583938800
3384,R_sGohXmtT8TjLibT,WALL_ART,2020-03-11,1583938800
3385,R_sGohXmtT8TjLibT,MARKING_PEN,2020-03-11,1583938800
3386,R_sGohXmtT8TjLibT,PET_FOOD,2020-03-11,1583938800
3387,R_sGohXmtT8TjLibT,SHIRT,2020-03-11,1583938800
3388,R_sGohXmtT8TjLibT,ABIS_BOOK,2020-03-11,1583938800
3389,R_t0ccZ3CXpzqgSpr,PANTS,2020-03-11,1583938800
3390,R_t0ccZ3CXpzqgSpr,POOL_VACUUM,2020-03-11,1583938800
3391,R_t0ccZ3CXpzqgSpr,PET_FOOD,2020-03-11,1583938800
3392,R_t0ccZ3CXpzqgSpr,SCREEN_PROTECTOR,2020-03-11,1583938800
3393,R_tFf2GViNMUolxaV,SHOES,2020-03-11,1583938800
3394,R_tXHOaasrDjYwLO9,TOYS_AND_GAMES,2020-03-11,1583938800
3395,R_u99XwBV1boyooXT,ELECTRONIC_CABLE,2020-03-11,1583938800
3396,R_voSNwyVcZWdCTJv,NASAL_ASPIRATOR,2020-03-11,1583938800
3397,R_voSNwyVcZWdCTJv,APPAREL_BELT,2020-03-11,1583938800
3398,R_xDvEzzSGeDDkvU5,CUTTING_TOOLS,2020-03-11,1583938800
3399,R_yC5ffbdBLVi93Pz,CELL_PHONE_GRIP,2020-03-11,1583938800
3400,R_0f8u2tSB99LkgCt,GROCERY,2020-03-12,1584025200
3401,R_10TV1zyi4yCEEkl,BATTERY,2020-03-12,1584025200
3402,R_129jUlsvVcVBDur,TOPICAL_HAIR_REGROWTH_TREATMENT,2020-03-12,1584025200
3403,R_129jUlsvVcVBDur,SNACK_FOOD_BAR,2020-03-12,1584025200
3404,R_1C4tcyEfmcsKI9X,ELECTRONIC_CABLE,2020-03-12,1584025200
3405,R_1C4tcyEfmcsKI9X,WATER,2020-03-12,1584025200
3406,R_1C4tcyEfmcsKI9X,IGNITION_COIL,2020-03-12,1584025200
3407,R_1C4tcyEfmcsKI9X,SHIPPING_BOX,2020-03-12,1584025200
3408,R_1C8w4NDDQC5fcgE,VITAMIN,2020-03-12,1584025200
3409,R_1C8w4NDDQC5fcgE,PHYSICAL_MOVIE,2020-03-12,1584025200
3410,R_1C8w4NDDQC5fcgE,ELECTRONIC_CABLE,2020-03-12,1584025200
3411,R_1C8w4NDDQC5fcgE,PHYSICAL_MOVIE,2020-03-12,1584025200
3412,R_1C8w4NDDQC5fcgE,LIGHT_SOURCE,2020-03-12,1584025200
3413,R_1CjWIsByjtP0GxZ,TOOL_BELT,2020-03-12,1584025200
3414,R_1CjWIsByjtP0GxZ,HUMIDITY_METER,2020-03-12,1584025200
3415,R_1CjWIsByjtP0GxZ,HEADPHONES,2020-03-12,1584025200
3416,R_1CjWIsByjtP0GxZ,TOYS_AND_GAMES,2020-03-12,1584025200
3417,R_1CjWIsByjtP0GxZ,MEDICATION,2020-03-12,1584025200
3418,R_1CjWIsByjtP0GxZ,PET_FOOD,2020-03-12,1584025200
3419,R_1CjWIsByjtP0GxZ,WIPER_BLADE,2020-03-12,1584025200
3420,R_1CjWIsByjtP0GxZ,LAUNDRY_DETERGENT,2020-03-12,1584025200
3421,R_1CjWIsByjtP0GxZ,COOKIE,2020-03-12,1584025200
3422,R_1CjWIsByjtP0GxZ,HEADPHONES,2020-03-12,1584025200
3423,R_1CjWIsByjtP0GxZ,MEDICATION,2020-03-12,1584025200
3424,R_1CqGMkfiCiATbn4,CAPACITOR,2020-03-12,1584025200
3425,R_1CqGMkfiCiATbn4,HAIR_TRIMMER,2020-03-12,1584025200
3426,R_1CqGMkfiCiATbn4,GROCERY,2020-03-12,1584025200
3427,R_1CqGMkfiCiATbn4,FOOD_STORAGE_BAG,2020-03-12,1584025200
3428,R_1DYWdbAMt6LyCZH,HEADPHONES,2020-03-12,1584025200
3429,R_1DYWdbAMt6LyCZH,BRA,2020-03-12,1584025200
3430,R_1DYWdbAMt6LyCZH,TOYS_AND_GAMES,2020-03-12,1584025200
3431,R_1E3TJBNJVtr3tcD,CABLE_TIE,2020-03-12,1584025200
3432,R_1E3TJBNJVtr3tcD,ELECTRONIC_CABLE,2020-03-12,1584025200
3433,R_1E3TJBNJVtr3tcD,SKIN_CLEANING_AGENT,2020-03-12,1584025200
3434,R_1E3TJBNJVtr3tcD,HEADPHONES,2020-03-12,1584025200
3435,R_1E3TJBNJVtr3tcD,PASTA_MAKER,2020-03-12,1584025200
3436,R_1IZrt5CyqgTg2Qe,SHOES,2020-03-12,1584025200
3437,R_1NDq0rxoUSu6oyz,SKIN_CLEANING_AGENT,2020-03-12,1584025200
3438,R_1NDq0rxoUSu6oyz,BATTERY,2020-03-12,1584025200
3439,R_1OJZKQM4ZrHncBJ,PET_BED_MAT,2020-03-12,1584025200
3440,R_1OJZKQM4ZrHncBJ,PET_FOOD,2020-03-12,1584025200
3441,R_1Q9JeeKncbbLcz0,TOYS_AND_GAMES,2020-03-12,1584025200
3442,R_1QKu8qtvgo0d1uS,NUTRITIONAL_SUPPLEMENT,2020-03-12,1584025200
3443,R_1QLfbB3Lho273wG,ROTARY_TOOL,2020-03-12,1584025200
3444,R_1QLfbB3Lho273wG,SKIN_MOISTURIZER,2020-03-12,1584025200
3445,R_1QLfbB3Lho273wG,ELECTRONIC_CABLE,2020-03-12,1584025200
3446,R_1QLfbB3Lho273wG,SHOES,2020-03-12,1584025200
3447,R_1QLfbB3Lho273wG,ZIPPER_FASTENER,2020-03-12,1584025200
3448,R_1QLfbB3Lho273wG,CELLULAR_PHONE_CASE,2020-03-12,1584025200
3449,R_1d4EqY6QNpI4BOG,SKIN_MOISTURIZER,2020-03-12,1584025200
3450,R_1d4EqY6QNpI4BOG,SCREEN_PROTECTOR,2020-03-12,1584025200
3451,R_1d4EqY6QNpI4BOG,PHYSICAL_MOVIE,2020-03-12,1584025200
3452,R_1dFu7LeBJE3Wd6p,RAW_MATERIALS,2020-03-12,1584025200
3453,R_1dFu7LeBJE3Wd6p,NUTRITIONAL_SUPPLEMENT,2020-03-12,1584025200
3454,R_1dFu7LeBJE3Wd6p,HEADPHONES,2020-03-12,1584025200
3455,R_1dFu7LeBJE3Wd6p,SKIN_CLEANING_AGENT,2020-03-12,1584025200
3456,R_1dFu7LeBJE3Wd6p,FURNITURE_COVER,2020-03-12,1584025200
3457,R_1dFu7LeBJE3Wd6p,STROLLER,2020-03-12,1584025200
3458,R_1dKBjc0UTA0ZiYb,LAMINATOR,2020-03-12,1584025200
3459,R_1ez4JQNwmuGXkQX,HEALTH_PERSONAL_CARE,2020-03-12,1584025200
3460,R_1ez4JQNwmuGXkQX,FOOD_STORAGE_CONTAINER,2020-03-12,1584025200
3461,R_1gG5xibh48txT6f,SNACK_FOOD_BAR,2020-03-12,1584025200
3462,R_1gG5xibh48txT6f,SHOES,2020-03-12,1584025200
3463,R_1gG5xibh48txT6f,NUTRITIONAL_SUPPLEMENT,2020-03-12,1584025200
3464,R_1jARg5bGH5uqAKW,SCREEN_PROTECTOR,2020-03-12,1584025200
3465,R_1jARg5bGH5uqAKW,NUTRITIONAL_SUPPLEMENT,2020-03-12,1584025200
3466,R_1jARg5bGH5uqAKW,PHYSICAL_MOVIE,2020-03-12,1584025200
3467,R_1jARg5bGH5uqAKW,STORAGE_RACK,2020-03-12,1584025200
3468,R_1jARg5bGH5uqAKW,MICROPHONE_STAND,2020-03-12,1584025200
3469,R_1jARg5bGH5uqAKW,HEALTH_PERSONAL_CARE,2020-03-12,1584025200
3470,R_1jARg5bGH5uqAKW,COTTON_PAD,2020-03-12,1584025200
3471,R_1jARg5bGH5uqAKW,SKIN_MOISTURIZER,2020-03-12,1584025200
3472,R_1jARg5bGH5uqAKW,PET_ACTIVITY_STRUCTURE,2020-03-12,1584025200
3473,R_1jARg5bGH5uqAKW,DISPLAY_ENCLOSURE,2020-03-12,1584025200
3474,R_1jARg5bGH5uqAKW,SHIRT,2020-03-12,1584025200
3475,R_1jARg5bGH5uqAKW,PET_FOOD,2020-03-12,1584025200
3476,R_1jARg5bGH5uqAKW,CELLULAR_PHONE_CASE,2020-03-12,1584025200
3477,R_1jARg5bGH5uqAKW,SKIN_MOISTURIZER,2020-03-12,1584025200
3478,R_1jARg5bGH5uqAKW,SHOES,2020-03-12,1584025200
3479,R_1jARg5bGH5uqAKW,MICROPHONE_STAND,2020-03-12,1584025200
3480,R_1jARg5bGH5uqAKW,SCREEN_PROTECTOR,2020-03-12,1584025200
3481,R_1jARg5bGH5uqAKW,VITAMIN,2020-03-12,1584025200
3482,R_1jARg5bGH5uqAKW,ELECTRONIC_CABLE,2020-03-12,1584025200
3483,R_1jARg5bGH5uqAKW,PANTS,2020-03-12,1584025200
3484,R_1jARg5bGH5uqAKW,ELECTRONIC_CABLE,2020-03-12,1584025200
3485,R_1jARg5bGH5uqAKW,ELECTRONIC_CABLE,2020-03-12,1584025200
3486,R_1kYuVPgjXmEfSf8,PANTS,2020-03-12,1584025200
3487,R_1kYuVPgjXmEfSf8,HEALTH_PERSONAL_CARE,2020-03-12,1584025200
3488,R_1n8h8059UUul8Dr,PIPING_TIP,2020-03-12,1584025200
3489,R_1o6au5rOnBHoiU9,ELECTRONIC_CABLE,2020-03-12,1584025200
3490,R_1o6au5rOnBHoiU9,PET_FOOD,2020-03-12,1584025200
3491,R_1o6au5rOnBHoiU9,SHIRT,2020-03-12,1584025200
3492,R_1o6au5rOnBHoiU9,SUIT,2020-03-12,1584025200
3493,R_1owkdABF1wNKFKI,JEWELRY,2020-03-12,1584025200
3494,R_1rwhkWp9UYemFEH,PANTS,2020-03-12,1584025200
3495,R_1rwhkWp9UYemFEH,PHYSICAL_MOVIE,2020-03-12,1584025200
3496,R_1rwhkWp9UYemFEH,PHYSICAL_MOVIE,2020-03-12,1584025200
3497,R_20Yd9DvrGselmZY,SHIRT,2020-03-12,1584025200
3498,R_24MKoSmvuiLEI76,TOYS_AND_GAMES,2020-03-12,1584025200
3499,R_24MKoSmvuiLEI76,SKIN_CLEANING_AGENT,2020-03-12,1584025200
3500,R_24MKoSmvuiLEI76,SUGAR_CANDY,2020-03-12,1584025200
3501,R_24MKoSmvuiLEI76,MAGAZINES,2020-03-12,1584025200
3502,R_24MKoSmvuiLEI76,MEDICATION,2020-03-12,1584025200
3503,R_24MKoSmvuiLEI76,HOME,2020-03-12,1584025200
3504,R_24MKoSmvuiLEI76,SUSPENDER,2020-03-12,1584025200
3505,R_24MKoSmvuiLEI76,NUTRITIONAL_SUPPLEMENT,2020-03-12,1584025200
3506,R_24MKoSmvuiLEI76,ABIS_BOOK,2020-03-12,1584025200
3507,R_24MKoSmvuiLEI76,SKIN_CLEANING_AGENT,2020-03-12,1584025200
3508,R_24MKoSmvuiLEI76,SKIN_MOISTURIZER,2020-03-12,1584025200
3509,R_24vf4xIuT0kGsZ3,ELECTRONIC_COMPONENT_TERMINAL,2020-03-12,1584025200
3510,R_24vf4xIuT0kGsZ3,HEALTH_PERSONAL_CARE,2020-03-12,1584025200
3511,R_25KMnVsE9ynaHcA,PET_FOOD,2020-03-12,1584025200
3512,R_25KMnVsE9ynaHcA,MEDICATION,2020-03-12,1584025200
3513,R_25KMnVsE9ynaHcA,HEADPHONES,2020-03-12,1584025200
3514,R_273TMGuLM3jXisi,MODEM,2020-03-12,1584025200
3515,R_273TMGuLM3jXisi,PHYSICAL_MOVIE,2020-03-12,1584025200
3516,R_273TMGuLM3jXisi,GROCERY,2020-03-12,1584025200
3517,R_273TMGuLM3jXisi,PHYSICAL_MOVIE,2020-03-12,1584025200
3518,R_273TMGuLM3jXisi,CONDITIONER,2020-03-12,1584025200
3519,R_273TMGuLM3jXisi,VITAMIN,2020-03-12,1584025200
3520,R_273TMGuLM3jXisi,ELECTRONIC_CABLE,2020-03-12,1584025200
3521,R_273TMGuLM3jXisi,SKIN_MOISTURIZER,2020-03-12,1584025200
3522,R_273TMGuLM3jXisi,PHYSICAL_MOVIE,2020-03-12,1584025200
3523,R_273TMGuLM3jXisi,GROCERY,2020-03-12,1584025200
3524,R_273TMGuLM3jXisi,CELLULAR_PHONE_CASE,2020-03-12,1584025200
3525,R_273TMGuLM3jXisi,MEDICATION,2020-03-12,1584025200
3526,R_273TMGuLM3jXisi,HANDLEBAR_GRIP,2020-03-12,1584025200
3527,R_273TMGuLM3jXisi,FIREPLACE,2020-03-12,1584025200
3528,R_2ASz0xBmcxqYzUJ,PET_FOOD,2020-03-12,1584025200
3529,R_2ASz0xBmcxqYzUJ,SCREEN_PROTECTOR,2020-03-12,1584025200
3530,R_2ASz0xBmcxqYzUJ,SHOES,2020-03-12,1584025200
3531,R_2Bljhn8FOxqwglz,VITAMIN,2020-03-12,1584025200
3532,R_2Bljhn8FOxqwglz,HEADPHONES,2020-03-12,1584025200
3533,R_2D1zydYR5SZ0LpK,REUSABLE_INCONTINENCE_SURFACE_PROTECTOR,2020-03-12,1584025200
3534,R_2D1zydYR5SZ0LpK,VEHICLE_SCAN_TOOL,2020-03-12,1584025200
3535,R_2D1zydYR5SZ0LpK,SKIN_MOISTURIZER,2020-03-12,1584025200
3536,R_2DSmjafbkSAict9,PET_FOOD,2020-03-12,1584025200
3537,R_2DSmjafbkSAict9,PRINT_COPY_PAPER,2020-03-12,1584025200
3538,R_2DYMaORoIHXuYlw,SHOES,2020-03-12,1584025200
3539,R_2DYMaORoIHXuYlw,DRYER,2020-03-12,1584025200
3540,R_2DYMaORoIHXuYlw,MARKING_PEN,2020-03-12,1584025200
3541,R_2DYMaORoIHXuYlw,CARABINER,2020-03-12,1584025200
3542,R_2DYMaORoIHXuYlw,SKIN_CLEANING_AGENT,2020-03-12,1584025200
3543,R_2DYMaORoIHXuYlw,HEALTH_PERSONAL_CARE,2020-03-12,1584025200
3544,R_2E9JSBmmNNT5YMi,SHIRT,2020-03-12,1584025200
3545,R_2EglJpTWGEiwQYa,SNACK_FOOD_BAR,2020-03-12,1584025200
3546,R_2EglJpTWGEiwQYa,SHOES,2020-03-12,1584025200
3547,R_2EglJpTWGEiwQYa,SANDAL,2020-03-12,1584025200
3548,R_2EglJpTWGEiwQYa,PORTABLE_TOOL_BOX,2020-03-12,1584025200
3549,R_2EglJpTWGEiwQYa,GROCERY,2020-03-12,1584025200
3550,R_2Etc0qZ3B702xxn,SCREEN_PROTECTOR,2020-03-12,1584025200
3551,R_2ONDyHxQviDmrWg,ABIS_MUSIC,2020-03-12,1584025200
3552,R_2P50Iq3Uo8HiCwT,CELLULAR_PHONE_CASE,2020-03-12,1584025200
3553,R_2Qu0fgUOnDpaKDH,TOYS_AND_GAMES,2020-03-12,1584025200
3554,R_2Qu0fgUOnDpaKDH,SKIN_CLEANING_AGENT,2020-03-12,1584025200
3555,R_2SIYchF5txvb4ur,VITAMIN,2020-03-12,1584025200
3556,R_2SowakeS8ZQebAD,RICE_MIX,2020-03-12,1584025200
3557,R_2SowakeS8ZQebAD,RICE_MIX,2020-03-12,1584025200
3558,R_2SowakeS8ZQebAD,SKIN_CLEANING_AGENT,2020-03-12,1584025200
3559,R_2SoygRRucWXdLxT,SCREEN_PROTECTOR,2020-03-12,1584025200
3560,R_2VwjXhJ5OznStEi,VITAMIN,2020-03-12,1584025200
3561,R_2VwjXhJ5OznStEi,PHYSICAL_MOVIE,2020-03-12,1584025200
3562,R_2VwjXhJ5OznStEi,ELECTRONIC_CABLE,2020-03-12,1584025200
3563,R_2VwjXhJ5OznStEi,SHIRT,2020-03-12,1584025200
3564,R_2VwjXhJ5OznStEi,SKIN_CLEANING_AGENT,2020-03-12,1584025200
3565,R_2VwjXhJ5OznStEi,PANTS,2020-03-12,1584025200
3566,R_2VwjXhJ5OznStEi,SHELF,2020-03-12,1584025200
3567,R_2VwjXhJ5OznStEi,CELLULAR_PHONE_CASE,2020-03-12,1584025200
3568,R_2VwjXhJ5OznStEi,CELLULAR_PHONE_CASE,2020-03-12,1584025200
3569,R_2VwjXhJ5OznStEi,NUTRITIONAL_SUPPLEMENT,2020-03-12,1584025200
3570,R_2VwjXhJ5OznStEi,POWER_CORD,2020-03-12,1584025200
3571,R_2VwjXhJ5OznStEi,WILDLIFE_FEEDER,2020-03-12,1584025200
3572,R_2VwjXhJ5OznStEi,WILDLIFE_FEEDER,2020-03-12,1584025200
3573,R_2VwjXhJ5OznStEi,FLASH_CARD,2020-03-12,1584025200
3574,R_2WVIxBGaj1uOr8S,SHIRT,2020-03-12,1584025200
3575,R_2Y9fPhqa2Xf2QdZ,COFFEE,2020-03-12,1584025200
3576,R_2YR2Yn7wGzAeAj0,ABIS_BOOK,2020-03-12,1584025200
3577,R_2YR2Yn7wGzAeAj0,PANTS,2020-03-12,1584025200
3578,R_2ZEQSnRGlS7ZscC,SCREEN_PROTECTOR,2020-03-12,1584025200
3579,R_2ZEQSnRGlS7ZscC,FENCE_PANEL,2020-03-12,1584025200
3580,R_2ZZSS68rfn9BMtt,ELECTRIC_WATER_BOILER,2020-03-12,1584025200
3581,R_2b1MfkpNO4V6xMv,SNACK_FOOD_BAR,2020-03-12,1584025200
3582,R_2cBADxleVyzT89z,SHOES,2020-03-12,1584025200
3583,R_2dvh9tu7PLPeipE,TOGGLE_SWITCH,2020-03-12,1584025200
3584,R_2e9e8lhWqVtpb7m,MEDICATION,2020-03-12,1584025200
3585,R_2e9e8lhWqVtpb7m,CELLULAR_PHONE_CASE,2020-03-12,1584025200
3586,R_2e9e8lhWqVtpb7m,STROLLER_PROTECTION_SHIELD,2020-03-12,1584025200
3587,R_2e9e8lhWqVtpb7m,BATTERY,2020-03-12,1584025200
3588,R_2e9e8lhWqVtpb7m,NUTRITIONAL_SUPPLEMENT,2020-03-12,1584025200
3589,R_2ebzj3o225IisIQ,BLOOD_PRESSURE_MONITOR,2020-03-12,1584025200
3590,R_2ebzj3o225IisIQ,MONITOR,2020-03-12,1584025200
3591,R_2ebzj3o225IisIQ,SHOES,2020-03-12,1584025200
3592,R_2ebzj3o225IisIQ,SNACK_FOOD_BAR,2020-03-12,1584025200
3593,R_2ebzj3o225IisIQ,GROCERY,2020-03-12,1584025200
3594,R_2ebzj3o225IisIQ,GUITAR_EFFECT_DEVICE,2020-03-12,1584025200
3595,R_2ebzj3o225IisIQ,COMPUTER_INPUT_DEVICE,2020-03-12,1584025200
3596,R_2ebzj3o225IisIQ,PET_ACTIVITY_STRUCTURE,2020-03-12,1584025200
3597,R_2ebzj3o225IisIQ,PET_FOOD,2020-03-12,1584025200
3598,R_2mAJniG0xVBIInL,PET_FOOD,2020-03-12,1584025200
3599,R_2q2hekIiutgInrE,HEADPHONES,2020-03-12,1584025200
3600,R_2q2hekIiutgInrE,VIDEO_GAME_CONTROLLER,2020-03-12,1584025200
3601,R_2q2hekIiutgInrE,SYSTEM_POWER_DEVICE,2020-03-12,1584025200
3602,R_2rVp4uDv9fYIfdd,GROCERY,2020-03-12,1584025200
3603,R_2rVp4uDv9fYIfdd,TUNIC,2020-03-12,1584025200
3604,R_2wHwNZWEecJflLc,COTTON_PAD,2020-03-12,1584025200
3605,R_2wagDt0ZaSu1p8q,SCREEN_PROTECTOR,2020-03-12,1584025200
3606,R_2wmCdm6ETy6g3k0,UTILITY_CART_WAGON,2020-03-12,1584025200
3607,R_2wmLE1q4FIpfioi,GROCERY,2020-03-12,1584025200
3608,R_2wmLE1q4FIpfioi,HEALTH_PERSONAL_CARE,2020-03-12,1584025200
3609,R_3093m6Spz9VzxAK,EXERCISE_BLOCK,2020-03-12,1584025200
3610,R_3093m6Spz9VzxAK,SOUS_VIDE_MACHINE,2020-03-12,1584025200
3611,R_31QS1Ms6iQEU3mI,HAIR_COMB,2020-03-12,1584025200
3612,R_31aclNgWw4mxrPd,TOYS_AND_GAMES,2020-03-12,1584025200
3613,R_31ycQ8SiOEF1cUN,SHIRT,2020-03-12,1584025200
3614,R_325wNEypLBLRTf7,CELLULAR_PHONE_CASE,2020-03-12,1584025200
3615,R_32LAHRoBCbjkYZj,AIMING_SCOPE_SIGHT,2020-03-12,1584025200
3616,R_32MgYCncUh7NkQE,VEHICLE_SAFETY_CAMERA,2020-03-12,1584025200
3617,R_32MgYCncUh7NkQE,CORD_MANAGEMENT_COVER,2020-03-12,1584025200
3618,R_32WvdLjYpicai6o,TOYS_AND_GAMES,2020-03-12,1584025200
3619,R_32WvdLjYpicai6o,PRINT_COPY_PAPER,2020-03-12,1584025200
3620,R_3EMaONYGibovcxQ,HEADPHONES,2020-03-12,1584025200
3621,R_3EMaONYGibovcxQ,PHYSICAL_MOVIE,2020-03-12,1584025200
3622,R_3EMaONYGibovcxQ,VIVARIUM,2020-03-12,1584025200
3623,R_3EMaONYGibovcxQ,SKIN_CLEANING_AGENT,2020-03-12,1584025200
3624,R_3EMaONYGibovcxQ,CELLULAR_PHONE_CASE,2020-03-12,1584025200
3625,R_3EMaONYGibovcxQ,STORAGE_HOOK,2020-03-12,1584025200
3626,R_3G1gYo1d23Zq8Np,ELECTRONIC_CABLE,2020-03-12,1584025200
3627,R_3G1gYo1d23Zq8Np,HEADPHONES,2020-03-12,1584025200
3628,R_3GiSNq0yPsXSvhf,NUTRITIONAL_SUPPLEMENT,2020-03-12,1584025200
3629,R_3GiSNq0yPsXSvhf,ABIS_BOOK,2020-03-12,1584025200
3630,R_3HgZOjGq4Ny969k,BATTERY,2020-03-12,1584025200
3631,R_3HgZOjGq4Ny969k,ARM_SLEEVE,2020-03-12,1584025200
3632,R_3HigTq4itishziE,GROCERY,2020-03-12,1584025200
3633,R_3HigTq4itishziE,ABIS_BOOK,2020-03-12,1584025200
3634,R_3HigTq4itishziE,GUITAR_EFFECT_DEVICE,2020-03-12,1584025200
3635,R_3J8UJcgwnW51IvN,ABIS_BOOK,2020-03-12,1584025200
3636,R_3J8UJcgwnW51IvN,FRESH_CUT_FLOWERS_PLANTS,2020-03-12,1584025200
3637,R_3L20DbmNPSMtKUd,VITAMIN,2020-03-12,1584025200
3638,R_3L20DbmNPSMtKUd,AMAZON_TABLET,2020-03-12,1584025200
3639,R_3L20DbmNPSMtKUd,HEALTH_PERSONAL_CARE,2020-03-12,1584025200
3640,R_3L20DbmNPSMtKUd,VITAMIN,2020-03-12,1584025200
3641,R_3L20DbmNPSMtKUd,TOYS_AND_GAMES,2020-03-12,1584025200
3642,R_3LXRVZSdJiqH63S,PET_HEALTH_CARE,2020-03-12,1584025200
3643,R_3LXRVZSdJiqH63S,PANTS,2020-03-12,1584025200
3644,R_3LXRVZSdJiqH63S,SCREEN_PROTECTOR,2020-03-12,1584025200
3645,R_3LXRVZSdJiqH63S,BATTERY,2020-03-12,1584025200
3646,R_3LXRVZSdJiqH63S,ABIS_BOOK,2020-03-12,1584025200
3647,R_3MnSLQdJkly3wfg,TOY_FIGURE,2020-03-12,1584025200
3648,R_3MnSLQdJkly3wfg,VEHICLE_SAFETY_CAMERA,2020-03-12,1584025200
3649,R_3MnSLQdJkly3wfg,NUTRITIONAL_SUPPLEMENT,2020-03-12,1584025200
3650,R_3MnSLQdJkly3wfg,NUT_AND_SEED,2020-03-12,1584025200
3651,R_3MnSLQdJkly3wfg,SPORT_EQUIPMENT_BAG_CASE,2020-03-12,1584025200
3652,R_3MnSLQdJkly3wfg,VIDEO_PROJECTOR,2020-03-12,1584025200
3653,R_3MnSLQdJkly3wfg,HOSIERY,2020-03-12,1584025200
3654,R_3MnSLQdJkly3wfg,PANTS,2020-03-12,1584025200
3655,R_3MnSLQdJkly3wfg,NUTRITIONAL_SUPPLEMENT,2020-03-12,1584025200
3656,R_3MnSLQdJkly3wfg,CELLULAR_PHONE_CASE,2020-03-12,1584025200
3657,R_3MnSLQdJkly3wfg,CROCHET_HOOK,2020-03-12,1584025200
3658,R_3MnSLQdJkly3wfg,GROCERY,2020-03-12,1584025200
3659,R_3MnSLQdJkly3wfg,BATTERY,2020-03-12,1584025200
3660,R_3MnSLQdJkly3wfg,WAIST_CINCHER,2020-03-12,1584025200
3661,R_3MnSLQdJkly3wfg,MEDICATION,2020-03-12,1584025200
3662,R_3MnSLQdJkly3wfg,MEAL_REPLACEMENT_BEVERAGE,2020-03-12,1584025200
3663,R_3MnSLQdJkly3wfg,CROCHET_HOOK,2020-03-12,1584025200
3664,R_3MnSLQdJkly3wfg,HEADPHONES,2020-03-12,1584025200
3665,R_3MnSLQdJkly3wfg,SNACK_FOOD_BAR,2020-03-12,1584025200
3666,R_3MnSLQdJkly3wfg,BATTERY,2020-03-12,1584025200
3667,R_3MnSLQdJkly3wfg,ABIS_BOOK,2020-03-12,1584025200
3668,R_3MnSLQdJkly3wfg,SKIN_CLEANING_AGENT,2020-03-12,1584025200
3669,R_3MnSLQdJkly3wfg,CELLULAR_PHONE_CASE,2020-03-12,1584025200
3670,R_3MnSLQdJkly3wfg,TOYS_AND_GAMES,2020-03-12,1584025200
3671,R_3MnSLQdJkly3wfg,DRINK_FLAVORED,2020-03-12,1584025200
3672,R_3MnSLQdJkly3wfg,VITAMIN,2020-03-12,1584025200
3673,R_3MnSLQdJkly3wfg,HOSIERY,2020-03-12,1584025200
3674,R_3MnSLQdJkly3wfg,PHYSICAL_MOVIE,2020-03-12,1584025200
3675,R_3MnSLQdJkly3wfg,HEALTH_PERSONAL_CARE,2020-03-12,1584025200
3676,R_3MnSLQdJkly3wfg,SHIRT,2020-03-12,1584025200
3677,R_3MnSLQdJkly3wfg,BICYCLE_TRAILER,2020-03-12,1584025200
3678,R_3MtDVQQzrp3Cm8d,HEALTH_PERSONAL_CARE,2020-03-12,1584025200
3679,R_3OcPFnYHBC8wrZe,SHIRT,2020-03-12,1584025200
3680,R_3OcPFnYHBC8wrZe,TENT,2020-03-12,1584025200
3681,R_3OiAK9V155cWEsy,PANTS,2020-03-12,1584025200
3682,R_3QE72T2NXn4ninT,SKIN_MOISTURIZER,2020-03-12,1584025200
3683,R_3enuyEOsaEVxTNX,STRINGED_INSTRUMENTS,2020-03-12,1584025200
3684,R_3enuyEOsaEVxTNX,HEADPHONES,2020-03-12,1584025200
3685,R_3fcOMdQm2jGBLKm,PANTS,2020-03-12,1584025200
3686,R_3gTrwWhEzAv6gzH,SEASONING,2020-03-12,1584025200
3687,R_3gTrwWhEzAv6gzH,PANTS,2020-03-12,1584025200
3688,R_3gTrwWhEzAv6gzH,PROTEIN_SUPPLEMENT_POWDER,2020-03-12,1584025200
3689,R_3h4JnsfebywTUxX,SNACK_FOOD_BAR,2020-03-12,1584025200
3690,R_3h4JnsfebywTUxX,3D_PRINTER,2020-03-12,1584025200
3691,R_3iJyVGzX7fyajRz,KITCHEN,2020-03-12,1584025200
3692,R_3jSvX9tw2goV083,SUIT,2020-03-12,1584025200
3693,R_3jYUg0c9puk2lgW,SCREEN_PROTECTOR,2020-03-12,1584025200
3694,R_3jYUg0c9puk2lgW,SKIN_MOISTURIZER,2020-03-12,1584025200
3695,R_3jYUg0c9puk2lgW,TOYS_AND_GAMES,2020-03-12,1584025200
3696,R_3n2VXT4Z99FpnEG,MEDICATION,2020-03-12,1584025200
3697,R_3n2VXT4Z99FpnEG,ORTHOPEDIC_BRACE,2020-03-12,1584025200
3698,R_3n2VXT4Z99FpnEG,SNACK_FOOD_BAR,2020-03-12,1584025200
3699,R_3n2VXT4Z99FpnEG,TOYS_AND_GAMES,2020-03-12,1584025200
3700,R_3n2VXT4Z99FpnEG,COTTON_PAD,2020-03-12,1584025200
3701,R_3qjvaF4zWZz3obB,SANDAL,2020-03-12,1584025200
3702,R_3qjvaF4zWZz3obB,EXERCISE_STRAP,2020-03-12,1584025200
3703,R_3qlnIILTEuzSyGe,CAMPING_EQUIPMENT,2020-03-12,1584025200
3704,R_3qlnIILTEuzSyGe,TOYS_AND_GAMES,2020-03-12,1584025200
3705,R_3qlnIILTEuzSyGe,CELLULAR_PHONE_CASE,2020-03-12,1584025200
3706,R_3qlnIILTEuzSyGe,WRENCH,2020-03-12,1584025200
3707,R_3qlnIILTEuzSyGe,ANIMAL_LITTER,2020-03-12,1584025200
3708,R_3qlnIILTEuzSyGe,SHOES,2020-03-12,1584025200
3709,R_3qlnIILTEuzSyGe,GROCERY,2020-03-12,1584025200
3710,R_3qlnIILTEuzSyGe,SHOES,2020-03-12,1584025200
3711,R_3qlnIILTEuzSyGe,ABIS_BOOK,2020-03-12,1584025200
3712,R_3rV7kPHe9hVsMee,VEGETABLE,2020-03-12,1584025200
3713,R_4YnsyJn7OBPaUut,PANTS,2020-03-12,1584025200
3714,R_6Jw0sPgGkHLnKkp,ELECTRONIC_CABLE,2020-03-12,1584025200
3715,R_6SbhJD23U5a2YJX,EARRING,2020-03-12,1584025200
3716,R_6SbhJD23U5a2YJX,CELLULAR_PHONE_CASE,2020-03-12,1584025200
3717,R_6gwxeBuC9V7nKsF,TAPE_MEASURE,2020-03-12,1584025200
3718,R_6gwxeBuC9V7nKsF,TV_TUNER_CARD,2020-03-12,1584025200
3719,R_7ZH1uBNuL9RQ2K5,GROCERY,2020-03-12,1584025200
3720,R_8CXcySQawXPuJwJ,BABY_PRODUCT,2020-03-12,1584025200
3721,R_8CXcySQawXPuJwJ,GUILD_HOME,2020-03-12,1584025200
3722,R_8CXcySQawXPuJwJ,INCONTINENCE_PROTECTOR,2020-03-12,1584025200
3723,R_8CXcySQawXPuJwJ,MEDICATION,2020-03-12,1584025200
3724,R_8CXcySQawXPuJwJ,PANTS,2020-03-12,1584025200
3725,R_8CXcySQawXPuJwJ,PANTS,2020-03-12,1584025200
3726,R_8CXcySQawXPuJwJ,SKIN_MOISTURIZER,2020-03-12,1584025200
3727,R_8CXcySQawXPuJwJ,GROCERY,2020-03-12,1584025200
3728,R_8CXcySQawXPuJwJ,NUTRITIONAL_SUPPLEMENT,2020-03-12,1584025200
3729,R_8CXcySQawXPuJwJ,PHONE_ACCESSORY,2020-03-12,1584025200
3730,R_8CXcySQawXPuJwJ,TEMPORARY_TATTOO,2020-03-12,1584025200
3731,R_8pMsG4P0RqzoSlz,HARDWARE_TUBING,2020-03-12,1584025200
3732,R_Amq2LudEdwYblXX,TOYS_AND_GAMES,2020-03-12,1584025200
3733,R_Amq2LudEdwYblXX,NUTRITIONAL_SUPPLEMENT,2020-03-12,1584025200
3734,R_Amq2LudEdwYblXX,CELLULAR_PHONE_CASE,2020-03-12,1584025200
3735,R_BWhnv4EdbhSS6rf,SNACK_FOOD_BAR,2020-03-12,1584025200
3736,R_BWhnv4EdbhSS6rf,SKIN_MOISTURIZER,2020-03-12,1584025200
3737,R_BWhnv4EdbhSS6rf,SKIN_MOISTURIZER,2020-03-12,1584025200
3738,R_BWhnv4EdbhSS6rf,BATTERY,2020-03-12,1584025200
3739,R_DqTqoF539jfSsLf,BATTERY,2020-03-12,1584025200
3740,R_DqTqoF539jfSsLf,ABIS_BOOK,2020-03-12,1584025200
3741,R_O6ZX76mggPnAOfD,GROCERY,2020-03-12,1584025200
3742,R_O6ZX76mggPnAOfD,TOYS_AND_GAMES,2020-03-12,1584025200
3743,R_O9FzIlCvCxllJSN,NUTRITIONAL_SUPPLEMENT,2020-03-12,1584025200
3744,R_O9FzIlCvCxllJSN,SEAFOOD,2020-03-12,1584025200
3745,R_Odixb15Ykmxb0Dn,PANTS,2020-03-12,1584025200
3746,R_Odixb15Ykmxb0Dn,PHYSICAL_MOVIE,2020-03-12,1584025200
3747,R_Odixb15Ykmxb0Dn,VITAMIN,2020-03-12,1584025200
3748,R_SIWNWQmjel55jzP,PERSONAL_FRAGRANCE,2020-03-12,1584025200
3749,R_SIWNWQmjel55jzP,SUNSCREEN,2020-03-12,1584025200
3750,R_SIWNWQmjel55jzP,SHIRT,2020-03-12,1584025200
3751,R_SIWNWQmjel55jzP,SHOES,2020-03-12,1584025200
3752,R_SIWNWQmjel55jzP,SHIRT,2020-03-12,1584025200
3753,R_SIWNWQmjel55jzP,GROCERY,2020-03-12,1584025200
3754,R_SIWNWQmjel55jzP,SKIN_MOISTURIZER,2020-03-12,1584025200
3755,R_SIWNWQmjel55jzP,SHIRT,2020-03-12,1584025200
3756,R_SIWNWQmjel55jzP,SKIN_CLEANING_AGENT,2020-03-12,1584025200
3757,R_SIWNWQmjel55jzP,SKIN_CLEANING_AGENT,2020-03-12,1584025200
3758,R_SIWNWQmjel55jzP,SCREEN_PROTECTOR,2020-03-12,1584025200
3759,R_SVHcBOlErkMEJjP,SNACK_FOOD_BAR,2020-03-12,1584025200
3760,R_SVHcBOlErkMEJjP,NUTRITIONAL_SUPPLEMENT,2020-03-12,1584025200
3761,R_TtK3Qkb3c3EIeoV,NUTRITIONAL_SUPPLEMENT,2020-03-12,1584025200
3762,R_TtK3Qkb3c3EIeoV,ELECTRONIC_CABLE,2020-03-12,1584025200
3763,R_UEke64xAaOG3mTf,GROCERY,2020-03-12,1584025200
3764,R_VPWGdK1zBBekfAJ,LAUNDRY_APPLIANCE,2020-03-12,1584025200
3765,R_XUhit9pAXhD746B,PET_FOOD,2020-03-12,1584025200
3766,R_Z4qMkqhWSmIbdSh,WALLET,2020-03-12,1584025200
3767,R_ZkokwdIEZybYo9z,DRILL_BITS,2020-03-12,1584025200
3768,R_ZkokwdIEZybYo9z,PALETTE_PUTTY_KNIFE,2020-03-12,1584025200
3769,R_b8UnkZJoU93ZxEB,LAMINATOR,2020-03-12,1584025200
3770,R_b8UnkZJoU93ZxEB,HEADPHONES,2020-03-12,1584025200
3771,R_bKJcIltPwncL9uN,SHOE_INSERT,2020-03-12,1584025200
3772,R_bKJcIltPwncL9uN,SKIN_CLEANING_AGENT,2020-03-12,1584025200
3773,R_cAcAtozIWnZIbGp,VITAMIN,2020-03-12,1584025200
3774,R_cAcAtozIWnZIbGp,PROTECTIVE_GLOVE,2020-03-12,1584025200
3775,R_puS9dcuNnDHSZ8Z,SCREEN_PROTECTOR,2020-03-12,1584025200
3776,R_puS9dcuNnDHSZ8Z,SNACK_FOOD_BAR,2020-03-12,1584025200
3777,R_qxTrp3qz2YCQAnv,COAT,2020-03-12,1584025200
3778,R_r1qqClBL89aFjXP,HEALTH_PERSONAL_CARE,2020-03-12,1584025200
3779,R_s6BUJFPzFF8fk2d,APPAREL_BELT,2020-03-12,1584025200
3780,R_s6BUJFPzFF8fk2d,GROCERY,2020-03-12,1584025200
3781,R_vNUg1BUX4xLMPER,MEDICATION,2020-03-12,1584025200
3782,R_vNUg1BUX4xLMPER,WATER_PURIFICATION_UNIT,2020-03-12,1584025200
3783,R_yC5ffbdBLVi93Pz,PET_FOOD,2020-03-12,1584025200
3784,R_yC5ffbdBLVi93Pz,TOYS_AND_GAMES,2020-03-12,1584025200
3785,R_yC5ffbdBLVi93Pz,STICKER_DECAL,2020-03-12,1584025200
3786,R_yC5ffbdBLVi93Pz,SEWING_PATTERN,2020-03-12,1584025200
3787,R_yJz6aXbKddNbgZz,VACUUM_CLEANER,2020-03-12,1584025200
3788,R_yrLrYUf4oFzOnjb,PET_FOOD,2020-03-12,1584025200
3789,R_yrLrYUf4oFzOnjb,HEALTH_PERSONAL_CARE,2020-03-12,1584025200
3790,R_z1mFB9Qp9HSTCIV,MEDICATION,2020-03-12,1584025200
3791,R_z1mFB9Qp9HSTCIV,NUTRITIONAL_SUPPLEMENT,2020-03-12,1584025200
3792,R_10TA7pCDmelHi5H,SHOES,2020-03-13,1584111600
3793,R_10TA7pCDmelHi5H,TOOTHBRUSH,2020-03-13,1584111600
3794,R_10TA7pCDmelHi5H,SHOES,2020-03-13,1584111600
3795,R_10TA7pCDmelHi5H,ABIS_BOOK,2020-03-13,1584111600
3796,R_10TV1zyi4yCEEkl,PANTS,2020-03-13,1584111600
3797,R_10wSqGFumZGSTmH,NAIL_POWDER,2020-03-13,1584111600
3798,R_129jUlsvVcVBDur,NUTRITIONAL_SUPPLEMENT,2020-03-13,1584111600
3799,R_129jUlsvVcVBDur,MEDICATION,2020-03-13,1584111600
3800,R_129jUlsvVcVBDur,MEDICATION,2020-03-13,1584111600
3801,R_12QFQ7lCIls8sRd,SCREEN_PROTECTOR,2020-03-13,1584111600
3802,R_12QFQ7lCIls8sRd,ELECTRONIC_CABLE,2020-03-13,1584111600
3803,R_1BNwZP0DdTOa4rT,VITAMIN,2020-03-13,1584111600
3804,R_1BNwZP0DdTOa4rT,SKIN_CLEANING_AGENT,2020-03-13,1584111600
3805,R_1BNwZP0DdTOa4rT,SHIRT,2020-03-13,1584111600
3806,R_1BNwZP0DdTOa4rT,ELECTRONIC_CABLE,2020-03-13,1584111600
3807,R_1BNwZP0DdTOa4rT,SNACK_FOOD_BAR,2020-03-13,1584111600
3808,R_1C4nKyrv0w2thJn,SKIN_MOISTURIZER,2020-03-13,1584111600
3809,R_1C4nKyrv0w2thJn,CEREAL,2020-03-13,1584111600
3810,R_1C4nKyrv0w2thJn,SWIMWEAR,2020-03-13,1584111600
3811,R_1C75XRebT1eliL0,ELECTRONIC_CABLE,2020-03-13,1584111600
3812,R_1C9YUFD8GunlGej,ELECTRONIC_DEVICE_SKIN,2020-03-13,1584111600
3813,R_1C9YUFD8GunlGej,VITAMIN,2020-03-13,1584111600
3814,R_1C9YUFD8GunlGej,VITAMIN,2020-03-13,1584111600
3815,R_1CjWIsByjtP0GxZ,ABIS_BOOK,2020-03-13,1584111600
3816,R_1CqGMkfiCiATbn4,PINATA,2020-03-13,1584111600
3817,R_1DAmI2BFtglaWhP,MEDICATION,2020-03-13,1584111600
3818,R_1DAmI2BFtglaWhP,CANDLE,2020-03-13,1584111600
3819,R_1DAmI2BFtglaWhP,VITAMIN,2020-03-13,1584111600
3820,R_1DAmI2BFtglaWhP,DRAWER_SLIDE,2020-03-13,1584111600
3821,R_1DJdUrYA1I0QAKh,MEDICATION,2020-03-13,1584111600
3822,R_1DYWdbAMt6LyCZH,HEALTH_PERSONAL_CARE,2020-03-13,1584111600
3823,R_1DYWdbAMt6LyCZH,TOYS_AND_GAMES,2020-03-13,1584111600
3824,R_1DYWdbAMt6LyCZH,TOYS_AND_GAMES,2020-03-13,1584111600
3825,R_1Fyt6rHyiQcVOT8,NUTRITIONAL_SUPPLEMENT,2020-03-13,1584111600
3826,R_1Fyt6rHyiQcVOT8,HEALTH_PERSONAL_CARE,2020-03-13,1584111600
3827,R_1Fyt6rHyiQcVOT8,ELECTRONIC_CABLE,2020-03-13,1584111600
3828,R_1Fyt6rHyiQcVOT8,FALSE_EYELASH,2020-03-13,1584111600
3829,R_1Fyt6rHyiQcVOT8,PHYSICAL_MOVIE,2020-03-13,1584111600
3830,R_1Fyt6rHyiQcVOT8,SHOES,2020-03-13,1584111600
3831,R_1GVsIStj8gTkbIE,ABIS_BOOK,2020-03-13,1584111600
3832,R_1GVsIStj8gTkbIE,HEADPHONES,2020-03-13,1584111600
3833,R_1IZrt5CyqgTg2Qe,PHYSICAL_TV_SERIES,2020-03-13,1584111600
3834,R_1IZrt5CyqgTg2Qe,BONDING_ADHESIVES,2020-03-13,1584111600
3835,R_1IZrt5CyqgTg2Qe,SHOES,2020-03-13,1584111600
3836,R_1IaYiTSaUaD2W2i,DISHWASHER_DETERGENT,2020-03-13,1584111600
3837,R_1IaYiTSaUaD2W2i,SKIN_CLEANING_AGENT,2020-03-13,1584111600
3838,R_1IaYiTSaUaD2W2i,ABIS_BOOK,2020-03-13,1584111600
3839,R_1IaYiTSaUaD2W2i,SKIN_MOISTURIZER,2020-03-13,1584111600
3840,R_1KkFs7rgWXlWf58,GIFT_CARD,2020-03-13,1584111600
3841,R_1LRR1P5IQqdSvIP,SOIL,2020-03-13,1584111600
3842,R_1NDq0rxoUSu6oyz,VITAMIN,2020-03-13,1584111600
3843,R_1NDq0rxoUSu6oyz,GROCERY,2020-03-13,1584111600
3844,R_1NDq0rxoUSu6oyz,SANDAL,2020-03-13,1584111600
3845,R_1NDq0rxoUSu6oyz,SKIN_CLEANING_AGENT,2020-03-13,1584111600
3846,R_1NDq0rxoUSu6oyz,MEDICATION,2020-03-13,1584111600
3847,R_1NDq0rxoUSu6oyz,RICE_COOKERS,2020-03-13,1584111600
3848,R_1NDq0rxoUSu6oyz,SHIRT,2020-03-13,1584111600
3849,R_1NDq0rxoUSu6oyz,PANTS,2020-03-13,1584111600
3850,R_1NDq0rxoUSu6oyz,PET_FOOD,2020-03-13,1584111600
3851,R_1P0kCmz0zdMSEld,VITAMIN,2020-03-13,1584111600
3852,R_1QKu8qtvgo0d1uS,NUTRITIONAL_SUPPLEMENT,2020-03-13,1584111600
3853,R_1QKu8qtvgo0d1uS,SKIN_MOISTURIZER,2020-03-13,1584111600
3854,R_1QLfbB3Lho273wG,NUTRITIONAL_SUPPLEMENT,2020-03-13,1584111600
3855,R_1QLfbB3Lho273wG,SHIRT,2020-03-13,1584111600
3856,R_1QupmKjSh9fA4l4,PROTECTIVE_GLOVE,2020-03-13,1584111600
3857,R_1QupmKjSh9fA4l4,SWEATBAND,2020-03-13,1584111600
3858,R_1QupmKjSh9fA4l4,SWEATBAND,2020-03-13,1584111600
3859,R_1dFu7LeBJE3Wd6p,VITAMIN,2020-03-13,1584111600
3860,R_1dKBjc0UTA0ZiYb,BICYCLE_TRAINER,2020-03-13,1584111600
3861,R_1dKBjc0UTA0ZiYb,SKIN_MOISTURIZER,2020-03-13,1584111600
3862,R_1dKBjc0UTA0ZiYb,VITAMIN,2020-03-13,1584111600
3863,R_1eEsLZ6SYLsIG0s,SOCKSHOSIERY,2020-03-13,1584111600
3864,R_1eEsLZ6SYLsIG0s,DRESS,2020-03-13,1584111600
3865,R_1hJWB4rlc8B2yCi,DISHWASHER_DETERGENT,2020-03-13,1584111600
3866,R_1hJWB4rlc8B2yCi,JUICE_AND_JUICE_DRINK,2020-03-13,1584111600
3867,R_1jARg5bGH5uqAKW,PET_ACTIVITY_STRUCTURE,2020-03-13,1584111600
3868,R_1jARg5bGH5uqAKW,STORAGE_HOOK,2020-03-13,1584111600
3869,R_1jO4s7oht3pyKEc,NUTRITIONAL_SUPPLEMENT,2020-03-13,1584111600
3870,R_1jO4s7oht3pyKEc,LADDER,2020-03-13,1584111600
3871,R_1jO4s7oht3pyKEc,SHIRT,2020-03-13,1584111600
3872,R_1jO4s7oht3pyKEc,SKIN_MOISTURIZER,2020-03-13,1584111600
3873,R_1jUqdfR1Zz6mZMf,OFFICE_PRODUCTS,2020-03-13,1584111600
3874,R_1jUqdfR1Zz6mZMf,PET_FOOD,2020-03-13,1584111600
3875,R_1jUqdfR1Zz6mZMf,ELECTRONIC_CABLE,2020-03-13,1584111600
3876,R_1kYuVPgjXmEfSf8,GROCERY,2020-03-13,1584111600
3877,R_1kYuVPgjXmEfSf8,BATTERY,2020-03-13,1584111600
3878,R_1kYuVPgjXmEfSf8,VEHICLE_BRAKE_PAD,2020-03-13,1584111600
3879,R_1l4zCtGUTvAWdS6,PANTS,2020-03-13,1584111600
3880,R_1l4zCtGUTvAWdS6,FURNITURE_LEG,2020-03-13,1584111600
3881,R_1oFRyes3ggnKU4B,WALL_ART,2020-03-13,1584111600
3882,R_1oFRyes3ggnKU4B,TOY_BUILDING_BLOCK,2020-03-13,1584111600
3883,R_1oFRyes3ggnKU4B,MEDICATION,2020-03-13,1584111600
3884,R_1oFRyes3ggnKU4B,SNACK_FOOD_BAR,2020-03-13,1584111600
3885,R_1oFRyes3ggnKU4B,BLANK_MEDIA,2020-03-13,1584111600
3886,R_1owkdABF1wNKFKI,SNACK_FOOD_BAR,2020-03-13,1584111600
3887,R_1q7AvsyRPpTSWFi,SHIRT,2020-03-13,1584111600
3888,R_1q7AvsyRPpTSWFi,NUTRITIONAL_SUPPLEMENT,2020-03-13,1584111600
3889,R_20O6baqxT4T2CbA,PRINTER,2020-03-13,1584111600
3890,R_20S7crqtX9XLeBx,PAINT,2020-03-13,1584111600
3891,R_20S7crqtX9XLeBx,VITAMIN,2020-03-13,1584111600
3892,R_20S7crqtX9XLeBx,SKIN_MOISTURIZER,2020-03-13,1584111600
3893,R_20S7crqtX9XLeBx,PET_FOOD,2020-03-13,1584111600
3894,R_20S7crqtX9XLeBx,ABIS_BOOK,2020-03-13,1584111600
3895,R_20S7crqtX9XLeBx,BOARD_GAME,2020-03-13,1584111600
3896,R_20S7crqtX9XLeBx,ABIS_BOOK,2020-03-13,1584111600
3897,R_20Yd9DvrGselmZY,HEALTH_PERSONAL_CARE,2020-03-13,1584111600
3898,R_210tLKdUbUZuf7O,LIGHT_FIXTURE,2020-03-13,1584111600
3899,R_21B94A6XQ9h1HZb,JERKY,2020-03-13,1584111600
3900,R_21B94A6XQ9h1HZb,SCREEN_PROTECTOR,2020-03-13,1584111600
3901,R_21B94A6XQ9h1HZb,CELLULAR_PHONE_CASE,2020-03-13,1584111600
3902,R_21GPeeqYRjC1kb1,SNACK_FOOD_BAR,2020-03-13,1584111600
3903,R_21GPeeqYRjC1kb1,GROCERY,2020-03-13,1584111600
3904,R_21GPeeqYRjC1kb1,TEA,2020-03-13,1584111600
3905,R_21GPeeqYRjC1kb1,BATTERY,2020-03-13,1584111600
3906,R_22QYpfx86KSwry8,HAIR_CARE_AGENT,2020-03-13,1584111600
3907,R_22XEVzemearX7mD,SKIN_CLEANING_AGENT,2020-03-13,1584111600
3908,R_24HjnyxNZEm32Xb,ABIS_BOOK,2020-03-13,1584111600
3909,R_24HjnyxNZEm32Xb,DEEP_FRYER,2020-03-13,1584111600
3910,R_24MKoSmvuiLEI76,HEADPHONES,2020-03-13,1584111600
3911,R_24MKoSmvuiLEI76,BATTERY,2020-03-13,1584111600
3912,R_24MKoSmvuiLEI76,BAKING_MIX,2020-03-13,1584111600
3913,R_24MKoSmvuiLEI76,CELLULAR_PHONE_CASE,2020-03-13,1584111600
3914,R_24MKoSmvuiLEI76,HEALTH_PERSONAL_CARE,2020-03-13,1584111600
3915,R_24csoaO569P4Yzz,HARDWARE,2020-03-13,1584111600
3916,R_24csoaO569P4Yzz,SHOES,2020-03-13,1584111600
3917,R_24csoaO569P4Yzz,PHYSICAL_MOVIE,2020-03-13,1584111600
3918,R_24csoaO569P4Yzz,ABIS_BOOK,2020-03-13,1584111600
3919,R_24vf4xIuT0kGsZ3,SKIN_MOISTURIZER,2020-03-13,1584111600
3920,R_24vf4xIuT0kGsZ3,SNORKELING_SET,2020-03-13,1584111600
3921,R_277i50HinKYVoY9,LIP_BALM,2020-03-13,1584111600
3922,R_277i50HinKYVoY9,PANTS,2020-03-13,1584111600
3923,R_277i50HinKYVoY9,PHYSICAL_MOVIE,2020-03-13,1584111600
3924,R_277i50HinKYVoY9,PANTS,2020-03-13,1584111600
3925,R_29bHzqH6Blzwhem,MEDICATION,2020-03-13,1584111600
3926,R_2D1zydYR5SZ0LpK,PET_FOOD,2020-03-13,1584111600
3927,R_2D6v6VH3RC5ZGC4,PORTABLE_ELECTRONIC_DEVICE_MOUNT,2020-03-13,1584111600
3928,R_2D6v6VH3RC5ZGC4,ABIS_BOOK,2020-03-13,1584111600
3929,R_2DOWnSX3XtTVapF,SKIN_CLEANING_AGENT,2020-03-13,1584111600
3930,R_2DOWnSX3XtTVapF,ELECTRONIC_CABLE,2020-03-13,1584111600
3931,R_2DV0bsqugjyav1y,SKIN_CLEANING_AGENT,2020-03-13,1584111600
3932,R_2EglJpTWGEiwQYa,ELECTRONIC_CABLE,2020-03-13,1584111600
3933,R_2EglJpTWGEiwQYa,BATTERY,2020-03-13,1584111600
3934,R_2EglJpTWGEiwQYa,ELECTRONIC_CABLE,2020-03-13,1584111600
3935,R_2EglJpTWGEiwQYa,SNACK_FOOD_BAR,2020-03-13,1584111600
3936,R_2EglJpTWGEiwQYa,PHYSICAL_MOVIE,2020-03-13,1584111600
3937,R_2EglJpTWGEiwQYa,PANTS,2020-03-13,1584111600
3938,R_2EglJpTWGEiwQYa,ELECTRONIC_CABLE,2020-03-13,1584111600
3939,R_2EglJpTWGEiwQYa,DISHWARE_BOWL,2020-03-13,1584111600
3940,R_2EglJpTWGEiwQYa,ICE_CUBE_TRAY,2020-03-13,1584111600
3941,R_2EglJpTWGEiwQYa,BATTERY,2020-03-13,1584111600
3942,R_2EglJpTWGEiwQYa,CELLULAR_PHONE_CASE,2020-03-13,1584111600
3943,R_2EglJpTWGEiwQYa,PORTABLE_TOOL_BOX,2020-03-13,1584111600
3944,R_2EglJpTWGEiwQYa,SKIN_CLEANING_AGENT,2020-03-13,1584111600
3945,R_2EglJpTWGEiwQYa,VITAMIN,2020-03-13,1584111600
3946,R_2EglJpTWGEiwQYa,PORTABLE_TOOL_BOX,2020-03-13,1584111600
3947,R_2EglJpTWGEiwQYa,SANDAL,2020-03-13,1584111600
3948,R_2EglJpTWGEiwQYa,GROCERY,2020-03-13,1584111600
3949,R_2EglJpTWGEiwQYa,MEDICATION,2020-03-13,1584111600
3950,R_2EglJpTWGEiwQYa,BATTERY,2020-03-13,1584111600
3951,R_2EglJpTWGEiwQYa,SANITARY_NAPKIN,2020-03-13,1584111600
3952,R_2En0sbvQ7s48ufv,BLADED_FOOD_PEELER,2020-03-13,1584111600
3953,R_2Ser7goSgo0gVBj,PET_SUPPLIES,2020-03-13,1584111600
3954,R_2Ser7goSgo0gVBj,GUITAR_EFFECT_DEVICE,2020-03-13,1584111600
3955,R_2WAagX64hf1kdMI,SINGLE_BOARD_COMPUTER,2020-03-13,1584111600
3956,R_2Xj7LtCe2Mt8jNi,SQUEEGEE,2020-03-13,1584111600
3957,R_2Xj7LtCe2Mt8jNi,PANTS,2020-03-13,1584111600
3958,R_2YR2Yn7wGzAeAj0,CELLULAR_PHONE_CASE,2020-03-13,1584111600
3959,R_2YR2Yn7wGzAeAj0,SHOES,2020-03-13,1584111600
3960,R_2YR2Yn7wGzAeAj0,PITCHER,2020-03-13,1584111600
3961,R_2ZEQSnRGlS7ZscC,BATTERY,2020-03-13,1584111600
3962,R_2ZEQSnRGlS7ZscC,PHYSICAL_MOVIE,2020-03-13,1584111600
3963,R_2ZK5JH2NcMfnWuS,BAKING_PAPER,2020-03-13,1584111600
3964,R_2alDLWrajjnLX6F,HAIR_STYLING_AGENT,2020-03-13,1584111600
3965,R_2aldwxmUZox7Yfd,HEADPHONES,2020-03-13,1584111600
3966,R_2aldwxmUZox7Yfd,SCREEN_PROTECTOR,2020-03-13,1584111600
3967,R_2b1XOZR0PYTA1jX,TAPE_LABEL_DISPENSER,2020-03-13,1584111600
3968,R_2cvmrv8q51q8yh1,ABIS_BOOK,2020-03-13,1584111600
3969,R_2cvmrv8q51q8yh1,SKIN_MOISTURIZER,2020-03-13,1584111600
3970,R_2dvh9tu7PLPeipE,TOYS_AND_GAMES,2020-03-13,1584111600
3971,R_2dvh9tu7PLPeipE,HEALTH_PERSONAL_CARE,2020-03-13,1584111600
3972,R_2ebzj3o225IisIQ,MEDICATION,2020-03-13,1584111600
3973,R_2ebzj3o225IisIQ,PET_ACTIVITY_STRUCTURE,2020-03-13,1584111600
3974,R_2pWwhBj1ZE9iNrB,TOYS_AND_GAMES,2020-03-13,1584111600
3975,R_2q2hekIiutgInrE,ABIS_BOOK,2020-03-13,1584111600
3976,R_2s5YO3cdqKDFyIM,SHOES,2020-03-13,1584111600
3977,R_2uTysluImvxkQBY,HAIR_COLORING_AGENT,2020-03-13,1584111600
3978,R_2xzc7JBNEgYNAqY,DRY_SHAMPOO,2020-03-13,1584111600
3979,R_2z7rLZb69WuqDdf,BATTERY,2020-03-13,1584111600
3980,R_2z7rLZb69WuqDdf,PHYSICAL_MOVIE,2020-03-13,1584111600
3981,R_2zCmQhJtrw3xBtV,MATERIAL_HANDLING,2020-03-13,1584111600
3982,R_31QS1Ms6iQEU3mI,AUTO_PART,2020-03-13,1584111600
3983,R_31QS1Ms6iQEU3mI,VITAMIN,2020-03-13,1584111600
3984,R_31n2MLk9w05iLzN,BATHWATER_ADDITIVE,2020-03-13,1584111600
3985,R_31n2MLk9w05iLzN,MEDICATION,2020-03-13,1584111600
3986,R_31n2MLk9w05iLzN,CHARGING_ADAPTER,2020-03-13,1584111600
3987,R_32RSCpvF0PqDFBp,NUTRITIONAL_SUPPLEMENT,2020-03-13,1584111600
3988,R_333cPUAJRgYXqi1,SPARK_PLUG,2020-03-13,1584111600
3989,R_338AsE7QedeQ72w,PET_FOOD,2020-03-13,1584111600
3990,R_3EQ2dhEXGhy72Xx,SKIN_CLEANING_WIPE,2020-03-13,1584111600
3991,R_3EQ2dhEXGhy72Xx,SCREEN_PROTECTOR,2020-03-13,1584111600
3992,R_3EQ2dhEXGhy72Xx,TOYS_AND_GAMES,2020-03-13,1584111600
3993,R_3EQ2dhEXGhy72Xx,ABIS_BOOK,2020-03-13,1584111600
3994,R_3EQ2dhEXGhy72Xx,WATCH,2020-03-13,1584111600
3995,R_3EQJpaOtt2aP8HS,GROCERY,2020-03-13,1584111600
3996,R_3EsC5YHmiHe5s54,PASTRY,2020-03-13,1584111600
3997,R_3EzeiT36qvnPNn2,SKIN_MOISTURIZER,2020-03-13,1584111600
3998,R_3GCXgWFPLgXAuFC,VITAMIN,2020-03-13,1584111600
3999,R_3GCXgWFPLgXAuFC,PHYSICAL_MOVIE,2020-03-13,1584111600
4000,R_3GCXgWFPLgXAuFC,ELECTRONIC_CABLE,2020-03-13,1584111600
4001,R_3GqfePl8gH1VWP1,TOYS_AND_GAMES,2020-03-13,1584111600
4002,R_3HAk4tN4hE1Arcm,VEHICLE_SCAN_TOOL,2020-03-13,1584111600
4003,R_3HAk4tN4hE1Arcm,SCREEN_PROTECTOR,2020-03-13,1584111600
4004,R_3HAk4tN4hE1Arcm,SHOES,2020-03-13,1584111600
4005,R_3HAk4tN4hE1Arcm,SHIRT,2020-03-13,1584111600
4006,R_3HAk4tN4hE1Arcm,FLAT_SHEET,2020-03-13,1584111600
4007,R_3L20DbmNPSMtKUd,PHYSICAL_MOVIE,2020-03-13,1584111600
4008,R_3Mc9nZhk6fg7b8z,VEHICLE_SEAT_COVER,2020-03-13,1584111600
4009,R_3MhBAq6V6XHU9ln,SHIRT,2020-03-13,1584111600
4010,R_3MhBAq6V6XHU9ln,SKIN_CLEANING_AGENT,2020-03-13,1584111600
4011,R_3MhBAq6V6XHU9ln,TRACK_SUIT,2020-03-13,1584111600
4012,R_3MhBAq6V6XHU9ln,PHYSICAL_MOVIE,2020-03-13,1584111600
4013,R_3MhBAq6V6XHU9ln,PET_FOOD,2020-03-13,1584111600
4014,R_3MhBAq6V6XHU9ln,COAT,2020-03-13,1584111600
4015,R_3MhBAq6V6XHU9ln,ABIS_BOOK,2020-03-13,1584111600
4016,R_3NCfhSJSgGWexUL,SCREEN_PROTECTOR,2020-03-13,1584111600
4017,R_3NwUrzA3eAsS3xO,PET_FOOD,2020-03-13,1584111600
4018,R_3NwUrzA3eAsS3xO,PERSONAL_PILL_DISPENSER,2020-03-13,1584111600
4019,R_3PAyJj7mQvMzMco,SKIN_CLEANING_AGENT,2020-03-13,1584111600
4020,R_3PUi8o2if0JqKfl,PANTS,2020-03-13,1584111600
4021,R_3PUi8o2if0JqKfl,SCREEN_PROTECTOR,2020-03-13,1584111600
4022,R_3PZvezr4ITRkiKV,SKIN_MOISTURIZER,2020-03-13,1584111600
4023,R_3PZvezr4ITRkiKV,PET_FOOD,2020-03-13,1584111600
4024,R_3PZvezr4ITRkiKV,GIFT_CARD,2020-03-13,1584111600
4025,R_3PZvezr4ITRkiKV,SHIRT,2020-03-13,1584111600
4026,R_3PZvezr4ITRkiKV,PHYSICAL_MOVIE,2020-03-13,1584111600
4027,R_3PZvezr4ITRkiKV,SHIRT,2020-03-13,1584111600
4028,R_3PZvezr4ITRkiKV,TOYS_AND_GAMES,2020-03-13,1584111600
4029,R_3PZvezr4ITRkiKV,GROCERY,2020-03-13,1584111600
4030,R_3PZvezr4ITRkiKV,KNIFE_SHARPENER,2020-03-13,1584111600
4031,R_3PZvezr4ITRkiKV,TOYS_AND_GAMES,2020-03-13,1584111600
4032,R_3PZvezr4ITRkiKV,PACKAGED_SOUP_AND_STEW,2020-03-13,1584111600
4033,R_3PZvezr4ITRkiKV,FOOD_STORAGE_BAG,2020-03-13,1584111600
4034,R_3PcameSHVD10BZP,SUSPENSION_LIFT_SUPPORT,2020-03-13,1584111600
4035,R_3PcameSHVD10BZP,CELLULAR_PHONE_CASE,2020-03-13,1584111600
4036,R_3PcameSHVD10BZP,VITAMIN,2020-03-13,1584111600
4037,R_3PcameSHVD10BZP,SKIN_MOISTURIZER,2020-03-13,1584111600
4038,R_3PcameSHVD10BZP,SKIN_MOISTURIZER,2020-03-13,1584111600
4039,R_3PcameSHVD10BZP,MEDICATION,2020-03-13,1584111600
4040,R_3PcameSHVD10BZP,ABIS_BOOK,2020-03-13,1584111600
4041,R_3PcameSHVD10BZP,AIR_GUN_PROJECTILE,2020-03-13,1584111600
4042,R_3PcameSHVD10BZP,SHOES,2020-03-13,1584111600
4043,R_3enuyEOsaEVxTNX,SHOES,2020-03-13,1584111600
4044,R_3ez7TNnB78XtMa7,ELLIPTICAL_TRAINER,2020-03-13,1584111600
4045,R_3ez7TNnB78XtMa7,SCREEN_PROTECTOR,2020-03-13,1584111600
4046,R_3gTrwWhEzAv6gzH,TOYS_AND_GAMES,2020-03-13,1584111600
4047,R_3gTrwWhEzAv6gzH,NECKLACE,2020-03-13,1584111600
4048,R_3gTrwWhEzAv6gzH,SUNGLASSES,2020-03-13,1584111600
4049,R_3ixOwXLuUfjiWS8,EYELASH_CURLER,2020-03-13,1584111600
4050,R_3ixOwXLuUfjiWS8,SHOES,2020-03-13,1584111600
4051,R_3ixOwXLuUfjiWS8,TOY_FIGURE,2020-03-13,1584111600
4052,R_3m3H4mwZ2snYFua,BATTERY,2020-03-13,1584111600
4053,R_3m3H4mwZ2snYFua,KEYCAP,2020-03-13,1584111600
4054,R_3n17fNI56KA8rTV,MEDICATION,2020-03-13,1584111600
4055,R_3nAdXXqYg1JqHOf,OUTBOARD_MOTOR,2020-03-13,1584111600
4056,R_3nAdXXqYg1JqHOf,SHIRT,2020-03-13,1584111600
4057,R_3qTFp0FJqUeMhVZ,HEADPHONES,2020-03-13,1584111600
4058,R_3qTFp0FJqUeMhVZ,CLEANING_AGENT,2020-03-13,1584111600
4059,R_3qahw7Bskcnb8CK,SHIRT,2020-03-13,1584111600
4060,R_3rZHdmB75jSgwhr,HAND_SEWING_NEEDLE,2020-03-13,1584111600
4061,R_3rZHdmB75jSgwhr,SNACK_FOOD_BAR,2020-03-13,1584111600
4062,R_3sbM1ke1qD79iaT,PHYSICAL_GIFT_CARD,2020-03-13,1584111600
4063,R_3sbM1ke1qD79iaT,SNACK_FOOD_BAR,2020-03-13,1584111600
4064,R_4PhRzF4UI9ooLh7,BATTERY,2020-03-13,1584111600
4065,R_4PhRzF4UI9ooLh7,POOL_HEATER,2020-03-13,1584111600
4066,R_4PhRzF4UI9ooLh7,VITAMIN,2020-03-13,1584111600
4067,R_4TMdmQ1SjGtT6Ex,BONDING_ADHESIVES,2020-03-13,1584111600
4068,R_4TMdmQ1SjGtT6Ex,SKIN_MOISTURIZER,2020-03-13,1584111600
4069,R_5uabKnJBMc7HyEN,PIERCING_JEWELRY,2020-03-13,1584111600
4070,R_5uabKnJBMc7HyEN,ELECTRONIC_CABLE,2020-03-13,1584111600
4071,R_5uabKnJBMc7HyEN,TOYS_AND_GAMES,2020-03-13,1584111600
4072,R_6SbhJD23U5a2YJX,SHOES,2020-03-13,1584111600
4073,R_6fzbeTqbnF0kBih,BATTERY,2020-03-13,1584111600
4074,R_6fzbeTqbnF0kBih,FREESTANDING_SHELTER,2020-03-13,1584111600
4075,R_8CXcySQawXPuJwJ,SKIN_CLEANING_AGENT,2020-03-13,1584111600
4076,R_8CXcySQawXPuJwJ,SMOKING_PIPE,2020-03-13,1584111600
4077,R_9L8Lum5AaHh6bq9,NAIL_FILE,2020-03-13,1584111600
4078,R_9L8Lum5AaHh6bq9,HEADPHONES,2020-03-13,1584111600
4079,R_9yOmfJyU0rNZGW5,PET_SUPPLIES,2020-03-13,1584111600
4080,R_9yOmfJyU0rNZGW5,PET_SUPPLIES,2020-03-13,1584111600
4081,R_9yOmfJyU0rNZGW5,AUTO_ACCESSORY,2020-03-13,1584111600
4082,R_9yOmfJyU0rNZGW5,SEEDS_AND_PLANTS,2020-03-13,1584111600
4083,R_A5Mg9h1PiJL0Wyd,KEYCAP,2020-03-13,1584111600
4084,R_AKBlDprDMrv4M7v,PESTICIDE,2020-03-13,1584111600
4085,R_AKBlDprDMrv4M7v,SKIN_MOISTURIZER,2020-03-13,1584111600
4086,R_AKBlDprDMrv4M7v,FERTILIZER,2020-03-13,1584111600
4087,R_AKBlDprDMrv4M7v,VACUUM_CLEANER,2020-03-13,1584111600
4088,R_AKBlDprDMrv4M7v,OUTDOOR_LIVING,2020-03-13,1584111600
4089,R_AKBlDprDMrv4M7v,PENCIL_SHARPENER,2020-03-13,1584111600
4090,R_AM0OvM0F9kBvqal,CLEANING_AGENT,2020-03-13,1584111600
4091,R_Amq2LudEdwYblXX,PORTABLE_FREESTANDING_SHELTER,2020-03-13,1584111600
4092,R_Amq2LudEdwYblXX,MARKING_PEN,2020-03-13,1584111600
4093,R_Amq2LudEdwYblXX,PHYSICAL_MOVIE,2020-03-13,1584111600
4094,R_Amq2LudEdwYblXX,ABIS_BOOK,2020-03-13,1584111600
4095,R_BWhnv4EdbhSS6rf,HEADPHONES,2020-03-13,1584111600
4096,R_BWhnv4EdbhSS6rf,SHIRT,2020-03-13,1584111600
4097,R_C46bB8ihQWceG9r,SKIN_CLEANING_AGENT,2020-03-13,1584111600
4098,R_C46bB8ihQWceG9r,GROCERY,2020-03-13,1584111600
4099,R_CaF1pc8CnyWJvCp,SHOES,2020-03-13,1584111600
4100,R_O6ZX76mggPnAOfD,MEDICATION,2020-03-13,1584111600
4101,R_O6ZX76mggPnAOfD,KNIFE_SHARPENER,2020-03-13,1584111600
4102,R_Odixb15Ykmxb0Dn,HEALTH_PERSONAL_CARE,2020-03-13,1584111600
4103,R_Odixb15Ykmxb0Dn,NUTRITIONAL_SUPPLEMENT,2020-03-13,1584111600
4104,R_TtK3Qkb3c3EIeoV,VITAMIN,2020-03-13,1584111600
4105,R_TtK3Qkb3c3EIeoV,MEDICATION,2020-03-13,1584111600
4106,R_Xhz81T9LodPX0KB,CRAFT_HOOP_FRAME,2020-03-13,1584111600
4107,R_Xhz81T9LodPX0KB,SNACK_FOOD_BAR,2020-03-13,1584111600
4108,R_Xhz81T9LodPX0KB,SHIRT,2020-03-13,1584111600
4109,R_Xhz81T9LodPX0KB,SKIN_CLEANING_AGENT,2020-03-13,1584111600
4110,R_Xhz81T9LodPX0KB,CELLULAR_PHONE_CASE,2020-03-13,1584111600
4111,R_Xhz81T9LodPX0KB,SODA_MAKER,2020-03-13,1584111600
4112,R_Xt4H8BJ1Vx7ws8h,FISHING_HOOK,2020-03-13,1584111600
4113,R_Xt4H8BJ1Vx7ws8h,VITAMIN,2020-03-13,1584111600
4114,R_XwiCirQyfwJzVtv,SCREEN_PROTECTOR,2020-03-13,1584111600
4115,R_Z4qMkqhWSmIbdSh,PHYSICAL_MOVIE,2020-03-13,1584111600
4116,R_ZkokwdIEZybYo9z,DRINK_FLAVORED,2020-03-13,1584111600
4117,R_bJI8lmXMZWL6oql,FERTILIZER,2020-03-13,1584111600
4118,R_bw2nQ0iRh2wCa8p,PORTABLE_ELECTRONIC_DEVICE_STAND,2020-03-13,1584111600
4119,R_cCucjmijTJETC6d,SKIN_MOISTURIZER,2020-03-13,1584111600
4120,R_e8KTElZZLWryLWp,HEALTH_PERSONAL_CARE,2020-03-13,1584111600
4121,R_plnyqyltsGtao9P,VEHICLE_BRAKE_PAD,2020-03-13,1584111600
4122,R_sGohXmtT8TjLibT,MOTHERBOARD,2020-03-13,1584111600
4123,R_sGohXmtT8TjLibT,PHOTOGRAPHIC_LIGHTING,2020-03-13,1584111600
4124,R_sGohXmtT8TjLibT,ELECTRONIC_CABLE,2020-03-13,1584111600
4125,R_sRSLCxzK04aJvhL,FASHIONEARRING,2020-03-13,1584111600
4126,R_vCykMx1wpGTjjTb,SHOES,2020-03-13,1584111600
4127,R_yC5ffbdBLVi93Pz,CELLULAR_PHONE_CASE,2020-03-13,1584111600
4128,R_yC5ffbdBLVi93Pz,VITAMIN,2020-03-13,1584111600
4129,R_yC5ffbdBLVi93Pz,GROCERY,2020-03-13,1584111600
4130,R_0D6GtQwa6VcnXpv,POWER_CORD,2020-03-14,1584198000
4131,R_10CAlrx7dbJty9R,MEDICATION,2020-03-14,1584198000
4132,R_10CAlrx7dbJty9R,ELECTRONIC_CABLE,2020-03-14,1584198000
4133,R_10CAlrx7dbJty9R,INKJET_PRINTER_INK,2020-03-14,1584198000
4134,R_129jUlsvVcVBDur,TEXTILE_DEODORIZER,2020-03-14,1584198000
4135,R_1BNwZP0DdTOa4rT,DRILL,2020-03-14,1584198000
4136,R_1C4nKyrv0w2thJn,PET_FOOD,2020-03-14,1584198000
4137,R_1C4nKyrv0w2thJn,BATTERY,2020-03-14,1584198000
4138,R_1ClqO4ZMDuwGjfl,TOYS_AND_GAMES,2020-03-14,1584198000
4139,R_1Cx2TzfSj9KxVhR,MODEM,2020-03-14,1584198000
4140,R_1Cx2TzfSj9KxVhR,ELECTRONIC_CABLE,2020-03-14,1584198000
4141,R_1Cx2TzfSj9KxVhR,SHOES,2020-03-14,1584198000
4142,R_1Fb4EL4IE75q7lf,SHOES,2020-03-14,1584198000
4143,R_1Fb4EL4IE75q7lf,GROCERY,2020-03-14,1584198000
4144,R_1Fb4EL4IE75q7lf,SHIRT,2020-03-14,1584198000
4145,R_1Fyt6rHyiQcVOT8,CELLULAR_PHONE_CASE,2020-03-14,1584198000
4146,R_1KxVDxZl2H0XoHS,NUTRITIONAL_SUPPLEMENT,2020-03-14,1584198000
4147,R_1KxVDxZl2H0XoHS,TOYS_AND_GAMES,2020-03-14,1584198000
4148,R_1LFmho6mBajcceh,NUTRITIONAL_SUPPLEMENT,2020-03-14,1584198000
4149,R_1MTbVUzYEQq2MzU,SCREEN_PROTECTOR,2020-03-14,1584198000
4150,R_1QozBaV2v9k1qO9,SNACK_FOOD_BAR,2020-03-14,1584198000
4151,R_1QozBaV2v9k1qO9,SNACK_FOOD_BAR,2020-03-14,1584198000
4152,R_1QozBaV2v9k1qO9,ABIS_BOOK,2020-03-14,1584198000
4153,R_1QozBaV2v9k1qO9,BLANK_BOOK,2020-03-14,1584198000
4154,R_1Qyzwfx5HrXdw4U,ABIS_BOOK,2020-03-14,1584198000
4155,R_1dAhJdFXHV5xmMG,GREETING_CARD,2020-03-14,1584198000
4156,R_1dAhJdFXHV5xmMG,SHOES,2020-03-14,1584198000
4157,R_1dAhJdFXHV5xmMG,HOME,2020-03-14,1584198000
4158,R_1dKBjc0UTA0ZiYb,TOYS_AND_GAMES,2020-03-14,1584198000
4159,R_1dKBjc0UTA0ZiYb,MARKING_PEN,2020-03-14,1584198000
4160,R_1dKBjc0UTA0ZiYb,NUTRITIONAL_SUPPLEMENT,2020-03-14,1584198000
4161,R_1dKBjc0UTA0ZiYb,TOYS_AND_GAMES,2020-03-14,1584198000
4162,R_1gG5xibh48txT6f,HEADPHONES,2020-03-14,1584198000
4163,R_1gG5xibh48txT6f,PANTS,2020-03-14,1584198000
4164,R_1jUqdfR1Zz6mZMf,HAT,2020-03-14,1584198000
4165,R_1jUqdfR1Zz6mZMf,CELLULAR_PHONE_CASE,2020-03-14,1584198000
4166,R_1l4zCtGUTvAWdS6,PET_FOOD,2020-03-14,1584198000
4167,R_1l4zCtGUTvAWdS6,TOYS_AND_GAMES,2020-03-14,1584198000
4168,R_1lAIBWf5Qsww7eT,NAIL_POWDER,2020-03-14,1584198000
4169,R_1lAIBWf5Qsww7eT,ABIS_BOOK,2020-03-14,1584198000
4170,R_1lxYa2W6GgcAQ19,FOOD_STORAGE_BAG,2020-03-14,1584198000
4171,R_1mEmb9jWLRYCU4e,SHIRT,2020-03-14,1584198000
4172,R_1n8h8059UUul8Dr,MEDICATION,2020-03-14,1584198000
4173,R_1pKZVLBbrpZM8bP,PHYSICAL_MOVIE,2020-03-14,1584198000
4174,R_1pKZVLBbrpZM8bP,PANTS,2020-03-14,1584198000
4175,R_1pKZVLBbrpZM8bP,PANTS,2020-03-14,1584198000
4176,R_1pm2Wo5wrQSY0Gm,PET_FEEDER,2020-03-14,1584198000
4177,R_1pm2Wo5wrQSY0Gm,BODY_POSITIONER,2020-03-14,1584198000
4178,R_1pu6yYPsuymsIIz,INKJET_PRINTER_INK,2020-03-14,1584198000
4179,R_1roTOelTygZr5G8,AMAZON_TABLET,2020-03-14,1584198000
4180,R_20Yd9DvrGselmZY,PANTS,2020-03-14,1584198000
4181,R_210tLKdUbUZuf7O,SHOES,2020-03-14,1584198000
4182,R_22mMopWqAj09mQc,SANDBOX,2020-03-14,1584198000
4183,R_22mMopWqAj09mQc,SKIN_MOISTURIZER,2020-03-14,1584198000
4184,R_24bE9NTxiBf6v2b,HEALTH_PERSONAL_CARE,2020-03-14,1584198000
4185,R_24bE9NTxiBf6v2b,SCREEN_PROTECTOR,2020-03-14,1584198000
4186,R_24bE9NTxiBf6v2b,SNACK_FOOD_BAR,2020-03-14,1584198000
4187,R_24bE9NTxiBf6v2b,HEALTH_PERSONAL_CARE,2020-03-14,1584198000
4188,R_24bE9NTxiBf6v2b,FLAT_SHEET,2020-03-14,1584198000
4189,R_24bE9NTxiBf6v2b,FLAT_SHEET,2020-03-14,1584198000
4190,R_24csoaO569P4Yzz,VEHICLE_RAIL,2020-03-14,1584198000
4191,R_24csoaO569P4Yzz,BATTERY,2020-03-14,1584198000
4192,R_24csoaO569P4Yzz,SKIN_MOISTURIZER,2020-03-14,1584198000
4193,R_24csoaO569P4Yzz,PORTABLE_ELECTRONIC_DEVICE_MOUNT,2020-03-14,1584198000
4194,R_24vf4xIuT0kGsZ3,ABRASIVE_WHEELS,2020-03-14,1584198000
4195,R_25SbPPTyE45YzXP,NUTRITIONAL_SUPPLEMENT,2020-03-14,1584198000
4196,R_25z5LHPaAsxktx7,ELECTRONIC_CABLE,2020-03-14,1584198000
4197,R_25z5LHPaAsxktx7,SCREEN_PROTECTOR,2020-03-14,1584198000
4198,R_27DL80quzRiSEmq,KICK_SCOOTER,2020-03-14,1584198000
4199,R_27DL80quzRiSEmq,SCREEN_PROTECTOR,2020-03-14,1584198000
4200,R_27DL80quzRiSEmq,CARD_STOCK,2020-03-14,1584198000
4201,R_27DL80quzRiSEmq,CELLULAR_PHONE_CASE,2020-03-14,1584198000
4202,R_27DL80quzRiSEmq,PAPER_TOWEL_HOLDER,2020-03-14,1584198000
4203,R_27DL80quzRiSEmq,PET_FOOD,2020-03-14,1584198000
4204,R_27DL80quzRiSEmq,GROCERY,2020-03-14,1584198000
4205,R_27DL80quzRiSEmq,NUTRITIONAL_SUPPLEMENT,2020-03-14,1584198000
4206,R_27DL80quzRiSEmq,NUTRITIONAL_SUPPLEMENT,2020-03-14,1584198000
4207,R_27DL80quzRiSEmq,SHOES,2020-03-14,1584198000
4208,R_28IDNbS8mqpfyKD,FLAME_WICK,2020-03-14,1584198000
4209,R_2CKdeuvfVrO8I49,SKIN_EXFOLIANT,2020-03-14,1584198000
4210,R_2CVxHRKIkQ8pd1C,VITAMIN,2020-03-14,1584198000
4211,R_2E9JSBmmNNT5YMi,MEDICATION,2020-03-14,1584198000
4212,R_2EglJpTWGEiwQYa,MAPS,2020-03-14,1584198000
4213,R_2EglJpTWGEiwQYa,PORTABLE_TOOL_BOX,2020-03-14,1584198000
4214,R_2EglJpTWGEiwQYa,ICE_CUBE_TRAY,2020-03-14,1584198000
4215,R_2EglJpTWGEiwQYa,FOOD,2020-03-14,1584198000
4216,R_2EglJpTWGEiwQYa,SUNSCREEN,2020-03-14,1584198000
4217,R_2EglJpTWGEiwQYa,CLEANING_AGENT,2020-03-14,1584198000
4218,R_2EglJpTWGEiwQYa,NUTRITIONAL_SUPPLEMENT,2020-03-14,1584198000
4219,R_2EglJpTWGEiwQYa,SHOES,2020-03-14,1584198000
4220,R_2EglJpTWGEiwQYa,PET_FOOD,2020-03-14,1584198000
4221,R_2EglJpTWGEiwQYa,SHIRT,2020-03-14,1584198000
4222,R_2EglJpTWGEiwQYa,SKIN_CLEANING_AGENT,2020-03-14,1584198000
4223,R_2EglJpTWGEiwQYa,SKIN_MOISTURIZER,2020-03-14,1584198000
4224,R_2EglJpTWGEiwQYa,DISHWARE_BOWL,2020-03-14,1584198000
4225,R_2EglJpTWGEiwQYa,BATTERY,2020-03-14,1584198000
4226,R_2EglJpTWGEiwQYa,ABIS_BOOK,2020-03-14,1584198000
4227,R_2EglJpTWGEiwQYa,MAPS,2020-03-14,1584198000
4228,R_2EglJpTWGEiwQYa,PHYSICAL_MOVIE,2020-03-14,1584198000
4229,R_2EglJpTWGEiwQYa,BUCKET,2020-03-14,1584198000
4230,R_2QEQOSl4i81CHb1,SKIN_MOISTURIZER,2020-03-14,1584198000
4231,R_2QX9bXWJvSVIbXl,PET_FOOD,2020-03-14,1584198000
4232,R_2QX9bXWJvSVIbXl,SKIN_MOISTURIZER,2020-03-14,1584198000
4233,R_2QX9bXWJvSVIbXl,MEDICATION,2020-03-14,1584198000
4234,R_2QXJIE0UXBTy8wd,SHIRT,2020-03-14,1584198000
4235,R_2QXq900Df6biUD7,MEDICATION,2020-03-14,1584198000
4236,R_2QXq900Df6biUD7,FLOUR,2020-03-14,1584198000
4237,R_2QXq900Df6biUD7,FASHIONOTHER,2020-03-14,1584198000
4238,R_2QXq900Df6biUD7,ELECTRONIC_CABLE,2020-03-14,1584198000
4239,R_2QXq900Df6biUD7,NUTRITIONAL_SUPPLEMENT,2020-03-14,1584198000
4240,R_2QXq900Df6biUD7,HEADPHONES,2020-03-14,1584198000
4241,R_2SIYchF5txvb4ur,SKIN_CLEANING_AGENT,2020-03-14,1584198000
4242,R_2SksQStmmNpRaiB,CELLULAR_PHONE_CASE,2020-03-14,1584198000
4243,R_2SksQStmmNpRaiB,SCREEN_PROTECTOR,2020-03-14,1584198000
4244,R_2Uc0eY0mHq5DQgt,ABIS_BOOK,2020-03-14,1584198000
4245,R_2UfTIFhpicfXgPX,SKIN_MOISTURIZER,2020-03-14,1584198000
4246,R_2UfTIFhpicfXgPX,MUSCLE_ROLLER,2020-03-14,1584198000
4247,R_2UfTIFhpicfXgPX,COFFEE_FILTER,2020-03-14,1584198000
4248,R_2UfTIFhpicfXgPX,ABIS_BOOK,2020-03-14,1584198000
4249,R_2UfTIFhpicfXgPX,ROTARY_TOOL,2020-03-14,1584198000
4250,R_2UfTIFhpicfXgPX,SNACK_FOOD_BAR,2020-03-14,1584198000
4251,R_2UgruQ1jzpNXLQZ,SKIN_MOISTURIZER,2020-03-14,1584198000
4252,R_2UgruQ1jzpNXLQZ,SKIN_MOISTURIZER,2020-03-14,1584198000
4253,R_2Vjq0u3IGbVbOBl,PET_FOOD,2020-03-14,1584198000
4254,R_2VwjXhJ5OznStEi,SHOES,2020-03-14,1584198000
4255,R_2VwjXhJ5OznStEi,ICE_CHEST,2020-03-14,1584198000
4256,R_2VwjXhJ5OznStEi,SCREEN_PROTECTOR,2020-03-14,1584198000
4257,R_2WMQprO1e6US68f,BATTERY,2020-03-14,1584198000
4258,R_2WMQprO1e6US68f,PIZZA,2020-03-14,1584198000
4259,R_2WMQprO1e6US68f,BATTERY,2020-03-14,1584198000
4260,R_2WMQprO1e6US68f,HEALTH_PERSONAL_CARE,2020-03-14,1584198000
4261,R_2Xj7LtCe2Mt8jNi,HEALTH_PERSONAL_CARE,2020-03-14,1584198000
4262,R_2XoI6KbLJRGFz5X,BEAUTY,2020-03-14,1584198000
4263,R_2XoI6KbLJRGFz5X,SNACK_FOOD_BAR,2020-03-14,1584198000
4264,R_2XoI6KbLJRGFz5X,LASER_PRINTER_TONER,2020-03-14,1584198000
4265,R_2XoI6KbLJRGFz5X,TOOTHBRUSH_HOLDER,2020-03-14,1584198000
4266,R_2XoI6KbLJRGFz5X,CELLULAR_PHONE_CASE,2020-03-14,1584198000
4267,R_2XoI6KbLJRGFz5X,PANTS,2020-03-14,1584198000
4268,R_2XoI6KbLJRGFz5X,TOWEL,2020-03-14,1584198000
4269,R_2XoI6KbLJRGFz5X,HEALTH_PERSONAL_CARE,2020-03-14,1584198000
4270,R_2YR2Yn7wGzAeAj0,PET_FOOD,2020-03-14,1584198000
4271,R_2YbuDFbvaGnuvff,SEWING_BUTTON,2020-03-14,1584198000
4272,R_2YbuDFbvaGnuvff,ABIS_BOOK,2020-03-14,1584198000
4273,R_2YbuDFbvaGnuvff,CELLULAR_PHONE_CASE,2020-03-14,1584198000
4274,R_2YbuDFbvaGnuvff,ONBOARD_CAMERA,2020-03-14,1584198000
4275,R_2YbuDFbvaGnuvff,BAKING_PAN,2020-03-14,1584198000
4276,R_2YbuDFbvaGnuvff,SNACK_FOOD_BAR,2020-03-14,1584198000
4277,R_2YbuDFbvaGnuvff,MEDICATION,2020-03-14,1584198000
4278,R_2ZEQSnRGlS7ZscC,SKIN_CLEANING_AGENT,2020-03-14,1584198000
4279,R_2ZTFfLAcuwm22Yh,HARDWARE_HANDLE,2020-03-14,1584198000
4280,R_2ZTFfLAcuwm22Yh,SHIRT,2020-03-14,1584198000
4281,R_2ZTFfLAcuwm22Yh,VITAMIN,2020-03-14,1584198000
4282,R_2ZTFfLAcuwm22Yh,ABIS_BOOK,2020-03-14,1584198000
4283,R_2b1XOZR0PYTA1jX,SNACK_FOOD_BAR,2020-03-14,1584198000
4284,R_2b1XOZR0PYTA1jX,HANDRAIL,2020-03-14,1584198000
4285,R_2dvh9tu7PLPeipE,FLAME_WICK,2020-03-14,1584198000
4286,R_2e9e8lhWqVtpb7m,SKIN_CLEANING_AGENT,2020-03-14,1584198000
4287,R_2e9e8lhWqVtpb7m,PET_FOOD,2020-03-14,1584198000
4288,R_2fD6Jy2muMgaubH,MOTHERBOARD,2020-03-14,1584198000
4289,R_2mAJniG0xVBIInL,HEALTH_PERSONAL_CARE,2020-03-14,1584198000
4290,R_2mAJniG0xVBIInL,PET_FOOD,2020-03-14,1584198000
4291,R_2mAJniG0xVBIInL,SKIN_MOISTURIZER,2020-03-14,1584198000
4292,R_2mAJniG0xVBIInL,PHYSICAL_MOVIE,2020-03-14,1584198000
4293,R_2mAJniG0xVBIInL,SNOW_CHAIN,2020-03-14,1584198000
4294,R_2mAJniG0xVBIInL,SCREEN_PROTECTOR,2020-03-14,1584198000
4295,R_2pWAVsUj7WsZHLs,SKIN_MOISTURIZER,2020-03-14,1584198000
4296,R_2pWAVsUj7WsZHLs,ELECTRONIC_CABLE,2020-03-14,1584198000
4297,R_2r7Zl5CTeW1dMqd,CELLULAR_PHONE_CASE,2020-03-14,1584198000
4298,R_2t3ifk3xBqzIWG9,PANTS,2020-03-14,1584198000
4299,R_2tfEDXuyNRcQoWs,TRASH_CAN,2020-03-14,1584198000
4300,R_2uTysluImvxkQBY,BATTERY,2020-03-14,1584198000
4301,R_2uTysluImvxkQBY,VITAMIN,2020-03-14,1584198000
4302,R_2uTysluImvxkQBY,GROCERY,2020-03-14,1584198000
4303,R_2uTysluImvxkQBY,PANTS,2020-03-14,1584198000
4304,R_2uTysluImvxkQBY,SKIN_MOISTURIZER,2020-03-14,1584198000
4305,R_2vYO5d3Ry8qjf5g,SHEET_PAPER,2020-03-14,1584198000
4306,R_2vYO5d3Ry8qjf5g,WALL_ART,2020-03-14,1584198000
4307,R_2wmCdm6ETy6g3k0,BOTTLE,2020-03-14,1584198000
4308,R_2wmCdm6ETy6g3k0,GROCERY,2020-03-14,1584198000
4309,R_2wmLE1q4FIpfioi,SCREEN_PROTECTOR,2020-03-14,1584198000
4310,R_2wmLE1q4FIpfioi,SECURITY_ELECTRONICS,2020-03-14,1584198000
4311,R_2y8edrQ8p3nRu8v,TOYS_AND_GAMES,2020-03-14,1584198000
4312,R_2y8edrQ8p3nRu8v,NUTRITIONAL_SUPPLEMENT,2020-03-14,1584198000
4313,R_2y8edrQ8p3nRu8v,PACKING_MATERIAL,2020-03-14,1584198000
4314,R_2yplkUxhAWZaFUL,OFFICE_PRODUCTS,2020-03-14,1584198000
4315,R_2yplkUxhAWZaFUL,SURFACE_PROTECTION_WAX,2020-03-14,1584198000
4316,R_2z7rLZb69WuqDdf,SHIRT,2020-03-14,1584198000
4317,R_2z7rLZb69WuqDdf,HEALTH_PERSONAL_CARE,2020-03-14,1584198000
4318,R_2z7rLZb69WuqDdf,HEALTH_PERSONAL_CARE,2020-03-14,1584198000
4319,R_2z7rLZb69WuqDdf,SNACK_FOOD_BAR,2020-03-14,1584198000
4320,R_2z7rLZb69WuqDdf,GROCERY,2020-03-14,1584198000
4321,R_2z7rLZb69WuqDdf,SHIRT,2020-03-14,1584198000
4322,R_2z7rLZb69WuqDdf,PORTABLE_STOVE,2020-03-14,1584198000
4323,R_2z7rLZb69WuqDdf,SCREEN_PROTECTOR,2020-03-14,1584198000
4324,R_2z7rLZb69WuqDdf,PET_FOOD,2020-03-14,1584198000
4325,R_2z7rLZb69WuqDdf,SHOES,2020-03-14,1584198000
4326,R_2z7rLZb69WuqDdf,BATTERY,2020-03-14,1584198000
4327,R_2z7rLZb69WuqDdf,SHIRT,2020-03-14,1584198000
4328,R_30kPg5opkenrGPb,ABIS_BOOK,2020-03-14,1584198000
4329,R_30kPg5opkenrGPb,SKIN_MOISTURIZER,2020-03-14,1584198000
4330,R_31LAZHcaNHPvu3z,WIRELESS_ACCESSORY,2020-03-14,1584198000
4331,R_31QS1Ms6iQEU3mI,PHYSICAL_MOVIE,2020-03-14,1584198000
4332,R_31QS1Ms6iQEU3mI,AUTO_PART,2020-03-14,1584198000
4333,R_31QS1Ms6iQEU3mI,SNACK_FOOD_BAR,2020-03-14,1584198000
4334,R_32RSCpvF0PqDFBp,SKIN_CLEANING_AGENT,2020-03-14,1584198000
4335,R_32RSCpvF0PqDFBp,MEDICATION,2020-03-14,1584198000
4336,R_32RSCpvF0PqDFBp,PORTABLE_STOVE,2020-03-14,1584198000
4337,R_32UZncFA03IrQwQ,CELLULAR_PHONE_CASE,2020-03-14,1584198000
4338,R_32UZncFA03IrQwQ,ELECTRONIC_CABLE,2020-03-14,1584198000
4339,R_32UZncFA03IrQwQ,NUTRITIONAL_SUPPLEMENT,2020-03-14,1584198000
4340,R_32UZncFA03IrQwQ,MEDICATION,2020-03-14,1584198000
4341,R_331r8PPvTyqKSoh,SKIN_CLEANING_AGENT,2020-03-14,1584198000
4342,R_331r8PPvTyqKSoh,VITAMIN,2020-03-14,1584198000
4343,R_331r8PPvTyqKSoh,SHOES,2020-03-14,1584198000
4344,R_331r8PPvTyqKSoh,SNACK_FOOD_BAR,2020-03-14,1584198000
4345,R_331r8PPvTyqKSoh,SPORT_BAT,2020-03-14,1584198000
4346,R_331r8PPvTyqKSoh,ELECTRONIC_CABLE,2020-03-14,1584198000
4347,R_331r8PPvTyqKSoh,NETWORKING_DEVICE,2020-03-14,1584198000
4348,R_331r8PPvTyqKSoh,GROCERY,2020-03-14,1584198000
4349,R_331r8PPvTyqKSoh,MEDICATION,2020-03-14,1584198000
4350,R_331r8PPvTyqKSoh,VITAMIN,2020-03-14,1584198000
4351,R_333cPUAJRgYXqi1,STORAGE_BINDER,2020-03-14,1584198000
4352,R_3D7xJuXSy25PXbg,SHIRT,2020-03-14,1584198000
4353,R_3EzeiT36qvnPNn2,ELECTRONIC_CABLE,2020-03-14,1584198000
4354,R_3GiFHVWzYKHT1F5,GROCERY,2020-03-14,1584198000
4355,R_3HAk4tN4hE1Arcm,PUPPET,2020-03-14,1584198000
4356,R_3HigTq4itishziE,PASTRY,2020-03-14,1584198000
4357,R_3HigTq4itishziE,BATTERY,2020-03-14,1584198000
4358,R_3HigTq4itishziE,PASTRY,2020-03-14,1584198000
4359,R_3HigTq4itishziE,CULINARY_MUSHROOM,2020-03-14,1584198000
4360,R_3HigTq4itishziE,HEALTH_PERSONAL_CARE,2020-03-14,1584198000
4361,R_3Hphzg7zu04Hgy1,ELECTRONIC_CABLE,2020-03-14,1584198000
4362,R_3Hphzg7zu04Hgy1,TOY_FIGURE,2020-03-14,1584198000
4363,R_3JnjKsPAuFGDhrx,CELLULAR_PHONE_CASE,2020-03-14,1584198000
4364,R_3LXRVZSdJiqH63S,JUMP_ROPE,2020-03-14,1584198000
4365,R_3MncA46G8CO8juo,ELECTRONIC_CABLE,2020-03-14,1584198000
4366,R_3MncA46G8CO8juo,PET_TOY,2020-03-14,1584198000
4367,R_3MncA46G8CO8juo,ABIS_BOOK,2020-03-14,1584198000
4368,R_3MncA46G8CO8juo,CELLULAR_PHONE_CASE,2020-03-14,1584198000
4369,R_3MyEdXOZ8P75S1V,MOUTHWASH,2020-03-14,1584198000
4370,R_3RmDOazalOu0F1L,CULINARY_MUSHROOM,2020-03-14,1584198000
4371,R_3emmbwwsXsxt4Oj,MATERIAL_HANDLING,2020-03-14,1584198000
4372,R_3enuyEOsaEVxTNX,SHOES,2020-03-14,1584198000
4373,R_3enuyEOsaEVxTNX,TOYS_AND_GAMES,2020-03-14,1584198000
4374,R_3ez7TNnB78XtMa7,SCULPTURE,2020-03-14,1584198000
4375,R_3iJQyWNMMY0KRV5,TRASH_COMPACTOR,2020-03-14,1584198000
4376,R_3iydBpfsKD9jRTq,HARDWARE_CLAMP_VISE,2020-03-14,1584198000
4377,R_3iydBpfsKD9jRTq,SKIN_MOISTURIZER,2020-03-14,1584198000
4378,R_3iydBpfsKD9jRTq,SKIN_CLEANING_AGENT,2020-03-14,1584198000
4379,R_3iydBpfsKD9jRTq,SHOES,2020-03-14,1584198000
4380,R_3iydBpfsKD9jRTq,CELLULAR_PHONE_CASE,2020-03-14,1584198000
4381,R_3lXswIAy7Qq6UEZ,MILK_SUBSTITUTE,2020-03-14,1584198000
4382,R_3lXswIAy7Qq6UEZ,VITAMIN,2020-03-14,1584198000
4383,R_3lYUnPKDsGA54tw,CELLULAR_PHONE_CASE,2020-03-14,1584198000
4384,R_3lYUnPKDsGA54tw,GROCERY,2020-03-14,1584198000
4385,R_3lYUnPKDsGA54tw,GROCERY,2020-03-14,1584198000
4386,R_3lYUnPKDsGA54tw,DECORATIVE_SIGNAGE,2020-03-14,1584198000
4387,R_3m3H4mwZ2snYFua,KNIFE,2020-03-14,1584198000
4388,R_3n17fNI56KA8rTV,COSMETIC_BRUSH,2020-03-14,1584198000
4389,R_3n2VXT4Z99FpnEG,VITAMIN,2020-03-14,1584198000
4390,R_3n2VXT4Z99FpnEG,SNACK_FOOD_BAR,2020-03-14,1584198000
4391,R_3n2VXT4Z99FpnEG,SKIN_MOISTURIZER,2020-03-14,1584198000
4392,R_3n2VXT4Z99FpnEG,SKIN_CLEANING_AGENT,2020-03-14,1584198000
4393,R_3qTFp0FJqUeMhVZ,SKIN_MOISTURIZER,2020-03-14,1584198000
4394,R_3rV7kPHe9hVsMee,SKIN_MOISTURIZER,2020-03-14,1584198000
4395,R_3rV7kPHe9hVsMee,CAMERA_FLASH,2020-03-14,1584198000
4396,R_3rV7kPHe9hVsMee,HEADPHONES,2020-03-14,1584198000
4397,R_3socPWD3wXD0iDP,SHOES,2020-03-14,1584198000
4398,R_3socPWD3wXD0iDP,GPS_OR_NAVIGATION_SYSTEM,2020-03-14,1584198000
4399,R_5uabKnJBMc7HyEN,HEADPHONES,2020-03-14,1584198000
4400,R_5uabKnJBMc7HyEN,ABIS_BOOK,2020-03-14,1584198000
4401,R_5uabKnJBMc7HyEN,HEALTH_PERSONAL_CARE,2020-03-14,1584198000
4402,R_5uabKnJBMc7HyEN,ABIS_BOOK,2020-03-14,1584198000
4403,R_8piDwWBq7V7tyZb,BOOKMARK,2020-03-14,1584198000
4404,R_8piDwWBq7V7tyZb,SCREEN_PROTECTOR,2020-03-14,1584198000
4405,R_A0ZwhLeBVySdW8N,PET_TOY,2020-03-14,1584198000
4406,R_A0ZwhLeBVySdW8N,SHOES,2020-03-14,1584198000
4407,R_A0ZwhLeBVySdW8N,WIRELESS_ACCESSORY,2020-03-14,1584198000
4408,R_AKBlDprDMrv4M7v,FURNITURE_LEG,2020-03-14,1584198000
4409,R_AKBlDprDMrv4M7v,SHIRT,2020-03-14,1584198000
4410,R_AKBlDprDMrv4M7v,PET_FOOD,2020-03-14,1584198000
4411,R_Amq2LudEdwYblXX,SKIN_CLEANING_AGENT,2020-03-14,1584198000
4412,R_ApVmIUhdKhewFtn,PANTS,2020-03-14,1584198000
4413,R_OMNSdX5mDbUEZNf,CELLULAR_PHONE_CASE,2020-03-14,1584198000
4414,R_OMNSdX5mDbUEZNf,TOWEL,2020-03-14,1584198000
4415,R_OMNSdX5mDbUEZNf,WALL_ART,2020-03-14,1584198000
4416,R_RPruSl134deuxOh,VITAMIN,2020-03-14,1584198000
4417,R_RlYyUhsDFvyGwX7,MEDICATION,2020-03-14,1584198000
4418,R_RlYyUhsDFvyGwX7,VITAMIN,2020-03-14,1584198000
4419,R_RlYyUhsDFvyGwX7,AIR_PUMP,2020-03-14,1584198000
4420,R_RlYyUhsDFvyGwX7,NUTRITIONAL_SUPPLEMENT,2020-03-14,1584198000
4421,R_T4THXKAQCwg9ZXb,DIGITAL_PICTURE_FRAME,2020-03-14,1584198000
4422,R_T4THXKAQCwg9ZXb,PHYSICAL_VIDEO_GAME_SOFTWARE,2020-03-14,1584198000
4423,R_TtK3Qkb3c3EIeoV,SNACK_FOOD_BAR,2020-03-14,1584198000
4424,R_TtK3Qkb3c3EIeoV,TOY_FIGURE,2020-03-14,1584198000
4425,R_TtK3Qkb3c3EIeoV,CELLULAR_PHONE_CASE,2020-03-14,1584198000
4426,R_TtK3Qkb3c3EIeoV,ELECTRONIC_CABLE,2020-03-14,1584198000
4427,R_TtK3Qkb3c3EIeoV,JUMP_ROPE,2020-03-14,1584198000
4428,R_TtK3Qkb3c3EIeoV,ELECTRONIC_CABLE,2020-03-14,1584198000
4429,R_Xhz81T9LodPX0KB,SKIN_MOISTURIZER,2020-03-14,1584198000
4430,R_Xt4H8BJ1Vx7ws8h,STRING_LIGHT,2020-03-14,1584198000
4431,R_Xt4H8BJ1Vx7ws8h,SURFACE_CLEANING_WIPE,2020-03-14,1584198000
4432,R_Y4jCkfTFzvtw5SF,PANTS,2020-03-14,1584198000
4433,R_Y4jCkfTFzvtw5SF,SKIN_CLEANING_AGENT,2020-03-14,1584198000
4434,R_Y4jCkfTFzvtw5SF,ABIS_BOOK,2020-03-14,1584198000
4435,R_Z4qMkqhWSmIbdSh,3D_PRINTER,2020-03-14,1584198000
4436,R_Z4qMkqhWSmIbdSh,3D_PRINTER,2020-03-14,1584198000
4437,R_ZkokwdIEZybYo9z,VITAMIN,2020-03-14,1584198000
4438,R_ZkokwdIEZybYo9z,SKIN_CLEANING_AGENT,2020-03-14,1584198000
4439,R_ZkokwdIEZybYo9z,TOYS_AND_GAMES,2020-03-14,1584198000
4440,R_czHyAR1xMvT2FbP,ELECTRIC_CIRCUIT_TESTING_DEVICE,2020-03-14,1584198000
4441,R_pMnqpu31myYoxy1,SHOES,2020-03-14,1584198000
4442,R_pMnqpu31myYoxy1,VEHICLE_LIFT_KIT,2020-03-14,1584198000
4443,R_rqK6K6zDsynoZHP,PHYSICAL_MOVIE,2020-03-14,1584198000
4444,R_rqK6K6zDsynoZHP,SHIRT,2020-03-14,1584198000
4445,R_s6BUJFPzFF8fk2d,SHOES,2020-03-14,1584198000
4446,R_tFf2GViNMUolxaV,LIGHT_FIXTURE,2020-03-14,1584198000
4447,R_tFf2GViNMUolxaV,ELECTRONIC_CABLE,2020-03-14,1584198000
4448,R_tFf2GViNMUolxaV,HEALTH_PERSONAL_CARE,2020-03-14,1584198000
4449,R_tJNLenUlMH5f4el,COIN_PURSE_POUCH,2020-03-14,1584198000
4450,R_tJNLenUlMH5f4el,PANTS,2020-03-14,1584198000
4451,R_tJNLenUlMH5f4el,SHOES,2020-03-14,1584198000
4452,R_u2EdYogSnJBrpex,VITAMIN,2020-03-14,1584198000
4453,R_u2EdYogSnJBrpex,LAMP,2020-03-14,1584198000
4454,R_u2EdYogSnJBrpex,NUTRITIONAL_SUPPLEMENT,2020-03-14,1584198000
4455,R_u2EdYogSnJBrpex,ELECTRONIC_CABLE,2020-03-14,1584198000
4456,R_u99XwBV1boyooXT,SKIN_CLEANING_AGENT,2020-03-14,1584198000
4457,R_voSNwyVcZWdCTJv,BATTERY,2020-03-14,1584198000
4458,R_w5bE96azoKnM6Ih,SWIMWEAR,2020-03-14,1584198000
4459,R_w5bE96azoKnM6Ih,SHIRT,2020-03-14,1584198000
4460,R_w5bE96azoKnM6Ih,HAT,2020-03-14,1584198000
4461,R_w5bE96azoKnM6Ih,CHOPSTICK,2020-03-14,1584198000
4462,R_wXaMChMYqHnMARb,SHOES,2020-03-14,1584198000
4463,R_wXaMChMYqHnMARb,SNACK_MIX,2020-03-14,1584198000
4464,R_xDvEzzSGeDDkvU5,SCREEN_PROTECTOR,2020-03-14,1584198000
4465,R_z1mFB9Qp9HSTCIV,SHOES,2020-03-14,1584198000
4466,R_zTf2i6s3E2OQZQR,MEDICATION,2020-03-14,1584198000
4467,R_0f8u2tSB99LkgCt,ART_EASEL,2020-03-15,1584284400
4468,R_0f8u2tSB99LkgCt,TOOLS,2020-03-15,1584284400
4469,R_10MFxyIhsIDW0nP,MONITOR,2020-03-15,1584284400
4470,R_10TA7pCDmelHi5H,HEADPHONES,2020-03-15,1584284400
4471,R_10TA7pCDmelHi5H,WRITING_PAPER,2020-03-15,1584284400
4472,R_10TV1zyi4yCEEkl,SOCKS,2020-03-15,1584284400
4473,R_10TV1zyi4yCEEkl,TOYS_AND_GAMES,2020-03-15,1584284400
4474,R_10TV1zyi4yCEEkl,TOYS_AND_GAMES,2020-03-15,1584284400
4475,R_10TV1zyi4yCEEkl,SKIN_CLEANING_AGENT,2020-03-15,1584284400
4476,R_10TV1zyi4yCEEkl,SCREEN_PROTECTOR,2020-03-15,1584284400
4477,R_10TV1zyi4yCEEkl,SCREEN_PROTECTOR,2020-03-15,1584284400
4478,R_10TV1zyi4yCEEkl,PHYSICAL_MOVIE,2020-03-15,1584284400
4479,R_10TV1zyi4yCEEkl,PANTS,2020-03-15,1584284400
4480,R_10TV1zyi4yCEEkl,SOUND_AND_RECORDING_EQUIPMENT,2020-03-15,1584284400
4481,R_10TV1zyi4yCEEkl,MECHANICAL_COMPONENTS,2020-03-15,1584284400
4482,R_10TV1zyi4yCEEkl,SKIN_CLEANING_AGENT,2020-03-15,1584284400
4483,R_12QFQ7lCIls8sRd,PET_FOOD,2020-03-15,1584284400
4484,R_12QFQ7lCIls8sRd,PET_FOOD,2020-03-15,1584284400
4485,R_12QFQ7lCIls8sRd,TOTE_BAG,2020-03-15,1584284400
4486,R_1DOwHkGiX8DX7mF,HEADPHONES,2020-03-15,1584284400
4487,R_1DOwHkGiX8DX7mF,MEDICATION,2020-03-15,1584284400
4488,R_1FfETqbn5GhKwYj,WEARABLE_WEIGHT,2020-03-15,1584284400
4489,R_1FfETqbn5GhKwYj,SAUCE,2020-03-15,1584284400
4490,R_1FfETqbn5GhKwYj,HAND_FAN,2020-03-15,1584284400
4491,R_1IaYiTSaUaD2W2i,SKIN_MOISTURIZER,2020-03-15,1584284400
4492,R_1IaYiTSaUaD2W2i,SKIN_CLEANING_AGENT,2020-03-15,1584284400
4493,R_1LRR1P5IQqdSvIP,SKIN_CLEANING_AGENT,2020-03-15,1584284400
4494,R_1Luv7PTSNMEjqFV,ABIS_ELECTRONICS,2020-03-15,1584284400
4495,R_1Luv7PTSNMEjqFV,HEALTH_PERSONAL_CARE,2020-03-15,1584284400
4496,R_1Luv7PTSNMEjqFV,CELLULAR_PHONE_CASE,2020-03-15,1584284400
4497,R_1Luv7PTSNMEjqFV,SKIN_MOISTURIZER,2020-03-15,1584284400
4498,R_1Luv7PTSNMEjqFV,CHANGING_PAD_COVER,2020-03-15,1584284400
4499,R_1MTbVUzYEQq2MzU,HEALTH_PERSONAL_CARE,2020-03-15,1584284400
4500,R_1MTbVUzYEQq2MzU,GROCERY,2020-03-15,1584284400
4501,R_1MTbVUzYEQq2MzU,HEADPHONES,2020-03-15,1584284400
4502,R_1MTbVUzYEQq2MzU,SHIRT,2020-03-15,1584284400
4503,R_1MTbVUzYEQq2MzU,TRASH_COMPACTOR,2020-03-15,1584284400
4504,R_1NCzj2eSHI4QGcd,MEDICATION,2020-03-15,1584284400
4505,R_1NCzj2eSHI4QGcd,BATTERY,2020-03-15,1584284400
4506,R_1NDq0rxoUSu6oyz,BATTERY,2020-03-15,1584284400
4507,R_1NDq0rxoUSu6oyz,WATER_FLOTATION_DEVICE,2020-03-15,1584284400
4508,R_1NDq0rxoUSu6oyz,ELECTRONIC_DEVICE_DOCKING_STATION,2020-03-15,1584284400
4509,R_1NFde2vzLpu8IWT,PHYSICAL_MOVIE,2020-03-15,1584284400
4510,R_1OMKeKICcW0F652,SKIN_MOISTURIZER,2020-03-15,1584284400
4511,R_1OMKeKICcW0F652,BREAKFAST_CEREAL,2020-03-15,1584284400
4512,R_1P0kCmz0zdMSEld,WEATHER_STRIPPING,2020-03-15,1584284400
4513,R_1P0kCmz0zdMSEld,CELLULAR_PHONE_CASE,2020-03-15,1584284400
4514,R_1P0kCmz0zdMSEld,SHOES,2020-03-15,1584284400
4515,R_1Q9JeeKncbbLcz0,TOYS_AND_GAMES,2020-03-15,1584284400
4516,R_1dKBjc0UTA0ZiYb,TOYS_AND_GAMES,2020-03-15,1584284400
4517,R_1dKBjc0UTA0ZiYb,VITAMIN,2020-03-15,1584284400
4518,R_1dKBjc0UTA0ZiYb,TOYS_AND_GAMES,2020-03-15,1584284400
4519,R_1dKBjc0UTA0ZiYb,BACKPACK,2020-03-15,1584284400
4520,R_1dKBjc0UTA0ZiYb,FURNITURE_FLOOR_PROTECTOR,2020-03-15,1584284400
4521,R_1dKBjc0UTA0ZiYb,TOYS_AND_GAMES,2020-03-15,1584284400
4522,R_1dKBjc0UTA0ZiYb,NUTRITIONAL_SUPPLEMENT,2020-03-15,1584284400
4523,R_1dKBjc0UTA0ZiYb,SKIN_MOISTURIZER,2020-03-15,1584284400
4524,R_1dKBjc0UTA0ZiYb,ELECTRONIC_CABLE,2020-03-15,1584284400
4525,R_1dKBjc0UTA0ZiYb,CELLULAR_PHONE_CASE,2020-03-15,1584284400
4526,R_1dKBjc0UTA0ZiYb,ABIS_BOOK,2020-03-15,1584284400
4527,R_1dKBjc0UTA0ZiYb,LINT_REMOVER,2020-03-15,1584284400
4528,R_1dppjLIFEdj7Kq5,GROCERY,2020-03-15,1584284400
4529,R_1dppjLIFEdj7Kq5,SKIN_CLEANING_AGENT,2020-03-15,1584284400
4530,R_1dppjLIFEdj7Kq5,SHOES,2020-03-15,1584284400
4531,R_1dppjLIFEdj7Kq5,NUTRITIONAL_SUPPLEMENT,2020-03-15,1584284400
4532,R_1escXXhyvAgsBYq,STICKER_DECAL,2020-03-15,1584284400
4533,R_1ez4JQNwmuGXkQX,SHIRT,2020-03-15,1584284400
4534,R_1ez4JQNwmuGXkQX,VITAMIN,2020-03-15,1584284400
4535,R_1f1PzEZw8H2N4zm,GREETING_CARD,2020-03-15,1584284400
4536,R_1f1PzEZw8H2N4zm,HEADPHONES,2020-03-15,1584284400
4537,R_1gBFjjzA3U3mmXf,VEHICLE_WIND_DEFLECTOR,2020-03-15,1584284400
4538,R_1gBFjjzA3U3mmXf,TOYS_AND_GAMES,2020-03-15,1584284400
4539,R_1gBFjjzA3U3mmXf,SHOES,2020-03-15,1584284400
4540,R_1gBFjjzA3U3mmXf,NUTRITIONAL_SUPPLEMENT,2020-03-15,1584284400
4541,R_1gBFjjzA3U3mmXf,ABIS_MUSIC,2020-03-15,1584284400
4542,R_1gBFjjzA3U3mmXf,SCREEN_PROTECTOR,2020-03-15,1584284400
4543,R_1gBFjjzA3U3mmXf,BACKPACK,2020-03-15,1584284400
4544,R_1gBFjjzA3U3mmXf,KICK_SCOOTER,2020-03-15,1584284400
4545,R_1gBFjjzA3U3mmXf,VEHICLE_WIND_DEFLECTOR,2020-03-15,1584284400
4546,R_1goV1AJmLMRsVRE,SHOES,2020-03-15,1584284400
4547,R_1goV1AJmLMRsVRE,SHIRT,2020-03-15,1584284400
4548,R_1gwL8QZGzhV0g3G,GROCERY,2020-03-15,1584284400
4549,R_1ig4LC2I0cwMCHk,ABIS_BOOK,2020-03-15,1584284400
4550,R_1ig4LC2I0cwMCHk,ABIS_BOOK,2020-03-15,1584284400
4551,R_1ig4LC2I0cwMCHk,CELLULAR_PHONE_CASE,2020-03-15,1584284400
4552,R_1kLdd31W284Angd,VITAMIN,2020-03-15,1584284400
4553,R_1kLdd31W284Angd,NUTRITIONAL_SUPPLEMENT,2020-03-15,1584284400
4554,R_1kLdd31W284Angd,SKIN_CLEANING_AGENT,2020-03-15,1584284400
4555,R_1nOCRAcsi1AU77q,MEDICATION,2020-03-15,1584284400
4556,R_1obwpb6iowh7vew,VITAMIN,2020-03-15,1584284400
4557,R_1obwpb6iowh7vew,ELECTRONIC_CABLE,2020-03-15,1584284400
4558,R_1pm2Wo5wrQSY0Gm,WALLET,2020-03-15,1584284400
4559,R_1psTlOFeWx4gWdX,SHOES,2020-03-15,1584284400
4560,R_1pu0ApV4WUQDdWW,HERB,2020-03-15,1584284400
4561,R_1pu0ApV4WUQDdWW,MUSICAL_INSTRUMENTS,2020-03-15,1584284400
4562,R_1pu0ApV4WUQDdWW,EXERCISE_BAND,2020-03-15,1584284400
4563,R_1pu0ApV4WUQDdWW,HEALTH_PERSONAL_CARE,2020-03-15,1584284400
4564,R_1pu0ApV4WUQDdWW,PANTS,2020-03-15,1584284400
4565,R_1pu0ApV4WUQDdWW,SHOES,2020-03-15,1584284400
4566,R_1pu0ApV4WUQDdWW,ABIS_BOOK,2020-03-15,1584284400
4567,R_1pu0ApV4WUQDdWW,PET_FOOD,2020-03-15,1584284400
4568,R_1pu6yYPsuymsIIz,SWIMWEAR,2020-03-15,1584284400
4569,R_1q7AvsyRPpTSWFi,ABIS_BOOK,2020-03-15,1584284400
4570,R_1q7AvsyRPpTSWFi,ABIS_BOOK,2020-03-15,1584284400
4571,R_20O6baqxT4T2CbA,HAIR_BRUSH,2020-03-15,1584284400
4572,R_20O6baqxT4T2CbA,VITAMIN,2020-03-15,1584284400
4573,R_20O6baqxT4T2CbA,SUNGLASSES,2020-03-15,1584284400
4574,R_210tLKdUbUZuf7O,NUTRITIONAL_SUPPLEMENT,2020-03-15,1584284400
4575,R_210tLKdUbUZuf7O,SKIN_TREATMENT_MASK,2020-03-15,1584284400
4576,R_210tLKdUbUZuf7O,HEADPHONES,2020-03-15,1584284400
4577,R_210tLKdUbUZuf7O,SKIN_MOISTURIZER,2020-03-15,1584284400
4578,R_210tLKdUbUZuf7O,SKIN_CLEANING_AGENT,2020-03-15,1584284400
4579,R_210tLKdUbUZuf7O,NUTRITIONAL_SUPPLEMENT,2020-03-15,1584284400
4580,R_210tLKdUbUZuf7O,ADHESIVE_TAPES,2020-03-15,1584284400
4581,R_210tLKdUbUZuf7O,MEDICATION,2020-03-15,1584284400
4582,R_21GPeeqYRjC1kb1,TOYS_AND_GAMES,2020-03-15,1584284400
4583,R_23ThXRxY2BTPyy5,PET_FOOD,2020-03-15,1584284400
4584,R_23ThXRxY2BTPyy5,HEADPHONES,2020-03-15,1584284400
4585,R_23enipHqTsjcQfN,SNACK_FOOD_BAR,2020-03-15,1584284400
4586,R_23enipHqTsjcQfN,SCREEN_PROTECTOR,2020-03-15,1584284400
4587,R_24dbGLxukEKohG6,PET_FOOD,2020-03-15,1584284400
4588,R_24dbGLxukEKohG6,THERAPEUTIC_THERMAL_COMPRESS,2020-03-15,1584284400
4589,R_24dbGLxukEKohG6,MEDICATION,2020-03-15,1584284400
4590,R_24dbGLxukEKohG6,LAMINATOR,2020-03-15,1584284400
4591,R_24vf4xIuT0kGsZ3,ABIS_MUSIC,2020-03-15,1584284400
4592,R_24vf4xIuT0kGsZ3,NUTRITIONAL_SUPPLEMENT,2020-03-15,1584284400
4593,R_24vf4xIuT0kGsZ3,BED_SLATS,2020-03-15,1584284400
4594,R_277i50HinKYVoY9,DIGITAL_DEVICE_4_ACCESSORY,2020-03-15,1584284400
4595,R_279iRKETPanvFBW,PRODUCT,2020-03-15,1584284400
4596,R_279iRKETPanvFBW,GARLIC_PRESS,2020-03-15,1584284400
4597,R_279iRKETPanvFBW,LAP_DESK,2020-03-15,1584284400
4598,R_27DL80quzRiSEmq,HEADPHONES,2020-03-15,1584284400
4599,R_27DL80quzRiSEmq,ABIS_BOOK,2020-03-15,1584284400
4600,R_27DL80quzRiSEmq,SPOON,2020-03-15,1584284400
4601,R_2CJ9tQVGVUnaesS,HEADPHONES,2020-03-15,1584284400
4602,R_2CKdeuvfVrO8I49,SHAMPOO,2020-03-15,1584284400
4603,R_2DSmjafbkSAict9,VEHICLE_ACCENT_LIGHT,2020-03-15,1584284400
4604,R_2DSmjafbkSAict9,HEALTH_PERSONAL_CARE,2020-03-15,1584284400
4605,R_2ONDyHxQviDmrWg,ABIS_BOOK,2020-03-15,1584284400
4606,R_2QEQOSl4i81CHb1,BATTERY,2020-03-15,1584284400
4607,R_2QEQOSl4i81CHb1,VITAMIN,2020-03-15,1584284400
4608,R_2QswpKsGnL3NBXE,HAT,2020-03-15,1584284400
4609,R_2SksQStmmNpRaiB,RAKE,2020-03-15,1584284400
4610,R_2U0l40aPYAoBJLV,MICROWAVE_OVEN,2020-03-15,1584284400
4611,R_2U0l40aPYAoBJLV,GOLF_CLUB,2020-03-15,1584284400
4612,R_2UfTIFhpicfXgPX,HEALTH_PERSONAL_CARE,2020-03-15,1584284400
4613,R_2XoI6KbLJRGFz5X,MAGNIFIER,2020-03-15,1584284400
4614,R_2XoI6KbLJRGFz5X,TOYS_AND_GAMES,2020-03-15,1584284400
4615,R_2Y9fPhqa2Xf2QdZ,MARKING_PEN,2020-03-15,1584284400
4616,R_2YVQQRVSdj7M8Va,TIRES,2020-03-15,1584284400
4617,R_2ZTFfLAcuwm22Yh,SHIRT,2020-03-15,1584284400
4618,R_2ZTFfLAcuwm22Yh,BATTERY,2020-03-15,1584284400
4619,R_2ZTFfLAcuwm22Yh,PANTS,2020-03-15,1584284400
4620,R_2ZTFfLAcuwm22Yh,TOYS_AND_GAMES,2020-03-15,1584284400
4621,R_2cBADxleVyzT89z,UNDERPANTS,2020-03-15,1584284400
4622,R_2e9e8lhWqVtpb7m,SKIN_MOISTURIZER,2020-03-15,1584284400
4623,R_2ebyEGI9jY5WIax,ELECTRONIC_CABLE,2020-03-15,1584284400
4624,R_2ebzj3o225IisIQ,DRINKING_CUP,2020-03-15,1584284400
4625,R_2qjAN1lyLAdAxT2,REUSABLE_INCONTINENCE_SURFACE_PROTECTOR,2020-03-15,1584284400
4626,R_2qjAN1lyLAdAxT2,ABIS_BOOK,2020-03-15,1584284400
4627,R_2qjAN1lyLAdAxT2,OVERALLS,2020-03-15,1584284400
4628,R_2qjAN1lyLAdAxT2,SCREEN_PROTECTOR,2020-03-15,1584284400
4629,R_2ri4RVtvkxnZzHj,VITAMIN,2020-03-15,1584284400
4630,R_2ri4RVtvkxnZzHj,MEDICATION,2020-03-15,1584284400
4631,R_2ri4RVtvkxnZzHj,GROCERY,2020-03-15,1584284400
4632,R_2ri4RVtvkxnZzHj,SHOES,2020-03-15,1584284400
4633,R_2ri4RVtvkxnZzHj,SCULPTURE,2020-03-15,1584284400
4634,R_2t2UfXrRfbnyKGU,BATTERY,2020-03-15,1584284400
4635,R_2taM3mpNPF0o1yf,PADDLEBOARD,2020-03-15,1584284400
4636,R_2uZDxTZAORBIW1o,PRESSER_FOOT,2020-03-15,1584284400
4637,R_2wzatCV9Z18xLF2,SHIRT,2020-03-15,1584284400
4638,R_2z7rLZb69WuqDdf,TEAPOT,2020-03-15,1584284400
4639,R_2z7rLZb69WuqDdf,MENSTRUAL_CUP,2020-03-15,1584284400
4640,R_2z7rLZb69WuqDdf,BATTERY,2020-03-15,1584284400
4641,R_2z7rLZb69WuqDdf,SHAMPOO,2020-03-15,1584284400
4642,R_2z7rLZb69WuqDdf,SNACK_FOOD_BAR,2020-03-15,1584284400
4643,R_2z7rLZb69WuqDdf,HEALTH_PERSONAL_CARE,2020-03-15,1584284400
4644,R_2z7rLZb69WuqDdf,HEALTH_PERSONAL_CARE,2020-03-15,1584284400
4645,R_2ze9t15YGQDJxR3,OUTDOOR_LIVING,2020-03-15,1584284400
4646,R_2ze9t15YGQDJxR3,MEDICATION,2020-03-15,1584284400
4647,R_30kPg5opkenrGPb,COFFEE,2020-03-15,1584284400
4648,R_30kPg5opkenrGPb,TOYS_AND_GAMES,2020-03-15,1584284400
4649,R_31QS1Ms6iQEU3mI,SPORT_EQUIPMENT_BAG_CASE,2020-03-15,1584284400
4650,R_31SNC0DcyjBDcq3,BATTERY,2020-03-15,1584284400
4651,R_31ycQ8SiOEF1cUN,SCREEN_PROTECTOR,2020-03-15,1584284400
4652,R_31ycQ8SiOEF1cUN,ABIS_BOOK,2020-03-15,1584284400
4653,R_31ycQ8SiOEF1cUN,SHOES,2020-03-15,1584284400
4654,R_325B8uB2XOflUvO,FACE_SHAPING_MAKEUP,2020-03-15,1584284400
4655,R_32RSCpvF0PqDFBp,HARDWARE_STAPLE,2020-03-15,1584284400
4656,R_32RSCpvF0PqDFBp,ELECTRONIC_CABLE,2020-03-15,1584284400
4657,R_32RSCpvF0PqDFBp,GROCERY,2020-03-15,1584284400
4658,R_32RSCpvF0PqDFBp,SNACK_FOOD_BAR,2020-03-15,1584284400
4659,R_32UZncFA03IrQwQ,SKIN_CLEANING_AGENT,2020-03-15,1584284400
4660,R_32UZncFA03IrQwQ,VITAMIN,2020-03-15,1584284400
4661,R_32UZncFA03IrQwQ,ABIS_BOOK,2020-03-15,1584284400
4662,R_32UZncFA03IrQwQ,CELLULAR_PHONE_CASE,2020-03-15,1584284400
4663,R_32UZncFA03IrQwQ,HARDWARE_CLAMP_VISE,2020-03-15,1584284400
4664,R_338AsE7QedeQ72w,SHOES,2020-03-15,1584284400
4665,R_338AsE7QedeQ72w,HEADPHONES,2020-03-15,1584284400
4666,R_33dxSOlpYwYOjFE,ELECTRONIC_CABLE,2020-03-15,1584284400
4667,R_3EsC5YHmiHe5s54,MEDICATION,2020-03-15,1584284400
4668,R_3FRSHAzxtL6ifms,PHYSICAL_MOVIE,2020-03-15,1584284400
4669,R_3FRSHAzxtL6ifms,BABY_SEAT,2020-03-15,1584284400
4670,R_3GD1CL4OyjglmbZ,PANTS,2020-03-15,1584284400
4671,R_3GD1CL4OyjglmbZ,HEALTH_PERSONAL_CARE,2020-03-15,1584284400
4672,R_3GD1CL4OyjglmbZ,HEALTH_PERSONAL_CARE,2020-03-15,1584284400
4673,R_3GD1CL4OyjglmbZ,MEDICATION,2020-03-15,1584284400
4674,R_3HgZOjGq4Ny969k,TABLETOP_GAME,2020-03-15,1584284400
4675,R_3IQQB0Dtvv9riqZ,MEDICATION,2020-03-15,1584284400
4676,R_3IQQB0Dtvv9riqZ,TOYS_AND_GAMES,2020-03-15,1584284400
4677,R_3J8UIMbwljBx6df,TOYS_AND_GAMES,2020-03-15,1584284400
4678,R_3Jxiicg67etW2yt,PET_FOOD,2020-03-15,1584284400
4679,R_3Jxiicg67etW2yt,ELECTRONIC_CABLE,2020-03-15,1584284400
4680,R_3KpaTa6zCZitiZG,SHIRT,2020-03-15,1584284400
4681,R_3L20DbmNPSMtKUd,CARPET_UPHOLSTERY_CLEANING_MACHINE,2020-03-15,1584284400
4682,R_3L20DbmNPSMtKUd,VIVARIUM,2020-03-15,1584284400
4683,R_3L20DbmNPSMtKUd,NUTRITIONAL_SUPPLEMENT,2020-03-15,1584284400
4684,R_3L20DbmNPSMtKUd,MICROPHONE_STAND,2020-03-15,1584284400
4685,R_3L20DbmNPSMtKUd,IRON_ON_TRANSFER_DESIGN,2020-03-15,1584284400
4686,R_3L20DbmNPSMtKUd,VIDEO_GAME_CONTROLLER,2020-03-15,1584284400
4687,R_3L20DbmNPSMtKUd,SCREWS,2020-03-15,1584284400
4688,R_3L20DbmNPSMtKUd,RIDE_ON_TOY,2020-03-15,1584284400
4689,R_3L20DbmNPSMtKUd,PANTS,2020-03-15,1584284400
4690,R_3L20DbmNPSMtKUd,SKIN_MOISTURIZER,2020-03-15,1584284400
4691,R_3L20DbmNPSMtKUd,HEALTH_PERSONAL_CARE,2020-03-15,1584284400
4692,R_3L20DbmNPSMtKUd,IRON_ON_TRANSFER_DESIGN,2020-03-15,1584284400
4693,R_3L20DbmNPSMtKUd,SCREEN_PROTECTOR,2020-03-15,1584284400
4694,R_3L20DbmNPSMtKUd,HEALTH_PERSONAL_CARE,2020-03-15,1584284400
4695,R_3L20DbmNPSMtKUd,HEALTH_PERSONAL_CARE,2020-03-15,1584284400
4696,R_3L20DbmNPSMtKUd,VIVARIUM,2020-03-15,1584284400
4697,R_3L20DbmNPSMtKUd,VIVARIUM,2020-03-15,1584284400
4698,R_3L20DbmNPSMtKUd,BATTERY,2020-03-15,1584284400
4699,R_3L20DbmNPSMtKUd,SHIRT,2020-03-15,1584284400
4700,R_3L20DbmNPSMtKUd,PANTS,2020-03-15,1584284400
4701,R_3L20DbmNPSMtKUd,IRON_ON_TRANSFER_DESIGN,2020-03-15,1584284400
4702,R_3L20DbmNPSMtKUd,TUNER,2020-03-15,1584284400
4703,R_3L20DbmNPSMtKUd,PET_SUPPLIES,2020-03-15,1584284400
4704,R_3L20DbmNPSMtKUd,ROBE,2020-03-15,1584284400
4705,R_3L20DbmNPSMtKUd,PET_SUPPLIES,2020-03-15,1584284400
4706,R_3L20DbmNPSMtKUd,ELECTRONIC_CABLE,2020-03-15,1584284400
4707,R_3L20DbmNPSMtKUd,MEDICATION,2020-03-15,1584284400
4708,R_3MyEdXOZ8P75S1V,SCREEN_PROTECTOR,2020-03-15,1584284400
4709,R_3NQyjCbeWDx3POa,CHARGING_ADAPTER,2020-03-15,1584284400
4710,R_3NQyjCbeWDx3POa,VITAMIN,2020-03-15,1584284400
4711,R_3NQyjCbeWDx3POa,SNACK_FOOD_BAR,2020-03-15,1584284400
4712,R_3NQyjCbeWDx3POa,SKIN_MOISTURIZER,2020-03-15,1584284400
4713,R_3RmDOazalOu0F1L,SWIMWEAR,2020-03-15,1584284400
4714,R_3emmbwwsXsxt4Oj,WEIGH_SCALE,2020-03-15,1584284400
4715,R_3enuyEOsaEVxTNX,ABIS_BOOK,2020-03-15,1584284400
4716,R_3ezA9QwlGKzfZk4,HEADPHONES,2020-03-15,1584284400
4717,R_3flZSxKV8ViX1H4,JANITORIAL_SUPPLY,2020-03-15,1584284400
4718,R_3flZSxKV8ViX1H4,DRINKING_CUP,2020-03-15,1584284400
4719,R_3g6FdS9TC745S4Y,PANTS,2020-03-15,1584284400
4720,R_3gTrwWhEzAv6gzH,SEASONING,2020-03-15,1584284400
4721,R_3jSvX9tw2goV083,FOOD_SPATULA,2020-03-15,1584284400
4722,R_3jSvX9tw2goV083,SKIN_CLEANING_AGENT,2020-03-15,1584284400
4723,R_3lXswIAy7Qq6UEZ,SKIN_CLEANING_AGENT,2020-03-15,1584284400
4724,R_3lXswIAy7Qq6UEZ,HEALTH_PERSONAL_CARE,2020-03-15,1584284400
4725,R_3lXswIAy7Qq6UEZ,SCREEN_PROTECTOR,2020-03-15,1584284400
4726,R_3lXswIAy7Qq6UEZ,HEADPHONES,2020-03-15,1584284400
4727,R_3lXswIAy7Qq6UEZ,TOYS_AND_GAMES,2020-03-15,1584284400
4728,R_3lXswIAy7Qq6UEZ,KEYBOARD_INSTRUMENTS,2020-03-15,1584284400
4729,R_3lXswIAy7Qq6UEZ,PRETZEL,2020-03-15,1584284400
4730,R_3lXswIAy7Qq6UEZ,ANTENNA,2020-03-15,1584284400
4731,R_3lXswIAy7Qq6UEZ,MEDICATION,2020-03-15,1584284400
4732,R_3n17fNI56KA8rTV,SNACK_FOOD_BAR,2020-03-15,1584284400
4733,R_3nH1Odp9Yjm86gN,CHARM,2020-03-15,1584284400
4734,R_3nqGVGe1oo00hRC,TOYS_AND_GAMES,2020-03-15,1584284400
4735,R_3oO3DoeTgXHrEzx,MEDICATION,2020-03-15,1584284400
4736,R_3oO3DoeTgXHrEzx,PET_FOOD,2020-03-15,1584284400
4737,R_3qahw7Bskcnb8CK,SNACK_FOOD_BAR,2020-03-15,1584284400
4738,R_3s02y9lg8GCo9q0,PET_FOOD,2020-03-15,1584284400
4739,R_3s02y9lg8GCo9q0,PANTS,2020-03-15,1584284400
4740,R_3sbM1ke1qD79iaT,HEALTH_PERSONAL_CARE,2020-03-15,1584284400
4741,R_3socPWD3wXD0iDP,ELECTRONIC_CABLE,2020-03-15,1584284400
4742,R_3socPWD3wXD0iDP,SKIN_CLEANING_AGENT,2020-03-15,1584284400
4743,R_5uabKnJBMc7HyEN,BATTERY,2020-03-15,1584284400
4744,R_5uabKnJBMc7HyEN,HEALTH_PERSONAL_CARE,2020-03-15,1584284400
4745,R_6lnssfnXksO2ntf,ORTHOPEDIC_BRACE,2020-03-15,1584284400
4746,R_6lnssfnXksO2ntf,ELECTRONIC_CABLE,2020-03-15,1584284400
4747,R_6lnssfnXksO2ntf,ABIS_BOOK,2020-03-15,1584284400
4748,R_6lnssfnXksO2ntf,CELLULAR_PHONE_CASE,2020-03-15,1584284400
4749,R_8pMsG4P0RqzoSlz,VITAMIN,2020-03-15,1584284400
4750,R_8pMsG4P0RqzoSlz,MEDICATION,2020-03-15,1584284400
4751,R_8pMsG4P0RqzoSlz,ABIS_BOOK,2020-03-15,1584284400
4752,R_A5Mg9h1PiJL0Wyd,SHOES,2020-03-15,1584284400
4753,R_AKBlDprDMrv4M7v,SNACK_FOOD_BAR,2020-03-15,1584284400
4754,R_AKBlDprDMrv4M7v,ELECTRONIC_SENSOR,2020-03-15,1584284400
4755,R_AKBlDprDMrv4M7v,SCREEN_PROTECTOR,2020-03-15,1584284400
4756,R_AM0OvM0F9kBvqal,BATTERY,2020-03-15,1584284400
4757,R_AM0OvM0F9kBvqal,MEDICATION,2020-03-15,1584284400
4758,R_AM0OvM0F9kBvqal,SKIN_CLEANING_AGENT,2020-03-15,1584284400
4759,R_AM0OvM0F9kBvqal,PET_FOOD,2020-03-15,1584284400
4760,R_AM0OvM0F9kBvqal,NAIL_POLISH,2020-03-15,1584284400
4761,R_AM0OvM0F9kBvqal,PHONE_ACCESSORY,2020-03-15,1584284400
4762,R_AM0OvM0F9kBvqal,SHOES,2020-03-15,1584284400
4763,R_AM0OvM0F9kBvqal,GROCERY,2020-03-15,1584284400
4764,R_Amq2LudEdwYblXX,TOASTER,2020-03-15,1584284400
4765,R_ApVmIUhdKhewFtn,SNACK_FOOD_BAR,2020-03-15,1584284400
4766,R_ApVmIUhdKhewFtn,CLEANING_BRUSH,2020-03-15,1584284400
4767,R_BWhnv4EdbhSS6rf,FOOD_WRAP,2020-03-15,1584284400
4768,R_BWhnv4EdbhSS6rf,CELLULAR_PHONE_CASE,2020-03-15,1584284400
4769,R_BWhnv4EdbhSS6rf,MEDICATION,2020-03-15,1584284400
4770,R_BWhnv4EdbhSS6rf,SHIRT,2020-03-15,1584284400
4771,R_BWhnv4EdbhSS6rf,HEALTH_PERSONAL_CARE,2020-03-15,1584284400
4772,R_O6ZX76mggPnAOfD,GPS_OR_NAVIGATION_SYSTEM,2020-03-15,1584284400
4773,R_O6ZX76mggPnAOfD,APPAREL,2020-03-15,1584284400
4774,R_O9FzIlCvCxllJSN,SCREEN_PROTECTOR,2020-03-15,1584284400
4775,R_RK5cwWjrNzWCfLj,PHYSICAL_MOVIE,2020-03-15,1584284400
4776,R_RK5cwWjrNzWCfLj,HEADPHONES,2020-03-15,1584284400
4777,R_RK5cwWjrNzWCfLj,VITAMIN,2020-03-15,1584284400
4778,R_RK5cwWjrNzWCfLj,SHOES,2020-03-15,1584284400
4779,R_Rw7CA3irllJSRH3,LIP_BALM,2020-03-15,1584284400
4780,R_Rw7CA3irllJSRH3,SCREWS,2020-03-15,1584284400
4781,R_TtK3Qkb3c3EIeoV,ELECTRONIC_CABLE,2020-03-15,1584284400
4782,R_TtjiPpPxtkd5Vnz,PET_FOOD,2020-03-15,1584284400
4783,R_Ui78k1hRGuGWhln,VITAMIN,2020-03-15,1584284400
4784,R_Ui78k1hRGuGWhln,SHIRT,2020-03-15,1584284400
4785,R_XYTa0bvoaQqev3r,UMBRELLA,2020-03-15,1584284400
4786,R_XYsrPCXL5N6boad,PUFFED_SNACK,2020-03-15,1584284400
4787,R_Xhz81T9LodPX0KB,PET_FOOD,2020-03-15,1584284400
4788,R_Xhz81T9LodPX0KB,MOUTHWASH,2020-03-15,1584284400
4789,R_Xhz81T9LodPX0KB,CELLULAR_PHONE_CASE,2020-03-15,1584284400
4790,R_XsIUODlniv0lMu5,SPRAY_BOTTLE,2020-03-15,1584284400
4791,R_XwiCirQyfwJzVtv,SKIN_MOISTURIZER,2020-03-15,1584284400
4792,R_Z4qMkqhWSmIbdSh,DISHWASHER,2020-03-15,1584284400
4793,R_Z4qMkqhWSmIbdSh,SCREEN_PROTECTOR,2020-03-15,1584284400
4794,R_Z4qMkqhWSmIbdSh,MP3_PLAYER,2020-03-15,1584284400
4795,R_Z4qMkqhWSmIbdSh,NUTRITIONAL_SUPPLEMENT,2020-03-15,1584284400
4796,R_Z4qMkqhWSmIbdSh,GROCERY,2020-03-15,1584284400
4797,R_ZkokwdIEZybYo9z,APPAREL_BELT,2020-03-15,1584284400
4798,R_ZkokwdIEZybYo9z,HEADPHONES,2020-03-15,1584284400
4799,R_ZkokwdIEZybYo9z,CORRECTIVE_EYEGLASSES,2020-03-15,1584284400
4800,R_ZkokwdIEZybYo9z,VACUUM_FILTER,2020-03-15,1584284400
4801,R_ZkokwdIEZybYo9z,HEADPHONES,2020-03-15,1584284400
4802,R_Zwn68Xfx8lenBER,SKIN_CLEANING_AGENT,2020-03-15,1584284400
4803,R_Zwn68Xfx8lenBER,ABIS_BOOK,2020-03-15,1584284400
4804,R_b3dSUlk76L0C6TD,SCREEN_PROTECTOR,2020-03-15,1584284400
4805,R_b3dSUlk76L0C6TD,BATTERY,2020-03-15,1584284400
4806,R_b8UnkZJoU93ZxEB,FASHIONOTHER,2020-03-15,1584284400
4807,R_b8UnkZJoU93ZxEB,ELECTRONIC_CABLE,2020-03-15,1584284400
4808,R_b8UnkZJoU93ZxEB,PLANNER,2020-03-15,1584284400
4809,R_b8UnkZJoU93ZxEB,MEDICATION,2020-03-15,1584284400
4810,R_b8UnkZJoU93ZxEB,SPORT_MITT,2020-03-15,1584284400
4811,R_b8UnkZJoU93ZxEB,SPEAKERS,2020-03-15,1584284400
4812,R_bJbNhR1I5NnLKb7,TOYS_AND_GAMES,2020-03-15,1584284400
4813,R_bJbNhR1I5NnLKb7,FOOD_BIB,2020-03-15,1584284400
4814,R_czHyAR1xMvT2FbP,SKIN_CLEANING_AGENT,2020-03-15,1584284400
4815,R_czHyAR1xMvT2FbP,BATTERY,2020-03-15,1584284400
4816,R_e8KTElZZLWryLWp,SHOES,2020-03-15,1584284400
4817,R_e8KTElZZLWryLWp,SKIN_CLEANING_AGENT,2020-03-15,1584284400
4818,R_e8KTElZZLWryLWp,HEALTH_PERSONAL_CARE,2020-03-15,1584284400
4819,R_e8KTElZZLWryLWp,STEERING_WHEEL_COVER,2020-03-15,1584284400
4820,R_e8KTElZZLWryLWp,SCREEN_PROTECTOR,2020-03-15,1584284400
4821,R_e8KTElZZLWryLWp,STEERING_WHEEL_COVER,2020-03-15,1584284400
4822,R_e8KTElZZLWryLWp,POWER_BANK,2020-03-15,1584284400
4823,R_e8KTElZZLWryLWp,SCREEN_PROTECTOR,2020-03-15,1584284400
4824,R_eOMCliqYqUD4oOR,BATTERY,2020-03-15,1584284400
4825,R_eOMCliqYqUD4oOR,TOYS_AND_GAMES,2020-03-15,1584284400
4826,R_eOMCliqYqUD4oOR,SNACK_FOOD_BAR,2020-03-15,1584284400
4827,R_eOMCliqYqUD4oOR,SHIRT,2020-03-15,1584284400
4828,R_sGohXmtT8TjLibT,ELECTRONIC_CABLE,2020-03-15,1584284400
4829,R_sGohXmtT8TjLibT,SCREEN_PROTECTOR,2020-03-15,1584284400
4830,R_tSTu20YCb20zL5D,TUNIC,2020-03-15,1584284400
4831,R_tSTu20YCb20zL5D,MEDICATION,2020-03-15,1584284400
4832,R_tSTu20YCb20zL5D,PHYSICAL_MOVIE,2020-03-15,1584284400
4833,R_tSTu20YCb20zL5D,SKIN_MOISTURIZER,2020-03-15,1584284400
4834,R_tSTu20YCb20zL5D,SCREEN_PROTECTOR,2020-03-15,1584284400
4835,R_tSTu20YCb20zL5D,PUMP_DISPENSER,2020-03-15,1584284400
4836,R_tSTu20YCb20zL5D,HEALTH_PERSONAL_CARE,2020-03-15,1584284400
4837,R_tSTu20YCb20zL5D,SNACK_FOOD_BAR,2020-03-15,1584284400
4838,R_tSTu20YCb20zL5D,CADDY,2020-03-15,1584284400
4839,R_tSTu20YCb20zL5D,PET_FOOD,2020-03-15,1584284400
4840,R_tSTu20YCb20zL5D,HEALTH_PERSONAL_CARE,2020-03-15,1584284400
4841,R_vCykMx1wpGTjjTb,HEALTH_PERSONAL_CARE,2020-03-15,1584284400
4842,R_xcs1aVCVrBlXkgV,NUTRITIONAL_SUPPLEMENT,2020-03-15,1584284400
4843,R_yRaAO89bhwJb9xD,SHOES,2020-03-15,1584284400
4844,R_yRaAO89bhwJb9xD,SKIN_MOISTURIZER,2020-03-15,1584284400
4845,R_yRaAO89bhwJb9xD,SLIPPER,2020-03-15,1584284400
4846,R_yRaAO89bhwJb9xD,SKIN_CLEANING_AGENT,2020-03-15,1584284400
4847,R_yrLrYUf4oFzOnjb,UNDERPANTS,2020-03-15,1584284400
4848,R_yrLrYUf4oFzOnjb,HEADPHONES,2020-03-15,1584284400
4849,R_0pRmRjHkwStzNQJ,PHYSICAL_MOVIE,2020-03-16,1584370800
4850,R_10TA7pCDmelHi5H,TOWEL_HOLDER,2020-03-16,1584370800
4851,R_129jUlsvVcVBDur,MEDICATION,2020-03-16,1584370800
4852,R_129jUlsvVcVBDur,GROMMETS,2020-03-16,1584370800
4853,R_129jUlsvVcVBDur,SOIL_TILLER_CULTIVATOR,2020-03-16,1584370800
4854,R_129jUlsvVcVBDur,ELECTRONIC_CABLE,2020-03-16,1584370800
4855,R_1BNwZP0DdTOa4rT,SANDER,2020-03-16,1584370800
4856,R_1C4nKyrv0w2thJn,WHEEL_CUTTER,2020-03-16,1584370800
4857,R_1C4nKyrv0w2thJn,SKIN_CLEANING_AGENT,2020-03-16,1584370800
4858,R_1C4nKyrv0w2thJn,ANIMAL_VITAMIN,2020-03-16,1584370800
4859,R_1C4nKyrv0w2thJn,WHEEL_CUTTER,2020-03-16,1584370800
4860,R_1C4nKyrv0w2thJn,SKIN_MOISTURIZER,2020-03-16,1584370800
4861,R_1C8t1JAe5Wo7sSl,SHIRT,2020-03-16,1584370800
4862,R_1C9YUFD8GunlGej,MEAT,2020-03-16,1584370800
4863,R_1C9YUFD8GunlGej,BATTERY,2020-03-16,1584370800
4864,R_1C9YUFD8GunlGej,ENGINE_COMPONENT_CAP,2020-03-16,1584370800
4865,R_1C9YUFD8GunlGej,SNACK_FOOD_BAR,2020-03-16,1584370800
4866,R_1C9YUFD8GunlGej,PORTABLE_ELECTRONIC_DEVICE_COVER,2020-03-16,1584370800
4867,R_1C9YUFD8GunlGej,SHOES,2020-03-16,1584370800
4868,R_1C9YUFD8GunlGej,HEADPHONES,2020-03-16,1584370800
4869,R_1C9YUFD8GunlGej,NUTRITIONAL_SUPPLEMENT,2020-03-16,1584370800
4870,R_1C9YUFD8GunlGej,NUTRITIONAL_SUPPLEMENT,2020-03-16,1584370800
4871,R_1Cd5zmz07X5BqKa,SKIN_CLEANING_AGENT,2020-03-16,1584370800
4872,R_1Cd5zmz07X5BqKa,SNACK_FOOD_BAR,2020-03-16,1584370800
4873,R_1DJdUrYA1I0QAKh,PHYSICAL_MOVIE,2020-03-16,1584370800
4874,R_1E3TJBNJVtr3tcD,GROCERY,2020-03-16,1584370800
4875,R_1E3TJBNJVtr3tcD,PET_FOOD,2020-03-16,1584370800
4876,R_1E3TJBNJVtr3tcD,CELLULAR_PHONE_CASE,2020-03-16,1584370800
4877,R_1F35QiIK5csZBEC,TOYS_AND_GAMES,2020-03-16,1584370800
4878,R_1F35QiIK5csZBEC,SHIRT,2020-03-16,1584370800
4879,R_1F35QiIK5csZBEC,ELECTRONIC_CABLE,2020-03-16,1584370800
4880,R_1F35QiIK5csZBEC,LAUNDRY_HAMPER,2020-03-16,1584370800
4881,R_1F35QiIK5csZBEC,GROCERY,2020-03-16,1584370800
4882,R_1F35QiIK5csZBEC,MEDICATION,2020-03-16,1584370800
4883,R_1F35QiIK5csZBEC,NUTRITIONAL_SUPPLEMENT,2020-03-16,1584370800
4884,R_1F35QiIK5csZBEC,BATTERY,2020-03-16,1584370800
4885,R_1Fyt6rHyiQcVOT8,ENVELOPE,2020-03-16,1584370800
4886,R_1Fyt6rHyiQcVOT8,CELLULAR_PHONE_CASE,2020-03-16,1584370800
4887,R_1Fyt6rHyiQcVOT8,HEALTH_PERSONAL_CARE,2020-03-16,1584370800
4888,R_1IaYiTSaUaD2W2i,HARDWARE_STAPLE,2020-03-16,1584370800
4889,R_1NCzj2eSHI4QGcd,PANTS,2020-03-16,1584370800
4890,R_1NCzj2eSHI4QGcd,BRA,2020-03-16,1584370800
4891,R_1NCzj2eSHI4QGcd,HEALTH_PERSONAL_CARE,2020-03-16,1584370800
4892,R_1QhEPMXONBU12sq,NETWORKING_ROUTER,2020-03-16,1584370800
4893,R_1dAhJdFXHV5xmMG,PET_FOOD,2020-03-16,1584370800
4894,R_1dKBjc0UTA0ZiYb,SHIRT,2020-03-16,1584370800
4895,R_1f1PzEZw8H2N4zm,AMAZON_TABLET_ACCESSORY,2020-03-16,1584370800
4896,R_1gcmv3lhX8iJEQb,ELECTRONIC_DEVICE_DOCKING_STATION,2020-03-16,1584370800
4897,R_1hJWB4rlc8B2yCi,PHYSICAL_MOVIE,2020-03-16,1584370800
4898,R_1hJWB4rlc8B2yCi,MEDICATION,2020-03-16,1584370800
4899,R_1hMV4AHCk04WO5V,SNACK_FOOD_BAR,2020-03-16,1584370800
4900,R_1hMV4AHCk04WO5V,NUTRITIONAL_SUPPLEMENT,2020-03-16,1584370800
4901,R_1l4zCtGUTvAWdS6,ABIS_BOOK,2020-03-16,1584370800
4902,R_1l4zCtGUTvAWdS6,AQUARIUM_POND_WATER_TREATMENT,2020-03-16,1584370800
4903,R_1lAIBWf5Qsww7eT,CEREAL,2020-03-16,1584370800
4904,R_1lAIBWf5Qsww7eT,SKIN_MOISTURIZER,2020-03-16,1584370800
4905,R_1n8h8059UUul8Dr,SCREEN_PROTECTOR,2020-03-16,1584370800
4906,R_1o6au5rOnBHoiU9,SKIN_CLEANING_AGENT,2020-03-16,1584370800
4907,R_1obwpb6iowh7vew,CELLULAR_PHONE_CASE,2020-03-16,1584370800
4908,R_1obwpb6iowh7vew,ABIS_BOOK,2020-03-16,1584370800
4909,R_1obwpb6iowh7vew,EYEGLASS_FRAME,2020-03-16,1584370800
4910,R_1psTlOFeWx4gWdX,NUTRITIONAL_SUPPLEMENT,2020-03-16,1584370800
4911,R_1psTlOFeWx4gWdX,ROLLER_CHAIN,2020-03-16,1584370800
4912,R_1psTlOFeWx4gWdX,SHIRT,2020-03-16,1584370800
4913,R_1q4eVtHN10S5gPB,BATTERY,2020-03-16,1584370800
4914,R_20Yd9DvrGselmZY,VITAMIN,2020-03-16,1584370800
4915,R_20Yd9DvrGselmZY,SKIN_CLEANING_AGENT,2020-03-16,1584370800
4916,R_210tLKdUbUZuf7O,GROCERY,2020-03-16,1584370800
4917,R_24csoaO569P4Yzz,SKIN_CLEANING_AGENT,2020-03-16,1584370800
4918,R_24ovSGBcJmAm7rm,SNACK_FOOD_BAR,2020-03-16,1584370800
4919,R_24ovSGBcJmAm7rm,SNACK_FOOD_BAR,2020-03-16,1584370800
4920,R_24ovSGBcJmAm7rm,SCREEN_PROTECTOR,2020-03-16,1584370800
4921,R_24ovSGBcJmAm7rm,SKIN_CLEANING_AGENT,2020-03-16,1584370800
4922,R_25KMnVsE9ynaHcA,HOBBIES,2020-03-16,1584370800
4923,R_25z5LHPaAsxktx7,HAIR_IRON,2020-03-16,1584370800
4924,R_25z5LHPaAsxktx7,SKIN_CLEANING_WIPE,2020-03-16,1584370800
4925,R_27DL80quzRiSEmq,LOCK,2020-03-16,1584370800
4926,R_27llfKLBUotowNk,SHIRT,2020-03-16,1584370800
4927,R_28IDNbS8mqpfyKD,ABIS_BOOK,2020-03-16,1584370800
4928,R_29tYnNf049lSPEe,POWERSPORTS_VEHICLE_PART,2020-03-16,1584370800
4929,R_2AXcJk6rRN4M33l,SKIN_EXFOLIANT,2020-03-16,1584370800
4930,R_2AXcJk6rRN4M33l,VITAMIN,2020-03-16,1584370800
4931,R_2AXcJk6rRN4M33l,PANTS,2020-03-16,1584370800
4932,R_2AXcJk6rRN4M33l,NUTRITIONAL_SUPPLEMENT,2020-03-16,1584370800
4933,R_2AXcJk6rRN4M33l,PET_PEST_CONTROL,2020-03-16,1584370800
4934,R_2AXcJk6rRN4M33l,HAIR_STYLING_AGENT,2020-03-16,1584370800
4935,R_2AXcJk6rRN4M33l,PET_PEST_CONTROL,2020-03-16,1584370800
4936,R_2AXcJk6rRN4M33l,VITAMIN,2020-03-16,1584370800
4937,R_2AXcJk6rRN4M33l,CELLULAR_PHONE_CASE,2020-03-16,1584370800
4938,R_2AXcJk6rRN4M33l,PET_FOOD,2020-03-16,1584370800
4939,R_2B38co9cwVRvVZA,PHOTOGRAPHIC_FILM,2020-03-16,1584370800
4940,R_2B38co9cwVRvVZA,MEDICATION,2020-03-16,1584370800
4941,R_2BstrkPd4gMc6Ih,CELLULAR_PHONE_CASE,2020-03-16,1584370800
4942,R_2D2K5rKv8NODIDZ,BATTERY,2020-03-16,1584370800
4943,R_2D2K5rKv8NODIDZ,SCREEN_PROTECTOR,2020-03-16,1584370800
4944,R_2D2K5rKv8NODIDZ,SCREEN_PROTECTOR,2020-03-16,1584370800
4945,R_2D2K5rKv8NODIDZ,SNACK_FOOD_BAR,2020-03-16,1584370800
4946,R_2Etc0qZ3B702xxn,ELECTRONIC_CABLE,2020-03-16,1584370800
4947,R_2QXq900Df6biUD7,FLOUR,2020-03-16,1584370800
4948,R_2R20tGsAciB0E9U,GROCERY,2020-03-16,1584370800
4949,R_2RUDh7piHU7frzt,MEAL_HOLDER,2020-03-16,1584370800
4950,R_2RUDh7piHU7frzt,LIGHTED_OUTDOOR_DISPLAY,2020-03-16,1584370800
4951,R_2RUDh7piHU7frzt,BATHWATER_ADDITIVE,2020-03-16,1584370800
4952,R_2SIYchF5txvb4ur,ELECTRONIC_CABLE,2020-03-16,1584370800
4953,R_2SIYchF5txvb4ur,PEST_CONTROL_DEVICE,2020-03-16,1584370800
4954,R_2SksQStmmNpRaiB,SCREEN_PROTECTOR,2020-03-16,1584370800
4955,R_2SksQStmmNpRaiB,GROCERY,2020-03-16,1584370800
4956,R_2SksQStmmNpRaiB,TOYS_AND_GAMES,2020-03-16,1584370800
4957,R_2SksQStmmNpRaiB,MEDICATION,2020-03-16,1584370800
4958,R_2SksQStmmNpRaiB,ELECTRONIC_CABLE,2020-03-16,1584370800
4959,R_2SksQStmmNpRaiB,ABIS_BOOK,2020-03-16,1584370800
4960,R_2VwjXhJ5OznStEi,PANTS,2020-03-16,1584370800
4961,R_2WumP0iKDvwiM2r,BABY_JUMPER_WALKER,2020-03-16,1584370800
4962,R_2WumP0iKDvwiM2r,PET_FOOD,2020-03-16,1584370800
4963,R_2WumP0iKDvwiM2r,HANGING_ROD,2020-03-16,1584370800
4964,R_2WumP0iKDvwiM2r,SKIN_MOISTURIZER,2020-03-16,1584370800
4965,R_2WwzM8WiFsk4o3g,CARABINER,2020-03-16,1584370800
4966,R_2YYB0ZXHHFsMn1o,ABIS_BOOK,2020-03-16,1584370800
4967,R_2YYB0ZXHHFsMn1o,CELLULAR_PHONE_CASE,2020-03-16,1584370800
4968,R_2YYB0ZXHHFsMn1o,SKIN_CLEANING_AGENT,2020-03-16,1584370800
4969,R_2ZTFfLAcuwm22Yh,SKIN_CLEANING_AGENT,2020-03-16,1584370800
4970,R_2ZTFfLAcuwm22Yh,HUMIDIFIER,2020-03-16,1584370800
4971,R_2ZTFfLAcuwm22Yh,SCREEN_PROTECTOR,2020-03-16,1584370800
4972,R_2ZTFfLAcuwm22Yh,BATTERY,2020-03-16,1584370800
4973,R_2ZTFfLAcuwm22Yh,SKIN_CLEANING_AGENT,2020-03-16,1584370800
4974,R_2ZTFfLAcuwm22Yh,JEWELRY_FINDING,2020-03-16,1584370800
4975,R_2ZTFfLAcuwm22Yh,SAFETY_GLASSES,2020-03-16,1584370800
4976,R_2ZZSS68rfn9BMtt,PHYSICAL_MOVIE,2020-03-16,1584370800
4977,R_2ZZSS68rfn9BMtt,POULTRY,2020-03-16,1584370800
4978,R_2cBADxleVyzT89z,BATTERY,2020-03-16,1584370800
4979,R_2cBADxleVyzT89z,ELECTRONIC_CABLE,2020-03-16,1584370800
4980,R_2dFHfsIqQ6eEtVW,SCREEN_PROTECTOR,2020-03-16,1584370800
4981,R_2dFHfsIqQ6eEtVW,ABIS_BOOK,2020-03-16,1584370800
4982,R_2djaIfKORskyeuO,SKIN_CLEANING_AGENT,2020-03-16,1584370800
4983,R_2djaIfKORskyeuO,TARP,2020-03-16,1584370800
4984,R_2djaIfKORskyeuO,TABLE,2020-03-16,1584370800
4985,R_2djaIfKORskyeuO,BATTERY,2020-03-16,1584370800
4986,R_2djaIfKORskyeuO,SKIN_CLEANING_AGENT,2020-03-16,1584370800
4987,R_2djaIfKORskyeuO,SHOES,2020-03-16,1584370800
4988,R_2djaIfKORskyeuO,HAIRBAND,2020-03-16,1584370800
4989,R_2djaIfKORskyeuO,VITAMIN,2020-03-16,1584370800
4990,R_2djaIfKORskyeuO,PET_FOOD,2020-03-16,1584370800
4991,R_2djaIfKORskyeuO,SKIN_MOISTURIZER,2020-03-16,1584370800
4992,R_2djaIfKORskyeuO,SHOES,2020-03-16,1584370800
4993,R_2djaIfKORskyeuO,CORE_PIT_REMOVER,2020-03-16,1584370800
4994,R_2djaIfKORskyeuO,SCREEN_PROTECTOR,2020-03-16,1584370800
4995,R_2djaIfKORskyeuO,TARP,2020-03-16,1584370800
4996,R_2djaIfKORskyeuO,DECORATIVE_CUTOUT,2020-03-16,1584370800
4997,R_2djaIfKORskyeuO,SUSPENSION_LIFT_SUPPORT,2020-03-16,1584370800
4998,R_2dvh9tu7PLPeipE,PET_FOOD,2020-03-16,1584370800
4999,R_2ebzj3o225IisIQ,CELLULAR_PHONE_CASE,2020-03-16,1584370800
5000,R_2ebzj3o225IisIQ,ORAL_IRRIGATOR,2020-03-16,1584370800
5001,R_2ebzj3o225IisIQ,GROCERY,2020-03-16,1584370800
5002,R_2ebzj3o225IisIQ,PET_FOOD,2020-03-16,1584370800
5003,R_2fD6Jy2muMgaubH,GROCERY,2020-03-16,1584370800
5004,R_2fy7JSBbIRNQKLb,ANIMAL_WATER_DISPENSER,2020-03-16,1584370800
5005,R_2fy7JSBbIRNQKLb,PANTS,2020-03-16,1584370800
5006,R_2mAJniG0xVBIInL,BATTERY,2020-03-16,1584370800
5007,R_2mKYTXpTsUEkSGt,KEYCHAIN,2020-03-16,1584370800
5008,R_2mKYTXpTsUEkSGt,INTEGRATED_STEREO_SYSTEM,2020-03-16,1584370800
5009,R_2q2hekIiutgInrE,PHYSICAL_MOVIE,2020-03-16,1584370800
5010,R_2q2hekIiutgInrE,HEADPHONES,2020-03-16,1584370800
5011,R_2qD8ep8d313iLj4,HEADPHONES,2020-03-16,1584370800
5012,R_2s5YO3cdqKDFyIM,FIDGET_TOY,2020-03-16,1584370800
5013,R_2s5YO3cdqKDFyIM,PILLOW,2020-03-16,1584370800
5014,R_2sYHDhT6DJy2U6q,SKIN_MOISTURIZER,2020-03-16,1584370800
5015,R_2sYHDhT6DJy2U6q,PET_FOOD,2020-03-16,1584370800
5016,R_2sYHDhT6DJy2U6q,SKIN_CLEANING_AGENT,2020-03-16,1584370800
5017,R_2sYHDhT6DJy2U6q,BATTERY,2020-03-16,1584370800
5018,R_2sYHDhT6DJy2U6q,PHYSICAL_MOVIE,2020-03-16,1584370800
5019,R_2sYHDhT6DJy2U6q,EXERCISE_MACHINE,2020-03-16,1584370800
5020,R_2sYHDhT6DJy2U6q,PANTS,2020-03-16,1584370800
5021,R_2sYHDhT6DJy2U6q,SNACK_FOOD_BAR,2020-03-16,1584370800
5022,R_2sYHDhT6DJy2U6q,GLITTER,2020-03-16,1584370800
5023,R_2sYHDhT6DJy2U6q,ELECTRIC_SHAVER,2020-03-16,1584370800
5024,R_2sbCr0DY5BIHWiF,NUTRITIONAL_SUPPLEMENT,2020-03-16,1584370800
5025,R_2uIMLcJgQmb0v3G,PHYSICAL_MOVIE,2020-03-16,1584370800
5026,R_2uIMLcJgQmb0v3G,BATTERY,2020-03-16,1584370800
5027,R_2ugDyrE1yi1FjvH,DOWNLOADABLE_VIDEO_GAME,2020-03-16,1584370800
5028,R_2vkMWH10xWp7o9s,HAIR_CLEANER_CONDITIONER,2020-03-16,1584370800
5029,R_2vkMWH10xWp7o9s,NUTRITIONAL_SUPPLEMENT,2020-03-16,1584370800
5030,R_2vkMWH10xWp7o9s,SCREEN_PROTECTOR,2020-03-16,1584370800
5031,R_2vkMWH10xWp7o9s,SNACK_CHIP_AND_CRISP,2020-03-16,1584370800
5032,R_2vkMWH10xWp7o9s,HAIR_CLEANER_CONDITIONER,2020-03-16,1584370800
5033,R_2wtVmKidhQR0wju,TOYS_AND_GAMES,2020-03-16,1584370800
5034,R_2wzatCV9Z18xLF2,PET_FOOD,2020-03-16,1584370800
5035,R_2z7rLZb69WuqDdf,TEAPOT,2020-03-16,1584370800
5036,R_30kPg5opkenrGPb,GROCERY,2020-03-16,1584370800
5037,R_30kPg5opkenrGPb,PHYSICAL_MOVIE,2020-03-16,1584370800
5038,R_30kPg5opkenrGPb,TOWEL,2020-03-16,1584370800
5039,R_30kPg5opkenrGPb,HEADPHONES,2020-03-16,1584370800
5040,R_30kPg5opkenrGPb,CELLULAR_PHONE_CASE,2020-03-16,1584370800
5041,R_31n2MLk9w05iLzN,PET_FOOD,2020-03-16,1584370800
5042,R_31n2MLk9w05iLzN,CHARGING_ADAPTER,2020-03-16,1584370800
5043,R_31n2MLk9w05iLzN,SHIRT,2020-03-16,1584370800
5044,R_31n2MLk9w05iLzN,SECURITY_ELECTRONICS,2020-03-16,1584370800
5045,R_31n2MLk9w05iLzN,SNACK_FOOD_BAR,2020-03-16,1584370800
5046,R_31ycQ8SiOEF1cUN,NETWORKING_ROUTER,2020-03-16,1584370800
5047,R_32LAHRoBCbjkYZj,VITAMIN,2020-03-16,1584370800
5048,R_32MgYCncUh7NkQE,MEDICATION,2020-03-16,1584370800
5049,R_32MgYCncUh7NkQE,HEALTH_PERSONAL_CARE,2020-03-16,1584370800
5050,R_32MgYCncUh7NkQE,SKIN_CLEANING_AGENT,2020-03-16,1584370800
5051,R_32MgYCncUh7NkQE,HARDWARE_CLAMP_VISE,2020-03-16,1584370800
5052,R_32Mm71oAJq2K9XK,LEAF_BLOWER,2020-03-16,1584370800
5053,R_32Mm71oAJq2K9XK,O_RINGS,2020-03-16,1584370800
5054,R_32RSCpvF0PqDFBp,SERVEWARE,2020-03-16,1584370800
5055,R_32RSCpvF0PqDFBp,SKIN_CLEANING_AGENT,2020-03-16,1584370800
5056,R_32RSCpvF0PqDFBp,PET_FOOD,2020-03-16,1584370800
5057,R_32RSCpvF0PqDFBp,CELLULAR_PHONE_CASE,2020-03-16,1584370800
5058,R_32UZncFA03IrQwQ,KNEE_PAD,2020-03-16,1584370800
5059,R_32UZncFA03IrQwQ,BATTERY,2020-03-16,1584370800
5060,R_32UZncFA03IrQwQ,VITAMIN,2020-03-16,1584370800
5061,R_32UZncFA03IrQwQ,GARMENT_PROTECTOR_COVER,2020-03-16,1584370800
5062,R_32UZncFA03IrQwQ,SKIN_CLEANING_AGENT,2020-03-16,1584370800
5063,R_32WvdLjYpicai6o,SPORT_TABLE_GAME,2020-03-16,1584370800
5064,R_33El0GX9AkXCVDU,CELLULAR_PHONE_CASE,2020-03-16,1584370800
5065,R_33El0GX9AkXCVDU,BODY_STRAP,2020-03-16,1584370800
5066,R_33jcUkAZ8knoq82,MINERAL_SUPPLEMENT,2020-03-16,1584370800
5067,R_33jcUkAZ8knoq82,BATTERY,2020-03-16,1584370800
5068,R_33jcUkAZ8knoq82,DAIRY_BASED_BUTTER,2020-03-16,1584370800
5069,R_3D0FIkesMnTGsnm,SHOELACE,2020-03-16,1584370800
5070,R_3G1gYo1d23Zq8Np,HEADPHONES,2020-03-16,1584370800
5071,R_3G1gYo1d23Zq8Np,SHIRT,2020-03-16,1584370800
5072,R_3G1gYo1d23Zq8Np,VITAMIN,2020-03-16,1584370800
5073,R_3G1gYo1d23Zq8Np,BARBECUE_GRILL,2020-03-16,1584370800
5074,R_3GCXgWFPLgXAuFC,PHYSICAL_MOVIE,2020-03-16,1584370800
5075,R_3GCXgWFPLgXAuFC,SCREEN_PROTECTOR,2020-03-16,1584370800
5076,R_3GCXgWFPLgXAuFC,BATTERY,2020-03-16,1584370800
5077,R_3GCXgWFPLgXAuFC,RECREATION_BALL,2020-03-16,1584370800
5078,R_3GqfePl8gH1VWP1,PHYSICAL_MOVIE,2020-03-16,1584370800
5079,R_3GqfePl8gH1VWP1,ROBE,2020-03-16,1584370800
5080,R_3GqfePl8gH1VWP1,ABIS_BOOK,2020-03-16,1584370800
5081,R_3HgZOjGq4Ny969k,ELECTRONIC_CABLE,2020-03-16,1584370800
5082,R_3J8UIMbwljBx6df,ELECTRONIC_CABLE,2020-03-16,1584370800
5083,R_3JjRmgOh3ZydDiW,CARRYING_CASE_OR_BAG,2020-03-16,1584370800
5084,R_3Jl5q6tZJctgL8B,CELLULAR_PHONE_CASE,2020-03-16,1584370800
5085,R_3M3RSZ7wNRSaxNx,FURNITURE_CART,2020-03-16,1584370800
5086,R_3MncA46G8CO8juo,CELLULAR_PHONE,2020-03-16,1584370800
5087,R_3MncA46G8CO8juo,DEHUMIDIFIER,2020-03-16,1584370800
5088,R_3MncA46G8CO8juo,MEDICATION,2020-03-16,1584370800
5089,R_3MncA46G8CO8juo,PHYSICAL_MOVIE,2020-03-16,1584370800
5090,R_3MncA46G8CO8juo,SHOES,2020-03-16,1584370800
5091,R_3NwUrzA3eAsS3xO,PHYSICAL_TV_SERIES,2020-03-16,1584370800
5092,R_3NwUrzA3eAsS3xO,PANTS,2020-03-16,1584370800
5093,R_3OfwQrDNFhWjGWG,SHOES,2020-03-16,1584370800
5094,R_3OfwQrDNFhWjGWG,TOOLS,2020-03-16,1584370800
5095,R_3OiAK9V155cWEsy,GIFT_WRAP,2020-03-16,1584370800
5096,R_3OiAK9V155cWEsy,FISHING_HOOK,2020-03-16,1584370800
5097,R_3QJyUqWqLp8B7Jw,TAMPON,2020-03-16,1584370800
5098,R_3QJyUqWqLp8B7Jw,SHIRT,2020-03-16,1584370800
5099,R_3RmDOazalOu0F1L,TOYS_AND_GAMES,2020-03-16,1584370800
5100,R_3RmDOazalOu0F1L,HEADPHONES,2020-03-16,1584370800
5101,R_3emMy2Kk6GA8xPd,MEDICATION,2020-03-16,1584370800
5102,R_3enuyEOsaEVxTNX,SHOCK_ABSORBER,2020-03-16,1584370800
5103,R_3gTrwWhEzAv6gzH,SKIN_CLEANING_AGENT,2020-03-16,1584370800
5104,R_3iJyVGzX7fyajRz,KITCHEN,2020-03-16,1584370800
5105,R_3iJyVGzX7fyajRz,STANDALONE_STREAMING_MEDIA_PLAYER,2020-03-16,1584370800
5106,R_3lt1ZPBv09u1seD,HAIR_COLORING_AGENT,2020-03-16,1584370800
5107,R_3lt1ZPBv09u1seD,VITAMIN,2020-03-16,1584370800
5108,R_3lt1ZPBv09u1seD,TOGGLE_SWITCH,2020-03-16,1584370800
5109,R_3lt1ZPBv09u1seD,COFFEE,2020-03-16,1584370800
5110,R_3lt1ZPBv09u1seD,ELECTRICAL_HOUSING,2020-03-16,1584370800
5111,R_3lt1ZPBv09u1seD,TOGGLE_SWITCH,2020-03-16,1584370800
5112,R_3nA7SneXu81knN1,NUTRITIONAL_SUPPLEMENT,2020-03-16,1584370800
5113,R_3nA7SneXu81knN1,WEBCAM,2020-03-16,1584370800
5114,R_3nA7SneXu81knN1,VEHICLE_SCAN_TOOL,2020-03-16,1584370800
5115,R_3oO3DoeTgXHrEzx,SNACK_FOOD_BAR,2020-03-16,1584370800
5116,R_3peWF42INuePUWA,SUGAR_CANDY,2020-03-16,1584370800
5117,R_3peWF42INuePUWA,TEMPORARY_GATE,2020-03-16,1584370800
5118,R_3rYUVmCplPiAoJh,MEDICATION,2020-03-16,1584370800
5119,R_3rZHdmB75jSgwhr,BUTTER_DISH,2020-03-16,1584370800
5120,R_3rZHdmB75jSgwhr,TOYS_AND_GAMES,2020-03-16,1584370800
5121,R_3rZHdmB75jSgwhr,DIVE_MASK,2020-03-16,1584370800
5122,R_3rZHdmB75jSgwhr,GROCERY,2020-03-16,1584370800
5123,R_3rZHdmB75jSgwhr,SHIRT,2020-03-16,1584370800
5124,R_3s60LmlFm5fAEP5,COSMETIC_CASE,2020-03-16,1584370800
5125,R_3s60LmlFm5fAEP5,SYRUP,2020-03-16,1584370800
5126,R_3s60LmlFm5fAEP5,GROCERY,2020-03-16,1584370800
5127,R_3s60LmlFm5fAEP5,MEDICATION,2020-03-16,1584370800
5128,R_4HmF6WnGLnnWuLD,PET_FOOD,2020-03-16,1584370800
5129,R_4PhRzF4UI9ooLh7,HEALTH_PERSONAL_CARE,2020-03-16,1584370800
5130,R_4PhRzF4UI9ooLh7,CELLULAR_PHONE_CASE,2020-03-16,1584370800
5131,R_4PhRzF4UI9ooLh7,STEP_STOOL,2020-03-16,1584370800
5132,R_4PhRzF4UI9ooLh7,SOCKS,2020-03-16,1584370800
5133,R_55BKHeW1aOzYOUp,ABIS_BOOK,2020-03-16,1584370800
5134,R_55BKHeW1aOzYOUp,MEDICAL_TEST_STRIP,2020-03-16,1584370800
5135,R_55BKHeW1aOzYOUp,DECORATIVE_SIGNAGE,2020-03-16,1584370800
5136,R_5uabKnJBMc7HyEN,PAPER_TOWEL_HOLDER,2020-03-16,1584370800
5137,R_6m1QCIXstgjIo4p,MUFFLER,2020-03-16,1584370800
5138,R_9ppTjfBQZZs42WJ,PUFFED_SNACK,2020-03-16,1584370800
5139,R_9ppTjfBQZZs42WJ,MONITOR,2020-03-16,1584370800
5140,R_9ppTjfBQZZs42WJ,HOME_BED_AND_BATH,2020-03-16,1584370800
5141,R_AEBbAiW2xdXI2at,NUTRITIONAL_SUPPLEMENT,2020-03-16,1584370800
5142,R_AKBlDprDMrv4M7v,BATTERY,2020-03-16,1584370800
5143,R_AKBlDprDMrv4M7v,PET_FOOD,2020-03-16,1584370800
5144,R_AKBlDprDMrv4M7v,WEED_MOSS_CONTROL_AGENT,2020-03-16,1584370800
5145,R_AM0OvM0F9kBvqal,HEADPHONES,2020-03-16,1584370800
5146,R_AM0OvM0F9kBvqal,VITAMIN,2020-03-16,1584370800
5147,R_AM0OvM0F9kBvqal,CLEANING_AGENT,2020-03-16,1584370800
5148,R_Amq2LudEdwYblXX,SKIN_CLEANING_AGENT,2020-03-16,1584370800
5149,R_Amq2LudEdwYblXX,STANDALONE_STREAMING_MEDIA_PLAYER,2020-03-16,1584370800
5150,R_BWAjcs1sKUc6NQl,MEDICATION,2020-03-16,1584370800
5151,R_BYr5WwayMBf66SR,VITAMIN,2020-03-16,1584370800
5152,R_O6ZX76mggPnAOfD,BAKEWARE_SET,2020-03-16,1584370800
5153,R_O6ZX76mggPnAOfD,PICTURE_HANGER,2020-03-16,1584370800
5154,R_OMNSdX5mDbUEZNf,TOWEL,2020-03-16,1584370800
5155,R_OMNSdX5mDbUEZNf,CAMERA_CONTINUOUS_LIGHT,2020-03-16,1584370800
5156,R_OMNSdX5mDbUEZNf,PORTABLE_ELECTRONIC_DEVICE_COVER,2020-03-16,1584370800
5157,R_OMNSdX5mDbUEZNf,SKIN_MOISTURIZER,2020-03-16,1584370800
5158,R_PB47lifIW2D9E65,ABIS_BOOK,2020-03-16,1584370800
5159,R_PwlnzzccUMXV0n7,SKIN_MOISTURIZER,2020-03-16,1584370800
5160,R_PwlnzzccUMXV0n7,CELLULAR_PHONE_CASE,2020-03-16,1584370800
5161,R_PwlnzzccUMXV0n7,CELLULAR_PHONE_CASE,2020-03-16,1584370800
5162,R_PwlnzzccUMXV0n7,COOKWARE,2020-03-16,1584370800
5163,R_RPruSl134deuxOh,SHOES,2020-03-16,1584370800
5164,R_RlYyUhsDFvyGwX7,HAIR_DRYER,2020-03-16,1584370800
5165,R_Rw7CA3irllJSRH3,PET_FOOD,2020-03-16,1584370800
5166,R_SVHcBOlErkMEJjP,SHOES,2020-03-16,1584370800
5167,R_SVHcBOlErkMEJjP,BATTERY,2020-03-16,1584370800
5168,R_SVHcBOlErkMEJjP,CRAFT_MOLD,2020-03-16,1584370800
5169,R_UVM6YBvaArzpRjb,CELLULAR_PHONE_CASE,2020-03-16,1584370800
5170,R_UVM6YBvaArzpRjb,HIP_FLASK,2020-03-16,1584370800
5171,R_UVM6YBvaArzpRjb,SCREEN_PROTECTOR,2020-03-16,1584370800
5172,R_UVM6YBvaArzpRjb,WASTE_BAG,2020-03-16,1584370800
5173,R_Ui78k1hRGuGWhln,PRELOADED_ELECTRONIC_GAME,2020-03-16,1584370800
5174,R_XAphEY817eORyx3,PET_FOOD,2020-03-16,1584370800
5175,R_XSu10jIDimUl5m1,SHOES,2020-03-16,1584370800
5176,R_XSu10jIDimUl5m1,GROCERY,2020-03-16,1584370800
5177,R_XSu10jIDimUl5m1,SCREEN_PROTECTOR,2020-03-16,1584370800
5178,R_Xhz81T9LodPX0KB,ANIMAL_NUTRITIONAL_SUPPLEMENT,2020-03-16,1584370800
5179,R_Xhz81T9LodPX0KB,SKIN_CLEANING_AGENT,2020-03-16,1584370800
5180,R_Xhz81T9LodPX0KB,FIGURINE,2020-03-16,1584370800
5181,R_Xhz81T9LodPX0KB,CELLULAR_PHONE_CASE,2020-03-16,1584370800
5182,R_Xhz81T9LodPX0KB,SHIRT,2020-03-16,1584370800
5183,R_Xhz81T9LodPX0KB,HEALTH_PERSONAL_CARE,2020-03-16,1584370800
5184,R_Xhz81T9LodPX0KB,SHIRT,2020-03-16,1584370800
5185,R_Xhz81T9LodPX0KB,HEALTH_PERSONAL_CARE,2020-03-16,1584370800
5186,R_Xhz81T9LodPX0KB,KNITTING_NEEDLE,2020-03-16,1584370800
5187,R_Xhz81T9LodPX0KB,ABIS_BOOK,2020-03-16,1584370800
5188,R_Xhz81T9LodPX0KB,SKIN_MOISTURIZER,2020-03-16,1584370800
5189,R_XwiCirQyfwJzVtv,CELLULAR_PHONE_CASE,2020-03-16,1584370800
5190,R_XwiCirQyfwJzVtv,NUTRITIONAL_SUPPLEMENT,2020-03-16,1584370800
5191,R_XwiCirQyfwJzVtv,HANDBAG,2020-03-16,1584370800
5192,R_XwiCirQyfwJzVtv,SNACK_CHIP_AND_CRISP,2020-03-16,1584370800
5193,R_YS4MPsfM1Neg0RH,MEDICATION,2020-03-16,1584370800
5194,R_ZkokwdIEZybYo9z,HEADPHONES,2020-03-16,1584370800
5195,R_ZkokwdIEZybYo9z,PANTS,2020-03-16,1584370800
5196,R_ZkokwdIEZybYo9z,SKIN_CLEANING_AGENT,2020-03-16,1584370800
5197,R_ZkokwdIEZybYo9z,ANCHOR_STAKE,2020-03-16,1584370800
5198,R_b8UnkZJoU93ZxEB,SKIN_MOISTURIZER,2020-03-16,1584370800
5199,R_b8UnkZJoU93ZxEB,WALKING_STICK,2020-03-16,1584370800
5200,R_bJI8lmXMZWL6oql,ABIS_BOOK,2020-03-16,1584370800
5201,R_bJI8lmXMZWL6oql,NUTRITIONAL_SUPPLEMENT,2020-03-16,1584370800
5202,R_bJbNhR1I5NnLKb7,HEADPHONES,2020-03-16,1584370800
5203,R_bJbNhR1I5NnLKb7,VITAMIN,2020-03-16,1584370800
5204,R_bJbNhR1I5NnLKb7,TOYS_AND_GAMES,2020-03-16,1584370800
5205,R_bJbNhR1I5NnLKb7,HEADPHONES,2020-03-16,1584370800
5206,R_bJbNhR1I5NnLKb7,SCREEN_PROTECTOR,2020-03-16,1584370800
5207,R_bJbNhR1I5NnLKb7,MEDICATION,2020-03-16,1584370800
5208,R_bJbNhR1I5NnLKb7,TOGGLE_SWITCH,2020-03-16,1584370800
5209,R_bJbNhR1I5NnLKb7,LAMP,2020-03-16,1584370800
5210,R_bJbNhR1I5NnLKb7,SCREEN_PROTECTOR,2020-03-16,1584370800
5211,R_bJbNhR1I5NnLKb7,DECORATIVE_PILLOW_COVER,2020-03-16,1584370800
5212,R_bJbNhR1I5NnLKb7,PRESSURE_WASHER,2020-03-16,1584370800
5213,R_bJbNhR1I5NnLKb7,HEALTH_PERSONAL_CARE,2020-03-16,1584370800
5214,R_bKJcIltPwncL9uN,SCISSORS,2020-03-16,1584370800
5215,R_bKJcIltPwncL9uN,BATTERY,2020-03-16,1584370800
5216,R_bKJcIltPwncL9uN,DAIRY_BASED_CHEESE,2020-03-16,1584370800
5217,R_bw2nQ0iRh2wCa8p,VITAMIN,2020-03-16,1584370800
5218,R_bw2nQ0iRh2wCa8p,ELECTRIC_FAN,2020-03-16,1584370800
5219,R_bw2nQ0iRh2wCa8p,ABIS_BOOK,2020-03-16,1584370800
5220,R_bw2nQ0iRh2wCa8p,PANTS,2020-03-16,1584370800
5221,R_e8KTElZZLWryLWp,FISH,2020-03-16,1584370800
5222,R_e8KTElZZLWryLWp,ELECTRIC_FAN,2020-03-16,1584370800
5223,R_e8KTElZZLWryLWp,PANTS,2020-03-16,1584370800
5224,R_ebblotCCh8G6Ddf,PHYSICAL_MOVIE,2020-03-16,1584370800
5225,R_etgq3mVPgoz8CyZ,SANITARY_NAPKIN,2020-03-16,1584370800
5226,R_etgq3mVPgoz8CyZ,TOYS_AND_GAMES,2020-03-16,1584370800
5227,R_pGDKh38nCQ4KsMx,PHYSICAL_MOVIE,2020-03-16,1584370800
5228,R_pRWnSKTREPIwpSF,MATTRESS_COVER,2020-03-16,1584370800
5229,R_pRWnSKTREPIwpSF,PANTS,2020-03-16,1584370800
5230,R_puS9dcuNnDHSZ8Z,NUTRITIONAL_SUPPLEMENT,2020-03-16,1584370800
5231,R_r1qqClBL89aFjXP,GROCERY,2020-03-16,1584370800
5232,R_r1qqClBL89aFjXP,ABIS_BOOK,2020-03-16,1584370800
5233,R_swfIN0JgX72IbMl,ASHTRAY,2020-03-16,1584370800
5234,R_u2EdYogSnJBrpex,PAINT_BRUSH,2020-03-16,1584370800
5235,R_u2EdYogSnJBrpex,TOY_FIGURE,2020-03-16,1584370800
5236,R_u2EdYogSnJBrpex,ELECTRONIC_CABLE,2020-03-16,1584370800
5237,R_u2EdYogSnJBrpex,AUTO_PART,2020-03-16,1584370800
5238,R_u2EdYogSnJBrpex,PANTS,2020-03-16,1584370800
5239,R_u9qeol6zlUcq13j,SNACK_FOOD_BAR,2020-03-16,1584370800
5240,R_u9qeol6zlUcq13j,HEALTH_PERSONAL_CARE,2020-03-16,1584370800
5241,R_u9qeol6zlUcq13j,HEALTH_PERSONAL_CARE,2020-03-16,1584370800
5242,R_u9qeol6zlUcq13j,HIP_FLASK,2020-03-16,1584370800
5243,R_vCykMx1wpGTjjTb,BUILDING_MATERIAL,2020-03-16,1584370800
5244,R_vCykMx1wpGTjjTb,SCREEN_PROTECTOR,2020-03-16,1584370800
5245,R_x0hVvTTXGQY9FRf,BATTERY,2020-03-16,1584370800
5246,R_yJz6aXbKddNbgZz,SKIN_MOISTURIZER,2020-03-16,1584370800
5247,R_yJz6aXbKddNbgZz,BED_LINEN_SET,2020-03-16,1584370800
5248,R_yJz6aXbKddNbgZz,SCREEN_PROTECTOR,2020-03-16,1584370800
5249,R_yJz6aXbKddNbgZz,SNACK_FOOD_BAR,2020-03-16,1584370800
5250,R_yJz6aXbKddNbgZz,MEASURING_CUP,2020-03-16,1584370800
5251,R_yJz6aXbKddNbgZz,SWEATSHIRT,2020-03-16,1584370800
5252,R_yJz6aXbKddNbgZz,GROCERY,2020-03-16,1584370800
5253,R_yJz6aXbKddNbgZz,SKIN_CLEANING_AGENT,2020-03-16,1584370800
5254,R_yJz6aXbKddNbgZz,PANTS,2020-03-16,1584370800
5255,R_yrLrYUf4oFzOnjb,TOY_FIGURE,2020-03-16,1584370800
5256,R_10AtO7bUfe8iWYK,BATHWATER_ADDITIVE,2020-03-17,1584457200
5257,R_10CAlrx7dbJty9R,MESS_KIT,2020-03-17,1584457200
5258,R_10MFxyIhsIDW0nP,PANTS,2020-03-17,1584457200
5259,R_10MFxyIhsIDW0nP,HAIR_IRON,2020-03-17,1584457200
5260,R_12QFQ7lCIls8sRd,OUTDOOR_RECREATION_PRODUCT,2020-03-17,1584457200
5261,R_12QFQ7lCIls8sRd,SHIRT,2020-03-17,1584457200
5262,R_1CDqTWLWIk642Vp,ELECTRONIC_ADAPTER,2020-03-17,1584457200
5263,R_1DYWdbAMt6LyCZH,SKIN_CLEANING_AGENT,2020-03-17,1584457200
5264,R_1E3TJBNJVtr3tcD,SHOE_INSERT,2020-03-17,1584457200
5265,R_1E3TJBNJVtr3tcD,SNACK_FOOD_BAR,2020-03-17,1584457200
5266,R_1E5RqOd5LIHJqSq,HARD_DRIVE_ENCLOSURE,2020-03-17,1584457200
5267,R_1F35QiIK5csZBEC,PET_FOOD,2020-03-17,1584457200
5268,R_1F35QiIK5csZBEC,BATTERY,2020-03-17,1584457200
5269,R_1F35QiIK5csZBEC,COFFEE_MAKER,2020-03-17,1584457200
5270,R_1GghoTNZdgUeySl,ELECTRONIC_CABLE,2020-03-17,1584457200
5271,R_1ImFLLGALT606WO,SKIN_CLEANING_AGENT,2020-03-17,1584457200
5272,R_1ImFLLGALT606WO,ELECTRONIC_CABLE,2020-03-17,1584457200
5273,R_1KkFs7rgWXlWf58,MEASURING_CUP,2020-03-17,1584457200
5274,R_1KkFs7rgWXlWf58,ABIS_BOOK,2020-03-17,1584457200
5275,R_1Kru2C0Zf28ZbQ0,VEHICLE_LIGHT_ASSEMBLY,2020-03-17,1584457200
5276,R_1Kru2C0Zf28ZbQ0,SHOES,2020-03-17,1584457200
5277,R_1KxVDxZl2H0XoHS,HEALTH_PERSONAL_CARE,2020-03-17,1584457200
5278,R_1KxVDxZl2H0XoHS,VEHICLE_BODY_PANEL,2020-03-17,1584457200
5279,R_1KxVDxZl2H0XoHS,GROCERY,2020-03-17,1584457200
5280,R_1LFmho6mBajcceh,SNACK_FOOD_BAR,2020-03-17,1584457200
5281,R_1LMa9REuvUok05j,ABIS_BOOK,2020-03-17,1584457200
5282,R_1NCzj2eSHI4QGcd,HEALTH_PERSONAL_CARE,2020-03-17,1584457200
5283,R_1NCzj2eSHI4QGcd,CRIMPING_PLIERS,2020-03-17,1584457200
5284,R_1NCzj2eSHI4QGcd,SKIN_FOUNDATION_CONCEALER,2020-03-17,1584457200
5285,R_1NDq0rxoUSu6oyz,PET_FOOD,2020-03-17,1584457200
5286,R_1P0kCmz0zdMSEld,WEATHER_STRIPPING,2020-03-17,1584457200
5287,R_1P0kCmz0zdMSEld,MECHANICAL_LIGHTER,2020-03-17,1584457200
5288,R_1P0kCmz0zdMSEld,SKIN_MOISTURIZER,2020-03-17,1584457200
5289,R_1Q9JeeKncbbLcz0,CORRECTIVE_EYEGLASSES,2020-03-17,1584457200
5290,R_1Q9JeeKncbbLcz0,GROCERY,2020-03-17,1584457200
5291,R_1hMV4AHCk04WO5V,TOILET_PAPER,2020-03-17,1584457200
5292,R_1hMV4AHCk04WO5V,HEADPHONES,2020-03-17,1584457200
5293,R_1hMV4AHCk04WO5V,SKIN_MOISTURIZER,2020-03-17,1584457200
5294,R_1hMV4AHCk04WO5V,VIDEO_CARD,2020-03-17,1584457200
5295,R_1hMV4AHCk04WO5V,NUT_AND_SEED,2020-03-17,1584457200
5296,R_1hMV4AHCk04WO5V,SKIN_CLEANING_AGENT,2020-03-17,1584457200
5297,R_1jARg5bGH5uqAKW,ABIS_BOOK,2020-03-17,1584457200
5298,R_1jO4s7oht3pyKEc,HEALTH_PERSONAL_CARE,2020-03-17,1584457200
5299,R_1jUqdfR1Zz6mZMf,ABIS_BOOK,2020-03-17,1584457200
5300,R_1jUqdfR1Zz6mZMf,ELECTRONIC_CABLE,2020-03-17,1584457200
5301,R_1jUqdfR1Zz6mZMf,SKIN_CLEANING_AGENT,2020-03-17,1584457200
5302,R_1l4zCtGUTvAWdS6,NUTRITIONAL_SUPPLEMENT,2020-03-17,1584457200
5303,R_1mQrQ5EFGvbBRLb,LAUNDRY_DETERGENT,2020-03-17,1584457200
5304,R_1mQrQ5EFGvbBRLb,TOWEL_HOLDER,2020-03-17,1584457200
5305,R_1obwpb6iowh7vew,ELECTRONIC_CABLE,2020-03-17,1584457200
5306,R_1pm2Wo5wrQSY0Gm,SNACK_FOOD_BAR,2020-03-17,1584457200
5307,R_1pm2Wo5wrQSY0Gm,ELECTRONIC_CABLE,2020-03-17,1584457200
5308,R_1pm2Wo5wrQSY0Gm,DRY_SHAMPOO,2020-03-17,1584457200
5309,R_1pm2Wo5wrQSY0Gm,SHIRT,2020-03-17,1584457200
5310,R_1pm2Wo5wrQSY0Gm,BATTERY,2020-03-17,1584457200
5311,R_1pm2Wo5wrQSY0Gm,TOYS_AND_GAMES,2020-03-17,1584457200
5312,R_1pm2Wo5wrQSY0Gm,ELECTRONIC_CABLE,2020-03-17,1584457200
5313,R_1pm2Wo5wrQSY0Gm,PHYSICAL_MOVIE,2020-03-17,1584457200
5314,R_1pm2Wo5wrQSY0Gm,HEALTH_PERSONAL_CARE,2020-03-17,1584457200
5315,R_1pm2Wo5wrQSY0Gm,SHOES,2020-03-17,1584457200
5316,R_1pm2Wo5wrQSY0Gm,OFFICE_ELECTRONICS,2020-03-17,1584457200
5317,R_1rr9XOz2pHFyWi3,PANTS,2020-03-17,1584457200
5318,R_1rr9XOz2pHFyWi3,HAIR_CARE_AGENT,2020-03-17,1584457200
5319,R_1rwhkWp9UYemFEH,COFFEE_MAKER,2020-03-17,1584457200
5320,R_20V73ixsOYXCBbP,BATTERY,2020-03-17,1584457200
5321,R_20V73ixsOYXCBbP,ABIS_BOOK,2020-03-17,1584457200
5322,R_210tLKdUbUZuf7O,TOYS_AND_GAMES,2020-03-17,1584457200
5323,R_210tLKdUbUZuf7O,ELECTRONIC_CABLE,2020-03-17,1584457200
5324,R_210tLKdUbUZuf7O,FAUCET,2020-03-17,1584457200
5325,R_21B94A6XQ9h1HZb,SHAMPOO,2020-03-17,1584457200
5326,R_21GPeeqYRjC1kb1,ELECTRONIC_CABLE,2020-03-17,1584457200
5327,R_21GPeeqYRjC1kb1,PHYSICAL_MOVIE,2020-03-17,1584457200
5328,R_22XEVzemearX7mD,WREATH,2020-03-17,1584457200
5329,R_22XEVzemearX7mD,SKIN_CLEANING_AGENT,2020-03-17,1584457200
5330,R_25SbPPTyE45YzXP,BLADED_FOOD_PEELER,2020-03-17,1584457200
5331,R_25thHabUddjXGzt,INKJET_PRINTER_INK,2020-03-17,1584457200
5332,R_25thHabUddjXGzt,CELLULAR_PHONE_CASE,2020-03-17,1584457200
5333,R_27DL80quzRiSEmq,CELLULAR_PHONE_CASE,2020-03-17,1584457200
5334,R_27DL80quzRiSEmq,SKIN_MOISTURIZER,2020-03-17,1584457200
5335,R_27DL80quzRiSEmq,SHOES,2020-03-17,1584457200
5336,R_27DL80quzRiSEmq,METAL_DETECTOR,2020-03-17,1584457200
5337,R_27DL80quzRiSEmq,PET_FOOD,2020-03-17,1584457200
5338,R_27DL80quzRiSEmq,KICK_SCOOTER,2020-03-17,1584457200
5339,R_27DL80quzRiSEmq,SKIN_MOISTURIZER,2020-03-17,1584457200
5340,R_27lE2A8TyANjHWE,PET_FOOD,2020-03-17,1584457200
5341,R_29cyBHR3PpqJiZf,FURNITURE_SLIDER,2020-03-17,1584457200
5342,R_29cyBHR3PpqJiZf,SKIN_CLEANING_AGENT,2020-03-17,1584457200
5343,R_29cyBHR3PpqJiZf,ELECTRONIC_CABLE,2020-03-17,1584457200
5344,R_2ASBFgthVbaGlF3,GROCERY,2020-03-17,1584457200
5345,R_2ASBFgthVbaGlF3,HEADPHONES,2020-03-17,1584457200
5346,R_2ASz0xBmcxqYzUJ,BATH_SAFETY_SEATING,2020-03-17,1584457200
5347,R_2B38co9cwVRvVZA,HEADPHONES,2020-03-17,1584457200
5348,R_2CVxHRKIkQ8pd1C,PANTS,2020-03-17,1584457200
5349,R_2DOWnSX3XtTVapF,SUNSCREEN,2020-03-17,1584457200
5350,R_2EglJpTWGEiwQYa,CABINET,2020-03-17,1584457200
5351,R_2EglJpTWGEiwQYa,BATTERY,2020-03-17,1584457200
5352,R_2EglJpTWGEiwQYa,SKIN_CLEANING_AGENT,2020-03-17,1584457200
5353,R_2EglJpTWGEiwQYa,SHOES,2020-03-17,1584457200
5354,R_2EglJpTWGEiwQYa,SHIRT,2020-03-17,1584457200
5355,R_2EglJpTWGEiwQYa,SCREEN_PROTECTOR,2020-03-17,1584457200
5356,R_2EglJpTWGEiwQYa,SHIRT,2020-03-17,1584457200
5357,R_2EglJpTWGEiwQYa,SHOES,2020-03-17,1584457200
5358,R_2EglJpTWGEiwQYa,RICE_MIX,2020-03-17,1584457200
5359,R_2EglJpTWGEiwQYa,GROCERY,2020-03-17,1584457200
5360,R_2EglJpTWGEiwQYa,SKIN_MOISTURIZER,2020-03-17,1584457200
5361,R_2EglJpTWGEiwQYa,GROCERY,2020-03-17,1584457200
5362,R_2EglJpTWGEiwQYa,PORTABLE_TOOL_BOX,2020-03-17,1584457200
5363,R_2EglJpTWGEiwQYa,SNACK_FOOD_BAR,2020-03-17,1584457200
5364,R_2EglJpTWGEiwQYa,MEDICATION,2020-03-17,1584457200
5365,R_2EglJpTWGEiwQYa,RING,2020-03-17,1584457200
5366,R_2EglJpTWGEiwQYa,SKIN_MOISTURIZER,2020-03-17,1584457200
5367,R_2EglJpTWGEiwQYa,SKIN_CLEANING_AGENT,2020-03-17,1584457200
5368,R_2EglJpTWGEiwQYa,SANDAL,2020-03-17,1584457200
5369,R_2EglJpTWGEiwQYa,ICE_CUBE_TRAY,2020-03-17,1584457200
5370,R_2EglJpTWGEiwQYa,BATTERY,2020-03-17,1584457200
5371,R_2ONDyHxQviDmrWg,PIPING_TIP,2020-03-17,1584457200
5372,R_2VwjXhJ5OznStEi,SHOES,2020-03-17,1584457200
5373,R_2WMQprO1e6US68f,PHYSICAL_MOVIE,2020-03-17,1584457200
5374,R_2WumP0iKDvwiM2r,BATTERY,2020-03-17,1584457200
5375,R_2Xj7LtCe2Mt8jNi,PANTS,2020-03-17,1584457200
5376,R_2Xj7LtCe2Mt8jNi,APPAREL_BELT,2020-03-17,1584457200
5377,R_2Xj7LtCe2Mt8jNi,SNACK_FOOD_BAR,2020-03-17,1584457200
5378,R_2Xj7LtCe2Mt8jNi,MASSAGE_STICK,2020-03-17,1584457200
5379,R_2Xj7LtCe2Mt8jNi,PICKLE,2020-03-17,1584457200
5380,R_2Xj7LtCe2Mt8jNi,TOYS_AND_GAMES,2020-03-17,1584457200
5381,R_2XoI6KbLJRGFz5X,GROCERY,2020-03-17,1584457200
5382,R_2XoI6KbLJRGFz5X,GAME_DICE,2020-03-17,1584457200
5383,R_2XoI6KbLJRGFz5X,SHIRT,2020-03-17,1584457200
5384,R_2XoI6KbLJRGFz5X,PET_FOOD,2020-03-17,1584457200
5385,R_2Y9fPhqa2Xf2QdZ,HEALTH_PERSONAL_CARE,2020-03-17,1584457200
5386,R_2Y9fPhqa2Xf2QdZ,HEADPHONES,2020-03-17,1584457200
5387,R_2Y9fPhqa2Xf2QdZ,SCREEN_PROTECTOR,2020-03-17,1584457200
5388,R_2Y9fPhqa2Xf2QdZ,SUGAR_SUBSTITUTE,2020-03-17,1584457200
5389,R_2YR2Yn7wGzAeAj0,BALANCE_BOARD,2020-03-17,1584457200
5390,R_2YzwllA3OWyo30M,VITAMIN,2020-03-17,1584457200
5391,R_2ZZSS68rfn9BMtt,ELECTRONIC_CABLE,2020-03-17,1584457200
5392,R_2ZZSS68rfn9BMtt,SKIN_CLEANING_AGENT,2020-03-17,1584457200
5393,R_2b1XOZR0PYTA1jX,SCREEN_PROTECTOR,2020-03-17,1584457200
5394,R_2b1XOZR0PYTA1jX,HEALTH_PERSONAL_CARE,2020-03-17,1584457200
5395,R_2b1XOZR0PYTA1jX,HEALTH_PERSONAL_CARE,2020-03-17,1584457200
5396,R_2bTLZFP7p4CPlTT,HEADPHONES,2020-03-17,1584457200
5397,R_2bTLZFP7p4CPlTT,CRIMPING_PLIERS,2020-03-17,1584457200
5398,R_2cd9jCAamQMAsxe,HEALTH_PERSONAL_CARE,2020-03-17,1584457200
5399,R_2cd9jCAamQMAsxe,SKIN_MOISTURIZER,2020-03-17,1584457200
5400,R_2cd9jCAamQMAsxe,BATTERY,2020-03-17,1584457200
5401,R_2cd9jCAamQMAsxe,PET_SUPPLIES,2020-03-17,1584457200
5402,R_2cd9jCAamQMAsxe,BATTERY,2020-03-17,1584457200
5403,R_2cd9jCAamQMAsxe,BATTERY,2020-03-17,1584457200
5404,R_2dRR9SjNrn4s7xU,SHIRT,2020-03-17,1584457200
5405,R_2dRR9SjNrn4s7xU,MEDICATION,2020-03-17,1584457200
5406,R_2dRR9SjNrn4s7xU,MEDICATION,2020-03-17,1584457200
5407,R_2dvh9tu7PLPeipE,PANTS,2020-03-17,1584457200
5408,R_2dz21GRV17aGMQ6,NUTRITIONAL_SUPPLEMENT,2020-03-17,1584457200
5409,R_2f7MFUqYnEv92pF,CANNED_AIR,2020-03-17,1584457200
5410,R_2mAJniG0xVBIInL,TOYS_AND_GAMES,2020-03-17,1584457200
5411,R_2mAJniG0xVBIInL,VITAMIN,2020-03-17,1584457200
5412,R_2mAJniG0xVBIInL,SERVEWARE,2020-03-17,1584457200
5413,R_2mAJniG0xVBIInL,HEALTH_PERSONAL_CARE,2020-03-17,1584457200
5414,R_2qD8ep8d313iLj4,WIRELESS_AUDIO_ADAPTER,2020-03-17,1584457200
5415,R_2qD8ep8d313iLj4,PET_FOOD,2020-03-17,1584457200
5416,R_2rVp4uDv9fYIfdd,SKIN_CLEANING_AGENT,2020-03-17,1584457200
5417,R_2rVp4uDv9fYIfdd,MEDICATION,2020-03-17,1584457200
5418,R_2s5YO3cdqKDFyIM,HARDWARE_PLANER,2020-03-17,1584457200
5419,R_2tfHzrdo6EEaiWi,MEDICATION,2020-03-17,1584457200
5420,R_2uZDxTZAORBIW1o,KITCHEN,2020-03-17,1584457200
5421,R_2uZDxTZAORBIW1o,HANDRAIL,2020-03-17,1584457200
5422,R_2vkMWH10xWp7o9s,SNACK_FOOD_BAR,2020-03-17,1584457200
5423,R_2vkMWH10xWp7o9s,PHYSICAL_MOVIE,2020-03-17,1584457200
5424,R_2vkMWH10xWp7o9s,SKIN_CLEANING_AGENT,2020-03-17,1584457200
5425,R_2vkMWH10xWp7o9s,HEADPHONES,2020-03-17,1584457200
5426,R_2vkMWH10xWp7o9s,SNACK_CHIP_AND_CRISP,2020-03-17,1584457200
5427,R_2vkMWH10xWp7o9s,PANTS,2020-03-17,1584457200
5428,R_2vkMWH10xWp7o9s,SNACK_FOOD_BAR,2020-03-17,1584457200
5429,R_2vkMWH10xWp7o9s,CELLULAR_PHONE_CASE,2020-03-17,1584457200
5430,R_2vkMWH10xWp7o9s,GRILL_SMOKER_COVER,2020-03-17,1584457200
5431,R_2wHwNZWEecJflLc,VITAMIN,2020-03-17,1584457200
5432,R_2wHwNZWEecJflLc,TOYS_AND_GAMES,2020-03-17,1584457200
5433,R_2xzc7JBNEgYNAqY,SNACK_FOOD_BAR,2020-03-17,1584457200
5434,R_2xzc7JBNEgYNAqY,HEADPHONES,2020-03-17,1584457200
5435,R_2yjckpDXWcsiLPz,BATTERY,2020-03-17,1584457200
5436,R_2yme87wMCEU528h,HEALTH_PERSONAL_CARE,2020-03-17,1584457200
5437,R_2z7rLZb69WuqDdf,SKIN_CLEANING_AGENT,2020-03-17,1584457200
5438,R_2z7rLZb69WuqDdf,CELLULAR_PHONE_CASE,2020-03-17,1584457200
5439,R_2z7rLZb69WuqDdf,HEADPHONES,2020-03-17,1584457200
5440,R_2z7rLZb69WuqDdf,HEALTH_PERSONAL_CARE,2020-03-17,1584457200
5441,R_2z7rLZb69WuqDdf,HEADPHONES,2020-03-17,1584457200
5442,R_31QS1Ms6iQEU3mI,SANITARY_NAPKIN,2020-03-17,1584457200
5443,R_31SNC0DcyjBDcq3,FOOD_STORAGE_CONTAINER,2020-03-17,1584457200
5444,R_31SNC0DcyjBDcq3,SNACK_FOOD_BAR,2020-03-17,1584457200
5445,R_3D0FIkesMnTGsnm,STORAGE_HOOK,2020-03-17,1584457200
5446,R_3ElHoNUS8Tyu7RP,ABIS_BOOK,2020-03-17,1584457200
5447,R_3ElHoNUS8Tyu7RP,APPAREL,2020-03-17,1584457200
5448,R_3ElHoNUS8Tyu7RP,CAKE_TOPPER,2020-03-17,1584457200
5449,R_3ElHoNUS8Tyu7RP,ABIS_BOOK,2020-03-17,1584457200
5450,R_3FRSHAzxtL6ifms,COSMETIC_CASE,2020-03-17,1584457200
5451,R_3GCXgWFPLgXAuFC,SKIN_CLEANING_AGENT,2020-03-17,1584457200
5452,R_3GCXgWFPLgXAuFC,MEDICATION,2020-03-17,1584457200
5453,R_3HzRfw5sNEvrFRf,PHYSICAL_MOVIE,2020-03-17,1584457200
5454,R_3IQQB0Dtvv9riqZ,TOYS_AND_GAMES,2020-03-17,1584457200
5455,R_3JjRmgOh3ZydDiW,HEADPHONES,2020-03-17,1584457200
5456,R_3Jxiicg67etW2yt,SHIRT,2020-03-17,1584457200
5457,R_3KxaCMXQTDz1Z7P,ELECTRONIC_CABLE,2020-03-17,1584457200
5458,R_3M3RSZ7wNRSaxNx,GROCERY,2020-03-17,1584457200
5459,R_3MhBAq6V6XHU9ln,PHYSICAL_MOVIE,2020-03-17,1584457200
5460,R_3MhBAq6V6XHU9ln,BAKING_PAPER,2020-03-17,1584457200
5461,R_3MhBAq6V6XHU9ln,ART_AND_CRAFT_SUPPLY,2020-03-17,1584457200
5462,R_3MyEdXOZ8P75S1V,EYEWEAR,2020-03-17,1584457200
5463,R_3NwT1ZQQBtYqBaM,TOOTH_CLEANING_AGENT,2020-03-17,1584457200
5464,R_3NwT1ZQQBtYqBaM,HARDWARE_TUBING,2020-03-17,1584457200
5465,R_3NwT1ZQQBtYqBaM,NUTRITIONAL_SUPPLEMENT,2020-03-17,1584457200
5466,R_3NwT1ZQQBtYqBaM,FABRIC_APPLIQUE_PATCH,2020-03-17,1584457200
5467,R_3Ny7LIDPzlosF9p,HEADPHONES,2020-03-17,1584457200
5468,R_3OiAK9V155cWEsy,ABIS_BOOK,2020-03-17,1584457200
5469,R_3OiAK9V155cWEsy,FOOD_BLENDER,2020-03-17,1584457200
5470,R_3OiAK9V155cWEsy,NUTRITIONAL_SUPPLEMENT,2020-03-17,1584457200
5471,R_3OiAK9V155cWEsy,LEVEL,2020-03-17,1584457200
5472,R_3OiAK9V155cWEsy,VITAMIN,2020-03-17,1584457200
5473,R_3dN6S4adN4KjQO1,PHYSICAL_MOVIE,2020-03-17,1584457200
5474,R_3emmbwwsXsxt4Oj,SKIN_MOISTURIZER,2020-03-17,1584457200
5475,R_3enuyEOsaEVxTNX,ICE_MAKER,2020-03-17,1584457200
5476,R_3ez7TNnB78XtMa7,SCREEN_PROTECTOR,2020-03-17,1584457200
5477,R_3fB1NIeE1OGUd72,CYCLING_TIRE_TUBE,2020-03-17,1584457200
5478,R_3fB1NIeE1OGUd72,PHYSICAL_MOVIE,2020-03-17,1584457200
5479,R_3fB1NIeE1OGUd72,PET_FOOD,2020-03-17,1584457200
5480,R_3fB1NIeE1OGUd72,GROCERY,2020-03-17,1584457200
5481,R_3fJXgeZMDEMzirc,GARDEN_SHEAR_SCISSORS,2020-03-17,1584457200
5482,R_3fJXgeZMDEMzirc,ELECTRONIC_CABLE,2020-03-17,1584457200
5483,R_3fJXgeZMDEMzirc,BRACELET,2020-03-17,1584457200
5484,R_3lYUnPKDsGA54tw,SHIRT,2020-03-17,1584457200
5485,R_3lYUnPKDsGA54tw,ABIS_BOOK,2020-03-17,1584457200
5486,R_3lYUnPKDsGA54tw,MEDICATION,2020-03-17,1584457200
5487,R_3lt1ZPBv09u1seD,VEHICLE_MAT,2020-03-17,1584457200
5488,R_3lt1ZPBv09u1seD,SNACK_FOOD_BAR,2020-03-17,1584457200
5489,R_3lt1ZPBv09u1seD,HAIR_COLORING_AGENT,2020-03-17,1584457200
5490,R_3lt1ZPBv09u1seD,TOYS_AND_GAMES,2020-03-17,1584457200
5491,R_3lt1ZPBv09u1seD,LABEL,2020-03-17,1584457200
5492,R_3lt1ZPBv09u1seD,COFFEE,2020-03-17,1584457200
5493,R_3m3H4mwZ2snYFua,GROCERY,2020-03-17,1584457200
5494,R_3nH1Odp9Yjm86gN,HEALTH_PERSONAL_CARE,2020-03-17,1584457200
5495,R_3nqGVGe1oo00hRC,SKIN_CLEANING_AGENT,2020-03-17,1584457200
5496,R_3qjvaF4zWZz3obB,SCREEN_PROTECTOR,2020-03-17,1584457200
5497,R_3socPWD3wXD0iDP,POOL_COVER,2020-03-17,1584457200
5498,R_3socPWD3wXD0iDP,SNACK_FOOD_BAR,2020-03-17,1584457200
5499,R_3socPWD3wXD0iDP,SHOES,2020-03-17,1584457200
5500,R_3socPWD3wXD0iDP,BATTERY,2020-03-17,1584457200
5501,R_3socPWD3wXD0iDP,SKIN_MOISTURIZER,2020-03-17,1584457200
5502,R_3socPWD3wXD0iDP,SKIN_MOISTURIZER,2020-03-17,1584457200
5503,R_3socPWD3wXD0iDP,SHELLFISH,2020-03-17,1584457200
5504,R_3socPWD3wXD0iDP,ANIMAL_LITTER,2020-03-17,1584457200
5505,R_3socPWD3wXD0iDP,COOKWARE,2020-03-17,1584457200
5506,R_3socPWD3wXD0iDP,ANIMAL_LITTER,2020-03-17,1584457200
5507,R_4PhRzF4UI9ooLh7,BATTERY,2020-03-17,1584457200
5508,R_4TMdmQ1SjGtT6Ex,HEALTH_PERSONAL_CARE,2020-03-17,1584457200
5509,R_4TMdmQ1SjGtT6Ex,TIGHTS,2020-03-17,1584457200
5510,R_4TMdmQ1SjGtT6Ex,VITAMIN,2020-03-17,1584457200
5511,R_55BKHeW1aOzYOUp,SCREEN_PROTECTOR,2020-03-17,1584457200
5512,R_55BKHeW1aOzYOUp,MEDICAL_TEST_STRIP,2020-03-17,1584457200
5513,R_55BKHeW1aOzYOUp,BATTERY,2020-03-17,1584457200
5514,R_55BKHeW1aOzYOUp,HEADPHONES,2020-03-17,1584457200
5515,R_55BKHeW1aOzYOUp,PANTS,2020-03-17,1584457200
5516,R_55BKHeW1aOzYOUp,SHOES,2020-03-17,1584457200
5517,R_55BKHeW1aOzYOUp,SHOES,2020-03-17,1584457200
5518,R_55BKHeW1aOzYOUp,DRAWER_SLIDE,2020-03-17,1584457200
5519,R_6fzbeTqbnF0kBih,GROCERY,2020-03-17,1584457200
5520,R_9L8Lum5AaHh6bq9,CELLULAR_PHONE_CASE,2020-03-17,1584457200
5521,R_9L8Lum5AaHh6bq9,VITAMIN,2020-03-17,1584457200
5522,R_9L8Lum5AaHh6bq9,SKIN_CLEANING_AGENT,2020-03-17,1584457200
5523,R_9L8Lum5AaHh6bq9,EARRING,2020-03-17,1584457200
5524,R_9ppTjfBQZZs42WJ,TOYS_AND_GAMES,2020-03-17,1584457200
5525,R_AKBlDprDMrv4M7v,LIGHT_BOX,2020-03-17,1584457200
5526,R_AKBlDprDMrv4M7v,HEALTH_PERSONAL_CARE,2020-03-17,1584457200
5527,R_AKBlDprDMrv4M7v,SHIRT,2020-03-17,1584457200
5528,R_Amq2LudEdwYblXX,SKIN_CLEANING_AGENT,2020-03-17,1584457200
5529,R_Amq2LudEdwYblXX,SHOES,2020-03-17,1584457200
5530,R_Amq2LudEdwYblXX,SHOES,2020-03-17,1584457200
5531,R_Djcs43mP6ReoYgN,WIPER_BLADE,2020-03-17,1584457200
5532,R_Djcs43mP6ReoYgN,BATTERY,2020-03-17,1584457200
5533,R_OfntYUzw43qHbuF,SHIRT,2020-03-17,1584457200
5534,R_OfntYUzw43qHbuF,TRASH_CAN,2020-03-17,1584457200
5535,R_OfntYUzw43qHbuF,SCREEN_PROTECTOR,2020-03-17,1584457200
5536,R_OfntYUzw43qHbuF,BABY_PRODUCT,2020-03-17,1584457200
5537,R_OfntYUzw43qHbuF,VITAMIN,2020-03-17,1584457200
5538,R_OfntYUzw43qHbuF,TRASH_CAN,2020-03-17,1584457200
5539,R_PHgbX4EoPqUsLjb,NUTRITIONAL_SUPPLEMENT,2020-03-17,1584457200
5540,R_PHgbX4EoPqUsLjb,ABIS_BOOK,2020-03-17,1584457200
5541,R_PwlnzzccUMXV0n7,SNACK_MIX,2020-03-17,1584457200
5542,R_PwlnzzccUMXV0n7,SHOES,2020-03-17,1584457200
5543,R_PwlnzzccUMXV0n7,TOYS_AND_GAMES,2020-03-17,1584457200
5544,R_PwlnzzccUMXV0n7,PANTS,2020-03-17,1584457200
5545,R_PwlnzzccUMXV0n7,PHYSICAL_MOVIE,2020-03-17,1584457200
5546,R_PwlnzzccUMXV0n7,SKIN_CLEANING_AGENT,2020-03-17,1584457200
5547,R_PwlnzzccUMXV0n7,SHOES,2020-03-17,1584457200
5548,R_PwlnzzccUMXV0n7,SHOE_POLISH,2020-03-17,1584457200
5549,R_PwlnzzccUMXV0n7,MEDICATION,2020-03-17,1584457200
5550,R_PwlnzzccUMXV0n7,PHYSICAL_MOVIE,2020-03-17,1584457200
5551,R_PwlnzzccUMXV0n7,PET_FOOD,2020-03-17,1584457200
5552,R_PwlnzzccUMXV0n7,HEALTH_PERSONAL_CARE,2020-03-17,1584457200
5553,R_PwlnzzccUMXV0n7,NUTRITIONAL_SUPPLEMENT,2020-03-17,1584457200
5554,R_PwlnzzccUMXV0n7,COOKWARE,2020-03-17,1584457200
5555,R_PwlnzzccUMXV0n7,FITTED_SHEET,2020-03-17,1584457200
5556,R_PwlnzzccUMXV0n7,BATTERY,2020-03-17,1584457200
5557,R_PwlnzzccUMXV0n7,PET_FOOD,2020-03-17,1584457200
5558,R_PwlnzzccUMXV0n7,CELLULAR_PHONE_CASE,2020-03-17,1584457200
5559,R_PwlnzzccUMXV0n7,GROCERY,2020-03-17,1584457200
5560,R_PwlnzzccUMXV0n7,HEADPHONES,2020-03-17,1584457200
5561,R_SVHcBOlErkMEJjP,HOSE_PIPE_FITTING,2020-03-17,1584457200
5562,R_TwqkiWpv7r8ygAV,ELECTRONIC_CABLE,2020-03-17,1584457200
5563,R_UFrfTy7RlXqKDOV,ELECTRONIC_CABLE,2020-03-17,1584457200
5564,R_UFrfTy7RlXqKDOV,HEADPHONES,2020-03-17,1584457200
5565,R_Wj4UUQUNrJKEYKJ,HEALTH_PERSONAL_CARE,2020-03-17,1584457200
5566,R_Xt4H8BJ1Vx7ws8h,NUTRITIONAL_SUPPLEMENT,2020-03-17,1584457200
5567,R_Xt4H8BJ1Vx7ws8h,SHOES,2020-03-17,1584457200
5568,R_Xt4H8BJ1Vx7ws8h,MEDICATION,2020-03-17,1584457200
5569,R_Xt4H8BJ1Vx7ws8h,SOUS_VIDE_MACHINE,2020-03-17,1584457200
5570,R_Xt4H8BJ1Vx7ws8h,ANIMAL_HARNESS,2020-03-17,1584457200
5571,R_Xt4H8BJ1Vx7ws8h,HEADPHONES,2020-03-17,1584457200
5572,R_Xt4H8BJ1Vx7ws8h,SKIN_CLEANING_AGENT,2020-03-17,1584457200
5573,R_Xt4H8BJ1Vx7ws8h,STANDALONE_STREAMING_MEDIA_PLAYER,2020-03-17,1584457200
5574,R_Xt4H8BJ1Vx7ws8h,HEADPHONES,2020-03-17,1584457200
5575,R_Xt4H8BJ1Vx7ws8h,PET_FOOD,2020-03-17,1584457200
5576,R_Xt4H8BJ1Vx7ws8h,SKIN_MOISTURIZER,2020-03-17,1584457200
5577,R_Xt4H8BJ1Vx7ws8h,ROLLING_PIN,2020-03-17,1584457200
5578,R_Xt4H8BJ1Vx7ws8h,PHYSICAL_MOVIE,2020-03-17,1584457200
5579,R_Xt4H8BJ1Vx7ws8h,SKIN_MOISTURIZER,2020-03-17,1584457200
5580,R_Z4qMkqhWSmIbdSh,TOILET_PAPER,2020-03-17,1584457200
5581,R_b8UnkZJoU93ZxEB,FASHIONOTHER,2020-03-17,1584457200
5582,R_b8UnkZJoU93ZxEB,SKIN_CLEANING_AGENT,2020-03-17,1584457200
5583,R_b8UnkZJoU93ZxEB,SCREEN_PROTECTOR,2020-03-17,1584457200
5584,R_br5a8OxAqrKRxQd,TOILET_PAPER,2020-03-17,1584457200
5585,R_br5a8OxAqrKRxQd,CHOCOLATE_CANDY,2020-03-17,1584457200
5586,R_bvB6935ZyXpoL5v,SHOES,2020-03-17,1584457200
5587,R_bvB6935ZyXpoL5v,ABIS_BOOK,2020-03-17,1584457200
5588,R_bw2nQ0iRh2wCa8p,TOYS_AND_GAMES,2020-03-17,1584457200
5589,R_bw2nQ0iRh2wCa8p,PET_FOOD,2020-03-17,1584457200
5590,R_bw2nQ0iRh2wCa8p,NUTRITIONAL_SUPPLEMENT,2020-03-17,1584457200
5591,R_bw2nQ0iRh2wCa8p,SHOES,2020-03-17,1584457200
5592,R_e8KTElZZLWryLWp,SCREEN_PROTECTOR,2020-03-17,1584457200
5593,R_e8KTElZZLWryLWp,VITAMIN,2020-03-17,1584457200
5594,R_e8KTElZZLWryLWp,SCREEN_PROTECTOR,2020-03-17,1584457200
5595,R_e8KTElZZLWryLWp,TOYS_AND_GAMES,2020-03-17,1584457200
5596,R_e8KTElZZLWryLWp,ELECTROMECHANICAL_GAUGE,2020-03-17,1584457200
5597,R_e8KTElZZLWryLWp,SKIN_CLEANING_AGENT,2020-03-17,1584457200
5598,R_e8KTElZZLWryLWp,PANTS,2020-03-17,1584457200
5599,R_e8KTElZZLWryLWp,SCREEN_PROTECTOR,2020-03-17,1584457200
5600,R_e8KTElZZLWryLWp,SKIN_CLEANING_AGENT,2020-03-17,1584457200
5601,R_e8KTElZZLWryLWp,SNACK_FOOD_BAR,2020-03-17,1584457200
5602,R_e8KTElZZLWryLWp,SHOES,2020-03-17,1584457200
5603,R_eINXJtKQApvNwIh,SHOES,2020-03-17,1584457200
5604,R_eINXJtKQApvNwIh,FACE_SHAPING_MAKEUP,2020-03-17,1584457200
5605,R_eINXJtKQApvNwIh,TEMPLATE_STENCIL,2020-03-17,1584457200
5606,R_etgq3mVPgoz8CyZ,HEALTH_PERSONAL_CARE,2020-03-17,1584457200
5607,R_etgq3mVPgoz8CyZ,ABIS_BOOK,2020-03-17,1584457200
5608,R_rcId0AtM417vPGN,LABEL,2020-03-17,1584457200
5609,R_rcId0AtM417vPGN,ABIS_BOOK,2020-03-17,1584457200
5610,R_rcId0AtM417vPGN,DISPOSABLE_INCONTINENCE_SURFACE_PROTECTOR,2020-03-17,1584457200
5611,R_rcId0AtM417vPGN,SHOES,2020-03-17,1584457200
5612,R_sGohXmtT8TjLibT,TOY_VEHICLE_SET,2020-03-17,1584457200
5613,R_sGohXmtT8TjLibT,CELLULAR_PHONE_CASE,2020-03-17,1584457200
5614,R_sGohXmtT8TjLibT,SKIN_MOISTURIZER,2020-03-17,1584457200
5615,R_sGohXmtT8TjLibT,GROCERY,2020-03-17,1584457200
5616,R_sGohXmtT8TjLibT,TOY_VEHICLE_SET,2020-03-17,1584457200
5617,R_sGohXmtT8TjLibT,PET_FOOD,2020-03-17,1584457200
5618,R_sGohXmtT8TjLibT,SHIRT,2020-03-17,1584457200
5619,R_sGohXmtT8TjLibT,TOYS_AND_GAMES,2020-03-17,1584457200
5620,R_sGohXmtT8TjLibT,TOYS_AND_GAMES,2020-03-17,1584457200
5621,R_sM3qX7I1tHzvU09,SNACK_FOOD_BAR,2020-03-17,1584457200
5622,R_sM3qX7I1tHzvU09,VITAMIN,2020-03-17,1584457200
5623,R_sotmrGe7Rv3U10J,DRINKING_CUP,2020-03-17,1584457200
5624,R_u9qeol6zlUcq13j,SHELF,2020-03-17,1584457200
5625,R_uqbcSq7y153jKmZ,HEALTH_PERSONAL_CARE,2020-03-17,1584457200
5626,R_uqbcSq7y153jKmZ,NUTRITIONAL_SUPPLEMENT,2020-03-17,1584457200
5627,R_vCykMx1wpGTjjTb,AMAZON_TABLET,2020-03-17,1584457200
5628,R_vYtQIbKQv9vFKuZ,BOTTLE_NIPPLE,2020-03-17,1584457200
5629,R_vYtQIbKQv9vFKuZ,AIR_COMPRESSOR,2020-03-17,1584457200
5630,R_x0hVvTTXGQY9FRf,SCREEN_PROTECTOR,2020-03-17,1584457200
5631,R_x0hVvTTXGQY9FRf,INCONTINENCE_PROTECTOR,2020-03-17,1584457200
5632,R_x0hVvTTXGQY9FRf,POTABLE_WATER_FILTER,2020-03-17,1584457200
5633,R_x969WzGgXuE1CuJ,ELECTRONIC_CABLE,2020-03-17,1584457200
5634,R_xc0AiqTlV5cTvZn,SKIN_MOISTURIZER,2020-03-17,1584457200
5635,R_yJz6aXbKddNbgZz,SNACK_FOOD_BAR,2020-03-17,1584457200
5636,R_yJz6aXbKddNbgZz,WHEEL,2020-03-17,1584457200
5637,R_yJz6aXbKddNbgZz,ELECTRONIC_CABLE,2020-03-17,1584457200
5638,R_yJz6aXbKddNbgZz,HANGING_MOBILE,2020-03-17,1584457200
5639,R_yJz6aXbKddNbgZz,NUTRITIONAL_SUPPLEMENT,2020-03-17,1584457200
5640,R_yJz6aXbKddNbgZz,MEDICATION,2020-03-17,1584457200
5641,R_yJz6aXbKddNbgZz,PHYSICAL_MOVIE,2020-03-17,1584457200
5642,R_z1mFB9Qp9HSTCIV,SCULPTING_MATERIAL,2020-03-17,1584457200
5643,R_0D6GtQwa6VcnXpv,HEALTH_PERSONAL_CARE,2020-03-18,1584543600
5644,R_0f8u2tSB99LkgCt,PANTS,2020-03-18,1584543600
5645,R_0f8u2tSB99LkgCt,VITAMIN,2020-03-18,1584543600
5646,R_0f8u2tSB99LkgCt,LAUNDRY_APPLIANCE,2020-03-18,1584543600
5647,R_0wCTiXC54rMN0J3,BIOMETRIC_MONITOR,2020-03-18,1584543600
5648,R_0wCTiXC54rMN0J3,ABIS_BOOK,2020-03-18,1584543600
5649,R_10CAlrx7dbJty9R,SHIRT,2020-03-18,1584543600
5650,R_10CAlrx7dbJty9R,PET_APPAREL,2020-03-18,1584543600
5651,R_10TA7pCDmelHi5H,SKIN_MOISTURIZER,2020-03-18,1584543600
5652,R_12QFQ7lCIls8sRd,BATTERY,2020-03-18,1584543600
5653,R_12QFQ7lCIls8sRd,SKIN_CLEANING_AGENT,2020-03-18,1584543600
5654,R_12QFQ7lCIls8sRd,CELLULAR_PHONE_CASE,2020-03-18,1584543600
5655,R_12QFQ7lCIls8sRd,BATTERY,2020-03-18,1584543600
5656,R_1CDqTWLWIk642Vp,NUTRITIONAL_SUPPLEMENT,2020-03-18,1584543600
5657,R_1DYWdbAMt6LyCZH,SHOES,2020-03-18,1584543600
5658,R_1FrdQkXjcUod40Z,SHOES,2020-03-18,1584543600
5659,R_1FrdQkXjcUod40Z,AIR_GUN,2020-03-18,1584543600
5660,R_1FrdQkXjcUod40Z,ELECTRONIC_CABLE,2020-03-18,1584543600
5661,R_1IZrt5CyqgTg2Qe,GROCERY,2020-03-18,1584543600
5662,R_1JDhRjAMiEkIuKT,TABLE_RUNNER,2020-03-18,1584543600
5663,R_1JDhRjAMiEkIuKT,ABIS_BOOK,2020-03-18,1584543600
5664,R_1Kru2C0Zf28ZbQ0,WEED_MOSS_CONTROL_AGENT,2020-03-18,1584543600
5665,R_1Kru2C0Zf28ZbQ0,NUTRITIONAL_SUPPLEMENT,2020-03-18,1584543600
5666,R_1Kru2C0Zf28ZbQ0,SNACK_FOOD_BAR,2020-03-18,1584543600
5667,R_1KxVDxZl2H0XoHS,PANTS,2020-03-18,1584543600
5668,R_1LRR1P5IQqdSvIP,NUTRITIONAL_SUPPLEMENT,2020-03-18,1584543600
5669,R_1NgAWSeub1pgOGj,APPAREL_GLOVES,2020-03-18,1584543600
5670,R_1NgAWSeub1pgOGj,VITAMIN,2020-03-18,1584543600
5671,R_1P0kCmz0zdMSEld,SPACE_HEATER,2020-03-18,1584543600
5672,R_1P0kCmz0zdMSEld,SEWING_MACHINE_NEEDLE,2020-03-18,1584543600
5673,R_1dAhJdFXHV5xmMG,FISHING_ROD,2020-03-18,1584543600
5674,R_1dFu7LeBJE3Wd6p,GROCERY,2020-03-18,1584543600
5675,R_1dFu7LeBJE3Wd6p,TOYS_AND_GAMES,2020-03-18,1584543600
5676,R_1daE3vUDxFrSw4I,GROCERY,2020-03-18,1584543600
5677,R_1daE3vUDxFrSw4I,GROCERY,2020-03-18,1584543600
5678,R_1gq1l7L7YXNcp13,BLANK_MEDIA,2020-03-18,1584543600
5679,R_1hMV4AHCk04WO5V,MOP_BUCKET_SET,2020-03-18,1584543600
5680,R_1hMV4AHCk04WO5V,TOILET_PAPER,2020-03-18,1584543600
5681,R_1hMV4AHCk04WO5V,SWIM_CAP,2020-03-18,1584543600
5682,R_1meX9dBVU2swMtm,ARTIFICIAL_PLANT,2020-03-18,1584543600
5683,R_1owkdABF1wNKFKI,NUTRITIONAL_SUPPLEMENT,2020-03-18,1584543600
5684,R_1q4eVtHN10S5gPB,ONE_PIECE_OUTFIT,2020-03-18,1584543600
5685,R_1q4eVtHN10S5gPB,PET_FOOD,2020-03-18,1584543600
5686,R_1q7AvsyRPpTSWFi,STRINGED_INSTRUMENTS,2020-03-18,1584543600
5687,R_1roTOelTygZr5G8,PHYSICAL_MOVIE,2020-03-18,1584543600
5688,R_1roTOelTygZr5G8,SKIN_CLEANING_AGENT,2020-03-18,1584543600
5689,R_1roTOelTygZr5G8,DRESS,2020-03-18,1584543600
5690,R_27lE2A8TyANjHWE,ABIS_BOOK,2020-03-18,1584543600
5691,R_29oUfTgQ6sWbFG2,PET_FOOD,2020-03-18,1584543600
5692,R_2CpozrevorP48sb,HEALTH_PERSONAL_CARE,2020-03-18,1584543600
5693,R_2CpozrevorP48sb,SKIN_MOISTURIZER,2020-03-18,1584543600
5694,R_2D1zydYR5SZ0LpK,TOWEL,2020-03-18,1584543600
5695,R_2DOWnSX3XtTVapF,TOYS_AND_GAMES,2020-03-18,1584543600
5696,R_2DOWnSX3XtTVapF,SKIN_CLEANING_AGENT,2020-03-18,1584543600
5697,R_2DOWnSX3XtTVapF,MEDICATION,2020-03-18,1584543600
5698,R_2DOWnSX3XtTVapF,HEALTH_PERSONAL_CARE,2020-03-18,1584543600
5699,R_2DOWnSX3XtTVapF,SAFETY_MASK_REPLACEMENT_FILTER,2020-03-18,1584543600
5700,R_2DOWnSX3XtTVapF,THREAD_CORD,2020-03-18,1584543600
5701,R_2DOWnSX3XtTVapF,BATTERY,2020-03-18,1584543600
5702,R_2EglJpTWGEiwQYa,ABIS_BOOK,2020-03-18,1584543600
5703,R_2EglJpTWGEiwQYa,HEALTH_PERSONAL_CARE,2020-03-18,1584543600
5704,R_2EglJpTWGEiwQYa,RING,2020-03-18,1584543600
5705,R_2EglJpTWGEiwQYa,SUNSCREEN,2020-03-18,1584543600
5706,R_2EglJpTWGEiwQYa,CABINET,2020-03-18,1584543600
5707,R_2OOq3ysdOS3TtBd,CELLULAR_PHONE_CASE,2020-03-18,1584543600
5708,R_2ToRb0eNQrFNM3u,CELLULAR_PHONE_CASE,2020-03-18,1584543600
5709,R_2ToRb0eNQrFNM3u,BOXING_GLOVE,2020-03-18,1584543600
5710,R_2ToRb0eNQrFNM3u,CELLULAR_PHONE_CASE,2020-03-18,1584543600
5711,R_2UaV2vSZDxrE35n,ELECTRONIC_CABLE,2020-03-18,1584543600
5712,R_2UaV2vSZDxrE35n,GROCERY,2020-03-18,1584543600
5713,R_2UaV2vSZDxrE35n,LAMINATOR,2020-03-18,1584543600
5714,R_2UaV2vSZDxrE35n,PET_FOOD,2020-03-18,1584543600
5715,R_2UaV2vSZDxrE35n,HEALTH_PERSONAL_CARE,2020-03-18,1584543600
5716,R_2UaV2vSZDxrE35n,URN,2020-03-18,1584543600
5717,R_2UaV2vSZDxrE35n,MEDICATION,2020-03-18,1584543600
5718,R_2UaV2vSZDxrE35n,FILE_FOLDER,2020-03-18,1584543600
5719,R_2UaV2vSZDxrE35n,BATTERY,2020-03-18,1584543600
5720,R_2UaV2vSZDxrE35n,URN,2020-03-18,1584543600
5721,R_2VwjXhJ5OznStEi,MEDICATION,2020-03-18,1584543600
5722,R_2XasM6V6LLwsutN,BASKETBALL_HOOP,2020-03-18,1584543600
5723,R_2XasM6V6LLwsutN,GROCERY,2020-03-18,1584543600
5724,R_2XasM6V6LLwsutN,HEALTH_PERSONAL_CARE,2020-03-18,1584543600
5725,R_2Xj7LtCe2Mt8jNi,MEDICATION,2020-03-18,1584543600
5726,R_2Xj7LtCe2Mt8jNi,SHOES,2020-03-18,1584543600
5727,R_2YR2Yn7wGzAeAj0,TAPE_MEASURE,2020-03-18,1584543600
5728,R_2aKrOq0DBielcig,SKIN_CLEANING_AGENT,2020-03-18,1584543600
5729,R_2cBADxleVyzT89z,HEALTH_PERSONAL_CARE,2020-03-18,1584543600
5730,R_2cBADxleVyzT89z,POOL_SPA_WATER_TREATMENT,2020-03-18,1584543600
5731,R_2cvmrv8q51q8yh1,ABIS_BOOK,2020-03-18,1584543600
5732,R_2cvmrv8q51q8yh1,LAB_SUPPLY,2020-03-18,1584543600
5733,R_2cvmrv8q51q8yh1,BATTERY,2020-03-18,1584543600
5734,R_2cvmrv8q51q8yh1,HUMIDIFIER,2020-03-18,1584543600
5735,R_2cvmrv8q51q8yh1,SNACK_FOOD_BAR,2020-03-18,1584543600
5736,R_2cvmrv8q51q8yh1,WRITING_INSTRUMENT,2020-03-18,1584543600
5737,R_2dX8oLhgW3U0Q0m,HEALTH_PERSONAL_CARE,2020-03-18,1584543600
5738,R_2dX8oLhgW3U0Q0m,PANTS,2020-03-18,1584543600
5739,R_2ebzj3o225IisIQ,ELECTRONIC_CABLE,2020-03-18,1584543600
5740,R_2fuPf0OEnWfOjjm,ELECTRONIC_CABLE,2020-03-18,1584543600
5741,R_2fuPf0OEnWfOjjm,PHYSICAL_MOVIE,2020-03-18,1584543600
5742,R_2fuPf0OEnWfOjjm,SELF_TANNER,2020-03-18,1584543600
5743,R_2fuPf0OEnWfOjjm,MICROWAVE_OVEN,2020-03-18,1584543600
5744,R_2mKYTXpTsUEkSGt,SKIN_CLEANING_AGENT,2020-03-18,1584543600
5745,R_2qD8ep8d313iLj4,HEALTH_PERSONAL_CARE,2020-03-18,1584543600
5746,R_2qD8ep8d313iLj4,PHYSICAL_MOVIE,2020-03-18,1584543600
5747,R_2qD8ep8d313iLj4,COFFEE,2020-03-18,1584543600
5748,R_2rVp4uDv9fYIfdd,SKIN_CLEANING_AGENT,2020-03-18,1584543600
5749,R_2rVp4uDv9fYIfdd,DAILY_LIVING_AIDS,2020-03-18,1584543600
5750,R_2rVp4uDv9fYIfdd,TUNIC,2020-03-18,1584543600
5751,R_2rVp4uDv9fYIfdd,SUGAR_CANDY,2020-03-18,1584543600
5752,R_2rVp4uDv9fYIfdd,SHOES,2020-03-18,1584543600
5753,R_2rVp4uDv9fYIfdd,HEADPHONES,2020-03-18,1584543600
5754,R_2rVp4uDv9fYIfdd,UNDERWEAR,2020-03-18,1584543600
5755,R_2rVp4uDv9fYIfdd,MEDICATION,2020-03-18,1584543600
5756,R_2s5YO3cdqKDFyIM,SKIN_MOISTURIZER,2020-03-18,1584543600
5757,R_2tfHzrdo6EEaiWi,PET_FOOD,2020-03-18,1584543600
5758,R_2uTysluImvxkQBY,SYRUP,2020-03-18,1584543600
5759,R_2vkMWH10xWp7o9s,ELECTRONIC_CABLE,2020-03-18,1584543600
5760,R_2yjckpDXWcsiLPz,FISHING_ROD_REEL_COMBO,2020-03-18,1584543600
5761,R_2yjckpDXWcsiLPz,HAIR_COMB,2020-03-18,1584543600
5762,R_2yjckpDXWcsiLPz,FISHING_ROD_REEL_COMBO,2020-03-18,1584543600
5763,R_2yjckpDXWcsiLPz,DISH_DRYING_MAT,2020-03-18,1584543600
5764,R_2yplkUxhAWZaFUL,CELLULAR_PHONE_CASE,2020-03-18,1584543600
5765,R_3093m6Spz9VzxAK,HEADPHONES,2020-03-18,1584543600
5766,R_3093m6Spz9VzxAK,NETWORKING_DEVICE,2020-03-18,1584543600
5767,R_32UZncFA03IrQwQ,ABIS_BOOK,2020-03-18,1584543600
5768,R_32UZncFA03IrQwQ,CELLULAR_PHONE_CASE,2020-03-18,1584543600
5769,R_32UZncFA03IrQwQ,NUTRITIONAL_SUPPLEMENT,2020-03-18,1584543600
5770,R_3D0FIkesMnTGsnm,PET_FOOD,2020-03-18,1584543600
5771,R_3Ebh099lpNz7iC2,GROCERY,2020-03-18,1584543600
5772,R_3Ebh099lpNz7iC2,ELECTRONIC_CABLE,2020-03-18,1584543600
5773,R_3Em4Q2OBHB3m5rz,SPROCKETS,2020-03-18,1584543600
5774,R_3Em4Q2OBHB3m5rz,ABIS_BOOK,2020-03-18,1584543600
5775,R_3GCXgWFPLgXAuFC,SEAFOOD,2020-03-18,1584543600
5776,R_3GCXgWFPLgXAuFC,ABIS_BOOK,2020-03-18,1584543600
5777,R_3HAk4tN4hE1Arcm,SNACK_FOOD_BAR,2020-03-18,1584543600
5778,R_3HigTq4itishziE,GROCERY,2020-03-18,1584543600
5779,R_3HigTq4itishziE,CULINARY_MUSHROOM,2020-03-18,1584543600
5780,R_3HigTq4itishziE,NAIL_POLISH,2020-03-18,1584543600
5781,R_3HigTq4itishziE,HEALTH_PERSONAL_CARE,2020-03-18,1584543600
5782,R_3KpaTa6zCZitiZG,NUTRITIONAL_SUPPLEMENT,2020-03-18,1584543600
5783,R_3MhBAq6V6XHU9ln,ELECTRONIC_CABLE,2020-03-18,1584543600
5784,R_3MncA46G8CO8juo,COOKING_CONTAINER,2020-03-18,1584543600
5785,R_3MncA46G8CO8juo,COTTON_PAD,2020-03-18,1584543600
5786,R_3MncA46G8CO8juo,CELLULAR_PHONE_CASE,2020-03-18,1584543600
5787,R_3MncA46G8CO8juo,ABIS_BOOK,2020-03-18,1584543600
5788,R_3MsBFFMO0AQslDO,SKIN_MOISTURIZER,2020-03-18,1584543600
5789,R_3MsBFFMO0AQslDO,SKIN_TREATMENT_MASK,2020-03-18,1584543600
5790,R_3ek9YZGdsDHjUZf,SKIN_MOISTURIZER,2020-03-18,1584543600
5791,R_3ek9YZGdsDHjUZf,SOCKS,2020-03-18,1584543600
5792,R_3ek9YZGdsDHjUZf,EYELID_COLOR,2020-03-18,1584543600
5793,R_3ek9YZGdsDHjUZf,SUGAR_SUBSTITUTE,2020-03-18,1584543600
5794,R_3ek9YZGdsDHjUZf,DRY_SHAMPOO,2020-03-18,1584543600
5795,R_3ez7TNnB78XtMa7,APPENDAGE_WARMER,2020-03-18,1584543600
5796,R_3flZSxKV8ViX1H4,TOYS_AND_GAMES,2020-03-18,1584543600
5797,R_3flZSxKV8ViX1H4,NUTRITIONAL_SUPPLEMENT,2020-03-18,1584543600
5798,R_3flZSxKV8ViX1H4,JANITORIAL_SUPPLY,2020-03-18,1584543600
5799,R_3gTrwWhEzAv6gzH,CELLULAR_PHONE_CASE,2020-03-18,1584543600
5800,R_3h4JnsfebywTUxX,SLEEPING_BAG,2020-03-18,1584543600
5801,R_3h4JnsfebywTUxX,LEVEL,2020-03-18,1584543600
5802,R_3m3H4mwZ2snYFua,SKIN_MOISTURIZER,2020-03-18,1584543600
5803,R_3m3H4mwZ2snYFua,PET_FOOD,2020-03-18,1584543600
5804,R_3m3H4mwZ2snYFua,LIP_COLOR,2020-03-18,1584543600
5805,R_3m3H4mwZ2snYFua,DISHWASHER_DETERGENT,2020-03-18,1584543600
5806,R_3m3H4mwZ2snYFua,SCREEN_PROTECTOR,2020-03-18,1584543600
5807,R_3nH1Odp9Yjm86gN,PANTS,2020-03-18,1584543600
5808,R_3no1gEkp3pV72Nn,HEALTH_PERSONAL_CARE,2020-03-18,1584543600
5809,R_3no1gEkp3pV72Nn,PRINT_COPY_PAPER,2020-03-18,1584543600
5810,R_3no1gEkp3pV72Nn,CANDLE,2020-03-18,1584543600
5811,R_3oO3DoeTgXHrEzx,BROOM,2020-03-18,1584543600
5812,R_3oO3DoeTgXHrEzx,SKIN_CLEANING_AGENT,2020-03-18,1584543600
5813,R_3oO3DoeTgXHrEzx,BROOM,2020-03-18,1584543600
5814,R_3qPt2VOIZdr6Kio,SKIN_CLEANING_AGENT,2020-03-18,1584543600
5815,R_3qTFp0FJqUeMhVZ,SKIN_MOISTURIZER,2020-03-18,1584543600
5816,R_3qTFp0FJqUeMhVZ,FERTILIZER,2020-03-18,1584543600
5817,R_3qTFp0FJqUeMhVZ,FIGURINE,2020-03-18,1584543600
5818,R_3qTFp0FJqUeMhVZ,SCREEN_PROTECTOR,2020-03-18,1584543600
5819,R_3qTFp0FJqUeMhVZ,CELLULAR_PHONE_CASE,2020-03-18,1584543600
5820,R_3qTFp0FJqUeMhVZ,HEALTH_PERSONAL_CARE,2020-03-18,1584543600
5821,R_3qTFp0FJqUeMhVZ,CELLULAR_PHONE_CASE,2020-03-18,1584543600
5822,R_3qTFp0FJqUeMhVZ,TOYS_AND_GAMES,2020-03-18,1584543600
5823,R_3qTFp0FJqUeMhVZ,VITAMIN,2020-03-18,1584543600
5824,R_3qTFp0FJqUeMhVZ,VITAMIN,2020-03-18,1584543600
5825,R_3qTFp0FJqUeMhVZ,HEALTH_PERSONAL_CARE,2020-03-18,1584543600
5826,R_3qTFp0FJqUeMhVZ,SCREEN_PROTECTOR,2020-03-18,1584543600
5827,R_3qTFp0FJqUeMhVZ,ARTIFICIAL_TREE,2020-03-18,1584543600
5828,R_3qTFp0FJqUeMhVZ,GUN_CLEANING_KIT,2020-03-18,1584543600
5829,R_3qTFp0FJqUeMhVZ,SKIN_CLEANING_AGENT,2020-03-18,1584543600
5830,R_3qTFp0FJqUeMhVZ,TOYS_AND_GAMES,2020-03-18,1584543600
5831,R_3rYUVmCplPiAoJh,SHOES,2020-03-18,1584543600
5832,R_3rYUVmCplPiAoJh,SHOES,2020-03-18,1584543600
5833,R_3rYUVmCplPiAoJh,CELLULAR_PHONE_CASE,2020-03-18,1584543600
5834,R_3socPWD3wXD0iDP,LITTER_BOX,2020-03-18,1584543600
5835,R_6RpwKYK0Mr2zKBH,SHIRT,2020-03-18,1584543600
5836,R_6fzbeTqbnF0kBih,BOARD_GAME,2020-03-18,1584543600
5837,R_6fzbeTqbnF0kBih,CHARGING_ADAPTER,2020-03-18,1584543600
5838,R_8pMsG4P0RqzoSlz,ANIMAL_CARRIER,2020-03-18,1584543600
5839,R_8pMsG4P0RqzoSlz,SHOES,2020-03-18,1584543600
5840,R_8piDwWBq7V7tyZb,VITAMIN,2020-03-18,1584543600
5841,R_AKBlDprDMrv4M7v,MEDICATION,2020-03-18,1584543600
5842,R_AM0OvM0F9kBvqal,ANIMAL_LITTER,2020-03-18,1584543600
5843,R_BWAjcs1sKUc6NQl,VEHICLE_LIGHT_BULB,2020-03-18,1584543600
5844,R_BWhnv4EdbhSS6rf,PET_FOOD,2020-03-18,1584543600
5845,R_BYr5WwayMBf66SR,PANTS,2020-03-18,1584543600
5846,R_DBhzVeGIG4SLSYV,VITAMIN,2020-03-18,1584543600
5847,R_OMNSdX5mDbUEZNf,PORTABLE_ELECTRONIC_DEVICE_COVER,2020-03-18,1584543600
5848,R_Og8sDefGp0SvLl7,BATTERY,2020-03-18,1584543600
5849,R_RK5cwWjrNzWCfLj,BATTERY,2020-03-18,1584543600
5850,R_RfThNEyjDIX9xwl,PET_FOOD,2020-03-18,1584543600
5851,R_RfThNEyjDIX9xwl,ELECTRONIC_CABLE,2020-03-18,1584543600
5852,R_RfThNEyjDIX9xwl,VITAMIN,2020-03-18,1584543600
5853,R_RlYyUhsDFvyGwX7,SPORT_MITT,2020-03-18,1584543600
5854,R_TtK3Qkb3c3EIeoV,SKIN_MOISTURIZER,2020-03-18,1584543600
5855,R_UiGJcgWtDtZPfih,SHOES,2020-03-18,1584543600
5856,R_WerZwuLkMK4zfVf,NUTRITIONAL_SUPPLEMENT,2020-03-18,1584543600
5857,R_WerZwuLkMK4zfVf,TEETHER,2020-03-18,1584543600
5858,R_WerZwuLkMK4zfVf,CELLULAR_PHONE_CASE,2020-03-18,1584543600
5859,R_WerZwuLkMK4zfVf,BATTERY,2020-03-18,1584543600
5860,R_WerZwuLkMK4zfVf,BATTERY,2020-03-18,1584543600
5861,R_Xhz81T9LodPX0KB,HEALTH_PERSONAL_CARE,2020-03-18,1584543600
5862,R_Xhz81T9LodPX0KB,SKIN_MOISTURIZER,2020-03-18,1584543600
5863,R_Xhz81T9LodPX0KB,CLEANING_AGENT,2020-03-18,1584543600
5864,R_Xhz81T9LodPX0KB,SHOES,2020-03-18,1584543600
5865,R_b8UnkZJoU93ZxEB,LAMINATOR,2020-03-18,1584543600
5866,R_bPzwAFdlVaA87Vn,ANIMAL_STAIR,2020-03-18,1584543600
5867,R_br5a8OxAqrKRxQd,ELECTRONIC_CABLE,2020-03-18,1584543600
5868,R_br5a8OxAqrKRxQd,NAVIGATION_COMPASS,2020-03-18,1584543600
5869,R_br5a8OxAqrKRxQd,HAIRBAND,2020-03-18,1584543600
5870,R_cAcAtozIWnZIbGp,SHOES,2020-03-18,1584543600
5871,R_cCucjmijTJETC6d,SCREWDRIVER,2020-03-18,1584543600
5872,R_cCucjmijTJETC6d,HAT,2020-03-18,1584543600
5873,R_cCucjmijTJETC6d,SCREWDRIVER,2020-03-18,1584543600
5874,R_cCucjmijTJETC6d,PHYSICAL_MOVIE,2020-03-18,1584543600
5875,R_cCucjmijTJETC6d,PET_FOOD,2020-03-18,1584543600
5876,R_d5O7dqvA1EWCrPb,CELLULAR_PHONE_CASE,2020-03-18,1584543600
5877,R_d5O7dqvA1EWCrPb,SKIN_CLEANING_AGENT,2020-03-18,1584543600
5878,R_d5O7dqvA1EWCrPb,BOOK_DOCUMENT_STAND,2020-03-18,1584543600
5879,R_e8KTElZZLWryLWp,THERAPEUTIC_THERMAL_COMPRESS,2020-03-18,1584543600
5880,R_e8KTElZZLWryLWp,HEADPHONES,2020-03-18,1584543600
5881,R_e8KTElZZLWryLWp,ABIS_BOOK,2020-03-18,1584543600
5882,R_e8KTElZZLWryLWp,FISH,2020-03-18,1584543600
5883,R_e8KTElZZLWryLWp,FISH,2020-03-18,1584543600
5884,R_pMnqpu31myYoxy1,SAUTE_FRY_PAN,2020-03-18,1584543600
5885,R_pMnqpu31myYoxy1,MEDICATION,2020-03-18,1584543600
5886,R_pMnqpu31myYoxy1,PET_FOOD,2020-03-18,1584543600
5887,R_pMnqpu31myYoxy1,SCREEN_PROTECTOR,2020-03-18,1584543600
5888,R_pMnqpu31myYoxy1,WRITING_BOARD,2020-03-18,1584543600
5889,R_pMnqpu31myYoxy1,NUTRITIONAL_SUPPLEMENT,2020-03-18,1584543600
5890,R_pMnqpu31myYoxy1,SHIRT,2020-03-18,1584543600
5891,R_pMnqpu31myYoxy1,TOYS_AND_GAMES,2020-03-18,1584543600
5892,R_pMnqpu31myYoxy1,NUTRITIONAL_SUPPLEMENT,2020-03-18,1584543600
5893,R_pRWnSKTREPIwpSF,INCONTINENCE_PROTECTOR,2020-03-18,1584543600
5894,R_r1oTDkv1OlGnNuN,BATTERY,2020-03-18,1584543600
5895,R_sGohXmtT8TjLibT,STICKER_DECAL,2020-03-18,1584543600
5896,R_sGohXmtT8TjLibT,VIDEO_GAME_HARDWARE,2020-03-18,1584543600
5897,R_tJNLenUlMH5f4el,HAIR_BRUSH,2020-03-18,1584543600
5898,R_tJNLenUlMH5f4el,GROCERY,2020-03-18,1584543600
5899,R_tSTu20YCb20zL5D,SNACK_FOOD_BAR,2020-03-18,1584543600
5900,R_tSTu20YCb20zL5D,BOOKS_1973_AND_LATER,2020-03-18,1584543600
5901,R_u2EdYogSnJBrpex,PET_FOOD,2020-03-18,1584543600
5902,R_u2EdYogSnJBrpex,PANTS,2020-03-18,1584543600
5903,R_u2EdYogSnJBrpex,SKIN_CLEANING_WIPE,2020-03-18,1584543600
5904,R_u2EdYogSnJBrpex,HEADPHONES,2020-03-18,1584543600
5905,R_u2EdYogSnJBrpex,PET_FOOD,2020-03-18,1584543600
5906,R_u2EdYogSnJBrpex,FACE_SHAPING_MAKEUP,2020-03-18,1584543600
5907,R_u2EdYogSnJBrpex,VITAMIN,2020-03-18,1584543600
5908,R_u2EdYogSnJBrpex,BATTERY,2020-03-18,1584543600
5909,R_u94bdSj5JBe7WZb,BICYCLE_PEDAL,2020-03-18,1584543600
5910,R_u94bdSj5JBe7WZb,SHAMPOO,2020-03-18,1584543600
5911,R_uqbcSq7y153jKmZ,WIPER_BLADE,2020-03-18,1584543600
5912,R_voSNwyVcZWdCTJv,SKIN_MOISTURIZER,2020-03-18,1584543600
5913,R_yILeYEcIeCBmy2t,ABIS_BOOK,2020-03-18,1584543600
5914,R_yJz6aXbKddNbgZz,VITAMIN,2020-03-18,1584543600
5915,R_yPgyGUixTuXuX5v,ELECTRONIC_CABLE,2020-03-18,1584543600
5916,R_yPgyGUixTuXuX5v,CAMERA_TRIPOD,2020-03-18,1584543600
5917,R_yPgyGUixTuXuX5v,NUTRITIONAL_SUPPLEMENT,2020-03-18,1584543600
5918,R_10CAlrx7dbJty9R,GROCERY,2020-03-19,1584630000
5919,R_129jUlsvVcVBDur,SHOES,2020-03-19,1584630000
5920,R_1C8w4NDDQC5fcgE,MEDICATION,2020-03-19,1584630000
5921,R_1C8w4NDDQC5fcgE,BATTERY,2020-03-19,1584630000
5922,R_1CIQjlABWt7jZWc,ABIS_BOOK,2020-03-19,1584630000
5923,R_1CIQjlABWt7jZWc,HEADPHONES,2020-03-19,1584630000
5924,R_1CIQjlABWt7jZWc,TOY_FIGURE,2020-03-19,1584630000
5925,R_1CIQjlABWt7jZWc,TOOTH_CLEANING_AGENT,2020-03-19,1584630000
5926,R_1CIQjlABWt7jZWc,FISHING_REEL,2020-03-19,1584630000
5927,R_1CIQjlABWt7jZWc,ROUTER_POWER_TOOL,2020-03-19,1584630000
5928,R_1CIQjlABWt7jZWc,TOYS_AND_GAMES,2020-03-19,1584630000
5929,R_1CIQjlABWt7jZWc,SPORTING_GOODS,2020-03-19,1584630000
5930,R_1CIQjlABWt7jZWc,BATTERY,2020-03-19,1584630000
5931,R_1CIQjlABWt7jZWc,CONTACT_LENS_CLEANER,2020-03-19,1584630000
5932,R_1CIQjlABWt7jZWc,PET_FOOD,2020-03-19,1584630000
5933,R_1CIQjlABWt7jZWc,TOY_FIGURE,2020-03-19,1584630000
5934,R_1CIQjlABWt7jZWc,SPORTING_GOODS,2020-03-19,1584630000
5935,R_1CIQjlABWt7jZWc,BATTERY,2020-03-19,1584630000
5936,R_1CIQjlABWt7jZWc,TABLECLOTH,2020-03-19,1584630000
5937,R_1CIQjlABWt7jZWc,GROCERY,2020-03-19,1584630000
5938,R_1CIQjlABWt7jZWc,SNACK_FOOD_BAR,2020-03-19,1584630000
5939,R_1CIQjlABWt7jZWc,CHAIR,2020-03-19,1584630000
5940,R_1Cd5zmz07X5BqKa,SHIRT,2020-03-19,1584630000
5941,R_1Cd5zmz07X5BqKa,MEDICATION,2020-03-19,1584630000
5942,R_1Cd5zmz07X5BqKa,PANTS,2020-03-19,1584630000
5943,R_1Cd5zmz07X5BqKa,PET_HEALTH_CARE,2020-03-19,1584630000
5944,R_1Cd5zmz07X5BqKa,PLANTER,2020-03-19,1584630000
5945,R_1Cd5zmz07X5BqKa,MEDICATION,2020-03-19,1584630000
5946,R_1Cd5zmz07X5BqKa,HEADPHONES,2020-03-19,1584630000
5947,R_1Cd5zmz07X5BqKa,PLANTER,2020-03-19,1584630000
5948,R_1Cd5zmz07X5BqKa,SKIN_MOISTURIZER,2020-03-19,1584630000
5949,R_1Cd5zmz07X5BqKa,SHOES,2020-03-19,1584630000
5950,R_1Cd5zmz07X5BqKa,TOYS_AND_GAMES,2020-03-19,1584630000
5951,R_1Cx2TzfSj9KxVhR,GROCERY,2020-03-19,1584630000
5952,R_1Cx2TzfSj9KxVhR,NUTRITIONAL_SUPPLEMENT,2020-03-19,1584630000
5953,R_1Cx2TzfSj9KxVhR,FABRIC_APPLIQUE_PATCH,2020-03-19,1584630000
5954,R_1Cx2TzfSj9KxVhR,ADHESIVE_TAPES,2020-03-19,1584630000
5955,R_1Cx2TzfSj9KxVhR,HEALTH_PERSONAL_CARE,2020-03-19,1584630000
5956,R_1Cx2TzfSj9KxVhR,DRINKING_STRAW,2020-03-19,1584630000
5957,R_1Cx2TzfSj9KxVhR,SNACK_FOOD_BAR,2020-03-19,1584630000
5958,R_1Cx2TzfSj9KxVhR,POWER_STRIP,2020-03-19,1584630000
5959,R_1Cx2TzfSj9KxVhR,ACCESSORY,2020-03-19,1584630000
5960,R_1Cx2TzfSj9KxVhR,HEALTH_PERSONAL_CARE,2020-03-19,1584630000
5961,R_1Cx2TzfSj9KxVhR,ELECTRONIC_CABLE,2020-03-19,1584630000
5962,R_1Cx2TzfSj9KxVhR,MEDICATION,2020-03-19,1584630000
5963,R_1E3TJBNJVtr3tcD,SNACK_FOOD_BAR,2020-03-19,1584630000
5964,R_1F35QiIK5csZBEC,PESTICIDE,2020-03-19,1584630000
5965,R_1MTbVUzYEQq2MzU,GROCERY,2020-03-19,1584630000
5966,R_1NDq0rxoUSu6oyz,SHIRT,2020-03-19,1584630000
5967,R_1NDq0rxoUSu6oyz,SCREEN_PROTECTOR,2020-03-19,1584630000
5968,R_1Oov0G05pkQnKNn,PHYSICAL_TV_SERIES,2020-03-19,1584630000
5969,R_1OrTsiPCkAlmb0N,POWER_CONVERTER,2020-03-19,1584630000
5970,R_1PUcgnVG2i0EBz4,PET_FOOD,2020-03-19,1584630000
5971,R_1PUcgnVG2i0EBz4,UNDERPANTS,2020-03-19,1584630000
5972,R_1QAdgChcm0LQ6CE,SKIN_CLEANING_AGENT,2020-03-19,1584630000
5973,R_1QAdgChcm0LQ6CE,VITAMIN,2020-03-19,1584630000
5974,R_1QKu8qtvgo0d1uS,ABIS_BOOK,2020-03-19,1584630000
5975,R_1QLfbB3Lho273wG,NUTRITIONAL_SUPPLEMENT,2020-03-19,1584630000
5976,R_1QLfbB3Lho273wG,MOTORCYCLE_ACCESSORY,2020-03-19,1584630000
5977,R_1QLfbB3Lho273wG,ZIPPER_FASTENER,2020-03-19,1584630000
5978,R_1QLfbB3Lho273wG,SHIRT,2020-03-19,1584630000
5979,R_1QoPHtffEy2UzWJ,TOYS_AND_GAMES,2020-03-19,1584630000
5980,R_1QoPHtffEy2UzWJ,PRINTER,2020-03-19,1584630000
5981,R_1QoPHtffEy2UzWJ,SKIN_EXFOLIANT,2020-03-19,1584630000
5982,R_1QoPHtffEy2UzWJ,TOYS_AND_GAMES,2020-03-19,1584630000
5983,R_1Qyzwfx5HrXdw4U,GUN_SUPPORT,2020-03-19,1584630000
5984,R_1dFu7LeBJE3Wd6p,MEDICATION,2020-03-19,1584630000
5985,R_1dFu7LeBJE3Wd6p,NUTRITIONAL_SUPPLEMENT,2020-03-19,1584630000
5986,R_1dFu7LeBJE3Wd6p,STOVETOP_KETTLE,2020-03-19,1584630000
5987,R_1dFu7LeBJE3Wd6p,DRINK_FLAVORED,2020-03-19,1584630000
5988,R_1gdxq5ThtPhD06I,MEDICATION,2020-03-19,1584630000
5989,R_1gdxq5ThtPhD06I,GROCERY,2020-03-19,1584630000
5990,R_1gdxq5ThtPhD06I,BATTERY_CHARGER,2020-03-19,1584630000
5991,R_1gdxq5ThtPhD06I,MEDICATION,2020-03-19,1584630000
5992,R_1gjdRVy7DXPMldc,SKIN_CLEANING_AGENT,2020-03-19,1584630000
5993,R_1gjdRVy7DXPMldc,MECHANICAL_FASTENERS,2020-03-19,1584630000
5994,R_1gjdRVy7DXPMldc,PET_FOOD,2020-03-19,1584630000
5995,R_1gjdRVy7DXPMldc,TOYS_AND_GAMES,2020-03-19,1584630000
5996,R_1gjdRVy7DXPMldc,HEALTH_PERSONAL_CARE,2020-03-19,1584630000
5997,R_1hMV4AHCk04WO5V,NUT_AND_SEED,2020-03-19,1584630000
5998,R_1jd0U0OjvEcZEcw,PANTS,2020-03-19,1584630000
5999,R_1jd0U0OjvEcZEcw,SKIN_MOISTURIZER,2020-03-19,1584630000
6000,R_1l4zCtGUTvAWdS6,STORAGE_BOX,2020-03-19,1584630000
6001,R_1l4zCtGUTvAWdS6,PET_FOOD,2020-03-19,1584630000
6002,R_1l4zCtGUTvAWdS6,MP3_PLAYER,2020-03-19,1584630000
6003,R_1l4zCtGUTvAWdS6,BATTERY,2020-03-19,1584630000
6004,R_1lfNYOmsEIqOn65,BATTERY,2020-03-19,1584630000
6005,R_1lsgykNxEU4BXTI,PHYSICAL_MOVIE,2020-03-19,1584630000
6006,R_1lsgykNxEU4BXTI,VITAMIN,2020-03-19,1584630000
6007,R_1lsgykNxEU4BXTI,SCREEN_PROTECTOR,2020-03-19,1584630000
6008,R_1nZzu0Kj9WQ8P4x,PET_FOOD,2020-03-19,1584630000
6009,R_1nZzu0Kj9WQ8P4x,PHYSICAL_MOVIE,2020-03-19,1584630000
6010,R_1nZzu0Kj9WQ8P4x,HEALTH_PERSONAL_CARE,2020-03-19,1584630000
6011,R_1nZzu0Kj9WQ8P4x,COFFEE,2020-03-19,1584630000
6012,R_1nZzu0Kj9WQ8P4x,SHIRT,2020-03-19,1584630000
6013,R_1nZzu0Kj9WQ8P4x,VITAMIN,2020-03-19,1584630000
6014,R_1nZzu0Kj9WQ8P4x,PANTS,2020-03-19,1584630000
6015,R_1oFSDeGAQcUN2v8,PANTS,2020-03-19,1584630000
6016,R_1oFSDeGAQcUN2v8,BRA,2020-03-19,1584630000
6017,R_1obwpb6iowh7vew,ELECTRIC_FAN,2020-03-19,1584630000
6018,R_1obwpb6iowh7vew,PHYSICAL_VIDEO_GAME_SOFTWARE,2020-03-19,1584630000
6019,R_1obwpb6iowh7vew,BUBBLE_MAKER,2020-03-19,1584630000
6020,R_1obwpb6iowh7vew,STORAGE_BAG,2020-03-19,1584630000
6021,R_1q7AvsyRPpTSWFi,VITAMIN,2020-03-19,1584630000
6022,R_1q7AvsyRPpTSWFi,STORAGE_HOOK,2020-03-19,1584630000
6023,R_1q7AvsyRPpTSWFi,NUTRITIONAL_SUPPLEMENT,2020-03-19,1584630000
6024,R_1q7AvsyRPpTSWFi,SHOES,2020-03-19,1584630000
6025,R_1q7AvsyRPpTSWFi,HEALTH_PERSONAL_CARE,2020-03-19,1584630000
6026,R_1q7AvsyRPpTSWFi,SHOES,2020-03-19,1584630000
6027,R_1rPQIXSf3d1wvFO,PET_FOOD,2020-03-19,1584630000
6028,R_21GPeeqYRjC1kb1,HEADPHONES,2020-03-19,1584630000
6029,R_21GPeeqYRjC1kb1,SHOES,2020-03-19,1584630000
6030,R_22SxELlmhBQCe1C,SHOES,2020-03-19,1584630000
6031,R_22SxELlmhBQCe1C,ABIS_BOOK,2020-03-19,1584630000
6032,R_24P0vykrD1RJG07,APPAREL,2020-03-19,1584630000
6033,R_24P0vykrD1RJG07,BICYCLE_SEATPOST,2020-03-19,1584630000
6034,R_24P0vykrD1RJG07,BLANK_BOOK,2020-03-19,1584630000
6035,R_24csoaO569P4Yzz,PANTS,2020-03-19,1584630000
6036,R_277i50HinKYVoY9,PHYSICAL_MOVIE,2020-03-19,1584630000
6037,R_28SckJ1LanzFPvD,JEWELRY,2020-03-19,1584630000
6038,R_29uBVByYo0xAXiZ,SHOES,2020-03-19,1584630000
6039,R_29uBVByYo0xAXiZ,FLAT_SCREEN_DISPLAY_MOUNT,2020-03-19,1584630000
6040,R_2ASBFgthVbaGlF3,NUT_AND_SEED,2020-03-19,1584630000
6041,R_2ASBFgthVbaGlF3,SHOES,2020-03-19,1584630000
6042,R_2ASBFgthVbaGlF3,MEDICATION,2020-03-19,1584630000
6043,R_2ASBFgthVbaGlF3,VITAMIN,2020-03-19,1584630000
6044,R_2ASBFgthVbaGlF3,CLEANING_AGENT,2020-03-19,1584630000
6045,R_2AXrxS8YlU9cken,CALISTHENICS_STAND,2020-03-19,1584630000
6046,R_2AXrxS8YlU9cken,SKIN_PROTECTANT,2020-03-19,1584630000
6047,R_2B38co9cwVRvVZA,TEXTILE_DEODORIZER,2020-03-19,1584630000
6048,R_2DSmjafbkSAict9,TOOTH_WHITENER,2020-03-19,1584630000
6049,R_2DSmjafbkSAict9,SHIRT,2020-03-19,1584630000
6050,R_2DSmjafbkSAict9,NAIL_POWDER,2020-03-19,1584630000
6051,R_2QEQOSl4i81CHb1,FLASHLIGHT,2020-03-19,1584630000
6052,R_2QEQOSl4i81CHb1,APPAREL_GLOVES,2020-03-19,1584630000
6053,R_2RUDh7piHU7frzt,SHOES,2020-03-19,1584630000
6054,R_2ToRb0eNQrFNM3u,GROCERY,2020-03-19,1584630000
6055,R_2ToRb0eNQrFNM3u,ABIS_BOOK,2020-03-19,1584630000
6056,R_2ToRb0eNQrFNM3u,LEGUME,2020-03-19,1584630000
6057,R_2ToRb0eNQrFNM3u,LEGUME,2020-03-19,1584630000
6058,R_2ToRb0eNQrFNM3u,SHOES,2020-03-19,1584630000
6059,R_2ToRb0eNQrFNM3u,SNACK_FOOD_BAR,2020-03-19,1584630000
6060,R_2Uc0eY0mHq5DQgt,COMPUTER_COMPONENT,2020-03-19,1584630000
6061,R_2Xj7LtCe2Mt8jNi,APPAREL_BELT,2020-03-19,1584630000
6062,R_2Xj7LtCe2Mt8jNi,MASSAGE_STICK,2020-03-19,1584630000
6063,R_2Xj7LtCe2Mt8jNi,MASSAGE_STICK,2020-03-19,1584630000
6064,R_2Y9fPhqa2Xf2QdZ,SUGAR_SUBSTITUTE,2020-03-19,1584630000
6065,R_2aldwxmUZox7Yfd,SHIRT,2020-03-19,1584630000
6066,R_2aldwxmUZox7Yfd,HEADPHONES,2020-03-19,1584630000
6067,R_2b1MfkpNO4V6xMv,SHIRT,2020-03-19,1584630000
6068,R_2b1MfkpNO4V6xMv,GIFT_CARD,2020-03-19,1584630000
6069,R_2b1MfkpNO4V6xMv,UTILITY_SPONGE,2020-03-19,1584630000
6070,R_2b1MfkpNO4V6xMv,SKIN_MOISTURIZER,2020-03-19,1584630000
6071,R_2b1MfkpNO4V6xMv,GIFT_CARD,2020-03-19,1584630000
6072,R_2cBADxleVyzT89z,SHOES,2020-03-19,1584630000
6073,R_2cBADxleVyzT89z,UNDERPANTS,2020-03-19,1584630000
6074,R_2cBADxleVyzT89z,NUTRITIONAL_SUPPLEMENT,2020-03-19,1584630000
6075,R_2cBADxleVyzT89z,ELECTRONIC_ADAPTER,2020-03-19,1584630000
6076,R_2dGCaOSuAKevfs7,INTERNAL_MEMORY,2020-03-19,1584630000
6077,R_2e3bppvzM7Ynmch,PET_FOOD,2020-03-19,1584630000
6078,R_2e3bppvzM7Ynmch,ANIMAL_INCONTINENCE_PROTECTOR,2020-03-19,1584630000
6079,R_2fxhde3AmAoBQBS,COFFEE_FILTER,2020-03-19,1584630000
6080,R_2fxhde3AmAoBQBS,ABIS_BOOK,2020-03-19,1584630000
6081,R_2r7Zl5CTeW1dMqd,ANIMAL_NUTRITIONAL_SUPPLEMENT,2020-03-19,1584630000
6082,R_2r7Zl5CTeW1dMqd,SKIN_CLEANING_AGENT,2020-03-19,1584630000
6083,R_2r7Zl5CTeW1dMqd,PROFESSIONAL_HEALTHCARE,2020-03-19,1584630000
6084,R_2r7Zl5CTeW1dMqd,PET_TOY,2020-03-19,1584630000
6085,R_2sbCr0DY5BIHWiF,SKIN_MOISTURIZER,2020-03-19,1584630000
6086,R_2uIMLcJgQmb0v3G,SEAFOOD,2020-03-19,1584630000
6087,R_2viT92732GnahDd,SKIN_MOISTURIZER,2020-03-19,1584630000
6088,R_2viT92732GnahDd,BAKEWARE,2020-03-19,1584630000
6089,R_2wHwNZWEecJflLc,SHOES,2020-03-19,1584630000
6090,R_2woyYEH5qlAG264,AQUARIUM_POND_WATER_TREATMENT,2020-03-19,1584630000
6091,R_2xzc7JBNEgYNAqY,SCREEN_PROTECTOR,2020-03-19,1584630000
6092,R_2yjckpDXWcsiLPz,ABIS_ELECTRONICS,2020-03-19,1584630000
6093,R_2zUBXlqUCKqKDVI,SNACK_FOOD_BAR,2020-03-19,1584630000
6094,R_31ycQ8SiOEF1cUN,SHOES,2020-03-19,1584630000
6095,R_31ycQ8SiOEF1cUN,TEXTILE_DEODORIZER,2020-03-19,1584630000
6096,R_31ycQ8SiOEF1cUN,TOYS_AND_GAMES,2020-03-19,1584630000
6097,R_32MgYCncUh7NkQE,PHYSICAL_VIDEO_GAME_SOFTWARE,2020-03-19,1584630000
6098,R_32MgYCncUh7NkQE,SHOES,2020-03-19,1584630000
6099,R_32MgYCncUh7NkQE,VITAMIN,2020-03-19,1584630000
6100,R_32MgYCncUh7NkQE,HEALTH_PERSONAL_CARE,2020-03-19,1584630000
6101,R_32MgYCncUh7NkQE,SCREEN_PROTECTOR,2020-03-19,1584630000
6102,R_32MgYCncUh7NkQE,ELECTRONIC_CABLE,2020-03-19,1584630000
6103,R_32Mm71oAJq2K9XK,SHIRT,2020-03-19,1584630000
6104,R_32Mm71oAJq2K9XK,HEADPHONES,2020-03-19,1584630000
6105,R_32Mm71oAJq2K9XK,SKIN_MOISTURIZER,2020-03-19,1584630000
6106,R_32Mm71oAJq2K9XK,HOME,2020-03-19,1584630000
6107,R_32Mm71oAJq2K9XK,TOYS_AND_GAMES,2020-03-19,1584630000
6108,R_32Mm71oAJq2K9XK,COAT,2020-03-19,1584630000
6109,R_32Mm71oAJq2K9XK,FIDGET_TOY_SPINNER,2020-03-19,1584630000
6110,R_32Mm71oAJq2K9XK,SKIN_CLEANING_AGENT,2020-03-19,1584630000
6111,R_32Mm71oAJq2K9XK,VITAMIN,2020-03-19,1584630000
6112,R_32Mm71oAJq2K9XK,SHOES,2020-03-19,1584630000
6113,R_32Mm71oAJq2K9XK,NUTRITIONAL_SUPPLEMENT,2020-03-19,1584630000
6114,R_32Mm71oAJq2K9XK,HEADPHONES,2020-03-19,1584630000
6115,R_32Mm71oAJq2K9XK,FIDGET_TOY_SPINNER,2020-03-19,1584630000
6116,R_32Mm71oAJq2K9XK,VINEGAR,2020-03-19,1584630000
6117,R_32Mm71oAJq2K9XK,HAIR_REMOVAL_AGENT,2020-03-19,1584630000
6118,R_32Mm71oAJq2K9XK,ABIS_BOOK,2020-03-19,1584630000
6119,R_32Mm71oAJq2K9XK,SNACK_FOOD_BAR,2020-03-19,1584630000
6120,R_32Mm71oAJq2K9XK,HEALTH_PERSONAL_CARE,2020-03-19,1584630000
6121,R_32Mm71oAJq2K9XK,MEDICATION,2020-03-19,1584630000
6122,R_32Mm71oAJq2K9XK,CELLULAR_PHONE_CASE,2020-03-19,1584630000
6123,R_32Mm71oAJq2K9XK,VINEGAR,2020-03-19,1584630000
6124,R_32Mm71oAJq2K9XK,VINEGAR,2020-03-19,1584630000
6125,R_32Mm71oAJq2K9XK,HOME,2020-03-19,1584630000
6126,R_32Mm71oAJq2K9XK,VITAMIN,2020-03-19,1584630000
6127,R_32Mm71oAJq2K9XK,ABIS_BOOK,2020-03-19,1584630000
6128,R_32Mm71oAJq2K9XK,BATTERY,2020-03-19,1584630000
6129,R_32Mm71oAJq2K9XK,SKIN_MOISTURIZER,2020-03-19,1584630000
6130,R_32Mm71oAJq2K9XK,TOYS_AND_GAMES,2020-03-19,1584630000
6131,R_32Mm71oAJq2K9XK,PHYSICAL_MOVIE,2020-03-19,1584630000
6132,R_32Mm71oAJq2K9XK,ELECTRONIC_CABLE,2020-03-19,1584630000
6133,R_32Mm71oAJq2K9XK,HEADPHONES,2020-03-19,1584630000
6134,R_32Mm71oAJq2K9XK,PHYSICAL_MOVIE,2020-03-19,1584630000
6135,R_32Mm71oAJq2K9XK,VITAMIN,2020-03-19,1584630000
6136,R_32UZncFA03IrQwQ,TEMPORARY_GATE,2020-03-19,1584630000
6137,R_33El0GX9AkXCVDU,ELECTRONIC_CABLE,2020-03-19,1584630000
6138,R_33El0GX9AkXCVDU,FOOD_OR_BEVERAGE_WARMER,2020-03-19,1584630000
6139,R_33El0GX9AkXCVDU,PICNIC_HOLDER,2020-03-19,1584630000
6140,R_33dxSOlpYwYOjFE,SHOES,2020-03-19,1584630000
6141,R_33dxSOlpYwYOjFE,CLEANING_AGENT,2020-03-19,1584630000
6142,R_33dxSOlpYwYOjFE,SCREEN_PROTECTOR,2020-03-19,1584630000
6143,R_33dxSOlpYwYOjFE,VEHICLE_EMBLEM,2020-03-19,1584630000
6144,R_33dxSOlpYwYOjFE,ANIMAL_INCONTINENCE_PROTECTOR,2020-03-19,1584630000
6145,R_39HhVszlqdawZPP,ABIS_BOOK,2020-03-19,1584630000
6146,R_39HhVszlqdawZPP,ABIS_BOOK,2020-03-19,1584630000
6147,R_3ESuELdvO5mTjxj,HEADPHONES,2020-03-19,1584630000
6148,R_3EbttwlSceKvWpl,GROCERY,2020-03-19,1584630000
6149,R_3EsC5YHmiHe5s54,PET_FOOD,2020-03-19,1584630000
6150,R_3EsC5YHmiHe5s54,FOOD_WRAP,2020-03-19,1584630000
6151,R_3EsC5YHmiHe5s54,SHIRT,2020-03-19,1584630000
6152,R_3EsC5YHmiHe5s54,CELLULAR_PHONE_CASE,2020-03-19,1584630000
6153,R_3G1gYo1d23Zq8Np,INSTALLATION_SERVICES,2020-03-19,1584630000
6154,R_3Jxiicg67etW2yt,SCREEN_PROTECTOR,2020-03-19,1584630000
6155,R_3M3RSZ7wNRSaxNx,ABIS_BOOK,2020-03-19,1584630000
6156,R_3MMW2ivCFCtjHIe,VITAMIN,2020-03-19,1584630000
6157,R_3MMW2ivCFCtjHIe,SKIN_CLEANING_AGENT,2020-03-19,1584630000
6158,R_3MMW2ivCFCtjHIe,TOYS_AND_GAMES,2020-03-19,1584630000
6159,R_3MMW2ivCFCtjHIe,SUSPENDER,2020-03-19,1584630000
6160,R_3MMW2ivCFCtjHIe,NUTRITIONAL_SUPPLEMENT,2020-03-19,1584630000
6161,R_3MnSLQdJkly3wfg,ABIS_BOOK,2020-03-19,1584630000
6162,R_3MnSLQdJkly3wfg,VEHICLE_SAFETY_CAMERA,2020-03-19,1584630000
6163,R_3MnSLQdJkly3wfg,CELLULAR_PHONE,2020-03-19,1584630000
6164,R_3MnSLQdJkly3wfg,DRINK_FLAVORED,2020-03-19,1584630000
6165,R_3MnSLQdJkly3wfg,PICTURE_FRAME,2020-03-19,1584630000
6166,R_3MnSLQdJkly3wfg,SHOES,2020-03-19,1584630000
6167,R_3MnSLQdJkly3wfg,BICYCLE_TRAILER,2020-03-19,1584630000
6168,R_3MnSLQdJkly3wfg,BATTERY,2020-03-19,1584630000
6169,R_3MnSLQdJkly3wfg,CELLULAR_PHONE_CASE,2020-03-19,1584630000
6170,R_3MnSLQdJkly3wfg,VEHICLE_MAT,2020-03-19,1584630000
6171,R_3MnSLQdJkly3wfg,CELLULAR_PHONE_CASE,2020-03-19,1584630000
6172,R_3MnSLQdJkly3wfg,PET_FOOD,2020-03-19,1584630000
6173,R_3MnSLQdJkly3wfg,VITAMIN,2020-03-19,1584630000
6174,R_3MnSLQdJkly3wfg,SKIN_CLEANING_AGENT,2020-03-19,1584630000
6175,R_3MnSLQdJkly3wfg,ELECTRONIC_CABLE,2020-03-19,1584630000
6176,R_3MnSLQdJkly3wfg,ELECTRONIC_CABLE,2020-03-19,1584630000
6177,R_3MnSLQdJkly3wfg,SKIN_MOISTURIZER,2020-03-19,1584630000
6178,R_3MnSLQdJkly3wfg,BATTERY,2020-03-19,1584630000
6179,R_3MnSLQdJkly3wfg,BICYCLE_TRAILER,2020-03-19,1584630000
6180,R_3MnSLQdJkly3wfg,SNACK_FOOD_BAR,2020-03-19,1584630000
6181,R_3MnSLQdJkly3wfg,DRINK_FLAVORED,2020-03-19,1584630000
6182,R_3NFhCSnuJa54Jn3,MAGNIFIER,2020-03-19,1584630000
6183,R_3NwUrzA3eAsS3xO,VITAMIN,2020-03-19,1584630000
6184,R_3NwUrzA3eAsS3xO,SHIRT,2020-03-19,1584630000
6185,R_3NwUrzA3eAsS3xO,MEDICATION,2020-03-19,1584630000
6186,R_3OiAK9V155cWEsy,MEDICATION,2020-03-19,1584630000
6187,R_3OiAK9V155cWEsy,HEALTH_PERSONAL_CARE,2020-03-19,1584630000
6188,R_3PZvezr4ITRkiKV,VEHICLE_MOLDING,2020-03-19,1584630000
6189,R_3ek9YZGdsDHjUZf,SCREEN_PROTECTOR,2020-03-19,1584630000
6190,R_3ek9YZGdsDHjUZf,PHYSICAL_MOVIE,2020-03-19,1584630000
6191,R_3ez7TNnB78XtMa7,CAMERA_OTHER_ACCESSORIES,2020-03-19,1584630000
6192,R_3h4JnsfebywTUxX,CELLULAR_PHONE_CASE,2020-03-19,1584630000
6193,R_3h4JnsfebywTUxX,SHIRT,2020-03-19,1584630000
6194,R_3ixOwXLuUfjiWS8,STANDALONE_STREAMING_MEDIA_PLAYER,2020-03-19,1584630000
6195,R_3ixOwXLuUfjiWS8,FASHIONEARRING,2020-03-19,1584630000
6196,R_3kAg3F3SGS36qHc,FASHIONOTHER,2020-03-19,1584630000
6197,R_3lMPFMytHOig2HO,ELECTRONIC_CABLE,2020-03-19,1584630000
6198,R_3n0OjYgGHf96Wuh,SNACK_FOOD_BAR,2020-03-19,1584630000
6199,R_3n0OjYgGHf96Wuh,SKIN_CLEANING_AGENT,2020-03-19,1584630000
6200,R_3n0OjYgGHf96Wuh,ELECTRONIC_CABLE,2020-03-19,1584630000
6201,R_3n0OjYgGHf96Wuh,ELECTRONIC_CABLE,2020-03-19,1584630000
6202,R_3n0OjYgGHf96Wuh,ABIS_BOOK,2020-03-19,1584630000
6203,R_3n2VXT4Z99FpnEG,BRA,2020-03-19,1584630000
6204,R_3n2VXT4Z99FpnEG,ENVELOPE,2020-03-19,1584630000
6205,R_3n2VXT4Z99FpnEG,GROCERY,2020-03-19,1584630000
6206,R_3n2VXT4Z99FpnEG,BRA,2020-03-19,1584630000
6207,R_3nH1Odp9Yjm86gN,ABIS_BOOK,2020-03-19,1584630000
6208,R_3nH1Odp9Yjm86gN,BOARD_GAME,2020-03-19,1584630000
6209,R_3nqGVGe1oo00hRC,VITAMIN,2020-03-19,1584630000
6210,R_3nqGVGe1oo00hRC,PHYSICAL_MOVIE,2020-03-19,1584630000
6211,R_3nqGVGe1oo00hRC,VITAMIN,2020-03-19,1584630000
6212,R_3peWF42INuePUWA,TEMPORARY_GATE,2020-03-19,1584630000
6213,R_3qpxa4Aw8i6qG91,TOYS_AND_GAMES,2020-03-19,1584630000
6214,R_3qpxa4Aw8i6qG91,SHIRT,2020-03-19,1584630000
6215,R_3qpxa4Aw8i6qG91,SKIN_CLEANING_AGENT,2020-03-19,1584630000
6216,R_3qpxa4Aw8i6qG91,PORTABLE_ELECTRONIC_DEVICE_ARMBAND,2020-03-19,1584630000
6217,R_3qpxa4Aw8i6qG91,SHIRT,2020-03-19,1584630000
6218,R_3rZHdmB75jSgwhr,SHIRT,2020-03-19,1584630000
6219,R_3s60LmlFm5fAEP5,NETWORKING_ROUTER,2020-03-19,1584630000
6220,R_3s60LmlFm5fAEP5,FLASH_MEMORY,2020-03-19,1584630000
6221,R_3s60LmlFm5fAEP5,PANTS,2020-03-19,1584630000
6222,R_3s60LmlFm5fAEP5,ART_EASEL,2020-03-19,1584630000
6223,R_3s60LmlFm5fAEP5,ELECTRONIC_CABLE,2020-03-19,1584630000
6224,R_3s60LmlFm5fAEP5,HEADPHONES,2020-03-19,1584630000
6225,R_3s60LmlFm5fAEP5,FLASH_MEMORY,2020-03-19,1584630000
6226,R_3socPWD3wXD0iDP,TOYS_AND_GAMES,2020-03-19,1584630000
6227,R_4ONrU60VenuwARr,AIR_FRYER,2020-03-19,1584630000
6228,R_4ONrU60VenuwARr,HEALTH_PERSONAL_CARE,2020-03-19,1584630000
6229,R_4PhRzF4UI9ooLh7,BATTERY,2020-03-19,1584630000
6230,R_55BKHeW1aOzYOUp,GROCERY,2020-03-19,1584630000
6231,R_6SbhJD23U5a2YJX,SKIN_MOISTURIZER,2020-03-19,1584630000
6232,R_6SbhJD23U5a2YJX,PHYSICAL_MOVIE,2020-03-19,1584630000
6233,R_6SbhJD23U5a2YJX,SHOES,2020-03-19,1584630000
6234,R_6SbhJD23U5a2YJX,SHIRT,2020-03-19,1584630000
6235,R_6SbhJD23U5a2YJX,BATTERY,2020-03-19,1584630000
6236,R_6SbhJD23U5a2YJX,MEDICATION,2020-03-19,1584630000
6237,R_8CXcySQawXPuJwJ,O_RINGS,2020-03-19,1584630000
6238,R_8CXcySQawXPuJwJ,ABIS_BOOK,2020-03-19,1584630000
6239,R_8CXcySQawXPuJwJ,CELLULAR_PHONE_CASE,2020-03-19,1584630000
6240,R_8CXcySQawXPuJwJ,GROCERY,2020-03-19,1584630000
6241,R_8CXcySQawXPuJwJ,CELLULAR_PHONE_CASE,2020-03-19,1584630000
6242,R_8CXcySQawXPuJwJ,PET_FOOD,2020-03-19,1584630000
6243,R_8CXcySQawXPuJwJ,GROCERY,2020-03-19,1584630000
6244,R_8CXcySQawXPuJwJ,FISHING_REEL,2020-03-19,1584630000
6245,R_8pMsG4P0RqzoSlz,ELECTRONIC_CABLE,2020-03-19,1584630000
6246,R_9ppTjfBQZZs42WJ,BATTERY,2020-03-19,1584630000
6247,R_A5Mg9h1PiJL0Wyd,CELLULAR_PHONE_CASE,2020-03-19,1584630000
6248,R_A5Mg9h1PiJL0Wyd,KITCHEN,2020-03-19,1584630000
6249,R_A5Mg9h1PiJL0Wyd,PHYSICAL_MOVIE,2020-03-19,1584630000
6250,R_AKBlDprDMrv4M7v,HEALTH_PERSONAL_CARE,2020-03-19,1584630000
6251,R_AKBlDprDMrv4M7v,FURNITURE_LEG,2020-03-19,1584630000
6252,R_AM0OvM0F9kBvqal,CELLULAR_PHONE_CASE,2020-03-19,1584630000
6253,R_AM0OvM0F9kBvqal,PASTRY,2020-03-19,1584630000
6254,R_Amq2LudEdwYblXX,PORTABLE_FREESTANDING_SHELTER,2020-03-19,1584630000
6255,R_Amq2LudEdwYblXX,HEALTH_PERSONAL_CARE,2020-03-19,1584630000
6256,R_BWhnv4EdbhSS6rf,CAMCORDER,2020-03-19,1584630000
6257,R_BWhnv4EdbhSS6rf,SHIRT,2020-03-19,1584630000
6258,R_BWhnv4EdbhSS6rf,GROCERY,2020-03-19,1584630000
6259,R_BWhnv4EdbhSS6rf,PET_FOOD,2020-03-19,1584630000
6260,R_BWhnv4EdbhSS6rf,FLAVORED_DRINK_CONCENTRATE,2020-03-19,1584630000
6261,R_BWhnv4EdbhSS6rf,AUTO_KEY_SHELL,2020-03-19,1584630000
6262,R_BWhnv4EdbhSS6rf,ELECTRONIC_CABLE,2020-03-19,1584630000
6263,R_C3LfLBkg9TFvQnD,SKIN_CLEANING_AGENT,2020-03-19,1584630000
6264,R_Odixb15Ykmxb0Dn,CLINICAL_DIAGNOSTIC_TESTING_KIT,2020-03-19,1584630000
6265,R_RfThNEyjDIX9xwl,SINGLE_BOARD_COMPUTER,2020-03-19,1584630000
6266,R_RfThNEyjDIX9xwl,SHIRT,2020-03-19,1584630000
6267,R_RfThNEyjDIX9xwl,TOYS_AND_GAMES,2020-03-19,1584630000
6268,R_Rw7CA3irllJSRH3,TRAMPOLINE,2020-03-19,1584630000
6269,R_Rw7CA3irllJSRH3,NUTRITIONAL_SUPPLEMENT,2020-03-19,1584630000
6270,R_Rw7CA3irllJSRH3,SHOES,2020-03-19,1584630000
6271,R_Rw7CA3irllJSRH3,PHYSICAL_MOVIE,2020-03-19,1584630000
6272,R_UEke64xAaOG3mTf,STORAGE_HOOK,2020-03-19,1584630000
6273,R_VPWGdK1zBBekfAJ,HEALTH_PERSONAL_CARE,2020-03-19,1584630000
6274,R_VPWGdK1zBBekfAJ,SCREEN_PROTECTOR,2020-03-19,1584630000
6275,R_XSu10jIDimUl5m1,VITAMIN,2020-03-19,1584630000
6276,R_XSu10jIDimUl5m1,NUTRITIONAL_SUPPLEMENT,2020-03-19,1584630000
6277,R_bJI8lmXMZWL6oql,TOYS_AND_GAMES,2020-03-19,1584630000
6278,R_bJI8lmXMZWL6oql,CAMERA_LENS_FILTERS,2020-03-19,1584630000
6279,R_bJI8lmXMZWL6oql,ANIMAL_NUTRITIONAL_SUPPLEMENT,2020-03-19,1584630000
6280,R_d5O7dqvA1EWCrPb,PET_FOOD,2020-03-19,1584630000
6281,R_d5O7dqvA1EWCrPb,DIGITAL_DEVICE_4_ACCESSORY,2020-03-19,1584630000
6282,R_e8KTElZZLWryLWp,SCREEN_PROTECTOR,2020-03-19,1584630000
6283,R_e8KTElZZLWryLWp,GROCERY,2020-03-19,1584630000
6284,R_eg0ycbZcHEfhBAd,SKIN_CLEANING_AGENT,2020-03-19,1584630000
6285,R_eg0ycbZcHEfhBAd,NUTRITIONAL_SUPPLEMENT,2020-03-19,1584630000
6286,R_pMnqpu31myYoxy1,TOYS_AND_GAMES,2020-03-19,1584630000
6287,R_pMnqpu31myYoxy1,SCREEN_PROTECTOR,2020-03-19,1584630000
6288,R_pMnqpu31myYoxy1,TENT,2020-03-19,1584630000
6289,R_pRWnSKTREPIwpSF,MEDICATION,2020-03-19,1584630000
6290,R_pRWnSKTREPIwpSF,TONNEAU_COVER,2020-03-19,1584630000
6291,R_pRWnSKTREPIwpSF,FISHING_ROD,2020-03-19,1584630000
6292,R_pRWnSKTREPIwpSF,ELECTRONIC_CABLE,2020-03-19,1584630000
6293,R_s4I8huB9BOcWI5H,TRASH_CAN,2020-03-19,1584630000
6294,R_swfIN0JgX72IbMl,VITAMIN,2020-03-19,1584630000
6295,R_swfIN0JgX72IbMl,HYDRATION_PACK,2020-03-19,1584630000
6296,R_swfIN0JgX72IbMl,HEALTH_PERSONAL_CARE,2020-03-19,1584630000
6297,R_tXHOaasrDjYwLO9,ABIS_BOOK,2020-03-19,1584630000
6298,R_tXHOaasrDjYwLO9,NUTRITIONAL_SUPPLEMENT,2020-03-19,1584630000
6299,R_tXHOaasrDjYwLO9,CELLULAR_PHONE_CASE,2020-03-19,1584630000
6300,R_u99XwBV1boyooXT,PORTABLE_ELECTRONIC_DEVICE_COVER,2020-03-19,1584630000
6301,R_yILeYEcIeCBmy2t,TOILET_PAPER_HOLDER,2020-03-19,1584630000
6302,R_0InTWTWokrqzy3n,PANTS,2020-03-20,1584716400
6303,R_0f8u2tSB99LkgCt,HEADPHONES,2020-03-20,1584716400
6304,R_0f8u2tSB99LkgCt,PET_FOOD,2020-03-20,1584716400
6305,R_0f8u2tSB99LkgCt,BABY_JUMPER_WALKER,2020-03-20,1584716400
6306,R_1Cd5zmz07X5BqKa,UNDERPANTS,2020-03-20,1584716400
6307,R_1Fyt6rHyiQcVOT8,PHYSICAL_MOVIE,2020-03-20,1584716400
6308,R_1Hena1rUph3TnA3,DIE_CUT_MACHINE,2020-03-20,1584716400
6309,R_1Hena1rUph3TnA3,TEMPORARY_TATTOO,2020-03-20,1584716400
6310,R_1IaYiTSaUaD2W2i,HEADPHONES,2020-03-20,1584716400
6311,R_1IaYiTSaUaD2W2i,CELLULAR_PHONE_CASE,2020-03-20,1584716400
6312,R_1IaYiTSaUaD2W2i,SNACK_FOOD_BAR,2020-03-20,1584716400
6313,R_1IaYiTSaUaD2W2i,PANTS,2020-03-20,1584716400
6314,R_1KkFs7rgWXlWf58,MEDICATION,2020-03-20,1584716400
6315,R_1Kru2C0Zf28ZbQ0,TOYS_AND_GAMES,2020-03-20,1584716400
6316,R_1KxVDxZl2H0XoHS,PET_FOOD,2020-03-20,1584716400
6317,R_1NDq0rxoUSu6oyz,TOYS_AND_GAMES,2020-03-20,1584716400
6318,R_1NDq0rxoUSu6oyz,ART_MEDIA_PAPER,2020-03-20,1584716400
6319,R_1NDq0rxoUSu6oyz,TOYS_AND_GAMES,2020-03-20,1584716400
6320,R_1QoPHtffEy2UzWJ,VEHICLE_WIND_DEFLECTOR,2020-03-20,1584716400
6321,R_1QoPHtffEy2UzWJ,SANITARY_NAPKIN,2020-03-20,1584716400
6322,R_1dAhJdFXHV5xmMG,BATTERY,2020-03-20,1584716400
6323,R_1dKBjc0UTA0ZiYb,SKIN_MOISTURIZER,2020-03-20,1584716400
6324,R_1dKBjc0UTA0ZiYb,LAMINATOR,2020-03-20,1584716400
6325,R_1dKBjc0UTA0ZiYb,SKIN_MOISTURIZER,2020-03-20,1584716400
6326,R_1dKBjc0UTA0ZiYb,PET_FOOD,2020-03-20,1584716400
6327,R_1dKBjc0UTA0ZiYb,PET_FOOD,2020-03-20,1584716400
6328,R_1dKBjc0UTA0ZiYb,CELLULAR_PHONE_CASE,2020-03-20,1584716400
6329,R_1eEsLZ6SYLsIG0s,INK_OR_TONER,2020-03-20,1584716400
6330,R_1f1PzEZw8H2N4zm,BARBELL,2020-03-20,1584716400
6331,R_1hFMTehZQIAcBvZ,SHOES,2020-03-20,1584716400
6332,R_1jUqdfR1Zz6mZMf,SKIN_CLEANING_AGENT,2020-03-20,1584716400
6333,R_1jUqdfR1Zz6mZMf,PERSONAL_CARE_APPLIANCE,2020-03-20,1584716400
6334,R_1jd0U0OjvEcZEcw,BATTERY,2020-03-20,1584716400
6335,R_1jd0U0OjvEcZEcw,ELECTRONIC_CABLE,2020-03-20,1584716400
6336,R_1jd0U0OjvEcZEcw,FURNITURE_LINER,2020-03-20,1584716400
6337,R_1jd0U0OjvEcZEcw,PANTS,2020-03-20,1584716400
6338,R_1l4zCtGUTvAWdS6,BATTERY,2020-03-20,1584716400
6339,R_1zVJnDAfoFLamOd,BINOCULAR,2020-03-20,1584716400
6340,R_1zVJnDAfoFLamOd,HIP_FLASK,2020-03-20,1584716400
6341,R_20O6baqxT4T2CbA,PANTS,2020-03-20,1584716400
6342,R_210tLKdUbUZuf7O,CELLULAR_PHONE_CASE,2020-03-20,1584716400
6343,R_22DJIjS0M8yvaYO,SOCKS,2020-03-20,1584716400
6344,R_22QYpfx86KSwry8,SKIN_MOISTURIZER,2020-03-20,1584716400
6345,R_22QYpfx86KSwry8,SCREEN_PROTECTOR,2020-03-20,1584716400
6346,R_22QYpfx86KSwry8,RIDE_ON_TOY,2020-03-20,1584716400
6347,R_22nS4Bu8Q3B84gf,SKIN_MOISTURIZER,2020-03-20,1584716400
6348,R_240KbZJVsY6fEEJ,ABIS_BOOK,2020-03-20,1584716400
6349,R_240KbZJVsY6fEEJ,TOYS_AND_GAMES,2020-03-20,1584716400
6350,R_240KbZJVsY6fEEJ,ABRASIVE_WHEELS,2020-03-20,1584716400
6351,R_24csoaO569P4Yzz,SNACK_FOOD_BAR,2020-03-20,1584716400
6352,R_24csoaO569P4Yzz,HEADPHONES,2020-03-20,1584716400
6353,R_24csoaO569P4Yzz,WINDING_REEL,2020-03-20,1584716400
6354,R_24csoaO569P4Yzz,ELECTRONIC_SENSOR,2020-03-20,1584716400
6355,R_25Wwg273Uw26jA1,PHYSICAL_MOVIE,2020-03-20,1584716400
6356,R_25Wwg273Uw26jA1,HEALTH_PERSONAL_CARE,2020-03-20,1584716400
6357,R_25Wwg273Uw26jA1,PASTA_MAKER,2020-03-20,1584716400
6358,R_273TMGuLM3jXisi,SKIN_CLEANING_AGENT,2020-03-20,1584716400
6359,R_2CKdeuvfVrO8I49,HANDRAIL,2020-03-20,1584716400
6360,R_2DSmjafbkSAict9,BATTERY,2020-03-20,1584716400
6361,R_2DSmjafbkSAict9,BOTTLE_OPENER,2020-03-20,1584716400
6362,R_2DV0bsqugjyav1y,GUILD_HOME,2020-03-20,1584716400
6363,R_2DV0bsqugjyav1y,ABIS_BOOK,2020-03-20,1584716400
6364,R_2DV0bsqugjyav1y,SCREEN_PROTECTOR,2020-03-20,1584716400
6365,R_2DV0bsqugjyav1y,GUILD_HOME,2020-03-20,1584716400
6366,R_2OOq3ysdOS3TtBd,TOYS_AND_GAMES,2020-03-20,1584716400
6367,R_2Qu0fgUOnDpaKDH,UMBRELLA,2020-03-20,1584716400
6368,R_2Qu0fgUOnDpaKDH,GROCERY,2020-03-20,1584716400
6369,R_2Qu0fgUOnDpaKDH,SKIN_MOISTURIZER,2020-03-20,1584716400
6370,R_2Qu0fgUOnDpaKDH,SKIN_MOISTURIZER,2020-03-20,1584716400
6371,R_2Qu0fgUOnDpaKDH,SKIN_MOISTURIZER,2020-03-20,1584716400
6372,R_2Qu0fgUOnDpaKDH,MEAL_HOLDER,2020-03-20,1584716400
6373,R_2Qu0fgUOnDpaKDH,BED_LINEN_SET,2020-03-20,1584716400
6374,R_2Qu0fgUOnDpaKDH,SKIN_CLEANING_AGENT,2020-03-20,1584716400
6375,R_2R20tGsAciB0E9U,SKIN_CLEANING_AGENT,2020-03-20,1584716400
6376,R_2R20tGsAciB0E9U,LIGHT_BULB_SOCKET,2020-03-20,1584716400
6377,R_2R20tGsAciB0E9U,VACUUM_CLEANER_BAG,2020-03-20,1584716400
6378,R_2SIYchF5txvb4ur,SNACK_CHIP_AND_CRISP,2020-03-20,1584716400
6379,R_2TL7w44l8M5vEok,CELLULAR_PHONE_CASE,2020-03-20,1584716400
6380,R_2TXBHPMwNAwKR7Q,SCREEN_PROTECTOR,2020-03-20,1584716400
6381,R_2ToRb0eNQrFNM3u,SNACK_CHIP_AND_CRISP,2020-03-20,1584716400
6382,R_2ToRb0eNQrFNM3u,CELLULAR_PHONE_CASE,2020-03-20,1584716400
6383,R_2VaWg2jhtCG6zmh,NUTRITIONAL_SUPPLEMENT,2020-03-20,1584716400
6384,R_2VaWg2jhtCG6zmh,PANTS,2020-03-20,1584716400
6385,R_2VaWg2jhtCG6zmh,O_RINGS,2020-03-20,1584716400
6386,R_2VaWg2jhtCG6zmh,TEMPORARY_TATTOO,2020-03-20,1584716400
6387,R_2VaWg2jhtCG6zmh,SKIN_CLEANING_AGENT,2020-03-20,1584716400
6388,R_2WVIxBGaj1uOr8S,GROCERY,2020-03-20,1584716400
6389,R_2WVIxBGaj1uOr8S,PROTEIN_SUPPLEMENT_POWDER,2020-03-20,1584716400
6390,R_2WVIxBGaj1uOr8S,RING,2020-03-20,1584716400
6391,R_2WumP0iKDvwiM2r,SCREEN_PROTECTOR,2020-03-20,1584716400
6392,R_2Xj7LtCe2Mt8jNi,SOUND_CARD,2020-03-20,1584716400
6393,R_2XoI6KbLJRGFz5X,ABIS_BOOK,2020-03-20,1584716400
6394,R_2XoI6KbLJRGFz5X,LASER_PRINTER_TONER,2020-03-20,1584716400
6395,R_2XoI6KbLJRGFz5X,BATTERY,2020-03-20,1584716400
6396,R_2XoI6KbLJRGFz5X,GAME_DICE,2020-03-20,1584716400
6397,R_2XoI6KbLJRGFz5X,HEALTH_PERSONAL_CARE,2020-03-20,1584716400
6398,R_2XoI6KbLJRGFz5X,HEADPHONES,2020-03-20,1584716400
6399,R_2ZEQSnRGlS7ZscC,SCREEN_PROTECTOR,2020-03-20,1584716400
6400,R_2ZTFfLAcuwm22Yh,SKIN_CLEANING_AGENT,2020-03-20,1584716400
6401,R_2ZTFfLAcuwm22Yh,SKIN_MOISTURIZER,2020-03-20,1584716400
6402,R_2ZTFfLAcuwm22Yh,ELECTRONIC_CABLE,2020-03-20,1584716400
6403,R_2aldwxmUZox7Yfd,SCREEN_PROTECTOR,2020-03-20,1584716400
6404,R_2aldwxmUZox7Yfd,SHOES,2020-03-20,1584716400
6405,R_2aldwxmUZox7Yfd,GARDEN_TOOL_SET,2020-03-20,1584716400
6406,R_2b1XOZR0PYTA1jX,SCREEN_PROTECTOR,2020-03-20,1584716400
6407,R_2bTLZFP7p4CPlTT,HEADPHONES,2020-03-20,1584716400
6408,R_2bTLZFP7p4CPlTT,ABIS_BOOK,2020-03-20,1584716400
6409,R_2bTLZFP7p4CPlTT,PANTS,2020-03-20,1584716400
6410,R_2cBADxleVyzT89z,ELECTRONIC_ADAPTER,2020-03-20,1584716400
6411,R_2cBADxleVyzT89z,SCREEN_PROTECTOR,2020-03-20,1584716400
6412,R_2cBADxleVyzT89z,COAT,2020-03-20,1584716400
6413,R_2dz3LTOMlLK2R8T,PANTS,2020-03-20,1584716400
6414,R_2dz3LTOMlLK2R8T,BATTERY,2020-03-20,1584716400
6415,R_2dz3LTOMlLK2R8T,SHIRT,2020-03-20,1584716400
6416,R_2e3bppvzM7Ynmch,SCANNER,2020-03-20,1584716400
6417,R_2q2hekIiutgInrE,ABIS_TOY,2020-03-20,1584716400
6418,R_2qD8ep8d313iLj4,VITAMIN,2020-03-20,1584716400
6419,R_2rIQ3xPfAH7KF8A,TOYS_AND_GAMES,2020-03-20,1584716400
6420,R_2rVp4uDv9fYIfdd,ABIS_BOOK,2020-03-20,1584716400
6421,R_2sbf0hqTGFb880u,SNOW_PANT,2020-03-20,1584716400
6422,R_2tEuzX0j3530EZC,NUTRITIONAL_SUPPLEMENT,2020-03-20,1584716400
6423,R_2wFa9HKdZRkx33l,HEALTH_PERSONAL_CARE,2020-03-20,1584716400
6424,R_2wHwNZWEecJflLc,SNACK_FOOD_BAR,2020-03-20,1584716400
6425,R_2wmLE1q4FIpfioi,SHOES,2020-03-20,1584716400
6426,R_2wmLE1q4FIpfioi,HEADPHONES,2020-03-20,1584716400
6427,R_2wmLE1q4FIpfioi,TOYS_AND_GAMES,2020-03-20,1584716400
6428,R_2wmLE1q4FIpfioi,TUNIC,2020-03-20,1584716400
6429,R_2wzatCV9Z18xLF2,FUSE,2020-03-20,1584716400
6430,R_2yjckpDXWcsiLPz,ABIS_ELECTRONICS,2020-03-20,1584716400
6431,R_2yjckpDXWcsiLPz,PANTS,2020-03-20,1584716400
6432,R_2z7rLZb69WuqDdf,SKIN_MOISTURIZER,2020-03-20,1584716400
6433,R_2z7rLZb69WuqDdf,HEADPHONE_EARPAD,2020-03-20,1584716400
6434,R_2zCmQhJtrw3xBtV,RUG,2020-03-20,1584716400
6435,R_2zCmQhJtrw3xBtV,SKIN_CLEANING_AGENT,2020-03-20,1584716400
6436,R_3093m6Spz9VzxAK,TOYS_AND_GAMES,2020-03-20,1584716400
6437,R_31n2MLk9w05iLzN,HEALTH_PERSONAL_CARE,2020-03-20,1584716400
6438,R_325wNEypLBLRTf7,STROLLER_PROTECTION_SHIELD,2020-03-20,1584716400
6439,R_32Mm71oAJq2K9XK,PET_FOOD,2020-03-20,1584716400
6440,R_32Mm71oAJq2K9XK,PANTS,2020-03-20,1584716400
6441,R_32Mm71oAJq2K9XK,BATTERY,2020-03-20,1584716400
6442,R_32Mm71oAJq2K9XK,CELLULAR_PHONE_CASE,2020-03-20,1584716400
6443,R_32Mm71oAJq2K9XK,SHOES,2020-03-20,1584716400
6444,R_32Mm71oAJq2K9XK,VINEGAR,2020-03-20,1584716400
6445,R_32Mm71oAJq2K9XK,SKIN_MOISTURIZER,2020-03-20,1584716400
6446,R_32UZncFA03IrQwQ,BATTERY,2020-03-20,1584716400
6447,R_32UZncFA03IrQwQ,SCREEN_PROTECTOR,2020-03-20,1584716400
6448,R_32UZncFA03IrQwQ,SKIN_CLEANING_AGENT,2020-03-20,1584716400
6449,R_33jcUkAZ8knoq82,SNACK_FOOD_BAR,2020-03-20,1584716400
6450,R_33jcUkAZ8knoq82,SHOELACE,2020-03-20,1584716400
6451,R_33jcUkAZ8knoq82,DRIP_IRRIGATION_KIT,2020-03-20,1584716400
6452,R_33jcUkAZ8knoq82,CELLULAR_PHONE_CASE,2020-03-20,1584716400
6453,R_33jcUkAZ8knoq82,DISPLAY_ALBUM,2020-03-20,1584716400
6454,R_33jcUkAZ8knoq82,DISPLAY_ALBUM,2020-03-20,1584716400
6455,R_33jcUkAZ8knoq82,ABIS_BOOK,2020-03-20,1584716400
6456,R_33jcUkAZ8knoq82,JEWELRY_STORAGE,2020-03-20,1584716400
6457,R_33jcUkAZ8knoq82,SKIN_MOISTURIZER,2020-03-20,1584716400
6458,R_39HhVszlqdawZPP,KITCHEN,2020-03-20,1584716400
6459,R_39HhVszlqdawZPP,POTPOURRI_SACHET,2020-03-20,1584716400
6460,R_3FPeOTnJa3dJ112,TEMPORARY_HANGER_HOOK,2020-03-20,1584716400
6461,R_3FPeOTnJa3dJ112,HAIR_EXTENSION,2020-03-20,1584716400
6462,R_3FPeOTnJa3dJ112,TOYS_AND_GAMES,2020-03-20,1584716400
6463,R_3FPeOTnJa3dJ112,NUTRITIONAL_SUPPLEMENT,2020-03-20,1584716400
6464,R_3GD1CL4OyjglmbZ,CELLULAR_PHONE_CASE,2020-03-20,1584716400
6465,R_3Mc9nZhk6fg7b8z,NUTRITIONAL_SUPPLEMENT,2020-03-20,1584716400
6466,R_3Mc9nZhk6fg7b8z,WRENCH,2020-03-20,1584716400
6467,R_3MhBAq6V6XHU9ln,BATTERY,2020-03-20,1584716400
6468,R_3MsBFFMO0AQslDO,SHOES,2020-03-20,1584716400
6469,R_3NCfhSJSgGWexUL,HEADPHONES,2020-03-20,1584716400
6470,R_3NCfhSJSgGWexUL,SNACK_FOOD_BAR,2020-03-20,1584716400
6471,R_3NCfhSJSgGWexUL,ELECTRONIC_CABLE,2020-03-20,1584716400
6472,R_3NCfhSJSgGWexUL,POOL_COVER,2020-03-20,1584716400
6473,R_3PAyJj7mQvMzMco,VITAMIN,2020-03-20,1584716400
6474,R_3RmDOazalOu0F1L,PANTS,2020-03-20,1584716400
6475,R_3emmbwwsXsxt4Oj,ABIS_ELECTRONICS,2020-03-20,1584716400
6476,R_3emmbwwsXsxt4Oj,SCREEN_PROTECTOR,2020-03-20,1584716400
6477,R_3ennfkrsSdTlmrJ,PANTS,2020-03-20,1584716400
6478,R_3enuyEOsaEVxTNX,REINFORCED_ART_SURFACE,2020-03-20,1584716400
6479,R_3h4JnsfebywTUxX,SLEEPING_BAG,2020-03-20,1584716400
6480,R_3h4JnsfebywTUxX,VITAMIN,2020-03-20,1584716400
6481,R_3lLhrGoskvkadDT,SCREEN_PROTECTOR,2020-03-20,1584716400
6482,R_3lXswIAy7Qq6UEZ,PANTS,2020-03-20,1584716400
6483,R_3mm166mlwrLpf6y,HEADPHONES,2020-03-20,1584716400
6484,R_3mm166mlwrLpf6y,DAIRY_BASED_BUTTER,2020-03-20,1584716400
6485,R_3ncO2Ifjpbb1Y4G,COMPUTER_COMPONENT,2020-03-20,1584716400
6486,R_3oO3DoeTgXHrEzx,TOYS_AND_GAMES,2020-03-20,1584716400
6487,R_3pmeuOmzM4r5gMS,SCREEN_PROTECTOR,2020-03-20,1584716400
6488,R_3qqdzQnCaBYHx9o,SKIN_MOISTURIZER,2020-03-20,1584716400
6489,R_3socPWD3wXD0iDP,TOY_FIGURE,2020-03-20,1584716400
6490,R_3socPWD3wXD0iDP,VITAMIN,2020-03-20,1584716400
6491,R_3socPWD3wXD0iDP,HEADPHONES,2020-03-20,1584716400
6492,R_3socPWD3wXD0iDP,POOL_COVER,2020-03-20,1584716400
6493,R_3socPWD3wXD0iDP,ABIS_BOOK,2020-03-20,1584716400
6494,R_3socPWD3wXD0iDP,SKIN_CLEANING_AGENT,2020-03-20,1584716400
6495,R_4PhRzF4UI9ooLh7,GROCERY,2020-03-20,1584716400
6496,R_4PhRzF4UI9ooLh7,PAINT,2020-03-20,1584716400
6497,R_4PhRzF4UI9ooLh7,POWER_CONVERTER,2020-03-20,1584716400
6498,R_4PhRzF4UI9ooLh7,ABIS_VIDEO_GAMES,2020-03-20,1584716400
6499,R_55BKHeW1aOzYOUp,VITAMIN,2020-03-20,1584716400
6500,R_55BKHeW1aOzYOUp,CELLULAR_PHONE_CASE,2020-03-20,1584716400
6501,R_55BKHeW1aOzYOUp,POWER_CONVERTER,2020-03-20,1584716400
6502,R_55BKHeW1aOzYOUp,SKIN_MOISTURIZER,2020-03-20,1584716400
6503,R_5uabKnJBMc7HyEN,BATTERY,2020-03-20,1584716400
6504,R_5uabKnJBMc7HyEN,BATTERY,2020-03-20,1584716400
6505,R_5uabKnJBMc7HyEN,CHANGING_PAD,2020-03-20,1584716400
6506,R_5uabKnJBMc7HyEN,SPORT_WETSUIT,2020-03-20,1584716400
6507,R_5uabKnJBMc7HyEN,BATTERY,2020-03-20,1584716400
6508,R_5uabKnJBMc7HyEN,SNACK_FOOD_BAR,2020-03-20,1584716400
6509,R_5uabKnJBMc7HyEN,LEG_SLEEVE,2020-03-20,1584716400
6510,R_5uabKnJBMc7HyEN,SHOES,2020-03-20,1584716400
6511,R_5uabKnJBMc7HyEN,MEDICATION,2020-03-20,1584716400
6512,R_5uabKnJBMc7HyEN,SNACK_FOOD_BAR,2020-03-20,1584716400
6513,R_8CXcySQawXPuJwJ,ABIS_BOOK,2020-03-20,1584716400
6514,R_8CXcySQawXPuJwJ,SKIN_CLEANING_WIPE,2020-03-20,1584716400
6515,R_8pMsG4P0RqzoSlz,OUTDOOR_LIVING,2020-03-20,1584716400
6516,R_8pMsG4P0RqzoSlz,ANIMAL_CARRIER,2020-03-20,1584716400
6517,R_8piDwWBq7V7tyZb,NUTRITIONAL_SUPPLEMENT,2020-03-20,1584716400
6518,R_8piDwWBq7V7tyZb,PET_FOOD,2020-03-20,1584716400
6519,R_AM0OvM0F9kBvqal,HEALTH_PERSONAL_CARE,2020-03-20,1584716400
6520,R_BWAjcs1sKUc6NQl,ELECTRONIC_CABLE,2020-03-20,1584716400
6521,R_BWhnv4EdbhSS6rf,KITCHEN_KNIFE,2020-03-20,1584716400
6522,R_BWhnv4EdbhSS6rf,MEDICATION,2020-03-20,1584716400
6523,R_O6ZX76mggPnAOfD,BED_RAIL,2020-03-20,1584716400
6524,R_PXSF6lxCnUB8Pg5,BATTERY,2020-03-20,1584716400
6525,R_Rw7CA3irllJSRH3,MEDICATION,2020-03-20,1584716400
6526,R_WerZwuLkMK4zfVf,PANTS,2020-03-20,1584716400
6527,R_WerZwuLkMK4zfVf,SNACK_FOOD_BAR,2020-03-20,1584716400
6528,R_XsIUODlniv0lMu5,WRITING_INSTRUMENT,2020-03-20,1584716400
6529,R_XsIUODlniv0lMu5,BATTERY,2020-03-20,1584716400
6530,R_XsIUODlniv0lMu5,VIRTUAL_REALITY_HEADSET,2020-03-20,1584716400
6531,R_Y4jCkfTFzvtw5SF,PET_FEEDER,2020-03-20,1584716400
6532,R_Y4jCkfTFzvtw5SF,NUTRITIONAL_SUPPLEMENT,2020-03-20,1584716400
6533,R_Zz495Ir7AjUbSCJ,OFFICE_PRODUCTS,2020-03-20,1584716400
6534,R_bBgIkZfU6RwGLWF,PORTABLE_ELECTRONIC_DEVICE_COVER,2020-03-20,1584716400
6535,R_bBgIkZfU6RwGLWF,SKIN_CLEANING_AGENT,2020-03-20,1584716400
6536,R_bJbNhR1I5NnLKb7,MEDICATION,2020-03-20,1584716400
6537,R_bJbNhR1I5NnLKb7,NUTRITIONAL_SUPPLEMENT,2020-03-20,1584716400
6538,R_bJbNhR1I5NnLKb7,MEDICATION,2020-03-20,1584716400
6539,R_bJbNhR1I5NnLKb7,SUITCASE,2020-03-20,1584716400
6540,R_bJbNhR1I5NnLKb7,ELECTRONIC_SWITCH,2020-03-20,1584716400
6541,R_bJbNhR1I5NnLKb7,CELLULAR_PHONE_CASE,2020-03-20,1584716400
6542,R_bJbNhR1I5NnLKb7,LAMP,2020-03-20,1584716400
6543,R_bJbNhR1I5NnLKb7,VITAMIN,2020-03-20,1584716400
6544,R_bJbNhR1I5NnLKb7,SCREEN_PROTECTOR,2020-03-20,1584716400
6545,R_bJbNhR1I5NnLKb7,CELLULAR_PHONE_CASE,2020-03-20,1584716400
6546,R_bJbNhR1I5NnLKb7,SNACK_FOOD_BAR,2020-03-20,1584716400
6547,R_bJbNhR1I5NnLKb7,HEADPHONES,2020-03-20,1584716400
6548,R_bJbNhR1I5NnLKb7,ABIS_BOOK,2020-03-20,1584716400
6549,R_bJbNhR1I5NnLKb7,GROCERY,2020-03-20,1584716400
6550,R_blmQEhOrCwpqG4x,CELL_PHONE_HOLSTER,2020-03-20,1584716400
6551,R_blmQEhOrCwpqG4x,ANIMAL_NUTRITIONAL_SUPPLEMENT,2020-03-20,1584716400
6552,R_blmQEhOrCwpqG4x,TOYS_AND_GAMES,2020-03-20,1584716400
6553,R_br5a8OxAqrKRxQd,WINDOW_FILM,2020-03-20,1584716400
6554,R_br5a8OxAqrKRxQd,SKIN_CLEANING_AGENT,2020-03-20,1584716400
6555,R_cAcAtozIWnZIbGp,STEP_STOOL,2020-03-20,1584716400
6556,R_cAcAtozIWnZIbGp,SCREEN_PROTECTOR,2020-03-20,1584716400
6557,R_cAcAtozIWnZIbGp,SUGAR_SUBSTITUTE,2020-03-20,1584716400
6558,R_cAcAtozIWnZIbGp,PET_FOOD,2020-03-20,1584716400
6559,R_cAcAtozIWnZIbGp,YARN,2020-03-20,1584716400
6560,R_cAcAtozIWnZIbGp,SNACK_FOOD_BAR,2020-03-20,1584716400
6561,R_cCucjmijTJETC6d,VITAMIN,2020-03-20,1584716400
6562,R_ctNHcxd3vRvndXH,SAUTE_FRY_PAN,2020-03-20,1584716400
6563,R_ctNHcxd3vRvndXH,SHOES,2020-03-20,1584716400
6564,R_eOMCliqYqUD4oOR,TABLECLOTH,2020-03-20,1584716400
6565,R_eOMCliqYqUD4oOR,TOYS_AND_GAMES,2020-03-20,1584716400
6566,R_eOMCliqYqUD4oOR,FOOD_GRATER,2020-03-20,1584716400
6567,R_eOMCliqYqUD4oOR,TOYS_AND_GAMES,2020-03-20,1584716400
6568,R_eOMCliqYqUD4oOR,MEDICATION,2020-03-20,1584716400
6569,R_eg0ycbZcHEfhBAd,ELECTRONIC_CABLE,2020-03-20,1584716400
6570,R_pRWnSKTREPIwpSF,SKIN_MOISTURIZER,2020-03-20,1584716400
6571,R_plnyqyltsGtao9P,VEHICLE_SCAN_TOOL,2020-03-20,1584716400
6572,R_puS9dcuNnDHSZ8Z,SKIN_MOISTURIZER,2020-03-20,1584716400
6573,R_puS9dcuNnDHSZ8Z,ELECTRONIC_CABLE,2020-03-20,1584716400
6574,R_puS9dcuNnDHSZ8Z,SUSPENDER,2020-03-20,1584716400
6575,R_pzMCRYrC0qiSwIF,BATTERY,2020-03-20,1584716400
6576,R_sGohXmtT8TjLibT,ELECTRICITY_GENERATOR,2020-03-20,1584716400
6577,R_sH8W9PyBq2swyLn,TAPE_MEASURE,2020-03-20,1584716400
6578,R_swfIN0JgX72IbMl,VEHICLE_RAIL,2020-03-20,1584716400
6579,R_tFf2GViNMUolxaV,CELLULAR_PHONE_CASE,2020-03-20,1584716400
6580,R_vcsfXNFhlnqxtYd,SHOE_POLISH,2020-03-20,1584716400
6581,R_vcsfXNFhlnqxtYd,HEALTH_PERSONAL_CARE,2020-03-20,1584716400
6582,R_w5bE96azoKnM6Ih,FLAVORED_DRINK_CONCENTRATE,2020-03-20,1584716400
6583,R_w5bE96azoKnM6Ih,PET_FOOD,2020-03-20,1584716400
6584,R_xrrF4kkA2JEG6OZ,CONSUMER_ELECTRONICS,2020-03-20,1584716400
6585,R_xrrF4kkA2JEG6OZ,SINGLE_BOARD_COMPUTER,2020-03-20,1584716400
6586,R_xrrF4kkA2JEG6OZ,SHIRT,2020-03-20,1584716400
6587,R_xrrF4kkA2JEG6OZ,ABIS_BOOK,2020-03-20,1584716400
6588,R_0f8u2tSB99LkgCt,SHIRT,2020-03-21,1584802800
6589,R_10wSqGFumZGSTmH,TOYS_AND_GAMES,2020-03-21,1584802800
6590,R_10wSqGFumZGSTmH,SHIRT,2020-03-21,1584802800
6591,R_10wSqGFumZGSTmH,SHIRT,2020-03-21,1584802800
6592,R_10wSqGFumZGSTmH,INDUSTRIAL_CASTERS,2020-03-21,1584802800
6593,R_1C4nKyrv0w2thJn,BATTERY,2020-03-21,1584802800
6594,R_1C4nKyrv0w2thJn,HEADPHONES,2020-03-21,1584802800
6595,R_1C4nKyrv0w2thJn,BATTERY,2020-03-21,1584802800
6596,R_1ClqO4ZMDuwGjfl,SHIRT,2020-03-21,1584802800
6597,R_1ClqO4ZMDuwGjfl,SKIN_MOISTURIZER,2020-03-21,1584802800
6598,R_1ClqO4ZMDuwGjfl,HEADPHONES,2020-03-21,1584802800
6599,R_1ClqO4ZMDuwGjfl,VITAMIN,2020-03-21,1584802800
6600,R_1ClqO4ZMDuwGjfl,SKIN_MOISTURIZER,2020-03-21,1584802800
6601,R_1ClqO4ZMDuwGjfl,PET_FOOD,2020-03-21,1584802800
6602,R_1ClqO4ZMDuwGjfl,GROCERY,2020-03-21,1584802800
6603,R_1Kru2C0Zf28ZbQ0,PET_FOOD,2020-03-21,1584802800
6604,R_1KxVDxZl2H0XoHS,ABIS_TOY,2020-03-21,1584802800
6605,R_1LRR1P5IQqdSvIP,HEALTH_PERSONAL_CARE,2020-03-21,1584802800
6606,R_1LRR1P5IQqdSvIP,SNACK_FOOD_BAR,2020-03-21,1584802800
6607,R_1LRR1P5IQqdSvIP,PET_FOOD,2020-03-21,1584802800
6608,R_1MY7yxvExjQWTkv,TOYS_AND_GAMES,2020-03-21,1584802800
6609,R_1MY7yxvExjQWTkv,VITAMIN,2020-03-21,1584802800
6610,R_1Oov0G05pkQnKNn,SPEAKERS,2020-03-21,1584802800
6611,R_1QoPHtffEy2UzWJ,MEDICATION,2020-03-21,1584802800
6612,R_1dFu7LeBJE3Wd6p,ELECTRONIC_CABLE,2020-03-21,1584802800
6613,R_1dlSByn2AyHWx7r,GROCERY,2020-03-21,1584802800
6614,R_1gG5xibh48txT6f,TILE,2020-03-21,1584802800
6615,R_1gG5xibh48txT6f,HEALTH_PERSONAL_CARE,2020-03-21,1584802800
6616,R_1gwL8QZGzhV0g3G,MODEM,2020-03-21,1584802800
6617,R_1l4zCtGUTvAWdS6,ELECTRONIC_CABLE,2020-03-21,1584802800
6618,R_1lfNYOmsEIqOn65,SKIN_CLEANING_AGENT,2020-03-21,1584802800
6619,R_1lfNYOmsEIqOn65,SCREEN_PROTECTOR,2020-03-21,1584802800
6620,R_1lsgykNxEU4BXTI,GROCERY,2020-03-21,1584802800
6621,R_1lsgykNxEU4BXTI,CELLULAR_PHONE_CASE,2020-03-21,1584802800
6622,R_1lxYa2W6GgcAQ19,THERMOMETER,2020-03-21,1584802800
6623,R_1nOCRAcsi1AU77q,NOODLE,2020-03-21,1584802800
6624,R_1oFSDeGAQcUN2v8,HEALTH_PERSONAL_CARE,2020-03-21,1584802800
6625,R_1oFSDeGAQcUN2v8,HEALTH_PERSONAL_CARE,2020-03-21,1584802800
6626,R_1obwpb6iowh7vew,SKIN_MOISTURIZER,2020-03-21,1584802800
6627,R_1obwpb6iowh7vew,MEDICATION,2020-03-21,1584802800
6628,R_1obwpb6iowh7vew,VITAMIN,2020-03-21,1584802800
6629,R_1obwpb6iowh7vew,MEDICATION,2020-03-21,1584802800
6630,R_1obwpb6iowh7vew,CELLULAR_PHONE_CASE,2020-03-21,1584802800
6631,R_1obwpb6iowh7vew,TOYS_AND_GAMES,2020-03-21,1584802800
6632,R_1obwpb6iowh7vew,COMPUTER_DRIVE_OR_STORAGE,2020-03-21,1584802800
6633,R_1obwpb6iowh7vew,ELECTRONIC_CABLE,2020-03-21,1584802800
6634,R_1pu4x2PBb4LrSWk,ELECTRONIC_CABLE,2020-03-21,1584802800
6635,R_1pu4x2PBb4LrSWk,SHIRT,2020-03-21,1584802800
6636,R_1q7GuBNrrAGdxx3,NUTRITIONAL_SUPPLEMENT,2020-03-21,1584802800
6637,R_1q7GuBNrrAGdxx3,GROCERY,2020-03-21,1584802800
6638,R_1q7GuBNrrAGdxx3,BACKDROP,2020-03-21,1584802800
6639,R_1q7GuBNrrAGdxx3,SHOES,2020-03-21,1584802800
6640,R_1q7GuBNrrAGdxx3,ABIS_MUSIC,2020-03-21,1584802800
6641,R_1q7GuBNrrAGdxx3,LIGHT_BULB,2020-03-21,1584802800
6642,R_1r8u9f1vT8Y3HrC,CAMERA_OTHER_ACCESSORIES,2020-03-21,1584802800
6643,R_1r8u9f1vT8Y3HrC,TOYS_AND_GAMES,2020-03-21,1584802800
6644,R_1r8u9f1vT8Y3HrC,SPORTING_GOODS,2020-03-21,1584802800
6645,R_20V73ixsOYXCBbP,ABIS_BOOK,2020-03-21,1584802800
6646,R_20V73ixsOYXCBbP,POOL_HEATER,2020-03-21,1584802800
6647,R_20V73ixsOYXCBbP,ELECTRONIC_CABLE,2020-03-21,1584802800
6648,R_210tLKdUbUZuf7O,PET_FOOD,2020-03-21,1584802800
6649,R_22QYpfx86KSwry8,TOYS_AND_GAMES,2020-03-21,1584802800
6650,R_22SxELlmhBQCe1C,NUTRITIONAL_SUPPLEMENT,2020-03-21,1584802800
6651,R_22SxELlmhBQCe1C,TOYS_AND_GAMES,2020-03-21,1584802800
6652,R_22mMopWqAj09mQc,ABIS_BOOK,2020-03-21,1584802800
6653,R_22mMopWqAj09mQc,BUTTER_DISH,2020-03-21,1584802800
6654,R_22mMopWqAj09mQc,ABIS_BOOK,2020-03-21,1584802800
6655,R_24csoaO569P4Yzz,CELLULAR_PHONE_CASE,2020-03-21,1584802800
6656,R_24csoaO569P4Yzz,SNACK_FOOD_BAR,2020-03-21,1584802800
6657,R_25thHabUddjXGzt,VITAMIN,2020-03-21,1584802800
6658,R_27DL80quzRiSEmq,SQUEEGEE,2020-03-21,1584802800
6659,R_27Nf8ImFlWu3J9O,SHIRT,2020-03-21,1584802800
6660,R_27Nf8ImFlWu3J9O,NUTRITIONAL_SUPPLEMENT,2020-03-21,1584802800
6661,R_27Nf8ImFlWu3J9O,DAIRY_BASED_CREAM,2020-03-21,1584802800
6662,R_27PZcbYfPDhwHcL,PET_FOOD,2020-03-21,1584802800
6663,R_2ASBFgthVbaGlF3,BEAUTY,2020-03-21,1584802800
6664,R_2DMQ4Npnlu3WWyq,MEDICATION,2020-03-21,1584802800
6665,R_2DSmjafbkSAict9,SHOES,2020-03-21,1584802800
6666,R_2QEQOSl4i81CHb1,HEADPHONES,2020-03-21,1584802800
6667,R_2Qu0fgUOnDpaKDH,ABIS_BOOK,2020-03-21,1584802800
6668,R_2RUDh7piHU7frzt,SKIN_CLEANING_AGENT,2020-03-21,1584802800
6669,R_2RUDh7piHU7frzt,UNDERPANTS,2020-03-21,1584802800
6670,R_2TEGPne2Cu1LmmT,VITAMIN,2020-03-21,1584802800
6671,R_2VaWg2jhtCG6zmh,BATTERY,2020-03-21,1584802800
6672,R_2VwjXhJ5OznStEi,ABIS_BOOK,2020-03-21,1584802800
6673,R_2VwjXhJ5OznStEi,ICE_CHEST,2020-03-21,1584802800
6674,R_2WSDyKoVDJhO1Os,SNACK_FOOD_BAR,2020-03-21,1584802800
6675,R_2YeJ7ZNQ5xBFmxw,SKIN_MOISTURIZER,2020-03-21,1584802800
6676,R_2dmZyPIDedcDR2J,FUEL_PUMP,2020-03-21,1584802800
6677,R_2dmZyPIDedcDR2J,PANTS,2020-03-21,1584802800
6678,R_2dvh9tu7PLPeipE,FALSE_EYELASH,2020-03-21,1584802800
6679,R_2dvh9tu7PLPeipE,SCREEN_PROTECTOR,2020-03-21,1584802800
6680,R_2dvh9tu7PLPeipE,HEADPHONES,2020-03-21,1584802800
6681,R_2mAJniG0xVBIInL,BATTERY,2020-03-21,1584802800
6682,R_2mAJniG0xVBIInL,CRAFT_HOOP_FRAME,2020-03-21,1584802800
6683,R_2qD8ep8d313iLj4,TOYS_AND_GAMES,2020-03-21,1584802800
6684,R_2qjAN1lyLAdAxT2,HEALTH_PERSONAL_CARE,2020-03-21,1584802800
6685,R_2qjAN1lyLAdAxT2,SKIN_CLEANING_AGENT,2020-03-21,1584802800
6686,R_2s5YO3cdqKDFyIM,PET_FOOD,2020-03-21,1584802800
6687,R_2s5YO3cdqKDFyIM,CLEANING_AGENT,2020-03-21,1584802800
6688,R_2sbCr0DY5BIHWiF,ABIS_BOOK,2020-03-21,1584802800
6689,R_2tfEDXuyNRcQoWs,SPORT_TARGET,2020-03-21,1584802800
6690,R_2tfEDXuyNRcQoWs,STROLLER,2020-03-21,1584802800
6691,R_2tfEDXuyNRcQoWs,JUMP_ROPE,2020-03-21,1584802800
6692,R_2tfEDXuyNRcQoWs,UMBRELLA,2020-03-21,1584802800
6693,R_2tfEDXuyNRcQoWs,PET_FOOD,2020-03-21,1584802800
6694,R_2uIMLcJgQmb0v3G,NUTRITIONAL_SUPPLEMENT,2020-03-21,1584802800
6695,R_2wFa9HKdZRkx33l,PET_FOOD,2020-03-21,1584802800
6696,R_2wFa9HKdZRkx33l,PHYSICAL_MOVIE,2020-03-21,1584802800
6697,R_2wFa9HKdZRkx33l,SKIN_TREATMENT_MASK,2020-03-21,1584802800
6698,R_2wFa9HKdZRkx33l,MEDICATION,2020-03-21,1584802800
6699,R_2wFa9HKdZRkx33l,MEDICATION,2020-03-21,1584802800
6700,R_2wFa9HKdZRkx33l,PHYSICAL_MOVIE,2020-03-21,1584802800
6701,R_2wFa9HKdZRkx33l,SNACK_FOOD_BAR,2020-03-21,1584802800
6702,R_2wmLE1q4FIpfioi,GROCERY,2020-03-21,1584802800
6703,R_2wmLE1q4FIpfioi,BLANKET,2020-03-21,1584802800
6704,R_2yplkUxhAWZaFUL,BICYCLE_TRAINER,2020-03-21,1584802800
6705,R_301uq7vv7YTe7qQ,RECREATION_BALL,2020-03-21,1584802800
6706,R_301uq7vv7YTe7qQ,NUTRITIONAL_SUPPLEMENT,2020-03-21,1584802800
6707,R_301uq7vv7YTe7qQ,ABIS_BOOK,2020-03-21,1584802800
6708,R_30kPg5opkenrGPb,PANTS,2020-03-21,1584802800
6709,R_31ZxYxyOSie94bK,MOTOR_ENGINE_FUEL_TANK,2020-03-21,1584802800
6710,R_31ZxYxyOSie94bK,KEYCHAIN,2020-03-21,1584802800
6711,R_32Mm71oAJq2K9XK,MEDICATION,2020-03-21,1584802800
6712,R_32Mm71oAJq2K9XK,PHYSICAL_MOVIE,2020-03-21,1584802800
6713,R_32Mm71oAJq2K9XK,SNACK_FOOD_BAR,2020-03-21,1584802800
6714,R_32Mm71oAJq2K9XK,ELECTRONIC_CABLE,2020-03-21,1584802800
6715,R_32UZncFA03IrQwQ,PHYSICAL_MOVIE,2020-03-21,1584802800
6716,R_32UZncFA03IrQwQ,TOYS_AND_GAMES,2020-03-21,1584802800
6717,R_331r8PPvTyqKSoh,SKIN_CLEANING_AGENT,2020-03-21,1584802800
6718,R_331r8PPvTyqKSoh,PET_FOOD,2020-03-21,1584802800
6719,R_33a2eGfoj5xSrE2,SHIRT,2020-03-21,1584802800
6720,R_3D8tZyjLz903WIf,PHYSICAL_MOVIE,2020-03-21,1584802800
6721,R_3D8tZyjLz903WIf,LABEL,2020-03-21,1584802800
6722,R_3D8tZyjLz903WIf,CELLULAR_PHONE_CASE,2020-03-21,1584802800
6723,R_3EQ2dhEXGhy72Xx,TOYS_AND_GAMES,2020-03-21,1584802800
6724,R_3EQ2dhEXGhy72Xx,SKIRT,2020-03-21,1584802800
6725,R_3HLKIA2u3ZnY9lM,COFFEE,2020-03-21,1584802800
6726,R_3HgZOjGq4Ny969k,PET_FOOD,2020-03-21,1584802800
6727,R_3JJfhp7Z7vUO8K2,UNDERPANTS,2020-03-21,1584802800
6728,R_3JJfhp7Z7vUO8K2,CELLULAR_PHONE_CASE,2020-03-21,1584802800
6729,R_3JnjKsPAuFGDhrx,SCREEN_PROTECTOR,2020-03-21,1584802800
6730,R_3Mc9nZhk6fg7b8z,CANDLE_HOLDER,2020-03-21,1584802800
6731,R_3Mc9nZhk6fg7b8z,SAFETY_MASK_REPLACEMENT_FILTER,2020-03-21,1584802800
6732,R_3Mc9nZhk6fg7b8z,HEALTH_PERSONAL_CARE,2020-03-21,1584802800
6733,R_3MnSLQdJkly3wfg,ABIS_BOOK,2020-03-21,1584802800
6734,R_3MncA46G8CO8juo,SKIN_MOISTURIZER,2020-03-21,1584802800
6735,R_3MncA46G8CO8juo,HEALTH_PERSONAL_CARE,2020-03-21,1584802800
6736,R_3MncA46G8CO8juo,SCREEN_PROTECTOR,2020-03-21,1584802800
6737,R_3MncA46G8CO8juo,SCREEN_PROTECTOR,2020-03-21,1584802800
6738,R_3MncA46G8CO8juo,SKIN_MOISTURIZER,2020-03-21,1584802800
6739,R_3MncA46G8CO8juo,VITAMIN,2020-03-21,1584802800
6740,R_3MncA46G8CO8juo,SNACK_FOOD_BAR,2020-03-21,1584802800
6741,R_3MncA46G8CO8juo,ABIS_BOOK,2020-03-21,1584802800
6742,R_3MncA46G8CO8juo,PET_TOY,2020-03-21,1584802800
6743,R_3MncA46G8CO8juo,SKIN_MOISTURIZER,2020-03-21,1584802800
6744,R_3MncA46G8CO8juo,PET_TOY,2020-03-21,1584802800
6745,R_3MncA46G8CO8juo,BATTERY,2020-03-21,1584802800
6746,R_3MncA46G8CO8juo,GROCERY,2020-03-21,1584802800
6747,R_3NCfhSJSgGWexUL,SHIRT,2020-03-21,1584802800
6748,R_3NCfhSJSgGWexUL,SHIRT,2020-03-21,1584802800
6749,R_3NCfhSJSgGWexUL,PILLOW,2020-03-21,1584802800
6750,R_3NCfhSJSgGWexUL,NUTRITIONAL_SUPPLEMENT,2020-03-21,1584802800
6751,R_3NCfhSJSgGWexUL,NUTRITIONAL_SUPPLEMENT,2020-03-21,1584802800
6752,R_3R3FfvTaRKxigNl,MUFFLER,2020-03-21,1584802800
6753,R_3R3FfvTaRKxigNl,VITAMIN,2020-03-21,1584802800
6754,R_3R3FfvTaRKxigNl,INSULATION,2020-03-21,1584802800
6755,R_3e82J7pYxj5XP7j,SKIN_CLEANING_AGENT,2020-03-21,1584802800
6756,R_3e82J7pYxj5XP7j,FOOD_GLITTER_SPRINKLE,2020-03-21,1584802800
6757,R_3e82J7pYxj5XP7j,HEALTH_PERSONAL_CARE,2020-03-21,1584802800
6758,R_3eehQVQNcKmEJtd,NUTRITIONAL_SUPPLEMENT,2020-03-21,1584802800
6759,R_3eh02tn8YjYcUoE,BAKEWARE,2020-03-21,1584802800
6760,R_3eh02tn8YjYcUoE,GRAPHIC_TABLET,2020-03-21,1584802800
6761,R_3eh02tn8YjYcUoE,SKIN_MOISTURIZER,2020-03-21,1584802800
6762,R_3eh02tn8YjYcUoE,GROCERY,2020-03-21,1584802800
6763,R_3eh02tn8YjYcUoE,VITAMIN,2020-03-21,1584802800
6764,R_3eh02tn8YjYcUoE,PHYSICAL_MOVIE,2020-03-21,1584802800
6765,R_3eh02tn8YjYcUoE,POOL_HEATER,2020-03-21,1584802800
6766,R_3eh02tn8YjYcUoE,BATTERY,2020-03-21,1584802800
6767,R_3eh02tn8YjYcUoE,STORAGE_BOX,2020-03-21,1584802800
6768,R_3eh02tn8YjYcUoE,ELECTRONIC_CABLE,2020-03-21,1584802800
6769,R_3eh02tn8YjYcUoE,SQUEEZE_TOY,2020-03-21,1584802800
6770,R_3eh02tn8YjYcUoE,VITAMIN,2020-03-21,1584802800
6771,R_3lXswIAy7Qq6UEZ,AMAZON_TABLET_ACCESSORY,2020-03-21,1584802800
6772,R_3lXswIAy7Qq6UEZ,SKIN_CLEANING_AGENT,2020-03-21,1584802800
6773,R_3lXswIAy7Qq6UEZ,HEALTH_PERSONAL_CARE,2020-03-21,1584802800
6774,R_3pmeuOmzM4r5gMS,SNACK_FOOD_BAR,2020-03-21,1584802800
6775,R_3qWnPpXqudB3ETJ,SCREEN_PROTECTOR,2020-03-21,1584802800
6776,R_3qWnPpXqudB3ETJ,CELLULAR_PHONE_CASE,2020-03-21,1584802800
6777,R_3qlnIILTEuzSyGe,NUTRITIONAL_SUPPLEMENT,2020-03-21,1584802800
6778,R_3qqdzQnCaBYHx9o,HEADPHONES,2020-03-21,1584802800
6779,R_3qqdzQnCaBYHx9o,BED_RAIL,2020-03-21,1584802800
6780,R_3rV7kPHe9hVsMee,ELECTRONIC_CABLE,2020-03-21,1584802800
6781,R_3rV7kPHe9hVsMee,SUNSCREEN,2020-03-21,1584802800
6782,R_3rV7kPHe9hVsMee,ELECTRONIC_COMPONENT_FAN,2020-03-21,1584802800
6783,R_3rV7kPHe9hVsMee,HEADPHONES,2020-03-21,1584802800
6784,R_3rV7kPHe9hVsMee,SHOES,2020-03-21,1584802800
6785,R_3socPWD3wXD0iDP,TOYS_AND_GAMES,2020-03-21,1584802800
6786,R_3socPWD3wXD0iDP,HEADPHONES,2020-03-21,1584802800
6787,R_4ONrU60VenuwARr,ABIS_BOOK,2020-03-21,1584802800
6788,R_4ONrU60VenuwARr,CABLE_ASSEMBLY,2020-03-21,1584802800
6789,R_6SbhJD23U5a2YJX,RECREATION_BALL,2020-03-21,1584802800
6790,R_6SbhJD23U5a2YJX,SHOES,2020-03-21,1584802800
6791,R_6SbhJD23U5a2YJX,BATTERY,2020-03-21,1584802800
6792,R_6m1QCIXstgjIo4p,MUFFLER,2020-03-21,1584802800
6793,R_7ZH1uBNuL9RQ2K5,BATTERY,2020-03-21,1584802800
6794,R_8vnpSkm79W7Jsv7,HEADPHONES,2020-03-21,1584802800
6795,R_9yOmfJyU0rNZGW5,GROCERY,2020-03-21,1584802800
6796,R_9yOmfJyU0rNZGW5,UNDERPANTS,2020-03-21,1584802800
6797,R_9yOmfJyU0rNZGW5,SKIN_MOISTURIZER,2020-03-21,1584802800
6798,R_A1CRADYHwN0zQL7,SHOES,2020-03-21,1584802800
6799,R_A1CRADYHwN0zQL7,NUTRITIONAL_SUPPLEMENT,2020-03-21,1584802800
6800,R_A5Mg9h1PiJL0Wyd,PET_FOOD,2020-03-21,1584802800
6801,R_A5Mg9h1PiJL0Wyd,KITCHEN,2020-03-21,1584802800
6802,R_AKBlDprDMrv4M7v,ELECTRONIC_SENSOR,2020-03-21,1584802800
6803,R_AKBlDprDMrv4M7v,SNACK_FOOD_BAR,2020-03-21,1584802800
6804,R_AM0OvM0F9kBvqal,GROCERY,2020-03-21,1584802800
6805,R_AM0OvM0F9kBvqal,PULL_UP_BAR,2020-03-21,1584802800
6806,R_AM0OvM0F9kBvqal,SAFE,2020-03-21,1584802800
6807,R_Ap2HcvpPLRDJv9L,HEALTH_PERSONAL_CARE,2020-03-21,1584802800
6808,R_Ap2HcvpPLRDJv9L,PHYSICAL_MOVIE,2020-03-21,1584802800
6809,R_BEQWMs4OT1kbHGx,SCREEN_PROTECTOR,2020-03-21,1584802800
6810,R_BWAjcs1sKUc6NQl,SCREEN_PROTECTOR,2020-03-21,1584802800
6811,R_BWhnv4EdbhSS6rf,ABIS_BOOK,2020-03-21,1584802800
6812,R_BWhnv4EdbhSS6rf,FOOD_DEHYDRATOR,2020-03-21,1584802800
6813,R_DBhzVeGIG4SLSYV,PET_FOOD,2020-03-21,1584802800
6814,R_DBhzVeGIG4SLSYV,VITAMIN,2020-03-21,1584802800
6815,R_DBhzVeGIG4SLSYV,ELECTRONIC_CABLE,2020-03-21,1584802800
6816,R_O6ZX76mggPnAOfD,OUTDOOR_LIVING,2020-03-21,1584802800
6817,R_Q6WPHvxgbOBjvZ7,VITAMIN,2020-03-21,1584802800
6818,R_RPruSl134deuxOh,SHIRT,2020-03-21,1584802800
6819,R_RPruSl134deuxOh,PANTS,2020-03-21,1584802800
6820,R_RlYyUhsDFvyGwX7,TRACTION_CLEAT,2020-03-21,1584802800
6821,R_RlYyUhsDFvyGwX7,AIR_PUMP,2020-03-21,1584802800
6822,R_RlYyUhsDFvyGwX7,CELLULAR_PHONE_CASE,2020-03-21,1584802800
6823,R_RlYyUhsDFvyGwX7,MEDICATION,2020-03-21,1584802800
6824,R_RlYyUhsDFvyGwX7,MEDICATION,2020-03-21,1584802800
6825,R_RlYyUhsDFvyGwX7,MEDICATION,2020-03-21,1584802800
6826,R_UVM6YBvaArzpRjb,BATTERY,2020-03-21,1584802800
6827,R_UVM6YBvaArzpRjb,MEDICATION,2020-03-21,1584802800
6828,R_Wj4UUQUNrJKEYKJ,SCREEN_PROTECTOR,2020-03-21,1584802800
6829,R_Wj4UUQUNrJKEYKJ,MEDICATION,2020-03-21,1584802800
6830,R_XYTa0bvoaQqev3r,SPOON,2020-03-21,1584802800
6831,R_XYTa0bvoaQqev3r,THERMOPLASTIC_FILAMENT,2020-03-21,1584802800
6832,R_ZeqLnp8IZFNzHMt,ABIS_BOOK,2020-03-21,1584802800
6833,R_ZkokwdIEZybYo9z,NUTRITIONAL_SUPPLEMENT,2020-03-21,1584802800
6834,R_b8UnkZJoU93ZxEB,BATTERY,2020-03-21,1584802800
6835,R_b8UnkZJoU93ZxEB,BASE_LAYER_APPAREL_SET,2020-03-21,1584802800
6836,R_b8UnkZJoU93ZxEB,VITAMIN,2020-03-21,1584802800
6837,R_b8UnkZJoU93ZxEB,ABIS_BOOK,2020-03-21,1584802800
6838,R_b8UnkZJoU93ZxEB,LANDLINE_PHONE,2020-03-21,1584802800
6839,R_b8UnkZJoU93ZxEB,PANTS,2020-03-21,1584802800
6840,R_b8UnkZJoU93ZxEB,PLANNER,2020-03-21,1584802800
6841,R_b8UnkZJoU93ZxEB,LANDLINE_PHONE,2020-03-21,1584802800
6842,R_bJbNhR1I5NnLKb7,TECHNICAL_SPORT_SHOE,2020-03-21,1584802800
6843,R_bJbNhR1I5NnLKb7,PEST_CONTROL_DEVICE,2020-03-21,1584802800
6844,R_bJbNhR1I5NnLKb7,PEST_CONTROL_DEVICE,2020-03-21,1584802800
6845,R_bw2nQ0iRh2wCa8p,SHOES,2020-03-21,1584802800
6846,R_cCucjmijTJETC6d,HEALTH_PERSONAL_CARE,2020-03-21,1584802800
6847,R_cCucjmijTJETC6d,TOYS_AND_GAMES,2020-03-21,1584802800
6848,R_d5O7dqvA1EWCrPb,DIGITAL_DEVICE_4_ACCESSORY,2020-03-21,1584802800
6849,R_qxTrp3qz2YCQAnv,ELECTRONIC_CABLE,2020-03-21,1584802800
6850,R_r1oTDkv1OlGnNuN,SKIN_MOISTURIZER,2020-03-21,1584802800
6851,R_r1oTDkv1OlGnNuN,SNACK_FOOD_BAR,2020-03-21,1584802800
6852,R_r1qqClBL89aFjXP,PACKING_MATERIAL,2020-03-21,1584802800
6853,R_yJz6aXbKddNbgZz,SKIN_MOISTURIZER,2020-03-21,1584802800
6854,R_yJz6aXbKddNbgZz,ABIS_BOOK,2020-03-21,1584802800
6855,R_yJz6aXbKddNbgZz,BATTERY,2020-03-21,1584802800
6856,R_yJz6aXbKddNbgZz,SCREEN_PROTECTOR,2020-03-21,1584802800
6857,R_yJz6aXbKddNbgZz,SCREEN_PROTECTOR,2020-03-21,1584802800
6858,R_zTf2i6s3E2OQZQR,MEDICATION,2020-03-21,1584802800
6859,R_10TA7pCDmelHi5H,SKIN_MOISTURIZER,2020-03-22,1584889200
6860,R_12QFQ7lCIls8sRd,BODY_DEODORANT,2020-03-22,1584889200
6861,R_12QFQ7lCIls8sRd,PET_FOOD,2020-03-22,1584889200
6862,R_12QFQ7lCIls8sRd,MEDICATION,2020-03-22,1584889200
6863,R_12QFQ7lCIls8sRd,OUTDOOR_RECREATION_PRODUCT,2020-03-22,1584889200
6864,R_1BNwZP0DdTOa4rT,ANIMAL_LITTER,2020-03-22,1584889200
6865,R_1BNwZP0DdTOa4rT,MODEM,2020-03-22,1584889200
6866,R_1BNwZP0DdTOa4rT,TOYS_AND_GAMES,2020-03-22,1584889200
6867,R_1BNwZP0DdTOa4rT,SCREEN_PROTECTOR,2020-03-22,1584889200
6868,R_1C4nKyrv0w2thJn,MEDICATION,2020-03-22,1584889200
6869,R_1C4nKyrv0w2thJn,RUBBER_STAMP,2020-03-22,1584889200
6870,R_1C4nKyrv0w2thJn,SCREEN_PROTECTOR,2020-03-22,1584889200
6871,R_1C4nKyrv0w2thJn,KITCHEN,2020-03-22,1584889200
6872,R_1C4nKyrv0w2thJn,SHIRT,2020-03-22,1584889200
6873,R_1C75XRebT1eliL0,SCREEN_PROTECTOR,2020-03-22,1584889200
6874,R_1C8w4NDDQC5fcgE,FOOD_SMOKER,2020-03-22,1584889200
6875,R_1C8w4NDDQC5fcgE,SKIN_CLEANING_AGENT,2020-03-22,1584889200
6876,R_1Cd5zmz07X5BqKa,HEALTH_PERSONAL_CARE,2020-03-22,1584889200
6877,R_1DJ4QJgrJwK7g3Y,GROCERY,2020-03-22,1584889200
6878,R_1DJ4QJgrJwK7g3Y,TEACHING_EQUIPMENT,2020-03-22,1584889200
6879,R_1DJ4QJgrJwK7g3Y,ABRASIVE_SHEETS,2020-03-22,1584889200
6880,R_1DJ4QJgrJwK7g3Y,MEDICATION,2020-03-22,1584889200
6881,R_1DJ4QJgrJwK7g3Y,BATTERY,2020-03-22,1584889200
6882,R_1DJdUrYA1I0QAKh,HEALTH_PERSONAL_CARE,2020-03-22,1584889200
6883,R_1FWSWSjBuPMvSgx,SNACK_FOOD_BAR,2020-03-22,1584889200
6884,R_1FWSWSjBuPMvSgx,EGG,2020-03-22,1584889200
6885,R_1Fb4EL4IE75q7lf,MEDICATION,2020-03-22,1584889200
6886,R_1Fb4EL4IE75q7lf,NUTRITIONAL_SUPPLEMENT,2020-03-22,1584889200
6887,R_1Fb4EL4IE75q7lf,ABRASIVES,2020-03-22,1584889200
6888,R_1Fyt6rHyiQcVOT8,CELLULAR_PHONE_CASE,2020-03-22,1584889200
6889,R_1IaYiTSaUaD2W2i,SHIRT,2020-03-22,1584889200
6890,R_1KkFs7rgWXlWf58,ABIS_BOOK,2020-03-22,1584889200
6891,R_1M5mnTcAVcSRcli,CABLE_ASSEMBLY,2020-03-22,1584889200
6892,R_1MTbVUzYEQq2MzU,SHIRT,2020-03-22,1584889200
6893,R_1MTbVUzYEQq2MzU,SCREEN_PROTECTOR,2020-03-22,1584889200
6894,R_1NCzj2eSHI4QGcd,MEDICATION,2020-03-22,1584889200
6895,R_1NCzj2eSHI4QGcd,PHYSICAL_MOVIE,2020-03-22,1584889200
6896,R_1NCzj2eSHI4QGcd,SHOES,2020-03-22,1584889200
6897,R_1NDq0rxoUSu6oyz,BATTERY,2020-03-22,1584889200
6898,R_1NDq0rxoUSu6oyz,BATTERY,2020-03-22,1584889200
6899,R_1NDq0rxoUSu6oyz,MEDICATION,2020-03-22,1584889200
6900,R_1NDq0rxoUSu6oyz,TOYS_AND_GAMES,2020-03-22,1584889200
6901,R_1NDq0rxoUSu6oyz,SNACK_FOOD_BAR,2020-03-22,1584889200
6902,R_1NDq0rxoUSu6oyz,STORAGE_RACK,2020-03-22,1584889200
6903,R_1NDq0rxoUSu6oyz,ART_MEDIA_PAPER,2020-03-22,1584889200
6904,R_1OJZKQM4ZrHncBJ,SHIRT,2020-03-22,1584889200
6905,R_1OrTsiPCkAlmb0N,EYEBROW_COLOR,2020-03-22,1584889200
6906,R_1OrTsiPCkAlmb0N,ELECTRONIC_CABLE,2020-03-22,1584889200
6907,R_1OrTsiPCkAlmb0N,MINIATURE_TOY_FURNISHING,2020-03-22,1584889200
6908,R_1OrTsiPCkAlmb0N,EYEBROW_COLOR,2020-03-22,1584889200
6909,R_1OrTsiPCkAlmb0N,HEADPHONES,2020-03-22,1584889200
6910,R_1OrTsiPCkAlmb0N,STANDALONE_STREAMING_MEDIA_PLAYER,2020-03-22,1584889200
6911,R_1PUcgnVG2i0EBz4,NUTRITIONAL_SUPPLEMENT,2020-03-22,1584889200
6912,R_1PUcgnVG2i0EBz4,ABIS_BOOK,2020-03-22,1584889200
6913,R_1PUcgnVG2i0EBz4,PHYSICAL_MOVIE,2020-03-22,1584889200
6914,R_1QhEPMXONBU12sq,HAND_SANITIZER,2020-03-22,1584889200
6915,R_1QhEPMXONBU12sq,GROCERY,2020-03-22,1584889200
6916,R_1dKBjc0UTA0ZiYb,BATTERY,2020-03-22,1584889200
6917,R_1dKBjc0UTA0ZiYb,DISHWASHER_DETERGENT,2020-03-22,1584889200
6918,R_1dKBjc0UTA0ZiYb,GROCERY,2020-03-22,1584889200
6919,R_1dKBjc0UTA0ZiYb,PET_FOOD,2020-03-22,1584889200
6920,R_1dKBjc0UTA0ZiYb,NUTRITIONAL_SUPPLEMENT,2020-03-22,1584889200
6921,R_1dKBjc0UTA0ZiYb,WRITING_INSTRUMENT,2020-03-22,1584889200
6922,R_1dKBjc0UTA0ZiYb,FURNITURE_FLOOR_PROTECTOR,2020-03-22,1584889200
6923,R_1dlSByn2AyHWx7r,PHYSICAL_MOVIE,2020-03-22,1584889200
6924,R_1eFv0mPpH4dM2mG,VITAMIN,2020-03-22,1584889200
6925,R_1eFv0mPpH4dM2mG,MUSICAL_INSTRUMENTS,2020-03-22,1584889200
6926,R_1eFv0mPpH4dM2mG,PANTS,2020-03-22,1584889200
6927,R_1i9ThcjqrGB9lJe,ABIS_BOOK,2020-03-22,1584889200
6928,R_1i9ThcjqrGB9lJe,ELECTRONIC_CABLE,2020-03-22,1584889200
6929,R_1i9ThcjqrGB9lJe,SKIN_MOISTURIZER,2020-03-22,1584889200
6930,R_1kYuVPgjXmEfSf8,BATTERY,2020-03-22,1584889200
6931,R_1kYuVPgjXmEfSf8,SHOES,2020-03-22,1584889200
6932,R_1kYuVPgjXmEfSf8,MEDICATION,2020-03-22,1584889200
6933,R_1kYuVPgjXmEfSf8,NUTRITIONAL_SUPPLEMENT,2020-03-22,1584889200
6934,R_1kYuVPgjXmEfSf8,SKIN_MOISTURIZER,2020-03-22,1584889200
6935,R_1kYuVPgjXmEfSf8,ABIS_BOOK,2020-03-22,1584889200
6936,R_1kYuVPgjXmEfSf8,CELLULAR_PHONE_CASE,2020-03-22,1584889200
6937,R_1kYuVPgjXmEfSf8,HEADPHONES,2020-03-22,1584889200
6938,R_1kYuVPgjXmEfSf8,ELECTRONIC_CABLE,2020-03-22,1584889200
6939,R_1kYuVPgjXmEfSf8,WRITING_BOARD,2020-03-22,1584889200
6940,R_1kYuVPgjXmEfSf8,GROCERY,2020-03-22,1584889200
6941,R_1kYuVPgjXmEfSf8,CELLULAR_PHONE_CASE,2020-03-22,1584889200
6942,R_1kYuVPgjXmEfSf8,PET_FOOD,2020-03-22,1584889200
6943,R_1lsgykNxEU4BXTI,ABIS_BOOK,2020-03-22,1584889200
6944,R_1lsgykNxEU4BXTI,GROCERY,2020-03-22,1584889200
6945,R_1lsgykNxEU4BXTI,GROCERY,2020-03-22,1584889200
6946,R_1lsgykNxEU4BXTI,SKIN_MOISTURIZER,2020-03-22,1584889200
6947,R_1lsgykNxEU4BXTI,TEMPORARY_HANGER_HOOK,2020-03-22,1584889200
6948,R_1lsgykNxEU4BXTI,CELLULAR_PHONE_CASE,2020-03-22,1584889200
6949,R_1oFRyes3ggnKU4B,ELECTRONIC_CABLE,2020-03-22,1584889200
6950,R_1oFRyes3ggnKU4B,FIDGET_TOY,2020-03-22,1584889200
6951,R_1oFRyes3ggnKU4B,TOYS_AND_GAMES,2020-03-22,1584889200
6952,R_1owkdABF1wNKFKI,CELLULAR_PHONE_CASE,2020-03-22,1584889200
6953,R_1psTlOFeWx4gWdX,GROCERY,2020-03-22,1584889200
6954,R_1pu0ApV4WUQDdWW,REMOTE_CONTROL,2020-03-22,1584889200
6955,R_1pu4x2PBb4LrSWk,BATTERY,2020-03-22,1584889200
6956,R_1pu4x2PBb4LrSWk,SHIRT,2020-03-22,1584889200
6957,R_20O6baqxT4T2CbA,AIR_GUN_PROJECTILE,2020-03-22,1584889200
6958,R_210tLKdUbUZuf7O,ANIMAL_WATER_DISPENSER,2020-03-22,1584889200
6959,R_24csoaO569P4Yzz,PANTS,2020-03-22,1584889200
6960,R_24dbGLxukEKohG6,HEALTH_PERSONAL_CARE,2020-03-22,1584889200
6961,R_24dbGLxukEKohG6,ABIS_BOOK,2020-03-22,1584889200
6962,R_25SbPPTyE45YzXP,LIP_COLOR,2020-03-22,1584889200
6963,R_25SbPPTyE45YzXP,AIMING_SCOPE_SIGHT,2020-03-22,1584889200
6964,R_25z5LHPaAsxktx7,CELLULAR_PHONE_CASE,2020-03-22,1584889200
6965,R_2ASz0xBmcxqYzUJ,HEADPHONES,2020-03-22,1584889200
6966,R_2ASz0xBmcxqYzUJ,PET_APPAREL,2020-03-22,1584889200
6967,R_2CKdeuvfVrO8I49,SKIN_FOUNDATION_CONCEALER,2020-03-22,1584889200
6968,R_2CKdeuvfVrO8I49,MEDICATION,2020-03-22,1584889200
6969,R_2CKdeuvfVrO8I49,ELECTRONIC_CABLE,2020-03-22,1584889200
6970,R_2CUG0NuB8UE98kw,SKIN_CLEANING_AGENT,2020-03-22,1584889200
6971,R_2D1zydYR5SZ0LpK,SKIN_CLEANING_AGENT,2020-03-22,1584889200
6972,R_2D1zydYR5SZ0LpK,SKIN_MOISTURIZER,2020-03-22,1584889200
6973,R_2EglJpTWGEiwQYa,SCREEN_PROTECTOR,2020-03-22,1584889200
6974,R_2EglJpTWGEiwQYa,FOOD,2020-03-22,1584889200
6975,R_2OHgbfVLtFIinBW,NUTRITIONAL_SUPPLEMENT,2020-03-22,1584889200
6976,R_2OHgbfVLtFIinBW,NAIL_TREATMENT,2020-03-22,1584889200
6977,R_2OOq3ysdOS3TtBd,GROCERY,2020-03-22,1584889200
6978,R_2QXJIE0UXBTy8wd,HEALTH_PERSONAL_CARE,2020-03-22,1584889200
6979,R_2QXJIE0UXBTy8wd,TOY_BUILDING_BLOCK,2020-03-22,1584889200
6980,R_2QXJIE0UXBTy8wd,ELECTRONIC_CABLE,2020-03-22,1584889200
6981,R_2QXJIE0UXBTy8wd,ABIS_BOOK,2020-03-22,1584889200
6982,R_2QXJIE0UXBTy8wd,HEALTH_PERSONAL_CARE,2020-03-22,1584889200
6983,R_2QXJIE0UXBTy8wd,FAUCET,2020-03-22,1584889200
6984,R_2QXJIE0UXBTy8wd,CAMERA,2020-03-22,1584889200
6985,R_2QXJIE0UXBTy8wd,AUDIO_MIDI_INTERFACE,2020-03-22,1584889200
6986,R_2QXJIE0UXBTy8wd,SCREEN_PROTECTOR,2020-03-22,1584889200
6987,R_2QXJIE0UXBTy8wd,GROCERY,2020-03-22,1584889200
6988,R_2QXJIE0UXBTy8wd,CELLULAR_PHONE_CASE,2020-03-22,1584889200
6989,R_2QXJIE0UXBTy8wd,PAJAMAS,2020-03-22,1584889200
6990,R_2QXJIE0UXBTy8wd,SNACK_FOOD_BAR,2020-03-22,1584889200
6991,R_2QXJIE0UXBTy8wd,PANTS,2020-03-22,1584889200
6992,R_2QXJIE0UXBTy8wd,CELLULAR_PHONE_CASE,2020-03-22,1584889200
6993,R_2Qu0fgUOnDpaKDH,NUTRITIONAL_SUPPLEMENT,2020-03-22,1584889200
6994,R_2Qu0fgUOnDpaKDH,MEAL_HOLDER,2020-03-22,1584889200
6995,R_2Qu0fgUOnDpaKDH,PRELOADED_ELECTRONIC_GAME,2020-03-22,1584889200
6996,R_2R4boYTdbWuqO7J,SPARK_PLUG,2020-03-22,1584889200
6997,R_2SIYchF5txvb4ur,BATTERY,2020-03-22,1584889200
6998,R_2XoI6KbLJRGFz5X,BEAUTY,2020-03-22,1584889200
6999,R_2XoI6KbLJRGFz5X,HEALTH_PERSONAL_CARE,2020-03-22,1584889200
7000,R_2XoI6KbLJRGFz5X,PET_FOOD,2020-03-22,1584889200
7001,R_2Y9fPhqa2Xf2QdZ,MEDICATION,2020-03-22,1584889200
7002,R_2Y9fPhqa2Xf2QdZ,KEYBOARD_INSTRUMENTS,2020-03-22,1584889200
7003,R_2Y9fPhqa2Xf2QdZ,SINGLE_BOARD_COMPUTER,2020-03-22,1584889200
7004,R_2YKPfnktaDrPIYT,VITAMIN,2020-03-22,1584889200
7005,R_2YKPfnktaDrPIYT,HEADPHONES,2020-03-22,1584889200
7006,R_2YzwllA3OWyo30M,SHOES,2020-03-22,1584889200
7007,R_2ZTFfLAcuwm22Yh,PANTS,2020-03-22,1584889200
7008,R_2ZTFfLAcuwm22Yh,ELECTRONIC_CABLE,2020-03-22,1584889200
7009,R_2ZTFfLAcuwm22Yh,PHYSICAL_MOVIE,2020-03-22,1584889200
7010,R_2aKrOq0DBielcig,KURTA,2020-03-22,1584889200
7011,R_2b1XOZR0PYTA1jX,MATTRESS_COVER,2020-03-22,1584889200
7012,R_2b1XOZR0PYTA1jX,SKIN_CLEANING_AGENT,2020-03-22,1584889200
7013,R_2b1XOZR0PYTA1jX,NAIL_POLISH,2020-03-22,1584889200
7014,R_2c0kxk2rIJClCxm,SNACK_FOOD_BAR,2020-03-22,1584889200
7015,R_2cBADxleVyzT89z,CELLULAR_PHONE_CASE,2020-03-22,1584889200
7016,R_2cBADxleVyzT89z,VITAMIN,2020-03-22,1584889200
7017,R_2dEe5MXA0pGB5Fr,SCREEN_PROTECTOR,2020-03-22,1584889200
7018,R_2dvh9tu7PLPeipE,HEALTH_PERSONAL_CARE,2020-03-22,1584889200
7019,R_2dvh9tu7PLPeipE,MISC_OTHER,2020-03-22,1584889200
7020,R_2dvh9tu7PLPeipE,OPTICAL_DISC_DRIVE,2020-03-22,1584889200
7021,R_2dvh9tu7PLPeipE,BATTERY,2020-03-22,1584889200
7022,R_2ebzj3o225IisIQ,CELLULAR_PHONE_CASE,2020-03-22,1584889200
7023,R_2qD8ep8d313iLj4,ELECTRONIC_CABLE,2020-03-22,1584889200
7024,R_2rIQ3xPfAH7KF8A,PET_FOOD,2020-03-22,1584889200
7025,R_2rIQ3xPfAH7KF8A,MOP,2020-03-22,1584889200
7026,R_2rIQ3xPfAH7KF8A,BATTERY,2020-03-22,1584889200
7027,R_2vYeXyFdrSyrVwh,HEALTH_PERSONAL_CARE,2020-03-22,1584889200
7028,R_2vYeXyFdrSyrVwh,WATCH_BAND,2020-03-22,1584889200
7029,R_2xxvsVGQ2kSdXpV,NUTRITIONAL_SUPPLEMENT,2020-03-22,1584889200
7030,R_2z7rLZb69WuqDdf,GROCERY,2020-03-22,1584889200
7031,R_2ze9t15YGQDJxR3,PHYSICAL_MOVIE,2020-03-22,1584889200
7032,R_2ze9t15YGQDJxR3,HEADPHONES,2020-03-22,1584889200
7033,R_2ze9t15YGQDJxR3,SNACK_FOOD_BAR,2020-03-22,1584889200
7034,R_2ze9t15YGQDJxR3,VITAMIN,2020-03-22,1584889200
7035,R_31ZxYxyOSie94bK,SKIN_MOISTURIZER,2020-03-22,1584889200
7036,R_32Mm71oAJq2K9XK,SKIN_MOISTURIZER,2020-03-22,1584889200
7037,R_32Mm71oAJq2K9XK,MEDICATION,2020-03-22,1584889200
7038,R_32UZncFA03IrQwQ,BATTERY,2020-03-22,1584889200
7039,R_33dxSOlpYwYOjFE,SKIN_CLEANING_AGENT,2020-03-22,1584889200
7040,R_33dxSOlpYwYOjFE,TOY_BUILDING_BLOCK,2020-03-22,1584889200
7041,R_33dxSOlpYwYOjFE,MEDICATION,2020-03-22,1584889200
7042,R_33dxSOlpYwYOjFE,BATTERY,2020-03-22,1584889200
7043,R_33dxSOlpYwYOjFE,SHOES,2020-03-22,1584889200
7044,R_33dxSOlpYwYOjFE,TOYS_AND_GAMES,2020-03-22,1584889200
7045,R_39HhVszlqdawZPP,BATTERY,2020-03-22,1584889200
7046,R_3G1gYo1d23Zq8Np,SCREEN_PROTECTOR,2020-03-22,1584889200
7047,R_3G1gYo1d23Zq8Np,SKIN_MOISTURIZER,2020-03-22,1584889200
7048,R_3G1gYo1d23Zq8Np,SKIN_CLEANING_AGENT,2020-03-22,1584889200
7049,R_3G1gYo1d23Zq8Np,HEALTH_PERSONAL_CARE,2020-03-22,1584889200
7050,R_3G1gYo1d23Zq8Np,SHOES,2020-03-22,1584889200
7051,R_3G1gYo1d23Zq8Np,BARBECUE_GRILL,2020-03-22,1584889200
7052,R_3G1gYo1d23Zq8Np,BAKING_CHOCOLATE,2020-03-22,1584889200
7053,R_3G1gYo1d23Zq8Np,TRAMPOLINE,2020-03-22,1584889200
7054,R_3G1gYo1d23Zq8Np,BATTERY,2020-03-22,1584889200
7055,R_3GCXgWFPLgXAuFC,HEALTH_PERSONAL_CARE,2020-03-22,1584889200
7056,R_3GCXgWFPLgXAuFC,TOY_VEHICLE_SET,2020-03-22,1584889200
7057,R_3GCXgWFPLgXAuFC,PHYSICAL_MOVIE,2020-03-22,1584889200
7058,R_3GCXgWFPLgXAuFC,ELECTRONIC_CABLE,2020-03-22,1584889200
7059,R_3HLKIA2u3ZnY9lM,NUTRITIONAL_SUPPLEMENT,2020-03-22,1584889200
7060,R_3HLKIA2u3ZnY9lM,VITAMIN,2020-03-22,1584889200
7061,R_3HLKIA2u3ZnY9lM,PHYSICAL_MOVIE,2020-03-22,1584889200
7062,R_3Hphzg7zu04Hgy1,SNACK_FOOD_BAR,2020-03-22,1584889200
7063,R_3LXRVZSdJiqH63S,BATTERY,2020-03-22,1584889200
7064,R_3LXRVZSdJiqH63S,CELL_PHONE_HOLSTER,2020-03-22,1584889200
7065,R_3LXRVZSdJiqH63S,SHIRT,2020-03-22,1584889200
7066,R_3LXRVZSdJiqH63S,COOKING_POT,2020-03-22,1584889200
7067,R_3LXRVZSdJiqH63S,VITAMIN,2020-03-22,1584889200
7068,R_3LXRVZSdJiqH63S,HEALTH_PERSONAL_CARE,2020-03-22,1584889200
7069,R_3LXRVZSdJiqH63S,SHOES,2020-03-22,1584889200
7070,R_3M0euO2kPnoHrdt,SAUCE,2020-03-22,1584889200
7071,R_3M0euO2kPnoHrdt,MARKING_PEN,2020-03-22,1584889200
7072,R_3M3RSZ7wNRSaxNx,CELLULAR_PHONE_CASE,2020-03-22,1584889200
7073,R_3NwUrzA3eAsS3xO,NUTRITIONAL_SUPPLEMENT,2020-03-22,1584889200
7074,R_3NwUrzA3eAsS3xO,TOY_FIGURE,2020-03-22,1584889200
7075,R_3e82J7pYxj5XP7j,VITAMIN,2020-03-22,1584889200
7076,R_3e82J7pYxj5XP7j,ELECTRIC_SHAVER,2020-03-22,1584889200
7077,R_3ek9YZGdsDHjUZf,EYELID_COLOR,2020-03-22,1584889200
7078,R_3enuyEOsaEVxTNX,NUTRITIONAL_SUPPLEMENT,2020-03-22,1584889200
7079,R_3iJQyWNMMY0KRV5,TECHNICAL_SPORT_SHOE,2020-03-22,1584889200
7080,R_3iJQyWNMMY0KRV5,SWEATER,2020-03-22,1584889200
7081,R_3lYUnPKDsGA54tw,PHYSICAL_MOVIE,2020-03-22,1584889200
7082,R_3lYUnPKDsGA54tw,TRANSFORMER,2020-03-22,1584889200
7083,R_3nH1Odp9Yjm86gN,TOOL_BELT,2020-03-22,1584889200
7084,R_3nH1Odp9Yjm86gN,ELECTRONIC_CABLE,2020-03-22,1584889200
7085,R_3nH1Odp9Yjm86gN,BATTERY,2020-03-22,1584889200
7086,R_3nH1Odp9Yjm86gN,CURTAIN,2020-03-22,1584889200
7087,R_3nH1Odp9Yjm86gN,TOYS_AND_GAMES,2020-03-22,1584889200
7088,R_3nH1Odp9Yjm86gN,HEALTH_PERSONAL_CARE,2020-03-22,1584889200
7089,R_3peWF42INuePUWA,VACUUM_FILTER,2020-03-22,1584889200
7090,R_3peWF42INuePUWA,SKIN_CLEANING_AGENT,2020-03-22,1584889200
7091,R_3peWF42INuePUWA,SUGAR_CANDY,2020-03-22,1584889200
7092,R_3peWF42INuePUWA,GARMENT_STEAMER,2020-03-22,1584889200
7093,R_3peWF42INuePUWA,PHYSICAL_MOVIE,2020-03-22,1584889200
7094,R_3peWF42INuePUWA,MEDICATION,2020-03-22,1584889200
7095,R_3peWF42INuePUWA,SKIN_MOISTURIZER,2020-03-22,1584889200
7096,R_3peWF42INuePUWA,SHIRT,2020-03-22,1584889200
7097,R_3qlnIILTEuzSyGe,PET_FOOD,2020-03-22,1584889200
7098,R_3qlnIILTEuzSyGe,FOOD_DEHYDRATOR,2020-03-22,1584889200
7099,R_3qlnIILTEuzSyGe,AUTO_PART,2020-03-22,1584889200
7100,R_3qlnIILTEuzSyGe,SKIN_CLEANING_AGENT,2020-03-22,1584889200
7101,R_3qlnIILTEuzSyGe,AUTO_PART,2020-03-22,1584889200
7102,R_3qlnIILTEuzSyGe,SHOES,2020-03-22,1584889200
7103,R_3qlnIILTEuzSyGe,TABLET_COMPUTER,2020-03-22,1584889200
7104,R_3qlnIILTEuzSyGe,PET_FOOD,2020-03-22,1584889200
7105,R_3qlnIILTEuzSyGe,MEDICATION,2020-03-22,1584889200
7106,R_3qlnIILTEuzSyGe,TABLET_COMPUTER,2020-03-22,1584889200
7107,R_3qlnIILTEuzSyGe,ABIS_BOOK,2020-03-22,1584889200
7108,R_3qlnIILTEuzSyGe,EARRING,2020-03-22,1584889200
7109,R_3qlnIILTEuzSyGe,GROCERY,2020-03-22,1584889200
7110,R_3qlnIILTEuzSyGe,SHIRT,2020-03-22,1584889200
7111,R_3qlnIILTEuzSyGe,SHIRT,2020-03-22,1584889200
7112,R_3qlnIILTEuzSyGe,SCREEN_PROTECTOR,2020-03-22,1584889200
7113,R_3qlnIILTEuzSyGe,TABLET_COMPUTER,2020-03-22,1584889200
7114,R_3rV7kPHe9hVsMee,ABIS_BOOK,2020-03-22,1584889200
7115,R_3rV7kPHe9hVsMee,CRACKER,2020-03-22,1584889200
7116,R_3rV7kPHe9hVsMee,WIPER_BLADE,2020-03-22,1584889200
7117,R_3rV7kPHe9hVsMee,PET_FOOD,2020-03-22,1584889200
7118,R_3rV7kPHe9hVsMee,SNACK_FOOD_BAR,2020-03-22,1584889200
7119,R_3rV7kPHe9hVsMee,NAVIGATION_COMPASS,2020-03-22,1584889200
7120,R_3rV7kPHe9hVsMee,SNACK_FOOD_BAR,2020-03-22,1584889200
7121,R_3rV7kPHe9hVsMee,MEDICATION,2020-03-22,1584889200
7122,R_3rV7kPHe9hVsMee,AUDIO_MIDI_INTERFACE,2020-03-22,1584889200
7123,R_3rV7kPHe9hVsMee,MEDICATION,2020-03-22,1584889200
7124,R_4PhRzF4UI9ooLh7,BRASS_AND_WOODWIND_INSTRUMENTS,2020-03-22,1584889200
7125,R_4PhRzF4UI9ooLh7,SKIN_MOISTURIZER,2020-03-22,1584889200
7126,R_4PhRzF4UI9ooLh7,SKIN_MOISTURIZER,2020-03-22,1584889200
7127,R_4PhRzF4UI9ooLh7,PET_FOOD,2020-03-22,1584889200
7128,R_4PhRzF4UI9ooLh7,SINGLE_BOARD_COMPUTER,2020-03-22,1584889200
7129,R_4PhRzF4UI9ooLh7,PAINT,2020-03-22,1584889200
7130,R_4PhRzF4UI9ooLh7,TOGGLE_SWITCH,2020-03-22,1584889200
7131,R_4PhRzF4UI9ooLh7,SOCKS,2020-03-22,1584889200
7132,R_6Y8B3R1iIUjRAXv,SKIN_CLEANING_AGENT,2020-03-22,1584889200
7133,R_AM0OvM0F9kBvqal,MEDICATION,2020-03-22,1584889200
7134,R_CaF1pc8CnyWJvCp,PRINT_COPY_PAPER,2020-03-22,1584889200
7135,R_Djcs43mP6ReoYgN,TOWEL,2020-03-22,1584889200
7136,R_Djcs43mP6ReoYgN,SKIN_MOISTURIZER,2020-03-22,1584889200
7137,R_PwlnzzccUMXV0n7,HEALTH_PERSONAL_CARE,2020-03-22,1584889200
7138,R_PwlnzzccUMXV0n7,PHYSICAL_MOVIE,2020-03-22,1584889200
7139,R_PwlnzzccUMXV0n7,CELLULAR_PHONE_CASE,2020-03-22,1584889200
7140,R_ZeqLnp8IZFNzHMt,AIR_PUMP,2020-03-22,1584889200
7141,R_Zw0unpmWGOSsWEF,COMPUTER_ADD_ON,2020-03-22,1584889200
7142,R_b14mPI2m0e5yH9D,SHIRT,2020-03-22,1584889200
7143,R_bK5PUvc46zAxoQN,BATTERY,2020-03-22,1584889200
7144,R_bw2nQ0iRh2wCa8p,SNACK_FOOD_BAR,2020-03-22,1584889200
7145,R_cAcAtozIWnZIbGp,SUGAR_SUBSTITUTE,2020-03-22,1584889200
7146,R_e8KTElZZLWryLWp,SKIN_EXFOLIANT,2020-03-22,1584889200
7147,R_e8KTElZZLWryLWp,NUTRITIONAL_SUPPLEMENT,2020-03-22,1584889200
7148,R_e8KTElZZLWryLWp,NUTRITIONAL_SUPPLEMENT,2020-03-22,1584889200
7149,R_e8KTElZZLWryLWp,MEDICATION,2020-03-22,1584889200
7150,R_pMnqpu31myYoxy1,PANTS,2020-03-22,1584889200
7151,R_plnyqyltsGtao9P,VEHICLE_SCAN_TOOL,2020-03-22,1584889200
7152,R_pzMCRYrC0qiSwIF,VITAMIN,2020-03-22,1584889200
7153,R_pzMCRYrC0qiSwIF,MEDICATION,2020-03-22,1584889200
7154,R_pzMCRYrC0qiSwIF,SONAR_FATHOMETER,2020-03-22,1584889200
7155,R_tXHOaasrDjYwLO9,PANTS,2020-03-22,1584889200
7156,R_vCykMx1wpGTjjTb,HEADPHONES,2020-03-22,1584889200
7157,R_x0hVvTTXGQY9FRf,TOYS_AND_GAMES,2020-03-22,1584889200
7158,R_yILeYEcIeCBmy2t,NUTRITIONAL_SUPPLEMENT,2020-03-22,1584889200
7159,R_yILeYEcIeCBmy2t,SKIN_MOISTURIZER,2020-03-22,1584889200
7160,R_yILeYEcIeCBmy2t,SCREEN_PROTECTOR,2020-03-22,1584889200
7161,R_yJz6aXbKddNbgZz,SNACK_FOOD_BAR,2020-03-22,1584889200
7162,R_yJz6aXbKddNbgZz,PHYSICAL_MOVIE,2020-03-22,1584889200
7163,R_yrLrYUf4oFzOnjb,HEALTH_PERSONAL_CARE,2020-03-22,1584889200
7164,R_0f8u2tSB99LkgCt,APPAREL,2020-03-23,1584975600
7165,R_0f8u2tSB99LkgCt,HEALTH_PERSONAL_CARE,2020-03-23,1584975600
7166,R_0f8u2tSB99LkgCt,VITAMIN,2020-03-23,1584975600
7167,R_10AtO7bUfe8iWYK,MEDICATION,2020-03-23,1584975600
7168,R_10CAlrx7dbJty9R,MESS_KIT,2020-03-23,1584975600
7169,R_1C9YUFD8GunlGej,PORTABLE_ELECTRONIC_DEVICE_COVER,2020-03-23,1584975600
7170,R_1DJ4QJgrJwK7g3Y,SKIN_MOISTURIZER,2020-03-23,1584975600
7171,R_1DYWdbAMt6LyCZH,PANTS,2020-03-23,1584975600
7172,R_1DYWdbAMt6LyCZH,HEADPHONES,2020-03-23,1584975600
7173,R_1GVsIStj8gTkbIE,LEGUME,2020-03-23,1584975600
7174,R_1GVsIStj8gTkbIE,GROCERY,2020-03-23,1584975600
7175,R_1IZrt5CyqgTg2Qe,ABIS_BOOK,2020-03-23,1584975600
7176,R_1IZrt5CyqgTg2Qe,SNACK_FOOD_BAR,2020-03-23,1584975600
7177,R_1IZrt5CyqgTg2Qe,SCREEN_PROTECTOR,2020-03-23,1584975600
7178,R_1IZrt5CyqgTg2Qe,SCREEN_PROTECTOR,2020-03-23,1584975600
7179,R_1KxVDxZl2H0XoHS,MEDICATION,2020-03-23,1584975600
7180,R_1KxVDxZl2H0XoHS,PET_FOOD,2020-03-23,1584975600
7181,R_1KxVDxZl2H0XoHS,TOYS_AND_GAMES,2020-03-23,1584975600
7182,R_1KxVDxZl2H0XoHS,SNACK_FOOD_BAR,2020-03-23,1584975600
7183,R_1LMa9REuvUok05j,ELECTRONIC_CABLE,2020-03-23,1584975600
7184,R_1MJSWPNY1QR0Q68,MEDICATION,2020-03-23,1584975600
7185,R_1QozBaV2v9k1qO9,ELASTIC_BAND,2020-03-23,1584975600
7186,R_1QozBaV2v9k1qO9,CELLULAR_PHONE_CASE,2020-03-23,1584975600
7187,R_1QozBaV2v9k1qO9,MEDICATION,2020-03-23,1584975600
7188,R_1QozBaV2v9k1qO9,SKIN_CLEANING_AGENT,2020-03-23,1584975600
7189,R_1QozBaV2v9k1qO9,TOYS_AND_GAMES,2020-03-23,1584975600
7190,R_1dFu7LeBJE3Wd6p,SHIRT,2020-03-23,1584975600
7191,R_1dFu7LeBJE3Wd6p,PET_FOOD,2020-03-23,1584975600
7192,R_1dFu7LeBJE3Wd6p,PANTS,2020-03-23,1584975600
7193,R_1escXXhyvAgsBYq,CURTAIN,2020-03-23,1584975600
7194,R_1jZkLNE1JdtyVpH,MEDICATION,2020-03-23,1584975600
7195,R_1jZkLNE1JdtyVpH,VITAMIN,2020-03-23,1584975600
7196,R_1jZkLNE1JdtyVpH,CELLULAR_PHONE_CASE,2020-03-23,1584975600
7197,R_1jZkLNE1JdtyVpH,ELECTRONIC_CABLE,2020-03-23,1584975600
7198,R_1jZkLNE1JdtyVpH,GROCERY,2020-03-23,1584975600
7199,R_1jdLI5cWhAhAzSB,PANTS,2020-03-23,1584975600
7200,R_1owkdABF1wNKFKI,TEETHER,2020-03-23,1584975600
7201,R_1pm2Wo5wrQSY0Gm,SHIRT,2020-03-23,1584975600
7202,R_1pm2Wo5wrQSY0Gm,ABIS_BOOK,2020-03-23,1584975600
7203,R_1pm2Wo5wrQSY0Gm,DRY_SHAMPOO,2020-03-23,1584975600
7204,R_1pm2Wo5wrQSY0Gm,PHYSICAL_MOVIE,2020-03-23,1584975600
7205,R_1pm2Wo5wrQSY0Gm,PEST_CONTROL_DEVICE,2020-03-23,1584975600
7206,R_1pm2Wo5wrQSY0Gm,O_RINGS,2020-03-23,1584975600
7207,R_1pm2Wo5wrQSY0Gm,APPAREL_BELT,2020-03-23,1584975600
7208,R_1pm2Wo5wrQSY0Gm,WALLET,2020-03-23,1584975600
7209,R_1pm2Wo5wrQSY0Gm,VITAMIN,2020-03-23,1584975600
7210,R_1pm2Wo5wrQSY0Gm,ELECTRONIC_CABLE,2020-03-23,1584975600
7211,R_1pm2Wo5wrQSY0Gm,PEST_CONTROL_DEVICE,2020-03-23,1584975600
7212,R_1pu4x2PBb4LrSWk,SOLAR_PANEL,2020-03-23,1584975600
7213,R_1q4eVtHN10S5gPB,HEADPHONES,2020-03-23,1584975600
7214,R_1q4eVtHN10S5gPB,ABIS_BOOK,2020-03-23,1584975600
7215,R_20Yd9DvrGselmZY,SHAMPOO,2020-03-23,1584975600
7216,R_22DJIjS0M8yvaYO,SOCKS,2020-03-23,1584975600
7217,R_22QYpfx86KSwry8,PET_TOY,2020-03-23,1584975600
7218,R_22SxELlmhBQCe1C,HERBAL_SUPPLEMENT,2020-03-23,1584975600
7219,R_22SxELlmhBQCe1C,PERSONAL_FRAGRANCE,2020-03-23,1584975600
7220,R_22SxELlmhBQCe1C,NUTRITIONAL_SUPPLEMENT,2020-03-23,1584975600
7221,R_22SxELlmhBQCe1C,CANDY,2020-03-23,1584975600
7222,R_22SxELlmhBQCe1C,PRODUCT,2020-03-23,1584975600
7223,R_23enipHqTsjcQfN,BATTERY,2020-03-23,1584975600
7224,R_25z5LHPaAsxktx7,SKIN_MOISTURIZER,2020-03-23,1584975600
7225,R_25z5LHPaAsxktx7,RIDE_ON_TOY,2020-03-23,1584975600
7226,R_25z5LHPaAsxktx7,SCREEN_PROTECTOR,2020-03-23,1584975600
7227,R_25z5LHPaAsxktx7,SKIN_CLEANING_AGENT,2020-03-23,1584975600
7228,R_25z5LHPaAsxktx7,ABIS_BOOK,2020-03-23,1584975600
7229,R_25z5LHPaAsxktx7,SCREEN_PROTECTOR,2020-03-23,1584975600
7230,R_273TMGuLM3jXisi,NUTRITIONAL_SUPPLEMENT,2020-03-23,1584975600
7231,R_273TMGuLM3jXisi,SKIN_CLEANING_AGENT,2020-03-23,1584975600
7232,R_29bHzqH6Blzwhem,ABIS_BOOK,2020-03-23,1584975600
7233,R_29tZUWisKTCWczv,CELLULAR_PHONE_CASE,2020-03-23,1584975600
7234,R_29tZUWisKTCWczv,SKIN_MOISTURIZER,2020-03-23,1584975600
7235,R_2ASBFgthVbaGlF3,BATTERY,2020-03-23,1584975600
7236,R_2ASBFgthVbaGlF3,MORTAR_AND_PESTLE_SET,2020-03-23,1584975600
7237,R_2ASBFgthVbaGlF3,ENGINE_COMPONENT_CAP,2020-03-23,1584975600
7238,R_2ASBFgthVbaGlF3,PET_FOOD,2020-03-23,1584975600
7239,R_2ASBFgthVbaGlF3,SKIN_CLEANING_AGENT,2020-03-23,1584975600
7240,R_2ASBFgthVbaGlF3,GROCERY,2020-03-23,1584975600
7241,R_2ASBFgthVbaGlF3,POWER_CORD,2020-03-23,1584975600
7242,R_2E9JSBmmNNT5YMi,RUG,2020-03-23,1584975600
7243,R_2E9JSBmmNNT5YMi,TOYS_AND_GAMES,2020-03-23,1584975600
7244,R_2E9JSBmmNNT5YMi,VITAMIN,2020-03-23,1584975600
7245,R_2E9JSBmmNNT5YMi,TEETHER,2020-03-23,1584975600
7246,R_2E9JSBmmNNT5YMi,SHIRT,2020-03-23,1584975600
7247,R_2E9JSBmmNNT5YMi,SKIN_MOISTURIZER,2020-03-23,1584975600
7248,R_2E9JSBmmNNT5YMi,SNACK_FOOD_BAR,2020-03-23,1584975600
7249,R_2E9JSBmmNNT5YMi,GLUCOSE_METER,2020-03-23,1584975600
7250,R_2E9JSBmmNNT5YMi,PANTS,2020-03-23,1584975600
7251,R_2E9JSBmmNNT5YMi,GRAVITY_BEVERAGE_DISPENSER,2020-03-23,1584975600
7252,R_2E9JSBmmNNT5YMi,DRESS,2020-03-23,1584975600
7253,R_2E9JSBmmNNT5YMi,BATTERY,2020-03-23,1584975600
7254,R_2E9JSBmmNNT5YMi,HEALTH_PERSONAL_CARE,2020-03-23,1584975600
7255,R_2E9JSBmmNNT5YMi,GLUCOSE_METER,2020-03-23,1584975600
7256,R_2E9JSBmmNNT5YMi,ABIS_BOOK,2020-03-23,1584975600
7257,R_2E9JSBmmNNT5YMi,PACKING_MATERIAL,2020-03-23,1584975600
7258,R_2E9JSBmmNNT5YMi,PHYSICAL_MOVIE,2020-03-23,1584975600
7259,R_2EglJpTWGEiwQYa,PANTS,2020-03-23,1584975600
7260,R_2Uc0eY0mHq5DQgt,SKIN_CLEANING_AGENT,2020-03-23,1584975600
7261,R_2Uc0eY0mHq5DQgt,SNACK_FOOD_BAR,2020-03-23,1584975600
7262,R_2VwjXhJ5OznStEi,NUTRITIONAL_SUPPLEMENT,2020-03-23,1584975600
7263,R_2VwjXhJ5OznStEi,PET_FOOD,2020-03-23,1584975600
7264,R_2WSDyKoVDJhO1Os,BED_FRAME,2020-03-23,1584975600
7265,R_2WSDyKoVDJhO1Os,TOYS_AND_GAMES,2020-03-23,1584975600
7266,R_2WVIxBGaj1uOr8S,TOYS_AND_GAMES,2020-03-23,1584975600
7267,R_2WVIxBGaj1uOr8S,PHYSICAL_MOVIE,2020-03-23,1584975600
7268,R_2WVIxBGaj1uOr8S,PANTS,2020-03-23,1584975600
7269,R_2WVIxBGaj1uOr8S,HEADPHONES,2020-03-23,1584975600
7270,R_2WVIxBGaj1uOr8S,HEADPHONES,2020-03-23,1584975600
7271,R_2WVIxBGaj1uOr8S,CELLULAR_PHONE_CASE,2020-03-23,1584975600
7272,R_2WVIxBGaj1uOr8S,PET_FOOD,2020-03-23,1584975600
7273,R_2WVIxBGaj1uOr8S,SOLDERING_STATION,2020-03-23,1584975600
7274,R_2WVIxBGaj1uOr8S,DECORATIVE_SIGNAGE,2020-03-23,1584975600
7275,R_2Y9fPhqa2Xf2QdZ,PET_FOOD,2020-03-23,1584975600
7276,R_2YVQQRVSdj7M8Va,ROBOTIC_VACUUM_CLEANER,2020-03-23,1584975600
7277,R_2YVQQRVSdj7M8Va,TOY_BUILDING_BLOCK,2020-03-23,1584975600
7278,R_2bTLZFP7p4CPlTT,HEADPHONES,2020-03-23,1584975600
7279,R_2cvmrv8q51q8yh1,SKIN_CLEANING_AGENT,2020-03-23,1584975600
7280,R_2dEe5MXA0pGB5Fr,NUTRITIONAL_SUPPLEMENT,2020-03-23,1584975600
7281,R_2e9e8lhWqVtpb7m,PET_FOOD,2020-03-23,1584975600
7282,R_2ebzj3o225IisIQ,PET_ACTIVITY_STRUCTURE,2020-03-23,1584975600
7283,R_2ebzj3o225IisIQ,SKIN_MOISTURIZER,2020-03-23,1584975600
7284,R_2ebzj3o225IisIQ,SHOES,2020-03-23,1584975600
7285,R_2foIkyims4WyyYQ,NUTRITIONAL_SUPPLEMENT,2020-03-23,1584975600
7286,R_2qD8ep8d313iLj4,NUTRITIONAL_SUPPLEMENT,2020-03-23,1584975600
7287,R_2ri4RVtvkxnZzHj,HEALTH_PERSONAL_CARE,2020-03-23,1584975600
7288,R_2ri4RVtvkxnZzHj,UNINTERRUPTIBLE_POWER_SUPPLY,2020-03-23,1584975600
7289,R_2ri4RVtvkxnZzHj,PET_FOOD,2020-03-23,1584975600
7290,R_2s5YO3cdqKDFyIM,GROCERY,2020-03-23,1584975600
7291,R_2s5YO3cdqKDFyIM,HEALTH_PERSONAL_CARE,2020-03-23,1584975600
7292,R_2tfEDXuyNRcQoWs,PET_FOOD,2020-03-23,1584975600
7293,R_2uIMLcJgQmb0v3G,SCREEN_PROTECTOR,2020-03-23,1584975600
7294,R_2vYeXyFdrSyrVwh,WATCH_BAND,2020-03-23,1584975600
7295,R_2vYeXyFdrSyrVwh,HEADPHONES,2020-03-23,1584975600
7296,R_2vYeXyFdrSyrVwh,NUTRITIONAL_SUPPLEMENT,2020-03-23,1584975600
7297,R_2vkMWH10xWp7o9s,TOWEL,2020-03-23,1584975600
7298,R_2wagDt0ZaSu1p8q,BATTERY,2020-03-23,1584975600
7299,R_2wmCdm6ETy6g3k0,UTILITY_KNIFE,2020-03-23,1584975600
7300,R_2xzc7JBNEgYNAqY,SKIN_CLEANING_AGENT,2020-03-23,1584975600
7301,R_2y7p58Cp5veeRa6,GROCERY,2020-03-23,1584975600
7302,R_2z7rLZb69WuqDdf,CAPACITOR,2020-03-23,1584975600
7303,R_2z7rLZb69WuqDdf,MEDICATION,2020-03-23,1584975600
7304,R_2z7rLZb69WuqDdf,AMAZON_BOOK_READER,2020-03-23,1584975600
7305,R_32Mm71oAJq2K9XK,MEDICATION,2020-03-23,1584975600
7306,R_32WvdLjYpicai6o,NUTRITIONAL_SUPPLEMENT,2020-03-23,1584975600
7307,R_32WvdLjYpicai6o,HEALTH_PERSONAL_CARE,2020-03-23,1584975600
7308,R_333cPUAJRgYXqi1,SPARK_PLUG,2020-03-23,1584975600
7309,R_333cPUAJRgYXqi1,ABIS_BOOK,2020-03-23,1584975600
7310,R_333cPUAJRgYXqi1,SNACK_FOOD_BAR,2020-03-23,1584975600
7311,R_333cPUAJRgYXqi1,COFFEE_MAKER,2020-03-23,1584975600
7312,R_338AsE7QedeQ72w,DAIRY_BASED_YOGURT,2020-03-23,1584975600
7313,R_3D0FIkesMnTGsnm,NUTRITIONAL_SUPPLEMENT,2020-03-23,1584975600
7314,R_3EQ2dhEXGhy72Xx,SHOES,2020-03-23,1584975600
7315,R_3EQJpaOtt2aP8HS,MEDICATION,2020-03-23,1584975600
7316,R_3Em4Q2OBHB3m5rz,JUICE_AND_JUICE_DRINK,2020-03-23,1584975600
7317,R_3Em4Q2OBHB3m5rz,SPORT_BAT,2020-03-23,1584975600
7318,R_3G1gYo1d23Zq8Np,SKIN_CLEANING_WIPE,2020-03-23,1584975600
7319,R_3G1gYo1d23Zq8Np,MEDICATION,2020-03-23,1584975600
7320,R_3G1gYo1d23Zq8Np,NUTRITIONAL_SUPPLEMENT,2020-03-23,1584975600
7321,R_3G1gYo1d23Zq8Np,SKIN_MOISTURIZER,2020-03-23,1584975600
7322,R_3G1gYo1d23Zq8Np,NUTRITIONAL_SUPPLEMENT,2020-03-23,1584975600
7323,R_3G1gYo1d23Zq8Np,TOYS_AND_GAMES,2020-03-23,1584975600
7324,R_3G1gYo1d23Zq8Np,MEDICATION,2020-03-23,1584975600
7325,R_3G1gYo1d23Zq8Np,GROCERY,2020-03-23,1584975600
7326,R_3G1gYo1d23Zq8Np,DRAIN_OPENER_SUBSTANCE,2020-03-23,1584975600
7327,R_3G1gYo1d23Zq8Np,MEDICATION,2020-03-23,1584975600
7328,R_3G1gYo1d23Zq8Np,HEADPHONES,2020-03-23,1584975600
7329,R_3GqfePl8gH1VWP1,SCREEN_PROTECTOR,2020-03-23,1584975600
7330,R_3HgZOjGq4Ny969k,HEALTH_PERSONAL_CARE,2020-03-23,1584975600
7331,R_3HigTq4itishziE,SKIN_CLEANING_AGENT,2020-03-23,1584975600
7332,R_3HzhKIwCcybjVbM,PANTS,2020-03-23,1584975600
7333,R_3Jl5q6tZJctgL8B,PANTS,2020-03-23,1584975600
7334,R_3Jl5q6tZJctgL8B,ARTIFICIAL_TREE,2020-03-23,1584975600
7335,R_3KCUnPI9FEz7vTo,INKJET_PRINTER_INK,2020-03-23,1584975600
7336,R_3KpaTa6zCZitiZG,SKIN_MOISTURIZER,2020-03-23,1584975600
7337,R_3KpaTa6zCZitiZG,PANTS,2020-03-23,1584975600
7338,R_3KpaTa6zCZitiZG,SUNSCREEN,2020-03-23,1584975600
7339,R_3KpaTa6zCZitiZG,SNACK_FOOD_BAR,2020-03-23,1584975600
7340,R_3KpaTa6zCZitiZG,PET_FOOD,2020-03-23,1584975600
7341,R_3M3RSZ7wNRSaxNx,PHONE,2020-03-23,1584975600
7342,R_3Mc9nZhk6fg7b8z,PET_FOOD,2020-03-23,1584975600
7343,R_3Mc9nZhk6fg7b8z,MEDICATION,2020-03-23,1584975600
7344,R_3NCfhSJSgGWexUL,CLINICAL_DIAGNOSTIC_TESTING_KIT,2020-03-23,1584975600
7345,R_3QWPI81N7eJPgeK,HEADPHONES,2020-03-23,1584975600
7346,R_3RmDOazalOu0F1L,HEALTH_PERSONAL_CARE,2020-03-23,1584975600
7347,R_3eehQVQNcKmEJtd,WHISK_UTENSIL,2020-03-23,1584975600
7348,R_3emmbwwsXsxt4Oj,PANTS,2020-03-23,1584975600
7349,R_3emmbwwsXsxt4Oj,ELECTRONIC_CABLE,2020-03-23,1584975600
7350,R_3emmbwwsXsxt4Oj,WAIST_CINCHER,2020-03-23,1584975600
7351,R_3g1vpqtwzgBUs93,CAMERA_STAGE_LIGHTING_MODIFIER,2020-03-23,1584975600
7352,R_3g1vpqtwzgBUs93,SKIN_MOISTURIZER,2020-03-23,1584975600
7353,R_3n5zOvmozURNzXz,SKIN_MOISTURIZER,2020-03-23,1584975600
7354,R_3n5zOvmozURNzXz,BLEACH,2020-03-23,1584975600
7355,R_3oO3DoeTgXHrEzx,SCREEN_PROTECTOR,2020-03-23,1584975600
7356,R_3oO3DoeTgXHrEzx,MEDICATION,2020-03-23,1584975600
7357,R_3r26NAbVnDpIxzF,TOYS_AND_GAMES,2020-03-23,1584975600
7358,R_3rZHdmB75jSgwhr,ABIS_VIDEO,2020-03-23,1584975600
7359,R_3s60LmlFm5fAEP5,PANTS,2020-03-23,1584975600
7360,R_3s60LmlFm5fAEP5,CELLULAR_PHONE_CASE,2020-03-23,1584975600
7361,R_3s60LmlFm5fAEP5,ELECTRONIC_CABLE,2020-03-23,1584975600
7362,R_3s60LmlFm5fAEP5,SNACK_FOOD_BAR,2020-03-23,1584975600
7363,R_3s60LmlFm5fAEP5,GROCERY,2020-03-23,1584975600
7364,R_4ONrU60VenuwARr,CABLE_ASSEMBLY,2020-03-23,1584975600
7365,R_4ONrU60VenuwARr,SCREEN_PROTECTOR,2020-03-23,1584975600
7366,R_4PhRzF4UI9ooLh7,SHOES,2020-03-23,1584975600
7367,R_4PhRzF4UI9ooLh7,NUTRITIONAL_SUPPLEMENT,2020-03-23,1584975600
7368,R_5uabKnJBMc7HyEN,RUG,2020-03-23,1584975600
7369,R_5uabKnJBMc7HyEN,MEDICATION,2020-03-23,1584975600
7370,R_5uabKnJBMc7HyEN,COOLING_RACK,2020-03-23,1584975600
7371,R_5uabKnJBMc7HyEN,HEADPHONES,2020-03-23,1584975600
7372,R_5uabKnJBMc7HyEN,ELECTRONIC_CABLE,2020-03-23,1584975600
7373,R_6SbhJD23U5a2YJX,INTEGRATED_STEREO_SYSTEM,2020-03-23,1584975600
7374,R_6SbhJD23U5a2YJX,TRANSFORMER,2020-03-23,1584975600
7375,R_8CXcySQawXPuJwJ,TOYS_AND_GAMES,2020-03-23,1584975600
7376,R_8CXcySQawXPuJwJ,ELECTRONIC_CABLE,2020-03-23,1584975600
7377,R_8CXcySQawXPuJwJ,CELLULAR_PHONE_CASE,2020-03-23,1584975600
7378,R_8CXcySQawXPuJwJ,PET_FOOD,2020-03-23,1584975600
7379,R_8CXcySQawXPuJwJ,CELLULAR_PHONE_CASE,2020-03-23,1584975600
7380,R_8CXcySQawXPuJwJ,SKIN_CLEANING_AGENT,2020-03-23,1584975600
7381,R_8vnpSkm79W7Jsv7,VITAMIN,2020-03-23,1584975600
7382,R_9yOmfJyU0rNZGW5,ABIS_BOOK,2020-03-23,1584975600
7383,R_9yOmfJyU0rNZGW5,SKIN_CLEANING_AGENT,2020-03-23,1584975600
7384,R_Amq2LudEdwYblXX,PANTS,2020-03-23,1584975600
7385,R_DBhzVeGIG4SLSYV,HEALTH_PERSONAL_CARE,2020-03-23,1584975600
7386,R_DBhzVeGIG4SLSYV,BATTERY,2020-03-23,1584975600
7387,R_DBhzVeGIG4SLSYV,APPAREL,2020-03-23,1584975600
7388,R_Djcs43mP6ReoYgN,BICYCLE_DERAILLEUR,2020-03-23,1584975600
7389,R_O6ZX76mggPnAOfD,ABIS_BOOK,2020-03-23,1584975600
7390,R_O6ZX76mggPnAOfD,SKIN_MOISTURIZER,2020-03-23,1584975600
7391,R_OMNSdX5mDbUEZNf,STICKER_DECAL,2020-03-23,1584975600
7392,R_RPudbSO1mm9KZSp,ELECTRONIC_CABLE,2020-03-23,1584975600
7393,R_RPudbSO1mm9KZSp,SPRAY_BOTTLE,2020-03-23,1584975600
7394,R_WerZwuLkMK4zfVf,DEEP_FRYER,2020-03-23,1584975600
7395,R_WerZwuLkMK4zfVf,SKIN_MOISTURIZER,2020-03-23,1584975600
7396,R_XAphEY817eORyx3,SKIN_BLEMISH_REMOVAL_TOOL,2020-03-23,1584975600
7397,R_XSu10jIDimUl5m1,VITAMIN,2020-03-23,1584975600
7398,R_XuCuybjxPer1OeJ,SKIN_CLEANING_AGENT,2020-03-23,1584975600
7399,R_XuCuybjxPer1OeJ,PET_FEEDER,2020-03-23,1584975600
7400,R_XuCuybjxPer1OeJ,SCREEN_PROTECTOR,2020-03-23,1584975600
7401,R_ZkokwdIEZybYo9z,SPEAKERS,2020-03-23,1584975600
7402,R_ZkokwdIEZybYo9z,HEADPHONES,2020-03-23,1584975600
7403,R_b3dSUlk76L0C6TD,CELLULAR_PHONE_CASE,2020-03-23,1584975600
7404,R_b3dSUlk76L0C6TD,CAMERA_LENS_FILTERS,2020-03-23,1584975600
7405,R_bJI8lmXMZWL6oql,NUTRITIONAL_SUPPLEMENT,2020-03-23,1584975600
7406,R_bJI8lmXMZWL6oql,ELECTRONIC_CABLE,2020-03-23,1584975600
7407,R_r3IM83Ecq7eY7QJ,HOME_BED_AND_BATH,2020-03-23,1584975600
7408,R_r3IM83Ecq7eY7QJ,VITAMIN,2020-03-23,1584975600
7409,R_r3IM83Ecq7eY7QJ,SKIN_MOISTURIZER,2020-03-23,1584975600
7410,R_r3IM83Ecq7eY7QJ,SHOES,2020-03-23,1584975600
7411,R_r3IM83Ecq7eY7QJ,PHYSICAL_MOVIE,2020-03-23,1584975600
7412,R_r3IM83Ecq7eY7QJ,ABIS_BOOK,2020-03-23,1584975600
7413,R_r3IM83Ecq7eY7QJ,HEADPHONES,2020-03-23,1584975600
7414,R_r3IM83Ecq7eY7QJ,SKIN_MOISTURIZER,2020-03-23,1584975600
7415,R_r3IM83Ecq7eY7QJ,MOUSE_PAD,2020-03-23,1584975600
7416,R_r3IM83Ecq7eY7QJ,HEADPHONES,2020-03-23,1584975600
7417,R_rcId0AtM417vPGN,PET_FOOD,2020-03-23,1584975600
7418,R_rcId0AtM417vPGN,TABLETOP_GAME,2020-03-23,1584975600
7419,R_sGohXmtT8TjLibT,TABLETOP_GAME,2020-03-23,1584975600
7420,R_sGohXmtT8TjLibT,TOYS_AND_GAMES,2020-03-23,1584975600
7421,R_sH8W9PyBq2swyLn,SHIRT,2020-03-23,1584975600
7422,R_sH8W9PyBq2swyLn,SKIN_CLEANING_AGENT,2020-03-23,1584975600
7423,R_sH8W9PyBq2swyLn,DRINK_FLAVORED,2020-03-23,1584975600
7424,R_sH8W9PyBq2swyLn,PANTS,2020-03-23,1584975600
7425,R_sH8W9PyBq2swyLn,POWER_STRIP,2020-03-23,1584975600
7426,R_sH8W9PyBq2swyLn,BRA,2020-03-23,1584975600
7427,R_sH8W9PyBq2swyLn,TAPE_MEASURE,2020-03-23,1584975600
7428,R_sH8W9PyBq2swyLn,SHOES,2020-03-23,1584975600
7429,R_sM3qX7I1tHzvU09,VITAMIN,2020-03-23,1584975600
7430,R_u99XwBV1boyooXT,LEVEL,2020-03-23,1584975600
7431,R_u99XwBV1boyooXT,VEHICLE_LIGHTING_CONVERSION_KIT,2020-03-23,1584975600
7432,R_u99XwBV1boyooXT,MEDICATION,2020-03-23,1584975600
7433,R_x0hVvTTXGQY9FRf,ELECTRONIC_CABLE,2020-03-23,1584975600
7434,R_x0hVvTTXGQY9FRf,SHOES,2020-03-23,1584975600
7435,R_x0hVvTTXGQY9FRf,PACIFIER,2020-03-23,1584975600
7436,R_yC5ffbdBLVi93Pz,VITAMIN,2020-03-23,1584975600
7437,R_yJz6aXbKddNbgZz,SKIN_CLEANING_AGENT,2020-03-23,1584975600
7438,R_0f8u2tSB99LkgCt,VITAMIN,2020-03-24,1585062000
7439,R_0f8u2tSB99LkgCt,ESSENTIAL_OIL,2020-03-24,1585062000
7440,R_0f8u2tSB99LkgCt,SCREEN_PROTECTOR,2020-03-24,1585062000
7441,R_0f8u2tSB99LkgCt,FOOD_DEHYDRATOR,2020-03-24,1585062000
7442,R_0f8u2tSB99LkgCt,BABY_JUMPER_WALKER,2020-03-24,1585062000
7443,R_10CAlrx7dbJty9R,SHIRT,2020-03-24,1585062000
7444,R_10rsQ6SV3iE7hfu,HEADPHONES,2020-03-24,1585062000
7445,R_129jUlsvVcVBDur,HEALTH_PERSONAL_CARE,2020-03-24,1585062000
7446,R_1DYWdbAMt6LyCZH,HEADPHONES,2020-03-24,1585062000
7447,R_1GWHQwmLGiIkYBH,EARRING,2020-03-24,1585062000
7448,R_1GghoTNZdgUeySl,GRIDDLE_PLATE,2020-03-24,1585062000
7449,R_1IZBlduDFUJEphM,CARRIER_BAG_CASE,2020-03-24,1585062000
7450,R_1Kru2C0Zf28ZbQ0,SKIN_CLEANING_AGENT,2020-03-24,1585062000
7451,R_1LcCULNDVzpY8B5,ABIS_BOOK,2020-03-24,1585062000
7452,R_1LcCULNDVzpY8B5,VEHICLE_SPOILER,2020-03-24,1585062000
7453,R_1LcCULNDVzpY8B5,WATERING_CAN,2020-03-24,1585062000
7454,R_1NDq0rxoUSu6oyz,SKIN_MOISTURIZER,2020-03-24,1585062000
7455,R_1NgAWSeub1pgOGj,BAKING_PAN,2020-03-24,1585062000
7456,R_1OJZKQM4ZrHncBJ,SOUND_CARD,2020-03-24,1585062000
7457,R_1Q62CIVb2WAS8hB,HOME_LIGHTING_ACCESSORY,2020-03-24,1585062000
7458,R_1Qyzwfx5HrXdw4U,BATTERY,2020-03-24,1585062000
7459,R_1goV1AJmLMRsVRE,SKIN_CLEANING_AGENT,2020-03-24,1585062000
7460,R_1goV1AJmLMRsVRE,PLACEMAT,2020-03-24,1585062000
7461,R_1goV1AJmLMRsVRE,PANTS,2020-03-24,1585062000
7462,R_1goV1AJmLMRsVRE,BLOOD_OXYGEN_MONITOR,2020-03-24,1585062000
7463,R_1jUqdfR1Zz6mZMf,PHYSICAL_MOVIE,2020-03-24,1585062000
7464,R_1jZkLNE1JdtyVpH,SNACK_FOOD_BAR,2020-03-24,1585062000
7465,R_1l4zCtGUTvAWdS6,ELECTRIC_MOTOR,2020-03-24,1585062000
7466,R_1n8h8059UUul8Dr,SKIN_SERUM,2020-03-24,1585062000
7467,R_1nZzu0Kj9WQ8P4x,BATTERY,2020-03-24,1585062000
7468,R_1nZzu0Kj9WQ8P4x,PANTS,2020-03-24,1585062000
7469,R_1psTlOFeWx4gWdX,GROCERY,2020-03-24,1585062000
7470,R_21B94A6XQ9h1HZb,MEDICATION,2020-03-24,1585062000
7471,R_21B94A6XQ9h1HZb,NUTRITIONAL_SUPPLEMENT,2020-03-24,1585062000
7472,R_248HEjiUt8tw60V,CARD_STOCK,2020-03-24,1585062000
7473,R_24csoaO569P4Yzz,HEADPHONES,2020-03-24,1585062000
7474,R_24csoaO569P4Yzz,VITAMIN,2020-03-24,1585062000
7475,R_24csoaO569P4Yzz,ABIS_BOOK,2020-03-24,1585062000
7476,R_24csoaO569P4Yzz,PHYSICAL_MOVIE,2020-03-24,1585062000
7477,R_265zDShpZJQSm6H,VITAMIN,2020-03-24,1585062000
7478,R_265zDShpZJQSm6H,MISC_WORLD_INSTRUMENTS,2020-03-24,1585062000
7479,R_265zDShpZJQSm6H,PUZZLES,2020-03-24,1585062000
7480,R_265zDShpZJQSm6H,SURFACE_CLEANING_WIPE,2020-03-24,1585062000
7481,R_265zDShpZJQSm6H,SNACK_FOOD_BAR,2020-03-24,1585062000
7482,R_265zDShpZJQSm6H,THERMOS,2020-03-24,1585062000
7483,R_265zDShpZJQSm6H,HEADPHONES,2020-03-24,1585062000
7484,R_265zDShpZJQSm6H,MISC_WORLD_INSTRUMENTS,2020-03-24,1585062000
7485,R_265zDShpZJQSm6H,FISHING_HOOK,2020-03-24,1585062000
7486,R_265zDShpZJQSm6H,CAMERA_CLEANER,2020-03-24,1585062000
7487,R_265zDShpZJQSm6H,SNACK_FOOD_BAR,2020-03-24,1585062000
7488,R_265zDShpZJQSm6H,SNACK_FOOD_BAR,2020-03-24,1585062000
7489,R_265zDShpZJQSm6H,ABIS_BOOK,2020-03-24,1585062000
7490,R_265zDShpZJQSm6H,HEADPHONES,2020-03-24,1585062000
7491,R_265zDShpZJQSm6H,HEALTH_PERSONAL_CARE,2020-03-24,1585062000
7492,R_26nB6rfoaXIEb6Z,SHOWERHEAD,2020-03-24,1585062000
7493,R_273TMGuLM3jXisi,BODY_STRAP,2020-03-24,1585062000
7494,R_273TMGuLM3jXisi,MAGAZINES,2020-03-24,1585062000
7495,R_273TMGuLM3jXisi,HEALTH_PERSONAL_CARE,2020-03-24,1585062000
7496,R_273TMGuLM3jXisi,BATTERY,2020-03-24,1585062000
7497,R_273TMGuLM3jXisi,SHOES,2020-03-24,1585062000
7498,R_273TMGuLM3jXisi,VITAMIN,2020-03-24,1585062000
7499,R_273TMGuLM3jXisi,VITAMIN,2020-03-24,1585062000
7500,R_27DL80quzRiSEmq,SNACK_FOOD_BAR,2020-03-24,1585062000
7501,R_28BST1zc80UaP2C,SHOES,2020-03-24,1585062000
7502,R_28BST1zc80UaP2C,CELLULAR_PHONE_CASE,2020-03-24,1585062000
7503,R_28BST1zc80UaP2C,CAKE,2020-03-24,1585062000
7504,R_29uBVByYo0xAXiZ,SCREEN_PROTECTOR,2020-03-24,1585062000
7505,R_29uBVByYo0xAXiZ,UMBRELLA,2020-03-24,1585062000
7506,R_2DXPyU9bPnWuZPM,VITAMIN,2020-03-24,1585062000
7507,R_2E9JSBmmNNT5YMi,PET_FOOD,2020-03-24,1585062000
7508,R_2EglJpTWGEiwQYa,HEADPHONES,2020-03-24,1585062000
7509,R_2EglJpTWGEiwQYa,SUNSCREEN,2020-03-24,1585062000
7510,R_2EglJpTWGEiwQYa,VITAMIN,2020-03-24,1585062000
7511,R_2EglJpTWGEiwQYa,SANDAL,2020-03-24,1585062000
7512,R_2EglJpTWGEiwQYa,PORTABLE_TOOL_BOX,2020-03-24,1585062000
7513,R_2Etc0qZ3B702xxn,PHYSICAL_MOVIE,2020-03-24,1585062000
7514,R_2Etc0qZ3B702xxn,SHOES,2020-03-24,1585062000
7515,R_2Etc0qZ3B702xxn,ELECTRIC_FAN,2020-03-24,1585062000
7516,R_2Etc0qZ3B702xxn,SHOES,2020-03-24,1585062000
7517,R_2Etc0qZ3B702xxn,PHYSICAL_MOVIE,2020-03-24,1585062000
7518,R_2P50Iq3Uo8HiCwT,CARPET_UPHOLSTERY_CLEANING_MACHINE,2020-03-24,1585062000
7519,R_2P50Iq3Uo8HiCwT,TOYS_AND_GAMES,2020-03-24,1585062000
7520,R_2QXJIE0UXBTy8wd,SKIN_CLEANING_BRUSH,2020-03-24,1585062000
7521,R_2QXJIE0UXBTy8wd,AUDIO_MIDI_INTERFACE,2020-03-24,1585062000
7522,R_2R3ayuIYVgX07CZ,SKIN_MOISTURIZER,2020-03-24,1585062000
7523,R_2R3ayuIYVgX07CZ,SUGAR_CANDY,2020-03-24,1585062000
7524,R_2R3ayuIYVgX07CZ,SNACK_FOOD_BAR,2020-03-24,1585062000
7525,R_2R3ayuIYVgX07CZ,MATERIAL_HANDLING,2020-03-24,1585062000
7526,R_2R3ayuIYVgX07CZ,CELLULAR_PHONE_CASE,2020-03-24,1585062000
7527,R_2R3ayuIYVgX07CZ,SHOES,2020-03-24,1585062000
7528,R_2R3ayuIYVgX07CZ,PAPER_TOWEL,2020-03-24,1585062000
7529,R_2SIYchF5txvb4ur,ABIS_BOOK,2020-03-24,1585062000
7530,R_2UaV2vSZDxrE35n,ARTIFICIAL_PLANT,2020-03-24,1585062000
7531,R_2UfTIFhpicfXgPX,PANTS,2020-03-24,1585062000
7532,R_2VC0DIxeSbfkTsv,CELLULAR_PHONE_CASE,2020-03-24,1585062000
7533,R_2VC0DIxeSbfkTsv,SCREEN_PROTECTOR,2020-03-24,1585062000
7534,R_2VC0DIxeSbfkTsv,VEHICLE_BAG,2020-03-24,1585062000
7535,R_2VwjXhJ5OznStEi,SKIN_CLEANING_AGENT,2020-03-24,1585062000
7536,R_2YR2Yn7wGzAeAj0,MEDICATION,2020-03-24,1585062000
7537,R_2ZEQSnRGlS7ZscC,SOLID_FIRE_FUEL,2020-03-24,1585062000
7538,R_2ZEQSnRGlS7ZscC,GROCERY,2020-03-24,1585062000
7539,R_2ZK5JH2NcMfnWuS,ABIS_BOOK,2020-03-24,1585062000
7540,R_2dz21GRV17aGMQ6,MECHANICAL_BELT,2020-03-24,1585062000
7541,R_2ebzj3o225IisIQ,SNACK_FOOD_BAR,2020-03-24,1585062000
7542,R_2mAJniG0xVBIInL,SKIN_CLEANING_AGENT,2020-03-24,1585062000
7543,R_2mAJniG0xVBIInL,MEDICATION,2020-03-24,1585062000
7544,R_2q2hekIiutgInrE,SKIN_CLEANING_AGENT,2020-03-24,1585062000
7545,R_2qD8ep8d313iLj4,PET_FOOD,2020-03-24,1585062000
7546,R_2r7Zl5CTeW1dMqd,CAMERA_STAGE_LIGHTING_MODIFIER,2020-03-24,1585062000
7547,R_2uIMLcJgQmb0v3G,ELECTRONIC_CABLE,2020-03-24,1585062000
7548,R_2uIMLcJgQmb0v3G,ELECTRONIC_CABLE,2020-03-24,1585062000
7549,R_2uIMLcJgQmb0v3G,CELLULAR_PHONE_CASE,2020-03-24,1585062000
7550,R_2uZDxTZAORBIW1o,ABIS_BOOK,2020-03-24,1585062000
7551,R_2wmLE1q4FIpfioi,PANTS,2020-03-24,1585062000
7552,R_2wzatCV9Z18xLF2,GROCERY,2020-03-24,1585062000
7553,R_2z7rLZb69WuqDdf,SKIN_MOISTURIZER,2020-03-24,1585062000
7554,R_2z7rLZb69WuqDdf,MEDICATION,2020-03-24,1585062000
7555,R_3093m6Spz9VzxAK,ONE_PIECE_OUTFIT,2020-03-24,1585062000
7556,R_31QS1Ms6iQEU3mI,PORTABLE_FREESTANDING_SHELTER,2020-03-24,1585062000
7557,R_32Mm71oAJq2K9XK,DRYING_RACK,2020-03-24,1585062000
7558,R_32Mm71oAJq2K9XK,PHYSICAL_MOVIE,2020-03-24,1585062000
7559,R_32Mm71oAJq2K9XK,PANTS,2020-03-24,1585062000
7560,R_32RSCpvF0PqDFBp,PORTABLE_STOVE,2020-03-24,1585062000
7561,R_32RSCpvF0PqDFBp,HARDWARE_STAPLE,2020-03-24,1585062000
7562,R_32RSCpvF0PqDFBp,VITAMIN,2020-03-24,1585062000
7563,R_32RSCpvF0PqDFBp,NUTRITIONAL_SUPPLEMENT,2020-03-24,1585062000
7564,R_32RSCpvF0PqDFBp,BICYCLE_LIGHT,2020-03-24,1585062000
7565,R_32RSCpvF0PqDFBp,BAKING_MIX,2020-03-24,1585062000
7566,R_32RSCpvF0PqDFBp,GROCERY,2020-03-24,1585062000
7567,R_32RSCpvF0PqDFBp,MEDICATION,2020-03-24,1585062000
7568,R_3G1gYo1d23Zq8Np,SHOES,2020-03-24,1585062000
7569,R_3G1gYo1d23Zq8Np,ABIS_BOOK,2020-03-24,1585062000
7570,R_3G1gYo1d23Zq8Np,MINERAL_SUPPLEMENT,2020-03-24,1585062000
7571,R_3GD1CL4OyjglmbZ,ART_SUPPLIES,2020-03-24,1585062000
7572,R_3HigTq4itishziE,MEDICATION,2020-03-24,1585062000
7573,R_3Hphzg7zu04Hgy1,HEALTH_PERSONAL_CARE,2020-03-24,1585062000
7574,R_3IaGUIs83jpQZU4,NUTRITIONAL_SUPPLEMENT,2020-03-24,1585062000
7575,R_3JK3aP5uRxffXiy,ELECTRONIC_CABLE,2020-03-24,1585062000
7576,R_3Jxiicg67etW2yt,GROCERY,2020-03-24,1585062000
7577,R_3Jxiicg67etW2yt,HEADPHONES,2020-03-24,1585062000
7578,R_3KpaTa6zCZitiZG,MEDICATION,2020-03-24,1585062000
7579,R_3KpaTa6zCZitiZG,HEALTH_PERSONAL_CARE,2020-03-24,1585062000
7580,R_3MhBAq6V6XHU9ln,SUGAR,2020-03-24,1585062000
7581,R_3MhBAq6V6XHU9ln,SPLASH_POOL,2020-03-24,1585062000
7582,R_3MhBAq6V6XHU9ln,STICKER_DECAL,2020-03-24,1585062000
7583,R_3MhBAq6V6XHU9ln,SKIN_CLEANING_AGENT,2020-03-24,1585062000
7584,R_3MhBAq6V6XHU9ln,CE_ACCESSORY,2020-03-24,1585062000
7585,R_3MhBAq6V6XHU9ln,NUTRITIONAL_SUPPLEMENT,2020-03-24,1585062000
7586,R_3gTrwWhEzAv6gzH,ABIS_BOOK,2020-03-24,1585062000
7587,R_3gTrwWhEzAv6gzH,EXERCISE_BAND,2020-03-24,1585062000
7588,R_3h4JnsfebywTUxX,BATTERY,2020-03-24,1585062000
7589,R_3m3H4mwZ2snYFua,HEADPHONES,2020-03-24,1585062000
7590,R_3m3H4mwZ2snYFua,TOYS_AND_GAMES,2020-03-24,1585062000
7591,R_3m3H4mwZ2snYFua,PANTS,2020-03-24,1585062000
7592,R_3m3H4mwZ2snYFua,SHOES,2020-03-24,1585062000
7593,R_3m3H4mwZ2snYFua,MEDICATION,2020-03-24,1585062000
7594,R_3m3H4mwZ2snYFua,HEADPHONES,2020-03-24,1585062000
7595,R_3nH1Odp9Yjm86gN,NUTRITIONAL_SUPPLEMENT,2020-03-24,1585062000
7596,R_3nH1Odp9Yjm86gN,SKIN_CLEANING_AGENT,2020-03-24,1585062000
7597,R_3pmeuOmzM4r5gMS,GROCERY,2020-03-24,1585062000
7598,R_3sbM1ke1qD79iaT,HEALTH_PERSONAL_CARE,2020-03-24,1585062000
7599,R_3socPWD3wXD0iDP,PET_FOOD,2020-03-24,1585062000
7600,R_3socPWD3wXD0iDP,SHELLFISH,2020-03-24,1585062000
7601,R_4PhRzF4UI9ooLh7,TOGGLE_SWITCH,2020-03-24,1585062000
7602,R_5uabKnJBMc7HyEN,NUTRITIONAL_SUPPLEMENT,2020-03-24,1585062000
7603,R_6gwxeBuC9V7nKsF,PET_FOOD,2020-03-24,1585062000
7604,R_6gwxeBuC9V7nKsF,MEDICATION,2020-03-24,1585062000
7605,R_7ZH1uBNuL9RQ2K5,ASTRINGENT_SUBSTANCE,2020-03-24,1585062000
7606,R_8CXcySQawXPuJwJ,SKIN_MOISTURIZER,2020-03-24,1585062000
7607,R_8CXcySQawXPuJwJ,FISHING_REEL,2020-03-24,1585062000
7608,R_8CXcySQawXPuJwJ,HEADPHONES,2020-03-24,1585062000
7609,R_8CXcySQawXPuJwJ,BABY_BOTTLE,2020-03-24,1585062000
7610,R_9L8Lum5AaHh6bq9,ELECTRONIC_CABLE,2020-03-24,1585062000
7611,R_9L8Lum5AaHh6bq9,SKIN_MOISTURIZER,2020-03-24,1585062000
7612,R_AKBlDprDMrv4M7v,MEDICATION,2020-03-24,1585062000
7613,R_AKBlDprDMrv4M7v,HEADPHONES,2020-03-24,1585062000
7614,R_AKBlDprDMrv4M7v,WEED_MOSS_CONTROL_AGENT,2020-03-24,1585062000
7615,R_AM0OvM0F9kBvqal,COUNTERTOP_OVEN,2020-03-24,1585062000
7616,R_Amq2LudEdwYblXX,SNACK_FOOD_BAR,2020-03-24,1585062000
7617,R_Amq2LudEdwYblXX,CELLULAR_PHONE_CASE,2020-03-24,1585062000
7618,R_BWhnv4EdbhSS6rf,MEDICATION,2020-03-24,1585062000
7619,R_BWhnv4EdbhSS6rf,PET_FOOD,2020-03-24,1585062000
7620,R_BWhnv4EdbhSS6rf,MEDICATION,2020-03-24,1585062000
7621,R_BWhnv4EdbhSS6rf,HEALTH_PERSONAL_CARE,2020-03-24,1585062000
7622,R_BYr5WwayMBf66SR,EYELASH_CURLER,2020-03-24,1585062000
7623,R_CaF1pc8CnyWJvCp,BATTERY,2020-03-24,1585062000
7624,R_OdTirYYBS6ms6nn,SNACK_FOOD_BAR,2020-03-24,1585062000
7625,R_OdTirYYBS6ms6nn,TOYS_AND_GAMES,2020-03-24,1585062000
7626,R_OdTirYYBS6ms6nn,BATTERY,2020-03-24,1585062000
7627,R_PB47lifIW2D9E65,SHOWER_CAP,2020-03-24,1585062000
7628,R_Q6WPHvxgbOBjvZ7,BATTERY,2020-03-24,1585062000
7629,R_SVHcBOlErkMEJjP,SECURITY_CAMERA,2020-03-24,1585062000
7630,R_TwqkiWpv7r8ygAV,SCREEN_PROTECTOR,2020-03-24,1585062000
7631,R_V1EWFs6tkv2DaMN,PHYSICAL_MOVIE,2020-03-24,1585062000
7632,R_WerZwuLkMK4zfVf,ELECTRONIC_CABLE,2020-03-24,1585062000
7633,R_Z4qMkqhWSmIbdSh,WIG,2020-03-24,1585062000
7634,R_Z4qMkqhWSmIbdSh,PHYSICAL_MOVIE,2020-03-24,1585062000
7635,R_Zw0unpmWGOSsWEF,PHYSICAL_MOVIE,2020-03-24,1585062000
7636,R_Zw0unpmWGOSsWEF,SPOON_REST,2020-03-24,1585062000
7637,R_b3dSUlk76L0C6TD,FLAVORED_DRINK_CONCENTRATE,2020-03-24,1585062000
7638,R_b8UnkZJoU93ZxEB,SNACK_FOOD_BAR,2020-03-24,1585062000
7639,R_b8UnkZJoU93ZxEB,SKIN_MOISTURIZER,2020-03-24,1585062000
7640,R_b8UnkZJoU93ZxEB,TOYS_AND_GAMES,2020-03-24,1585062000
7641,R_bJI8lmXMZWL6oql,MEDICATION,2020-03-24,1585062000
7642,R_bJI8lmXMZWL6oql,NUTRITIONAL_SUPPLEMENT,2020-03-24,1585062000
7643,R_blmQEhOrCwpqG4x,HEALTH_PERSONAL_CARE,2020-03-24,1585062000
7644,R_blmQEhOrCwpqG4x,PHYSICAL_MOVIE,2020-03-24,1585062000
7645,R_cAcAtozIWnZIbGp,FALSE_NAIL,2020-03-24,1585062000
7646,R_e8KTElZZLWryLWp,ELECTRONIC_CABLE,2020-03-24,1585062000
7647,R_pMnqpu31myYoxy1,PANTS,2020-03-24,1585062000
7648,R_reG3llJtTwO6ccV,MATTRESS,2020-03-24,1585062000
7649,R_reG3llJtTwO6ccV,GOURMET_FOOD,2020-03-24,1585062000
7650,R_sGohXmtT8TjLibT,ELECTRICITY_GENERATOR,2020-03-24,1585062000
7651,R_sGohXmtT8TjLibT,PET_ACTIVITY_STRUCTURE,2020-03-24,1585062000
7652,R_sH8W9PyBq2swyLn,BADGE_HOLDER,2020-03-24,1585062000
7653,R_sH8W9PyBq2swyLn,BENCH,2020-03-24,1585062000
7654,R_sotmrGe7Rv3U10J,AIR_FRYER,2020-03-24,1585062000
7655,R_sotmrGe7Rv3U10J,TOYS_AND_GAMES,2020-03-24,1585062000
7656,R_swfIN0JgX72IbMl,PET_FOOD,2020-03-24,1585062000
7657,R_swfIN0JgX72IbMl,SHOES,2020-03-24,1585062000
7658,R_swfIN0JgX72IbMl,HYDRATION_PACK,2020-03-24,1585062000
7659,R_u2EdYogSnJBrpex,SKIN_MOISTURIZER,2020-03-24,1585062000
7660,R_u2EdYogSnJBrpex,SHOES,2020-03-24,1585062000
7661,R_u2EdYogSnJBrpex,LAMP,2020-03-24,1585062000
7662,R_u94bdSj5JBe7WZb,SHOES,2020-03-24,1585062000
7663,R_yILeYEcIeCBmy2t,MEDICATION,2020-03-24,1585062000
7664,R_yILeYEcIeCBmy2t,CAN_OPENER,2020-03-24,1585062000
7665,R_yJz6aXbKddNbgZz,ABIS_BOOK,2020-03-24,1585062000
7666,R_10CAlrx7dbJty9R,HEADPHONES,2020-03-25,1585148400
7667,R_128SoytOm4LO2kk,ELECTRONIC_CABLE,2020-03-25,1585148400
7668,R_1C75XRebT1eliL0,MINERAL_SUPPLEMENT,2020-03-25,1585148400
7669,R_1Cx2TzfSj9KxVhR,SNACK_FOOD_BAR,2020-03-25,1585148400
7670,R_1Cx2TzfSj9KxVhR,SHIRT,2020-03-25,1585148400
7671,R_1Cx2TzfSj9KxVhR,POWER_STRIP,2020-03-25,1585148400
7672,R_1Cx2TzfSj9KxVhR,POWER_STRIP,2020-03-25,1585148400
7673,R_1Cx2TzfSj9KxVhR,SNACK_FOOD_BAR,2020-03-25,1585148400
7674,R_1Cx2TzfSj9KxVhR,HEADPHONES,2020-03-25,1585148400
7675,R_1Cx2TzfSj9KxVhR,PHYSICAL_MOVIE,2020-03-25,1585148400
7676,R_1F35QiIK5csZBEC,SCREEN_PROTECTOR,2020-03-25,1585148400
7677,R_1IZBlduDFUJEphM,HANGING_ROD,2020-03-25,1585148400
7678,R_1JLBP1fFf3p8tpy,SOLDERING_IRON,2020-03-25,1585148400
7679,R_1Kru2C0Zf28ZbQ0,ELECTRONIC_CABLE,2020-03-25,1585148400
7680,R_1Kru2C0Zf28ZbQ0,ANIMAL_CAGE,2020-03-25,1585148400
7681,R_1Kru2C0Zf28ZbQ0,WILDLIFE_FEEDER,2020-03-25,1585148400
7682,R_1Kru2C0Zf28ZbQ0,VEHICLE_LIGHT_ASSEMBLY,2020-03-25,1585148400
7683,R_1Kru2C0Zf28ZbQ0,ABIS_BOOK,2020-03-25,1585148400
7684,R_1KxVDxZl2H0XoHS,UNDERPANTS,2020-03-25,1585148400
7685,R_1KxVDxZl2H0XoHS,ELECTRICAL_PLUG,2020-03-25,1585148400
7686,R_1LIJDv6NDuvkCi4,LIGHT_BOX,2020-03-25,1585148400
7687,R_1LMa9REuvUok05j,SNACK_FOOD_BAR,2020-03-25,1585148400
7688,R_1LMa9REuvUok05j,SHEET_PAPER,2020-03-25,1585148400
7689,R_1M5mnTcAVcSRcli,MILK_FROTHER,2020-03-25,1585148400
7690,R_1NCzj2eSHI4QGcd,ELECTRONIC_CABLE,2020-03-25,1585148400
7691,R_1NDq0rxoUSu6oyz,SHOES,2020-03-25,1585148400
7692,R_1NDq0rxoUSu6oyz,BATH_TOY,2020-03-25,1585148400
7693,R_1NDq0rxoUSu6oyz,NUTRITIONAL_SUPPLEMENT,2020-03-25,1585148400
7694,R_1NDq0rxoUSu6oyz,TOWEL_HOLDER,2020-03-25,1585148400
7695,R_1NDq0rxoUSu6oyz,GROCERY,2020-03-25,1585148400
7696,R_1Q9JeeKncbbLcz0,SHOES,2020-03-25,1585148400
7697,R_1Q9JeeKncbbLcz0,STICKER_DECAL,2020-03-25,1585148400
7698,R_1Q9JeeKncbbLcz0,PICKLE,2020-03-25,1585148400
7699,R_1Q9JeeKncbbLcz0,ABIS_BOOK,2020-03-25,1585148400
7700,R_1Q9JeeKncbbLcz0,MEDICATION,2020-03-25,1585148400
7701,R_1Q9JeeKncbbLcz0,CHEWING_GUM,2020-03-25,1585148400
7702,R_1Q9JeeKncbbLcz0,CELLULAR_PHONE_CASE,2020-03-25,1585148400
7703,R_1Q9JeeKncbbLcz0,ABIS_BOOK,2020-03-25,1585148400
7704,R_1Q9JeeKncbbLcz0,SHOES,2020-03-25,1585148400
7705,R_1Q9JeeKncbbLcz0,ICE_CHEST,2020-03-25,1585148400
7706,R_1Q9JeeKncbbLcz0,SNACK_FOOD_BAR,2020-03-25,1585148400
7707,R_1Q9JeeKncbbLcz0,ABIS_BOOK,2020-03-25,1585148400
7708,R_1Q9JeeKncbbLcz0,GPS_OR_NAVIGATION_SYSTEM,2020-03-25,1585148400
7709,R_1Q9JeeKncbbLcz0,SNACK_FOOD_BAR,2020-03-25,1585148400
7710,R_1Qyzwfx5HrXdw4U,WATERING_CAN,2020-03-25,1585148400
7711,R_1dKBjc0UTA0ZiYb,ELECTRONIC_CABLE,2020-03-25,1585148400
7712,R_1dKBjc0UTA0ZiYb,PANTS,2020-03-25,1585148400
7713,R_1eFv0mPpH4dM2mG,HEALTH_PERSONAL_CARE,2020-03-25,1585148400
7714,R_1hMV4AHCk04WO5V,MOP_BUCKET_SET,2020-03-25,1585148400
7715,R_1hMV4AHCk04WO5V,MEDICATION,2020-03-25,1585148400
7716,R_1hMV4AHCk04WO5V,BATTERY,2020-03-25,1585148400
7717,R_1ig4LC2I0cwMCHk,BLANK_BOOK,2020-03-25,1585148400
7718,R_1lxYa2W6GgcAQ19,ELECTRONIC_CABLE,2020-03-25,1585148400
7719,R_1meX9dBVU2swMtm,ARTIFICIAL_PLANT,2020-03-25,1585148400
7720,R_1meX9dBVU2swMtm,SCREEN_PROTECTOR,2020-03-25,1585148400
7721,R_1meX9dBVU2swMtm,SCREEN_PROTECTOR,2020-03-25,1585148400
7722,R_1oFRyes3ggnKU4B,PHYSICAL_MOVIE,2020-03-25,1585148400
7723,R_1oFRyes3ggnKU4B,TOYS_AND_GAMES,2020-03-25,1585148400
7724,R_1pu4x2PBb4LrSWk,PHYSICAL_MOVIE,2020-03-25,1585148400
7725,R_1pu4x2PBb4LrSWk,MEDICATION,2020-03-25,1585148400
7726,R_210tLKdUbUZuf7O,CELLULAR_PHONE_CASE,2020-03-25,1585148400
7727,R_210tLKdUbUZuf7O,GIFT_CARD,2020-03-25,1585148400
7728,R_22nS4Bu8Q3B84gf,ELECTRONIC_CABLE,2020-03-25,1585148400
7729,R_22nS4Bu8Q3B84gf,SOAP_DISH,2020-03-25,1585148400
7730,R_24MKoSmvuiLEI76,HEADPHONES,2020-03-25,1585148400
7731,R_25SbPPTyE45YzXP,ABIS_BOOK,2020-03-25,1585148400
7732,R_27B5jMHYqArQV6X,PHYSICAL_VIDEO_GAME_SOFTWARE,2020-03-25,1585148400
7733,R_27DL80quzRiSEmq,SQUEEGEE,2020-03-25,1585148400
7734,R_27DL80quzRiSEmq,MEDICATION,2020-03-25,1585148400
7735,R_27DL80quzRiSEmq,ABIS_BOOK,2020-03-25,1585148400
7736,R_27DL80quzRiSEmq,PAPER_TOWEL_HOLDER,2020-03-25,1585148400
7737,R_27DL80quzRiSEmq,PET_FOOD,2020-03-25,1585148400
7738,R_27DL80quzRiSEmq,SPOON,2020-03-25,1585148400
7739,R_27DL80quzRiSEmq,CARD_STOCK,2020-03-25,1585148400
7740,R_27ydwfqncX77Mnd,HEALTH_PERSONAL_CARE,2020-03-25,1585148400
7741,R_27ydwfqncX77Mnd,TOYS_AND_GAMES,2020-03-25,1585148400
7742,R_27ydwfqncX77Mnd,ABIS_BOOK,2020-03-25,1585148400
7743,R_28SckJ1LanzFPvD,FLAT_SCREEN_DISPLAY_MOUNT,2020-03-25,1585148400
7744,R_29oUfTgQ6sWbFG2,PET_FOOD,2020-03-25,1585148400
7745,R_29oUfTgQ6sWbFG2,ANIMAL_LITTER,2020-03-25,1585148400
7746,R_2CpozrevorP48sb,ABIS_BOOK,2020-03-25,1585148400
7747,R_2E9JSBmmNNT5YMi,ELECTRONIC_CABLE,2020-03-25,1585148400
7748,R_2EglJpTWGEiwQYa,RING,2020-03-25,1585148400
7749,R_2EglJpTWGEiwQYa,SKIN_PROTECTANT,2020-03-25,1585148400
7750,R_2OOq3ysdOS3TtBd,CAMERA_LENSES,2020-03-25,1585148400
7751,R_2QswpKsGnL3NBXE,TELEVISION,2020-03-25,1585148400
7752,R_2SksQStmmNpRaiB,SNACK_FOOD_BAR,2020-03-25,1585148400
7753,R_2SksQStmmNpRaiB,MEDICATION,2020-03-25,1585148400
7754,R_2TEGPne2Cu1LmmT,SKIN_CLEANING_AGENT,2020-03-25,1585148400
7755,R_2ToRb0eNQrFNM3u,SHOES,2020-03-25,1585148400
7756,R_2ToRb0eNQrFNM3u,TOYS_AND_GAMES,2020-03-25,1585148400
7757,R_2ToRb0eNQrFNM3u,TOYS_AND_GAMES,2020-03-25,1585148400
7758,R_2UctLzmpg4UJRZu,BOTTLE,2020-03-25,1585148400
7759,R_2UctLzmpg4UJRZu,GROCERY,2020-03-25,1585148400
7760,R_2Vjq0u3IGbVbOBl,MEDICATION,2020-03-25,1585148400
7761,R_2YLHuI0WiiWMbKI,TABLECLOTH,2020-03-25,1585148400
7762,R_2YLHuI0WiiWMbKI,SHOES,2020-03-25,1585148400
7763,R_2YR2Yn7wGzAeAj0,TOYS_AND_GAMES,2020-03-25,1585148400
7764,R_2YeJ7ZNQ5xBFmxw,SIM_CARD,2020-03-25,1585148400
7765,R_2YeJ7ZNQ5xBFmxw,HEADPHONES,2020-03-25,1585148400
7766,R_2ZEoREY3x7s7zEM,GROCERY,2020-03-25,1585148400
7767,R_2aldwxmUZox7Yfd,PHYSICAL_MOVIE,2020-03-25,1585148400
7768,R_2aldwxmUZox7Yfd,HEALTH_PERSONAL_CARE,2020-03-25,1585148400
7769,R_2aldwxmUZox7Yfd,SHIRT,2020-03-25,1585148400
7770,R_2aldwxmUZox7Yfd,PANTS,2020-03-25,1585148400
7771,R_2djaIfKORskyeuO,SNACK_FOOD_BAR,2020-03-25,1585148400
7772,R_2djaIfKORskyeuO,BATTERY,2020-03-25,1585148400
7773,R_2djaIfKORskyeuO,CELLULAR_PHONE_CASE,2020-03-25,1585148400
7774,R_2djaIfKORskyeuO,ASHTRAY,2020-03-25,1585148400
7775,R_2dmZyPIDedcDR2J,ELECTRONIC_CABLE,2020-03-25,1585148400
7776,R_2dz21GRV17aGMQ6,SNOW_PANT,2020-03-25,1585148400
7777,R_2dzIuPT8QnK8NCo,WIRELESS_SIGNAL_REPEATER,2020-03-25,1585148400
7778,R_2dzIuPT8QnK8NCo,PANTS,2020-03-25,1585148400
7779,R_2dzIuPT8QnK8NCo,SHOES,2020-03-25,1585148400
7780,R_2dzIuPT8QnK8NCo,BATTERY,2020-03-25,1585148400
7781,R_2dzIuPT8QnK8NCo,SKIN_CLEANING_AGENT,2020-03-25,1585148400
7782,R_2ebyEGI9jY5WIax,ELECTRONIC_CABLE,2020-03-25,1585148400
7783,R_2ebyEGI9jY5WIax,SNACK_FOOD_BAR,2020-03-25,1585148400
7784,R_2rIQ3xPfAH7KF8A,HEALTH_PERSONAL_CARE,2020-03-25,1585148400
7785,R_2rIQ3xPfAH7KF8A,SNACK_FOOD_BAR,2020-03-25,1585148400
7786,R_2rIQ3xPfAH7KF8A,PET_FOOD,2020-03-25,1585148400
7787,R_2sbCr0DY5BIHWiF,SNACK_FOOD_BAR,2020-03-25,1585148400
7788,R_2sbCr0DY5BIHWiF,POT_HOLDER,2020-03-25,1585148400
7789,R_2tfh4rvpUWWJndF,TOYS_AND_GAMES,2020-03-25,1585148400
7790,R_2tfh4rvpUWWJndF,SKIN_CLEANING_AGENT,2020-03-25,1585148400
7791,R_2uIMLcJgQmb0v3G,SHIRT,2020-03-25,1585148400
7792,R_2uZDxTZAORBIW1o,TOYS_AND_GAMES,2020-03-25,1585148400
7793,R_2uZDxTZAORBIW1o,DRINKING_CUP,2020-03-25,1585148400
7794,R_2uZDxTZAORBIW1o,SKIN_MOISTURIZER,2020-03-25,1585148400
7795,R_2vkMWH10xWp7o9s,PET_FOOD,2020-03-25,1585148400
7796,R_2vkMWH10xWp7o9s,AREA_DEODORIZER,2020-03-25,1585148400
7797,R_2vkMWH10xWp7o9s,BABY_PRODUCT,2020-03-25,1585148400
7798,R_2vkMWH10xWp7o9s,HEALTH_PERSONAL_CARE,2020-03-25,1585148400
7799,R_2vkMWH10xWp7o9s,ABIS_BOOK,2020-03-25,1585148400
7800,R_2vkMWH10xWp7o9s,MEDICATION,2020-03-25,1585148400
7801,R_2vkMWH10xWp7o9s,GRILL_SMOKER_COVER,2020-03-25,1585148400
7802,R_2vkMWH10xWp7o9s,VITAMIN,2020-03-25,1585148400
7803,R_2vkMWH10xWp7o9s,CELLULAR_PHONE_CASE,2020-03-25,1585148400
7804,R_2vkMWH10xWp7o9s,SNACK_FOOD_BAR,2020-03-25,1585148400
7805,R_2vkMWH10xWp7o9s,PET_FOOD,2020-03-25,1585148400
7806,R_2vkMWH10xWp7o9s,MEDICATION,2020-03-25,1585148400
7807,R_2vkMWH10xWp7o9s,BABY_PRODUCT,2020-03-25,1585148400
7808,R_2vkMWH10xWp7o9s,SHARPS_DISPOSAL_CONTAINER,2020-03-25,1585148400
7809,R_2wmLE1q4FIpfioi,SKIN_MOISTURIZER,2020-03-25,1585148400
7810,R_2wmLE1q4FIpfioi,DAIRY_BASED_CHEESE,2020-03-25,1585148400
7811,R_2wmLE1q4FIpfioi,PANTS,2020-03-25,1585148400
7812,R_2wmLE1q4FIpfioi,GROCERY,2020-03-25,1585148400
7813,R_2z7rLZb69WuqDdf,SCREEN_PROTECTOR,2020-03-25,1585148400
7814,R_31SNC0DcyjBDcq3,TOYS_AND_GAMES,2020-03-25,1585148400
7815,R_325wNEypLBLRTf7,DART_FLIGHT,2020-03-25,1585148400
7816,R_325wNEypLBLRTf7,ELECTRIC_FAN,2020-03-25,1585148400
7817,R_325wNEypLBLRTf7,BATTERY,2020-03-25,1585148400
7818,R_32Mm71oAJq2K9XK,PANTS,2020-03-25,1585148400
7819,R_32Mm71oAJq2K9XK,GROCERY,2020-03-25,1585148400
7820,R_32Mm71oAJq2K9XK,CRAFT_BEAD,2020-03-25,1585148400
7821,R_32Mm71oAJq2K9XK,DRYING_RACK,2020-03-25,1585148400
7822,R_32Mm71oAJq2K9XK,BATTERY,2020-03-25,1585148400
7823,R_32R69KRWIzuH9Im,AMAZON_TABLET_ACCESSORY,2020-03-25,1585148400
7824,R_32RSCpvF0PqDFBp,ELECTRONIC_CABLE,2020-03-25,1585148400
7825,R_32RSCpvF0PqDFBp,GROCERY,2020-03-25,1585148400
7826,R_32RSCpvF0PqDFBp,SCREEN_PROTECTOR,2020-03-25,1585148400
7827,R_32UZncFA03IrQwQ,GROCERY,2020-03-25,1585148400
7828,R_32UZncFA03IrQwQ,NUTRITIONAL_SUPPLEMENT,2020-03-25,1585148400
7829,R_33a2eGfoj5xSrE2,ELECTRONIC_CABLE,2020-03-25,1585148400
7830,R_33a2eGfoj5xSrE2,HEADPHONES,2020-03-25,1585148400
7831,R_33a2eGfoj5xSrE2,CELLULAR_PHONE_CASE,2020-03-25,1585148400
7832,R_39HhVszlqdawZPP,CISTERN,2020-03-25,1585148400
7833,R_3G1gYo1d23Zq8Np,TOYS_AND_GAMES,2020-03-25,1585148400
7834,R_3G1gYo1d23Zq8Np,BATTERY,2020-03-25,1585148400
7835,R_3G1gYo1d23Zq8Np,SNACK_FOOD_BAR,2020-03-25,1585148400
7836,R_3G1gYo1d23Zq8Np,JUICE_AND_JUICE_DRINK,2020-03-25,1585148400
7837,R_3Jxiicg67etW2yt,ELECTRONIC_CABLE,2020-03-25,1585148400
7838,R_3Jxiicg67etW2yt,HEADPHONES,2020-03-25,1585148400
7839,R_3Jxiicg67etW2yt,FURNITURE_LINER,2020-03-25,1585148400
7840,R_3Jxiicg67etW2yt,ABIS_BOOK,2020-03-25,1585148400
7841,R_3Jxiicg67etW2yt,HEALTH_PERSONAL_CARE,2020-03-25,1585148400
7842,R_3Jxiicg67etW2yt,SHOES,2020-03-25,1585148400
7843,R_3Jxiicg67etW2yt,SUNSCREEN,2020-03-25,1585148400
7844,R_3Jxiicg67etW2yt,GROCERY,2020-03-25,1585148400
7845,R_3Jxiicg67etW2yt,TOYS_AND_GAMES,2020-03-25,1585148400
7846,R_3Jxiicg67etW2yt,SKIN_MOISTURIZER,2020-03-25,1585148400
7847,R_3KpaTa6zCZitiZG,SWEATSHIRT,2020-03-25,1585148400
7848,R_3M3RSZ7wNRSaxNx,PET_FOOD,2020-03-25,1585148400
7849,R_3Mc9nZhk6fg7b8z,TOYS_AND_GAMES,2020-03-25,1585148400
7850,R_3MyEdXOZ8P75S1V,MOUTHWASH,2020-03-25,1585148400
7851,R_3MyEdXOZ8P75S1V,PILLOWCASE,2020-03-25,1585148400
7852,R_3MyEdXOZ8P75S1V,CELLULAR_PHONE_CASE,2020-03-25,1585148400
7853,R_3MyEdXOZ8P75S1V,ART_CRAFT_KIT,2020-03-25,1585148400
7854,R_3MyEdXOZ8P75S1V,GROCERY,2020-03-25,1585148400
7855,R_3MyEdXOZ8P75S1V,PANTS,2020-03-25,1585148400
7856,R_3ek9YZGdsDHjUZf,HEALTH_PERSONAL_CARE,2020-03-25,1585148400
7857,R_3ek9YZGdsDHjUZf,UNDERPANTS,2020-03-25,1585148400
7858,R_3ek9YZGdsDHjUZf,SNACK_FOOD_BAR,2020-03-25,1585148400
7859,R_3ek9YZGdsDHjUZf,SHOES,2020-03-25,1585148400
7860,R_3ek9YZGdsDHjUZf,ITEM_STAND,2020-03-25,1585148400
7861,R_3ek9YZGdsDHjUZf,ABIS_BOOK,2020-03-25,1585148400
7862,R_3ek9YZGdsDHjUZf,SUGAR_SUBSTITUTE,2020-03-25,1585148400
7863,R_3flZSxKV8ViX1H4,MEDICATION,2020-03-25,1585148400
7864,R_3flZSxKV8ViX1H4,RAKE,2020-03-25,1585148400
7865,R_3flZSxKV8ViX1H4,PANTS,2020-03-25,1585148400
7866,R_3flZSxKV8ViX1H4,HEADPHONES,2020-03-25,1585148400
7867,R_3ixOwXLuUfjiWS8,SHOES,2020-03-25,1585148400
7868,R_3ixOwXLuUfjiWS8,NUTRITIONAL_SUPPLEMENT,2020-03-25,1585148400
7869,R_3ixOwXLuUfjiWS8,MEDICATION,2020-03-25,1585148400
7870,R_3ixOwXLuUfjiWS8,BATTERY,2020-03-25,1585148400
7871,R_3m3H4mwZ2snYFua,BATTERY,2020-03-25,1585148400
7872,R_3mm166mlwrLpf6y,MEDICATION,2020-03-25,1585148400
7873,R_3n17fNI56KA8rTV,SHOES,2020-03-25,1585148400
7874,R_3nA7SneXu81knN1,CELLULAR_PHONE_CASE,2020-03-25,1585148400
7875,R_3nA7SneXu81knN1,PET_FOOD,2020-03-25,1585148400
7876,R_3nA7SneXu81knN1,POWER_BANK,2020-03-25,1585148400
7877,R_3nN7gDrlTTNu9A9,NUTRITIONAL_SUPPLEMENT,2020-03-25,1585148400
7878,R_3nN7gDrlTTNu9A9,SHOES,2020-03-25,1585148400
7879,R_3ncO2Ifjpbb1Y4G,VITAMIN,2020-03-25,1585148400
7880,R_3ncO2Ifjpbb1Y4G,CELLULAR_PHONE_CASE,2020-03-25,1585148400
7881,R_3nqGVGe1oo00hRC,GROCERY,2020-03-25,1585148400
7882,R_3oO3DoeTgXHrEzx,PHYSICAL_MOVIE,2020-03-25,1585148400
7883,R_3qTFp0FJqUeMhVZ,ELECTRONIC_CABLE,2020-03-25,1585148400
7884,R_3qlnIILTEuzSyGe,PET_SEAT,2020-03-25,1585148400
7885,R_3qlnIILTEuzSyGe,WRIST_REST,2020-03-25,1585148400
7886,R_3qlnIILTEuzSyGe,VITAMIN,2020-03-25,1585148400
7887,R_3qlnIILTEuzSyGe,PET_FOOD,2020-03-25,1585148400
7888,R_3qlnIILTEuzSyGe,SHOES,2020-03-25,1585148400
7889,R_3qlnIILTEuzSyGe,CELLULAR_PHONE_CASE,2020-03-25,1585148400
7890,R_3qlnIILTEuzSyGe,CAMPING_EQUIPMENT,2020-03-25,1585148400
7891,R_3qlnIILTEuzSyGe,CHARGING_ADAPTER,2020-03-25,1585148400
7892,R_3qlnIILTEuzSyGe,ABIS_BOOK,2020-03-25,1585148400
7893,R_3qlnIILTEuzSyGe,SHIRT,2020-03-25,1585148400
7894,R_3qlnIILTEuzSyGe,ELECTRONIC_CABLE,2020-03-25,1585148400
7895,R_3qlnIILTEuzSyGe,PET_SEAT,2020-03-25,1585148400
7896,R_3qlnIILTEuzSyGe,MEDICATION,2020-03-25,1585148400
7897,R_3qlnIILTEuzSyGe,HEADPHONES,2020-03-25,1585148400
7898,R_3qlnIILTEuzSyGe,ANTENNA,2020-03-25,1585148400
7899,R_3qlnIILTEuzSyGe,ELECTRONIC_CABLE,2020-03-25,1585148400
7900,R_3qlnIILTEuzSyGe,PET_FOOD,2020-03-25,1585148400
7901,R_3s60LmlFm5fAEP5,NETWORKING_ROUTER,2020-03-25,1585148400
7902,R_5uabKnJBMc7HyEN,TOYS_AND_GAMES,2020-03-25,1585148400
7903,R_6SbhJD23U5a2YJX,SHIRT,2020-03-25,1585148400
7904,R_6yXSEznYlOrZwSB,CELLULAR_PHONE_CASE,2020-03-25,1585148400
7905,R_7ZH1uBNuL9RQ2K5,BAKING_PAN,2020-03-25,1585148400
7906,R_7ZH1uBNuL9RQ2K5,CELLULAR_PHONE_CASE,2020-03-25,1585148400
7907,R_7ZH1uBNuL9RQ2K5,MEDICATION,2020-03-25,1585148400
7908,R_7ZH1uBNuL9RQ2K5,SHOES,2020-03-25,1585148400
7909,R_9ppTjfBQZZs42WJ,HEADPHONES,2020-03-25,1585148400
7910,R_9ppTjfBQZZs42WJ,NOODLE,2020-03-25,1585148400
7911,R_9ppTjfBQZZs42WJ,PET_FOOD,2020-03-25,1585148400
7912,R_9ppTjfBQZZs42WJ,PANTS,2020-03-25,1585148400
7913,R_Amq2LudEdwYblXX,SHIRT,2020-03-25,1585148400
7914,R_BWhnv4EdbhSS6rf,GROCERY,2020-03-25,1585148400
7915,R_BWhnv4EdbhSS6rf,GROCERY,2020-03-25,1585148400
7916,R_BWhnv4EdbhSS6rf,SHIRT,2020-03-25,1585148400
7917,R_Cgbr25P8IQSFnr3,SHOES,2020-03-25,1585148400
7918,R_Cgbr25P8IQSFnr3,WRENCH,2020-03-25,1585148400
7919,R_DBhzVeGIG4SLSYV,SKIN_MOISTURIZER,2020-03-25,1585148400
7920,R_DBhzVeGIG4SLSYV,APPAREL,2020-03-25,1585148400
7921,R_Q4ZjTFeyiC5kgQV,TIMER,2020-03-25,1585148400
7922,R_Q4ZjTFeyiC5kgQV,SNACK_FOOD_BAR,2020-03-25,1585148400
7923,R_Q4ZjTFeyiC5kgQV,PHYSICAL_MOVIE,2020-03-25,1585148400
7924,R_Rw7CA3irllJSRH3,MEAT,2020-03-25,1585148400
7925,R_Rw7CA3irllJSRH3,LIP_BALM,2020-03-25,1585148400
7926,R_TwqkiWpv7r8ygAV,GROCERY,2020-03-25,1585148400
7927,R_TwqkiWpv7r8ygAV,TOY_GUN,2020-03-25,1585148400
7928,R_TwqkiWpv7r8ygAV,ARTIFICIAL_PLANT,2020-03-25,1585148400
7929,R_TwqkiWpv7r8ygAV,CARRIER_BAG_CASE,2020-03-25,1585148400
7930,R_Ui78k1hRGuGWhln,BATTERY,2020-03-25,1585148400
7931,R_Ui78k1hRGuGWhln,SPOON_REST,2020-03-25,1585148400
7932,R_XUhit9pAXhD746B,VEHICLE_RAIL,2020-03-25,1585148400
7933,R_Xt4H8BJ1Vx7ws8h,BATTERY,2020-03-25,1585148400
7934,R_b8UnkZJoU93ZxEB,BATTERY,2020-03-25,1585148400
7935,R_bJbNhR1I5NnLKb7,FOOD_BIB,2020-03-25,1585148400
7936,R_bJbNhR1I5NnLKb7,SCREEN_PROTECTOR,2020-03-25,1585148400
7937,R_blmQEhOrCwpqG4x,NUTRITIONAL_SUPPLEMENT,2020-03-25,1585148400
7938,R_blmQEhOrCwpqG4x,TOYS_AND_GAMES,2020-03-25,1585148400
7939,R_cAcAtozIWnZIbGp,SUGAR_SUBSTITUTE,2020-03-25,1585148400
7940,R_cAcAtozIWnZIbGp,VEHICLE_COVER,2020-03-25,1585148400
7941,R_cAcAtozIWnZIbGp,SHIRT,2020-03-25,1585148400
7942,R_cAcAtozIWnZIbGp,ELECTRONIC_CABLE,2020-03-25,1585148400
7943,R_cAcAtozIWnZIbGp,SCREEN_PROTECTOR,2020-03-25,1585148400
7944,R_cAcAtozIWnZIbGp,STEP_STOOL,2020-03-25,1585148400
7945,R_cAcAtozIWnZIbGp,ELECTRONIC_CABLE,2020-03-25,1585148400
7946,R_cAcAtozIWnZIbGp,GROCERY,2020-03-25,1585148400
7947,R_cAcAtozIWnZIbGp,SCREEN_PROTECTOR,2020-03-25,1585148400
7948,R_e387De1jF0gN2OB,SCREEN_PROTECTOR,2020-03-25,1585148400
7949,R_e8KTElZZLWryLWp,HOME_THEATER_SYSTEM_OR_HTIB,2020-03-25,1585148400
7950,R_e8KTElZZLWryLWp,VITAMIN,2020-03-25,1585148400
7951,R_e8KTElZZLWryLWp,ELECTROMECHANICAL_GAUGE,2020-03-25,1585148400
7952,R_reG3llJtTwO6ccV,EXERCISE_STRAP,2020-03-25,1585148400
7953,R_rqK6K6zDsynoZHP,MEDICATION,2020-03-25,1585148400
7954,R_rqK6K6zDsynoZHP,BATTERY,2020-03-25,1585148400
7955,R_sotmrGe7Rv3U10J,VITAMIN,2020-03-25,1585148400
7956,R_sotmrGe7Rv3U10J,ABIS_HOME_IMPROVEMENT,2020-03-25,1585148400
7957,R_tDI0MmPcVp5b2Xn,SHOES,2020-03-25,1585148400
7958,R_u2EdYogSnJBrpex,SHOES,2020-03-25,1585148400
7959,R_u2EdYogSnJBrpex,PET_FOOD,2020-03-25,1585148400
7960,R_u2EdYogSnJBrpex,HEALTH_PERSONAL_CARE,2020-03-25,1585148400
7961,R_u2EdYogSnJBrpex,MISC_OTHER,2020-03-25,1585148400
7962,R_u2EdYogSnJBrpex,VITAMIN,2020-03-25,1585148400
7963,R_u2EdYogSnJBrpex,BATTERY,2020-03-25,1585148400
7964,R_xc0AiqTlV5cTvZn,DRESS,2020-03-25,1585148400
7965,R_xc0AiqTlV5cTvZn,PET_FOOD,2020-03-25,1585148400
7966,R_yrLrYUf4oFzOnjb,TOY_FIGURE,2020-03-25,1585148400
7967,R_z1mFB9Qp9HSTCIV,SCULPTING_MATERIAL,2020-03-25,1585148400
7968,R_10AtO7bUfe8iWYK,HEALTH_PERSONAL_CARE,2020-03-26,1585234800
7969,R_10CAlrx7dbJty9R,CELLULAR_PHONE_CASE,2020-03-26,1585234800
7970,R_10CAlrx7dbJty9R,SLIPPER,2020-03-26,1585234800
7971,R_10MFxyIhsIDW0nP,HAIR_IRON,2020-03-26,1585234800
7972,R_10MFxyIhsIDW0nP,DYE,2020-03-26,1585234800
7973,R_10TV1zyi4yCEEkl,MEDICATION,2020-03-26,1585234800
7974,R_10TV1zyi4yCEEkl,NUTRITIONAL_SUPPLEMENT,2020-03-26,1585234800
7975,R_10YnFpDzlwQlmrX,VITAMIN,2020-03-26,1585234800
7976,R_10wSqGFumZGSTmH,PHONE_ACCESSORY,2020-03-26,1585234800
7977,R_10wSqGFumZGSTmH,AIR_PUMP,2020-03-26,1585234800
7978,R_10wSqGFumZGSTmH,HEALTH_PERSONAL_CARE,2020-03-26,1585234800
7979,R_1C4tcyEfmcsKI9X,TOYS_AND_GAMES,2020-03-26,1585234800
7980,R_1CjWIsByjtP0GxZ,NUTRITIONAL_SUPPLEMENT,2020-03-26,1585234800
7981,R_1CjWIsByjtP0GxZ,POWER_CONVERTER,2020-03-26,1585234800
7982,R_1CjWIsByjtP0GxZ,TOYS_AND_GAMES,2020-03-26,1585234800
7983,R_1DJdUrYA1I0QAKh,GROCERY,2020-03-26,1585234800
7984,R_1DJdUrYA1I0QAKh,GROCERY,2020-03-26,1585234800
7985,R_1DJdUrYA1I0QAKh,SNACK_FOOD_BAR,2020-03-26,1585234800
7986,R_1DJdUrYA1I0QAKh,BATTERY,2020-03-26,1585234800
7987,R_1DOwHkGiX8DX7mF,ABIS_BOOK,2020-03-26,1585234800
7988,R_1E3TJBNJVtr3tcD,BAKING_PAN,2020-03-26,1585234800
7989,R_1E3TJBNJVtr3tcD,HEADPHONES,2020-03-26,1585234800
7990,R_1Fyt6rHyiQcVOT8,GROCERY,2020-03-26,1585234800
7991,R_1Fyt6rHyiQcVOT8,VITAMIN,2020-03-26,1585234800
7992,R_1Fyt6rHyiQcVOT8,SCREEN_PROTECTOR,2020-03-26,1585234800
7993,R_1KkFs7rgWXlWf58,ABIS_BOOK,2020-03-26,1585234800
7994,R_1KkFs7rgWXlWf58,BATTERY,2020-03-26,1585234800
7995,R_1KxVDxZl2H0XoHS,PHYSICAL_MOVIE,2020-03-26,1585234800
7996,R_1KxVDxZl2H0XoHS,HAIR_COLORING_AGENT,2020-03-26,1585234800
7997,R_1NDq0rxoUSu6oyz,TOY_FIGURE,2020-03-26,1585234800
7998,R_1NDq0rxoUSu6oyz,ELECTRONIC_CABLE,2020-03-26,1585234800
7999,R_1NDq0rxoUSu6oyz,TOY_FIGURE,2020-03-26,1585234800
8000,R_1NDq0rxoUSu6oyz,WATER_FLOTATION_DEVICE,2020-03-26,1585234800
8001,R_1NDq0rxoUSu6oyz,PET_FOOD,2020-03-26,1585234800
8002,R_1NDq0rxoUSu6oyz,SKIN_CLEANING_AGENT,2020-03-26,1585234800
8003,R_1Q9JeeKncbbLcz0,FISHING_HOOK,2020-03-26,1585234800
8004,R_1Q9JeeKncbbLcz0,CELLULAR_PHONE_CASE,2020-03-26,1585234800
8005,R_1Qyzwfx5HrXdw4U,PET_FOOD,2020-03-26,1585234800
8006,R_1eFv0mPpH4dM2mG,AIR_FRYER,2020-03-26,1585234800
8007,R_1eFv0mPpH4dM2mG,ELECTRONIC_CABLE,2020-03-26,1585234800
8008,R_1exepO2lYqHFR9q,PHYSICAL_MOVIE,2020-03-26,1585234800
8009,R_1exepO2lYqHFR9q,MEDICATION,2020-03-26,1585234800
8010,R_1exepO2lYqHFR9q,ABIS_BOOK,2020-03-26,1585234800
8011,R_1exepO2lYqHFR9q,SHIRT,2020-03-26,1585234800
8012,R_1exepO2lYqHFR9q,SHOES,2020-03-26,1585234800
8013,R_1ig4LC2I0cwMCHk,HEALTH_PERSONAL_CARE,2020-03-26,1585234800
8014,R_1jd0U0OjvEcZEcw,LEAF_BLOWER,2020-03-26,1585234800
8015,R_1jd0U0OjvEcZEcw,FOOD_SLICER,2020-03-26,1585234800
8016,R_1jd0U0OjvEcZEcw,HEALTH_PERSONAL_CARE,2020-03-26,1585234800
8017,R_1jd0U0OjvEcZEcw,TOYS_AND_GAMES,2020-03-26,1585234800
8018,R_1lAIBWf5Qsww7eT,HEADPHONES,2020-03-26,1585234800
8019,R_1lfNYOmsEIqOn65,SPRAY_BOTTLE,2020-03-26,1585234800
8020,R_1lfNYOmsEIqOn65,ELECTRONIC_CABLE,2020-03-26,1585234800
8021,R_1lxYa2W6GgcAQ19,FOOD_STORAGE_BAG,2020-03-26,1585234800
8022,R_1pm2Wo5wrQSY0Gm,MEDICATION,2020-03-26,1585234800
8023,R_1pm2Wo5wrQSY0Gm,SHOES,2020-03-26,1585234800
8024,R_1psTlOFeWx4gWdX,KNEE_PAD,2020-03-26,1585234800
8025,R_1rPQIXSf3d1wvFO,GROCERY,2020-03-26,1585234800
8026,R_20O6baqxT4T2CbA,SHOES,2020-03-26,1585234800
8027,R_20Yd9DvrGselmZY,HOT_TUB,2020-03-26,1585234800
8028,R_20Yd9DvrGselmZY,MEDICATION,2020-03-26,1585234800
8029,R_210tLKdUbUZuf7O,PANTS,2020-03-26,1585234800
8030,R_21B94A6XQ9h1HZb,RING,2020-03-26,1585234800
8031,R_21uibgT9dgqRD9J,NUTRITIONAL_SUPPLEMENT,2020-03-26,1585234800
8032,R_21uibgT9dgqRD9J,NUTRITIONAL_SUPPLEMENT,2020-03-26,1585234800
8033,R_22DJIjS0M8yvaYO,SNACK_FOOD_BAR,2020-03-26,1585234800
8034,R_22DJIjS0M8yvaYO,PANTS,2020-03-26,1585234800
8035,R_22SxELlmhBQCe1C,SAFE,2020-03-26,1585234800
8036,R_24MKoSmvuiLEI76,SYRUP,2020-03-26,1585234800
8037,R_24csoaO569P4Yzz,SCARF,2020-03-26,1585234800
8038,R_24csoaO569P4Yzz,TOY_FIGURE,2020-03-26,1585234800
8039,R_24csoaO569P4Yzz,VITAMIN,2020-03-26,1585234800
8040,R_24csoaO569P4Yzz,BICYCLE_TRAILER,2020-03-26,1585234800
8041,R_24csoaO569P4Yzz,PHYSICAL_MOVIE,2020-03-26,1585234800
8042,R_24vf4xIuT0kGsZ3,PHYSICAL_MOVIE,2020-03-26,1585234800
8043,R_25Wwg273Uw26jA1,UTILITY_SPONGE,2020-03-26,1585234800
8044,R_25Wwg273Uw26jA1,UTILITY_HOLSTER_POUCH,2020-03-26,1585234800
8045,R_25Wwg273Uw26jA1,CAR_ALARM,2020-03-26,1585234800
8046,R_25thHabUddjXGzt,SKIN_MOISTURIZER,2020-03-26,1585234800
8047,R_27DL80quzRiSEmq,DRESS,2020-03-26,1585234800
8048,R_27DL80quzRiSEmq,SKIN_CLEANING_AGENT,2020-03-26,1585234800
8049,R_28SckJ1LanzFPvD,GROCERY,2020-03-26,1585234800
8050,R_28SckJ1LanzFPvD,UNDERWEAR,2020-03-26,1585234800
8051,R_29tZUWisKTCWczv,VEHICLE_MIRROR,2020-03-26,1585234800
8052,R_29tZUWisKTCWczv,PET_FOOD,2020-03-26,1585234800
8053,R_2CKdeuvfVrO8I49,VEHICLE_SEAT_COVER,2020-03-26,1585234800
8054,R_2CpozrevorP48sb,NUTRITIONAL_SUPPLEMENT,2020-03-26,1585234800
8055,R_2D1zydYR5SZ0LpK,HEALTH_PERSONAL_CARE,2020-03-26,1585234800
8056,R_2D1zydYR5SZ0LpK,ABIS_BOOK,2020-03-26,1585234800
8057,R_2D1zydYR5SZ0LpK,PANTS,2020-03-26,1585234800
8058,R_2D1zydYR5SZ0LpK,HEALTH_PERSONAL_CARE,2020-03-26,1585234800
8059,R_2D1zydYR5SZ0LpK,PET_FOOD,2020-03-26,1585234800
8060,R_2D1zydYR5SZ0LpK,HEARING_AMPLIFIER,2020-03-26,1585234800
8061,R_2D1zydYR5SZ0LpK,BATTERY,2020-03-26,1585234800
8062,R_2D1zydYR5SZ0LpK,HEADPHONES,2020-03-26,1585234800
8063,R_2D1zydYR5SZ0LpK,MEDICATION,2020-03-26,1585234800
8064,R_2D1zydYR5SZ0LpK,PET_TOY,2020-03-26,1585234800
8065,R_2OOq3ysdOS3TtBd,ELECTRONIC_FINDER,2020-03-26,1585234800
8066,R_2OOq3ysdOS3TtBd,FOOD_STORAGE_BAG,2020-03-26,1585234800
8067,R_2OOq3ysdOS3TtBd,NUTRITIONAL_SUPPLEMENT,2020-03-26,1585234800
8068,R_2QEQOSl4i81CHb1,SKIN_MOISTURIZER,2020-03-26,1585234800
8069,R_2QEQOSl4i81CHb1,CORD_ROPE,2020-03-26,1585234800
8070,R_2QEQOSl4i81CHb1,BATTERY,2020-03-26,1585234800
8071,R_2QEQOSl4i81CHb1,PROTEIN_SUPPLEMENT_POWDER,2020-03-26,1585234800
8072,R_2QEQOSl4i81CHb1,PANTS,2020-03-26,1585234800
8073,R_2R20tGsAciB0E9U,STEAM_CLEANER,2020-03-26,1585234800
8074,R_2R20tGsAciB0E9U,PET_FOOD,2020-03-26,1585234800
8075,R_2RUDh7piHU7frzt,GROCERY,2020-03-26,1585234800
8076,R_2RUDh7piHU7frzt,EDIBLE_OIL_VEGETABLE,2020-03-26,1585234800
8077,R_2RUDh7piHU7frzt,GROCERY,2020-03-26,1585234800
8078,R_2RUDh7piHU7frzt,FURNITURE_COVER,2020-03-26,1585234800
8079,R_2SIYchF5txvb4ur,ELECTRONIC_CABLE,2020-03-26,1585234800
8080,R_2VaWg2jhtCG6zmh,LEG_SLEEVE,2020-03-26,1585234800
8081,R_2WMQprO1e6US68f,MEDIA_STORAGE,2020-03-26,1585234800
8082,R_2WMQprO1e6US68f,TOYS_AND_GAMES,2020-03-26,1585234800
8083,R_2WMQprO1e6US68f,UTILITY_KNIFE,2020-03-26,1585234800
8084,R_2WMQprO1e6US68f,NUTRITIONAL_SUPPLEMENT,2020-03-26,1585234800
8085,R_2WMQprO1e6US68f,CELLULAR_PHONE_CASE,2020-03-26,1585234800
8086,R_2WMQprO1e6US68f,PIZZA,2020-03-26,1585234800
8087,R_2XoI6KbLJRGFz5X,HEADPHONES,2020-03-26,1585234800
8088,R_2XoI6KbLJRGFz5X,GROCERY,2020-03-26,1585234800
8089,R_2Y9fPhqa2Xf2QdZ,SUGAR_SUBSTITUTE,2020-03-26,1585234800
8090,R_2YJLVqCGAyLiODQ,PANTS,2020-03-26,1585234800
8091,R_2YJLVqCGAyLiODQ,HEADPHONES,2020-03-26,1585234800
8092,R_2YJLVqCGAyLiODQ,STORAGE_BINDER,2020-03-26,1585234800
8093,R_2YJLVqCGAyLiODQ,MULTIPORT_HUB,2020-03-26,1585234800
8094,R_2dvh9tu7PLPeipE,MEDICATION,2020-03-26,1585234800
8095,R_2dvh9tu7PLPeipE,SKIN_CLEANING_AGENT,2020-03-26,1585234800
8096,R_2dvh9tu7PLPeipE,SCREEN_PROTECTOR,2020-03-26,1585234800
8097,R_2e9e8lhWqVtpb7m,SANDAL,2020-03-26,1585234800
8098,R_2pWAVsUj7WsZHLs,SNACK_FOOD_BAR,2020-03-26,1585234800
8099,R_2pWAVsUj7WsZHLs,PLANTER,2020-03-26,1585234800
8100,R_2pWAVsUj7WsZHLs,CELLULAR_PHONE_CASE,2020-03-26,1585234800
8101,R_2q2hekIiutgInrE,BABY_PRODUCT,2020-03-26,1585234800
8102,R_2rVp4uDv9fYIfdd,PHYSICAL_MOVIE,2020-03-26,1585234800
8103,R_2rVp4uDv9fYIfdd,SHIRT,2020-03-26,1585234800
8104,R_2rVp4uDv9fYIfdd,CARRIER_BAG_CASE,2020-03-26,1585234800
8105,R_2rVp4uDv9fYIfdd,ABIS_BOOK,2020-03-26,1585234800
8106,R_2uIMLcJgQmb0v3G,HAIR_DRYER,2020-03-26,1585234800
8107,R_2uQjJxSekSWj3qM,SUITCASE,2020-03-26,1585234800
8108,R_2uTysluImvxkQBY,CELLULAR_PHONE_CASE,2020-03-26,1585234800
8109,R_2ugDyrE1yi1FjvH,DOWNLOADABLE_VIDEO_GAME,2020-03-26,1585234800
8110,R_2vkMWH10xWp7o9s,NUTRITIONAL_SUPPLEMENT,2020-03-26,1585234800
8111,R_2w6Kv77UCoeyLbP,PHYSICAL_MOVIE,2020-03-26,1585234800
8112,R_2w6Kv77UCoeyLbP,GROCERY,2020-03-26,1585234800
8113,R_2z7rLZb69WuqDdf,SKIN_MOISTURIZER,2020-03-26,1585234800
8114,R_2ze9t15YGQDJxR3,PROTEIN_SUPPLEMENT_POWDER,2020-03-26,1585234800
8115,R_32Mm71oAJq2K9XK,SKIN_MOISTURIZER,2020-03-26,1585234800
8116,R_32Mm71oAJq2K9XK,CELLULAR_PHONE_CASE,2020-03-26,1585234800
8117,R_32Mm71oAJq2K9XK,ELECTRONIC_CABLE,2020-03-26,1585234800
8118,R_32Mm71oAJq2K9XK,SKIN_MOISTURIZER,2020-03-26,1585234800
8119,R_32Mm71oAJq2K9XK,PET_FOOD,2020-03-26,1585234800
8120,R_32Mm71oAJq2K9XK,MASSAGER,2020-03-26,1585234800
8121,R_32Mm71oAJq2K9XK,MEDICATION,2020-03-26,1585234800
8122,R_32Mm71oAJq2K9XK,BATTERY,2020-03-26,1585234800
8123,R_32Mm71oAJq2K9XK,SHOES,2020-03-26,1585234800
8124,R_32Mm71oAJq2K9XK,CELLULAR_PHONE_CASE,2020-03-26,1585234800
8125,R_32Mm71oAJq2K9XK,JAR,2020-03-26,1585234800
8126,R_32Mm71oAJq2K9XK,COAT,2020-03-26,1585234800
8127,R_32Mm71oAJq2K9XK,NUTRITIONAL_SUPPLEMENT,2020-03-26,1585234800
8128,R_39HhVszlqdawZPP,ELECTRONIC_CABLE,2020-03-26,1585234800
8129,R_3D7xJuXSy25PXbg,PET_FOOD,2020-03-26,1585234800
8130,R_3D7xJuXSy25PXbg,HEADPHONES,2020-03-26,1585234800
8131,R_3D7xJuXSy25PXbg,HEALTH_PERSONAL_CARE,2020-03-26,1585234800
8132,R_3DqB7pyNczSugtj,HEADPHONES,2020-03-26,1585234800
8133,R_3Em4Q2OBHB3m5rz,JUICE_AND_JUICE_DRINK,2020-03-26,1585234800
8134,R_3G1gYo1d23Zq8Np,SKIN_CLEANING_AGENT,2020-03-26,1585234800
8135,R_3G1gYo1d23Zq8Np,BARBECUE_GRILL,2020-03-26,1585234800
8136,R_3G1gYo1d23Zq8Np,TEA,2020-03-26,1585234800
8137,R_3GCXgWFPLgXAuFC,MEDICATION,2020-03-26,1585234800
8138,R_3GD1CL4OyjglmbZ,APPENDAGE_WARMER,2020-03-26,1585234800
8139,R_3Ge2RzIsoM2g5lL,SCREEN_PROTECTOR,2020-03-26,1585234800
8140,R_3Jxiicg67etW2yt,SHIRT,2020-03-26,1585234800
8141,R_3Jxiicg67etW2yt,NUTRITIONAL_SUPPLEMENT,2020-03-26,1585234800
8142,R_3Jxiicg67etW2yt,HEADPHONES,2020-03-26,1585234800
8143,R_3L89g4OAN8obu49,SHIRT,2020-03-26,1585234800
8144,R_3L89g4OAN8obu49,SHIRT,2020-03-26,1585234800
8145,R_3L89g4OAN8obu49,GROCERY,2020-03-26,1585234800
8146,R_3L89g4OAN8obu49,MEDICATION,2020-03-26,1585234800
8147,R_3L89g4OAN8obu49,TEMPORARY_GATE,2020-03-26,1585234800
8148,R_3M4EntiuPSB1ZJO,PET_FOOD,2020-03-26,1585234800
8149,R_3M4EntiuPSB1ZJO,SKIN_MOISTURIZER,2020-03-26,1585234800
8150,R_3M4EntiuPSB1ZJO,SKIN_CLEANING_AGENT,2020-03-26,1585234800
8151,R_3M4EntiuPSB1ZJO,SHIRT,2020-03-26,1585234800
8152,R_3M4EntiuPSB1ZJO,KNIFE_BLOCK_SET,2020-03-26,1585234800
8153,R_3MMW2ivCFCtjHIe,SCREEN_PROTECTOR,2020-03-26,1585234800
8154,R_3MhBAq6V6XHU9ln,HOME,2020-03-26,1585234800
8155,R_3MhBAq6V6XHU9ln,GROCERY,2020-03-26,1585234800
8156,R_3Mli97JX0WeLIos,ABIS_BOOK,2020-03-26,1585234800
8157,R_3PZvezr4ITRkiKV,SKIN_MOISTURIZER,2020-03-26,1585234800
8158,R_3PZvezr4ITRkiKV,PHYSICAL_MOVIE,2020-03-26,1585234800
8159,R_3PZvezr4ITRkiKV,NECKLACE,2020-03-26,1585234800
8160,R_3PZvezr4ITRkiKV,SKIN_MOISTURIZER,2020-03-26,1585234800
8161,R_3PZvezr4ITRkiKV,RICE_MIX,2020-03-26,1585234800
8162,R_3PZvezr4ITRkiKV,SNACK_FOOD_BAR,2020-03-26,1585234800
8163,R_3PZvezr4ITRkiKV,SKIN_CLEANING_AGENT,2020-03-26,1585234800
8164,R_3PZvezr4ITRkiKV,OFFICE_ELECTRONICS,2020-03-26,1585234800
8165,R_3PZvezr4ITRkiKV,SKIN_MOISTURIZER,2020-03-26,1585234800
8166,R_3PZvezr4ITRkiKV,TOYS_AND_GAMES,2020-03-26,1585234800
8167,R_3PZvezr4ITRkiKV,VITAMIN,2020-03-26,1585234800
8168,R_3PZvezr4ITRkiKV,ELECTRONIC_CABLE,2020-03-26,1585234800
8169,R_3PcameSHVD10BZP,PANTS,2020-03-26,1585234800
8170,R_3QWPI81N7eJPgeK,MEDICAL_SCRUB_SET,2020-03-26,1585234800
8171,R_3RmDOazalOu0F1L,SKIN_MOISTURIZER,2020-03-26,1585234800
8172,R_3e82J7pYxj5XP7j,ELECTRIC_SHAVER,2020-03-26,1585234800
8173,R_3emmbwwsXsxt4Oj,ABIS_BOOK,2020-03-26,1585234800
8174,R_3ennfkrsSdTlmrJ,OVERALLS,2020-03-26,1585234800
8175,R_3ennfkrsSdTlmrJ,SHIRT,2020-03-26,1585234800
8176,R_3eqS2JnufvMcjz6,SKIN_MOISTURIZER,2020-03-26,1585234800
8177,R_3ez7TNnB78XtMa7,ITEM_CONTAINER,2020-03-26,1585234800
8178,R_3g1vpqtwzgBUs93,HEADPHONES,2020-03-26,1585234800
8179,R_3g1vpqtwzgBUs93,SKIN_MOISTURIZER,2020-03-26,1585234800
8180,R_3iJQyWNMMY0KRV5,GROCERY,2020-03-26,1585234800
8181,R_3jSAmu0UzDwnhQD,ELECTRONIC_CABLE,2020-03-26,1585234800
8182,R_3m3H4mwZ2snYFua,MEDICATION,2020-03-26,1585234800
8183,R_3m3H4mwZ2snYFua,HEADPHONES,2020-03-26,1585234800
8184,R_3m3H4mwZ2snYFua,BOTTLE,2020-03-26,1585234800
8185,R_3m3H4mwZ2snYFua,TOYS_AND_GAMES,2020-03-26,1585234800
8186,R_3mm166mlwrLpf6y,NUTRITIONAL_SUPPLEMENT,2020-03-26,1585234800
8187,R_3mm166mlwrLpf6y,SKIN_MOISTURIZER,2020-03-26,1585234800
8188,R_3mm166mlwrLpf6y,FLASH_MEMORY,2020-03-26,1585234800
8189,R_3mm166mlwrLpf6y,STOOL_SEATING,2020-03-26,1585234800
8190,R_3pmeuOmzM4r5gMS,SKIN_CLEANING_AGENT,2020-03-26,1585234800
8191,R_3pmeuOmzM4r5gMS,SHIRT,2020-03-26,1585234800
8192,R_3pmeuOmzM4r5gMS,VEHICLE_EXTERIOR_GUARD,2020-03-26,1585234800
8193,R_3pmeuOmzM4r5gMS,WEIGHT_RACK,2020-03-26,1585234800
8194,R_3qqdzQnCaBYHx9o,PANTS,2020-03-26,1585234800
8195,R_3r26NAbVnDpIxzF,SCREEN_PROTECTOR,2020-03-26,1585234800
8196,R_3r26NAbVnDpIxzF,PROTEIN_SUPPLEMENT_POWDER,2020-03-26,1585234800
8197,R_3r26NAbVnDpIxzF,SAUCE,2020-03-26,1585234800
8198,R_4PhRzF4UI9ooLh7,CAMERA_FLASH,2020-03-26,1585234800
8199,R_4PhRzF4UI9ooLh7,VEHICLE_SAFETY_CAMERA,2020-03-26,1585234800
8200,R_6yXSEznYlOrZwSB,PEST_CONTROL_DEVICE,2020-03-26,1585234800
8201,R_8CXcySQawXPuJwJ,BATTERY,2020-03-26,1585234800
8202,R_8CXcySQawXPuJwJ,CELLULAR_PHONE_CASE,2020-03-26,1585234800
8203,R_8cr0J12EMKs9NND,REUSABLE_INCONTINENCE_SURFACE_PROTECTOR,2020-03-26,1585234800
8204,R_AKBlDprDMrv4M7v,COFFEE,2020-03-26,1585234800
8205,R_AKBlDprDMrv4M7v,NUTRITIONAL_SUPPLEMENT,2020-03-26,1585234800
8206,R_AM0OvM0F9kBvqal,GROCERY,2020-03-26,1585234800
8207,R_AM0OvM0F9kBvqal,HEALTH_PERSONAL_CARE,2020-03-26,1585234800
8208,R_BWhnv4EdbhSS6rf,KITCHEN_KNIFE,2020-03-26,1585234800
8209,R_BWhnv4EdbhSS6rf,COFFEE,2020-03-26,1585234800
8210,R_BWhnv4EdbhSS6rf,CAMCORDER,2020-03-26,1585234800
8211,R_O6ZX76mggPnAOfD,CUTTING_BOARD,2020-03-26,1585234800
8212,R_OdTirYYBS6ms6nn,HEALTH_PERSONAL_CARE,2020-03-26,1585234800
8213,R_OdTirYYBS6ms6nn,CARD_STOCK,2020-03-26,1585234800
8214,R_OdTirYYBS6ms6nn,CADDY,2020-03-26,1585234800
8215,R_PXSF6lxCnUB8Pg5,TOYS_AND_GAMES,2020-03-26,1585234800
8216,R_Qp7pqfzWe3Qmcrn,PET_FOOD,2020-03-26,1585234800
8217,R_RPudbSO1mm9KZSp,HEADPHONES,2020-03-26,1585234800
8218,R_Rw7CA3irllJSRH3,PANTS,2020-03-26,1585234800
8219,R_Rw7CA3irllJSRH3,PET_FOOD,2020-03-26,1585234800
8220,R_Rw7CA3irllJSRH3,SKIN_MOISTURIZER,2020-03-26,1585234800
8221,R_Rw7CA3irllJSRH3,SKIN_CLEANING_AGENT,2020-03-26,1585234800
8222,R_TtjiPpPxtkd5Vnz,ELECTRONIC_CABLE,2020-03-26,1585234800
8223,R_TtjiPpPxtkd5Vnz,BLOOD_PRESSURE_MONITOR,2020-03-26,1585234800
8224,R_TtjiPpPxtkd5Vnz,SKIN_CLEANING_AGENT,2020-03-26,1585234800
8225,R_TtjiPpPxtkd5Vnz,PLANNER,2020-03-26,1585234800
8226,R_TtjiPpPxtkd5Vnz,PANTS,2020-03-26,1585234800
8227,R_TtjiPpPxtkd5Vnz,PLANNER,2020-03-26,1585234800
8228,R_TtjiPpPxtkd5Vnz,PLANNER,2020-03-26,1585234800
8229,R_TtjiPpPxtkd5Vnz,SKIN_MOISTURIZER,2020-03-26,1585234800
8230,R_TtjiPpPxtkd5Vnz,SCREEN_PROTECTOR,2020-03-26,1585234800
8231,R_TtjiPpPxtkd5Vnz,GROCERY,2020-03-26,1585234800
8232,R_TtjiPpPxtkd5Vnz,BLOOD_PRESSURE_MONITOR,2020-03-26,1585234800
8233,R_TtjiPpPxtkd5Vnz,COMPUTER_DRIVE_OR_STORAGE,2020-03-26,1585234800
8234,R_TtjiPpPxtkd5Vnz,HEALTH_PERSONAL_CARE,2020-03-26,1585234800
8235,R_TtjiPpPxtkd5Vnz,HEALTH_PERSONAL_CARE,2020-03-26,1585234800
8236,R_TtjiPpPxtkd5Vnz,VINEGAR,2020-03-26,1585234800
8237,R_TtjiPpPxtkd5Vnz,PHYSICAL_MOVIE,2020-03-26,1585234800
8238,R_W80kzJbCa8CD9UB,SKIN_CLEANING_AGENT,2020-03-26,1585234800
8239,R_W80kzJbCa8CD9UB,STAPLER,2020-03-26,1585234800
8240,R_W80kzJbCa8CD9UB,CELLULAR_PHONE_CASE,2020-03-26,1585234800
8241,R_W80kzJbCa8CD9UB,VITAMIN,2020-03-26,1585234800
8242,R_XuCuybjxPer1OeJ,LEAF_BLOWER,2020-03-26,1585234800
8243,R_Y4jCkfTFzvtw5SF,SKIN_CLEANING_AGENT,2020-03-26,1585234800
8244,R_bJI8lmXMZWL6oql,CELLULAR_PHONE_CASE,2020-03-26,1585234800
8245,R_br5a8OxAqrKRxQd,GROCERY,2020-03-26,1585234800
8246,R_bw2nQ0iRh2wCa8p,BATTERY,2020-03-26,1585234800
8247,R_bw2nQ0iRh2wCa8p,NUTRITIONAL_SUPPLEMENT,2020-03-26,1585234800
8248,R_bw2nQ0iRh2wCa8p,PET_PEST_CONTROL,2020-03-26,1585234800
8249,R_bw2nQ0iRh2wCa8p,ELECTRIC_FAN,2020-03-26,1585234800
8250,R_bw2nQ0iRh2wCa8p,BATTERY,2020-03-26,1585234800
8251,R_bw2nQ0iRh2wCa8p,SNACK_FOOD_BAR,2020-03-26,1585234800
8252,R_bw2nQ0iRh2wCa8p,WIRE_STRIPPER,2020-03-26,1585234800
8253,R_e8KTElZZLWryLWp,BATTERY,2020-03-26,1585234800
8254,R_r3IM83Ecq7eY7QJ,FOOD_COLORING,2020-03-26,1585234800
8255,R_r3IM83Ecq7eY7QJ,PAJAMAS,2020-03-26,1585234800
8256,R_r3IM83Ecq7eY7QJ,SNACK_FOOD_BAR,2020-03-26,1585234800
8257,R_r3IM83Ecq7eY7QJ,HEADPHONES,2020-03-26,1585234800
8258,R_r3IM83Ecq7eY7QJ,PAJAMAS,2020-03-26,1585234800
8259,R_r3IM83Ecq7eY7QJ,MOUSE_PAD,2020-03-26,1585234800
8260,R_r3IM83Ecq7eY7QJ,WIRELESS_ACCESSORY,2020-03-26,1585234800
8261,R_r3IM83Ecq7eY7QJ,PAJAMAS,2020-03-26,1585234800
8262,R_r3IM83Ecq7eY7QJ,PAJAMAS,2020-03-26,1585234800
8263,R_r3IM83Ecq7eY7QJ,WIRELESS_ACCESSORY,2020-03-26,1585234800
8264,R_s6BUJFPzFF8fk2d,HEADPHONES,2020-03-26,1585234800
8265,R_sRSLCxzK04aJvhL,ABIS_BOOK,2020-03-26,1585234800
8266,R_sRSLCxzK04aJvhL,ICE_MAKER,2020-03-26,1585234800
8267,R_sotmrGe7Rv3U10J,TOOTHBRUSH,2020-03-26,1585234800
8268,R_swfIN0JgX72IbMl,SCARF,2020-03-26,1585234800
8269,R_tDI0MmPcVp5b2Xn,CORE_PIT_REMOVER,2020-03-26,1585234800
8270,R_vCykMx1wpGTjjTb,PET_FOOD,2020-03-26,1585234800
8271,R_vNUg1BUX4xLMPER,ELECTRONIC_CABLE,2020-03-26,1585234800
8272,R_vNUg1BUX4xLMPER,SCREEN_PROTECTOR,2020-03-26,1585234800
8273,R_vV9c87xuLM7zcC5,SNACK_FOOD_BAR,2020-03-26,1585234800
8274,R_xc0AiqTlV5cTvZn,SNACK_FOOD_BAR,2020-03-26,1585234800
8275,R_zTf2i6s3E2OQZQR,SATELLITE_OR_DSS,2020-03-26,1585234800
8276,R_zTf2i6s3E2OQZQR,PET_FOOD,2020-03-26,1585234800
8277,R_zTf2i6s3E2OQZQR,SATELLITE_OR_DSS,2020-03-26,1585234800
8278,R_zTf2i6s3E2OQZQR,PANTS,2020-03-26,1585234800
8279,R_zTf2i6s3E2OQZQR,NUTRITIONAL_SUPPLEMENT,2020-03-26,1585234800
8280,R_0pRmRjHkwStzNQJ,SHOES,2020-03-27,1585321200
8281,R_0pRmRjHkwStzNQJ,WALLET,2020-03-27,1585321200
8282,R_0pRmRjHkwStzNQJ,VITAMIN,2020-03-27,1585321200
8283,R_0pRmRjHkwStzNQJ,NUTRITIONAL_SUPPLEMENT,2020-03-27,1585321200
8284,R_0pRmRjHkwStzNQJ,ELECTRONIC_CABLE,2020-03-27,1585321200
8285,R_0pRmRjHkwStzNQJ,GROCERY,2020-03-27,1585321200
8286,R_0pRmRjHkwStzNQJ,PAPER_PRODUCT,2020-03-27,1585321200
8287,R_0pRmRjHkwStzNQJ,GROCERY,2020-03-27,1585321200
8288,R_10AtO7bUfe8iWYK,SCREEN_PROTECTOR,2020-03-27,1585321200
8289,R_10TA7pCDmelHi5H,ABIS_BOOK,2020-03-27,1585321200
8290,R_10YnFpDzlwQlmrX,BLOWER_INFLATED_DECORATION,2020-03-27,1585321200
8291,R_10YnFpDzlwQlmrX,RAM_MEMORY,2020-03-27,1585321200
8292,R_10YnFpDzlwQlmrX,MOTORCYCLE_ACCESSORY,2020-03-27,1585321200
8293,R_10YnFpDzlwQlmrX,CLOTHES_PIN,2020-03-27,1585321200
8294,R_10YnFpDzlwQlmrX,SHIRT,2020-03-27,1585321200
8295,R_10YnFpDzlwQlmrX,MOTORCYCLE_ACCESSORY,2020-03-27,1585321200
8296,R_10YnFpDzlwQlmrX,HEALTH_PERSONAL_CARE,2020-03-27,1585321200
8297,R_129jUlsvVcVBDur,TOWEL_HOLDER,2020-03-27,1585321200
8298,R_129jUlsvVcVBDur,TEXTILE_DEODORIZER,2020-03-27,1585321200
8299,R_129jUlsvVcVBDur,SHOES,2020-03-27,1585321200
8300,R_129jUlsvVcVBDur,TOPICAL_HAIR_REGROWTH_TREATMENT,2020-03-27,1585321200
8301,R_129jUlsvVcVBDur,BATTERY,2020-03-27,1585321200
8302,R_129jUlsvVcVBDur,TOWEL_HOLDER,2020-03-27,1585321200
8303,R_1BNwZP0DdTOa4rT,SHOES,2020-03-27,1585321200
8304,R_1C4nKyrv0w2thJn,SCREEN_PROTECTOR,2020-03-27,1585321200
8305,R_1C8w4NDDQC5fcgE,SHOES,2020-03-27,1585321200
8306,R_1C8w4NDDQC5fcgE,SNACK_FOOD_BAR,2020-03-27,1585321200
8307,R_1C9YUFD8GunlGej,NUTRITIONAL_SUPPLEMENT,2020-03-27,1585321200
8308,R_1C9YUFD8GunlGej,ABIS_BOOK,2020-03-27,1585321200
8309,R_1Cx2TzfSj9KxVhR,DRINKING_STRAW,2020-03-27,1585321200
8310,R_1Cx2TzfSj9KxVhR,ELECTRIC_HEATING_PAD,2020-03-27,1585321200
8311,R_1DJ4QJgrJwK7g3Y,CELLULAR_PHONE_CASE,2020-03-27,1585321200
8312,R_1Fyt6rHyiQcVOT8,HAIR_CLIP,2020-03-27,1585321200
8313,R_1GVsIStj8gTkbIE,PARTY_SUPPLIES,2020-03-27,1585321200
8314,R_1LMa9REuvUok05j,SKIN_MOISTURIZER,2020-03-27,1585321200
8315,R_1NCzj2eSHI4QGcd,DISPOSABLE_INCONTINENCE_SURFACE_PROTECTOR,2020-03-27,1585321200
8316,R_1PUcgnVG2i0EBz4,SHIRT,2020-03-27,1585321200
8317,R_1PUcgnVG2i0EBz4,SCREEN_PROTECTOR,2020-03-27,1585321200
8318,R_1PUcgnVG2i0EBz4,HEADPHONES,2020-03-27,1585321200
8319,R_1Q62CIVb2WAS8hB,PANTS,2020-03-27,1585321200
8320,R_1Q9JeeKncbbLcz0,SCREEN_PROTECTOR,2020-03-27,1585321200
8321,R_1Q9JeeKncbbLcz0,SKIN_MOISTURIZER,2020-03-27,1585321200
8322,R_1QKu8qtvgo0d1uS,PET_FOOD,2020-03-27,1585321200
8323,R_1QKu8qtvgo0d1uS,PET_FOOD,2020-03-27,1585321200
8324,R_1QKu8qtvgo0d1uS,BICYCLE_TRAINER,2020-03-27,1585321200
8325,R_1QKu8qtvgo0d1uS,SHOES,2020-03-27,1585321200
8326,R_1QKu8qtvgo0d1uS,FOUNTAIN,2020-03-27,1585321200
8327,R_1QKu8qtvgo0d1uS,HEALTH_PERSONAL_CARE,2020-03-27,1585321200
8328,R_1QKu8qtvgo0d1uS,FOOD_PREPARATION_MOLD,2020-03-27,1585321200
8329,R_1QKu8qtvgo0d1uS,HEALTH_PERSONAL_CARE,2020-03-27,1585321200
8330,R_1QKu8qtvgo0d1uS,APPAREL_BELT,2020-03-27,1585321200
8331,R_1QKu8qtvgo0d1uS,MEDICATION,2020-03-27,1585321200
8332,R_1QKu8qtvgo0d1uS,SOCKS,2020-03-27,1585321200
8333,R_1QKu8qtvgo0d1uS,PHYSICAL_MOVIE,2020-03-27,1585321200
8334,R_1QKu8qtvgo0d1uS,BABY_BOTTLE,2020-03-27,1585321200
8335,R_1QKu8qtvgo0d1uS,HEADPHONES,2020-03-27,1585321200
8336,R_1QozBaV2v9k1qO9,SCREW_GUN,2020-03-27,1585321200
8337,R_1QozBaV2v9k1qO9,MEDICATION,2020-03-27,1585321200
8338,R_1Xhiz3TBoe2gQdH,PANTS,2020-03-27,1585321200
8339,R_1Xhiz3TBoe2gQdH,SKIN_CLEANING_AGENT,2020-03-27,1585321200
8340,R_1dKBjc0UTA0ZiYb,TOYS_AND_GAMES,2020-03-27,1585321200
8341,R_1gq1l7L7YXNcp13,SKIN_MOISTURIZER,2020-03-27,1585321200
8342,R_1hMV4AHCk04WO5V,BLANK_BOOK,2020-03-27,1585321200
8343,R_1hMV4AHCk04WO5V,LASER_PRINTER_TONER,2020-03-27,1585321200
8344,R_1hMV4AHCk04WO5V,NUT_AND_SEED,2020-03-27,1585321200
8345,R_1j6t5KhjtwDhdKa,PICKLE,2020-03-27,1585321200
8346,R_1j6t5KhjtwDhdKa,NECKTIE,2020-03-27,1585321200
8347,R_1jZkLNE1JdtyVpH,NETWORK_INTERFACE_CONTROLLER_ADAPTER,2020-03-27,1585321200
8348,R_1jZkLNE1JdtyVpH,SCREEN_PROTECTOR,2020-03-27,1585321200
8349,R_1kLdd31W284Angd,DISPOSABLE_INCONTINENCE_SURFACE_PROTECTOR,2020-03-27,1585321200
8350,R_1kLdd31W284Angd,PICTURE_FRAME,2020-03-27,1585321200
8351,R_1kLdd31W284Angd,PANTS,2020-03-27,1585321200
8352,R_1lxYa2W6GgcAQ19,SCREEN_PROTECTOR,2020-03-27,1585321200
8353,R_1lxYa2W6GgcAQ19,TOYS_AND_GAMES,2020-03-27,1585321200
8354,R_1lxYa2W6GgcAQ19,ABIS_BOOK,2020-03-27,1585321200
8355,R_1lxYa2W6GgcAQ19,FLAME_WICK,2020-03-27,1585321200
8356,R_1lxYa2W6GgcAQ19,PET_SUPPLIES,2020-03-27,1585321200
8357,R_1lxYa2W6GgcAQ19,VITAMIN,2020-03-27,1585321200
8358,R_1lxYa2W6GgcAQ19,NUTRITIONAL_SUPPLEMENT,2020-03-27,1585321200
8359,R_1lxYa2W6GgcAQ19,PET_FOOD,2020-03-27,1585321200
8360,R_1lxYa2W6GgcAQ19,PET_FOOD,2020-03-27,1585321200
8361,R_1lxYa2W6GgcAQ19,TOYS_AND_GAMES,2020-03-27,1585321200
8362,R_1lxYa2W6GgcAQ19,SHOES,2020-03-27,1585321200
8363,R_1lxYa2W6GgcAQ19,SKIN_CLEANING_AGENT,2020-03-27,1585321200
8364,R_1lxYa2W6GgcAQ19,SNACK_FOOD_BAR,2020-03-27,1585321200
8365,R_1lxYa2W6GgcAQ19,SCREEN_PROTECTOR,2020-03-27,1585321200
8366,R_1oFRyes3ggnKU4B,HEALTH_PERSONAL_CARE,2020-03-27,1585321200
8367,R_1oFRyes3ggnKU4B,LEOTARD,2020-03-27,1585321200
8368,R_1oFRyes3ggnKU4B,KITCHEN_KNIFE,2020-03-27,1585321200
8369,R_1oFRyes3ggnKU4B,MEDICATION,2020-03-27,1585321200
8370,R_1pm2Wo5wrQSY0Gm,UTILITY_SPONGE,2020-03-27,1585321200
8371,R_1pu4x2PBb4LrSWk,MEDICATION,2020-03-27,1585321200
8372,R_1q7GuBNrrAGdxx3,CONTROLLER,2020-03-27,1585321200
8373,R_1q7GuBNrrAGdxx3,TOYS_AND_GAMES,2020-03-27,1585321200
8374,R_1q7GuBNrrAGdxx3,VITAMIN,2020-03-27,1585321200
8375,R_1q7GuBNrrAGdxx3,CONSOLE_VIDEO_GAMES,2020-03-27,1585321200
8376,R_1q7GuBNrrAGdxx3,SCREEN_PROTECTOR,2020-03-27,1585321200
8377,R_1q7GuBNrrAGdxx3,VITAMIN,2020-03-27,1585321200
8378,R_1q7GuBNrrAGdxx3,SKIN_MOISTURIZER,2020-03-27,1585321200
8379,R_1rPQIXSf3d1wvFO,VITAMIN,2020-03-27,1585321200
8380,R_1rr9XOz2pHFyWi3,PANTS,2020-03-27,1585321200
8381,R_1rwhkWp9UYemFEH,BAKING_MIX,2020-03-27,1585321200
8382,R_20O6baqxT4T2CbA,FOOD,2020-03-27,1585321200
8383,R_20ON9TjJWV64IZO,HEALTH_PERSONAL_CARE,2020-03-27,1585321200
8384,R_20ON9TjJWV64IZO,PET_SUPPLIES,2020-03-27,1585321200
8385,R_20ON9TjJWV64IZO,CELLULAR_PHONE_CASE,2020-03-27,1585321200
8386,R_210tLKdUbUZuf7O,ABIS_BOOK,2020-03-27,1585321200
8387,R_210tLKdUbUZuf7O,LIGHT_FIXTURE,2020-03-27,1585321200
8388,R_25SbPPTyE45YzXP,NUTRITIONAL_SUPPLEMENT,2020-03-27,1585321200
8389,R_25SbPPTyE45YzXP,PANTS,2020-03-27,1585321200
8390,R_25SbPPTyE45YzXP,SNACK_FOOD_BAR,2020-03-27,1585321200
8391,R_25SbPPTyE45YzXP,SCREEN_PROTECTOR,2020-03-27,1585321200
8392,R_25SbPPTyE45YzXP,SKIN_MOISTURIZER,2020-03-27,1585321200
8393,R_25SbPPTyE45YzXP,PET_ACTIVITY_STRUCTURE,2020-03-27,1585321200
8394,R_25thHabUddjXGzt,ELECTRONIC_CABLE,2020-03-27,1585321200
8395,R_25thHabUddjXGzt,HOME_FURNITURE_AND_DECOR,2020-03-27,1585321200
8396,R_25thHabUddjXGzt,CELLULAR_PHONE_CASE,2020-03-27,1585321200
8397,R_25thHabUddjXGzt,BODY_DEODORANT,2020-03-27,1585321200
8398,R_25thHabUddjXGzt,BODY_DEODORANT,2020-03-27,1585321200
8399,R_25thHabUddjXGzt,TENT,2020-03-27,1585321200
8400,R_277i50HinKYVoY9,LIP_BALM,2020-03-27,1585321200
8401,R_277i50HinKYVoY9,VITAMIN,2020-03-27,1585321200
8402,R_277i50HinKYVoY9,CELLULAR_PHONE_CASE,2020-03-27,1585321200
8403,R_277i50HinKYVoY9,NAIL_POWDER,2020-03-27,1585321200
8404,R_277i50HinKYVoY9,SKIN_MOISTURIZER,2020-03-27,1585321200
8405,R_277i50HinKYVoY9,BATTERY,2020-03-27,1585321200
8406,R_277i50HinKYVoY9,VITAMIN,2020-03-27,1585321200
8407,R_277i50HinKYVoY9,SNACK_FOOD_BAR,2020-03-27,1585321200
8408,R_277i50HinKYVoY9,HEALTH_PERSONAL_CARE,2020-03-27,1585321200
8409,R_277i50HinKYVoY9,ELECTRONIC_CABLE,2020-03-27,1585321200
8410,R_277i50HinKYVoY9,HAIR_ROLLER,2020-03-27,1585321200
8411,R_277i50HinKYVoY9,PHYSICAL_MOVIE,2020-03-27,1585321200
8412,R_27B5jMHYqArQV6X,SHOES,2020-03-27,1585321200
8413,R_27DL80quzRiSEmq,MEDICATION,2020-03-27,1585321200
8414,R_27DL80quzRiSEmq,SHIRT,2020-03-27,1585321200
8415,R_27DL80quzRiSEmq,METAL_DETECTOR,2020-03-27,1585321200
8416,R_29bHzqH6Blzwhem,NUTRITIONAL_SUPPLEMENT,2020-03-27,1585321200
8417,R_2AXcJk6rRN4M33l,PET_SUPPLIES,2020-03-27,1585321200
8418,R_2AXcJk6rRN4M33l,SHIRT,2020-03-27,1585321200
8419,R_2AXcJk6rRN4M33l,SKIN_CLEANING_AGENT,2020-03-27,1585321200
8420,R_2AXcJk6rRN4M33l,SNACK_FOOD_BAR,2020-03-27,1585321200
8421,R_2AXcJk6rRN4M33l,HAIR_STYLING_AGENT,2020-03-27,1585321200
8422,R_2AXcJk6rRN4M33l,GROCERY,2020-03-27,1585321200
8423,R_2CKdeuvfVrO8I49,SKIN_MOISTURIZER,2020-03-27,1585321200
8424,R_2D1zydYR5SZ0LpK,FRUIT_SNACK,2020-03-27,1585321200
8425,R_2D1zydYR5SZ0LpK,SHOES,2020-03-27,1585321200
8426,R_2D2K5rKv8NODIDZ,HEALTH_PERSONAL_CARE,2020-03-27,1585321200
8427,R_2D6v6VH3RC5ZGC4,SNACK_FOOD_BAR,2020-03-27,1585321200
8428,R_2DSmjafbkSAict9,SKIN_MOISTURIZER,2020-03-27,1585321200
8429,R_2DSmjafbkSAict9,HEADPHONES,2020-03-27,1585321200
8430,R_2EglJpTWGEiwQYa,ICE_CUBE_TRAY,2020-03-27,1585321200
8431,R_2OHgbfVLtFIinBW,GIFT_CARD,2020-03-27,1585321200
8432,R_2OHgbfVLtFIinBW,BATTERY,2020-03-27,1585321200
8433,R_2QRMdwLStyElYoU,BENCH,2020-03-27,1585321200
8434,R_2QRMdwLStyElYoU,SHOES,2020-03-27,1585321200
8435,R_2QRMdwLStyElYoU,FOOD,2020-03-27,1585321200
8436,R_2QRMdwLStyElYoU,PORTABLE_ELECTRONIC_DEVICE_COVER,2020-03-27,1585321200
8437,R_2ToRb0eNQrFNM3u,HEALTH_PERSONAL_CARE,2020-03-27,1585321200
8438,R_2UaV2vSZDxrE35n,JERKY,2020-03-27,1585321200
8439,R_2UaV2vSZDxrE35n,SKIN_CLEANING_AGENT,2020-03-27,1585321200
8440,R_2WumP0iKDvwiM2r,CARBURETOR,2020-03-27,1585321200
8441,R_2Y9fPhqa2Xf2QdZ,FOOTREST,2020-03-27,1585321200
8442,R_2Y9fPhqa2Xf2QdZ,SKIN_CLEANING_AGENT,2020-03-27,1585321200
8443,R_2Y9fPhqa2Xf2QdZ,SHIRT,2020-03-27,1585321200
8444,R_2Y9fPhqa2Xf2QdZ,AREA_DEODORIZER,2020-03-27,1585321200
8445,R_2Y9fPhqa2Xf2QdZ,PHYSICAL_MOVIE,2020-03-27,1585321200
8446,R_2Y9fPhqa2Xf2QdZ,BATTERY,2020-03-27,1585321200
8447,R_2Y9fPhqa2Xf2QdZ,BRA,2020-03-27,1585321200
8448,R_2Y9fPhqa2Xf2QdZ,LAB_SUPPLY,2020-03-27,1585321200
8449,R_2Y9fPhqa2Xf2QdZ,ELECTRONIC_CABLE,2020-03-27,1585321200
8450,R_2Y9fPhqa2Xf2QdZ,HEADPHONES,2020-03-27,1585321200
8451,R_2YVQQRVSdj7M8Va,SKIN_MOISTURIZER,2020-03-27,1585321200
8452,R_2YVQQRVSdj7M8Va,ROBOTIC_VACUUM_CLEANER,2020-03-27,1585321200
8453,R_2YeJ7ZNQ5xBFmxw,PET_FOOD,2020-03-27,1585321200
8454,R_2ZTFfLAcuwm22Yh,AMAZON_TABLET,2020-03-27,1585321200
8455,R_2ZTFfLAcuwm22Yh,BATTERY,2020-03-27,1585321200
8456,R_2b1MfkpNO4V6xMv,SNACK_FOOD_BAR,2020-03-27,1585321200
8457,R_2b1MfkpNO4V6xMv,LAWN_MOWER,2020-03-27,1585321200
8458,R_2b1MfkpNO4V6xMv,SNACK_FOOD_BAR,2020-03-27,1585321200
8459,R_2b1MfkpNO4V6xMv,SKIN_MOISTURIZER,2020-03-27,1585321200
8460,R_2b1MfkpNO4V6xMv,BEAN_BAG_CHAIR,2020-03-27,1585321200
8461,R_2b1XOZR0PYTA1jX,MEDICATION,2020-03-27,1585321200
8462,R_2cBADxleVyzT89z,SKIN_CLEANING_AGENT,2020-03-27,1585321200
8463,R_2cBADxleVyzT89z,ELECTRONIC_ADAPTER,2020-03-27,1585321200
8464,R_2cd9jCAamQMAsxe,VITAMIN,2020-03-27,1585321200
8465,R_2dFHfsIqQ6eEtVW,PET_FOOD,2020-03-27,1585321200
8466,R_2dGCaOSuAKevfs7,BICYCLE_PEDAL,2020-03-27,1585321200
8467,R_2dGCaOSuAKevfs7,SHOES,2020-03-27,1585321200
8468,R_2dGCaOSuAKevfs7,IMMERSION_HEATER,2020-03-27,1585321200
8469,R_2dvk9UuFSRtf7aJ,SKIN_MOISTURIZER,2020-03-27,1585321200
8470,R_2dz21GRV17aGMQ6,HAIR_STYLING_AGENT,2020-03-27,1585321200
8471,R_2fIpcmjmR7iDqYo,MEDICATION,2020-03-27,1585321200
8472,R_2mAJniG0xVBIInL,CRAFT_HOOP_FRAME,2020-03-27,1585321200
8473,R_2mAJniG0xVBIInL,ELECTRONIC_CABLE,2020-03-27,1585321200
8474,R_2mAJniG0xVBIInL,SHOES,2020-03-27,1585321200
8475,R_2qD8ep8d313iLj4,NUTRITIONAL_SUPPLEMENT,2020-03-27,1585321200
8476,R_2qjAN1lyLAdAxT2,SKIN_MOISTURIZER,2020-03-27,1585321200
8477,R_2sbCr0DY5BIHWiF,SOCKSHOSIERY,2020-03-27,1585321200
8478,R_2ugDyrE1yi1FjvH,PANTS,2020-03-27,1585321200
8479,R_2ugDyrE1yi1FjvH,ELECTRONIC_CABLE,2020-03-27,1585321200
8480,R_2ugDyrE1yi1FjvH,SCREEN_PROTECTOR,2020-03-27,1585321200
8481,R_2viT92732GnahDd,OFFICE_ELECTRONICS,2020-03-27,1585321200
8482,R_2wHwNZWEecJflLc,BLOOD_PRESSURE_MONITOR,2020-03-27,1585321200
8483,R_2wHwNZWEecJflLc,NUTRITIONAL_SUPPLEMENT,2020-03-27,1585321200
8484,R_2yplkUxhAWZaFUL,ELECTRONIC_CABLE,2020-03-27,1585321200
8485,R_2yplkUxhAWZaFUL,SHOES,2020-03-27,1585321200
8486,R_2z7rLZb69WuqDdf,BATTERY,2020-03-27,1585321200
8487,R_2z7rLZb69WuqDdf,ABIS_BOOK,2020-03-27,1585321200
8488,R_2z7rLZb69WuqDdf,SKIN_CLEANING_AGENT,2020-03-27,1585321200
8489,R_2z7rLZb69WuqDdf,AMAZON_BOOK_READER,2020-03-27,1585321200
8490,R_2z7rLZb69WuqDdf,ABIS_BOOK,2020-03-27,1585321200
8491,R_2z7rLZb69WuqDdf,BATTERY,2020-03-27,1585321200
8492,R_2z7rLZb69WuqDdf,RAM_MEMORY,2020-03-27,1585321200
8493,R_30kPg5opkenrGPb,VEHICLE_SPOILER,2020-03-27,1585321200
8494,R_31ycQ8SiOEF1cUN,SKIN_MOISTURIZER,2020-03-27,1585321200
8495,R_31ycQ8SiOEF1cUN,SHOES,2020-03-27,1585321200
8496,R_31ycQ8SiOEF1cUN,PHYSICAL_MOVIE,2020-03-27,1585321200
8497,R_31ycQ8SiOEF1cUN,DECORATIVE_SIGNAGE,2020-03-27,1585321200
8498,R_31ycQ8SiOEF1cUN,TEXTILE_DEODORIZER,2020-03-27,1585321200
8499,R_31ycQ8SiOEF1cUN,PHYSICAL_MOVIE,2020-03-27,1585321200
8500,R_32Mm71oAJq2K9XK,HOME,2020-03-27,1585321200
8501,R_32Mm71oAJq2K9XK,SHIRT,2020-03-27,1585321200
8502,R_32Mm71oAJq2K9XK,GROCERY,2020-03-27,1585321200
8503,R_32Mm71oAJq2K9XK,HEALTH_PERSONAL_CARE,2020-03-27,1585321200
8504,R_32Mm71oAJq2K9XK,SNACK_FOOD_BAR,2020-03-27,1585321200
8505,R_32Mm71oAJq2K9XK,BATTERY,2020-03-27,1585321200
8506,R_32Mm71oAJq2K9XK,SKIN_CLEANING_AGENT,2020-03-27,1585321200
8507,R_32Mm71oAJq2K9XK,DRYING_RACK,2020-03-27,1585321200
8508,R_32Mm71oAJq2K9XK,MEDICATION,2020-03-27,1585321200
8509,R_32Mm71oAJq2K9XK,CELLULAR_PHONE_CASE,2020-03-27,1585321200
8510,R_32Mm71oAJq2K9XK,SHIRT,2020-03-27,1585321200
8511,R_32RSCpvF0PqDFBp,VITAMIN,2020-03-27,1585321200
8512,R_32RSCpvF0PqDFBp,GROCERY,2020-03-27,1585321200
8513,R_32RSCpvF0PqDFBp,ELECTRONIC_CABLE,2020-03-27,1585321200
8514,R_32UZncFA03IrQwQ,HEADPHONES,2020-03-27,1585321200
8515,R_32UZncFA03IrQwQ,SKIN_CLEANING_AGENT,2020-03-27,1585321200
8516,R_32UZncFA03IrQwQ,SHAVING_AGENT,2020-03-27,1585321200
8517,R_32UZncFA03IrQwQ,MEDICATION,2020-03-27,1585321200
8518,R_33El0GX9AkXCVDU,SHIRT,2020-03-27,1585321200
8519,R_33El0GX9AkXCVDU,SNACK_FOOD_BAR,2020-03-27,1585321200
8520,R_33a2eGfoj5xSrE2,TOGGLE_SWITCH,2020-03-27,1585321200
8521,R_33a2eGfoj5xSrE2,HEALTH_PERSONAL_CARE,2020-03-27,1585321200
8522,R_33a2eGfoj5xSrE2,MEDICATION,2020-03-27,1585321200
8523,R_3D7xJuXSy25PXbg,SAFETY_MASK_REPLACEMENT_FILTER,2020-03-27,1585321200
8524,R_3EsC5YHmiHe5s54,SNACK_FOOD_BAR,2020-03-27,1585321200
8525,R_3G1gYo1d23Zq8Np,ABIS_BOOK,2020-03-27,1585321200
8526,R_3G1gYo1d23Zq8Np,WALL_ART,2020-03-27,1585321200
8527,R_3G1gYo1d23Zq8Np,SKIN_MOISTURIZER,2020-03-27,1585321200
8528,R_3G1gYo1d23Zq8Np,BAKING_CHOCOLATE,2020-03-27,1585321200
8529,R_3G1gYo1d23Zq8Np,SCREEN_PROTECTOR,2020-03-27,1585321200
8530,R_3G1gYo1d23Zq8Np,HEADPHONES,2020-03-27,1585321200
8531,R_3G1gYo1d23Zq8Np,SHIRT,2020-03-27,1585321200
8532,R_3G1gYo1d23Zq8Np,GROCERY,2020-03-27,1585321200
8533,R_3GBSX5xvcH0uSyx,GROCERY,2020-03-27,1585321200
8534,R_3GBSX5xvcH0uSyx,SCREEN_PROTECTOR,2020-03-27,1585321200
8535,R_3HzRfw5sNEvrFRf,SHOES,2020-03-27,1585321200
8536,R_3JnjKsPAuFGDhrx,SCREEN_PROTECTOR,2020-03-27,1585321200
8537,R_3KpaTa6zCZitiZG,TWEEZER,2020-03-27,1585321200
8538,R_3KpaTa6zCZitiZG,SNACK_FOOD_BAR,2020-03-27,1585321200
8539,R_3L20DbmNPSMtKUd,RIDE_ON_TOY,2020-03-27,1585321200
8540,R_3Mli97JX0WeLIos,SKIN_MOISTURIZER,2020-03-27,1585321200
8541,R_3MnSLQdJkly3wfg,HEADPHONES,2020-03-27,1585321200
8542,R_3MnSLQdJkly3wfg,MEDICATION,2020-03-27,1585321200
8543,R_3MnSLQdJkly3wfg,SHIRT,2020-03-27,1585321200
8544,R_3MnSLQdJkly3wfg,PET_FOOD,2020-03-27,1585321200
8545,R_3MnSLQdJkly3wfg,PHYSICAL_MOVIE,2020-03-27,1585321200
8546,R_3MnSLQdJkly3wfg,NUT_AND_SEED,2020-03-27,1585321200
8547,R_3MnSLQdJkly3wfg,VIDEO_PROJECTOR,2020-03-27,1585321200
8548,R_3MnSLQdJkly3wfg,PANTS,2020-03-27,1585321200
8549,R_3MnSLQdJkly3wfg,ELECTRONIC_CABLE,2020-03-27,1585321200
8550,R_3NFhCSnuJa54Jn3,LABEL,2020-03-27,1585321200
8551,R_3NFhCSnuJa54Jn3,ELECTRONIC_CABLE,2020-03-27,1585321200
8552,R_3NFhCSnuJa54Jn3,VEHICLE_LIGHT_ASSEMBLY,2020-03-27,1585321200
8553,R_3NFhCSnuJa54Jn3,VITAMIN,2020-03-27,1585321200
8554,R_3NFhCSnuJa54Jn3,PHYSICAL_VIDEO_GAME_SOFTWARE,2020-03-27,1585321200
8555,R_3PUi8o2if0JqKfl,CELL_PHONE_GRIP,2020-03-27,1585321200
8556,R_3PZvezr4ITRkiKV,PANTS,2020-03-27,1585321200
8557,R_3PZvezr4ITRkiKV,SHOES,2020-03-27,1585321200
8558,R_3PZvezr4ITRkiKV,PASTRY,2020-03-27,1585321200
8559,R_3PZvezr4ITRkiKV,HEADPHONES,2020-03-27,1585321200
8560,R_3PZvezr4ITRkiKV,GROCERY,2020-03-27,1585321200
8561,R_3PZvezr4ITRkiKV,O_RINGS,2020-03-27,1585321200
8562,R_3PZvezr4ITRkiKV,NECKLACE,2020-03-27,1585321200
8563,R_3PZvezr4ITRkiKV,SNOW_PANT,2020-03-27,1585321200
8564,R_3PZvezr4ITRkiKV,SKIN_FOUNDATION_CONCEALER,2020-03-27,1585321200
8565,R_3PZvezr4ITRkiKV,SKIN_FOUNDATION_CONCEALER,2020-03-27,1585321200
8566,R_3PZvezr4ITRkiKV,NECKLACE,2020-03-27,1585321200
8567,R_3ek9YZGdsDHjUZf,EYELID_COLOR,2020-03-27,1585321200
8568,R_3ek9YZGdsDHjUZf,SCREEN_PROTECTOR,2020-03-27,1585321200
8569,R_3ek9YZGdsDHjUZf,ELECTRONIC_CABLE,2020-03-27,1585321200
8570,R_3ek9YZGdsDHjUZf,ITEM_STAND,2020-03-27,1585321200
8571,R_3emmbwwsXsxt4Oj,SCREEN_PROTECTOR,2020-03-27,1585321200
8572,R_3emmbwwsXsxt4Oj,CELLULAR_PHONE_CASE,2020-03-27,1585321200
8573,R_3emmbwwsXsxt4Oj,FACIAL_TISSUE,2020-03-27,1585321200
8574,R_3enuyEOsaEVxTNX,ABIS_BOOK,2020-03-27,1585321200
8575,R_3enuyEOsaEVxTNX,HEADPHONES,2020-03-27,1585321200
8576,R_3enuyEOsaEVxTNX,SHOES,2020-03-27,1585321200
8577,R_3fJXgeZMDEMzirc,LIQUID_INK,2020-03-27,1585321200
8578,R_3h4JnsfebywTUxX,SHIRT,2020-03-27,1585321200
8579,R_3iJQyWNMMY0KRV5,CELLULAR_PHONE_CASE,2020-03-27,1585321200
8580,R_3jSvX9tw2goV083,SKIN_CLEANING_AGENT,2020-03-27,1585321200
8581,R_3n17fNI56KA8rTV,MESS_KIT,2020-03-27,1585321200
8582,R_3n2VXT4Z99FpnEG,COTTON_PAD,2020-03-27,1585321200
8583,R_3n2VXT4Z99FpnEG,BRA,2020-03-27,1585321200
8584,R_3n2VXT4Z99FpnEG,VITAMIN,2020-03-27,1585321200
8585,R_3n2VXT4Z99FpnEG,CABINET,2020-03-27,1585321200
8586,R_3n2VXT4Z99FpnEG,HEADPHONES,2020-03-27,1585321200
8587,R_3nH1Odp9Yjm86gN,VITAMIN,2020-03-27,1585321200
8588,R_3nH1Odp9Yjm86gN,MEDICATION,2020-03-27,1585321200
8589,R_3nqGVGe1oo00hRC,ANIMAL_NUTRITIONAL_SUPPLEMENT,2020-03-27,1585321200
8590,R_3oO3DoeTgXHrEzx,CELLULAR_PHONE_CASE,2020-03-27,1585321200
8591,R_3oO3DoeTgXHrEzx,SKIN_MOISTURIZER,2020-03-27,1585321200
8592,R_3oO3DoeTgXHrEzx,SKIN_MOISTURIZER,2020-03-27,1585321200
8593,R_3oO3DoeTgXHrEzx,HEADPHONES,2020-03-27,1585321200
8594,R_3peWF42INuePUWA,SOIL,2020-03-27,1585321200
8595,R_3pmeuOmzM4r5gMS,HEALTH_PERSONAL_CARE,2020-03-27,1585321200
8596,R_3qTFp0FJqUeMhVZ,HEALTH_PERSONAL_CARE,2020-03-27,1585321200
8597,R_3qTFp0FJqUeMhVZ,SHOES,2020-03-27,1585321200
8598,R_3qTFp0FJqUeMhVZ,ARTIFICIAL_TREE,2020-03-27,1585321200
8599,R_3qTFp0FJqUeMhVZ,SNACK_FOOD_BAR,2020-03-27,1585321200
8600,R_3qTFp0FJqUeMhVZ,FIGURINE,2020-03-27,1585321200
8601,R_3qWnPpXqudB3ETJ,VEGETABLE,2020-03-27,1585321200
8602,R_3qqdzQnCaBYHx9o,ABIS_VIDEO_GAMES,2020-03-27,1585321200
8603,R_3rZHdmB75jSgwhr,SCREEN_PROTECTOR,2020-03-27,1585321200
8604,R_3rZHdmB75jSgwhr,MEDICATION,2020-03-27,1585321200
8605,R_3s02y9lg8GCo9q0,SLEEPING_BAG,2020-03-27,1585321200
8606,R_4PhRzF4UI9ooLh7,NUTRITIONAL_SUPPLEMENT,2020-03-27,1585321200
8607,R_4PhRzF4UI9ooLh7,POWER_CONVERTER,2020-03-27,1585321200
8608,R_4PhRzF4UI9ooLh7,SOCKS,2020-03-27,1585321200
8609,R_7ZH1uBNuL9RQ2K5,MEDICATION,2020-03-27,1585321200
8610,R_8CXcySQawXPuJwJ,MEDICATION,2020-03-27,1585321200
8611,R_8CXcySQawXPuJwJ,HEALTH_PERSONAL_CARE,2020-03-27,1585321200
8612,R_8CXcySQawXPuJwJ,STICKER_DECAL,2020-03-27,1585321200
8613,R_8CXcySQawXPuJwJ,HEADPHONES,2020-03-27,1585321200
8614,R_8CXcySQawXPuJwJ,CELLULAR_PHONE_CASE,2020-03-27,1585321200
8615,R_8CXcySQawXPuJwJ,TEMPORARY_TATTOO,2020-03-27,1585321200
8616,R_8CXcySQawXPuJwJ,BABY_PRODUCT,2020-03-27,1585321200
8617,R_8CXcySQawXPuJwJ,ELECTRONIC_CABLE,2020-03-27,1585321200
8618,R_8CXcySQawXPuJwJ,SCREEN_PROTECTOR,2020-03-27,1585321200
8619,R_8CXcySQawXPuJwJ,HEADPHONES,2020-03-27,1585321200
8620,R_8CXcySQawXPuJwJ,VITAMIN,2020-03-27,1585321200
8621,R_8CXcySQawXPuJwJ,HEALTH_PERSONAL_CARE,2020-03-27,1585321200
8622,R_8CXcySQawXPuJwJ,SCREEN_PROTECTOR,2020-03-27,1585321200
8623,R_8CXcySQawXPuJwJ,CELLULAR_PHONE_CASE,2020-03-27,1585321200
8624,R_8CXcySQawXPuJwJ,SKIN_CLEANING_AGENT,2020-03-27,1585321200
8625,R_8CXcySQawXPuJwJ,GROCERY,2020-03-27,1585321200
8626,R_8CXcySQawXPuJwJ,SNACK_FOOD_BAR,2020-03-27,1585321200
8627,R_8CXcySQawXPuJwJ,VITAMIN,2020-03-27,1585321200
8628,R_8CXcySQawXPuJwJ,BABY_BOTTLE,2020-03-27,1585321200
8629,R_8CXcySQawXPuJwJ,GROCERY,2020-03-27,1585321200
8630,R_8CXcySQawXPuJwJ,PET_FOOD,2020-03-27,1585321200
8631,R_8CXcySQawXPuJwJ,TEMPORARY_TATTOO,2020-03-27,1585321200
8632,R_8CXcySQawXPuJwJ,HEADPHONES,2020-03-27,1585321200
8633,R_8CXcySQawXPuJwJ,CELLULAR_PHONE_CASE,2020-03-27,1585321200
8634,R_8CXcySQawXPuJwJ,SKIN_MOISTURIZER,2020-03-27,1585321200
8635,R_8CXcySQawXPuJwJ,SKIN_CLEANING_AGENT,2020-03-27,1585321200
8636,R_8CXcySQawXPuJwJ,GROCERY,2020-03-27,1585321200
8637,R_8CXcySQawXPuJwJ,SKIN_MOISTURIZER,2020-03-27,1585321200
8638,R_8CXcySQawXPuJwJ,ABIS_BOOK,2020-03-27,1585321200
8639,R_8CXcySQawXPuJwJ,TOYS_AND_GAMES,2020-03-27,1585321200
8640,R_8CXcySQawXPuJwJ,TEMPORARY_TATTOO,2020-03-27,1585321200
8641,R_8CXcySQawXPuJwJ,PANTS,2020-03-27,1585321200
8642,R_8CXcySQawXPuJwJ,BINOCULAR,2020-03-27,1585321200
8643,R_8vnpSkm79W7Jsv7,DUMBBELL,2020-03-27,1585321200
8644,R_9ppTjfBQZZs42WJ,HEADPHONES,2020-03-27,1585321200
8645,R_AEBbAiW2xdXI2at,COAT,2020-03-27,1585321200
8646,R_AEBbAiW2xdXI2at,OFFICE_PRODUCTS,2020-03-27,1585321200
8647,R_AEBbAiW2xdXI2at,HOME_ORGANIZERS_AND_STORAGE,2020-03-27,1585321200
8648,R_AEBbAiW2xdXI2at,PANTS,2020-03-27,1585321200
8649,R_AEBbAiW2xdXI2at,ELECTRONIC_ADAPTER,2020-03-27,1585321200
8650,R_AEBbAiW2xdXI2at,WEBCAM,2020-03-27,1585321200
8651,R_AKBlDprDMrv4M7v,BATTERY,2020-03-27,1585321200
8652,R_AKBlDprDMrv4M7v,SHOES,2020-03-27,1585321200
8653,R_AKBlDprDMrv4M7v,DRIP_IRRIGATION_KIT,2020-03-27,1585321200
8654,R_AKBlDprDMrv4M7v,PANTS,2020-03-27,1585321200
8655,R_AKBlDprDMrv4M7v,HEALTH_PERSONAL_CARE,2020-03-27,1585321200
8656,R_AKBlDprDMrv4M7v,PANTS,2020-03-27,1585321200
8657,R_AM0OvM0F9kBvqal,NAIL_POLISH,2020-03-27,1585321200
8658,R_AM0OvM0F9kBvqal,CHOCOLATE_CANDY,2020-03-27,1585321200
8659,R_AM0OvM0F9kBvqal,ELECTRONIC_CABLE,2020-03-27,1585321200
8660,R_AM0OvM0F9kBvqal,MEDICATION,2020-03-27,1585321200
8661,R_AM0OvM0F9kBvqal,SKIN_CLEANING_AGENT,2020-03-27,1585321200
8662,R_AM0OvM0F9kBvqal,NUTRITIONAL_SUPPLEMENT,2020-03-27,1585321200
8663,R_AM0OvM0F9kBvqal,COOKIE,2020-03-27,1585321200
8664,R_AM0OvM0F9kBvqal,PHONE_ACCESSORY,2020-03-27,1585321200
8665,R_AM0OvM0F9kBvqal,TOYS_AND_GAMES,2020-03-27,1585321200
8666,R_Amq2LudEdwYblXX,SKIN_MOISTURIZER,2020-03-27,1585321200
8667,R_Amq2LudEdwYblXX,SNACK_FOOD_BAR,2020-03-27,1585321200
8668,R_Amq2LudEdwYblXX,PANTS,2020-03-27,1585321200
8669,R_BWhnv4EdbhSS6rf,FOOD_WRAP,2020-03-27,1585321200
8670,R_O6ZX76mggPnAOfD,NUTRITIONAL_SUPPLEMENT,2020-03-27,1585321200
8671,R_O6ZX76mggPnAOfD,SKIN_CLEANING_AGENT,2020-03-27,1585321200
8672,R_OGN3QDO9930tfAl,NUTRITIONAL_SUPPLEMENT,2020-03-27,1585321200
8673,R_Og8sDefGp0SvLl7,PHYSICAL_MOVIE,2020-03-27,1585321200
8674,R_PXSF6lxCnUB8Pg5,SHIRT,2020-03-27,1585321200
8675,R_RfThNEyjDIX9xwl,VITAMIN,2020-03-27,1585321200
8676,R_UEke64xAaOG3mTf,GROCERY,2020-03-27,1585321200
8677,R_UVM6YBvaArzpRjb,CLEANING_AGENT,2020-03-27,1585321200
8678,R_UVM6YBvaArzpRjb,HIP_FLASK,2020-03-27,1585321200
8679,R_UVM6YBvaArzpRjb,CLEANING_AGENT,2020-03-27,1585321200
8680,R_UVM6YBvaArzpRjb,TOOLS,2020-03-27,1585321200
8681,R_UVM6YBvaArzpRjb,CELLULAR_PHONE_CASE,2020-03-27,1585321200
8682,R_UVM6YBvaArzpRjb,STORAGE_BINDER,2020-03-27,1585321200
8683,R_UVM6YBvaArzpRjb,HEADPHONES,2020-03-27,1585321200
8684,R_UVM6YBvaArzpRjb,MEDICATION,2020-03-27,1585321200
8685,R_UVM6YBvaArzpRjb,RICE_MIX,2020-03-27,1585321200
8686,R_UVM6YBvaArzpRjb,SHOES,2020-03-27,1585321200
8687,R_UVM6YBvaArzpRjb,CLEANING_AGENT,2020-03-27,1585321200
8688,R_UVM6YBvaArzpRjb,PET_FOOD,2020-03-27,1585321200
8689,R_W80kzJbCa8CD9UB,PET_FOOD,2020-03-27,1585321200
8690,R_W80kzJbCa8CD9UB,HEALTH_PERSONAL_CARE,2020-03-27,1585321200
8691,R_W80kzJbCa8CD9UB,CELLULAR_PHONE_CASE,2020-03-27,1585321200
8692,R_Xhz81T9LodPX0KB,SKIN_MOISTURIZER,2020-03-27,1585321200
8693,R_Xhz81T9LodPX0KB,VITAMIN,2020-03-27,1585321200
8694,R_Xhz81T9LodPX0KB,ELECTRONIC_CABLE,2020-03-27,1585321200
8695,R_Xhz81T9LodPX0KB,SHIRT,2020-03-27,1585321200
8696,R_XwiCirQyfwJzVtv,SNACK_FOOD_BAR,2020-03-27,1585321200
8697,R_b3dSUlk76L0C6TD,PHYSICAL_MOVIE,2020-03-27,1585321200
8698,R_b8UnkZJoU93ZxEB,PLANNER,2020-03-27,1585321200
8699,R_b8UnkZJoU93ZxEB,ABIS_BOOK,2020-03-27,1585321200
8700,R_bJbNhR1I5NnLKb7,ABIS_BOOK,2020-03-27,1585321200
8701,R_cAcAtozIWnZIbGp,SHOES,2020-03-27,1585321200
8702,R_cAcAtozIWnZIbGp,LITTER_BOX,2020-03-27,1585321200
8703,R_cAcAtozIWnZIbGp,PANTS,2020-03-27,1585321200
8704,R_e8KTElZZLWryLWp,PHYSICAL_MOVIE,2020-03-27,1585321200
8705,R_e8KTElZZLWryLWp,WATER,2020-03-27,1585321200
8706,R_e8KTElZZLWryLWp,VITAMIN,2020-03-27,1585321200
8707,R_e8KTElZZLWryLWp,POWER_BANK,2020-03-27,1585321200
8708,R_e8KTElZZLWryLWp,ELECTROMECHANICAL_GAUGE,2020-03-27,1585321200
8709,R_e8KTElZZLWryLWp,ELECTRONIC_CABLE,2020-03-27,1585321200
8710,R_ebblotCCh8G6Ddf,CELLULAR_PHONE_CASE,2020-03-27,1585321200
8711,R_swfIN0JgX72IbMl,SHIRT,2020-03-27,1585321200
8712,R_swfIN0JgX72IbMl,ELECTRONIC_CABLE,2020-03-27,1585321200
8713,R_swfIN0JgX72IbMl,PANTS,2020-03-27,1585321200
8714,R_u2EdYogSnJBrpex,FACE_SHAPING_MAKEUP,2020-03-27,1585321200
8715,R_u94bdSj5JBe7WZb,ELECTRONIC_SIGNAL_CONVERTER,2020-03-27,1585321200
8716,R_u94bdSj5JBe7WZb,SHADE_SAIL,2020-03-27,1585321200
8717,R_u99XwBV1boyooXT,BATTERY,2020-03-27,1585321200
8718,R_u99XwBV1boyooXT,PET_FOOD,2020-03-27,1585321200
8719,R_u99XwBV1boyooXT,CELLULAR_PHONE_CASE,2020-03-27,1585321200
8720,R_xc0AiqTlV5cTvZn,ABIS_BOOK,2020-03-27,1585321200
8721,R_xc0AiqTlV5cTvZn,CELLULAR_PHONE_CASE,2020-03-27,1585321200
8722,R_yILeYEcIeCBmy2t,HEADPHONES,2020-03-27,1585321200
8723,R_yILeYEcIeCBmy2t,MEDICATION,2020-03-27,1585321200
8724,R_10CAlrx7dbJty9R,HERBAL_SUPPLEMENT,2020-03-28,1585407600
8725,R_10MFxyIhsIDW0nP,EDIBLE_OIL_ANIMAL,2020-03-28,1585407600
8726,R_129jUlsvVcVBDur,SWEATER,2020-03-28,1585407600
8727,R_129jUlsvVcVBDur,MEDICATION,2020-03-28,1585407600
8728,R_129jUlsvVcVBDur,HOME_FURNITURE_AND_DECOR,2020-03-28,1585407600
8729,R_129jUlsvVcVBDur,GROMMETS,2020-03-28,1585407600
8730,R_129jUlsvVcVBDur,TOPICAL_HAIR_REGROWTH_TREATMENT,2020-03-28,1585407600
8731,R_1BNwZP0DdTOa4rT,PET_FOOD,2020-03-28,1585407600
8732,R_1C75XRebT1eliL0,CAKE_TOPPER,2020-03-28,1585407600
8733,R_1F35QiIK5csZBEC,TOY_FIGURE,2020-03-28,1585407600
8734,R_1F35QiIK5csZBEC,PET_FOOD,2020-03-28,1585407600
8735,R_1F35QiIK5csZBEC,TOYS_AND_GAMES,2020-03-28,1585407600
8736,R_1KrGWfbBFSsqxlt,SNACK_FOOD_BAR,2020-03-28,1585407600
8737,R_1KrGWfbBFSsqxlt,POWER_BANK,2020-03-28,1585407600
8738,R_1KrGWfbBFSsqxlt,MEDICATION,2020-03-28,1585407600
8739,R_1KrGWfbBFSsqxlt,LAUNDRY_DETERGENT,2020-03-28,1585407600
8740,R_1KrGWfbBFSsqxlt,SKIN_CLEANING_AGENT,2020-03-28,1585407600
8741,R_1KxVDxZl2H0XoHS,UNDERPANTS,2020-03-28,1585407600
8742,R_1MTbVUzYEQq2MzU,SKIN_MOISTURIZER,2020-03-28,1585407600
8743,R_1MTbVUzYEQq2MzU,HEALTH_PERSONAL_CARE,2020-03-28,1585407600
8744,R_1MTbVUzYEQq2MzU,ABIS_BOOK,2020-03-28,1585407600
8745,R_1MTbVUzYEQq2MzU,VITAMIN,2020-03-28,1585407600
8746,R_1NCzj2eSHI4QGcd,PANTS,2020-03-28,1585407600
8747,R_1P0kCmz0zdMSEld,VITAMIN,2020-03-28,1585407600
8748,R_1QupmKjSh9fA4l4,BLANK_BOOK,2020-03-28,1585407600
8749,R_1QupmKjSh9fA4l4,AIR_MATTRESS,2020-03-28,1585407600
8750,R_1dKBjc0UTA0ZiYb,MARKING_PEN,2020-03-28,1585407600
8751,R_1dKBjc0UTA0ZiYb,MARKING_PEN,2020-03-28,1585407600
8752,R_1dyqbVnXomwItTl,HOLE_PUNCH,2020-03-28,1585407600
8753,R_1dyqbVnXomwItTl,NUTRITIONAL_SUPPLEMENT,2020-03-28,1585407600
8754,R_1dyqbVnXomwItTl,LIP_COLOR,2020-03-28,1585407600
8755,R_1dyqbVnXomwItTl,TOYS_AND_GAMES,2020-03-28,1585407600
8756,R_1dyqbVnXomwItTl,HEALTH_PERSONAL_CARE,2020-03-28,1585407600
8757,R_1eFv0mPpH4dM2mG,HEADPHONES,2020-03-28,1585407600
8758,R_1f1PzEZw8H2N4zm,PRODUCT,2020-03-28,1585407600
8759,R_1gq1l7L7YXNcp13,HEAT_PRESS,2020-03-28,1585407600
8760,R_1hJWB4rlc8B2yCi,PAINT_BRUSH,2020-03-28,1585407600
8761,R_1hLPyY3aamfi3xT,POTABLE_WATER_FILTER,2020-03-28,1585407600
8762,R_1hLPyY3aamfi3xT,NUTRITIONAL_SUPPLEMENT,2020-03-28,1585407600
8763,R_1o6au5rOnBHoiU9,SKIN_MOISTURIZER,2020-03-28,1585407600
8764,R_1pKZVLBbrpZM8bP,POTABLE_WATER_FILTER,2020-03-28,1585407600
8765,R_1pKZVLBbrpZM8bP,FISH,2020-03-28,1585407600
8766,R_1pm2Wo5wrQSY0Gm,PET_FEEDER,2020-03-28,1585407600
8767,R_1pm2Wo5wrQSY0Gm,TOYS_AND_GAMES,2020-03-28,1585407600
8768,R_1pm2Wo5wrQSY0Gm,VITAMIN,2020-03-28,1585407600
8769,R_1pm2Wo5wrQSY0Gm,SCREEN_PROTECTOR,2020-03-28,1585407600
8770,R_1pm2Wo5wrQSY0Gm,ELECTRONIC_CABLE,2020-03-28,1585407600
8771,R_1q7GuBNrrAGdxx3,LIGHT_BULB,2020-03-28,1585407600
8772,R_1q7GuBNrrAGdxx3,PET_FOOD,2020-03-28,1585407600
8773,R_1q7GuBNrrAGdxx3,SHIRT,2020-03-28,1585407600
8774,R_1q7GuBNrrAGdxx3,CHEWING_GUM,2020-03-28,1585407600
8775,R_1q7GuBNrrAGdxx3,ABIS_BOOK,2020-03-28,1585407600
8776,R_1q7GuBNrrAGdxx3,MISC_OTHER,2020-03-28,1585407600
8777,R_1q7GuBNrrAGdxx3,PET_FOOD,2020-03-28,1585407600
8778,R_1q7GuBNrrAGdxx3,SKIN_MOISTURIZER,2020-03-28,1585407600
8779,R_1q7GuBNrrAGdxx3,SKIN_MOISTURIZER,2020-03-28,1585407600
8780,R_1q7GuBNrrAGdxx3,MEDICATION,2020-03-28,1585407600
8781,R_1q7GuBNrrAGdxx3,PHYSICAL_MOVIE,2020-03-28,1585407600
8782,R_1q7GuBNrrAGdxx3,BLEACH,2020-03-28,1585407600
8783,R_21ttkGbeIL6HdlR,VITAMIN,2020-03-28,1585407600
8784,R_248iRXgLLXgwGMZ,SNACK_FOOD_BAR,2020-03-28,1585407600
8785,R_248iRXgLLXgwGMZ,FOOD_SHAKER,2020-03-28,1585407600
8786,R_24dbGLxukEKohG6,SKIN_MOISTURIZER,2020-03-28,1585407600
8787,R_25SbPPTyE45YzXP,CELLULAR_PHONE_CASE,2020-03-28,1585407600
8788,R_273TMGuLM3jXisi,ABIS_BOOK,2020-03-28,1585407600
8789,R_273TMGuLM3jXisi,PET_FOOD,2020-03-28,1585407600
8790,R_273TMGuLM3jXisi,ELECTRIC_FAN,2020-03-28,1585407600
8791,R_273TMGuLM3jXisi,VITAMIN,2020-03-28,1585407600
8792,R_273TMGuLM3jXisi,VITAMIN,2020-03-28,1585407600
8793,R_273TMGuLM3jXisi,SKIN_MOISTURIZER,2020-03-28,1585407600
8794,R_273TMGuLM3jXisi,PHYSICAL_MOVIE,2020-03-28,1585407600
8795,R_273TMGuLM3jXisi,HANDLEBAR_GRIP,2020-03-28,1585407600
8796,R_273TMGuLM3jXisi,SCREEN_PROTECTOR,2020-03-28,1585407600
8797,R_273TMGuLM3jXisi,ELECTRONIC_CABLE,2020-03-28,1585407600
8798,R_273TMGuLM3jXisi,ELECTRIC_FAN,2020-03-28,1585407600
8799,R_273TMGuLM3jXisi,PUMP_SPRAYER,2020-03-28,1585407600
8800,R_273TMGuLM3jXisi,BATTERY,2020-03-28,1585407600
8801,R_273TMGuLM3jXisi,FIREPLACE,2020-03-28,1585407600
8802,R_273TMGuLM3jXisi,BATTERY,2020-03-28,1585407600
8803,R_273TMGuLM3jXisi,ELECTRONIC_CABLE,2020-03-28,1585407600
8804,R_273TMGuLM3jXisi,CAMERA_CLEANER,2020-03-28,1585407600
8805,R_273TMGuLM3jXisi,HEALTH_PERSONAL_CARE,2020-03-28,1585407600
8806,R_273TMGuLM3jXisi,MEDICATION,2020-03-28,1585407600
8807,R_273TMGuLM3jXisi,VITAMIN,2020-03-28,1585407600
8808,R_273TMGuLM3jXisi,HEALTH_PERSONAL_CARE,2020-03-28,1585407600
8809,R_273TMGuLM3jXisi,VITAMIN,2020-03-28,1585407600
8810,R_273TMGuLM3jXisi,ABIS_BOOK,2020-03-28,1585407600
8811,R_27Nf8ImFlWu3J9O,BAKING_CHOCOLATE,2020-03-28,1585407600
8812,R_27Nf8ImFlWu3J9O,SHOES,2020-03-28,1585407600
8813,R_27lE2A8TyANjHWE,SKIN_CLEANING_AGENT,2020-03-28,1585407600
8814,R_28IDNbS8mqpfyKD,ELECTRIC_WATER_BOILER,2020-03-28,1585407600
8815,R_29bHzqH6Blzwhem,VITAMIN,2020-03-28,1585407600
8816,R_29bHzqH6Blzwhem,FISHING_REEL,2020-03-28,1585407600
8817,R_2ASBFgthVbaGlF3,HEALTH_PERSONAL_CARE,2020-03-28,1585407600
8818,R_2ASBFgthVbaGlF3,ART_SUPPLIES,2020-03-28,1585407600
8819,R_2ASBFgthVbaGlF3,HEALTH_PERSONAL_CARE,2020-03-28,1585407600
8820,R_2ASBFgthVbaGlF3,NUT_AND_SEED,2020-03-28,1585407600
8821,R_2CKdeuvfVrO8I49,TOOL_BELT,2020-03-28,1585407600
8822,R_2CKdeuvfVrO8I49,GROCERY,2020-03-28,1585407600
8823,R_2CKdeuvfVrO8I49,MEDICATION,2020-03-28,1585407600
8824,R_2DSmjafbkSAict9,TOYS_AND_GAMES,2020-03-28,1585407600
8825,R_2DSmjafbkSAict9,TELESCOPE,2020-03-28,1585407600
8826,R_2DSmjafbkSAict9,VITAMIN,2020-03-28,1585407600
8827,R_2DV0bsqugjyav1y,SNACK_FOOD_BAR,2020-03-28,1585407600
8828,R_2EglJpTWGEiwQYa,NUTRITIONAL_SUPPLEMENT,2020-03-28,1585407600
8829,R_2EglJpTWGEiwQYa,SNACK_FOOD_BAR,2020-03-28,1585407600
8830,R_2OHgbfVLtFIinBW,SPEAKERS,2020-03-28,1585407600
8831,R_2OOq3ysdOS3TtBd,KITCHEN_KNIFE,2020-03-28,1585407600
8832,R_2OOq3ysdOS3TtBd,MATERIAL_HANDLING,2020-03-28,1585407600
8833,R_2OOq3ysdOS3TtBd,TOYS_AND_GAMES,2020-03-28,1585407600
8834,R_2OOq3ysdOS3TtBd,SHIRT,2020-03-28,1585407600
8835,R_2QX9bXWJvSVIbXl,PICNIC_HOLDER,2020-03-28,1585407600
8836,R_2QX9bXWJvSVIbXl,SCREEN_PROTECTOR,2020-03-28,1585407600
8837,R_2QXJIE0UXBTy8wd,CELLULAR_PHONE_CASE,2020-03-28,1585407600
8838,R_2QXJIE0UXBTy8wd,SHIRT,2020-03-28,1585407600
8839,R_2QXq900Df6biUD7,HEALTH_PERSONAL_CARE,2020-03-28,1585407600
8840,R_2QXq900Df6biUD7,SKIN_MOISTURIZER,2020-03-28,1585407600
8841,R_2SIYchF5txvb4ur,GUN_SLING,2020-03-28,1585407600
8842,R_2UaV2vSZDxrE35n,PET_FOOD,2020-03-28,1585407600
8843,R_2VaWg2jhtCG6zmh,PANTS,2020-03-28,1585407600
8844,R_2XoI6KbLJRGFz5X,NUTRITIONAL_SUPPLEMENT,2020-03-28,1585407600
8845,R_2XoI6KbLJRGFz5X,COMPUTER_INPUT_DEVICE,2020-03-28,1585407600
8846,R_2XoI6KbLJRGFz5X,HEALTH_PERSONAL_CARE,2020-03-28,1585407600
8847,R_2YCU6JHbCzus4zy,NAIL_POLISH,2020-03-28,1585407600
8848,R_2YVQQRVSdj7M8Va,SNACK_FOOD_BAR,2020-03-28,1585407600
8849,R_2YVQQRVSdj7M8Va,TOYS_AND_GAMES,2020-03-28,1585407600
8850,R_2YYB0ZXHHFsMn1o,NUTRITIONAL_SUPPLEMENT,2020-03-28,1585407600
8851,R_2YYB0ZXHHFsMn1o,SKIN_MOISTURIZER,2020-03-28,1585407600
8852,R_2YYB0ZXHHFsMn1o,GROCERY,2020-03-28,1585407600
8853,R_2YYB0ZXHHFsMn1o,PANTS,2020-03-28,1585407600
8854,R_2bTLZFP7p4CPlTT,CLOTHES_PIN,2020-03-28,1585407600
8855,R_2bTLZFP7p4CPlTT,SHOES,2020-03-28,1585407600
8856,R_2dX8oLhgW3U0Q0m,NUTRITIONAL_SUPPLEMENT,2020-03-28,1585407600
8857,R_2dvh9tu7PLPeipE,SUSPENSION_LIFT_SUPPORT,2020-03-28,1585407600
8858,R_2dz21GRV17aGMQ6,WAIST_PACK,2020-03-28,1585407600
8859,R_2dzIuPT8QnK8NCo,CAMERA,2020-03-28,1585407600
8860,R_2dzIuPT8QnK8NCo,CANDY,2020-03-28,1585407600
8861,R_2dzIuPT8QnK8NCo,SKIN_SERUM,2020-03-28,1585407600
8862,R_2dzIuPT8QnK8NCo,HEALTH_PERSONAL_CARE,2020-03-28,1585407600
8863,R_2dzIuPT8QnK8NCo,SKIN_SERUM,2020-03-28,1585407600
8864,R_2dzIuPT8QnK8NCo,ABIS_BOOK,2020-03-28,1585407600
8865,R_2dzIuPT8QnK8NCo,PAPER_SHREDDER,2020-03-28,1585407600
8866,R_2dzIuPT8QnK8NCo,CANDY,2020-03-28,1585407600
8867,R_2dzIuPT8QnK8NCo,ELECTRONIC_CABLE,2020-03-28,1585407600
8868,R_2foIkyims4WyyYQ,WATCH_BAND,2020-03-28,1585407600
8869,R_2mAJniG0xVBIInL,PHYSICAL_MOVIE,2020-03-28,1585407600
8870,R_2sbf0hqTGFb880u,MEDICATION,2020-03-28,1585407600
8871,R_2t2UfXrRfbnyKGU,SKIN_CLEANING_AGENT,2020-03-28,1585407600
8872,R_2t2UfXrRfbnyKGU,CELLULAR_PHONE_CASE,2020-03-28,1585407600
8873,R_2uTysluImvxkQBY,SHIRT,2020-03-28,1585407600
8874,R_2vkMWH10xWp7o9s,PHYSICAL_MOVIE,2020-03-28,1585407600
8875,R_2vkMWH10xWp7o9s,ELECTRONIC_CABLE,2020-03-28,1585407600
8876,R_2vkMWH10xWp7o9s,SHOES,2020-03-28,1585407600
8877,R_2wagDt0ZaSu1p8q,SHOES,2020-03-28,1585407600
8878,R_2wmCdm6ETy6g3k0,HEADPHONES,2020-03-28,1585407600
8879,R_2wmLE1q4FIpfioi,CELLULAR_PHONE_CASE,2020-03-28,1585407600
8880,R_2z7rLZb69WuqDdf,SNACK_FOOD_BAR,2020-03-28,1585407600
8881,R_2z7rLZb69WuqDdf,EDIBLE_OIL_ANIMAL,2020-03-28,1585407600
8882,R_2zGy2Qj3ENruAYs,SWEATER,2020-03-28,1585407600
8883,R_2zGy2Qj3ENruAYs,GROCERY,2020-03-28,1585407600
8884,R_31SNC0DcyjBDcq3,SNACK_FOOD_BAR,2020-03-28,1585407600
8885,R_31SNC0DcyjBDcq3,NUTRITIONAL_SUPPLEMENT,2020-03-28,1585407600
8886,R_31n2MLk9w05iLzN,ELECTRONIC_CABLE,2020-03-28,1585407600
8887,R_31ycQ8SiOEF1cUN,ELECTRONIC_CABLE,2020-03-28,1585407600
8888,R_31ycQ8SiOEF1cUN,DECORATIVE_SIGNAGE,2020-03-28,1585407600
8889,R_333cPUAJRgYXqi1,ARTIFICIAL_PLANT,2020-03-28,1585407600
8890,R_33a2eGfoj5xSrE2,TOYS_AND_GAMES,2020-03-28,1585407600
8891,R_39HhVszlqdawZPP,MEDICATION,2020-03-28,1585407600
8892,R_3CVMAH13SNAWjLZ,SEEDS_AND_PLANTS,2020-03-28,1585407600
8893,R_3CVMAH13SNAWjLZ,GROCERY,2020-03-28,1585407600
8894,R_3CVMAH13SNAWjLZ,PANTS,2020-03-28,1585407600
8895,R_3D8tZyjLz903WIf,LEASH,2020-03-28,1585407600
8896,R_3EQ2dhEXGhy72Xx,GROCERY,2020-03-28,1585407600
8897,R_3EQ2dhEXGhy72Xx,SAUNA,2020-03-28,1585407600
8898,R_3EQ2dhEXGhy72Xx,MEDICATION,2020-03-28,1585407600
8899,R_3EQ2dhEXGhy72Xx,PANTS,2020-03-28,1585407600
8900,R_3EQ2dhEXGhy72Xx,DISPLAY_ALBUM,2020-03-28,1585407600
8901,R_3EQ2dhEXGhy72Xx,SNACK_FOOD_BAR,2020-03-28,1585407600
8902,R_3EQ2dhEXGhy72Xx,SWIMWEAR,2020-03-28,1585407600
8903,R_3JnjKsPAuFGDhrx,VIDEO_GAME_ACCESSORIES,2020-03-28,1585407600
8904,R_3NFhCSnuJa54Jn3,ELECTRONIC_COMPONENT_TERMINAL,2020-03-28,1585407600
8905,R_3NFhCSnuJa54Jn3,WATER_FLOTATION_DEVICE,2020-03-28,1585407600
8906,R_3NwT1ZQQBtYqBaM,GROCERY,2020-03-28,1585407600
8907,R_3NwT1ZQQBtYqBaM,NUTRITIONAL_SUPPLEMENT,2020-03-28,1585407600
8908,R_3PaGuwKhYPfHa15,PET_FOOD,2020-03-28,1585407600
8909,R_3PaGuwKhYPfHa15,BATTERY,2020-03-28,1585407600
8910,R_3Pwa112XZRRejbA,BATTERY,2020-03-28,1585407600
8911,R_3Pwa112XZRRejbA,PHYSICAL_MOVIE,2020-03-28,1585407600
8912,R_3Pwa112XZRRejbA,BATTERY,2020-03-28,1585407600
8913,R_3QJyUqWqLp8B7Jw,TOYS_AND_GAMES,2020-03-28,1585407600
8914,R_3ek9YZGdsDHjUZf,SUNSCREEN,2020-03-28,1585407600
8915,R_3ek9YZGdsDHjUZf,MEDICATION,2020-03-28,1585407600
8916,R_3ek9YZGdsDHjUZf,SOCKS,2020-03-28,1585407600
8917,R_3emmbwwsXsxt4Oj,SHOES,2020-03-28,1585407600
8918,R_3emmbwwsXsxt4Oj,VITAMIN,2020-03-28,1585407600
8919,R_3emmbwwsXsxt4Oj,SCREEN_PROTECTOR,2020-03-28,1585407600
8920,R_3emmbwwsXsxt4Oj,SKIN_CLEANING_AGENT,2020-03-28,1585407600
8921,R_3exlTi02vMuoy59,ELECTRIC_SHAVER,2020-03-28,1585407600
8922,R_3exlTi02vMuoy59,MEDICATION,2020-03-28,1585407600
8923,R_3exlTi02vMuoy59,ABIS_BOOK,2020-03-28,1585407600
8924,R_3ez7TNnB78XtMa7,NETWORKING_ROUTER,2020-03-28,1585407600
8925,R_3ez7TNnB78XtMa7,HOME_LIGHTING_ACCESSORY,2020-03-28,1585407600
8926,R_3iJyVGzX7fyajRz,NUTRITIONAL_SUPPLEMENT,2020-03-28,1585407600
8927,R_3iJyVGzX7fyajRz,ELECTRONIC_CABLE,2020-03-28,1585407600
8928,R_3lXswIAy7Qq6UEZ,MEDICATION,2020-03-28,1585407600
8929,R_3qTFp0FJqUeMhVZ,SCREEN_PROTECTOR,2020-03-28,1585407600
8930,R_3qjvaF4zWZz3obB,SNACK_FOOD_BAR,2020-03-28,1585407600
8931,R_3r0AnJHzPNt6fQ2,PET_FOOD,2020-03-28,1585407600
8932,R_3rV7kPHe9hVsMee,ABIS_BOOK,2020-03-28,1585407600
8933,R_3s60LmlFm5fAEP5,COSMETIC_CASE,2020-03-28,1585407600
8934,R_3socPWD3wXD0iDP,VITAMIN,2020-03-28,1585407600
8935,R_4TMdmQ1SjGtT6Ex,WIPER_BLADE,2020-03-28,1585407600
8936,R_6yXSEznYlOrZwSB,SKIN_MOISTURIZER,2020-03-28,1585407600
8937,R_6yXSEznYlOrZwSB,PRECISION_MEASURING,2020-03-28,1585407600
8938,R_6yXSEznYlOrZwSB,RIDE_ON_TOY,2020-03-28,1585407600
8939,R_6yXSEznYlOrZwSB,VITAMIN,2020-03-28,1585407600
8940,R_6yXSEznYlOrZwSB,DEHUMIDIFIER,2020-03-28,1585407600
8941,R_6yXSEznYlOrZwSB,HOBBIES,2020-03-28,1585407600
8942,R_6yXSEznYlOrZwSB,HOBBIES,2020-03-28,1585407600
8943,R_8CXcySQawXPuJwJ,BLADED_FOOD_PEELER,2020-03-28,1585407600
8944,R_8CXcySQawXPuJwJ,PET_FOOD,2020-03-28,1585407600
8945,R_8CXcySQawXPuJwJ,BLADED_FOOD_PEELER,2020-03-28,1585407600
8946,R_8CXcySQawXPuJwJ,SCREEN_PROTECTOR,2020-03-28,1585407600
8947,R_8CXcySQawXPuJwJ,BATTERY,2020-03-28,1585407600
8948,R_8CXcySQawXPuJwJ,NUTRITIONAL_SUPPLEMENT,2020-03-28,1585407600
8949,R_8CXcySQawXPuJwJ,PANTS,2020-03-28,1585407600
8950,R_8CXcySQawXPuJwJ,ELECTRONIC_CABLE,2020-03-28,1585407600
8951,R_8CXcySQawXPuJwJ,BATTERY,2020-03-28,1585407600
8952,R_8CXcySQawXPuJwJ,SNACK_FOOD_BAR,2020-03-28,1585407600
8953,R_8CXcySQawXPuJwJ,PHYSICAL_MOVIE,2020-03-28,1585407600
8954,R_8CXcySQawXPuJwJ,ABIS_BOOK,2020-03-28,1585407600
8955,R_8CXcySQawXPuJwJ,O_RINGS,2020-03-28,1585407600
8956,R_8CXcySQawXPuJwJ,PHYSICAL_MOVIE,2020-03-28,1585407600
8957,R_8CXcySQawXPuJwJ,SKIN_CLEANING_AGENT,2020-03-28,1585407600
8958,R_8CXcySQawXPuJwJ,PANTS,2020-03-28,1585407600
8959,R_8CXcySQawXPuJwJ,SMOKING_PIPE,2020-03-28,1585407600
8960,R_8pMsG4P0RqzoSlz,ASHTRAY,2020-03-28,1585407600
8961,R_8pMsG4P0RqzoSlz,NUTRITIONAL_SUPPLEMENT,2020-03-28,1585407600
8962,R_9yOmfJyU0rNZGW5,SHOES,2020-03-28,1585407600
8963,R_AKBlDprDMrv4M7v,BATTERY,2020-03-28,1585407600
8964,R_AKBlDprDMrv4M7v,MEDICATION,2020-03-28,1585407600
8965,R_AKBlDprDMrv4M7v,VITAMIN,2020-03-28,1585407600
8966,R_AKBlDprDMrv4M7v,NUTRITIONAL_SUPPLEMENT,2020-03-28,1585407600
8967,R_AKBlDprDMrv4M7v,SHOES,2020-03-28,1585407600
8968,R_AKBlDprDMrv4M7v,SPRAY_BOTTLE,2020-03-28,1585407600
8969,R_AKBlDprDMrv4M7v,PENCIL_SHARPENER,2020-03-28,1585407600
8970,R_AKBlDprDMrv4M7v,SNACK_FOOD_BAR,2020-03-28,1585407600
8971,R_AKBlDprDMrv4M7v,LIGHT_BOX,2020-03-28,1585407600
8972,R_AM0OvM0F9kBvqal,COOKIE,2020-03-28,1585407600
8973,R_AM0OvM0F9kBvqal,MEDICATION,2020-03-28,1585407600
8974,R_Amq2LudEdwYblXX,SCREEN_PROTECTOR,2020-03-28,1585407600
8975,R_Amq2LudEdwYblXX,SHIRT,2020-03-28,1585407600
8976,R_Amq2LudEdwYblXX,ELECTRONIC_CABLE,2020-03-28,1585407600
8977,R_BWAjcs1sKUc6NQl,PANTS,2020-03-28,1585407600
8978,R_BWhnv4EdbhSS6rf,ELECTRONIC_CABLE,2020-03-28,1585407600
8979,R_DM3u1ro7eb4ws93,SPORT_TABLE_GAME,2020-03-28,1585407600
8980,R_DM3u1ro7eb4ws93,BOTTLE_STOPPER,2020-03-28,1585407600
8981,R_DM3u1ro7eb4ws93,SKIN_MOISTURIZER,2020-03-28,1585407600
8982,R_DM3u1ro7eb4ws93,TOYS_AND_GAMES,2020-03-28,1585407600
8983,R_Og8sDefGp0SvLl7,CELLULAR_PHONE_CASE,2020-03-28,1585407600
8984,R_Og8sDefGp0SvLl7,POWER_BANK,2020-03-28,1585407600
8985,R_Og8sDefGp0SvLl7,LASER_PRINTER_TONER,2020-03-28,1585407600
8986,R_PwlnzzccUMXV0n7,PHYSICAL_MOVIE,2020-03-28,1585407600
8987,R_Qp7pqfzWe3Qmcrn,PORTABLE_ELECTRONIC_DEVICE_COVER,2020-03-28,1585407600
8988,R_Qp7pqfzWe3Qmcrn,BATTERY,2020-03-28,1585407600
8989,R_Qp7pqfzWe3Qmcrn,SKIN_MOISTURIZER,2020-03-28,1585407600
8990,R_Qp7pqfzWe3Qmcrn,DISHWASHER_DETERGENT,2020-03-28,1585407600
8991,R_Qp7pqfzWe3Qmcrn,BATTERY,2020-03-28,1585407600
8992,R_Qp7pqfzWe3Qmcrn,SHOES,2020-03-28,1585407600
8993,R_RK5cwWjrNzWCfLj,GROCERY,2020-03-28,1585407600
8994,R_RK5cwWjrNzWCfLj,NOODLE,2020-03-28,1585407600
8995,R_RK5cwWjrNzWCfLj,NUTRITIONAL_SUPPLEMENT,2020-03-28,1585407600
8996,R_RK5cwWjrNzWCfLj,ABIS_BOOK,2020-03-28,1585407600
8997,R_RlYyUhsDFvyGwX7,PHYSICAL_MOVIE,2020-03-28,1585407600
8998,R_RlYyUhsDFvyGwX7,BATTERY,2020-03-28,1585407600
8999,R_Ui78k1hRGuGWhln,SKIN_CLEANING_AGENT,2020-03-28,1585407600
9000,R_Ui78k1hRGuGWhln,PIERCING_JEWELRY,2020-03-28,1585407600
9001,R_UlOQHrMf1EiWKQx,SOUS_VIDE_MACHINE,2020-03-28,1585407600
9002,R_UlOQHrMf1EiWKQx,SHAVING_AGENT,2020-03-28,1585407600
9003,R_V1EWFs6tkv2DaMN,ELECTRONIC_CABLE,2020-03-28,1585407600
9004,R_XSu10jIDimUl5m1,TAMPON,2020-03-28,1585407600
9005,R_XSu10jIDimUl5m1,SNACK_FOOD_BAR,2020-03-28,1585407600
9006,R_XsIUODlniv0lMu5,CONSUMER_ELECTRONICS,2020-03-28,1585407600
9007,R_bJI8lmXMZWL6oql,TOYS_AND_GAMES,2020-03-28,1585407600
9008,R_bJI8lmXMZWL6oql,WASTE_BAG,2020-03-28,1585407600
9009,R_br5a8OxAqrKRxQd,NAVIGATION_COMPASS,2020-03-28,1585407600
9010,R_br5a8OxAqrKRxQd,DISHWASHER_DETERGENT,2020-03-28,1585407600
9011,R_br5a8OxAqrKRxQd,CLOCK,2020-03-28,1585407600
9012,R_br5a8OxAqrKRxQd,TOYS_AND_GAMES,2020-03-28,1585407600
9013,R_cCucjmijTJETC6d,NUTRITIONAL_SUPPLEMENT,2020-03-28,1585407600
9014,R_cCucjmijTJETC6d,SKIN_MOISTURIZER,2020-03-28,1585407600
9015,R_cCucjmijTJETC6d,HEADPHONES,2020-03-28,1585407600
9016,R_cCucjmijTJETC6d,SWEATER,2020-03-28,1585407600
9017,R_cCucjmijTJETC6d,SKIN_CLEANING_AGENT,2020-03-28,1585407600
9018,R_cCucjmijTJETC6d,PANTS,2020-03-28,1585407600
9019,R_cCucjmijTJETC6d,SKIN_CLEANING_AGENT,2020-03-28,1585407600
9020,R_cCucjmijTJETC6d,TOYS_AND_GAMES,2020-03-28,1585407600
9021,R_cCucjmijTJETC6d,BEAUTY,2020-03-28,1585407600
9022,R_cCucjmijTJETC6d,SNACK_FOOD_BAR,2020-03-28,1585407600
9023,R_ebblotCCh8G6Ddf,ELECTRONIC_CABLE,2020-03-28,1585407600
9024,R_pMnqpu31myYoxy1,SHOES,2020-03-28,1585407600
9025,R_pRWnSKTREPIwpSF,SHIRT,2020-03-28,1585407600
9026,R_r1qqClBL89aFjXP,HEALTH_PERSONAL_CARE,2020-03-28,1585407600
9027,R_r1qqClBL89aFjXP,GROCERY,2020-03-28,1585407600
9028,R_r3IM83Ecq7eY7QJ,SHOE_INSERT,2020-03-28,1585407600
9029,R_sRSLCxzK04aJvhL,PHYSICAL_MOVIE,2020-03-28,1585407600
9030,R_sRSLCxzK04aJvhL,ELECTRONIC_CABLE,2020-03-28,1585407600
9031,R_upQla15Wb4pg1pv,SNACK_FOOD_BAR,2020-03-28,1585407600
9032,R_uwVFb8VFUUGbCBH,HEADPHONES,2020-03-28,1585407600
9033,R_vBkhPDT0skiOO2J,TOWEL,2020-03-28,1585407600
9034,R_x0hVvTTXGQY9FRf,PHYSICAL_MOVIE,2020-03-28,1585407600
9035,R_xc0AiqTlV5cTvZn,SHOES,2020-03-28,1585407600
9036,R_xc0AiqTlV5cTvZn,SKIN_MOISTURIZER,2020-03-28,1585407600
9037,R_yC5ffbdBLVi93Pz,PET_FOOD,2020-03-28,1585407600
9038,R_yC5ffbdBLVi93Pz,PET_FOOD,2020-03-28,1585407600
9039,R_yRaAO89bhwJb9xD,VITAMIN,2020-03-28,1585407600
9040,R_0f8u2tSB99LkgCt,SHIRT,2020-03-29,1585494000
9041,R_0f8u2tSB99LkgCt,SNACK_FOOD_BAR,2020-03-29,1585494000
9042,R_0icLDXwMGw8dAqd,VEHICLE_MIRROR,2020-03-29,1585494000
9043,R_10YnFpDzlwQlmrX,BODY_STRAP,2020-03-29,1585494000
9044,R_10YnFpDzlwQlmrX,PHYSICAL_MOVIE,2020-03-29,1585494000
9045,R_10YnFpDzlwQlmrX,BANNER,2020-03-29,1585494000
9046,R_129jUlsvVcVBDur,TOPICAL_HAIR_REGROWTH_TREATMENT,2020-03-29,1585494000
9047,R_1BNwZP0DdTOa4rT,HEADPHONES,2020-03-29,1585494000
9048,R_1BNwZP0DdTOa4rT,HEADPHONES,2020-03-29,1585494000
9049,R_1BNwZP0DdTOa4rT,VITAMIN,2020-03-29,1585494000
9050,R_1Fyt6rHyiQcVOT8,MEDICATION,2020-03-29,1585494000
9051,R_1Fyt6rHyiQcVOT8,CELLULAR_PHONE_CASE,2020-03-29,1585494000
9052,R_1I6meOeB0piHEX8,SKIN_MOISTURIZER,2020-03-29,1585494000
9053,R_1I6meOeB0piHEX8,COORDINATED_OUTFIT,2020-03-29,1585494000
9054,R_1LRR1P5IQqdSvIP,ABIS_BOOK,2020-03-29,1585494000
9055,R_1MTbVUzYEQq2MzU,TABLE_RUNNER,2020-03-29,1585494000
9056,R_1NFde2vzLpu8IWT,GROCERY,2020-03-29,1585494000
9057,R_1NFde2vzLpu8IWT,ELECTRONIC_CABLE,2020-03-29,1585494000
9058,R_1NFde2vzLpu8IWT,VIDEO_GAME_ACCESSORIES,2020-03-29,1585494000
9059,R_1NFde2vzLpu8IWT,VEHICLE_WIND_DEFLECTOR,2020-03-29,1585494000
9060,R_1NFde2vzLpu8IWT,BAR_TOOL_SET,2020-03-29,1585494000
9061,R_1Q62CIVb2WAS8hB,PET_ACTIVITY_STRUCTURE,2020-03-29,1585494000
9062,R_1Q9JeeKncbbLcz0,PICKLE,2020-03-29,1585494000
9063,R_1Q9JeeKncbbLcz0,HEALTH_PERSONAL_CARE,2020-03-29,1585494000
9064,R_1Q9JeeKncbbLcz0,PANTS,2020-03-29,1585494000
9065,R_1Q9JeeKncbbLcz0,PHYSICAL_MOVIE,2020-03-29,1585494000
9066,R_1Qyzwfx5HrXdw4U,NUTRITIONAL_SUPPLEMENT,2020-03-29,1585494000
9067,R_1dFu7LeBJE3Wd6p,HEADPHONES,2020-03-29,1585494000
9068,R_1dFu7LeBJE3Wd6p,TOYS_AND_GAMES,2020-03-29,1585494000
9069,R_1dFu7LeBJE3Wd6p,RAW_MATERIALS,2020-03-29,1585494000
9070,R_1dFu7LeBJE3Wd6p,PET_FOOD,2020-03-29,1585494000
9071,R_1dFu7LeBJE3Wd6p,DUFFEL_BAG,2020-03-29,1585494000
9072,R_1dKBjc0UTA0ZiYb,ELECTRONIC_CABLE,2020-03-29,1585494000
9073,R_1f1PzEZw8H2N4zm,SCREEN_PROTECTOR,2020-03-29,1585494000
9074,R_1hMV4AHCk04WO5V,NUTRITIONAL_SUPPLEMENT,2020-03-29,1585494000
9075,R_1jZkLNE1JdtyVpH,ELECTRONIC_CABLE,2020-03-29,1585494000
9076,R_1jZkLNE1JdtyVpH,SCREW_GUN,2020-03-29,1585494000
9077,R_1l4zCtGUTvAWdS6,NUTRITIONAL_SUPPLEMENT,2020-03-29,1585494000
9078,R_1l4zCtGUTvAWdS6,SOCKS,2020-03-29,1585494000
9079,R_1l4zCtGUTvAWdS6,SHOES,2020-03-29,1585494000
9080,R_1l4zCtGUTvAWdS6,SCREEN_PROTECTOR,2020-03-29,1585494000
9081,R_1lAIBWf5Qsww7eT,ABIS_BOOK,2020-03-29,1585494000
9082,R_1lAIBWf5Qsww7eT,COMPUTER_ADD_ON,2020-03-29,1585494000
9083,R_1lAIBWf5Qsww7eT,CELLULAR_PHONE_CASE,2020-03-29,1585494000
9084,R_1lAIBWf5Qsww7eT,MECHANICAL_LIGHTER,2020-03-29,1585494000
9085,R_1lAIBWf5Qsww7eT,HEALTH_PERSONAL_CARE,2020-03-29,1585494000
9086,R_1lAIBWf5Qsww7eT,CEREAL,2020-03-29,1585494000
9087,R_1lAIBWf5Qsww7eT,SKIN_CLEANING_AGENT,2020-03-29,1585494000
9088,R_1pm2Wo5wrQSY0Gm,MEDICATION,2020-03-29,1585494000
9089,R_1pm2Wo5wrQSY0Gm,ABIS_BOOK,2020-03-29,1585494000
9090,R_1pm2Wo5wrQSY0Gm,TOYS_AND_GAMES,2020-03-29,1585494000
9091,R_1qdM6yLQigCFrkd,PANTS,2020-03-29,1585494000
9092,R_1rPQIXSf3d1wvFO,SHOES,2020-03-29,1585494000
9093,R_1rPQIXSf3d1wvFO,NETWORKING_ROUTER,2020-03-29,1585494000
9094,R_1roTOelTygZr5G8,VITAMIN,2020-03-29,1585494000
9095,R_1roTOelTygZr5G8,NOODLE,2020-03-29,1585494000
9096,R_1roTOelTygZr5G8,TOYS_AND_GAMES,2020-03-29,1585494000
9097,R_1roTOelTygZr5G8,ELECTRONIC_CABLE,2020-03-29,1585494000
9098,R_1roTOelTygZr5G8,NUTRITIONAL_SUPPLEMENT,2020-03-29,1585494000
9099,R_1roTOelTygZr5G8,VITAMIN,2020-03-29,1585494000
9100,R_1roTOelTygZr5G8,VITAMIN,2020-03-29,1585494000
9101,R_1roTOelTygZr5G8,PHYSICAL_VIDEO_GAME_SOFTWARE,2020-03-29,1585494000
9102,R_1roTOelTygZr5G8,FURNITURE_LINER,2020-03-29,1585494000
9103,R_1roTOelTygZr5G8,PANTS,2020-03-29,1585494000
9104,R_20V7srZUzANQQ4T,MINERAL_SUPPLEMENT,2020-03-29,1585494000
9105,R_20Yd9DvrGselmZY,MEDICATION,2020-03-29,1585494000
9106,R_20Yd9DvrGselmZY,HEALTH_PERSONAL_CARE,2020-03-29,1585494000
9107,R_20Z3XrmdVrFDp3r,SNACK_FOOD_BAR,2020-03-29,1585494000
9108,R_20Z3XrmdVrFDp3r,SKIN_MOISTURIZER,2020-03-29,1585494000
9109,R_20Z3XrmdVrFDp3r,HEADPHONES,2020-03-29,1585494000
9110,R_20Z3XrmdVrFDp3r,ELECTRIC_FOOD_MILL_GRINDER,2020-03-29,1585494000
9111,R_210tLKdUbUZuf7O,VITAMIN,2020-03-29,1585494000
9112,R_24csoaO569P4Yzz,PET_FOOD,2020-03-29,1585494000
9113,R_279iRKETPanvFBW,SKIN_CLEANING_AGENT,2020-03-29,1585494000
9114,R_279iRKETPanvFBW,CONDOM,2020-03-29,1585494000
9115,R_2BesSIAnd7POW2C,INDUSTRIAL_CASTERS,2020-03-29,1585494000
9116,R_2DSIdH6iUv9yJ8V,PET_FOOD,2020-03-29,1585494000
9117,R_2DSIdH6iUv9yJ8V,SCREEN_PROTECTOR,2020-03-29,1585494000
9118,R_2DSIdH6iUv9yJ8V,SCREEN_PROTECTOR,2020-03-29,1585494000
9119,R_2DSIdH6iUv9yJ8V,PET_FOOD,2020-03-29,1585494000
9120,R_2DSmjafbkSAict9,BATTERY,2020-03-29,1585494000
9121,R_2DSmjafbkSAict9,PET_FOOD,2020-03-29,1585494000
9122,R_2DSmjafbkSAict9,GROCERY,2020-03-29,1585494000
9123,R_2DV0bsqugjyav1y,CELLULAR_PHONE_CASE,2020-03-29,1585494000
9124,R_2E9JSBmmNNT5YMi,VITAMIN,2020-03-29,1585494000
9125,R_2E9JSBmmNNT5YMi,PANTS,2020-03-29,1585494000
9126,R_2E9JSBmmNNT5YMi,SCREEN_PROTECTOR,2020-03-29,1585494000
9127,R_2E9JSBmmNNT5YMi,DRESS,2020-03-29,1585494000
9128,R_2E9JSBmmNNT5YMi,SHOES,2020-03-29,1585494000
9129,R_2E9JSBmmNNT5YMi,SKIN_MOISTURIZER,2020-03-29,1585494000
9130,R_2E9JSBmmNNT5YMi,SHAVING_AGENT,2020-03-29,1585494000
9131,R_2E9JSBmmNNT5YMi,GRAVITY_BEVERAGE_DISPENSER,2020-03-29,1585494000
9132,R_2E9JSBmmNNT5YMi,SKIN_CLEANING_AGENT,2020-03-29,1585494000
9133,R_2E9JSBmmNNT5YMi,PET_FOOD,2020-03-29,1585494000
9134,R_2E9JSBmmNNT5YMi,PICTURE_FRAME,2020-03-29,1585494000
9135,R_2E9JSBmmNNT5YMi,SKIN_CLEANING_AGENT,2020-03-29,1585494000
9136,R_2E9JSBmmNNT5YMi,ELECTRONIC_CABLE,2020-03-29,1585494000
9137,R_2E9JSBmmNNT5YMi,TEETHER,2020-03-29,1585494000
9138,R_2E9JSBmmNNT5YMi,PANTS,2020-03-29,1585494000
9139,R_2E9JSBmmNNT5YMi,SCREEN_PROTECTOR,2020-03-29,1585494000
9140,R_2EglJpTWGEiwQYa,SKIN_CLEANING_AGENT,2020-03-29,1585494000
9141,R_2EglJpTWGEiwQYa,PET_FOOD,2020-03-29,1585494000
9142,R_2VwjXhJ5OznStEi,FLASH_CARD,2020-03-29,1585494000
9143,R_2VwjXhJ5OznStEi,PHYSICAL_MOVIE,2020-03-29,1585494000
9144,R_2WwzM8WiFsk4o3g,TOYS_AND_GAMES,2020-03-29,1585494000
9145,R_2Y9fPhqa2Xf2QdZ,COFFEE,2020-03-29,1585494000
9146,R_2Y9fPhqa2Xf2QdZ,HEALTH_PERSONAL_CARE,2020-03-29,1585494000
9147,R_2ZEQSnRGlS7ZscC,SHOES,2020-03-29,1585494000
9148,R_2ZTFfLAcuwm22Yh,ELECTRONIC_CABLE,2020-03-29,1585494000
9149,R_2ZTFfLAcuwm22Yh,INCONTINENCE_PROTECTOR,2020-03-29,1585494000
9150,R_2aldwxmUZox7Yfd,SCREEN_PROTECTOR,2020-03-29,1585494000
9151,R_2aldwxmUZox7Yfd,MEDICATION,2020-03-29,1585494000
9152,R_2c0kxk2rIJClCxm,ELECTRONIC_CABLE,2020-03-29,1585494000
9153,R_2c0kxk2rIJClCxm,PHYSICAL_VIDEO_GAME_SOFTWARE,2020-03-29,1585494000
9154,R_2c0kxk2rIJClCxm,CRIMPING_PLIERS,2020-03-29,1585494000
9155,R_2c0kxk2rIJClCxm,HEALTH_PERSONAL_CARE,2020-03-29,1585494000
9156,R_2c0kxk2rIJClCxm,HEALTH_PERSONAL_CARE,2020-03-29,1585494000
9157,R_2cBADxleVyzT89z,SNACK_FOOD_BAR,2020-03-29,1585494000
9158,R_2cBADxleVyzT89z,ELECTRONIC_CABLE,2020-03-29,1585494000
9159,R_2cBADxleVyzT89z,ABIS_BOOK,2020-03-29,1585494000
9160,R_2cBADxleVyzT89z,PET_FOOD,2020-03-29,1585494000
9161,R_2f7MFUqYnEv92pF,SHIRT,2020-03-29,1585494000
9162,R_2fD6Jy2muMgaubH,TOYS_AND_GAMES,2020-03-29,1585494000
9163,R_2q2hekIiutgInrE,SKIN_MOISTURIZER,2020-03-29,1585494000
9164,R_2ri4RVtvkxnZzHj,FURNITURE_SLIDER,2020-03-29,1585494000
9165,R_2ri4RVtvkxnZzHj,MEDICATION,2020-03-29,1585494000
9166,R_2s5YO3cdqKDFyIM,SCREEN_PROTECTOR,2020-03-29,1585494000
9167,R_2s5YO3cdqKDFyIM,SHOES,2020-03-29,1585494000
9168,R_2s5YO3cdqKDFyIM,SHEET_PAPER,2020-03-29,1585494000
9169,R_2s5YO3cdqKDFyIM,HARDWARE_PLANER,2020-03-29,1585494000
9170,R_2s5YO3cdqKDFyIM,FIDGET_TOY,2020-03-29,1585494000
9171,R_2sRWbepslqKPgL7,PHYSICAL_VIDEO_GAME_SOFTWARE,2020-03-29,1585494000
9172,R_2sRWbepslqKPgL7,PHYSICAL_VIDEO_GAME_SOFTWARE,2020-03-29,1585494000
9173,R_2sRWbepslqKPgL7,PHYSICAL_MOVIE,2020-03-29,1585494000
9174,R_2sYn1oXcE5aaeU5,SHOES,2020-03-29,1585494000
9175,R_2uTysluImvxkQBY,ABIS_BOOK,2020-03-29,1585494000
9176,R_2uZDxTZAORBIW1o,MASSAGER,2020-03-29,1585494000
9177,R_2w6Kv77UCoeyLbP,SHIRT,2020-03-29,1585494000
9178,R_2wmLE1q4FIpfioi,ABIS_BOOK,2020-03-29,1585494000
9179,R_2wmLE1q4FIpfioi,FOUNTAIN,2020-03-29,1585494000
9180,R_2y8edrQ8p3nRu8v,CHARM,2020-03-29,1585494000
9181,R_2y8edrQ8p3nRu8v,CHARM,2020-03-29,1585494000
9182,R_2y8edrQ8p3nRu8v,VITAMIN,2020-03-29,1585494000
9183,R_2y8edrQ8p3nRu8v,MINERAL_SUPPLEMENT,2020-03-29,1585494000
9184,R_2yplkUxhAWZaFUL,NUTRITIONAL_SUPPLEMENT,2020-03-29,1585494000
9185,R_2z7rLZb69WuqDdf,TOWEL,2020-03-29,1585494000
9186,R_2z7rLZb69WuqDdf,SNACK_FOOD_BAR,2020-03-29,1585494000
9187,R_2zCmQhJtrw3xBtV,LINT_REMOVER,2020-03-29,1585494000
9188,R_2zCmQhJtrw3xBtV,ELECTRONIC_FINDER,2020-03-29,1585494000
9189,R_31QS1Ms6iQEU3mI,HAIR_COMB,2020-03-29,1585494000
9190,R_32UZncFA03IrQwQ,ART_CRAFT_KIT,2020-03-29,1585494000
9191,R_32UZncFA03IrQwQ,VITAMIN,2020-03-29,1585494000
9192,R_32UZncFA03IrQwQ,CELLULAR_PHONE_CASE,2020-03-29,1585494000
9193,R_32UZncFA03IrQwQ,BATTERY,2020-03-29,1585494000
9194,R_33El0GX9AkXCVDU,BATTERY,2020-03-29,1585494000
9195,R_3Em4Q2OBHB3m5rz,BATTERY,2020-03-29,1585494000
9196,R_3Em4Q2OBHB3m5rz,SNACK_FOOD_BAR,2020-03-29,1585494000
9197,R_3G1gYo1d23Zq8Np,MINERAL_SUPPLEMENT,2020-03-29,1585494000
9198,R_3G1gYo1d23Zq8Np,ABIS_BOOK,2020-03-29,1585494000
9199,R_3G1gYo1d23Zq8Np,MINERAL_SUPPLEMENT,2020-03-29,1585494000
9200,R_3G1gYo1d23Zq8Np,VITAMIN,2020-03-29,1585494000
9201,R_3G1gYo1d23Zq8Np,JUICE_AND_JUICE_DRINK,2020-03-29,1585494000
9202,R_3G1gYo1d23Zq8Np,ABIS_BOOK,2020-03-29,1585494000
9203,R_3G7BILj5lidHb8M,HEALTH_PERSONAL_CARE,2020-03-29,1585494000
9204,R_3GCXgWFPLgXAuFC,BAKING_CUP,2020-03-29,1585494000
9205,R_3J8UIMbwljBx6df,TOYS_AND_GAMES,2020-03-29,1585494000
9206,R_3J8UIMbwljBx6df,BICYCLE_BRAKE_PAD,2020-03-29,1585494000
9207,R_3J8UIMbwljBx6df,PHONE_ACCESSORY,2020-03-29,1585494000
9208,R_3J8UIMbwljBx6df,NUTRITIONAL_SUPPLEMENT,2020-03-29,1585494000
9209,R_3Jxiicg67etW2yt,PET_FOOD,2020-03-29,1585494000
9210,R_3Jxiicg67etW2yt,PET_FOOD,2020-03-29,1585494000
9211,R_3Jxiicg67etW2yt,CELLULAR_PHONE_CASE,2020-03-29,1585494000
9212,R_3Jxiicg67etW2yt,ELECTRONIC_CABLE,2020-03-29,1585494000
9213,R_3Jxiicg67etW2yt,GROCERY,2020-03-29,1585494000
9214,R_3Jxiicg67etW2yt,AXE,2020-03-29,1585494000
9215,R_3Jxiicg67etW2yt,SKIN_CLEANING_AGENT,2020-03-29,1585494000
9216,R_3Jxiicg67etW2yt,JUMP_ROPE,2020-03-29,1585494000
9217,R_3Jxiicg67etW2yt,FURNITURE_LINER,2020-03-29,1585494000
9218,R_3KpaTa6zCZitiZG,SCULPTURE,2020-03-29,1585494000
9219,R_3MyEdXOZ8P75S1V,PHYSICAL_MOVIE,2020-03-29,1585494000
9220,R_3OcPFnYHBC8wrZe,ELECTRONIC_CABLE,2020-03-29,1585494000
9221,R_3PUi8o2if0JqKfl,WHEEL,2020-03-29,1585494000
9222,R_3PUi8o2if0JqKfl,TOY_FIGURE,2020-03-29,1585494000
9223,R_3emmbwwsXsxt4Oj,CHAINSAW_CHAIN,2020-03-29,1585494000
9224,R_3enuyEOsaEVxTNX,BATTERY,2020-03-29,1585494000
9225,R_3enuyEOsaEVxTNX,SHOCK_ABSORBER,2020-03-29,1585494000
9226,R_3enuyEOsaEVxTNX,HEALTH_PERSONAL_CARE,2020-03-29,1585494000
9227,R_3ez7TNnB78XtMa7,SHIRT,2020-03-29,1585494000
9228,R_3lXswIAy7Qq6UEZ,SHIRT,2020-03-29,1585494000
9229,R_3peWF42INuePUWA,SCREEN_PROTECTOR,2020-03-29,1585494000
9230,R_3peWF42INuePUWA,ABIS_BOOK,2020-03-29,1585494000
9231,R_3pmeuOmzM4r5gMS,DECORATIVE_SIGNAGE,2020-03-29,1585494000
9232,R_3pmeuOmzM4r5gMS,CAMERA_CLEANER,2020-03-29,1585494000
9233,R_3pmeuOmzM4r5gMS,SNACK_FOOD_BAR,2020-03-29,1585494000
9234,R_3qlnIILTEuzSyGe,PILLOW,2020-03-29,1585494000
9235,R_3qlnIILTEuzSyGe,ABIS_BOOK,2020-03-29,1585494000
9236,R_3qlnIILTEuzSyGe,FLAVORED_DRINK_CONCENTRATE,2020-03-29,1585494000
9237,R_3rZHdmB75jSgwhr,CHANGING_PAD,2020-03-29,1585494000
9238,R_3rZHdmB75jSgwhr,PANTS,2020-03-29,1585494000
9239,R_3rZHdmB75jSgwhr,FACIAL_TISSUE,2020-03-29,1585494000
9240,R_3rZHdmB75jSgwhr,TOYS_AND_GAMES,2020-03-29,1585494000
9241,R_3rZHdmB75jSgwhr,PANTS,2020-03-29,1585494000
9242,R_3rZHdmB75jSgwhr,TOYS_AND_GAMES,2020-03-29,1585494000
9243,R_3rZHdmB75jSgwhr,CORRECTIVE_EYEGLASSES,2020-03-29,1585494000
9244,R_3rZHdmB75jSgwhr,DECORATIVE_RIBBON_TRIM,2020-03-29,1585494000
9245,R_3rZHdmB75jSgwhr,PHYSICAL_MOVIE,2020-03-29,1585494000
9246,R_3rZHdmB75jSgwhr,TOYS_AND_GAMES,2020-03-29,1585494000
9247,R_3rZHdmB75jSgwhr,TOYS_AND_GAMES,2020-03-29,1585494000
9248,R_3rZHdmB75jSgwhr,SKIN_CLEANING_AGENT,2020-03-29,1585494000
9249,R_3rZHdmB75jSgwhr,HAND_SEWING_NEEDLE,2020-03-29,1585494000
9250,R_3rZHdmB75jSgwhr,PANTS,2020-03-29,1585494000
9251,R_3rZHdmB75jSgwhr,ABIS_VIDEO,2020-03-29,1585494000
9252,R_3rZHdmB75jSgwhr,NUTRITIONAL_SUPPLEMENT,2020-03-29,1585494000
9253,R_3rZHdmB75jSgwhr,SPORT_HELMET,2020-03-29,1585494000
9254,R_4PhRzF4UI9ooLh7,PHYSICAL_MOVIE,2020-03-29,1585494000
9255,R_4PhRzF4UI9ooLh7,ABIS_BOOK,2020-03-29,1585494000
9256,R_4PhRzF4UI9ooLh7,PET_FOOD,2020-03-29,1585494000
9257,R_4PhRzF4UI9ooLh7,CELLULAR_PHONE_CASE,2020-03-29,1585494000
9258,R_4PhRzF4UI9ooLh7,BODY_LUBRICANT,2020-03-29,1585494000
9259,R_4TMdmQ1SjGtT6Ex,PORTABLE_ELECTRONIC_DEVICE_MOUNT,2020-03-29,1585494000
9260,R_4TMdmQ1SjGtT6Ex,GROCERY,2020-03-29,1585494000
9261,R_4TMdmQ1SjGtT6Ex,SNACK_FOOD_BAR,2020-03-29,1585494000
9262,R_9L8Lum5AaHh6bq9,GOURMET_FOOD,2020-03-29,1585494000
9263,R_9L8Lum5AaHh6bq9,SKIN_CLEANING_AGENT,2020-03-29,1585494000
9264,R_9L8Lum5AaHh6bq9,ABIS_BOOK,2020-03-29,1585494000
9265,R_9ppTjfBQZZs42WJ,ABIS_BOOK,2020-03-29,1585494000
9266,R_9ppTjfBQZZs42WJ,HEALTH_PERSONAL_CARE,2020-03-29,1585494000
9267,R_AKBlDprDMrv4M7v,HEALTH_PERSONAL_CARE,2020-03-29,1585494000
9268,R_AM0OvM0F9kBvqal,SKIN_CLEANING_AGENT,2020-03-29,1585494000
9269,R_AM0OvM0F9kBvqal,SAFE,2020-03-29,1585494000
9270,R_AM0OvM0F9kBvqal,MEDICATION,2020-03-29,1585494000
9271,R_AM0OvM0F9kBvqal,PANTS,2020-03-29,1585494000
9272,R_Amq2LudEdwYblXX,STANDALONE_STREAMING_MEDIA_PLAYER,2020-03-29,1585494000
9273,R_Amq2LudEdwYblXX,SNACK_FOOD_BAR,2020-03-29,1585494000
9274,R_BWhnv4EdbhSS6rf,VIDEO_DVD,2020-03-29,1585494000
9275,R_BWhnv4EdbhSS6rf,MEDICATION,2020-03-29,1585494000
9276,R_BWhnv4EdbhSS6rf,FOOD_WRAP,2020-03-29,1585494000
9277,R_PwlnzzccUMXV0n7,PET_FOOD,2020-03-29,1585494000
9278,R_PwlnzzccUMXV0n7,PHYSICAL_MOVIE,2020-03-29,1585494000
9279,R_Q6WPHvxgbOBjvZ7,PET_FOOD,2020-03-29,1585494000
9280,R_Q6WPHvxgbOBjvZ7,VITAMIN,2020-03-29,1585494000
9281,R_Q6WPHvxgbOBjvZ7,ABIS_BOOK,2020-03-29,1585494000
9282,R_Q6WPHvxgbOBjvZ7,GARMENT_PROTECTOR_COVER,2020-03-29,1585494000
9283,R_Q6WPHvxgbOBjvZ7,SHOES,2020-03-29,1585494000
9284,R_Q6WPHvxgbOBjvZ7,SKIN_CLEANING_AGENT,2020-03-29,1585494000
9285,R_Q6WPHvxgbOBjvZ7,SKIN_CLEANING_AGENT,2020-03-29,1585494000
9286,R_RlYyUhsDFvyGwX7,MEDICATION,2020-03-29,1585494000
9287,R_RlYyUhsDFvyGwX7,HEADPHONES,2020-03-29,1585494000
9288,R_RlYyUhsDFvyGwX7,BATTERY,2020-03-29,1585494000
9289,R_RlYyUhsDFvyGwX7,MEDICATION,2020-03-29,1585494000
9290,R_SBiEJOUFyfjK5eF,VEHICLE_INTERIOR_SHADE,2020-03-29,1585494000
9291,R_SBiEJOUFyfjK5eF,LABEL,2020-03-29,1585494000
9292,R_SDxHC9YZwYTKedz,PANTS,2020-03-29,1585494000
9293,R_T4THXKAQCwg9ZXb,SHOES,2020-03-29,1585494000
9294,R_Ui78k1hRGuGWhln,SPOON_REST,2020-03-29,1585494000
9295,R_XAphEY817eORyx3,MEDICATION,2020-03-29,1585494000
9296,R_XSu10jIDimUl5m1,TOILET_PAPER,2020-03-29,1585494000
9297,R_XSu10jIDimUl5m1,CHAIR,2020-03-29,1585494000
9298,R_XSu10jIDimUl5m1,CELLULAR_PHONE_CASE,2020-03-29,1585494000
9299,R_XwiCirQyfwJzVtv,SNACK_FOOD_BAR,2020-03-29,1585494000
9300,R_b3NWnTBcFyWqXjH,MEDICATION,2020-03-29,1585494000
9301,R_b8UnkZJoU93ZxEB,SCREEN_PROTECTOR,2020-03-29,1585494000
9302,R_b8UnkZJoU93ZxEB,PET_FOOD,2020-03-29,1585494000
9303,R_b8UnkZJoU93ZxEB,SHOES,2020-03-29,1585494000
9304,R_b94CAnrDM9JIx4R,SCREEN_PROTECTOR,2020-03-29,1585494000
9305,R_br5a8OxAqrKRxQd,WINDOW_FILM,2020-03-29,1585494000
9306,R_bw2nQ0iRh2wCa8p,HEALTH_PERSONAL_CARE,2020-03-29,1585494000
9307,R_bw2nQ0iRh2wCa8p,ELECTRIC_FAN,2020-03-29,1585494000
9308,R_cAcAtozIWnZIbGp,FALSE_NAIL,2020-03-29,1585494000
9309,R_cAcAtozIWnZIbGp,SHOWERHEAD,2020-03-29,1585494000
9310,R_cAcAtozIWnZIbGp,SHOES,2020-03-29,1585494000
9311,R_cAcAtozIWnZIbGp,SHIRT,2020-03-29,1585494000
9312,R_cAcAtozIWnZIbGp,ABIS_BOOK,2020-03-29,1585494000
9313,R_d5O7dqvA1EWCrPb,ELECTRONIC_CABLE,2020-03-29,1585494000
9314,R_eOMCliqYqUD4oOR,SHOES,2020-03-29,1585494000
9315,R_eOMCliqYqUD4oOR,SKIN_CLEANING_WIPE,2020-03-29,1585494000
9316,R_eOMCliqYqUD4oOR,SPORT_WETSUIT,2020-03-29,1585494000
9317,R_eOMCliqYqUD4oOR,TABLECLOTH,2020-03-29,1585494000
9318,R_ebblotCCh8G6Ddf,HEALTH_PERSONAL_CARE,2020-03-29,1585494000
9319,R_pRWnSKTREPIwpSF,HAT,2020-03-29,1585494000
9320,R_pRWnSKTREPIwpSF,PACIFIER,2020-03-29,1585494000
9321,R_pRWnSKTREPIwpSF,SECURITY_CAMERA,2020-03-29,1585494000
9322,R_rcId0AtM417vPGN,SNACK_FOOD_BAR,2020-03-29,1585494000
9323,R_swfIN0JgX72IbMl,BATTERY,2020-03-29,1585494000
9324,R_u2EdYogSnJBrpex,VITAMIN,2020-03-29,1585494000
9325,R_xGwDp6qu8JCFdIJ,SHIRT,2020-03-29,1585494000
9326,R_xc0AiqTlV5cTvZn,TONNEAU_COVER,2020-03-29,1585494000
9327,R_yC5ffbdBLVi93Pz,SNACK_FOOD_BAR,2020-03-29,1585494000
9328,R_yC5ffbdBLVi93Pz,BATTERY,2020-03-29,1585494000
9329,R_10AtO7bUfe8iWYK,FAUCET,2020-03-30,1585580400
9330,R_10TV1zyi4yCEEkl,SHIRT,2020-03-30,1585580400
9331,R_10TV1zyi4yCEEkl,NUTRITIONAL_SUPPLEMENT,2020-03-30,1585580400
9332,R_10TV1zyi4yCEEkl,SHIRT,2020-03-30,1585580400
9333,R_1C75XRebT1eliL0,PANTS,2020-03-30,1585580400
9334,R_1C75XRebT1eliL0,TARP,2020-03-30,1585580400
9335,R_1DJdUrYA1I0QAKh,SKIN_MOISTURIZER,2020-03-30,1585580400
9336,R_1DOwHkGiX8DX7mF,MEDICATION,2020-03-30,1585580400
9337,R_1DYWdbAMt6LyCZH,PANTS,2020-03-30,1585580400
9338,R_1DYWdbAMt6LyCZH,SOCKS,2020-03-30,1585580400
9339,R_1F35QiIK5csZBEC,CARRIER_BAG_CASE,2020-03-30,1585580400
9340,R_1I4dnMKlrmtUP09,HARD_DRIVE_ENCLOSURE,2020-03-30,1585580400
9341,R_1I4dnMKlrmtUP09,BATTERY,2020-03-30,1585580400
9342,R_1NDq0rxoUSu6oyz,SKIN_MOISTURIZER,2020-03-30,1585580400
9343,R_1NDq0rxoUSu6oyz,CELLULAR_PHONE_CASE,2020-03-30,1585580400
9344,R_1NDq0rxoUSu6oyz,TOYS_AND_GAMES,2020-03-30,1585580400
9345,R_1NDq0rxoUSu6oyz,CELLULAR_PHONE_CASE,2020-03-30,1585580400
9346,R_1NDq0rxoUSu6oyz,SCREEN_PROTECTOR,2020-03-30,1585580400
9347,R_1NDq0rxoUSu6oyz,VITAMIN,2020-03-30,1585580400
9348,R_1NDq0rxoUSu6oyz,TEMPORARY_GATE,2020-03-30,1585580400
9349,R_1OMKeKICcW0F652,COOKIE,2020-03-30,1585580400
9350,R_1OMKeKICcW0F652,COOKIE,2020-03-30,1585580400
9351,R_1OMKeKICcW0F652,COOKIE,2020-03-30,1585580400
9352,R_1PUcgnVG2i0EBz4,DRESSER,2020-03-30,1585580400
9353,R_1PUcgnVG2i0EBz4,MEDICATION,2020-03-30,1585580400
9354,R_1PUcgnVG2i0EBz4,PLACEMAT,2020-03-30,1585580400
9355,R_1PUcgnVG2i0EBz4,PANTS,2020-03-30,1585580400
9356,R_1PUcgnVG2i0EBz4,PHYSICAL_MOVIE,2020-03-30,1585580400
9357,R_1PUcgnVG2i0EBz4,VITAMIN,2020-03-30,1585580400
9358,R_1Qyzwfx5HrXdw4U,PANTS,2020-03-30,1585580400
9359,R_1Qyzwfx5HrXdw4U,NUTRITIONAL_SUPPLEMENT,2020-03-30,1585580400
9360,R_1dKBjc0UTA0ZiYb,DRESS,2020-03-30,1585580400
9361,R_1dKBjc0UTA0ZiYb,PHYSICAL_MOVIE,2020-03-30,1585580400
9362,R_1daE3vUDxFrSw4I,SKIN_MOISTURIZER,2020-03-30,1585580400
9363,R_1daE3vUDxFrSw4I,PET_PLACEMAT,2020-03-30,1585580400
9364,R_1daE3vUDxFrSw4I,ABIS_BOOK,2020-03-30,1585580400
9365,R_1ez4JQNwmuGXkQX,VITAMIN,2020-03-30,1585580400
9366,R_1ez4JQNwmuGXkQX,DESK,2020-03-30,1585580400
9367,R_1ez4JQNwmuGXkQX,ELECTRONIC_CABLE,2020-03-30,1585580400
9368,R_1ez4JQNwmuGXkQX,SKIN_MOISTURIZER,2020-03-30,1585580400
9369,R_1ez4JQNwmuGXkQX,GOURMET_FOOD,2020-03-30,1585580400
9370,R_1ez4JQNwmuGXkQX,MEDICATION,2020-03-30,1585580400
9371,R_1ez4JQNwmuGXkQX,PET_FOOD,2020-03-30,1585580400
9372,R_1ez4JQNwmuGXkQX,ANIMAL_PERCH,2020-03-30,1585580400
9373,R_1ez4JQNwmuGXkQX,ANIMAL_PERCH,2020-03-30,1585580400
9374,R_1lfNYOmsEIqOn65,SUGAR_CANDY,2020-03-30,1585580400
9375,R_1lsgykNxEU4BXTI,ABIS_BOOK,2020-03-30,1585580400
9376,R_1lsgykNxEU4BXTI,HEADPHONES,2020-03-30,1585580400
9377,R_1lsgykNxEU4BXTI,FACIAL_TISSUE,2020-03-30,1585580400
9378,R_1mQrQ5EFGvbBRLb,MOP,2020-03-30,1585580400
9379,R_1n8h8059UUul8Dr,HEALTH_PERSONAL_CARE,2020-03-30,1585580400
9380,R_1oFRyes3ggnKU4B,ABIS_BOOK,2020-03-30,1585580400
9381,R_1oFSDeGAQcUN2v8,BATTERY,2020-03-30,1585580400
9382,R_1oFSDeGAQcUN2v8,PHYSICAL_MOVIE,2020-03-30,1585580400
9383,R_1oFSDeGAQcUN2v8,SNACK_FOOD_BAR,2020-03-30,1585580400
9384,R_1oFSDeGAQcUN2v8,ABIS_BOOK,2020-03-30,1585580400
9385,R_1pm2Wo5wrQSY0Gm,SKIN_CLEANING_AGENT,2020-03-30,1585580400
9386,R_1pm2Wo5wrQSY0Gm,HAIR_STYLING_AGENT,2020-03-30,1585580400
9387,R_1roTOelTygZr5G8,TOYS_AND_GAMES,2020-03-30,1585580400
9388,R_24bE9NTxiBf6v2b,GROCERY,2020-03-30,1585580400
9389,R_24bE9NTxiBf6v2b,PHYSICAL_MOVIE,2020-03-30,1585580400
9390,R_24bE9NTxiBf6v2b,CELLULAR_PHONE_CASE,2020-03-30,1585580400
9391,R_24bE9NTxiBf6v2b,SKIN_CLEANING_AGENT,2020-03-30,1585580400
9392,R_277i50HinKYVoY9,PANTS,2020-03-30,1585580400
9393,R_29uBVByYo0xAXiZ,ELECTRONIC_DEVICE_DOCKING_STATION,2020-03-30,1585580400
9394,R_2ASBFgthVbaGlF3,BODY_STRAP,2020-03-30,1585580400
9395,R_2ASz0xBmcxqYzUJ,GROCERY,2020-03-30,1585580400
9396,R_2AXcJk6rRN4M33l,ELECTRONIC_CABLE,2020-03-30,1585580400
9397,R_2CKdeuvfVrO8I49,MICROSCOPES,2020-03-30,1585580400
9398,R_2CPzjeQqe1GCW73,ELECTRONIC_CABLE,2020-03-30,1585580400
9399,R_2CPzjeQqe1GCW73,SCREEN_PROTECTOR,2020-03-30,1585580400
9400,R_2D6v6VH3RC5ZGC4,WINDING_REEL,2020-03-30,1585580400
9401,R_2D6v6VH3RC5ZGC4,JANITORIAL_SUPPLY,2020-03-30,1585580400
9402,R_2D6v6VH3RC5ZGC4,PANTS,2020-03-30,1585580400
9403,R_2DSmjafbkSAict9,TOOTH_WHITENER,2020-03-30,1585580400
9404,R_2EglJpTWGEiwQYa,SKIN_MOISTURIZER,2020-03-30,1585580400
9405,R_2EgloEvdjU98Rhc,SURVEILLANCE_RECORDER_SYSTEM,2020-03-30,1585580400
9406,R_2EgloEvdjU98Rhc,VITAMIN,2020-03-30,1585580400
9407,R_2EgloEvdjU98Rhc,BATTERY,2020-03-30,1585580400
9408,R_2EgloEvdjU98Rhc,SKIN_MOISTURIZER,2020-03-30,1585580400
9409,R_2EgloEvdjU98Rhc,SHIRT,2020-03-30,1585580400
9410,R_2EgloEvdjU98Rhc,TRAY,2020-03-30,1585580400
9411,R_2EgloEvdjU98Rhc,PHYSICAL_MOVIE,2020-03-30,1585580400
9412,R_2OHgbfVLtFIinBW,INPUT_MOUSE,2020-03-30,1585580400
9413,R_2OHgbfVLtFIinBW,VITAMIN,2020-03-30,1585580400
9414,R_2QM76i5yRebcpiD,NUTRITIONAL_SUPPLEMENT,2020-03-30,1585580400
9415,R_2QQl58nFfrZayxf,MEDICATION,2020-03-30,1585580400
9416,R_2QQl58nFfrZayxf,EXERCISE_STRAP,2020-03-30,1585580400
9417,R_2QQl58nFfrZayxf,SELF_STICK_NOTE,2020-03-30,1585580400
9418,R_2QXJIE0UXBTy8wd,ELECTRONIC_CABLE,2020-03-30,1585580400
9419,R_2R20tGsAciB0E9U,CHAIR,2020-03-30,1585580400
9420,R_2R20tGsAciB0E9U,NUTRITIONAL_SUPPLEMENT,2020-03-30,1585580400
9421,R_2R3ayuIYVgX07CZ,PAPER_TOWEL,2020-03-30,1585580400
9422,R_2R3ayuIYVgX07CZ,SPORTING_GOODS,2020-03-30,1585580400
9423,R_2R3ayuIYVgX07CZ,SANITARY_NAPKIN,2020-03-30,1585580400
9424,R_2VaWg2jhtCG6zmh,PANTS,2020-03-30,1585580400
9425,R_2YeJ7ZNQ5xBFmxw,NUTRITIONAL_SUPPLEMENT,2020-03-30,1585580400
9426,R_2YeJ7ZNQ5xBFmxw,SKIN_MOISTURIZER,2020-03-30,1585580400
9427,R_2YeJ7ZNQ5xBFmxw,SCREEN_PROTECTOR,2020-03-30,1585580400
9428,R_2ZOgImZ5BSZcQoz,VITAMIN,2020-03-30,1585580400
9429,R_2ZOgImZ5BSZcQoz,MEDICATION,2020-03-30,1585580400
9430,R_2dRR9SjNrn4s7xU,PHYSICAL_MOVIE,2020-03-30,1585580400
9431,R_2e9e8lhWqVtpb7m,FOOD_STORAGE_CONTAINER,2020-03-30,1585580400
9432,R_2e9e8lhWqVtpb7m,PANTS,2020-03-30,1585580400
9433,R_2e9e8lhWqVtpb7m,SKIN_MOISTURIZER,2020-03-30,1585580400
9434,R_2e9e8lhWqVtpb7m,CORSET,2020-03-30,1585580400
9435,R_2e9e8lhWqVtpb7m,COOLING_RACK,2020-03-30,1585580400
9436,R_2e9e8lhWqVtpb7m,ELECTRONIC_CABLE,2020-03-30,1585580400
9437,R_2e9e8lhWqVtpb7m,PET_FOOD,2020-03-30,1585580400
9438,R_2e9e8lhWqVtpb7m,ABIS_BOOK,2020-03-30,1585580400
9439,R_2ebzj3o225IisIQ,GIFT_CARD,2020-03-30,1585580400
9440,R_2rIQ3xPfAH7KF8A,SNACK_FOOD_BAR,2020-03-30,1585580400
9441,R_2rIQ3xPfAH7KF8A,SHORTS,2020-03-30,1585580400
9442,R_2sbCr0DY5BIHWiF,POT_HOLDER,2020-03-30,1585580400
9443,R_2sbCr0DY5BIHWiF,SCREEN_PROTECTOR,2020-03-30,1585580400
9444,R_2z7rLZb69WuqDdf,HEADPHONES,2020-03-30,1585580400
9445,R_32UZncFA03IrQwQ,NUTRITIONAL_SUPPLEMENT,2020-03-30,1585580400
9446,R_32UZncFA03IrQwQ,TEMPORARY_GATE,2020-03-30,1585580400
9447,R_32UZncFA03IrQwQ,FURNITURE_LINER,2020-03-30,1585580400
9448,R_32UZncFA03IrQwQ,VITAMIN,2020-03-30,1585580400
9449,R_33a2eGfoj5xSrE2,ROLLER_CHAIN,2020-03-30,1585580400
9450,R_3CKmnc9zwNPauw5,SHOES,2020-03-30,1585580400
9451,R_3CKmnc9zwNPauw5,BRACELET,2020-03-30,1585580400
9452,R_3CKmnc9zwNPauw5,DIGITAL_DEVICE_3,2020-03-30,1585580400
9453,R_3EQ2dhEXGhy72Xx,SCREWDRIVER,2020-03-30,1585580400
9454,R_3EQ2dhEXGhy72Xx,POPCORN,2020-03-30,1585580400
9455,R_3EQJpaOtt2aP8HS,SHOES,2020-03-30,1585580400
9456,R_3G1gYo1d23Zq8Np,TRAMPOLINE,2020-03-30,1585580400
9457,R_3GCXgWFPLgXAuFC,SHOWERHEAD,2020-03-30,1585580400
9458,R_3GCXgWFPLgXAuFC,HEADPHONES,2020-03-30,1585580400
9459,R_3HigTq4itishziE,SKIN_CLEANING_AGENT,2020-03-30,1585580400
9460,R_3HigTq4itishziE,PANTS,2020-03-30,1585580400
9461,R_3Hphzg7zu04Hgy1,SNACK_FOOD_BAR,2020-03-30,1585580400
9462,R_3Hphzg7zu04Hgy1,SKIN_MOISTURIZER,2020-03-30,1585580400
9463,R_3Jxiicg67etW2yt,PET_FOOD,2020-03-30,1585580400
9464,R_3KCUnPI9FEz7vTo,SHIRT,2020-03-30,1585580400
9465,R_3L20DbmNPSMtKUd,ROBE,2020-03-30,1585580400
9466,R_3MnSLQdJkly3wfg,ELECTRONIC_CABLE,2020-03-30,1585580400
9467,R_3MnSLQdJkly3wfg,ELECTRONIC_CABLE,2020-03-30,1585580400
9468,R_3MnSLQdJkly3wfg,MEAL_REPLACEMENT_BEVERAGE,2020-03-30,1585580400
9469,R_3MnSLQdJkly3wfg,SHOES,2020-03-30,1585580400
9470,R_3MnSLQdJkly3wfg,SNACK_FOOD_BAR,2020-03-30,1585580400
9471,R_3MnSLQdJkly3wfg,BATTERY,2020-03-30,1585580400
9472,R_3MnSLQdJkly3wfg,VIDEO_PROJECTOR,2020-03-30,1585580400
9473,R_3MnSLQdJkly3wfg,SKIN_MOISTURIZER,2020-03-30,1585580400
9474,R_3MnSLQdJkly3wfg,CELLULAR_PHONE_CASE,2020-03-30,1585580400
9475,R_3MnSLQdJkly3wfg,PET_FOOD,2020-03-30,1585580400
9476,R_3MnSLQdJkly3wfg,MEDICATION,2020-03-30,1585580400
9477,R_3MnSLQdJkly3wfg,PET_FOOD,2020-03-30,1585580400
9478,R_3MnSLQdJkly3wfg,PET_FOOD,2020-03-30,1585580400
9479,R_3MnSLQdJkly3wfg,DRINK_FLAVORED,2020-03-30,1585580400
9480,R_3MnSLQdJkly3wfg,SCREEN_PROTECTOR,2020-03-30,1585580400
9481,R_3MnSLQdJkly3wfg,LAMP,2020-03-30,1585580400
9482,R_3MnSLQdJkly3wfg,PANTS,2020-03-30,1585580400
9483,R_3MnSLQdJkly3wfg,SHIRT,2020-03-30,1585580400
9484,R_3NCfhSJSgGWexUL,ELECTRONIC_CABLE,2020-03-30,1585580400
9485,R_3NCfhSJSgGWexUL,SKIN_MOISTURIZER,2020-03-30,1585580400
9486,R_3NCfhSJSgGWexUL,SKIN_MOISTURIZER,2020-03-30,1585580400
9487,R_3NCfhSJSgGWexUL,BATTERY,2020-03-30,1585580400
9488,R_3NE7ETo2UoCbnsE,ELECTRIC_HEATING_PAD,2020-03-30,1585580400
9489,R_3O9aPnM7ixjsbYK,SCREEN_PROTECTOR,2020-03-30,1585580400
9490,R_3O9aPnM7ixjsbYK,SKIN_CLEANING_AGENT,2020-03-30,1585580400
9491,R_3ez7TNnB78XtMa7,ABIS_BOOK,2020-03-30,1585580400
9492,R_3gTrwWhEzAv6gzH,ELECTRONIC_CABLE,2020-03-30,1585580400
9493,R_3jSvX9tw2goV083,ELECTRONIC_CABLE,2020-03-30,1585580400
9494,R_3lYUnPKDsGA54tw,SHIRT,2020-03-30,1585580400
9495,R_3lYUnPKDsGA54tw,PET_FOOD,2020-03-30,1585580400
9496,R_3lt1ZPBv09u1seD,PET_FOOD,2020-03-30,1585580400
9497,R_3lt1ZPBv09u1seD,PET_FOOD,2020-03-30,1585580400
9498,R_3n17fNI56KA8rTV,TOYS_AND_GAMES,2020-03-30,1585580400
9499,R_3nH1Odp9Yjm86gN,BAKING_CUP,2020-03-30,1585580400
9500,R_3nH1Odp9Yjm86gN,BAKING_CUP,2020-03-30,1585580400
9501,R_3nH1Odp9Yjm86gN,GROCERY,2020-03-30,1585580400
9502,R_3nH1Odp9Yjm86gN,VEHICLE_SAFETY_CAMERA,2020-03-30,1585580400
9503,R_3nH1Odp9Yjm86gN,TOOL_BELT,2020-03-30,1585580400
9504,R_3nH1Odp9Yjm86gN,PHYSICAL_MOVIE,2020-03-30,1585580400
9505,R_3nH1Odp9Yjm86gN,CHARM,2020-03-30,1585580400
9506,R_3nqGVGe1oo00hRC,VITAMIN,2020-03-30,1585580400
9507,R_3oO3DoeTgXHrEzx,PROTEIN_SUPPLEMENT_POWDER,2020-03-30,1585580400
9508,R_3oO3DoeTgXHrEzx,SHORTS,2020-03-30,1585580400
9509,R_3pmeuOmzM4r5gMS,DECORATIVE_SIGNAGE,2020-03-30,1585580400
9510,R_3pmeuOmzM4r5gMS,PET_FOOD,2020-03-30,1585580400
9511,R_3pmeuOmzM4r5gMS,HEADPHONES,2020-03-30,1585580400
9512,R_3pmeuOmzM4r5gMS,NOODLE,2020-03-30,1585580400
9513,R_3qTFp0FJqUeMhVZ,DESK_PAD,2020-03-30,1585580400
9514,R_3qTFp0FJqUeMhVZ,ELECTRONIC_CABLE,2020-03-30,1585580400
9515,R_3rZHdmB75jSgwhr,MEDICATION,2020-03-30,1585580400
9516,R_3rZHdmB75jSgwhr,FACIAL_TISSUE,2020-03-30,1585580400
9517,R_3rZHdmB75jSgwhr,SHIRT,2020-03-30,1585580400
9518,R_3rZHdmB75jSgwhr,CHANGING_PAD,2020-03-30,1585580400
9519,R_4TMdmQ1SjGtT6Ex,COOKING_CONTAINER,2020-03-30,1585580400
9520,R_4TMdmQ1SjGtT6Ex,TOYS_AND_GAMES,2020-03-30,1585580400
9521,R_4TMdmQ1SjGtT6Ex,NUTRITIONAL_SUPPLEMENT,2020-03-30,1585580400
9522,R_4TMdmQ1SjGtT6Ex,GROCERY,2020-03-30,1585580400
9523,R_4TMdmQ1SjGtT6Ex,PITCHER,2020-03-30,1585580400
9524,R_4TMdmQ1SjGtT6Ex,TOYS_AND_GAMES,2020-03-30,1585580400
9525,R_4TMdmQ1SjGtT6Ex,ABIS_BOOK,2020-03-30,1585580400
9526,R_4TMdmQ1SjGtT6Ex,PHOTOGRAPHIC_FILM,2020-03-30,1585580400
9527,R_6RpwKYK0Mr2zKBH,NUT_BUTTER,2020-03-30,1585580400
9528,R_6RpwKYK0Mr2zKBH,SHOES,2020-03-30,1585580400
9529,R_6RpwKYK0Mr2zKBH,NUTRITIONAL_SUPPLEMENT,2020-03-30,1585580400
9530,R_6fzbeTqbnF0kBih,INSTRUMENT_PARTS_AND_ACCESSORIES,2020-03-30,1585580400
9531,R_6fzbeTqbnF0kBih,FLASHLIGHT,2020-03-30,1585580400
9532,R_8CXcySQawXPuJwJ,PANTS,2020-03-30,1585580400
9533,R_8CXcySQawXPuJwJ,BINOCULAR,2020-03-30,1585580400
9534,R_9yOmfJyU0rNZGW5,SKIN_MOISTURIZER,2020-03-30,1585580400
9535,R_AEBbAiW2xdXI2at,OFFICE_PRODUCTS,2020-03-30,1585580400
9536,R_AEBbAiW2xdXI2at,NUTRITIONAL_SUPPLEMENT,2020-03-30,1585580400
9537,R_AEBbAiW2xdXI2at,WEBCAM,2020-03-30,1585580400
9538,R_AEBbAiW2xdXI2at,HEADPHONES,2020-03-30,1585580400
9539,R_AKBlDprDMrv4M7v,TOYS_AND_GAMES,2020-03-30,1585580400
9540,R_AKBlDprDMrv4M7v,VACUUM_CLEANER,2020-03-30,1585580400
9541,R_AKBlDprDMrv4M7v,GROCERY,2020-03-30,1585580400
9542,R_BWhnv4EdbhSS6rf,ELECTRONIC_CABLE,2020-03-30,1585580400
9543,R_O6ZX76mggPnAOfD,NUTRITIONAL_SUPPLEMENT,2020-03-30,1585580400
9544,R_Og8sDefGp0SvLl7,UNDERGARMENT_THIGH_SLIMMER,2020-03-30,1585580400
9545,R_Og8sDefGp0SvLl7,TOYS_AND_GAMES,2020-03-30,1585580400
9546,R_RlYyUhsDFvyGwX7,HEADPHONES,2020-03-30,1585580400
9547,R_RlYyUhsDFvyGwX7,SPORT_MITT,2020-03-30,1585580400
9548,R_TtK3Qkb3c3EIeoV,PANTS,2020-03-30,1585580400
9549,R_TtK3Qkb3c3EIeoV,PET_FOOD,2020-03-30,1585580400
9550,R_TtK3Qkb3c3EIeoV,BOOKSHELF_OR_MICRO_STEREO_SYS,2020-03-30,1585580400
9551,R_UVM6YBvaArzpRjb,NUTRITIONAL_SUPPLEMENT,2020-03-30,1585580400
9552,R_UVM6YBvaArzpRjb,SCREEN_PROTECTOR,2020-03-30,1585580400
9553,R_UVM6YBvaArzpRjb,STORAGE_BAG,2020-03-30,1585580400
9554,R_UiGJcgWtDtZPfih,PANTS,2020-03-30,1585580400
9555,R_XsIUODlniv0lMu5,PLANT_SEED,2020-03-30,1585580400
9556,R_Y4jCkfTFzvtw5SF,POOL_COVER,2020-03-30,1585580400
9557,R_Y4jCkfTFzvtw5SF,ABIS_BOOK,2020-03-30,1585580400
9558,R_Z4qMkqhWSmIbdSh,HEALTH_PERSONAL_CARE,2020-03-30,1585580400
9559,R_b3dSUlk76L0C6TD,STROLLER_PROTECTION_SHIELD,2020-03-30,1585580400
9560,R_bK5PUvc46zAxoQN,PANTS,2020-03-30,1585580400
9561,R_bK5PUvc46zAxoQN,SCREEN_PROTECTOR,2020-03-30,1585580400
9562,R_bK5PUvc46zAxoQN,ELECTRONIC_CABLE,2020-03-30,1585580400
9563,R_bK5PUvc46zAxoQN,BATTERY,2020-03-30,1585580400
9564,R_e8KTElZZLWryLWp,STEERING_WHEEL_COVER,2020-03-30,1585580400
9565,R_pMnqpu31myYoxy1,SKIN_MOISTURIZER,2020-03-30,1585580400
9566,R_pMnqpu31myYoxy1,SNACK_FOOD_BAR,2020-03-30,1585580400
9567,R_pMnqpu31myYoxy1,TOYS_AND_GAMES,2020-03-30,1585580400
9568,R_pRWnSKTREPIwpSF,BATTERY,2020-03-30,1585580400
9569,R_sGohXmtT8TjLibT,STICKER_DECAL,2020-03-30,1585580400
9570,R_t0ccZ3CXpzqgSpr,HEAT_TRANSFER_MATERIAL,2020-03-30,1585580400
9571,R_u2EdYogSnJBrpex,SHOES,2020-03-30,1585580400
9572,R_u2EdYogSnJBrpex,TRAILER_HITCH_COVER,2020-03-30,1585580400
9573,R_u2EdYogSnJBrpex,VITAMIN,2020-03-30,1585580400
9574,R_u2EdYogSnJBrpex,BATTERY,2020-03-30,1585580400
9575,R_u2EdYogSnJBrpex,GROCERY,2020-03-30,1585580400
9576,R_u94bdSj5JBe7WZb,NUT_BUTTER,2020-03-30,1585580400
9577,R_w7a7YDkfvtMXJ8l,VITAMIN,2020-03-30,1585580400
9578,R_xGwDp6qu8JCFdIJ,CELLULAR_PHONE_CASE,2020-03-30,1585580400
9579,R_0f8u2tSB99LkgCt,HEALTH_PERSONAL_CARE,2020-03-31,1585666800
9580,R_10CAlrx7dbJty9R,SHELLFISH,2020-03-31,1585666800
9581,R_10CAlrx7dbJty9R,MEDICATION,2020-03-31,1585666800
9582,R_10MFxyIhsIDW0nP,SKIN_MOISTURIZER,2020-03-31,1585666800
9583,R_10TV1zyi4yCEEkl,PIERCING_JEWELRY,2020-03-31,1585666800
9584,R_1C4nKyrv0w2thJn,CASSEROLES,2020-03-31,1585666800
9585,R_1C4nKyrv0w2thJn,SCREEN_PROTECTOR,2020-03-31,1585666800
9586,R_1C4nKyrv0w2thJn,SKIN_CLEANING_AGENT,2020-03-31,1585666800
9587,R_1C4nKyrv0w2thJn,NUTRITIONAL_SUPPLEMENT,2020-03-31,1585666800
9588,R_1C4nKyrv0w2thJn,SHIRT,2020-03-31,1585666800
9589,R_1C4nKyrv0w2thJn,ANIMAL_VITAMIN,2020-03-31,1585666800
9590,R_1C4nKyrv0w2thJn,SHOES,2020-03-31,1585666800
9591,R_1C4nKyrv0w2thJn,CEREAL,2020-03-31,1585666800
9592,R_1C4nKyrv0w2thJn,MEDICATION,2020-03-31,1585666800
9593,R_1C4tcyEfmcsKI9X,VITAMIN,2020-03-31,1585666800
9594,R_1CjWIsByjtP0GxZ,SHIRT,2020-03-31,1585666800
9595,R_1CjWIsByjtP0GxZ,PANTS,2020-03-31,1585666800
9596,R_1CjWIsByjtP0GxZ,WIPER_BLADE,2020-03-31,1585666800
9597,R_1CjWIsByjtP0GxZ,WASTE_BAG,2020-03-31,1585666800
9598,R_1CjWIsByjtP0GxZ,VITAMIN,2020-03-31,1585666800
9599,R_1CrP2yfBldcblJm,HEALTH_PERSONAL_CARE,2020-03-31,1585666800
9600,R_1DOwHkGiX8DX7mF,TOWEL,2020-03-31,1585666800
9601,R_1DYWdbAMt6LyCZH,TIRE_COVER,2020-03-31,1585666800
9602,R_1Egu0oETMcJuIOb,ABIS_BOOK,2020-03-31,1585666800
9603,R_1Egu0oETMcJuIOb,STRING_TRIMMER,2020-03-31,1585666800
9604,R_1Egu0oETMcJuIOb,SNACK_FOOD_BAR,2020-03-31,1585666800
9605,R_1I6meOeB0piHEX8,SCREWDRIVER,2020-03-31,1585666800
9606,R_1I6meOeB0piHEX8,SHIRT,2020-03-31,1585666800
9607,R_1IZBlduDFUJEphM,PANTS,2020-03-31,1585666800
9608,R_1KxVDxZl2H0XoHS,PHYSICAL_MOVIE,2020-03-31,1585666800
9609,R_1KxVDxZl2H0XoHS,PHYSICAL_MOVIE,2020-03-31,1585666800
9610,R_1LMa9REuvUok05j,NUTRITIONAL_SUPPLEMENT,2020-03-31,1585666800
9611,R_1LMa9REuvUok05j,MEDICATION,2020-03-31,1585666800
9612,R_1MTbVUzYEQq2MzU,PANTS,2020-03-31,1585666800
9613,R_1MTbVUzYEQq2MzU,ABIS_BOOK,2020-03-31,1585666800
9614,R_1NFde2vzLpu8IWT,PUPPET,2020-03-31,1585666800
9615,R_1Oov0G05pkQnKNn,NUTRITIONAL_SUPPLEMENT,2020-03-31,1585666800
9616,R_1Oov0G05pkQnKNn,ABIS_BOOK,2020-03-31,1585666800
9617,R_1Oov0G05pkQnKNn,ASTRINGENT_SUBSTANCE,2020-03-31,1585666800
9618,R_1Oov0G05pkQnKNn,SNACK_FOOD_BAR,2020-03-31,1585666800
9619,R_1Oov0G05pkQnKNn,SCREEN_PROTECTOR,2020-03-31,1585666800
9620,R_1Oov0G05pkQnKNn,NUT_BUTTER,2020-03-31,1585666800
9621,R_1Oov0G05pkQnKNn,PANTS,2020-03-31,1585666800
9622,R_1Oov0G05pkQnKNn,ABIS_BOOK,2020-03-31,1585666800
9623,R_1QupmKjSh9fA4l4,PINBOARD,2020-03-31,1585666800
9624,R_1QupmKjSh9fA4l4,AIR_MATTRESS,2020-03-31,1585666800
9625,R_1daE3vUDxFrSw4I,NUTRITIONAL_SUPPLEMENT,2020-03-31,1585666800
9626,R_1eFv0mPpH4dM2mG,MUSICAL_INSTRUMENTS,2020-03-31,1585666800
9627,R_1gG5xibh48txT6f,MAKE_UP,2020-03-31,1585666800
9628,R_1gG5xibh48txT6f,GROCERY,2020-03-31,1585666800
9629,R_1l4zCtGUTvAWdS6,TOYS_AND_GAMES,2020-03-31,1585666800
9630,R_1l4zCtGUTvAWdS6,AQUARIUM_POND_WATER_TREATMENT,2020-03-31,1585666800
9631,R_1l4zCtGUTvAWdS6,ELECTRONIC_CABLE,2020-03-31,1585666800
9632,R_1l4zCtGUTvAWdS6,CELLULAR_PHONE_CASE,2020-03-31,1585666800
9633,R_1l4zCtGUTvAWdS6,PET_FOOD,2020-03-31,1585666800
9634,R_1mxX9jjBSLwxiDU,CELLULAR_PHONE_CASE,2020-03-31,1585666800
9635,R_1pm2Wo5wrQSY0Gm,HAIR_STYLING_AGENT,2020-03-31,1585666800
9636,R_1q7GuBNrrAGdxx3,ELECTRONIC_CABLE,2020-03-31,1585666800
9637,R_1q7GuBNrrAGdxx3,HEALTH_PERSONAL_CARE,2020-03-31,1585666800
9638,R_1rPQIXSf3d1wvFO,COLLECTIBLE_COINS,2020-03-31,1585666800
9639,R_1rPQIXSf3d1wvFO,SHIRT,2020-03-31,1585666800
9640,R_20V73ixsOYXCBbP,ABIS_BOOK,2020-03-31,1585666800
9641,R_20V73ixsOYXCBbP,SKIN_CLEANING_AGENT,2020-03-31,1585666800
9642,R_20V73ixsOYXCBbP,SKIN_CLEANING_AGENT,2020-03-31,1585666800
9643,R_210tLKdUbUZuf7O,HEADPHONES,2020-03-31,1585666800
9644,R_22AmuBuGI7iFD1n,ELECTRONIC_CABLE,2020-03-31,1585666800
9645,R_22AmuBuGI7iFD1n,PHYSICAL_MOVIE,2020-03-31,1585666800
9646,R_22AmuBuGI7iFD1n,TOYS_AND_GAMES,2020-03-31,1585666800
9647,R_22AmuBuGI7iFD1n,SPORT_FACE_MASK,2020-03-31,1585666800
9648,R_22AmuBuGI7iFD1n,CELLULAR_PHONE_CASE,2020-03-31,1585666800
9649,R_22AmuBuGI7iFD1n,ELECTRONIC_CABLE,2020-03-31,1585666800
9650,R_22AmuBuGI7iFD1n,HEADPHONES,2020-03-31,1585666800
9651,R_22AmuBuGI7iFD1n,CELLULAR_PHONE_CASE,2020-03-31,1585666800
9652,R_22AmuBuGI7iFD1n,MEDICATION,2020-03-31,1585666800
9653,R_22AmuBuGI7iFD1n,ELECTRONIC_CABLE,2020-03-31,1585666800
9654,R_22AmuBuGI7iFD1n,PHYSICAL_MOVIE,2020-03-31,1585666800
9655,R_22AmuBuGI7iFD1n,ABIS_BOOK,2020-03-31,1585666800
9656,R_22AmuBuGI7iFD1n,VITAMIN,2020-03-31,1585666800
9657,R_22AmuBuGI7iFD1n,MOTION_DETECTOR_DEVICE,2020-03-31,1585666800
9658,R_22AmuBuGI7iFD1n,CELLULAR_PHONE_CASE,2020-03-31,1585666800
9659,R_22AmuBuGI7iFD1n,PUZZLES,2020-03-31,1585666800
9660,R_22AmuBuGI7iFD1n,GROCERY,2020-03-31,1585666800
9661,R_22mMopWqAj09mQc,PET_FOOD,2020-03-31,1585666800
9662,R_22mMopWqAj09mQc,SNACK_FOOD_BAR,2020-03-31,1585666800
9663,R_22nS4Bu8Q3B84gf,SCREEN_PROTECTOR,2020-03-31,1585666800
9664,R_22nS4Bu8Q3B84gf,GROCERY,2020-03-31,1585666800
9665,R_248iRXgLLXgwGMZ,PLANT_SEED,2020-03-31,1585666800
9666,R_248iRXgLLXgwGMZ,PANTS,2020-03-31,1585666800
9667,R_248iRXgLLXgwGMZ,ELECTRONIC_FINDER,2020-03-31,1585666800
9668,R_248iRXgLLXgwGMZ,CHAIR,2020-03-31,1585666800
9669,R_24csoaO569P4Yzz,BATTERY,2020-03-31,1585666800
9670,R_24csoaO569P4Yzz,HEADPHONES,2020-03-31,1585666800
9671,R_25SbPPTyE45YzXP,PET_ACTIVITY_STRUCTURE,2020-03-31,1585666800
9672,R_25SbPPTyE45YzXP,CELLULAR_PHONE_CASE,2020-03-31,1585666800
9673,R_25thHabUddjXGzt,JAR,2020-03-31,1585666800
9674,R_25z5LHPaAsxktx7,FURNITURE_SLIDER,2020-03-31,1585666800
9675,R_25z5LHPaAsxktx7,ABIS_BOOK,2020-03-31,1585666800
9676,R_27DL80quzRiSEmq,GROCERY,2020-03-31,1585666800
9677,R_2D1zydYR5SZ0LpK,HEALTH_PERSONAL_CARE,2020-03-31,1585666800
9678,R_2DSmjafbkSAict9,MEDICATION,2020-03-31,1585666800
9679,R_2E5XCpTY2B5ZQ1f,BATTERY,2020-03-31,1585666800
9680,R_2E5XCpTY2B5ZQ1f,RING,2020-03-31,1585666800
9681,R_2E5XCpTY2B5ZQ1f,NUTRITIONAL_SUPPLEMENT,2020-03-31,1585666800
9682,R_2EglJpTWGEiwQYa,DISHWARE_BOWL,2020-03-31,1585666800
9683,R_2OHgbfVLtFIinBW,NUTRITIONAL_SUPPLEMENT,2020-03-31,1585666800
9684,R_2QQl58nFfrZayxf,TOYS_AND_GAMES,2020-03-31,1585666800
9685,R_2QQl58nFfrZayxf,PANTS,2020-03-31,1585666800
9686,R_2QQl58nFfrZayxf,EXERCISE_STRAP,2020-03-31,1585666800
9687,R_2SoygRRucWXdLxT,TOOTH_CLEANING_AGENT,2020-03-31,1585666800
9688,R_2UaV2vSZDxrE35n,SKIN_CLEANING_AGENT,2020-03-31,1585666800
9689,R_2VC0DIxeSbfkTsv,ELECTRONIC_CABLE,2020-03-31,1585666800
9690,R_2WMQprO1e6US68f,SCREEN_PROTECTOR,2020-03-31,1585666800
9691,R_2WumP0iKDvwiM2r,PET_FOOD,2020-03-31,1585666800
9692,R_2WumP0iKDvwiM2r,CARBURETOR,2020-03-31,1585666800
9693,R_2Xj7LtCe2Mt8jNi,PANTS,2020-03-31,1585666800
9694,R_2XoI6KbLJRGFz5X,SHIRT,2020-03-31,1585666800
9695,R_2XoI6KbLJRGFz5X,SKIN_CLEANING_AGENT,2020-03-31,1585666800
9696,R_2YKPfnktaDrPIYT,MEDICATION,2020-03-31,1585666800
9697,R_2YVQQRVSdj7M8Va,ABIS_BOOK,2020-03-31,1585666800
9698,R_2alDLWrajjnLX6F,SKIN_CLEANING_AGENT,2020-03-31,1585666800
9699,R_2alDLWrajjnLX6F,COTTON_PAD,2020-03-31,1585666800
9700,R_2cBADxleVyzT89z,CIGARETTE_CASE,2020-03-31,1585666800
9701,R_2qD8ep8d313iLj4,ABIS_BOOK,2020-03-31,1585666800
9702,R_2qD8ep8d313iLj4,TOYS_AND_GAMES,2020-03-31,1585666800
9703,R_2r7Zl5CTeW1dMqd,BATTERY,2020-03-31,1585666800
9704,R_2r7Zl5CTeW1dMqd,HEALTH_PERSONAL_CARE,2020-03-31,1585666800
9705,R_2r7Zl5CTeW1dMqd,CYCLING_TIRE_TUBE,2020-03-31,1585666800
9706,R_2uIMLcJgQmb0v3G,HEADPHONES,2020-03-31,1585666800
9707,R_2vkMWH10xWp7o9s,ABIS_BOOK,2020-03-31,1585666800
9708,R_2vkMWH10xWp7o9s,SCREEN_PROTECTOR,2020-03-31,1585666800
9709,R_2vkMWH10xWp7o9s,SCREEN_PROTECTOR,2020-03-31,1585666800
9710,R_2vkMWH10xWp7o9s,CELLULAR_PHONE_CASE,2020-03-31,1585666800
9711,R_2vkMWH10xWp7o9s,LABEL,2020-03-31,1585666800
9712,R_2vkMWH10xWp7o9s,PHYSICAL_MOVIE,2020-03-31,1585666800
9713,R_2w6Kv77UCoeyLbP,TOWEL,2020-03-31,1585666800
9714,R_2xzc7JBNEgYNAqY,SNACK_FOOD_BAR,2020-03-31,1585666800
9715,R_30kPg5opkenrGPb,ABIS_BOOK,2020-03-31,1585666800
9716,R_30kPg5opkenrGPb,GROCERY,2020-03-31,1585666800
9717,R_30kPg5opkenrGPb,SNACK_FOOD_BAR,2020-03-31,1585666800
9718,R_30kPg5opkenrGPb,SKIN_CLEANING_AGENT,2020-03-31,1585666800
9719,R_31QS1Ms6iQEU3mI,SPORT_EQUIPMENT_BAG_CASE,2020-03-31,1585666800
9720,R_31QS1Ms6iQEU3mI,SINGLE_BOARD_COMPUTER,2020-03-31,1585666800
9721,R_31QS1Ms6iQEU3mI,WINDOW_FILM,2020-03-31,1585666800
9722,R_31QS1Ms6iQEU3mI,SKIN_CLEANING_AGENT,2020-03-31,1585666800
9723,R_31SNC0DcyjBDcq3,PLUG_STOPPER,2020-03-31,1585666800
9724,R_31SNC0DcyjBDcq3,COFFEE,2020-03-31,1585666800
9725,R_31SNC0DcyjBDcq3,ABIS_BOOK,2020-03-31,1585666800
9726,R_32LAHRoBCbjkYZj,HEADPHONES,2020-03-31,1585666800
9727,R_32Mm71oAJq2K9XK,SHIRT,2020-03-31,1585666800
9728,R_32Mm71oAJq2K9XK,HAIR_REMOVAL_AGENT,2020-03-31,1585666800
9729,R_32Mm71oAJq2K9XK,HEADPHONES,2020-03-31,1585666800
9730,R_32Mm71oAJq2K9XK,HEADPHONES,2020-03-31,1585666800
9731,R_333cPUAJRgYXqi1,PHYSICAL_MOVIE,2020-03-31,1585666800
9732,R_333cPUAJRgYXqi1,HEALTH_PERSONAL_CARE,2020-03-31,1585666800
9733,R_333cPUAJRgYXqi1,SAFETY_GLASSES,2020-03-31,1585666800
9734,R_3EF2sOVmTNA4e3u,FOOD_DEHYDRATOR,2020-03-31,1585666800
9735,R_3ElHoNUS8Tyu7RP,UNDERGARMENT_THIGH_SLIMMER,2020-03-31,1585666800
9736,R_3ElHoNUS8Tyu7RP,CONFETTI,2020-03-31,1585666800
9737,R_3ElHoNUS8Tyu7RP,GROCERY,2020-03-31,1585666800
9738,R_3EsC5YHmiHe5s54,HEALTH_PERSONAL_CARE,2020-03-31,1585666800
9739,R_3EsC5YHmiHe5s54,PHYSICAL_MOVIE,2020-03-31,1585666800
9740,R_3FRSHAzxtL6ifms,PET_FOOD,2020-03-31,1585666800
9741,R_3G1gYo1d23Zq8Np,PHYSICAL_MOVIE,2020-03-31,1585666800
9742,R_3G1gYo1d23Zq8Np,CELLULAR_PHONE_CASE,2020-03-31,1585666800
9743,R_3G1gYo1d23Zq8Np,SKIN_MOISTURIZER,2020-03-31,1585666800
9744,R_3GCXgWFPLgXAuFC,HEADPHONES,2020-03-31,1585666800
9745,R_3HAk4tN4hE1Arcm,SKIN_CLEANING_AGENT,2020-03-31,1585666800
9746,R_3HAk4tN4hE1Arcm,SNACK_FOOD_BAR,2020-03-31,1585666800
9747,R_3HgZOjGq4Ny969k,CONSUMER_ELECTRONICS,2020-03-31,1585666800
9748,R_3HgZOjGq4Ny969k,BATTERY,2020-03-31,1585666800
9749,R_3HzRfw5sNEvrFRf,GROCERY,2020-03-31,1585666800
9750,R_3J8UIMbwljBx6df,SHOES,2020-03-31,1585666800
9751,R_3J8UIMbwljBx6df,ELECTRONIC_CABLE,2020-03-31,1585666800
9752,R_3J8UIMbwljBx6df,CELLULAR_PHONE_CASE,2020-03-31,1585666800
9753,R_3J8UIMbwljBx6df,PET_FOOD,2020-03-31,1585666800
9754,R_3J8UIMbwljBx6df,NUT_BUTTER,2020-03-31,1585666800
9755,R_3Jl5q6tZJctgL8B,SNACK_FOOD_BAR,2020-03-31,1585666800
9756,R_3Jl5q6tZJctgL8B,PANTS,2020-03-31,1585666800
9757,R_3Jl5q6tZJctgL8B,BATTERY,2020-03-31,1585666800
9758,R_3Jl5q6tZJctgL8B,HEADPHONES,2020-03-31,1585666800
9759,R_3Jl5q6tZJctgL8B,ELECTRONIC_CABLE,2020-03-31,1585666800
9760,R_3JnjKsPAuFGDhrx,ANIMAL_HARNESS,2020-03-31,1585666800
9761,R_3Jxiicg67etW2yt,MEDICATION,2020-03-31,1585666800
9762,R_3L20DbmNPSMtKUd,HEAT_TRANSFER_MATERIAL,2020-03-31,1585666800
9763,R_3L20DbmNPSMtKUd,AMAZON_TABLET,2020-03-31,1585666800
9764,R_3L20DbmNPSMtKUd,HEADPHONES,2020-03-31,1585666800
9765,R_3L89g4OAN8obu49,SKIN_MOISTURIZER,2020-03-31,1585666800
9766,R_3L89g4OAN8obu49,LINT_REMOVER,2020-03-31,1585666800
9767,R_3L89g4OAN8obu49,SKIN_MOISTURIZER,2020-03-31,1585666800
9768,R_3L89g4OAN8obu49,GOURMET_FOOD,2020-03-31,1585666800
9769,R_3L89g4OAN8obu49,ELECTRONIC_CABLE,2020-03-31,1585666800
9770,R_3L8dgu12mdk2UVH,ABIS_BOOK,2020-03-31,1585666800
9771,R_3L8dgu12mdk2UVH,SHOES,2020-03-31,1585666800
9772,R_3L8dgu12mdk2UVH,NUTRITIONAL_SUPPLEMENT,2020-03-31,1585666800
9773,R_3LXRVZSdJiqH63S,SNACK_FOOD_BAR,2020-03-31,1585666800
9774,R_3LXRVZSdJiqH63S,PANTS,2020-03-31,1585666800
9775,R_3MhBAq6V6XHU9ln,SKIN_CLEANING_AGENT,2020-03-31,1585666800
9776,R_3MhBAq6V6XHU9ln,ABIS_BOOK,2020-03-31,1585666800
9777,R_3MhBAq6V6XHU9ln,PORTABLE_VIDEO_DISC_PLAYER,2020-03-31,1585666800
9778,R_3MhBAq6V6XHU9ln,SNACK_FOOD_BAR,2020-03-31,1585666800
9779,R_3Mli97JX0WeLIos,PET_FOOD,2020-03-31,1585666800
9780,R_3Mli97JX0WeLIos,STRINGED_INSTRUMENTS,2020-03-31,1585666800
9781,R_3QPk8nnI1s8wilh,AUTO_PART,2020-03-31,1585666800
9782,R_3QPk8nnI1s8wilh,SHIRT,2020-03-31,1585666800
9783,R_3RmDOazalOu0F1L,PHYSICAL_VIDEO_GAME_SOFTWARE,2020-03-31,1585666800
9784,R_3RpTNwsri1SSxeL,PET_FOOD,2020-03-31,1585666800
9785,R_3RpTNwsri1SSxeL,ANIMAL_LITTER,2020-03-31,1585666800
9786,R_3RpTNwsri1SSxeL,SKIN_MOISTURIZER,2020-03-31,1585666800
9787,R_3e82J7pYxj5XP7j,CAR_ELECTRONICS,2020-03-31,1585666800
9788,R_3e82J7pYxj5XP7j,SHORTS,2020-03-31,1585666800
9789,R_3ez7TNnB78XtMa7,REMOTE_CONTROL,2020-03-31,1585666800
9790,R_3fJXgeZMDEMzirc,MEDICATION,2020-03-31,1585666800
9791,R_3gTrwWhEzAv6gzH,SUNGLASSES,2020-03-31,1585666800
9792,R_3gTrwWhEzAv6gzH,SKIN_MOISTURIZER,2020-03-31,1585666800
9793,R_3lt1ZPBv09u1seD,ELECTRICAL_HOUSING,2020-03-31,1585666800
9794,R_3lt1ZPBv09u1seD,COUNTERTOP_BURNER,2020-03-31,1585666800
9795,R_3n5zOvmozURNzXz,SHOES,2020-03-31,1585666800
9796,R_3n5zOvmozURNzXz,ELECTRONIC_CABLE,2020-03-31,1585666800
9797,R_3n5zOvmozURNzXz,CELLULAR_PHONE_CASE,2020-03-31,1585666800
9798,R_3nA7SneXu81knN1,GARLIC_PRESS,2020-03-31,1585666800
9799,R_3nA7SneXu81knN1,SNACK_FOOD_BAR,2020-03-31,1585666800
9800,R_3nA7SneXu81knN1,BICYCLE_DERAILLEUR,2020-03-31,1585666800
9801,R_3nH1Odp9Yjm86gN,VITAMIN,2020-03-31,1585666800
9802,R_3nqGVGe1oo00hRC,HEALTH_PERSONAL_CARE,2020-03-31,1585666800
9803,R_3oO3DoeTgXHrEzx,VACUUM_CLEANER_BAG,2020-03-31,1585666800
9804,R_3rZHdmB75jSgwhr,MEDICATION,2020-03-31,1585666800
9805,R_3rZHdmB75jSgwhr,BATTERY,2020-03-31,1585666800
9806,R_3rZHdmB75jSgwhr,BATTERY,2020-03-31,1585666800
9807,R_3rZHdmB75jSgwhr,PET_FOOD,2020-03-31,1585666800
9808,R_4HmF6WnGLnnWuLD,PET_FOOD,2020-03-31,1585666800
9809,R_4HmF6WnGLnnWuLD,TOYS_AND_GAMES,2020-03-31,1585666800
9810,R_4PhRzF4UI9ooLh7,PET_FOOD,2020-03-31,1585666800
9811,R_4TMdmQ1SjGtT6Ex,CELLULAR_PHONE_CASE,2020-03-31,1585666800
9812,R_4TMdmQ1SjGtT6Ex,BATTERY,2020-03-31,1585666800
9813,R_4TMdmQ1SjGtT6Ex,PHYSICAL_MOVIE,2020-03-31,1585666800
9814,R_4TMdmQ1SjGtT6Ex,COOKING_CONTAINER,2020-03-31,1585666800
9815,R_4TMdmQ1SjGtT6Ex,BONDING_ADHESIVES,2020-03-31,1585666800
9816,R_4TMdmQ1SjGtT6Ex,NUTRITIONAL_SUPPLEMENT,2020-03-31,1585666800
9817,R_4TMdmQ1SjGtT6Ex,ABIS_BOOK,2020-03-31,1585666800
9818,R_4TMdmQ1SjGtT6Ex,PORTABLE_ELECTRONIC_DEVICE_MOUNT,2020-03-31,1585666800
9819,R_6lnssfnXksO2ntf,SKIN_MOISTURIZER,2020-03-31,1585666800
9820,R_6lnssfnXksO2ntf,SHOES,2020-03-31,1585666800
9821,R_6m1QCIXstgjIo4p,PHYSICAL_MOVIE,2020-03-31,1585666800
9822,R_8CXcySQawXPuJwJ,CELLULAR_PHONE_CASE,2020-03-31,1585666800
9823,R_8CXcySQawXPuJwJ,SHIRT,2020-03-31,1585666800
9824,R_8CXcySQawXPuJwJ,GROCERY,2020-03-31,1585666800
9825,R_8CXcySQawXPuJwJ,VITAMIN,2020-03-31,1585666800
9826,R_8CXcySQawXPuJwJ,PHONE_ACCESSORY,2020-03-31,1585666800
9827,R_8CXcySQawXPuJwJ,SKIN_CLEANING_AGENT,2020-03-31,1585666800
9828,R_8CXcySQawXPuJwJ,SKIN_CLEANING_WIPE,2020-03-31,1585666800
9829,R_8CXcySQawXPuJwJ,PROTECTIVE_GLOVE,2020-03-31,1585666800
9830,R_8CXcySQawXPuJwJ,SKIN_CLEANING_AGENT,2020-03-31,1585666800
9831,R_8CXcySQawXPuJwJ,VITAMIN,2020-03-31,1585666800
9832,R_8CXcySQawXPuJwJ,CELLULAR_PHONE_CASE,2020-03-31,1585666800
9833,R_8CXcySQawXPuJwJ,SOIL_TILLER_CULTIVATOR,2020-03-31,1585666800
9834,R_8CXcySQawXPuJwJ,ABIS_BOOK,2020-03-31,1585666800
9835,R_8CXcySQawXPuJwJ,PANTS,2020-03-31,1585666800
9836,R_8CXcySQawXPuJwJ,MEDICATION,2020-03-31,1585666800
9837,R_AKBlDprDMrv4M7v,GROCERY,2020-03-31,1585666800
9838,R_AM0OvM0F9kBvqal,SNACK_FOOD_BAR,2020-03-31,1585666800
9839,R_AM0OvM0F9kBvqal,VITAMIN,2020-03-31,1585666800
9840,R_AM0OvM0F9kBvqal,ELECTRONIC_CABLE,2020-03-31,1585666800
9841,R_Odixb15Ykmxb0Dn,PHONE_ACCESSORY,2020-03-31,1585666800
9842,R_PwlnzzccUMXV0n7,HEALTH_PERSONAL_CARE,2020-03-31,1585666800
9843,R_RPudbSO1mm9KZSp,PLANTER,2020-03-31,1585666800
9844,R_RlYyUhsDFvyGwX7,ELECTRONIC_CABLE,2020-03-31,1585666800
9845,R_ThgquWaLDQWLCcp,AUTO_BATTERY,2020-03-31,1585666800
9846,R_ThgquWaLDQWLCcp,NUTRITIONAL_SUPPLEMENT,2020-03-31,1585666800
9847,R_XsIUODlniv0lMu5,EDIBLE_OIL_VEGETABLE,2020-03-31,1585666800
9848,R_XsIUODlniv0lMu5,BICYCLE_DERAILLEUR,2020-03-31,1585666800
9849,R_XwiCirQyfwJzVtv,BOOK,2020-03-31,1585666800
9850,R_Y4jCkfTFzvtw5SF,BATTERY,2020-03-31,1585666800
9851,R_YS4MPsfM1Neg0RH,HEADPHONES,2020-03-31,1585666800
9852,R_YS4MPsfM1Neg0RH,PHYSICAL_MOVIE,2020-03-31,1585666800
9853,R_YS4MPsfM1Neg0RH,GUITARS,2020-03-31,1585666800
9854,R_ZkokwdIEZybYo9z,SNACK_CHIP_AND_CRISP,2020-03-31,1585666800
9855,R_ZkokwdIEZybYo9z,SHOES,2020-03-31,1585666800
9856,R_ZkokwdIEZybYo9z,BATTERY,2020-03-31,1585666800
9857,R_ZkokwdIEZybYo9z,SPEAKERS,2020-03-31,1585666800
9858,R_Zwn68Xfx8lenBER,HEADPHONES,2020-03-31,1585666800
9859,R_b3dSUlk76L0C6TD,SNACK_FOOD_BAR,2020-03-31,1585666800
9860,R_b8UnkZJoU93ZxEB,SKIN_MOISTURIZER,2020-03-31,1585666800
9861,R_br5a8OxAqrKRxQd,CANDY,2020-03-31,1585666800
9862,R_br5a8OxAqrKRxQd,DRINKING_CUP,2020-03-31,1585666800
9863,R_cAcAtozIWnZIbGp,HEADPHONES,2020-03-31,1585666800
9864,R_cAcAtozIWnZIbGp,TOYS_AND_GAMES,2020-03-31,1585666800
9865,R_czHyAR1xMvT2FbP,SKIN_MOISTURIZER,2020-03-31,1585666800
9866,R_d5O7dqvA1EWCrPb,EXERCISE_STEP_PLATFORM,2020-03-31,1585666800
9867,R_eOMCliqYqUD4oOR,PET_FOOD,2020-03-31,1585666800
9868,R_eOMCliqYqUD4oOR,VITAMIN,2020-03-31,1585666800
9869,R_eOMCliqYqUD4oOR,BEVERAGE_INSULATOR,2020-03-31,1585666800
9870,R_eOMCliqYqUD4oOR,PUZZLES,2020-03-31,1585666800
9871,R_eOMCliqYqUD4oOR,SHIRT,2020-03-31,1585666800
9872,R_ebblotCCh8G6Ddf,ABIS_DVD,2020-03-31,1585666800
9873,R_ebblotCCh8G6Ddf,SECURITY_CAMERA,2020-03-31,1585666800
9874,R_r1qqClBL89aFjXP,TOYS_AND_GAMES,2020-03-31,1585666800
9875,R_sGohXmtT8TjLibT,STICKER_DECAL,2020-03-31,1585666800
9876,R_sGohXmtT8TjLibT,SKIN_MOISTURIZER,2020-03-31,1585666800
9877,R_sGohXmtT8TjLibT,HEALTH_PERSONAL_CARE,2020-03-31,1585666800
9878,R_sRSLCxzK04aJvhL,HEALTH_PERSONAL_CARE,2020-03-31,1585666800
9879,R_uqbcSq7y153jKmZ,HEADPHONES,2020-03-31,1585666800
9880,R_uqbcSq7y153jKmZ,HEALTH_PERSONAL_CARE,2020-03-31,1585666800
9881,R_uqbcSq7y153jKmZ,TOYS_AND_GAMES,2020-03-31,1585666800
9882,R_yPgyGUixTuXuX5v,NUTRITIONAL_SUPPLEMENT,2020-03-31,1585666800
9883,R_yPgyGUixTuXuX5v,SKIN_MOISTURIZER,2020-03-31,1585666800
9884,R_yPgyGUixTuXuX5v,NUTRITIONAL_SUPPLEMENT,2020-03-31,1585666800
